<?xml version="1.0" encoding="UTF-8"?>
<rootTag>
<Award>
<AwardTitle>Studies in Commutative Algebra and Algebraic Geometry</AwardTitle>
<AGENCY>NSF</AGENCY>
<AwardEffectiveDate>07/01/2022</AwardEffectiveDate>
<AwardExpirationDate>06/30/2027</AwardExpirationDate>
<AwardTotalIntnAmount>640000.00</AwardTotalIntnAmount>
<AwardAmount>121332</AwardAmount>
<AwardInstrument>
<Value>Continuing Grant</Value>
</AwardInstrument>
<Organization>
<Code>03040000</Code>
<Directorate>
<Abbreviation>MPS</Abbreviation>
<LongName>Direct For Mathematical &amp; Physical Scien</LongName>
</Directorate>
<Division>
<Abbreviation>DMS</Abbreviation>
<LongName>Division Of Mathematical Sciences</LongName>
</Division>
</Organization>
<ProgramOfficer>
<SignBlockName>Sandra Spiroff</SignBlockName>
<PO_EMAI>sspiroff@nsf.gov</PO_EMAI>
<PO_PHON>7032928069</PO_PHON>
</ProgramOfficer>
<AbstractNarration>Algebraic geometry studies solutions of families of polynomial equations.  One can study the solution set geometrically, using higher dimensional analogues of the graph of an equation, or algebraically, by investigating the behavior of functions on the geometric solution set that form what is called a commutative ring. This provides a valuable dual perspective.  The project will yield a deeper understanding of central, fundamental notions in this area, several of which have been used recently to make progress on long-standing conjectures.  The results will give both quantitative and qualitative information about the nature of the solution sets of equations and are expected to lead to significant progress on a number of long-standing questions. The project is multi-faceted and will provide many opportunities for collaboration with graduate students and postdoctoral faculty that will foster their growth as researchers. Some portions of the project will be suitable for training undergraduates to do research.&lt;br/&gt;&lt;br/&gt;The project will explore applications of the strength of a polynomial.  This notion of strength was recently introduced by the PI, in joint work with a collaborator, and proved to be a critical element in their proof of Stillman's conjecture. The project will use polynomial strength to answer several remaining questions, for example, about obtaining bounds for primary decomposition--independent of the number of variables--that are as sharp as possible.  Another direction is to use ideas from perfectoid geometry to construct a tight closure theory, valid in all characteristics, that has both persistence and a satisfactory theory of test elements.  Perfectoid techniques have already led to a great deal of progress in this area. The PI will also continue to work on the theory of lim Cohen-Macaulay modules, aimed at resolving a long-standing conjecture about the behavior of intersection multiplicities. Other directions include the study of: finiteness of minimal primes of local cohomology modules; filtration theorems for local cohomology that can be used to investigate strongly F-regular rings; a long-standing conjecture of Eisenbud, Green, and Harris on the behavior of Hilbert functions of ideals in polynomial rings; and the uniform comparison of ordinary and symbolic powers of ideals.&lt;br/&gt;&lt;br/&gt;This award reflects NSF's statutory mission and has been deemed worthy of support through evaluation using the Foundation's intellectual merit and broader impacts review criteria.</AbstractNarration>
<MinAmdLetterDate>04/04/2022</MinAmdLetterDate>
<MaxAmdLetterDate>04/04/2022</MaxAmdLetterDate>
<ARRAAmount/>
<TRAN_TYPE>Grant</TRAN_TYPE>
<CFDA_NUM>47.049</CFDA_NUM>
<NSF_PAR_USE_FLAG>1</NSF_PAR_USE_FLAG>
<FUND_AGCY_CODE>4900</FUND_AGCY_CODE>
<AWDG_AGCY_CODE>4900</AWDG_AGCY_CODE>
<AwardID>2200501</AwardID>
<Investigator>
<FirstName>Melvin</FirstName>
<LastName>Hochster</LastName>
<PI_MID_INIT/>
<PI_SUFX_NAME/>
<PI_FULL_NAME>Melvin Hochster</PI_FULL_NAME>
<EmailAddress>hochster@umich.edu</EmailAddress>
<PI_PHON>7347644924</PI_PHON>
<NSF_ID>000094767</NSF_ID>
<StartDate>04/04/2022</StartDate>
<EndDate/>
<RoleCode>Principal Investigator</RoleCode>
</Investigator>
<Institution>
<Name>Regents of the University of Michigan - Ann Arbor</Name>
<CityName>ANN ARBOR</CityName>
<ZipCode>481091340</ZipCode>
<PhoneNumber>7347636438</PhoneNumber>
<StreetAddress>503 THOMPSON ST</StreetAddress>
<StreetAddress2/>
<CountryName>United States</CountryName>
<StateName>Michigan</StateName>
<StateCode>MI</StateCode>
<CONGRESSDISTRICT>12</CONGRESSDISTRICT>
<CONGRESS_DISTRICT_ORG>MI12</CONGRESS_DISTRICT_ORG>
<ORG_UEI_NUM>GNJ7BBP73WE9</ORG_UEI_NUM>
<ORG_LGL_BUS_NAME>REGENTS OF THE UNIVERSITY OF MICHIGAN</ORG_LGL_BUS_NAME>
<ORG_PRNT_UEI_NUM>GNJ7BBP73WE9</ORG_PRNT_UEI_NUM>
</Institution>
<Performance_Institution>
<Name><![CDATA[Regents of the University of Michigan - Ann Arbor]]></Name>
<CityName>Ann Arbor</CityName>
<StateCode>MI</StateCode>
<ZipCode>481091274</ZipCode>
<StreetAddress><![CDATA[3003 South State St.]]></StreetAddress>
<CountryCode>US</CountryCode>
<CountryName>United States</CountryName>
<StateName>Michigan</StateName>
<CountryFlag>1</CountryFlag>
<CONGRESSDISTRICT>12</CONGRESSDISTRICT>
<CONGRESS_DISTRICT_PERF>MI12</CONGRESS_DISTRICT_PERF>
</Performance_Institution>
<ProgramElement>
<Code>1264</Code>
<Text>ALGEBRA,NUMBER THEORY,AND COM</Text>
</ProgramElement>
<FUND_OBLG>2022~121332</FUND_OBLG>
</Award>
</rootTag>
