<?xml version="1.0" encoding="UTF-8"?>
<rootTag>
<Award>
<AwardTitle><![CDATA[How multi-digit number names guide attention, memory, and place value learning en early elementary mathematics]]></AwardTitle>
<AGENCY>NSF</AGENCY>
<AwardEffectiveDate>07/01/2022</AwardEffectiveDate>
<AwardExpirationDate>06/30/2025</AwardExpirationDate>
<AwardTotalIntnAmount>468630.00</AwardTotalIntnAmount>
<AwardAmount>468630</AwardAmount>
<AwardInstrument>
<Value>Standard Grant</Value>
</AwardInstrument>
<Organization>
<Code>11090000</Code>
<Directorate>
<Abbreviation>EHR</Abbreviation>
<LongName>Direct For Education and Human Resources</LongName>
</Directorate>
<Division>
<Abbreviation>DRL</Abbreviation>
<LongName>Division Of Research On Learning</LongName>
</Division>
</Organization>
<ProgramOfficer>
<SignBlockName>Margret Hjalmarson</SignBlockName>
<PO_EMAI>mhjalmar@nsf.gov</PO_EMAI>
<PO_PHON>7032925186</PO_PHON>
</ProgramOfficer>
<AbstractNarration><![CDATA[Learning numbers involves coordinating between number symbols, number names, ordering of digits, and the quantities they represent. Coordinating these ideas to understand the place value system in mathematics is a common challenge for students learning number in early elementary grades. It is a step on the way to learning number and operations topics in later mathematics, but also builds upon earlier knowledge of numbers. This project seeks to understand how children learn about place value by studying different representations of multi-digit numbers (written number symbols, heard number names) and how prior knowledge of number influences children’s’ learning. Knowing more about multi-digit number learning will help to create teaching and curriculum resources that better support children’s learning. The Discovery Research preK-12 program (DRK-12) seeks to significantly enhance the learning and teaching of science, technology, engineering and mathematics (STEM) by preK-12 students and teachers, through research and development of innovative resources, models and tools. Projects in the DRK-12 program build on fundamental research in STEM education and prior research and development efforts that provide theoretical and empirical justification for proposed projects.  &lt;br/&gt;&lt;br/&gt;The exploratory project investigates the relationship between knowing multi-digit number names, written number symbols, and students’ prior knowledge of place value.  The project uses a series of experiments to study how early rudimentary understanding of multi-digit number symbols leads to differential in-the-moment gaze patterns during place value instruction. The project seeks to connect students’ learning to instructional practice and prior knowledge. Three experimental studies will be conducted with kindergartners using eye-tracking, measures of students’ knowledge and different instructional practices for representing multi-digit numbers. The findings should inform how multi-digit numbers could be described by teachers and how to best present them to students.&lt;br/&gt;&lt;br/&gt;This award reflects NSF's statutory mission and has been deemed worthy of support through evaluation using the Foundation's intellectual merit and broader impacts review criteria.]]></AbstractNarration>
<MinAmdLetterDate>06/16/2022</MinAmdLetterDate>
<MaxAmdLetterDate>06/16/2022</MaxAmdLetterDate>
<ARRAAmount/>
<TRAN_TYPE>Grant</TRAN_TYPE>
<CFDA_NUM>47.076</CFDA_NUM>
<NSF_PAR_USE_FLAG>1</NSF_PAR_USE_FLAG>
<FUND_AGCY_CODE>4900</FUND_AGCY_CODE>
<AWDG_AGCY_CODE>4900</AWDG_AGCY_CODE>
<AwardID>2200781</AwardID>
<Investigator>
<FirstName>Lei</FirstName>
<LastName>Yuan</LastName>
<PI_MID_INIT/>
<PI_SUFX_NAME/>
<PI_FULL_NAME>Lei Yuan</PI_FULL_NAME>
<EmailAddress><![CDATA[lei.yuan@colorado.edu]]></EmailAddress>
<NSF_ID>000838547</NSF_ID>
<StartDate>06/16/2022</StartDate>
<EndDate/>
<RoleCode>Principal Investigator</RoleCode>
</Investigator>
<Institution>
<Name>University of Colorado at Boulder</Name>
<CityName>BOULDER</CityName>
<ZipCode>803090001</ZipCode>
<PhoneNumber>3034926221</PhoneNumber>
<StreetAddress>3100 MARINE ST STE 481 572 UCB</StreetAddress>
<StreetAddress2/>
<CountryName>United States</CountryName>
<StateName>Colorado</StateName>
<StateCode>CO</StateCode>
<CONGRESSDISTRICT>02</CONGRESSDISTRICT>
<CONGRESS_DISTRICT_ORG>CO02</CONGRESS_DISTRICT_ORG>
<ORG_UEI_NUM>SPVKK1RC2MZ3</ORG_UEI_NUM>
<ORG_LGL_BUS_NAME>REGENTS OF THE UNIVERSITY OF COLORADO, THE</ORG_LGL_BUS_NAME>
<ORG_PRNT_UEI_NUM>SPVKK1RC2MZ3</ORG_PRNT_UEI_NUM>
</Institution>
<Performance_Institution>
<Name><![CDATA[University of Colorado at Boulder]]></Name>
<CityName>Boulder</CityName>
<StateCode>CO</StateCode>
<ZipCode>803031058</ZipCode>
<StreetAddress><![CDATA[Muenzinger D244]]></StreetAddress>
<CountryCode>US</CountryCode>
<CountryName>United States</CountryName>
<StateName>Colorado</StateName>
<CountryFlag>1</CountryFlag>
<CONGRESSDISTRICT>02</CONGRESSDISTRICT>
<CONGRESS_DISTRICT_PERF>CO02</CONGRESS_DISTRICT_PERF>
</Performance_Institution>
<ProgramElement>
<Code>7645</Code>
<Text>Discovery Research K-12</Text>
</ProgramElement>
<FUND_OBLG>2022~468630</FUND_OBLG>
</Award>
</rootTag>
