<?xml version="1.0" encoding="UTF-8"?>
<rootTag>
<Award>
<AwardTitle><![CDATA[PIPP Phase I: Comprehensive, Integrated, Intelligent System for Early and Accurate Pandemic Prediction, Prevention, and Preparation at Personal and Population Levels]]></AwardTitle>
<AGENCY>NSF</AGENCY>
<AwardEffectiveDate>07/15/2022</AwardEffectiveDate>
<AwardExpirationDate>12/31/2023</AwardExpirationDate>
<AwardTotalIntnAmount>999995.00</AwardTotalIntnAmount>
<AwardAmount>999995</AwardAmount>
<AwardInstrument>
<Value>Standard Grant</Value>
</AwardInstrument>
<Organization>
<Code>05010000</Code>
<Directorate>
<Abbreviation>CSE</Abbreviation>
<LongName>Direct For Computer &amp; Info Scie &amp; Enginr</LongName>
</Directorate>
<Division>
<Abbreviation>CCF</Abbreviation>
<LongName>Division of Computing and Communication Foundations</LongName>
</Division>
</Organization>
<ProgramOfficer>
<SignBlockName>Mitra Basu</SignBlockName>
<PO_EMAI>mbasu@nsf.gov</PO_EMAI>
<PO_PHON>7032928649</PO_PHON>
</ProgramOfficer>
<AbstractNarration><![CDATA[The COVID-19 pandemic demonstrates that our country desperately needs a next generation public health system that can quickly adapt to, and learn from an expected or not-expected public health crisis. By taking advantage of recent advances in artificial intelligence (AI), such a system shall be able to predict, detect, and respond to rapidly evolving emergent public health crises, and resume its prior performance level rapidly in a sustainable and scalable way. Towards that goal, this project aims to tackle the grand challenge of sociotechnical design of nation-wide digital infrastructure for pandemic prediction and prevention, which is built on the foundation of privacy and inclusiveness. A multi-disciplinary team of researchers from multiple institutions will lead a broad range of fundamental and integrated research projects that incorporate both micro-level granular data and population-level data to tackle the grand challenge from different aspects. A set of activities, including meetings, workshops, and seminars, have been carefully planned to create an effective research team, to engage diverse and inclusive stakeholders (e.g., public health departments, health care/hospital systems, industrial/private sectors, and geographically and ethnically diverse community stakeholders), and to educate and train next generation researchers to conduct team science.&lt;br/&gt;&lt;br/&gt;In order to develop a digital, autonomous, and distributed infrastructure that is also privacy preserving, the team will focus on the architecture for data storage and collection, as well as privacy enablers for data sharing. The data collection infrastructure and privacy enabler technologies will (i) carefully balance data utility and privacy; (ii) balance vulnerability for known privacy risks and institutional needs to protect sensitive data; and (iii) allow individuals (data donors) to have full control over their data and to give informed consent while sharing their data in different ways with different data collectors (researchers). In addition, the team will develop a set of highly integrated research projects that work coordinately and intelligently for pandemic prevention that also broaden participation and inclusion. The projects include (i) early detection using wearable devices in combination with population level social, economic, cultural and environmental indicators; (ii) mathematical modeling of pathogen transmission, hotspot prediction based on spatio-temporal analysis, and mitigation; (iii) multi-level and multi-faceted surveillance; and (iv) technological preparation for new diseases based on drug repositioning. The two aims are complementary to each other and work synergistically to achieve the ultimate goal of early and accurate pandemic prediction, prevention, and preparation at personal and population levels that will also ensure privacy and inclusion.&lt;br/&gt;&lt;br/&gt;This award is supported by the cross-directorate Predictive Intelligence for Pandemic Prevention Phase I (PIPP) program, which is jointly funded by the Directorates for Biological Sciences (BIO), Computer Information Science and Engineering (CISE), Engineering (ENG) and Social, Behavioral and Economic Sciences (SBE).&lt;br/&gt;&lt;br/&gt;This award reflects NSF's statutory mission and has been deemed worthy of support through evaluation using the Foundation's intellectual merit and broader impacts review criteria.]]></AbstractNarration>
<MinAmdLetterDate>06/29/2022</MinAmdLetterDate>
<MaxAmdLetterDate>06/29/2022</MaxAmdLetterDate>
<ARRAAmount/>
<TRAN_TYPE>Grant</TRAN_TYPE>
<CFDA_NUM>47.070</CFDA_NUM>
<NSF_PAR_USE_FLAG>1</NSF_PAR_USE_FLAG>
<FUND_AGCY_CODE>4900</FUND_AGCY_CODE>
<AWDG_AGCY_CODE>4900</AWDG_AGCY_CODE>
<AwardID>2200255</AwardID>
<Investigator>
<FirstName>David</FirstName>
<LastName>Gurarie</LastName>
<PI_MID_INIT/>
<PI_SUFX_NAME/>
<PI_FULL_NAME>David Gurarie</PI_FULL_NAME>
<EmailAddress><![CDATA[david.gurarie@case.edu]]></EmailAddress>
<NSF_ID>000460796</NSF_ID>
<StartDate>06/29/2022</StartDate>
<EndDate/>
<RoleCode>Co-Principal Investigator</RoleCode>
</Investigator>
<Investigator>
<FirstName>Jing</FirstName>
<LastName>Li</LastName>
<PI_MID_INIT/>
<PI_SUFX_NAME/>
<PI_FULL_NAME>Jing Li</PI_FULL_NAME>
<EmailAddress><![CDATA[jingli@case.edu]]></EmailAddress>
<NSF_ID>000403446</NSF_ID>
<StartDate>06/29/2022</StartDate>
<EndDate/>
<RoleCode>Principal Investigator</RoleCode>
</Investigator>
<Investigator>
<FirstName>Sharona</FirstName>
<LastName>Hoffman</LastName>
<PI_MID_INIT/>
<PI_SUFX_NAME/>
<PI_FULL_NAME>Sharona Hoffman</PI_FULL_NAME>
<EmailAddress><![CDATA[sharona.hoffman@case.edu]]></EmailAddress>
<NSF_ID>000525423</NSF_ID>
<StartDate>06/29/2022</StartDate>
<EndDate/>
<RoleCode>Co-Principal Investigator</RoleCode>
</Investigator>
<Investigator>
<FirstName>Erman</FirstName>
<LastName>Ayday</LastName>
<PI_MID_INIT/>
<PI_SUFX_NAME/>
<PI_FULL_NAME>Erman Ayday</PI_FULL_NAME>
<EmailAddress><![CDATA[exa208@case.edu]]></EmailAddress>
<NSF_ID>000789418</NSF_ID>
<StartDate>06/29/2022</StartDate>
<EndDate/>
<RoleCode>Co-Principal Investigator</RoleCode>
</Investigator>
<Investigator>
<FirstName>Xiao</FirstName>
<LastName>Li</LastName>
<PI_MID_INIT/>
<PI_SUFX_NAME/>
<PI_FULL_NAME>Xiao Li</PI_FULL_NAME>
<EmailAddress><![CDATA[xiao.li9@case.edu]]></EmailAddress>
<NSF_ID>000817211</NSF_ID>
<StartDate>06/29/2022</StartDate>
<EndDate/>
<RoleCode>Co-Principal Investigator</RoleCode>
</Investigator>
<Institution>
<Name>Case Western Reserve University</Name>
<CityName>CLEVELAND</CityName>
<ZipCode>441061712</ZipCode>
<PhoneNumber>2163684510</PhoneNumber>
<StreetAddress>10900 EUCLID AVE</StreetAddress>
<StreetAddress2/>
<CountryName>United States</CountryName>
<StateName>Ohio</StateName>
<StateCode>OH</StateCode>
<CONGRESSDISTRICT>11</CONGRESSDISTRICT>
<CONGRESS_DISTRICT_ORG>OH11</CONGRESS_DISTRICT_ORG>
<ORG_UEI_NUM>HJMKEF7EJW69</ORG_UEI_NUM>
<ORG_LGL_BUS_NAME>CASE WESTERN RESERVE UNIVERSITY</ORG_LGL_BUS_NAME>
<ORG_PRNT_UEI_NUM>HJMKEF7EJW69</ORG_PRNT_UEI_NUM>
</Institution>
<Performance_Institution>
<Name><![CDATA[Case Western Reserve University]]></Name>
<CityName>CLEVELAND</CityName>
<StateCode>OH</StateCode>
<ZipCode>441064901</ZipCode>
<StreetAddress><![CDATA[Nord Hall, Suite 615]]></StreetAddress>
<CountryCode>US</CountryCode>
<CountryName>United States</CountryName>
<StateName>Ohio</StateName>
<CountryFlag>1</CountryFlag>
<CONGRESSDISTRICT>11</CONGRESSDISTRICT>
<CONGRESS_DISTRICT_PERF>OH11</CONGRESS_DISTRICT_PERF>
</Performance_Institution>
<ProgramElement>
<Code>177Y</Code>
<Text>PIPP-Pandemic Prevention</Text>
</ProgramElement>
<ProgramReference>
<Code>103Z</Code>
<Text>PIPP-Pandemic Prevention</Text>
</ProgramReference>
<Appropriation>
<Code/>
<Name/>
<APP_SYMB_ID/>
</Appropriation>
<Fund>
<Code>01002223DB</Code>
<Name><![CDATA[NSF RESEARCH & RELATED ACTIVIT]]></Name>
<FUND_SYMB_ID>040100</FUND_SYMB_ID>
</Fund>
<FUND_OBLG>2022~999995</FUND_OBLG>
</Award>
</rootTag>
