<?xml version="1.0" encoding="UTF-8"?>
<rootTag>
<Award>
<AwardTitle><![CDATA[Excellence in Research: A Computational Study of the Gas-Phase Reactions of Simple Epoxides and their Radicals]]></AwardTitle>
<AGENCY>NSF</AGENCY>
<AwardEffectiveDate>06/15/2022</AwardEffectiveDate>
<AwardExpirationDate>05/31/2025</AwardExpirationDate>
<AwardTotalIntnAmount>308849.00</AwardTotalIntnAmount>
<AwardAmount>308849</AwardAmount>
<AwardInstrument>
<Value>Standard Grant</Value>
</AwardInstrument>
<Organization>
<Code>03090000</Code>
<Directorate>
<Abbreviation>MPS</Abbreviation>
<LongName>Direct For Mathematical &amp; Physical Scien</LongName>
</Directorate>
<Division>
<Abbreviation>CHE</Abbreviation>
<LongName>Division Of Chemistry</LongName>
</Division>
</Organization>
<ProgramOfficer>
<SignBlockName>Richard Johnson</SignBlockName>
<PO_EMAI>ricjohns@nsf.gov</PO_EMAI>
<PO_PHON>7032928840</PO_PHON>
</ProgramOfficer>
<AbstractNarration><![CDATA[With this award, the Chemical Structure, Dynamics, and Mechanisms-B program is supporting Professor Kathleen Morgan and her students at Xavier University of Louisiana to study the chemistry of epoxides,  a type of volatile organic compound which is commonly found in the atmosphere. Increasingly, citizens are recognizing the potential dangers of industrial plants that produce and store hazardous chemicals, and one major concern is the release of volatile organic compounds (VOC) into the air they breathe. This study is concerned with the 'epoxide' class of compounds. Ethylene oxide and propene oxide are common commodity chemicals of the epoxide family with a variety of important commercial purposes but they are also carcinogenic. Understanding the fate of these and related VOC in the atmosphere, through knowledge of likely decomposition mechanisms and rates, is critical. The proposed computational modeling study seeks to extend our understanding of the degradation reactions, and has the potential to suggest new reactions that can remediate pollutants. The study is designed for full participation by undergraduate research students from Xavier University of Louisiana, a primarily undergraduate and Historically Black College or University (HBCU), where the majority of students are African American women, and science majors. The computational analyses provide excellent training experiences for undergraduates that will prepare them for graduate studies and careers in STEM (science, technology, engineering and mathematics) fields. This study will also enable students to connect basic science research to the real-world problems that underlie this project. &lt;br/&gt;&lt;br/&gt;The proposed computational study is concerned with gas-phase radical reactions of simple epoxides. Epoxides of interest include ethylene oxide, propene oxide, cis- and trans-2-butene oxide, 2-methylpropene oxide, and epifluorohydrin. Three types of calculations, using commercially-available software, will be considered to explore the influence of substituents on epoxide reactivity: (1) epoxide bond dissociation energies; (2) degradation of parent epoxides and/or their radical counterparts; and (3) addition reactions of hydroxyl radical and other radical species to epoxides. Together, these calculations will provide insight into the behavior of epoxides in the gas phase, and the effects of substituents on epoxide reactivity and decomposition products.  Through this project, the detailed training program for undergraduate minority students is expected to make an important contribution to the development of a diverse workforce for the nation.&lt;br/&gt;&lt;br/&gt;This award reflects NSF's statutory mission and has been deemed worthy of support through evaluation using the Foundation's intellectual merit and broader impacts review criteria.]]></AbstractNarration>
<MinAmdLetterDate>06/06/2022</MinAmdLetterDate>
<MaxAmdLetterDate>06/06/2022</MaxAmdLetterDate>
<ARRAAmount/>
<TRAN_TYPE>Grant</TRAN_TYPE>
<CFDA_NUM>47.083</CFDA_NUM>
<NSF_PAR_USE_FLAG>1</NSF_PAR_USE_FLAG>
<FUND_AGCY_CODE>4900</FUND_AGCY_CODE>
<AWDG_AGCY_CODE>4900</AWDG_AGCY_CODE>
<AwardID>2200420</AwardID>
<Investigator>
<FirstName>Kathleen</FirstName>
<LastName>Morgan</LastName>
<PI_MID_INIT>M</PI_MID_INIT>
<PI_SUFX_NAME/>
<PI_FULL_NAME>Kathleen M Morgan</PI_FULL_NAME>
<EmailAddress><![CDATA[kmmorgan@xula.edu]]></EmailAddress>
<NSF_ID>000192985</NSF_ID>
<StartDate>06/06/2022</StartDate>
<EndDate/>
<RoleCode>Principal Investigator</RoleCode>
</Investigator>
<Institution>
<Name>Xavier University of Louisiana</Name>
<CityName>NEW ORLEANS</CityName>
<ZipCode>701251098</ZipCode>
<PhoneNumber>5045205440</PhoneNumber>
<StreetAddress>1 DREXEL DR</StreetAddress>
<StreetAddress2/>
<CountryName>United States</CountryName>
<StateName>Louisiana</StateName>
<StateCode>LA</StateCode>
<CONGRESSDISTRICT>02</CONGRESSDISTRICT>
<CONGRESS_DISTRICT_ORG>LA02</CONGRESS_DISTRICT_ORG>
<ORG_UEI_NUM>HGAAKCE3A7P7</ORG_UEI_NUM>
<ORG_LGL_BUS_NAME>XAVIER UNIVERSITY OF LOUISIANA</ORG_LGL_BUS_NAME>
<ORG_PRNT_UEI_NUM>HGAAKCE3A7P7</ORG_PRNT_UEI_NUM>
</Institution>
<Performance_Institution>
<Name><![CDATA[Xavier University of Louisiana]]></Name>
<CityName>New Orleans</CityName>
<StateCode>LA</StateCode>
<ZipCode>701251098</ZipCode>
<StreetAddress><![CDATA[1 Drexel Drive]]></StreetAddress>
<CountryCode>US</CountryCode>
<CountryName>United States</CountryName>
<StateName>Louisiana</StateName>
<CountryFlag>1</CountryFlag>
<CONGRESSDISTRICT>02</CONGRESSDISTRICT>
<CONGRESS_DISTRICT_PERF>LA02</CONGRESS_DISTRICT_PERF>
</Performance_Institution>
<ProgramElement>
<Code>070Y</Code>
<Text>HBCU-EiR - HBCU-Excellence in</Text>
</ProgramElement>
<ProgramReference>
<Code>9150</Code>
<Text>EXP PROG TO STIM COMP RES</Text>
</ProgramReference>
<ProgramReference>
<Code>9263</Code>
<Text>COMPUTATIONAL SCIENCE &amp; ENGING</Text>
</ProgramReference>
<FUND_OBLG>2022~308849</FUND_OBLG>
</Award>
</rootTag>
