<?xml version="1.0" encoding="UTF-8"?>
<rootTag>
<Award>
<AwardTitle><![CDATA[Large Database to Explore Rise of Social Complexity]]></AwardTitle>
<AGENCY>NSF</AGENCY>
<AwardEffectiveDate>08/01/2022</AwardEffectiveDate>
<AwardExpirationDate>07/31/2024</AwardExpirationDate>
<AwardTotalIntnAmount>89825.00</AwardTotalIntnAmount>
<AwardAmount>89825</AwardAmount>
<AwardInstrument>
<Value>Standard Grant</Value>
</AwardInstrument>
<Organization>
<Code>04040000</Code>
<Directorate>
<Abbreviation>SBE</Abbreviation>
<LongName>Direct For Social, Behav &amp; Economic Scie</LongName>
</Directorate>
<Division>
<Abbreviation>BCS</Abbreviation>
<LongName>Division Of Behavioral and Cognitive Sci</LongName>
</Division>
</Organization>
<ProgramOfficer>
<SignBlockName>John Yellen</SignBlockName>
<PO_EMAI>jyellen@nsf.gov</PO_EMAI>
<PO_PHON>7032928759</PO_PHON>
</ProgramOfficer>
<AbstractNarration><![CDATA[For over a decade archaeologists have been developing empirically based models and explanations for complex, multiple-cause-and-consequence, real-world processes. This project will advance understanding of the origins of the state and urbanism by testing an innovative model that employs recently developed analytical tools and an unusually rich and large dataset. Instead of focusing exclusively on one state or city, this new approach 1) tracks multiple important institutions—states, cities, districts, local communities, temple organizations, markets, and agricultural institutions—as these varied and developed over a span of millenia; and 2) simultaneously tracks these institutional changes across multiple, neighboring societies that had differing cultures, languages, and natural environments yet are known to have maintained a high level of inter-societal interaction. The investigators will assemble newer and older archaeological data on more than 6000 archaeological sites from over 150 municipalities. The sites are from multiple time periods and include hunter-gatherer rock art, early villages, towns, cities, fortifications, houses, public architecture, and irrigation canals, and agricultural terraces. This information was originally gathered by multiple research groups. The studies had the same basic underlying methodology, permitting a high degree of comparability. This project will build and make publicly available one the most comprehensive archaeological datasets in the world useful for a variety of topics including demography, cultural ecology, craft specialization and economic practices, warfare, the Neolithic Revolution, communities, urbanism, agriculture, resilience, political evolution, collapse, ordinary lives, wealth inequality, and the development of religious institutions. The project will archive and curate the information in useable formats so that it will be available not just to researchers but to teachers, students, local communities, cultural heritage stakeholders, etc., for years to come.&lt;br/&gt;&lt;br/&gt;The central research hypothesis is that 1) urbanism, the state, and other important social institutions developed concordantly over time because of inter-societal interaction, but 2) differently in each regional society because of variation in the key agricultural variables of soil and water and differences in the way these resources were socially managed. Model construction will use a multiscalar (site, local, regional, multiregional) method, and recent archaeological applications of institutional analysis and collective action theory. Assembling and curating the information archive requires bringing older data (over 100,000 pages of field notes, artifact descriptions, maps, and photographs) up to modern standards, especially in the area of georeferencing, to enhance its availability, accessibility, utility, and value for scientific research, educational, and management purposes. The online archive created by this project will benefit instruction at K-12 and University levels, by providing datasets and modules of real-world situations for use in teaching basic concepts such as number, scientific method, spatial and temporal scales, and continuity and change over time, and more advanced applications in statistics, demography, GIS, and ecology. Finally, this work will engage scholars, graduate students, and undergraduates in training, creation of the archive, and use of these resources, particularly those from underrepresented groups.&lt;br/&gt;&lt;br/&gt;This award reflects NSF's statutory mission and has been deemed worthy of support through evaluation using the Foundation's intellectual merit and broader impacts review criteria.]]></AbstractNarration>
<MinAmdLetterDate>06/14/2022</MinAmdLetterDate>
<MaxAmdLetterDate>06/14/2022</MaxAmdLetterDate>
<ARRAAmount/>
<TRAN_TYPE>Grant</TRAN_TYPE>
<CFDA_NUM>47.075</CFDA_NUM>
<NSF_PAR_USE_FLAG>1</NSF_PAR_USE_FLAG>
<FUND_AGCY_CODE>4900</FUND_AGCY_CODE>
<AWDG_AGCY_CODE>4900</AWDG_AGCY_CODE>
<AwardID>2200926</AwardID>
<Investigator>
<FirstName>Stephen</FirstName>
<LastName>Kowalewski</LastName>
<PI_MID_INIT>A</PI_MID_INIT>
<PI_SUFX_NAME/>
<PI_FULL_NAME>Stephen A Kowalewski</PI_FULL_NAME>
<EmailAddress><![CDATA[skowalew@uga.edu]]></EmailAddress>
<NSF_ID>000223162</NSF_ID>
<StartDate>06/14/2022</StartDate>
<EndDate/>
<RoleCode>Co-Principal Investigator</RoleCode>
</Investigator>
<Investigator>
<FirstName>Gary</FirstName>
<LastName>Feinman</LastName>
<PI_MID_INIT>M</PI_MID_INIT>
<PI_SUFX_NAME/>
<PI_FULL_NAME>Gary M Feinman</PI_FULL_NAME>
<EmailAddress><![CDATA[gfeinman@fieldmuseum.org]]></EmailAddress>
<NSF_ID>000161273</NSF_ID>
<StartDate>06/14/2022</StartDate>
<EndDate/>
<RoleCode>Co-Principal Investigator</RoleCode>
</Investigator>
<Investigator>
<FirstName>Richard</FirstName>
<LastName>Blanton</LastName>
<PI_MID_INIT>E</PI_MID_INIT>
<PI_SUFX_NAME/>
<PI_FULL_NAME>Richard E Blanton</PI_FULL_NAME>
<EmailAddress><![CDATA[blantonr@purdue.edu]]></EmailAddress>
<NSF_ID>000419451</NSF_ID>
<StartDate>06/14/2022</StartDate>
<EndDate/>
<RoleCode>Co-Principal Investigator</RoleCode>
</Investigator>
<Investigator>
<FirstName>Victor</FirstName>
<LastName>Thompson</LastName>
<PI_MID_INIT>D</PI_MID_INIT>
<PI_SUFX_NAME/>
<PI_FULL_NAME>Victor D Thompson</PI_FULL_NAME>
<EmailAddress><![CDATA[vdthom@uga.edu]]></EmailAddress>
<NSF_ID>000262176</NSF_ID>
<StartDate>06/14/2022</StartDate>
<EndDate/>
<RoleCode>Principal Investigator</RoleCode>
</Investigator>
<Investigator>
<FirstName>Linda</FirstName>
<LastName>Nicholas</LastName>
<PI_MID_INIT>M</PI_MID_INIT>
<PI_SUFX_NAME/>
<PI_FULL_NAME>Linda M Nicholas</PI_FULL_NAME>
<EmailAddress><![CDATA[lnicholas@fieldmuseum.org]]></EmailAddress>
<NSF_ID>000845383</NSF_ID>
<StartDate>06/14/2022</StartDate>
<EndDate/>
<RoleCode>Co-Principal Investigator</RoleCode>
</Investigator>
<Institution>
<Name>University of Georgia Research Foundation Inc</Name>
<CityName>ATHENS</CityName>
<ZipCode>306021589</ZipCode>
<PhoneNumber>7065425939</PhoneNumber>
<StreetAddress>310 EAST CAMPUS RD TUCKER HALL R</StreetAddress>
<StreetAddress2/>
<CountryName>United States</CountryName>
<StateName>Georgia</StateName>
<StateCode>GA</StateCode>
<CONGRESSDISTRICT>10</CONGRESSDISTRICT>
<CONGRESS_DISTRICT_ORG>GA10</CONGRESS_DISTRICT_ORG>
<ORG_UEI_NUM>NMJHD63STRC5</ORG_UEI_NUM>
<ORG_LGL_BUS_NAME>UNIVERSITY OF GEORGIA RESEARCH FOUNDATION, INC.</ORG_LGL_BUS_NAME>
<ORG_PRNT_UEI_NUM/>
</Institution>
<Performance_Institution>
<Name><![CDATA[University of Georgia]]></Name>
<CityName>Athens</CityName>
<StateCode>GA</StateCode>
<ZipCode>306021589</ZipCode>
<StreetAddress><![CDATA[310 East Campus Rd]]></StreetAddress>
<CountryCode>US</CountryCode>
<CountryName>United States</CountryName>
<StateName>Georgia</StateName>
<CountryFlag>1</CountryFlag>
<CONGRESSDISTRICT>10</CONGRESSDISTRICT>
<CONGRESS_DISTRICT_PERF>GA10</CONGRESS_DISTRICT_PERF>
</Performance_Institution>
<ProgramElement>
<Code>1391</Code>
<Text>Archaeology</Text>
</ProgramElement>
<ProgramReference>
<Code>1391</Code>
<Text>ARCHAEOLOGY</Text>
</ProgramReference>
<FUND_OBLG>2022~89825</FUND_OBLG>
</Award>
</rootTag>
