<?xml version="1.0" encoding="UTF-8"?>
<rootTag>
<Award>
<AwardTitle><![CDATA[PIPP Phase 1; PILOT: Predictive Intelligence for Limiting Outbreak Threats]]></AwardTitle>
<AGENCY>NSF</AGENCY>
<AwardEffectiveDate>07/15/2022</AwardEffectiveDate>
<AwardExpirationDate>12/31/2023</AwardExpirationDate>
<AwardTotalIntnAmount>999978.00</AwardTotalIntnAmount>
<AwardAmount>999978</AwardAmount>
<AwardInstrument>
<Value>Standard Grant</Value>
</AwardInstrument>
<Organization>
<Code>05010000</Code>
<Directorate>
<Abbreviation>CSE</Abbreviation>
<LongName>Direct For Computer &amp; Info Scie &amp; Enginr</LongName>
</Directorate>
<Division>
<Abbreviation>CCF</Abbreviation>
<LongName>Division of Computing and Communication Foundations</LongName>
</Division>
</Organization>
<ProgramOfficer>
<SignBlockName>Mitra Basu</SignBlockName>
<PO_EMAI>mbasu@nsf.gov</PO_EMAI>
<PO_PHON>7032928649</PO_PHON>
</ProgramOfficer>
<AbstractNarration><![CDATA[In recent decades, new infectious diseases have emerged at a rapid rate around the world—driven by climate change, urbanization, and conflict. To prepare for future infectious disease crises, there is an urgent need to devise new data-driven tools for pandemic surveillance, prediction, and mitigation. The COVID-19 pandemic has demonstrated that such tools must incorporate not only our understanding of the science that underpins new infectious diseases, but also how society’s responses to them can affect their propagation. To address this urgent need, the PIPP Phase I PILOT (Predictive Intelligence for Limiting Outbreak Threats) planning project will bring together the expertise from a wide range of relevant disciplines, including public health, clinical biomedicine, computer science, artificial intelligence, and social science. PILOT Investigators will collaborate with academic, practitioner, and decision-maker communities through multiple roundtable workshops to determine existing knowledge gaps and establish best practices in pandemic surveillance, prediction, and mitigation. This project will also engage the next generation of pandemic scholars by educating and training graduate students and postdoctoral fellows, with an emphasis on communicating science for societal impact. Students and fellows will assist the Investigator team in distilling workshop outcomes into white papers and policy briefs, which will be shared with the public via an open access online knowledge portal and virtual town hall meetings. Moreover, to enable experiential learning, members of the public will be invited to participate in a globally-broadcast, community-wide infectious disease crisis simulation. Success in operationalizing this PIPP Phase I planning project will lead to the development and deployment of a new data-driven modeling pipeline for future pandemic threats during PIPP Phase II.&lt;br/&gt;&lt;br/&gt;The PILOT modeling pipeline will combine novel digital data sources with methods from the aforementioned disciplines to address three interconnected scientific challenges: (1) understanding and modeling pandemic potential for disease surveillance, (2) understanding and modeling the impact of interventions for disease prediction, and (3) understanding and modeling intervention acceptance (and refusal) for disease mitigation. During the PIPP Phase I planning project, progress towards the first challenge will involve determining which information sources and computational approaches should be preferentially leveraged when assessing a given pathogen’s pandemic potential at a single point in time (i.e., immediately following its emergence or re-emergence in a given context). Likewise, progress towards the second challenge will involve exploring existing knowledge gaps in simulating interventions via agent-based and game-theoretic models of multi-agent decision-making, particularly under conditions with limited information (i.e., wherein simulation-based scenario analyses may be necessary). Finally, progress towards the third challenge will involve establishing best practices for social contagion models that aim to encourage intervention uptake (i.e., with a focus on complex contagion and identification of influencers across social networks). Thus, the overarching goal of the PIPP Phase I PILOT project will be to plan for a center-scale effort by ascertaining which data types and methodological choices are most appropriate for the development and deployment of the PILOT modeling pipeline (i.e., given existing knowledge gaps and best practices). Implementation of the pipeline will be pursued in a future center-scale effort.&lt;br/&gt;&lt;br/&gt;This award is supported by the cross-directorate Predictive Intelligence for Pandemic Prevention Phase I (PIPP) program, which is jointly funded by the Directorates for Biological Sciences (BIO), Computer Information Science and Engineering (CISE), Engineering (ENG) and Social, Behavioral and Economic Sciences (SBE).&lt;br/&gt;&lt;br/&gt;This award reflects NSF's statutory mission and has been deemed worthy of support through evaluation using the Foundation's intellectual merit and broader impacts review criteria.]]></AbstractNarration>
<MinAmdLetterDate>06/27/2022</MinAmdLetterDate>
<MaxAmdLetterDate>06/27/2022</MaxAmdLetterDate>
<ARRAAmount/>
<TRAN_TYPE>Grant</TRAN_TYPE>
<CFDA_NUM>47.070</CFDA_NUM>
<NSF_PAR_USE_FLAG>1</NSF_PAR_USE_FLAG>
<FUND_AGCY_CODE>4900</FUND_AGCY_CODE>
<AWDG_AGCY_CODE>4900</AWDG_AGCY_CODE>
<AwardID>2200228</AwardID>
<Investigator>
<FirstName>Milind</FirstName>
<LastName>Tambe</LastName>
<PI_MID_INIT>S</PI_MID_INIT>
<PI_SUFX_NAME/>
<PI_FULL_NAME>Milind S Tambe</PI_FULL_NAME>
<EmailAddress><![CDATA[milind_tambe@harvard.edu]]></EmailAddress>
<NSF_ID>000261613</NSF_ID>
<StartDate>06/27/2022</StartDate>
<EndDate/>
<RoleCode>Co-Principal Investigator</RoleCode>
</Investigator>
<Investigator>
<FirstName>Brooke</FirstName>
<LastName>Foucault Welles</LastName>
<PI_MID_INIT/>
<PI_SUFX_NAME/>
<PI_FULL_NAME>Brooke Foucault Welles</PI_FULL_NAME>
<EmailAddress><![CDATA[b.welles@neu.edu]]></EmailAddress>
<NSF_ID>000671480</NSF_ID>
<StartDate>06/27/2022</StartDate>
<EndDate/>
<RoleCode>Co-Principal Investigator</RoleCode>
</Investigator>
<Investigator>
<FirstName>FEI</FirstName>
<LastName>FANG</LastName>
<PI_MID_INIT/>
<PI_SUFX_NAME/>
<PI_FULL_NAME>FEI FANG</PI_FULL_NAME>
<EmailAddress><![CDATA[feifang@cmu.edu]]></EmailAddress>
<NSF_ID>000754062</NSF_ID>
<StartDate>06/27/2022</StartDate>
<EndDate/>
<RoleCode>Co-Principal Investigator</RoleCode>
</Investigator>
<Investigator>
<FirstName>Maimuna</FirstName>
<LastName>Majumder</LastName>
<PI_MID_INIT/>
<PI_SUFX_NAME/>
<PI_FULL_NAME>Maimuna Majumder</PI_FULL_NAME>
<EmailAddress><![CDATA[maimuna.majumder@childrens.harvard.edu]]></EmailAddress>
<NSF_ID>000865160</NSF_ID>
<StartDate>06/27/2022</StartDate>
<EndDate/>
<RoleCode>Principal Investigator</RoleCode>
</Investigator>
<Investigator>
<FirstName>Angel</FirstName>
<LastName>Desai</LastName>
<PI_MID_INIT/>
<PI_SUFX_NAME/>
<PI_FULL_NAME>Angel Desai</PI_FULL_NAME>
<EmailAddress><![CDATA[andesai@ucdavis.edu]]></EmailAddress>
<NSF_ID>000865673</NSF_ID>
<StartDate>06/27/2022</StartDate>
<EndDate/>
<RoleCode>Co-Principal Investigator</RoleCode>
</Investigator>
<Institution>
<Name>Children's Hospital Corporation</Name>
<CityName>BOSTON</CityName>
<ZipCode>021155724</ZipCode>
<PhoneNumber>6179192729</PhoneNumber>
<StreetAddress>300 LONGWOOD AVE</StreetAddress>
<StreetAddress2/>
<CountryName>United States</CountryName>
<StateName>Massachusetts</StateName>
<StateCode>MA</StateCode>
<CONGRESSDISTRICT>07</CONGRESSDISTRICT>
<CONGRESS_DISTRICT_ORG>MA07</CONGRESS_DISTRICT_ORG>
<ORG_UEI_NUM>Z1L9F1MM1RY3</ORG_UEI_NUM>
<ORG_LGL_BUS_NAME>CHILDREN'S HOSPITAL CORPORATION, THE</ORG_LGL_BUS_NAME>
<ORG_PRNT_UEI_NUM>Z1L9F1MM1RY3</ORG_PRNT_UEI_NUM>
</Institution>
<Performance_Institution>
<Name><![CDATA[Childrens Hospital Corporation]]></Name>
<CityName>Boston</CityName>
<StateCode>MA</StateCode>
<ZipCode>021155737</ZipCode>
<StreetAddress><![CDATA[300 LONGWOOD AVENUE]]></StreetAddress>
<CountryCode>US</CountryCode>
<CountryName>United States</CountryName>
<StateName>Massachusetts</StateName>
<CountryFlag>1</CountryFlag>
<CONGRESSDISTRICT>07</CONGRESSDISTRICT>
<CONGRESS_DISTRICT_PERF>MA07</CONGRESS_DISTRICT_PERF>
</Performance_Institution>
<ProgramElement>
<Code>177Y</Code>
<Text>PIPP-Pandemic Prevention</Text>
</ProgramElement>
<ProgramReference>
<Code>103Z</Code>
<Text>PIPP-Pandemic Prevention</Text>
</ProgramReference>
<Appropriation>
<Code/>
<Name/>
<APP_SYMB_ID/>
</Appropriation>
<Fund>
<Code>01002223DB</Code>
<Name><![CDATA[NSF RESEARCH & RELATED ACTIVIT]]></Name>
<FUND_SYMB_ID>040100</FUND_SYMB_ID>
</Fund>
<FUND_OBLG>2022~999978</FUND_OBLG>
</Award>
</rootTag>
