<?xml version="1.0" encoding="UTF-8"?>
<rootTag>
<Award>
<AwardTitle>Attributions of Mathematical Excellence in Teaching and Learning</AwardTitle>
<AGENCY>NSF</AGENCY>
<AwardEffectiveDate>07/01/2022</AwardEffectiveDate>
<AwardExpirationDate>06/30/2025</AwardExpirationDate>
<AwardTotalIntnAmount>2010846.00</AwardTotalIntnAmount>
<AwardAmount>1386765</AwardAmount>
<AwardInstrument>
<Value>Continuing Grant</Value>
</AwardInstrument>
<Organization>
<Code>11090000</Code>
<Directorate>
<Abbreviation>EHR</Abbreviation>
<LongName>Direct For Education and Human Resources</LongName>
</Directorate>
<Division>
<Abbreviation>DRL</Abbreviation>
<LongName>Division Of Research On Learning</LongName>
</Division>
</Organization>
<ProgramOfficer>
<SignBlockName>Michael Steele</SignBlockName>
<PO_EMAI>msteele@nsf.gov</PO_EMAI>
<PO_PHON>7032920000</PO_PHON>
</ProgramOfficer>
<AbstractNarration>Teachers’ beliefs influence their instructional decisions and these decisions shape the mathematical learning opportunities for all students. This is particularly important when considering the learning opportunities for groups that have historically been marginalized in mathematics, including girls and students of color. There are few validated, mathematics-specific instruments that measure teachers’ beliefs about mathematics learning related to race, ethnicity, and gender. This project seeks to investigate teachers’ beliefs related to how they explain the systemic racial and gender differences in mathematics education outcomes by developing and validating a survey instrument and to explore how those beliefs might impact their teaching. The central hypothesis of the project is that teachers’ beliefs about attributions of mathematical excellence interact with students’ racial and gender identities to cause racial and gender inequity in the learning opportunities available to students in the same mathematics classrooms. The basis of these beliefs may be attributions to genetic, social, or personal characteristics that are based in biased and inaccurate conceptions of the sources of mathematical excellence.&lt;br/&gt;&lt;br/&gt;In order to achieve the project's main aims, the project will conduct three interrelated studies. (1) The Attributions and Items study will use interviews with teachers, teacher educators, and researchers to write, pilot, and refine items to establish reliability and construct representation of the Attributions of Mathematical Excellence Scale (AMES). (2) The Structure &amp; Relations Study will provide validity evidence of internal structure and relations with other variables, including established equity instruments, and a measure of implicit bias. Student test data linked with a subset of the sample will be used to compare AMES scores with race and gender equity in achievement. This study will be expanded to include samples of preservice and inservice teachers and use a variety of data sources including interviews, surveys and classroom observation. (3) The Classroom Study will compare AMES scores with direct observation of race and gender equity in classroom instruction. Through the development of the instrument and analysis of scores, the project team will be able to posit and design teacher professional learning opportunities that have the potential to address the sources of bias.&lt;br/&gt;&lt;br/&gt;The Discovery Research preK-12 program (DRK-12) seeks to significantly enhance the learning and teaching of science, technology, engineering and mathematics (STEM) by preK-12 students and teachers, through research and development of innovative resources, models and tools. Projects in the DRK-12 program build on fundamental research in STEM education and prior research and development efforts that provide theoretical and empirical justification for proposed projects.&lt;br/&gt;&lt;br/&gt;This award reflects NSF's statutory mission and has been deemed worthy of support through evaluation using the Foundation's intellectual merit and broader impacts review criteria.</AbstractNarration>
<MinAmdLetterDate>04/26/2022</MinAmdLetterDate>
<MaxAmdLetterDate>04/26/2022</MaxAmdLetterDate>
<ARRAAmount/>
<TRAN_TYPE>Grant</TRAN_TYPE>
<CFDA_NUM>47.076</CFDA_NUM>
<NSF_PAR_USE_FLAG>1</NSF_PAR_USE_FLAG>
<FUND_AGCY_CODE>4900</FUND_AGCY_CODE>
<AWDG_AGCY_CODE>4900</AWDG_AGCY_CODE>
<AwardID>2200990</AwardID>
<Investigator>
<FirstName>Naomi</FirstName>
<LastName>Jessup</LastName>
<PI_MID_INIT/>
<PI_SUFX_NAME/>
<PI_FULL_NAME>Naomi Jessup</PI_FULL_NAME>
<EmailAddress>njessup@gsu.edu</EmailAddress>
<PI_PHON>4044138221</PI_PHON>
<NSF_ID>000863769</NSF_ID>
<StartDate>04/26/2022</StartDate>
<EndDate/>
<RoleCode>Co-Principal Investigator</RoleCode>
</Investigator>
<Investigator>
<FirstName>Craig</FirstName>
<LastName>Willey</LastName>
<PI_MID_INIT>J</PI_MID_INIT>
<PI_SUFX_NAME/>
<PI_FULL_NAME>Craig J Willey</PI_FULL_NAME>
<EmailAddress>cjwilley@iupui.edu</EmailAddress>
<PI_PHON>3172740159</PI_PHON>
<NSF_ID>000649000</NSF_ID>
<StartDate>04/26/2022</StartDate>
<EndDate/>
<RoleCode>Co-Principal Investigator</RoleCode>
</Investigator>
<Investigator>
<FirstName>Erik</FirstName>
<LastName>Jacobson</LastName>
<PI_MID_INIT>D</PI_MID_INIT>
<PI_SUFX_NAME/>
<PI_FULL_NAME>Erik D Jacobson</PI_FULL_NAME>
<EmailAddress>erdajaco@indiana.edu</EmailAddress>
<PI_PHON>8128568149</PI_PHON>
<NSF_ID>000659641</NSF_ID>
<StartDate>04/26/2022</StartDate>
<EndDate/>
<RoleCode>Principal Investigator</RoleCode>
</Investigator>
<Investigator>
<FirstName>Dubravka</FirstName>
<LastName>Svetina Valdivia</LastName>
<PI_MID_INIT/>
<PI_SUFX_NAME/>
<PI_FULL_NAME>Dubravka Svetina Valdivia</PI_FULL_NAME>
<EmailAddress>dsvetina@indiana.edu</EmailAddress>
<PI_PHON>8128563750</PI_PHON>
<NSF_ID>000663812</NSF_ID>
<StartDate>04/26/2022</StartDate>
<EndDate/>
<RoleCode>Co-Principal Investigator</RoleCode>
</Investigator>
<Investigator>
<FirstName>Dionne</FirstName>
<LastName>Cross Francis</LastName>
<PI_MID_INIT/>
<PI_SUFX_NAME/>
<PI_FULL_NAME>Dionne Cross Francis</PI_FULL_NAME>
<EmailAddress>dicross@unc.edu</EmailAddress>
<PI_PHON>4047341084</PI_PHON>
<NSF_ID>000075932</NSF_ID>
<StartDate>04/26/2022</StartDate>
<EndDate/>
<RoleCode>Co-Principal Investigator</RoleCode>
</Investigator>
<Institution>
<Name>Indiana University</Name>
<CityName>BLOOMINGTON</CityName>
<ZipCode>474057000</ZipCode>
<PhoneNumber>3172783473</PhoneNumber>
<StreetAddress>107 S INDIANA AVE</StreetAddress>
<StreetAddress2/>
<CountryName>United States</CountryName>
<StateName>Indiana</StateName>
<StateCode>IN</StateCode>
<CONGRESSDISTRICT>09</CONGRESSDISTRICT>
<CONGRESS_DISTRICT_ORG>IN09</CONGRESS_DISTRICT_ORG>
<ORG_UEI_NUM>YH86RTW2YVJ4</ORG_UEI_NUM>
<ORG_LGL_BUS_NAME>TRUSTEES OF INDIANA UNIVERSITY</ORG_LGL_BUS_NAME>
<ORG_PRNT_UEI_NUM>YH86RTW2YVJ4</ORG_PRNT_UEI_NUM>
</Institution>
<Performance_Institution>
<Name><![CDATA[Indiana University]]></Name>
<CityName>Bloomington</CityName>
<StateCode>IN</StateCode>
<ZipCode>474051005</ZipCode>
<StreetAddress><![CDATA[201 N. Rose Avenue]]></StreetAddress>
<CountryCode>US</CountryCode>
<CountryName>United States</CountryName>
<StateName>Indiana</StateName>
<CountryFlag>1</CountryFlag>
<CONGRESSDISTRICT>09</CONGRESSDISTRICT>
<CONGRESS_DISTRICT_PERF>IN09</CONGRESS_DISTRICT_PERF>
</Performance_Institution>
<ProgramElement>
<Code>7645</Code>
<Text>Discovery Research K-12</Text>
</ProgramElement>
<FUND_OBLG>2022~1386765</FUND_OBLG>
</Award>
</rootTag>
