<?xml version="1.0" encoding="UTF-8"?>
<rootTag>
<Award>
<AwardTitle>SHF: Small: Practical Analyses and Safe Transformations for Imperative Deep Learning Programs</AwardTitle>
<AGENCY>NSF</AGENCY>
<AwardEffectiveDate>06/01/2022</AwardEffectiveDate>
<AwardExpirationDate>05/31/2025</AwardExpirationDate>
<AwardTotalIntnAmount>599974.00</AwardTotalIntnAmount>
<AwardAmount>599974</AwardAmount>
<AwardInstrument>
<Value>Standard Grant</Value>
</AwardInstrument>
<Organization>
<Code>05010000</Code>
<Directorate>
<Abbreviation>CSE</Abbreviation>
<LongName>Direct For Computer &amp; Info Scie &amp; Enginr</LongName>
</Directorate>
<Division>
<Abbreviation>CCF</Abbreviation>
<LongName>Division of Computing and Communication Foundations</LongName>
</Division>
</Organization>
<ProgramOfficer>
<SignBlockName>Sol Greenspan</SignBlockName>
<PO_EMAI>sgreensp@nsf.gov</PO_EMAI>
<PO_PHON>7032927841</PO_PHON>
</ProgramOfficer>
<AbstractNarration>Learning often occurs by pattern recognition. Software systems learn by using algorithms to recognize patterns and draw inferences from existing data and apply the inferences to previously unseen data. Deep Learning (DL) is a kind of machine-learning algorithm inspired by neural networks of human brains. A DL model learns decision logic from a large set of examples. A classic application is image processing, where a model may learn to recognize particular images through training with many sample images. While software systems that incorporate DL models involve large amounts of data, they still have to be efficient and responsive. This project is expected to increase DL system robustness, reliability, and scalability, positively impacting computer vision, autonomous driving, medicine, and extremism identification. Tools developed as a result of this project are also expected to democratize the Artificial Intelligence workforce, as they will assist data scientists and software engineers of varying proficiencies in writing quality DL code. Such tools can potentially contribute to a diverse, globally competitive STEM workforce and increase US economic competitiveness. This project will also promote software engineering concepts in machine learning by augmenting and creating several undergraduate and graduate courses. Dissemination will occur through publicly distributing datasets, papers, open-source software, and Open Educational Resources.&lt;br/&gt;&lt;br/&gt;DL frameworks increasingly make various tradeoffs to balance the often competing requirements of reliability, usability, and generality. Popular DL frameworks have historically embraced graph-based, deferred execution-style (low-level) Application Programming Interfaces (APIs). While efficient, (legacy) systems using such interfaces are cumbersome, error-prone, and difficult to debug, maintain, and port. Contrarily, (modern) eager execution-style DL APIs facilitate higher-level, imperative, and Object-Oriented (Python) programs that are easier to debug, less error-prone, and more extensible have consequently emerged at the expense of run-time performance. Though hybrid approaches aim to bridge the two paradigms, they necessitate a non-trivial amount of technical metadata and exhibit several limitations and known issues on the use of native program constructs. This project is expected to contribute practical analyses and safe transformations for modern imperative and Object-Oriented DL programs that markedly improve their reliability and scalability. First, various software engineering artifacts will be mined for bug fixes, (manual) refactorings (semantics-preserving source-to-source program transformations), and missed opportunities in efficiently executing imperative DL code. Then, novel analyses and refactorings for automatically (i) migrating legacy, deferred execution-style DL code to more robust imperative DL code and (ii) specifying how their otherwise eagerly-executed imperative DL code should be reliably and efficiently executed as graphs at run-time will be formulated. Finally, novel analyses for detecting performance bottlenecks and semantic errors associated with graph-based execution of imperative, otherwise eagerly-executed DL code will be designed. This contribution is significant because it fills the void of techniques, methodologies, and tools for effectively developing---and evolving long-lived---trustworthy and efficient DL systems that pervasively use imperative and Object-Oriented DL programming.&lt;br/&gt;&lt;br/&gt;This award reflects NSF's statutory mission and has been deemed worthy of support through evaluation using the Foundation's intellectual merit and broader impacts review criteria.</AbstractNarration>
<MinAmdLetterDate>05/23/2022</MinAmdLetterDate>
<MaxAmdLetterDate>05/23/2022</MaxAmdLetterDate>
<ARRAAmount/>
<TRAN_TYPE>Grant</TRAN_TYPE>
<CFDA_NUM>47.070</CFDA_NUM>
<NSF_PAR_USE_FLAG>1</NSF_PAR_USE_FLAG>
<FUND_AGCY_CODE>4900</FUND_AGCY_CODE>
<AWDG_AGCY_CODE>4900</AWDG_AGCY_CODE>
<AwardID>2200343</AwardID>
<Investigator>
<FirstName>Anita</FirstName>
<LastName>Raja</LastName>
<PI_MID_INIT/>
<PI_SUFX_NAME/>
<PI_FULL_NAME>Anita Raja</PI_FULL_NAME>
<EmailAddress>anita.raja@hunter.cuny.edu</EmailAddress>
<PI_PHON>7049079166</PI_PHON>
<NSF_ID>000213258</NSF_ID>
<StartDate>05/23/2022</StartDate>
<EndDate/>
<RoleCode>Co-Principal Investigator</RoleCode>
</Investigator>
<Investigator>
<FirstName>Raffi</FirstName>
<LastName>Khatchadourian</LastName>
<PI_MID_INIT>T</PI_MID_INIT>
<PI_SUFX_NAME/>
<PI_FULL_NAME>Raffi T Khatchadourian</PI_FULL_NAME>
<EmailAddress>raffi.khatchadourian@hunter.cuny.edu</EmailAddress>
<PI_PHON>2126503988</PI_PHON>
<NSF_ID>000700613</NSF_ID>
<StartDate>05/23/2022</StartDate>
<EndDate/>
<RoleCode>Principal Investigator</RoleCode>
</Investigator>
<Institution>
<Name>CUNY Hunter College</Name>
<CityName>NEW YORK</CityName>
<ZipCode>100655024</ZipCode>
<PhoneNumber>2127724020</PhoneNumber>
<StreetAddress>695 PARK AVE</StreetAddress>
<StreetAddress2/>
<CountryName>United States</CountryName>
<StateName>New York</StateName>
<StateCode>NY</StateCode>
<CONGRESSDISTRICT>12</CONGRESSDISTRICT>
<CONGRESS_DISTRICT_ORG>NY12</CONGRESS_DISTRICT_ORG>
<ORG_UEI_NUM>EK93EZLLBSC4</ORG_UEI_NUM>
<ORG_LGL_BUS_NAME>RESEARCH FOUNDATION OF THE CITY UNIVERSITY OF NEW YORK</ORG_LGL_BUS_NAME>
<ORG_PRNT_UEI_NUM>U7WPB7AFN7M2</ORG_PRNT_UEI_NUM>
</Institution>
<Performance_Institution>
<Name><![CDATA[CUNY Hunter College]]></Name>
<CityName>New York</CityName>
<StateCode>NY</StateCode>
<ZipCode>100655024</ZipCode>
<StreetAddress><![CDATA[695 Park Avenue]]></StreetAddress>
<CountryCode>US</CountryCode>
<CountryName>United States</CountryName>
<StateName>New York</StateName>
<CountryFlag>1</CountryFlag>
<CONGRESSDISTRICT>12</CONGRESSDISTRICT>
<CONGRESS_DISTRICT_PERF>NY12</CONGRESS_DISTRICT_PERF>
</Performance_Institution>
<ProgramElement>
<Code>7798</Code>
<Text>Software &amp; Hardware Foundation</Text>
</ProgramElement>
<ProgramReference>
<Code>7923</Code>
<Text>SMALL PROJECT</Text>
</ProgramReference>
<ProgramReference>
<Code>7944</Code>
<Text>SOFTWARE ENG &amp; FORMAL METHODS</Text>
</ProgramReference>
<FUND_OBLG>2022~599974</FUND_OBLG>
</Award>
</rootTag>
