<?xml version="1.0" encoding="UTF-8"?>
<rootTag>
<Award>
<AwardTitle>AF: Small: The Unique Games Conjecture and Related Problems in Hardness of Approximation</AwardTitle>
<AGENCY>NSF</AGENCY>
<AwardEffectiveDate>04/15/2022</AwardEffectiveDate>
<AwardExpirationDate>03/31/2025</AwardExpirationDate>
<AwardTotalIntnAmount>600000.00</AwardTotalIntnAmount>
<AwardAmount>600000</AwardAmount>
<AwardInstrument>
<Value>Standard Grant</Value>
</AwardInstrument>
<Organization>
<Code>05010000</Code>
<Directorate>
<Abbreviation>CSE</Abbreviation>
<LongName>Direct For Computer &amp; Info Scie &amp; Enginr</LongName>
</Directorate>
<Division>
<Abbreviation>CCF</Abbreviation>
<LongName>Division of Computing and Communication Foundations</LongName>
</Division>
</Organization>
<ProgramOfficer>
<SignBlockName>A. Funda Ergun</SignBlockName>
<PO_EMAI>fergun@nsf.gov</PO_EMAI>
<PO_PHON>7032922216</PO_PHON>
</ProgramOfficer>
<AbstractNarration>Numerous optimization problems are NP-hard and thus unlikely to have efficient algorithms. Approximation algorithms, often based on geometric techniques like linear and semidefinite programming, are so far the most successful approach against NP-hardness. This project explores their limitations, and its heart is a program towards a proof of the Unique Games Conjecture.  The Unique Games Conjecture is widely recognized as the central open problem in hardness of approximation in the past two decades. Its resolution would settle the approximability of a large number of optimization problems and prove the optimality of geometric techniques.&lt;br/&gt;&lt;br/&gt;The aforementioned program towards the Unique Games Conjecture consists of two independent components.  (1) Resolve the Boolean case of the Unique Games Conjecture. The investigator is collaboraing with experts in geometric functional analysis and probability in order to analyze a reduction from an NP-hard problem to Boolean unique games. This collaboration has already led to a milestone, namely an analysis of a reduction from a problem in the same spirit as NP-hard problems to Boolean Unique Games.  (2) Show that the Boolean case of the Unique Games Conjecture implies the full Unique Games Conjecture. The investigator is developing techniques for "fortifying" hard Boolean unique games so they admit strong parallel repetition and imply the Unique Games Conjecture.&lt;br/&gt;&lt;br/&gt;This award reflects NSF's statutory mission and has been deemed worthy of support through evaluation using the Foundation's intellectual merit and broader impacts review criteria.</AbstractNarration>
<MinAmdLetterDate>04/07/2022</MinAmdLetterDate>
<MaxAmdLetterDate>04/07/2022</MaxAmdLetterDate>
<ARRAAmount/>
<TRAN_TYPE>Grant</TRAN_TYPE>
<CFDA_NUM>47.070</CFDA_NUM>
<NSF_PAR_USE_FLAG>1</NSF_PAR_USE_FLAG>
<FUND_AGCY_CODE>4900</FUND_AGCY_CODE>
<AWDG_AGCY_CODE>4900</AWDG_AGCY_CODE>
<AwardID>2200956</AwardID>
<Investigator>
<FirstName>Dana</FirstName>
<LastName>Moshkovitz</LastName>
<PI_MID_INIT>H</PI_MID_INIT>
<PI_SUFX_NAME/>
<PI_FULL_NAME>Dana H Moshkovitz</PI_FULL_NAME>
<EmailAddress>dana.moshkovitz@gmail.com</EmailAddress>
<PI_PHON>5124713905</PI_PHON>
<NSF_ID>000596158</NSF_ID>
<StartDate>04/07/2022</StartDate>
<EndDate/>
<RoleCode>Principal Investigator</RoleCode>
</Investigator>
<Institution>
<Name>University of Texas at Austin</Name>
<CityName>AUSTIN</CityName>
<ZipCode>787121139</ZipCode>
<PhoneNumber>5124716424</PhoneNumber>
<StreetAddress>110 INNER CAMPUS DR</StreetAddress>
<StreetAddress2/>
<CountryName>United States</CountryName>
<StateName>Texas</StateName>
<StateCode>TX</StateCode>
<CONGRESSDISTRICT>25</CONGRESSDISTRICT>
<CONGRESS_DISTRICT_ORG>TX25</CONGRESS_DISTRICT_ORG>
<ORG_UEI_NUM>V6AFQPN18437</ORG_UEI_NUM>
<ORG_LGL_BUS_NAME>UNIVERSITY OF TEXAS AT AUSTIN</ORG_LGL_BUS_NAME>
<ORG_PRNT_UEI_NUM>X5NKD2NFF2V3</ORG_PRNT_UEI_NUM>
</Institution>
<Performance_Institution>
<Name><![CDATA[University of Texas at Austin]]></Name>
<CityName>Austin</CityName>
<StateCode>TX</StateCode>
<ZipCode>787595316</ZipCode>
<StreetAddress><![CDATA[3925 W Braker Lane, Ste 3.340]]></StreetAddress>
<CountryCode>US</CountryCode>
<CountryName>United States</CountryName>
<StateName>Texas</StateName>
<CountryFlag>1</CountryFlag>
<CONGRESSDISTRICT>10</CONGRESSDISTRICT>
<CONGRESS_DISTRICT_PERF>TX10</CONGRESS_DISTRICT_PERF>
</Performance_Institution>
<ProgramElement>
<Code>7796</Code>
<Text>Algorithmic Foundations</Text>
</ProgramElement>
<ProgramReference>
<Code>7923</Code>
<Text>SMALL PROJECT</Text>
</ProgramReference>
<ProgramReference>
<Code>7926</Code>
<Text>ALGORITHMS</Text>
</ProgramReference>
<ProgramReference>
<Code>7927</Code>
<Text>COMPLEXITY &amp; CRYPTOGRAPHY</Text>
</ProgramReference>
<FUND_OBLG>2022~600000</FUND_OBLG>
</Award>
</rootTag>
