<?xml version="1.0" encoding="UTF-8"?>
<rootTag>
<Award>
<AwardTitle>Bundles and Conformal Blocks with a Twist</AwardTitle>
<AGENCY>NSF</AGENCY>
<AwardEffectiveDate>04/01/2022</AwardEffectiveDate>
<AwardExpirationDate>03/31/2023</AwardExpirationDate>
<AwardTotalIntnAmount>27450.00</AwardTotalIntnAmount>
<AwardAmount>27450</AwardAmount>
<AwardInstrument>
<Value>Standard Grant</Value>
</AwardInstrument>
<Organization>
<Code>03040000</Code>
<Directorate>
<Abbreviation>MPS</Abbreviation>
<LongName>Direct For Mathematical &amp; Physical Scien</LongName>
</Directorate>
<Division>
<Abbreviation>DMS</Abbreviation>
<LongName>Division Of Mathematical Sciences</LongName>
</Division>
</Organization>
<ProgramOfficer>
<SignBlockName>James Matthew Douglass</SignBlockName>
<PO_EMAI>mdouglas@nsf.gov</PO_EMAI>
<PO_PHON>7032922467</PO_PHON>
</ProgramOfficer>
<AbstractNarration>The international conference "Bundles and Conformal Blocks with a Twist" will take place June 13-17 2022 at the International Center for Mathematical Sciences in Edinburgh, Scotland. The aim of this event is to bring together a diverse group of researchers, from a mixture of fields and in different stages of their careers, to disseminate recent work, to foster collaborations, and to develop future connections. It is the first conference on the subject and this grant provides support for US-based participants. The conference website is at https://twistedcb.wixsite.com/conferenceicms. &lt;br/&gt; &lt;br/&gt;The main research foci of the conference are geometric representation theory, differential and algebraic geometry, and cohomological/topological field theory. In particular the conference will focus on three interconnected topics: (a) parahoric torsors and their moduli spaces, (b) twisted conformal blocks, their properties and relations with moduli spaces of parahoric torsors, (c) topological and cohomological field theories and their generalizations which arise from (twisted) conformal blocks. The conference will follow the usual format with research talks and an introductory lecture series that the organizers hope will be a fundamental review article for the subject.&lt;br/&gt;&lt;br/&gt;This award reflects NSF's statutory mission and has been deemed worthy of support through evaluation using the Foundation's intellectual merit and broader impacts review criteria.</AbstractNarration>
<MinAmdLetterDate>03/24/2022</MinAmdLetterDate>
<MaxAmdLetterDate>03/24/2022</MaxAmdLetterDate>
<ARRAAmount/>
<TRAN_TYPE>Grant</TRAN_TYPE>
<CFDA_NUM>47.049</CFDA_NUM>
<NSF_PAR_USE_FLAG>1</NSF_PAR_USE_FLAG>
<FUND_AGCY_CODE>4900</FUND_AGCY_CODE>
<AWDG_AGCY_CODE>4900</AWDG_AGCY_CODE>
<AwardID>2200856</AwardID>
<Investigator>
<FirstName>Chiara</FirstName>
<LastName>Damiolini</LastName>
<PI_MID_INIT/>
<PI_SUFX_NAME/>
<PI_FULL_NAME>Chiara Damiolini</PI_FULL_NAME>
<EmailAddress>chiarad@sas.upenn.edu</EmailAddress>
<PI_PHON>6099332262</PI_PHON>
<NSF_ID>000837889</NSF_ID>
<StartDate>03/24/2022</StartDate>
<EndDate/>
<RoleCode>Principal Investigator</RoleCode>
</Investigator>
<Institution>
<Name>University of Pennsylvania</Name>
<CityName>PHILADELPHIA</CityName>
<ZipCode>191046205</ZipCode>
<PhoneNumber>2158987293</PhoneNumber>
<StreetAddress>3451 WALNUT ST STE 440A</StreetAddress>
<StreetAddress2/>
<CountryName>United States</CountryName>
<StateName>Pennsylvania</StateName>
<StateCode>PA</StateCode>
<CONGRESSDISTRICT>03</CONGRESSDISTRICT>
<CONGRESS_DISTRICT_ORG>PA03</CONGRESS_DISTRICT_ORG>
<ORG_UEI_NUM>GM1XX56LEP58</ORG_UEI_NUM>
<ORG_LGL_BUS_NAME>TRUSTEES OF THE UNIVERSITY OF PENNSYLVANIA, THE</ORG_LGL_BUS_NAME>
<ORG_PRNT_UEI_NUM>GM1XX56LEP58</ORG_PRNT_UEI_NUM>
</Institution>
<Performance_Institution>
<Name><![CDATA[International Centre for Mathematical Sciences (ICMS)]]></Name>
<CityName>Edinburgh</CityName>
<StateCode/>
<ZipCode/>
<StreetAddress><![CDATA[47 Potterrow]]></StreetAddress>
<CountryCode>UK</CountryCode>
<CountryName>United Kingdom</CountryName>
<StateName>RI REQUIRED</StateName>
<CountryFlag>0</CountryFlag>
<CONGRESSDISTRICT/>
<CONGRESS_DISTRICT_PERF>""</CONGRESS_DISTRICT_PERF>
</Performance_Institution>
<ProgramElement>
<Code>1264</Code>
<Text>ALGEBRA,NUMBER THEORY,AND COM</Text>
</ProgramElement>
<ProgramReference>
<Code>7556</Code>
<Text>CONFERENCE AND WORKSHOPS</Text>
</ProgramReference>
<FUND_OBLG>2022~27450</FUND_OBLG>
</Award>
</rootTag>
