<?xml version="1.0" encoding="UTF-8"?>
<rootTag>
<Award>
<AwardTitle>Geometry and Arithmetic of Brill--Noether Loci and Brill--Noether curves</AwardTitle>
<AGENCY>NSF</AGENCY>
<AwardEffectiveDate>07/01/2022</AwardEffectiveDate>
<AwardExpirationDate>06/30/2025</AwardExpirationDate>
<AwardTotalIntnAmount>210000.00</AwardTotalIntnAmount>
<AwardAmount>210000</AwardAmount>
<AwardInstrument>
<Value>Standard Grant</Value>
</AwardInstrument>
<Organization>
<Code>03040000</Code>
<Directorate>
<Abbreviation>MPS</Abbreviation>
<LongName>Direct For Mathematical &amp; Physical Scien</LongName>
</Directorate>
<Division>
<Abbreviation>DMS</Abbreviation>
<LongName>Division Of Mathematical Sciences</LongName>
</Division>
</Organization>
<ProgramOfficer>
<SignBlockName>Sandra Spiroff</SignBlockName>
<PO_EMAI>sspiroff@nsf.gov</PO_EMAI>
<PO_PHON>7032928069</PO_PHON>
</ProgramOfficer>
<AbstractNarration>Polynomial equations are ubiquitous in mathematics, physics, and other sciences.  One can study a system of polynomial equations geometrically, by thinking about the shape formed by these solutions, as well as arithmetically, by considering what types of numbers arise in solutions.  This project studies the relationship between the geometry and arithmetic in the one-dimensional case of algebraic curves.  Broadly, this project will investigate the possible explicit realizations of an abstract algebraic curve by polynomial equations (so-called Brill-Noether theory), which informs both the geometry of the curve, as well as its arithmetic of solutions over bounded extensions of the rational numbers. The project includes the training of undergraduate and graduate students and work with members of underrepresented groups. &lt;br/&gt;&lt;br/&gt;Specifically, the PI will initiate the arithmetic Brill-Noether theory program to elucidate the structure of the rational points on Brill-Noether loci in the Picard variety of a curve.  This has applications to determining the low degree points on curves defined over number fields.  The PI will also investigate analogues of the classic Brill-Noether theorem when the curve is special in moduli due to a low degree realization in projective space.  In particular, when the curve has a low degree map to the projective line, the PI will study the relationship with affine permutations and the affine Grassmannian.&lt;br/&gt;&lt;br/&gt;This award reflects NSF's statutory mission and has been deemed worthy of support through evaluation using the Foundation's intellectual merit and broader impacts review criteria.</AbstractNarration>
<MinAmdLetterDate>04/11/2022</MinAmdLetterDate>
<MaxAmdLetterDate>04/11/2022</MaxAmdLetterDate>
<ARRAAmount/>
<TRAN_TYPE>Grant</TRAN_TYPE>
<CFDA_NUM>47.049</CFDA_NUM>
<NSF_PAR_USE_FLAG>1</NSF_PAR_USE_FLAG>
<FUND_AGCY_CODE>4900</FUND_AGCY_CODE>
<AWDG_AGCY_CODE>4900</AWDG_AGCY_CODE>
<AwardID>2200655</AwardID>
<Investigator>
<FirstName>Isabel</FirstName>
<LastName>Vogt</LastName>
<PI_MID_INIT/>
<PI_SUFX_NAME/>
<PI_FULL_NAME>Isabel Vogt</PI_FULL_NAME>
<EmailAddress>isabel_vogt@brown.edu</EmailAddress>
<PI_PHON>4018631132</PI_PHON>
<NSF_ID>000865121</NSF_ID>
<StartDate>04/11/2022</StartDate>
<EndDate/>
<RoleCode>Principal Investigator</RoleCode>
</Investigator>
<Institution>
<Name>Brown University</Name>
<CityName>PROVIDENCE</CityName>
<ZipCode>029129127</ZipCode>
<PhoneNumber>4018632777</PhoneNumber>
<StreetAddress>1 PROSPECT ST</StreetAddress>
<StreetAddress2/>
<CountryName>United States</CountryName>
<StateName>Rhode Island</StateName>
<StateCode>RI</StateCode>
<CONGRESSDISTRICT>01</CONGRESSDISTRICT>
<CONGRESS_DISTRICT_ORG>RI01</CONGRESS_DISTRICT_ORG>
<ORG_UEI_NUM>E3FDXZ6TBHW3</ORG_UEI_NUM>
<ORG_LGL_BUS_NAME>BROWN UNIVERSITY</ORG_LGL_BUS_NAME>
<ORG_PRNT_UEI_NUM>E3FDXZ6TBHW3</ORG_PRNT_UEI_NUM>
</Institution>
<Performance_Institution>
<Name><![CDATA[Brown University]]></Name>
<CityName>Providence</CityName>
<StateCode>RI</StateCode>
<ZipCode>029129002</ZipCode>
<StreetAddress/>
<CountryCode>US</CountryCode>
<CountryName>United States</CountryName>
<StateName>Rhode Island</StateName>
<CountryFlag>1</CountryFlag>
<CONGRESSDISTRICT>01</CONGRESSDISTRICT>
<CONGRESS_DISTRICT_PERF>RI01</CONGRESS_DISTRICT_PERF>
</Performance_Institution>
<ProgramElement>
<Code>1264</Code>
<Text>ALGEBRA,NUMBER THEORY,AND COM</Text>
</ProgramElement>
<ProgramReference>
<Code>9150</Code>
<Text>EXP PROG TO STIM COMP RES</Text>
</ProgramReference>
<FUND_OBLG>2022~210000</FUND_OBLG>
</Award>
</rootTag>
