<?xml version="1.0" encoding="UTF-8"?>
<rootTag>
<Award>
<AwardTitle>EAGER: Investigating plant thermomorphogenesis using innovative miniature devices</AwardTitle>
<AGENCY>NSF</AGENCY>
<AwardEffectiveDate>01/01/2022</AwardEffectiveDate>
<AwardExpirationDate>12/31/2023</AwardExpirationDate>
<AwardTotalIntnAmount>299717.00</AwardTotalIntnAmount>
<AwardAmount>299717</AwardAmount>
<AwardInstrument>
<Value>Standard Grant</Value>
</AwardInstrument>
<Organization>
<Code>08090000</Code>
<Directorate>
<Abbreviation>BIO</Abbreviation>
<LongName>Direct For Biological Sciences</LongName>
</Directorate>
<Division>
<Abbreviation>IOS</Abbreviation>
<LongName>Division Of Integrative Organismal Systems</LongName>
</Division>
</Organization>
<ProgramOfficer>
<SignBlockName>Mamta Rawat</SignBlockName>
<PO_EMAI>mrawat@nsf.gov</PO_EMAI>
<PO_PHON>7032927265</PO_PHON>
</ProgramOfficer>
<AbstractNarration>Global climate change has generated significant fluctuations in ambient growth temperature, which profoundly influences diverse developmental, physiological, and morphological responses in plants, including rapid stem and root elongation, enhanced leafstalk growth and upward leaf bending, and early flowering. Understanding how plants adjust their developmental programs in response to temperature variations is central to improve plant fitness and sustain crop productivity. Most temperature signaling mechanisms were revealed at the whole-plant level, which averages distinct organ and cell types and thus inadvertently creates a one-size-fits-all illusion of proposed thermal sensing and response mechanisms. The proposed experiments are aimed at developing a novel miniature device to study thermal sensing and responses at the organ and cell levels. This new technology allows accurate induction and monitoring of thermal changes in a specific organ, tissue, or cell, making it possible to differentiate distinct thermal responses in various organs and cell types, and unveil the communication mechanisms between different organs and cell layers during coordinated thermal responses. The technology, not yet developed so is potentially risky in execution, is expected to be high reward because it will revolutionize research on thermal sensing and responses in various multicellular organisms and unicellular colonials. This knowledge can be used to advance our understanding of how global warming affects plant growth and development and provide the knowledge basis that may facilitate scientists to generate climate-smart crops. The project also offers opportunities in interdisciplinary research training for students of underrepresented groups.&lt;br/&gt;&lt;br/&gt;The investigators of this collaborative project plan to use thermoresponsive hypocotyl (the embryonic stem) and root growth in the dicotyledonous plant Arabidopsis thaliana as a model to establish the Miniature heater-assisted thermomorphogenetic study (Miheats). The project comprises three components. First, a novel manufacturing technique will be developed to produce low-cost, self-designed miniature heaters that are scalable, durable, and flexible. Next, Miheats will be implemented in planta and a series of phenotypic and genetic analyses of Arabidopsis seedlings will be performed to evaluate the technical outcomes of Miheats. Finally, transcriptomic and proteomic analyses will be employed to identify co-regulated gene and protein modules in different organs/cells and unveil the homogeneity and heterogeneity of organ- and cell-specific thermomorphogenetic signaling. Therefore, the project addresses Understanding the Rules of Life and grows Convergence Research by infusing advances in micro/nanofabrication and minimally invasive approaches to create a new solver for investigating organ/cell-autonomous and -nonautonomous reactions as well as interorgan and intercellular communications in response to temperature fluctuations in multi-cellular organisms. Further, this high risk / high reward project will improve the Vision and Change in Undergraduate Biology Education core competencies, especially the ability to tap into the interdisciplinary nature of science and the ability to communicate and collaborate with other disciplines, of underrepresented minority students at the University of Mississippi.&lt;br/&gt;&lt;br/&gt;This award reflects NSF's statutory mission and has been deemed worthy of support through evaluation using the Foundation's intellectual merit and broader impacts review criteria.</AbstractNarration>
<MinAmdLetterDate>11/22/2021</MinAmdLetterDate>
<MaxAmdLetterDate>11/22/2021</MaxAmdLetterDate>
<ARRAAmount/>
<TRAN_TYPE>Grant</TRAN_TYPE>
<CFDA_NUM>47.074</CFDA_NUM>
<NSF_PAR_USE_FLAG>1</NSF_PAR_USE_FLAG>
<FUND_AGCY_CODE>4900</FUND_AGCY_CODE>
<AWDG_AGCY_CODE>4900</AWDG_AGCY_CODE>
<AwardID>2200200</AwardID>
<Investigator>
<FirstName>Yiwei</FirstName>
<LastName>Han</LastName>
<PI_MID_INIT/>
<PI_SUFX_NAME/>
<PI_FULL_NAME>Yiwei Han</PI_FULL_NAME>
<EmailAddress>yhan2@olemiss.edu</EmailAddress>
<PI_PHON>6629153032</PI_PHON>
<NSF_ID>000828274</NSF_ID>
<StartDate>11/22/2021</StartDate>
<EndDate/>
<RoleCode>Co-Principal Investigator</RoleCode>
</Investigator>
<Investigator>
<FirstName>YONGJIAN</FirstName>
<LastName>QIU</LastName>
<PI_MID_INIT/>
<PI_SUFX_NAME/>
<PI_FULL_NAME>YONGJIAN QIU</PI_FULL_NAME>
<EmailAddress>yqiu@olemiss.edu</EmailAddress>
<PI_PHON>6629153276</PI_PHON>
<NSF_ID>000858806</NSF_ID>
<StartDate>11/22/2021</StartDate>
<EndDate/>
<RoleCode>Principal Investigator</RoleCode>
</Investigator>
<Institution>
<Name>University of Mississippi</Name>
<CityName>UNIVERSITY</CityName>
<ZipCode>386779704</ZipCode>
<PhoneNumber>6629157482</PhoneNumber>
<StreetAddress>113 FALKNER</StreetAddress>
<StreetAddress2/>
<CountryName>United States</CountryName>
<StateName>Mississippi</StateName>
<StateCode>MS</StateCode>
<CONGRESSDISTRICT>01</CONGRESSDISTRICT>
<CONGRESS_DISTRICT_ORG>MS01</CONGRESS_DISTRICT_ORG>
<ORG_UEI_NUM>G1THVER8BNL4</ORG_UEI_NUM>
<ORG_LGL_BUS_NAME>UNIVERSITY OF MISSISSIPPI</ORG_LGL_BUS_NAME>
<ORG_PRNT_UEI_NUM>G1THVER8BNL4</ORG_PRNT_UEI_NUM>
</Institution>
<Performance_Institution>
<Name><![CDATA[University of Mississippi]]></Name>
<CityName>UNIVERSITY</CityName>
<StateCode>MS</StateCode>
<ZipCode>386771848</ZipCode>
<StreetAddress><![CDATA[100 BARR HALL]]></StreetAddress>
<CountryCode>US</CountryCode>
<CountryName>United States</CountryName>
<StateName>Mississippi</StateName>
<CountryFlag>1</CountryFlag>
<CONGRESSDISTRICT>01</CONGRESSDISTRICT>
<CONGRESS_DISTRICT_PERF>MS01</CONGRESS_DISTRICT_PERF>
</Performance_Institution>
<ProgramElement>
<Code>1118</Code>
<Text>PLANT FUNGAL &amp; MICROB DEV MECH</Text>
</ProgramElement>
<ProgramReference>
<Code>7916</Code>
<Text>EAGER</Text>
</ProgramReference>
<ProgramReference>
<Code>9150</Code>
<Text>EXP PROG TO STIM COMP RES</Text>
</ProgramReference>
<ProgramReference>
<Code>9179</Code>
<Text>GRADUATE INVOLVEMENT</Text>
</ProgramReference>
<FUND_OBLG>2022~299717</FUND_OBLG>
</Award>
</rootTag>
