<?xml version="1.0" encoding="UTF-8"?>
<rootTag>
<Award>
<AwardTitle><![CDATA[ECR Core Research: Investigating Computer Science Departmental Diversity Efforts to Identify Levers for Change]]></AwardTitle>
<AGENCY>NSF</AGENCY>
<AwardEffectiveDate>07/01/2022</AwardEffectiveDate>
<AwardExpirationDate>06/30/2025</AwardExpirationDate>
<AwardTotalIntnAmount>499873.00</AwardTotalIntnAmount>
<AwardAmount>319319</AwardAmount>
<AwardInstrument>
<Value>Continuing Grant</Value>
</AwardInstrument>
<Organization>
<Code>11060000</Code>
<Directorate>
<Abbreviation>EHR</Abbreviation>
<LongName>Direct For Education and Human Resources</LongName>
</Directorate>
<Division>
<Abbreviation>HRD</Abbreviation>
<LongName>Division Of Human Resource Development</LongName>
</Division>
</Organization>
<ProgramOfficer>
<SignBlockName>Carrie Hall</SignBlockName>
<PO_EMAI>carhall@nsf.gov</PO_EMAI>
<PO_PHON>7032924641</PO_PHON>
</ProgramOfficer>
<AbstractNarration><![CDATA[This study addresses the longstanding problem of the lack of diversity among persons studying and working in the field of computer science (CS). The statistics describing the gender and race/ethnicity of those who earn CS degrees tell a story of a discipline that has been slow to change. The percentage of CS undergraduate degrees that have been earned by women has barely risen in nearly two decades. The lack of representation of Hispanic, African American, and Native American students in computing over the past few decades is even direr. And yet many CS departments have undertaken a wide variety of efforts to broaden participation in computing (BPC). While BPC efforts have been studied, the research until now has not examined a key lever that helps or hinders progress: faculty members’ attitudes toward diversity and their department’s BPC efforts. This project will seek to understand more about these faculty attitudes, supports, and obstacles to provide research-based recommendations to those who wish to diversify the students graduating with computing degrees. This diversification is important because today’s students are society’s future technologists, so they should reflect the society they will soon serve.&lt;br/&gt;&lt;br/&gt;This research study will take a phenomenological qualitative approach to explore faculty attitudes, conceptions, and beliefs about broadening participation in computing (BPC) initiatives. The researchers will collect interview data from faculty and administrators in three different computer science departments chosen from among the top 25 undergraduate CS degree producers in the US. Each institution in the sample has been significantly involved in diversity efforts at the departmental level, with some successes, but with a notable lack of success in certain areas. The study’s main research question will be: What organizational conditions support or hinder faculty uptake of BPC efforts in high undergraduate-degree producing computing departments? Because faculty work within organizational systems that help or hinder their ability to produce and sustain change in their departments, the study draws upon neo-institutional theory. This theory helps clarify the role that faculty beliefs and actions play in responding to and co-creating departmental culture, including fostering inclusive departmental climates for non-majority populations. The study’s goal is to build a knowledge base of what supports and hinders departmental diversity efforts, and what organizational conditions are necessary for change to take hold. This knowledge base can lead to new interventions relative to BPC and CS faculty, as well as related research in other disciplines or other higher education institution types.&lt;br/&gt;&lt;br/&gt;This project is supported by NSF's EHR Core Research (ECR) program. The ECR program emphasizes fundamental STEM education research that generates foundational knowledge in the field. Investments are made in critical areas that are essential, broad, and enduring: STEM learning and STEM learning environments, broadening participation in STEM, and STEM workforce development. The program supports the accumulation of robust evidence to inform efforts to understand, build theory to explain, and suggest interventions and innovations to address persistence.&lt;br/&gt;&lt;br/&gt;This award reflects NSF's statutory mission and has been deemed worthy of support through evaluation using the Foundation's intellectual merit and broader impacts review criteria.]]></AbstractNarration>
<MinAmdLetterDate>06/16/2022</MinAmdLetterDate>
<MaxAmdLetterDate>06/16/2022</MaxAmdLetterDate>
<ARRAAmount/>
<TRAN_TYPE>Grant</TRAN_TYPE>
<CFDA_NUM>47.076</CFDA_NUM>
<NSF_PAR_USE_FLAG>1</NSF_PAR_USE_FLAG>
<FUND_AGCY_CODE>4900</FUND_AGCY_CODE>
<AWDG_AGCY_CODE>4900</AWDG_AGCY_CODE>
<AwardID>2200706</AwardID>
<Investigator>
<FirstName>Heather</FirstName>
<LastName>Thiry</LastName>
<PI_MID_INIT>L</PI_MID_INIT>
<PI_SUFX_NAME/>
<PI_FULL_NAME>Heather L Thiry</PI_FULL_NAME>
<EmailAddress><![CDATA[heather.smith@colorado.edu]]></EmailAddress>
<NSF_ID>000242556</NSF_ID>
<StartDate>06/16/2022</StartDate>
<EndDate/>
<RoleCode>Co-Principal Investigator</RoleCode>
</Investigator>
<Investigator>
<FirstName>Wendy</FirstName>
<LastName>DuBow</LastName>
<PI_MID_INIT>M</PI_MID_INIT>
<PI_SUFX_NAME/>
<PI_FULL_NAME>Wendy M DuBow</PI_FULL_NAME>
<EmailAddress><![CDATA[wendy.dubow@colorado.edu]]></EmailAddress>
<NSF_ID>000527046</NSF_ID>
<StartDate>06/16/2022</StartDate>
<EndDate/>
<RoleCode>Principal Investigator</RoleCode>
</Investigator>
<Institution>
<Name>University of Colorado at Boulder</Name>
<CityName>BOULDER</CityName>
<ZipCode>803090001</ZipCode>
<PhoneNumber>3034926221</PhoneNumber>
<StreetAddress>3100 MARINE ST STE 481 572 UCB</StreetAddress>
<StreetAddress2/>
<CountryName>United States</CountryName>
<StateName>Colorado</StateName>
<StateCode>CO</StateCode>
<CONGRESSDISTRICT>02</CONGRESSDISTRICT>
<CONGRESS_DISTRICT_ORG>CO02</CONGRESS_DISTRICT_ORG>
<ORG_UEI_NUM>SPVKK1RC2MZ3</ORG_UEI_NUM>
<ORG_LGL_BUS_NAME>REGENTS OF THE UNIVERSITY OF COLORADO, THE</ORG_LGL_BUS_NAME>
<ORG_PRNT_UEI_NUM>SPVKK1RC2MZ3</ORG_PRNT_UEI_NUM>
</Institution>
<Performance_Institution>
<Name><![CDATA[University of Colorado at Boulder]]></Name>
<CityName>Boulder</CityName>
<StateCode>CO</StateCode>
<ZipCode>803031058</ZipCode>
<StreetAddress><![CDATA[3100 Marine Street, Room 481]]></StreetAddress>
<CountryCode>US</CountryCode>
<CountryName>United States</CountryName>
<StateName>Colorado</StateName>
<CountryFlag>1</CountryFlag>
<CONGRESSDISTRICT>02</CONGRESSDISTRICT>
<CONGRESS_DISTRICT_PERF>CO02</CONGRESS_DISTRICT_PERF>
</Performance_Institution>
<ProgramElement>
<Code>7980</Code>
<Text>ECR-EHR Core Research</Text>
</ProgramElement>
<ProgramReference>
<Code>112Z</Code>
<Text>Racial Equity in STEM</Text>
</ProgramReference>
<ProgramReference>
<Code>8212</Code>
<Text>Broaden Particip STEM Resrch</Text>
</ProgramReference>
<ProgramReference>
<Code>8816</Code>
<Text>Workforce Development</Text>
</ProgramReference>
<ProgramReference>
<Code>8817</Code>
<Text>STEM Learning &amp; Learning Environments</Text>
</ProgramReference>
<FUND_OBLG>2022~319319</FUND_OBLG>
</Award>
</rootTag>
