<?xml version="1.0" encoding="UTF-8"?>
<rootTag>
<Award>
<AwardTitle>Topics in Analytic Number Theory and Additive Combinatorics</AwardTitle>
<AGENCY>NSF</AGENCY>
<AwardEffectiveDate>07/01/2022</AwardEffectiveDate>
<AwardExpirationDate>06/30/2025</AwardExpirationDate>
<AwardTotalIntnAmount>168513.00</AwardTotalIntnAmount>
<AwardAmount>168513</AwardAmount>
<AwardInstrument>
<Value>Standard Grant</Value>
</AwardInstrument>
<Organization>
<Code>03040000</Code>
<Directorate>
<Abbreviation>MPS</Abbreviation>
<LongName>Direct For Mathematical &amp; Physical Scien</LongName>
</Directorate>
<Division>
<Abbreviation>DMS</Abbreviation>
<LongName>Division Of Mathematical Sciences</LongName>
</Division>
</Organization>
<ProgramOfficer>
<SignBlockName>Adriana Salerno</SignBlockName>
<PO_EMAI>asalerno@nsf.gov</PO_EMAI>
<PO_PHON>7032922271</PO_PHON>
</ProgramOfficer>
<AbstractNarration>This is an interdisciplinary   project connecting number theory and combinatorics. One central theme in analytic number theory is to understand the distribution of primes numbers, a topic that has important applications in cryptography, coding theory, and financial security. It is a field that is currently experiencing intensive progress, in sometimes unexpected directions. In recent years, many important classical questions have seen spectacular advances based on new techniques; conversely, methods developed in analytic number theory have led to the solution of striking problems in other fields. The main goal of this research project is to make progress on the distributional properties of primes and other related arithmetic objects, by developing further the classical analytic tools and the more modern additive combinatorial tools, and by understanding how to effectively combine these two different tools together. It is hoped that the need for stronger results to cater for applications in analytic number theory will drive the development of additive combinatorics, and vice versa. The grant will also be used to help train graduate students in the area.&lt;br/&gt;&lt;br/&gt;More specifically, the PI will continue his work surrounding additive problems with primes. These works will involve developing both analytic tools and combinatorial tools. On the analytic side, the PI will continue to investigate the theory of Gowers norms for multiplicative functions and for the von-Mangoldt function, which are higher-order extensions to classical exponential sum estimates involving these functions. On the combinatorial side, the PI expects to develop tools from additive combinatorics for locating arithmetic structures within dense sets of integers and discover new mechanisms for using them to exhibit such structures in the primes. The additive combinatorial ideas behind these tools, such as pseudorandomness and Gowers uniformity norms, have a strong link with topics in theoretical computer science such as extractors and expanders, property testing, and error-correcting codes. The PI plans to explore these links in this project. &lt;br/&gt;&lt;br/&gt;This project is jointly funded by the Algebra and Number Theory program, the Established Program to Stimulate Competitive Research (EPSCoR), and the Combinatorics program.&lt;br/&gt;&lt;br/&gt;This award reflects NSF's statutory mission and has been deemed worthy of support through evaluation using the Foundation's intellectual merit and broader impacts review criteria.</AbstractNarration>
<MinAmdLetterDate>05/26/2022</MinAmdLetterDate>
<MaxAmdLetterDate>05/26/2022</MaxAmdLetterDate>
<ARRAAmount/>
<TRAN_TYPE>Grant</TRAN_TYPE>
<CFDA_NUM>47.049, 47.083</CFDA_NUM>
<NSF_PAR_USE_FLAG>1</NSF_PAR_USE_FLAG>
<FUND_AGCY_CODE>4900</FUND_AGCY_CODE>
<AWDG_AGCY_CODE>4900</AWDG_AGCY_CODE>
<AwardID>2200565</AwardID>
<Investigator>
<FirstName>Xuancheng</FirstName>
<LastName>Shao</LastName>
<PI_MID_INIT/>
<PI_SUFX_NAME/>
<PI_FULL_NAME>Xuancheng Shao</PI_FULL_NAME>
<EmailAddress>xuancheng.shao@uky.edu</EmailAddress>
<PI_PHON/>
<NSF_ID>000756970</NSF_ID>
<StartDate>05/26/2022</StartDate>
<EndDate/>
<RoleCode>Principal Investigator</RoleCode>
</Investigator>
<Institution>
<Name>University of Kentucky Research Foundation</Name>
<CityName>LEXINGTON</CityName>
<ZipCode>405260001</ZipCode>
<PhoneNumber>8592579420</PhoneNumber>
<StreetAddress>500 S LIMESTONE 109 KINKEAD HALL</StreetAddress>
<StreetAddress2/>
<CountryName>United States</CountryName>
<StateName>Kentucky</StateName>
<StateCode>KY</StateCode>
<CONGRESSDISTRICT>06</CONGRESSDISTRICT>
<CONGRESS_DISTRICT_ORG>KY06</CONGRESS_DISTRICT_ORG>
<ORG_UEI_NUM>H1HYA8Z1NTM5</ORG_UEI_NUM>
<ORG_LGL_BUS_NAME>UNIVERSITY OF KENTUCKY RESEARCH FOUNDATION, THE</ORG_LGL_BUS_NAME>
<ORG_PRNT_UEI_NUM>QUKNKLZ4N889</ORG_PRNT_UEI_NUM>
</Institution>
<Performance_Institution>
<Name><![CDATA[University of Kentucky Research Foundation]]></Name>
<CityName>Lexington</CityName>
<StateCode>KY</StateCode>
<ZipCode>405260001</ZipCode>
<StreetAddress><![CDATA[500 South Limestone]]></StreetAddress>
<CountryCode>US</CountryCode>
<CountryName>United States</CountryName>
<StateName>Kentucky</StateName>
<CountryFlag>1</CountryFlag>
<CONGRESSDISTRICT>06</CONGRESSDISTRICT>
<CONGRESS_DISTRICT_PERF>KY06</CONGRESS_DISTRICT_PERF>
</Performance_Institution>
<ProgramElement>
<Code>1264</Code>
<Text>ALGEBRA,NUMBER THEORY,AND COM</Text>
</ProgramElement>
<ProgramElement>
<Code>7970</Code>
<Text>Combinatorics</Text>
</ProgramElement>
<ProgramElement>
<Code>9150</Code>
<Text>EPSCoR Co-Funding</Text>
</ProgramElement>
<ProgramReference>
<Code>9150</Code>
<Text>EXP PROG TO STIM COMP RES</Text>
</ProgramReference>
<FUND_OBLG>2022~168513</FUND_OBLG>
</Award>
</rootTag>
