<?xml version="1.0" encoding="UTF-8"?>
<rootTag>
<Award>
<AwardTitle><![CDATA[Collaborative Research: RI: Small: Unsupervised Islamicate Manuscript Transcription via Lacunae Reconstruction]]></AwardTitle>
<AGENCY>NSF</AGENCY>
<AwardEffectiveDate>07/01/2022</AwardEffectiveDate>
<AwardExpirationDate>06/30/2025</AwardExpirationDate>
<AwardTotalIntnAmount>297845.00</AwardTotalIntnAmount>
<AwardAmount>297845</AwardAmount>
<AwardInstrument>
<Value>Standard Grant</Value>
</AwardInstrument>
<Organization>
<Code>05020000</Code>
<Directorate>
<Abbreviation>CSE</Abbreviation>
<LongName>Direct For Computer &amp; Info Scie &amp; Enginr</LongName>
</Directorate>
<Division>
<Abbreviation>IIS</Abbreviation>
<LongName>Div Of Information &amp; Intelligent Systems</LongName>
</Division>
</Organization>
<ProgramOfficer>
<SignBlockName>Tatiana Korelsky</SignBlockName>
<PO_EMAI>tkorelsk@nsf.gov</PO_EMAI>
<PO_PHON>7032928729</PO_PHON>
</ProgramOfficer>
<AbstractNarration><![CDATA[This award tackles handwritten text recognition (HTR, the task of automatically transcribing images of handwritten manuscripts into symbolic text) for Islamicate manuscripts, a domain that encompasses Persian and Arabic written traditions originating in the premodern Islamic world (7th-19th centuries). HTR for modern text is itself a challenging problem that has received substantial attention from the fields of machine learning (ML) and artificial intelligence (AI). However, the predominance of modern text in HTR research is, to some extent, waning: current techniques are relatively robust on modern data, and contemporary written media production is already almost entirely digital. In contrast, historical manuscripts have received comparatively less attention from ML and AI, and at the same time represent both an exceptional opportunity for impact and a set of unique challenges for ML techniques. Specifically, the written traditions of the Islamicate world together form one of the largest -- if not the largest -- archives of human cultural production of the premodern world. Scanning and digitization efforts over the last decade have made images of Islamicate manuscripts in a large number of collections available to the public. However, this data remains ‘locked’ for most scholarly uses because it has not been transcribed into symbolic text which is required for many types of analysis. In fact, the script styles used in Islamicate manuscripts -- 'scribal hands' -- vary so widely and differ so substantially from modern forms that even manual close reading of these texts requires expert training and is thus limited to a small subset of researchers. The primary outcome of this project will be new techniques that 'unlock' the Islamicate written tradition by accurately transcribing it. As a result, this project has the potential to be transformative for humanities disciplines such as Islamic and Near Eastern Studies by enabling libraries to accurately transcribe entire collections and, further, by allowing individual researchers to accurately transcribe manuscripts outside the western canon. Finally, this research will also support interdisciplinary training of a diverse set of graduate students at the University of California San Diego and the University of Maryland.&lt;br/&gt;&lt;br/&gt;Current techniques for HTR require large amounts of in-domain supervised training data in order to produce highly accurate transcriptions. The neural architectures behind these modern methods are capable of generalizing, to some degree, across modern handwriting styles when trained on larger and more diverse collections of transcribed data. However, their limitations make these techniques impractical for large-scale transcription of Islamicate texts for two reasons: (1) scribal hand variation across Islamicate manuscripts is much more pronounced than stylistic variation in modern handwriting; and (2) transcriptions of Islamicate manuscripts that can be used as supervised training data are extremely scarce because accurate manual transcription requires expert training. This project will develop a new unsupervised learning framework for Islamicate HTR centered around a novel pretraining task: lacuna reconstruction. The new approach trains a neural encoder for images of manuscript text lines by learning to reconstruct masked regions -- i.e. lacaunae -- of unlabeled manuscript images. This completely unsupervised training criterion implicitly incentivizes the model to discover and encode discrete&lt;br/&gt;&lt;br/&gt;This award reflects NSF's statutory mission and has been deemed worthy of support through evaluation using the Foundation's intellectual merit and broader impacts review criteria.]]></AbstractNarration>
<MinAmdLetterDate>06/22/2022</MinAmdLetterDate>
<MaxAmdLetterDate>06/22/2022</MaxAmdLetterDate>
<ARRAAmount/>
<TRAN_TYPE>Grant</TRAN_TYPE>
<CFDA_NUM>47.070</CFDA_NUM>
<NSF_PAR_USE_FLAG>1</NSF_PAR_USE_FLAG>
<FUND_AGCY_CODE>4900</FUND_AGCY_CODE>
<AWDG_AGCY_CODE>4900</AWDG_AGCY_CODE>
<AwardID>2200334</AwardID>
<Investigator>
<FirstName>Matthew</FirstName>
<LastName>Miller</LastName>
<PI_MID_INIT>T</PI_MID_INIT>
<PI_SUFX_NAME/>
<PI_FULL_NAME>Matthew T Miller</PI_FULL_NAME>
<EmailAddress><![CDATA[mtmiller@umd.edu]]></EmailAddress>
<NSF_ID>000852039</NSF_ID>
<StartDate>06/22/2022</StartDate>
<EndDate/>
<RoleCode>Principal Investigator</RoleCode>
</Investigator>
<Investigator>
<FirstName>Jonathan</FirstName>
<LastName>Allen</LastName>
<PI_MID_INIT>P</PI_MID_INIT>
<PI_SUFX_NAME/>
<PI_FULL_NAME>Jonathan P Allen</PI_FULL_NAME>
<EmailAddress><![CDATA[jallen22@umd.edu]]></EmailAddress>
<NSF_ID>000853117</NSF_ID>
<StartDate>06/22/2022</StartDate>
<EndDate/>
<RoleCode>Co-Principal Investigator</RoleCode>
</Investigator>
<Institution>
<Name>University of Maryland, College Park</Name>
<CityName>COLLEGE PARK</CityName>
<ZipCode>207420001</ZipCode>
<PhoneNumber>3014056269</PhoneNumber>
<StreetAddress>3112 LEE BLDG 7809 REGENTS DR</StreetAddress>
<StreetAddress2/>
<CountryName>United States</CountryName>
<StateName>Maryland</StateName>
<StateCode>MD</StateCode>
<CONGRESSDISTRICT>05</CONGRESSDISTRICT>
<CONGRESS_DISTRICT_ORG>MD05</CONGRESS_DISTRICT_ORG>
<ORG_UEI_NUM>NPU8ULVAAS23</ORG_UEI_NUM>
<ORG_LGL_BUS_NAME>UNIVERSITY OF MARYLAND, COLLEGE PARK</ORG_LGL_BUS_NAME>
<ORG_PRNT_UEI_NUM>KMGEN62NKEM9</ORG_PRNT_UEI_NUM>
</Institution>
<Performance_Institution>
<Name><![CDATA[University of Maryland, College Park]]></Name>
<CityName>College Park</CityName>
<StateCode>MD</StateCode>
<ZipCode>207421000</ZipCode>
<StreetAddress><![CDATA[3112 LEE BLDG 7809 Regents Drive]]></StreetAddress>
<CountryCode>US</CountryCode>
<CountryName>United States</CountryName>
<StateName>Maryland</StateName>
<CountryFlag>1</CountryFlag>
<CONGRESSDISTRICT>05</CONGRESSDISTRICT>
<CONGRESS_DISTRICT_PERF>MD05</CONGRESS_DISTRICT_PERF>
</Performance_Institution>
<ProgramElement>
<Code>7495</Code>
<Text>Robust Intelligence</Text>
</ProgramElement>
<ProgramReference>
<Code>7495</Code>
<Text>ROBUST INTELLIGENCE</Text>
</ProgramReference>
<ProgramReference>
<Code>7923</Code>
<Text>SMALL PROJECT</Text>
</ProgramReference>
<Appropriation>
<Code/>
<Name/>
<APP_SYMB_ID/>
</Appropriation>
<Fund>
<Code>01002223DB</Code>
<Name><![CDATA[NSF RESEARCH & RELATED ACTIVIT]]></Name>
<FUND_SYMB_ID>040100</FUND_SYMB_ID>
</Fund>
<FUND_OBLG>2022~297845</FUND_OBLG>
</Award>
</rootTag>
