<?xml version="1.0" encoding="UTF-8"?>
<rootTag>
<Award>
<AwardTitle>Shimura Varieties and Abelian Varieties</AwardTitle>
<AGENCY>NSF</AGENCY>
<AwardEffectiveDate>07/01/2022</AwardEffectiveDate>
<AwardExpirationDate>06/30/2025</AwardExpirationDate>
<AwardTotalIntnAmount>400000.00</AwardTotalIntnAmount>
<AwardAmount>132417</AwardAmount>
<AwardInstrument>
<Value>Continuing Grant</Value>
</AwardInstrument>
<Organization>
<Code>03040000</Code>
<Directorate>
<Abbreviation>MPS</Abbreviation>
<LongName>Direct For Mathematical &amp; Physical Scien</LongName>
</Directorate>
<Division>
<Abbreviation>DMS</Abbreviation>
<LongName>Division Of Mathematical Sciences</LongName>
</Division>
</Organization>
<ProgramOfficer>
<SignBlockName>Adriana Salerno</SignBlockName>
<PO_EMAI>asalerno@nsf.gov</PO_EMAI>
<PO_PHON>7032922271</PO_PHON>
</ProgramOfficer>
<AbstractNarration>The award supports the principal investigator's research in arithmetic geometry, a branch of mathematics that studies integer solutions of polynomial equations, also called “rational points.” Arithmetic geometry has played a central role in solving many outstanding problems in number theory, such as Fermat's Last Theorem and the Mordell conjecture concerning the number of rational points on a curve. The main objects of study in this research project are called "Abelian varieties" and "Shimura varieties,” the study of which is at the interface of algebraic geometry, number theory, and representation theory and has broad applications to a number of long-standing conjectures. The project provides training opportunities for graduate students.&lt;br/&gt; &lt;br/&gt;This project concerns problems in and applications of the arithmetic of Abelian varieties and Shimura varieties, the latter being generalizations of the moduli space of abelian varieties. The first goal of the project is to show a new kind of Northcott property for the isogeny class of an abelian variety over a number field. Namely that, up to isomorphism, there are only finitely many abelian varieties of bounded height in the isogeny class. The second goal of the project is to study the structure of the cohomology of Shimura varieties, and the structure of their mod p points. Specifically, there is a conjecture, proved by the principal investigator in some cases, that the isogeny class of every mod p contains the reduction of a special point. These results can be used to give a spectral interpretation of the Hasse-Weil zeta function of a Shimura variety, following a program of Langlands.&lt;br/&gt;&lt;br/&gt;This award reflects NSF's statutory mission and has been deemed worthy of support through evaluation using the Foundation's intellectual merit and broader impacts review criteria.</AbstractNarration>
<MinAmdLetterDate>04/11/2022</MinAmdLetterDate>
<MaxAmdLetterDate>04/11/2022</MaxAmdLetterDate>
<ARRAAmount/>
<TRAN_TYPE>Grant</TRAN_TYPE>
<CFDA_NUM>47.049</CFDA_NUM>
<NSF_PAR_USE_FLAG>1</NSF_PAR_USE_FLAG>
<FUND_AGCY_CODE>4900</FUND_AGCY_CODE>
<AWDG_AGCY_CODE>4900</AWDG_AGCY_CODE>
<AwardID>2200449</AwardID>
<Investigator>
<FirstName>Mark</FirstName>
<LastName>Kisin</LastName>
<PI_MID_INIT/>
<PI_SUFX_NAME/>
<PI_FULL_NAME>Mark Kisin</PI_FULL_NAME>
<EmailAddress>kisin@math.harvard.edu</EmailAddress>
<PI_PHON>6174955501</PI_PHON>
<NSF_ID>000543257</NSF_ID>
<StartDate>04/11/2022</StartDate>
<EndDate/>
<RoleCode>Principal Investigator</RoleCode>
</Investigator>
<Institution>
<Name>Harvard University</Name>
<CityName>CAMBRIDGE</CityName>
<ZipCode>021385369</ZipCode>
<PhoneNumber>6174955501</PhoneNumber>
<StreetAddress>1033 MASSACHUSETTS AVE 5TH FL</StreetAddress>
<StreetAddress2/>
<CountryName>United States</CountryName>
<StateName>Massachusetts</StateName>
<StateCode>MA</StateCode>
<CONGRESSDISTRICT>05</CONGRESSDISTRICT>
<CONGRESS_DISTRICT_ORG>MA05</CONGRESS_DISTRICT_ORG>
<ORG_UEI_NUM>LN53LCFJFL45</ORG_UEI_NUM>
<ORG_LGL_BUS_NAME>PRESIDENT AND FELLOWS OF HARVARD COLLEGE</ORG_LGL_BUS_NAME>
<ORG_PRNT_UEI_NUM>ML98SNHE8XL1</ORG_PRNT_UEI_NUM>
</Institution>
<Performance_Institution>
<Name><![CDATA[Harvard University]]></Name>
<CityName>Cambridge</CityName>
<StateCode>MA</StateCode>
<ZipCode>021382901</ZipCode>
<StreetAddress><![CDATA[1 Oxford st]]></StreetAddress>
<CountryCode>US</CountryCode>
<CountryName>United States</CountryName>
<StateName>Massachusetts</StateName>
<CountryFlag>1</CountryFlag>
<CONGRESSDISTRICT>05</CONGRESSDISTRICT>
<CONGRESS_DISTRICT_PERF>MA05</CONGRESS_DISTRICT_PERF>
</Performance_Institution>
<ProgramElement>
<Code>1264</Code>
<Text>ALGEBRA,NUMBER THEORY,AND COM</Text>
</ProgramElement>
<FUND_OBLG>2022~132417</FUND_OBLG>
</Award>
</rootTag>
