<?xml version="1.0" encoding="UTF-8"?>
<rootTag>
<Award>
<AwardTitle><![CDATA[Contextualizing Data Education via Project-Based Learning]]></AwardTitle>
<AGENCY>NSF</AGENCY>
<AwardEffectiveDate>07/01/2022</AwardEffectiveDate>
<AwardExpirationDate>06/30/2024</AwardExpirationDate>
<AwardTotalIntnAmount>999436.00</AwardTotalIntnAmount>
<AwardAmount>999436</AwardAmount>
<AwardInstrument>
<Value>Standard Grant</Value>
</AwardInstrument>
<Organization>
<Code>11090000</Code>
<Directorate>
<Abbreviation>EHR</Abbreviation>
<LongName>Direct For Education and Human Resources</LongName>
</Directorate>
<Division>
<Abbreviation>DRL</Abbreviation>
<LongName>Division Of Research On Learning</LongName>
</Division>
</Organization>
<ProgramOfficer>
<SignBlockName>Michael Ford</SignBlockName>
<PO_EMAI>miford@nsf.gov</PO_EMAI>
<PO_PHON>7032925153</PO_PHON>
</ProgramOfficer>
<AbstractNarration><![CDATA[This DataPBL project is working to develop, implement, and research the introduction of data experiences and practices into a series of interdisciplinary, middle school project-based learning modules. Data fills all aspects of our lives, and data science has become a vital interdisciplinary endeavor. To succeed in the future, students must see data as a tool they can wield to address relevant issues across disciplines. Students need opportunities to apply data science practices to appropriately realistic datasets from contexts meaningful to them, and to have opportunities to demonstrate their skills and knowledge authentically. Project-based learning (PBL) approaches have cultivated a growing base of classrooms dedicated to supporting such situations via authentic, interdisciplinary learning experiences. Co-designing these modules with middle school teachers and piloting them in urban, low-income schools in New York City and Chicago, this project examines how interdisciplinary data education can provide opportunities for students to take more control of their own learning and develop positive identities related to data, through integration with social studies and science topics. Curriculum modules and teaching resources produced by the project serve as guides for subsequent efforts at integrating data science concepts into teaching and learning in various subject areas. &lt;br/&gt;&lt;br/&gt;This design-based research project integrates data-focused learning into interdisciplinary PBL in ways that prepare marginalized learners for the future. The project develops descriptive case studies investigating three questions: (1) In implementations of the DataPBL curriculum, what interdisciplinary data practices do students participate in, and under what conditions? (2) Under what conditions do students manifest agency in the course of their data-infused PBL? and (3) How do aspects of the experienced projects contribute to developing positive identities related to data? Through this case study analysis, the project provides a thick description of how agency and identity develop during DataPBL projects in the participating classes. The project applies Qualitative Comparative Analysis to generate cross-case patterns and illustrate the multiple pathways available to students in reaching the desired outcomes. In combination with the case studies, this work illuminates how the learning environment fosters the aims of the project. The Discovery Research preK-12 program (DRK-12) seeks to significantly enhance the learning and teaching of science, technology, engineering and mathematics (STEM) by preK-12 students and teachers, through research and development of innovative resources, models and tools. Projects in the DRK-12 program build on fundamental research in STEM education and prior research and development efforts that provide theoretical and empirical justification for proposed projects.&lt;br/&gt;&lt;br/&gt;This award reflects NSF's statutory mission and has been deemed worthy of support through evaluation using the Foundation's intellectual merit and broader impacts review criteria.]]></AbstractNarration>
<MinAmdLetterDate>06/16/2022</MinAmdLetterDate>
<MaxAmdLetterDate>06/16/2022</MaxAmdLetterDate>
<ARRAAmount/>
<TRAN_TYPE>Grant</TRAN_TYPE>
<CFDA_NUM>47.076</CFDA_NUM>
<NSF_PAR_USE_FLAG>1</NSF_PAR_USE_FLAG>
<FUND_AGCY_CODE>4900</FUND_AGCY_CODE>
<AWDG_AGCY_CODE>4900</AWDG_AGCY_CODE>
<AwardID>2200887</AwardID>
<Investigator>
<FirstName>Joseph</FirstName>
<LastName>Polman</LastName>
<PI_MID_INIT>L</PI_MID_INIT>
<PI_SUFX_NAME/>
<PI_FULL_NAME>Joseph L Polman</PI_FULL_NAME>
<EmailAddress><![CDATA[joseph.polman@colorado.edu]]></EmailAddress>
<NSF_ID>000291241</NSF_ID>
<StartDate>06/16/2022</StartDate>
<EndDate/>
<RoleCode>Co-Principal Investigator</RoleCode>
</Investigator>
<Investigator>
<FirstName>Daniel</FirstName>
<LastName>Damelin</LastName>
<PI_MID_INIT/>
<PI_SUFX_NAME/>
<PI_FULL_NAME>Daniel Damelin</PI_FULL_NAME>
<EmailAddress><![CDATA[ddamelin@concord.org]]></EmailAddress>
<NSF_ID>000073297</NSF_ID>
<StartDate>06/16/2022</StartDate>
<EndDate/>
<RoleCode>Co-Principal Investigator</RoleCode>
</Investigator>
<Investigator>
<FirstName>Chad</FirstName>
<LastName>Dorsey</LastName>
<PI_MID_INIT/>
<PI_SUFX_NAME/>
<PI_FULL_NAME>Chad Dorsey</PI_FULL_NAME>
<EmailAddress><![CDATA[cdorsey@concord.org]]></EmailAddress>
<NSF_ID>000522226</NSF_ID>
<StartDate>06/16/2022</StartDate>
<EndDate/>
<RoleCode>Principal Investigator</RoleCode>
</Investigator>
<Investigator>
<FirstName>Linda</FirstName>
<LastName>Grein</LastName>
<PI_MID_INIT/>
<PI_SUFX_NAME/>
<PI_FULL_NAME>Linda Grein</PI_FULL_NAME>
<EmailAddress><![CDATA[lgrein@eduquatellc.com]]></EmailAddress>
<NSF_ID>000865415</NSF_ID>
<StartDate>06/16/2022</StartDate>
<EndDate/>
<RoleCode>Co-Principal Investigator</RoleCode>
</Investigator>
<Investigator>
<FirstName>Ron</FirstName>
<LastName>Berger</LastName>
<PI_MID_INIT/>
<PI_SUFX_NAME/>
<PI_FULL_NAME>Ron Berger</PI_FULL_NAME>
<EmailAddress><![CDATA[rberger@eleducation.org]]></EmailAddress>
<NSF_ID>000865513</NSF_ID>
<StartDate>06/16/2022</StartDate>
<EndDate/>
<RoleCode>Co-Principal Investigator</RoleCode>
</Investigator>
<Institution>
<Name>Concord Consortium</Name>
<CityName>CONCORD</CityName>
<ZipCode>017422345</ZipCode>
<PhoneNumber>9784053205</PhoneNumber>
<StreetAddress>25 LOVE LN</StreetAddress>
<StreetAddress2/>
<CountryName>United States</CountryName>
<StateName>Massachusetts</StateName>
<StateCode>MA</StateCode>
<CONGRESSDISTRICT>03</CONGRESSDISTRICT>
<CONGRESS_DISTRICT_ORG>MA03</CONGRESS_DISTRICT_ORG>
<ORG_UEI_NUM>FY85DRNMJAM4</ORG_UEI_NUM>
<ORG_LGL_BUS_NAME>CONCORD CONSORTIUM INC</ORG_LGL_BUS_NAME>
<ORG_PRNT_UEI_NUM/>
</Institution>
<Performance_Institution>
<Name><![CDATA[Concord Consortium]]></Name>
<CityName>Concord</CityName>
<StateCode>MA</StateCode>
<ZipCode>017422345</ZipCode>
<StreetAddress><![CDATA[25 Love Lane]]></StreetAddress>
<CountryCode>US</CountryCode>
<CountryName>United States</CountryName>
<StateName>Massachusetts</StateName>
<CountryFlag>1</CountryFlag>
<CONGRESSDISTRICT>03</CONGRESSDISTRICT>
<CONGRESS_DISTRICT_PERF>MA03</CONGRESS_DISTRICT_PERF>
</Performance_Institution>
<ProgramElement>
<Code>7645</Code>
<Text>Discovery Research K-12</Text>
</ProgramElement>
<ProgramReference>
<Code>8817</Code>
<Text>STEM Learning &amp; Learning Environments</Text>
</ProgramReference>
<FUND_OBLG>2022~999436</FUND_OBLG>
</Award>
</rootTag>
