<?xml version="1.0" encoding="UTF-8"?>
<rootTag>
<Award>
<AwardTitle><![CDATA[Singularities in Positive and Mixed Characteristic Commutative Algebra]]></AwardTitle>
<AGENCY>NSF</AGENCY>
<AwardEffectiveDate>06/15/2022</AwardEffectiveDate>
<AwardExpirationDate>05/31/2025</AwardExpirationDate>
<AwardTotalIntnAmount>200000.00</AwardTotalIntnAmount>
<AwardAmount>200000</AwardAmount>
<AwardInstrument>
<Value>Standard Grant</Value>
</AwardInstrument>
<Organization>
<Code>03040000</Code>
<Directorate>
<Abbreviation>MPS</Abbreviation>
<LongName>Direct For Mathematical &amp; Physical Scien</LongName>
</Directorate>
<Division>
<Abbreviation>DMS</Abbreviation>
<LongName>Division Of Mathematical Sciences</LongName>
</Division>
</Organization>
<ProgramOfficer>
<SignBlockName>Sandra Spiroff</SignBlockName>
<PO_EMAI>sspiroff@nsf.gov</PO_EMAI>
<PO_PHON>7032928069</PO_PHON>
</ProgramOfficer>
<AbstractNarration><![CDATA[Commutative algebra studies Noetherian commutative rings, examples of which are sets of polynomials and the ordinary integers.  It is used in a wide variety of applied settings, ranging from error-correcting codes in computer science and genomics to control theory and modeling in engineering. Other fields of mathematics that use commutative algebra, and commutative rings in particular, are algebraic and arithmetic geometry, as well as complex analysis, topology, and representation theory. Execution of the projects in this grant will both advance theoretical understanding in commutative algebra and shed light on important problems from some of these related fields. In addition, the principal investigator is dedicated to promoting mathematics education, developing future generations of researchers, and assisting in building a strong STEM workforce in the US. Towards these goals, the PI will supervise, train, and mentor doctoral students and postdoctoral fellows throughout the course of the grant. The PI will also facilitate a number of seminars, workshops, and reading courses for undergraduate and graduate students.&lt;br/&gt;&lt;br/&gt;The PI specializes in the study of singularities in positive and mixed characteristic commutative algebra, and will address a number of questions arising naturally from recent developments in the theory of Frobenius splittings, tight closure, the homological conjectures, and absolute integral closure. The PI aims to exploit the connection between singularities defined via the Frobenius map in positive characteristic and those arising in complex algebraic geometry in order to carry out research projects in three new directions. First, the PI will investigate properties of the dual F-signature limit in characteristic p &gt; 0, showing its existence and deriving new properties with applications to F-rationality. Second, also in positive characteristic, the PI will further the understanding of F-singularities outside of the F-finite setting by exploring quotients of excellent regular rings and generalizing adjunction statements. Lastly, leveraging breakthrough results on the absolute integral closure in mixed characteristic, the PI will attack open questions regarding the splinter condition and exhibit new geometric applications.&lt;br/&gt;&lt;br/&gt;This award reflects NSF's statutory mission and has been deemed worthy of support through evaluation using the Foundation's intellectual merit and broader impacts review criteria.]]></AbstractNarration>
<MinAmdLetterDate>06/14/2022</MinAmdLetterDate>
<MaxAmdLetterDate>06/14/2022</MaxAmdLetterDate>
<ARRAAmount/>
<TRAN_TYPE>Grant</TRAN_TYPE>
<CFDA_NUM>47.049</CFDA_NUM>
<NSF_PAR_USE_FLAG>1</NSF_PAR_USE_FLAG>
<FUND_AGCY_CODE>4900</FUND_AGCY_CODE>
<AWDG_AGCY_CODE>4900</AWDG_AGCY_CODE>
<AwardID>2200716</AwardID>
<Investigator>
<FirstName>Kevin</FirstName>
<LastName>Tucker</LastName>
<PI_MID_INIT>F</PI_MID_INIT>
<PI_SUFX_NAME/>
<PI_FULL_NAME>Kevin F Tucker</PI_FULL_NAME>
<EmailAddress><![CDATA[kftucker@uic.edu]]></EmailAddress>
<NSF_ID>000629482</NSF_ID>
<StartDate>06/14/2022</StartDate>
<EndDate/>
<RoleCode>Principal Investigator</RoleCode>
</Investigator>
<Institution>
<Name>University of Illinois at Chicago</Name>
<CityName>CHICAGO</CityName>
<ZipCode>606124305</ZipCode>
<PhoneNumber>3129962862</PhoneNumber>
<StreetAddress>809 S MARSHFIELD RM 520</StreetAddress>
<StreetAddress2/>
<CountryName>United States</CountryName>
<StateName>Illinois</StateName>
<StateCode>IL</StateCode>
<CONGRESSDISTRICT>07</CONGRESSDISTRICT>
<CONGRESS_DISTRICT_ORG>IL07</CONGRESS_DISTRICT_ORG>
<ORG_UEI_NUM>W8XEAJDKMXH3</ORG_UEI_NUM>
<ORG_LGL_BUS_NAME>UNIVERSITY OF ILLINOIS</ORG_LGL_BUS_NAME>
<ORG_PRNT_UEI_NUM>Y8CWNJRCNN91</ORG_PRNT_UEI_NUM>
</Institution>
<Performance_Institution>
<Name><![CDATA[University of Illinois at Chicago, MSCS Department]]></Name>
<CityName>Chicago</CityName>
<StateCode>IL</StateCode>
<ZipCode>606077045</ZipCode>
<StreetAddress><![CDATA[851 S. Morgan, SEO 417]]></StreetAddress>
<CountryCode>US</CountryCode>
<CountryName>United States</CountryName>
<StateName>Illinois</StateName>
<CountryFlag>1</CountryFlag>
<CONGRESSDISTRICT>07</CONGRESSDISTRICT>
<CONGRESS_DISTRICT_PERF>IL07</CONGRESS_DISTRICT_PERF>
</Performance_Institution>
<ProgramElement>
<Code>1264</Code>
<Text>ALGEBRA,NUMBER THEORY,AND COM</Text>
</ProgramElement>
<FUND_OBLG>2022~200000</FUND_OBLG>
</Award>
</rootTag>
