<?xml version="1.0" encoding="UTF-8"?>
<rootTag>
<Award>
<AwardTitle>Research Initiation Award: A Boltzmann Model for Multi-Scale and Multi-Physics/Chemistry Transport Phenomena in Porous Media</AwardTitle>
<AGENCY>NSF</AGENCY>
<AwardEffectiveDate>05/15/2022</AwardEffectiveDate>
<AwardExpirationDate>04/30/2025</AwardExpirationDate>
<AwardTotalIntnAmount>298715.00</AwardTotalIntnAmount>
<AwardAmount>298715</AwardAmount>
<AwardInstrument>
<Value>Standard Grant</Value>
</AwardInstrument>
<Organization>
<Code>11060000</Code>
<Directorate>
<Abbreviation>EHR</Abbreviation>
<LongName>Direct For Education and Human Resources</LongName>
</Directorate>
<Division>
<Abbreviation>HRD</Abbreviation>
<LongName>Division Of Human Resource Development</LongName>
</Division>
</Organization>
<ProgramOfficer>
<SignBlockName>Tomasz Durakiewicz</SignBlockName>
<PO_EMAI>tdurakie@nsf.gov</PO_EMAI>
<PO_PHON>7032924892</PO_PHON>
</ProgramOfficer>
<AbstractNarration>Research Initiation Awards provide support for junior and mid-career faculty at Historically Black Colleges and Universities (HBCUs) who are building new research programs or redirecting and rebuilding existing programs. It is expected that the award helps to further the faculty member's research capability and effectiveness, improves research and teaching at the home institution, and involves undergraduate students in research experiences. The award to Tennessee State University (TSU) facilitates the development of a revolutionary simulation model for some of the most challenging fluid transport problems that are ubiquitous in many scientific and engineering fields, and, therefore, has tremendous potential impacts on technology, the environment, health, and economy. This project is also dedicated to the involvement of undergraduate students in the research in Science, Technology, Engineering, and Mathematics (STEM) fields with a unique mentoring plan. In addition, this project promotes the education on scientific computing for undergraduate students at TSU and other HBCUs by merging math, coding, and engineering, in order to improve their math and coding literacy which is essential for them to pursue a STEM career.&lt;br/&gt;&lt;br/&gt;This project focuses on a challenging research problem, which is a special type of fluid transport phenomena, characterized by three unique features: multi-scale, porous media, and multi-physics/multi-chemistry. A representative problem is the transport of electrolytes in the porous electrodes of redox flow batteries, which is utilized as a case study to benchmark the developed simulation model as well as to demonstrate its potential. The goal of this project is to develop a specialized simulation model with the high-performance computing capability based on a new methodology that solves the Boltzmann equation with the finite volume method, which allows a convenient adoption of fully unstructured grids to precisely reconstruct the complex three-dimensional boundaries rendered by porous media. The novelty of this project is that it provides a specifically tailored simulation model that demonstrates a superiority in computational performance (defined as accuracy normalized by associated computational cost) over existing methodologies for the multi-scale and multi-physics/multi-chemistry fluid transport phenomena in porous media. This new model can accelerate the understanding of the selected research problem. With further development, it can become a general simulation tool for the modeling of any transport phenomenon beyond fluid transport.&lt;br/&gt;&lt;br/&gt;This award reflects NSF's statutory mission and has been deemed worthy of support through evaluation using the Foundation's intellectual merit and broader impacts review criteria.</AbstractNarration>
<MinAmdLetterDate>05/06/2022</MinAmdLetterDate>
<MaxAmdLetterDate>05/06/2022</MaxAmdLetterDate>
<ARRAAmount/>
<TRAN_TYPE>Grant</TRAN_TYPE>
<CFDA_NUM>47.076</CFDA_NUM>
<NSF_PAR_USE_FLAG>1</NSF_PAR_USE_FLAG>
<FUND_AGCY_CODE>4900</FUND_AGCY_CODE>
<AWDG_AGCY_CODE>4900</AWDG_AGCY_CODE>
<AwardID>2200515</AwardID>
<Investigator>
<FirstName>Leitao</FirstName>
<LastName>Chen</LastName>
<PI_MID_INIT/>
<PI_SUFX_NAME/>
<PI_FULL_NAME>Leitao Chen</PI_FULL_NAME>
<EmailAddress>lchen1@tnstate.edu</EmailAddress>
<PI_PHON>6159635390</PI_PHON>
<NSF_ID>000756821</NSF_ID>
<StartDate>05/06/2022</StartDate>
<EndDate/>
<RoleCode>Principal Investigator</RoleCode>
</Investigator>
<Institution>
<Name>Tennessee State University</Name>
<CityName>NASHVILLE</CityName>
<ZipCode>372091500</ZipCode>
<PhoneNumber>6159637631</PhoneNumber>
<StreetAddress>3500 JOHN A MERRITT BLVD</StreetAddress>
<StreetAddress2/>
<CountryName>United States</CountryName>
<StateName>Tennessee</StateName>
<StateCode>TN</StateCode>
<CONGRESSDISTRICT>05</CONGRESSDISTRICT>
<CONGRESS_DISTRICT_ORG>TN05</CONGRESS_DISTRICT_ORG>
<ORG_UEI_NUM>N63ZMY7UETA3</ORG_UEI_NUM>
<ORG_LGL_BUS_NAME>TENNESSEE STATE UNIVERSITY</ORG_LGL_BUS_NAME>
<ORG_PRNT_UEI_NUM>JBG7T7RXQ2B7</ORG_PRNT_UEI_NUM>
</Institution>
<Performance_Institution>
<Name><![CDATA[Tennessee State University]]></Name>
<CityName>NASHVILLE</CityName>
<StateCode>TN</StateCode>
<ZipCode>372091561</ZipCode>
<StreetAddress><![CDATA[3500 John A. Merritt Boulevard]]></StreetAddress>
<CountryCode>US</CountryCode>
<CountryName>United States</CountryName>
<StateName>Tennessee</StateName>
<CountryFlag>1</CountryFlag>
<CONGRESSDISTRICT>05</CONGRESSDISTRICT>
<CONGRESS_DISTRICT_PERF>TN05</CONGRESS_DISTRICT_PERF>
</Performance_Institution>
<ProgramElement>
<Code>1594</Code>
<Text>Hist Black Colleges and Univ</Text>
</ProgramElement>
<ProgramReference>
<Code>9178</Code>
<Text>UNDERGRADUATE EDUCATION</Text>
</ProgramReference>
<FUND_OBLG>2022~298715</FUND_OBLG>
</Award>
</rootTag>
