<?xml version="1.0" encoding="UTF-8"?>
<rootTag>
<Award>
<AwardTitle>HBCU-Excellence in Research:  Radiative Forcing Due to Carbon Dioxide and Black Carbon in Urban Areas</AwardTitle>
<AGENCY>NSF</AGENCY>
<AwardEffectiveDate>09/01/2022</AwardEffectiveDate>
<AwardExpirationDate>08/31/2024</AwardExpirationDate>
<AwardTotalIntnAmount>108323.00</AwardTotalIntnAmount>
<AwardAmount>108323</AwardAmount>
<AwardInstrument>
<Value>Standard Grant</Value>
</AwardInstrument>
<Organization>
<Code>06020100</Code>
<Directorate>
<Abbreviation>GEO</Abbreviation>
<LongName>Directorate For Geosciences</LongName>
</Directorate>
<Division>
<Abbreviation>AGS</Abbreviation>
<LongName>Div Atmospheric &amp; Geospace Sciences</LongName>
</Division>
</Organization>
<ProgramOfficer>
<SignBlockName>Yu Gu</SignBlockName>
<PO_EMAI>ygu@nsf.gov</PO_EMAI>
<PO_PHON>7032928796</PO_PHON>
</ProgramOfficer>
<AbstractNarration>It is well known that carbon dioxide (CO2) and black carbon are two potent climate drivers that absorb sunlight and play a critical role to influence the Earth's radiation budget and local/regional climate. Black carbon (BC) is also associated with human health problems such as respiratory and cardiovascular disease, and cancer. Thus, it is essential to know concentrations of CO2 and BC and have a clear understanding of direct radiative forcing (DRF) due to CO2 and black carbon at a city level. Current radiative forcing is estimated at a regional or global level due to limited concentration measurements of CO2 and BC. The objective of this study is to examine temporal variations of CO2 and BC at one urban site and develop a unique approach to estimate radiative forcing at a city level. The findings from this project will help better understand larger uncertainties in climate change prediction by various climate models. Also, this research exposes both graduate and undergraduate students to real-life environmental problems and provides them great opportunities to learn quantitative skills used in the fields of environmental science. This will in turn help increase the number of minority students who will pursue STEM degrees.&lt;br/&gt;&lt;br/&gt;In this project, one Multifilter Rotating Shadowband Radiometer (MFR-7) will be used to measure total, diffuse, and direct irradiance at six wavelengths at one urban site and one ObservAir® sensor will be used to monitor BC, carbon monoxide and carbon dioxide concentrations. Mobile measurements will be conducted at one urban site and one rural site six times per day weekly using 5-wavelength UV-IR Black Carbon monitor (microAeth® MA200). Also, one Air Quality Particle Counting Meter will be used to provide measures of 6 sizes of particles. Then the Santa Barbara Discrete Ordinate (DISORT) model will be used to retrieve optical and microphysical parameters including single scatter albedo(SSA) and asymmetry parameter with the inclusion of MODIS imagery. The next step involves the estimation of CO2 radiative forcing and the calculation of aerosol radiative forcing using Santa Barbara DISORT Atmospheric Radiative Transfer(SBDART) model at a city level and different seasons. This research will allow better characterization of aerosol optical and microphysical parameters including single scattering albedo and asymmetry parameter at a city level, which could help understand large uncertainties in estimates of DRF used for many climate models. Also, a new method on estimation of DRF will be developed in order to estimate DRF at a city level.&lt;br/&gt;&lt;br/&gt;This award reflects NSF's statutory mission and has been deemed worthy of support through evaluation using the Foundation's intellectual merit and broader impacts review criteria.</AbstractNarration>
<MinAmdLetterDate>05/09/2022</MinAmdLetterDate>
<MaxAmdLetterDate>05/09/2022</MaxAmdLetterDate>
<ARRAAmount/>
<TRAN_TYPE>Grant</TRAN_TYPE>
<CFDA_NUM>47.083</CFDA_NUM>
<NSF_PAR_USE_FLAG>1</NSF_PAR_USE_FLAG>
<FUND_AGCY_CODE>4900</FUND_AGCY_CODE>
<AWDG_AGCY_CODE>4900</AWDG_AGCY_CODE>
<AwardID>2200531</AwardID>
<Investigator>
<FirstName>Zhiming</FirstName>
<LastName>Yang</LastName>
<PI_MID_INIT/>
<PI_SUFX_NAME/>
<PI_FULL_NAME>Zhiming Yang</PI_FULL_NAME>
<EmailAddress>zyang@nccu.edu</EmailAddress>
<PI_PHON>9195307333</PI_PHON>
<NSF_ID>000575367</NSF_ID>
<StartDate>05/09/2022</StartDate>
<EndDate/>
<RoleCode>Principal Investigator</RoleCode>
</Investigator>
<Institution>
<Name>North Carolina Central University</Name>
<CityName>DURHAM</CityName>
<ZipCode>277073129</ZipCode>
<PhoneNumber>9195307333</PhoneNumber>
<StreetAddress>1801 FAYETTEVILLE ST</StreetAddress>
<StreetAddress2/>
<CountryName>United States</CountryName>
<StateName>North Carolina</StateName>
<StateCode>NC</StateCode>
<CONGRESSDISTRICT>04</CONGRESSDISTRICT>
<CONGRESS_DISTRICT_ORG>NC04</CONGRESS_DISTRICT_ORG>
<ORG_UEI_NUM>L1DXXP1KGP77</ORG_UEI_NUM>
<ORG_LGL_BUS_NAME>NORTH CAROLINA CENTRAL UNIVERSITY</ORG_LGL_BUS_NAME>
<ORG_PRNT_UEI_NUM>N8DMK1K4C2K5</ORG_PRNT_UEI_NUM>
</Institution>
<Performance_Institution>
<Name><![CDATA[North Carolina Central Unversity]]></Name>
<CityName>Durham</CityName>
<StateCode>NC</StateCode>
<ZipCode>277073129</ZipCode>
<StreetAddress><![CDATA[1801 Fayetteville St.]]></StreetAddress>
<CountryCode>US</CountryCode>
<CountryName>United States</CountryName>
<StateName>North Carolina</StateName>
<CountryFlag>1</CountryFlag>
<CONGRESSDISTRICT>04</CONGRESSDISTRICT>
<CONGRESS_DISTRICT_PERF>NC04</CONGRESS_DISTRICT_PERF>
</Performance_Institution>
<ProgramElement>
<Code>070Y</Code>
<Text>HBCU-EiR - HBCU-Excellence in</Text>
</ProgramElement>
<ProgramReference>
<Code>4444</Code>
<Text>INTERDISCIPLINARY PROPOSALS</Text>
</ProgramReference>
<FUND_OBLG>2022~108323</FUND_OBLG>
</Award>
</rootTag>
