<?xml version="1.0" encoding="UTF-8"?>
<rootTag>
<Award>
<AwardTitle><![CDATA[PIPP Phase I: Evaluating the Effectiveness of Messaging and Modeling during Pandemics (PandEval)]]></AwardTitle>
<AGENCY>NSF</AGENCY>
<AwardEffectiveDate>08/01/2022</AwardEffectiveDate>
<AwardExpirationDate>01/31/2024</AwardExpirationDate>
<AwardTotalIntnAmount>999537.00</AwardTotalIntnAmount>
<AwardAmount>999537</AwardAmount>
<AwardInstrument>
<Value>Standard Grant</Value>
</AwardInstrument>
<Organization>
<Code>05010000</Code>
<Directorate>
<Abbreviation>CSE</Abbreviation>
<LongName>Direct For Computer &amp; Info Scie &amp; Enginr</LongName>
</Directorate>
<Division>
<Abbreviation>CCF</Abbreviation>
<LongName>Division of Computing and Communication Foundations</LongName>
</Division>
</Organization>
<ProgramOfficer>
<SignBlockName>Mitra Basu</SignBlockName>
<PO_EMAI>mbasu@nsf.gov</PO_EMAI>
<PO_PHON>7032928649</PO_PHON>
</ProgramOfficer>
<AbstractNarration><![CDATA[An effective response to fight the spread of a pandemic requires a clear understanding of the complex interactions between biological, environmental and human networks. The COVID19 pandemic revealed both human and systemic failures along this chain. A key takeaway was the need for timely, relevant and actionable information to support effective public messaging and policy making that can impact in-real-life  (IRL) outcomes. The COVID19 pandemic also revealed the need for  messaging and policy making at a local scale, when national- or state-level approaches might not appropriately address the needs at community scale. Frontline public health officials often had little insight into the individuals that they wished to serve. Decision makers who managed cities or school systems often relied on epidemiological models that did not account for the impact of human beliefs and in-real-life behaviors -  e.g., the willingness to wear a mask - on disease transmission. The PandEval project will address these challenges, so as to ultimately increase the trust and confidence in our public health infrastructure. If successful, public health officials will gain insight into the success of (past) messaging campaigns so that they can deliver the right message at the right time. In addition, decision makers will be able to use  the outcomes  of the epidemiological models, customized to population segments, while planning vaccine rollout, or admitting visitors to congregate living.&lt;br/&gt;&lt;br/&gt;The innovation of the PandEval project is to rely on curating rich complex multimodal datasets. Social media-based models of community beliefs and attitudes around science skepticism, moral foundations, or the willingness to contribute to the public good, will be developed. Baseline profiles of in-real-life (IRL) behavior tracked by human mobility traces will be computed. Compartmental epidemiological models that account for population characteristics will be customized to account for a diversity of micro-targeted population segments and regions across the US. The PandEval platform will be engineered to measure the effectiveness of community targeted messaging around pandemic mitigation, including recommendations and mandates, and to measure the prediction accuracy of the customized epidemiological models. As the nation faces the potential of endemic COVID19, the PandEval project will create and curate Pand-Index, an index of online social beliefs and in-real-life (IRL) profiles at a national scale. Pand-Index profiles will help individuals to make personalized decisions about social distancing or masking versus working from home.&lt;br/&gt;&lt;br/&gt;This award is supported by the cross-directorate Predictive Intelligence for Pandemic Prevention Phase I (PIPP) program, which is jointly funded by the Directorates for Biological Sciences (BIO), Computer Information Science and Engineering (CISE), Engineering (ENG) and Social, Behavioral and Economic Sciences (SBE).&lt;br/&gt;&lt;br/&gt;This award reflects NSF's statutory mission and has been deemed worthy of support through evaluation using the Foundation's intellectual merit and broader impacts review criteria.]]></AbstractNarration>
<MinAmdLetterDate>06/27/2022</MinAmdLetterDate>
<MaxAmdLetterDate>06/27/2022</MaxAmdLetterDate>
<ARRAAmount/>
<TRAN_TYPE>Grant</TRAN_TYPE>
<CFDA_NUM>47.070</CFDA_NUM>
<NSF_PAR_USE_FLAG>1</NSF_PAR_USE_FLAG>
<FUND_AGCY_CODE>4900</FUND_AGCY_CODE>
<AWDG_AGCY_CODE>4900</AWDG_AGCY_CODE>
<AwardID>2200256</AwardID>
<Investigator>
<FirstName>Louiqa</FirstName>
<LastName>Raschid</LastName>
<PI_MID_INIT/>
<PI_SUFX_NAME/>
<PI_FULL_NAME>Louiqa Raschid</PI_FULL_NAME>
<EmailAddress><![CDATA[louiqa@umiacs.umd.edu]]></EmailAddress>
<NSF_ID>000267844</NSF_ID>
<StartDate>06/27/2022</StartDate>
<EndDate/>
<RoleCode>Principal Investigator</RoleCode>
</Investigator>
<Investigator>
<FirstName>Kristina</FirstName>
<LastName>Lerman</LastName>
<PI_MID_INIT/>
<PI_SUFX_NAME/>
<PI_FULL_NAME>Kristina Lerman</PI_FULL_NAME>
<EmailAddress><![CDATA[lerman@isi.edu]]></EmailAddress>
<NSF_ID>000181921</NSF_ID>
<StartDate>06/27/2022</StartDate>
<EndDate/>
<RoleCode>Co-Principal Investigator</RoleCode>
</Investigator>
<Investigator>
<FirstName>Eili</FirstName>
<LastName>Klein</LastName>
<PI_MID_INIT>Y</PI_MID_INIT>
<PI_SUFX_NAME/>
<PI_FULL_NAME>Eili Y Klein</PI_FULL_NAME>
<EmailAddress><![CDATA[eklein@jhu.edu]]></EmailAddress>
<NSF_ID>000632625</NSF_ID>
<StartDate>06/27/2022</StartDate>
<EndDate/>
<RoleCode>Co-Principal Investigator</RoleCode>
</Investigator>
<Investigator>
<FirstName>Vanessa</FirstName>
<LastName>Frias-Martinez</LastName>
<PI_MID_INIT/>
<PI_SUFX_NAME/>
<PI_FULL_NAME>Vanessa Frias-Martinez</PI_FULL_NAME>
<EmailAddress><![CDATA[vfrias@umd.edu]]></EmailAddress>
<NSF_ID>000668083</NSF_ID>
<StartDate>06/27/2022</StartDate>
<EndDate/>
<RoleCode>Co-Principal Investigator</RoleCode>
</Investigator>
<Investigator>
<FirstName>Neil</FirstName>
<LastName>Sehgal</LastName>
<PI_MID_INIT>J</PI_MID_INIT>
<PI_SUFX_NAME/>
<PI_FULL_NAME>Neil J Sehgal</PI_FULL_NAME>
<EmailAddress><![CDATA[sehgal@umd.edu]]></EmailAddress>
<NSF_ID>000864138</NSF_ID>
<StartDate>06/27/2022</StartDate>
<EndDate/>
<RoleCode>Co-Principal Investigator</RoleCode>
</Investigator>
<Institution>
<Name>University of Maryland, College Park</Name>
<CityName>COLLEGE PARK</CityName>
<ZipCode>207420001</ZipCode>
<PhoneNumber>3014056269</PhoneNumber>
<StreetAddress>3112 LEE BLDG 7809 REGENTS DR</StreetAddress>
<StreetAddress2/>
<CountryName>United States</CountryName>
<StateName>Maryland</StateName>
<StateCode>MD</StateCode>
<CONGRESSDISTRICT>05</CONGRESSDISTRICT>
<CONGRESS_DISTRICT_ORG>MD05</CONGRESS_DISTRICT_ORG>
<ORG_UEI_NUM>NPU8ULVAAS23</ORG_UEI_NUM>
<ORG_LGL_BUS_NAME>UNIVERSITY OF MARYLAND, COLLEGE PARK</ORG_LGL_BUS_NAME>
<ORG_PRNT_UEI_NUM>KMGEN62NKEM9</ORG_PRNT_UEI_NUM>
</Institution>
<Performance_Institution>
<Name><![CDATA[University of Maryland, College Park]]></Name>
<CityName>College Park</CityName>
<StateCode>MD</StateCode>
<ZipCode>207421800</ZipCode>
<StreetAddress><![CDATA[Office of Research Administratio]]></StreetAddress>
<CountryCode>US</CountryCode>
<CountryName>United States</CountryName>
<StateName>Maryland</StateName>
<CountryFlag>1</CountryFlag>
<CONGRESSDISTRICT>05</CONGRESSDISTRICT>
<CONGRESS_DISTRICT_PERF>MD05</CONGRESS_DISTRICT_PERF>
</Performance_Institution>
<ProgramElement>
<Code>177Y</Code>
<Text>PIPP-Pandemic Prevention</Text>
</ProgramElement>
<ProgramReference>
<Code>103Z</Code>
<Text>PIPP-Pandemic Prevention</Text>
</ProgramReference>
<Appropriation>
<Code/>
<Name/>
<APP_SYMB_ID/>
</Appropriation>
<Fund>
<Code>01002223DB</Code>
<Name><![CDATA[NSF RESEARCH & RELATED ACTIVIT]]></Name>
<FUND_SYMB_ID>040100</FUND_SYMB_ID>
</Fund>
<FUND_OBLG>2022~999537</FUND_OBLG>
</Award>
</rootTag>
