<?xml version="1.0" encoding="UTF-8"?>
<rootTag>
<Award>
<AwardTitle><![CDATA[PIPP Phase I: Predicting Emergence in Multidisciplinary Pandemic Tipping-points (PREEMPT)]]></AwardTitle>
<AGENCY>NSF</AGENCY>
<AwardEffectiveDate>08/01/2022</AwardEffectiveDate>
<AwardExpirationDate>01/31/2024</AwardExpirationDate>
<AwardTotalIntnAmount>999790.00</AwardTotalIntnAmount>
<AwardAmount>999790</AwardAmount>
<AwardInstrument>
<Value>Standard Grant</Value>
</AwardInstrument>
<Organization>
<Code>05010000</Code>
<Directorate>
<Abbreviation>CSE</Abbreviation>
<LongName>Direct For Computer &amp; Info Scie &amp; Enginr</LongName>
</Directorate>
<Division>
<Abbreviation>CCF</Abbreviation>
<LongName>Division of Computing and Communication Foundations</LongName>
</Division>
</Organization>
<ProgramOfficer>
<SignBlockName>Mitra Basu</SignBlockName>
<PO_EMAI>mbasu@nsf.gov</PO_EMAI>
<PO_PHON>7032928649</PO_PHON>
</ProgramOfficer>
<AbstractNarration><![CDATA[Pandemics arise from the confluence of many contributing factors. These factors may be individually inconsequential but become critical when acting together, and a complex set of seemingly unrelated factors can result in a perfect storm for pandemic emergence. Yet prevailing approaches to predicting pandemic emergence remain focused on disciplinary investigations of individual or subsets of factors. Preparing for and preventing the next pandemic will require multidisciplinary approaches that leverage knowledge of complex interdependencies across scales from molecular to social and from individual diagnosis to global surveillance. This project assembles a multi-disciplinary team of scientists, representing expertise spanning the gamut from basic biology, to social, behavioral, and economic sciences, to engineering, computer, and information sciences, to focus on understanding how to identify, recognize, and predict when emerging disease threats create a perfect storm of factors that cause an otherwise localized outbreak to “tip over” into a pandemic. The project team will work together to leverage their collective diversity of expertise, experience, and perspective to innovate a collaborative framework for knitting together disciplinary pursuits into a complete, multifaceted, and predictive understanding of pandemic tipping points. Going beyond the confines of this project, the resulting framework will serve as a blueprint for all institutions dedicated to the discovery and analysis of complex linkages and thus will improve capacity to predict and prevent coming pandemics and other emergent threats to the modern world. &lt;br/&gt; &lt;br/&gt;The fact that pandemic tipping points are multifactorial makes their study fundamentally more challenging than system- or discipline-specific tipping points. The project will develop a blueprint for an institution dedicated to advancing understanding and analysis of systems with dynamics that require interrogation by multiple disciplines. The driving hypothesis for the institute is that the greatest barriers to multidisciplinary insights exist when disciplinary researchers fail to converge on shared intuition for the value other fields could provide in addressing complex research questions. The framework directly addresses this challenge by employing a Give-Take methodology: to investigate multidisciplinary research hypotheses, project teams of researchers will assemble via a bidirectional process. Researchers will identify (a – “giving”) hypotheses from other fields their own discipline could meaningfully impact and (b – “taking”) disciplines from which they anticipate useful input for their own hypotheses, and teams will include both directions of identification. This innovative framework improves the capacity for researchers in disparate fields to better recognize their interdependence and eliminates the need for researchers to understand other fields before benefiting from or contributing to investigations. The research will apply these methodologies to the complex challenge of multidisciplinary tipping points in the form of a set of case studies that will directly support our ability to address many of the complex and interconnected challenges in pandemic preparedness and response.&lt;br/&gt;&lt;br/&gt;This award is supported by the cross-directorate Predictive Intelligence for Pandemic Prevention Phase I (PIPP) program, which is jointly funded by the Directorates for Biological Sciences (BIO); Computer, Information Science and Engineering (CISE); Engineering (ENG) and Social, Behavioral and Economic Sciences (SBE).&lt;br/&gt;&lt;br/&gt;This award reflects NSF's statutory mission and has been deemed worthy of support through evaluation using the Foundation's intellectual merit and broader impacts review criteria.]]></AbstractNarration>
<MinAmdLetterDate>06/27/2022</MinAmdLetterDate>
<MaxAmdLetterDate>06/27/2022</MaxAmdLetterDate>
<ARRAAmount/>
<TRAN_TYPE>Grant</TRAN_TYPE>
<CFDA_NUM>47.070</CFDA_NUM>
<NSF_PAR_USE_FLAG>1</NSF_PAR_USE_FLAG>
<FUND_AGCY_CODE>4900</FUND_AGCY_CODE>
<AWDG_AGCY_CODE>4900</AWDG_AGCY_CODE>
<AwardID>2200140</AwardID>
<Investigator>
<FirstName>K. Selcuk</FirstName>
<LastName>Candan</LastName>
<PI_MID_INIT/>
<PI_SUFX_NAME/>
<PI_FULL_NAME>K. Selcuk Candan</PI_FULL_NAME>
<EmailAddress><![CDATA[candan@asu.edu]]></EmailAddress>
<NSF_ID>000232102</NSF_ID>
<StartDate>06/27/2022</StartDate>
<EndDate/>
<RoleCode>Co-Principal Investigator</RoleCode>
</Investigator>
<Investigator>
<FirstName>Nina</FirstName>
<LastName>Fefferman</LastName>
<PI_MID_INIT>H</PI_MID_INIT>
<PI_SUFX_NAME/>
<PI_FULL_NAME>Nina H Fefferman</PI_FULL_NAME>
<EmailAddress><![CDATA[nfefferm@utk.edu]]></EmailAddress>
<NSF_ID>000203710</NSF_ID>
<StartDate>06/27/2022</StartDate>
<EndDate/>
<RoleCode>Principal Investigator</RoleCode>
</Investigator>
<Investigator>
<FirstName>Sadie</FirstName>
<LastName>Ryan</LastName>
<PI_MID_INIT>J</PI_MID_INIT>
<PI_SUFX_NAME/>
<PI_FULL_NAME>Sadie J Ryan</PI_FULL_NAME>
<EmailAddress><![CDATA[sjryan@ufl.edu]]></EmailAddress>
<NSF_ID>000541266</NSF_ID>
<StartDate>06/27/2022</StartDate>
<EndDate/>
<RoleCode>Co-Principal Investigator</RoleCode>
</Investigator>
<Investigator>
<FirstName>Michael</FirstName>
<LastName>Blum</LastName>
<PI_MID_INIT>J</PI_MID_INIT>
<PI_SUFX_NAME/>
<PI_FULL_NAME>Michael J Blum</PI_FULL_NAME>
<EmailAddress><![CDATA[mjblum@tulane.edu]]></EmailAddress>
<NSF_ID>000562537</NSF_ID>
<StartDate>06/27/2022</StartDate>
<EndDate/>
<RoleCode>Co-Principal Investigator</RoleCode>
</Investigator>
<Investigator>
<FirstName>Lydia</FirstName>
<LastName>Bourouiba</LastName>
<PI_MID_INIT/>
<PI_SUFX_NAME/>
<PI_FULL_NAME>Lydia Bourouiba</PI_FULL_NAME>
<EmailAddress><![CDATA[lbouro@mit.edu]]></EmailAddress>
<NSF_ID>000648645</NSF_ID>
<StartDate>06/27/2022</StartDate>
<EndDate/>
<RoleCode>Co-Principal Investigator</RoleCode>
</Investigator>
<Institution>
<Name>University of Tennessee Knoxville</Name>
<CityName>Knoxville</CityName>
<ZipCode>379163801</ZipCode>
<PhoneNumber>8659743466</PhoneNumber>
<StreetAddress>1331 CIR PARK DR</StreetAddress>
<StreetAddress2/>
<CountryName>United States</CountryName>
<StateName>Tennessee</StateName>
<StateCode>TN</StateCode>
<CONGRESSDISTRICT>02</CONGRESSDISTRICT>
<CONGRESS_DISTRICT_ORG>TN02</CONGRESS_DISTRICT_ORG>
<ORG_UEI_NUM>FN2YCS2YAUW3</ORG_UEI_NUM>
<ORG_LGL_BUS_NAME>UNIVERSITY OF TENNESSEE</ORG_LGL_BUS_NAME>
<ORG_PRNT_UEI_NUM>FN2YCS2YAUW3</ORG_PRNT_UEI_NUM>
</Institution>
<Performance_Institution>
<Name><![CDATA[University of Tennessee Knoxville]]></Name>
<CityName>Knoxville</CityName>
<StateCode>TN</StateCode>
<ZipCode>379163801</ZipCode>
<StreetAddress><![CDATA[1331 CIR PARK DR]]></StreetAddress>
<CountryCode>US</CountryCode>
<CountryName>United States</CountryName>
<StateName>Tennessee</StateName>
<CountryFlag>1</CountryFlag>
<CONGRESSDISTRICT>02</CONGRESSDISTRICT>
<CONGRESS_DISTRICT_PERF>TN02</CONGRESS_DISTRICT_PERF>
</Performance_Institution>
<ProgramElement>
<Code>177Y</Code>
<Text>PIPP-Pandemic Prevention</Text>
</ProgramElement>
<ProgramReference>
<Code>103Z</Code>
<Text>PIPP-Pandemic Prevention</Text>
</ProgramReference>
<Appropriation>
<Code/>
<Name/>
<APP_SYMB_ID/>
</Appropriation>
<Fund>
<Code>01002223DB</Code>
<Name><![CDATA[NSF RESEARCH & RELATED ACTIVIT]]></Name>
<FUND_SYMB_ID>040100</FUND_SYMB_ID>
</Fund>
<FUND_OBLG>2022~999790</FUND_OBLG>
</Award>
</rootTag>
