<?xml version="1.0" encoding="UTF-8"?>
<rootTag>
<Award>
<AwardTitle>Collaborative Research: Middle School Students Graphing From the Ground Up</AwardTitle>
<AGENCY>NSF</AGENCY>
<AwardEffectiveDate>06/01/2022</AwardEffectiveDate>
<AwardExpirationDate>05/31/2025</AwardExpirationDate>
<AwardTotalIntnAmount>150935.00</AwardTotalIntnAmount>
<AwardAmount>150935</AwardAmount>
<AwardInstrument>
<Value>Standard Grant</Value>
</AwardInstrument>
<Organization>
<Code>11090000</Code>
<Directorate>
<Abbreviation>EHR</Abbreviation>
<LongName>Direct For Education and Human Resources</LongName>
</Directorate>
<Division>
<Abbreviation>DRL</Abbreviation>
<LongName>Division Of Research On Learning</LongName>
</Division>
</Organization>
<ProgramOfficer>
<SignBlockName>Eric Knuth</SignBlockName>
<PO_EMAI>eknuth@nsf.gov</PO_EMAI>
<PO_PHON>7032928402</PO_PHON>
</ProgramOfficer>
<AbstractNarration>Graphical representations are common in STEM fields for modeling, communicating, and analyzing phenomena, and understanding graphical representations is critical to student success in STEM fields. Yet, research indicates that many students struggle to develop an understanding of graphical representations. We contend that students’ understanding of coordinate systems, an understanding required to construct and interpret graphs, underlies their struggles to understand graphical representations and, moreover, lays the foundation necessary for developing that understanding. In this project, we examine middle-school students’ understandings of coordinate systems and frames of reference prior to examining their graph construction and interpretation. This focus allows us to design instructional materials that can support students’ graphing understandings in ways that avoid or mitigate how persistent challenges in students’ graphing understandings identified in the research literature.&lt;br/&gt;&lt;br/&gt;The overarching goals of this project are to advance knowledge of middle school students’ developing understandings of graphs “from the ground up” with attention to underlying coordinate systems and frames of reference that comprise the coordinate systems. Three research questions guide the project: (i) What are the ways of thinking through which individual students create and interpret frames of reference, coordinate systems, and graphs? (ii) In what general progressions do students develop these ways of thinking? (iii) What sequence of instructional tasks support and build on students’ varied ways of thinking in their development of graphing understandings? The project addresses these questions by leveraging a design-based methodology in which we will engage in cycles of intervention and revision to develop, test, and refine cognitive models, constructive itineraries, and instructional tasks. Through several iterations of clinical interviews and small-scale teaching experiments, we intend to produce a theory that explains students’ developing graphing understandings and accounts for their varied ways of thinking. Through this process, we will iteratively design instructional tasks and task sequences that support students developing understandings for frames of reference, coordinate systems, and graphs in the widely used and freely available Desmos platform. &lt;br/&gt;&lt;br/&gt;The Discovery Research preK-12 program (DRK-12) seeks to significantly enhance the learning and teaching of science, technology, engineering and mathematics (STEM) by preK-12 students and teachers, through research and development of innovative resources, models and tools. Projects in the DRK-12 program build on fundamental research in STEM education and prior research and development efforts that provide theoretical and empirical justification for proposed projects. &lt;br/&gt;&lt;br/&gt;This award reflects NSF's statutory mission and has been deemed worthy of support through evaluation using the Foundation's intellectual merit and broader impacts review criteria.</AbstractNarration>
<MinAmdLetterDate>04/25/2022</MinAmdLetterDate>
<MaxAmdLetterDate>04/25/2022</MaxAmdLetterDate>
<ARRAAmount/>
<TRAN_TYPE>Grant</TRAN_TYPE>
<CFDA_NUM>47.076</CFDA_NUM>
<NSF_PAR_USE_FLAG>1</NSF_PAR_USE_FLAG>
<FUND_AGCY_CODE>4900</FUND_AGCY_CODE>
<AWDG_AGCY_CODE>4900</AWDG_AGCY_CODE>
<AwardID>2200777</AwardID>
<Investigator>
<FirstName>Teo</FirstName>
<LastName>Paoletti</LastName>
<PI_MID_INIT/>
<PI_SUFX_NAME/>
<PI_FULL_NAME>Teo Paoletti</PI_FULL_NAME>
<EmailAddress>teop@udel.edu</EmailAddress>
<PI_PHON>8569123435</PI_PHON>
<NSF_ID>000784208</NSF_ID>
<StartDate>04/25/2022</StartDate>
<EndDate/>
<RoleCode>Principal Investigator</RoleCode>
</Investigator>
<Institution>
<Name>University of Delaware</Name>
<CityName>NEWARK</CityName>
<ZipCode>197160099</ZipCode>
<PhoneNumber>3028312136</PhoneNumber>
<StreetAddress>220 HULLIHEN HALL</StreetAddress>
<StreetAddress2/>
<CountryName>United States</CountryName>
<StateName>Delaware</StateName>
<StateCode>DE</StateCode>
<CONGRESSDISTRICT>00</CONGRESSDISTRICT>
<CONGRESS_DISTRICT_ORG>DE00</CONGRESS_DISTRICT_ORG>
<ORG_UEI_NUM>T72NHKM259N3</ORG_UEI_NUM>
<ORG_LGL_BUS_NAME>UNIVERSITY OF DELAWARE</ORG_LGL_BUS_NAME>
<ORG_PRNT_UEI_NUM>T72NHKM259N3</ORG_PRNT_UEI_NUM>
</Institution>
<Performance_Institution>
<Name><![CDATA[University of Delaware]]></Name>
<CityName>Newark</CityName>
<StateCode>DE</StateCode>
<ZipCode>197160099</ZipCode>
<StreetAddress><![CDATA[210 Hullihen Hall]]></StreetAddress>
<CountryCode>US</CountryCode>
<CountryName>United States</CountryName>
<StateName>Delaware</StateName>
<CountryFlag>1</CountryFlag>
<CONGRESSDISTRICT>00</CONGRESSDISTRICT>
<CONGRESS_DISTRICT_PERF>DE00</CONGRESS_DISTRICT_PERF>
</Performance_Institution>
<ProgramElement>
<Code>7645</Code>
<Text>Discovery Research K-12</Text>
</ProgramElement>
<FUND_OBLG>2022~150935</FUND_OBLG>
</Award>
</rootTag>
