<?xml version="1.0" encoding="UTF-8"?>
<rootTag>
<Award>
<AwardTitle><![CDATA[Bridgeland Stability, Moduli Spaces, and Applications]]></AwardTitle>
<AGENCY>NSF</AGENCY>
<AwardEffectiveDate>07/01/2022</AwardEffectiveDate>
<AwardExpirationDate>06/30/2025</AwardExpirationDate>
<AwardTotalIntnAmount>200000.00</AwardTotalIntnAmount>
<AwardAmount>200000</AwardAmount>
<AwardInstrument>
<Value>Standard Grant</Value>
</AwardInstrument>
<Organization>
<Code>03040000</Code>
<Directorate>
<Abbreviation>MPS</Abbreviation>
<LongName>Direct For Mathematical &amp; Physical Scien</LongName>
</Directorate>
<Division>
<Abbreviation>DMS</Abbreviation>
<LongName>Division Of Mathematical Sciences</LongName>
</Division>
</Organization>
<ProgramOfficer>
<SignBlockName>Sandra Spiroff</SignBlockName>
<PO_EMAI>sspiroff@nsf.gov</PO_EMAI>
<PO_PHON>7032928069</PO_PHON>
</ProgramOfficer>
<AbstractNarration><![CDATA[Polynomial systems govern processes in many diverse fields ranging from computer science to physics and economics to biology. The PI specializes in algebraic geometry, the field which studies solutions of polynomial systems. Such systems can often be simplified by varying the coefficients of the polynomials appropriately. As a result, properties of a more complicated system can be deduced from the simpler system. The PI will apply this principle to study the geometry of spaces that are ubiquitous in mathematics and physics, namely moduli spaces of vector bundles. Using a novel technique called Bridgeland stability, the PI will investigate fundamental geometric properties of these spaces. The results will have a wide range of applications in algebraic geometry, commutative algebra, topology, and mathematical physics. The PI is also dedicated to educating the next generation of mathematicians and building a strong workforce in STEM in the US. Towards this goal, the PI actively supervises numerous PhD students and postdocs, as well as high school students and undergraduate students in related research. The grant will provide partial support to the graduate students. &lt;br/&gt;&lt;br/&gt;The moduli spaces of sheaves on surfaces play a fundamental role in mathematics and physics. They carry essential information about linear series and Chow groups and are key players in Donaldson’s theory of four manifolds, combinatorics, representation theory and mathematical physics. In the last decade, Bridgeland stability has revolutionized our understanding of moduli spaces of sheaves. Using this novel technique, the PI will advance understanding of moduli spaces of sheaves. Specifically, the PI will compute the cohomology of the general stable sheaf on a surface using Bridgeland stability and wall-crossing.  In cases where the generic cohomology is already understood, such as minimal rational surfaces and K3 surfaces, the PI will initiate a systematic study of the cohomology jumping loci and compute the cohomology of the tensor product of two general stable sheaves. In addition, the PI aims to prove a conjecture due to the PI and Woolf that states that the Betti numbers of the moduli spaces of sheaves stabilize as the discriminant tends to infinity and the stable Betti numbers are independent of the rank and polarization. Finally, the PI will also study the stability of normal bundles of curves on algebraic varieties with a view towards applications to hyperbolicity, Lang conjectures and separable rational connectedness.&lt;br/&gt;&lt;br/&gt;This award reflects NSF's statutory mission and has been deemed worthy of support through evaluation using the Foundation's intellectual merit and broader impacts review criteria.]]></AbstractNarration>
<MinAmdLetterDate>06/29/2022</MinAmdLetterDate>
<MaxAmdLetterDate>06/29/2022</MaxAmdLetterDate>
<ARRAAmount/>
<TRAN_TYPE>Grant</TRAN_TYPE>
<CFDA_NUM>47.049</CFDA_NUM>
<NSF_PAR_USE_FLAG>1</NSF_PAR_USE_FLAG>
<FUND_AGCY_CODE>4900</FUND_AGCY_CODE>
<AWDG_AGCY_CODE>4900</AWDG_AGCY_CODE>
<AwardID>2200684</AwardID>
<Investigator>
<FirstName>Izzet</FirstName>
<LastName>Coskun</LastName>
<PI_MID_INIT/>
<PI_SUFX_NAME/>
<PI_FULL_NAME>Izzet Coskun</PI_FULL_NAME>
<EmailAddress><![CDATA[coskun@math.uic.edu]]></EmailAddress>
<NSF_ID>000190182</NSF_ID>
<StartDate>06/29/2022</StartDate>
<EndDate/>
<RoleCode>Principal Investigator</RoleCode>
</Investigator>
<Institution>
<Name>University of Illinois at Chicago</Name>
<CityName>CHICAGO</CityName>
<ZipCode>606124305</ZipCode>
<PhoneNumber>3129962862</PhoneNumber>
<StreetAddress>809 S MARSHFIELD RM 520</StreetAddress>
<StreetAddress2/>
<CountryName>United States</CountryName>
<StateName>Illinois</StateName>
<StateCode>IL</StateCode>
<CONGRESSDISTRICT>07</CONGRESSDISTRICT>
<CONGRESS_DISTRICT_ORG>IL07</CONGRESS_DISTRICT_ORG>
<ORG_UEI_NUM>W8XEAJDKMXH3</ORG_UEI_NUM>
<ORG_LGL_BUS_NAME>UNIVERSITY OF ILLINOIS</ORG_LGL_BUS_NAME>
<ORG_PRNT_UEI_NUM>Y8CWNJRCNN91</ORG_PRNT_UEI_NUM>
</Institution>
<Performance_Institution>
<Name><![CDATA[University of Illinois at Chicago, MSCS Department]]></Name>
<CityName>Chicago</CityName>
<StateCode>IL</StateCode>
<ZipCode>606070002</ZipCode>
<StreetAddress><![CDATA[851 S. Morgan, SEO 423]]></StreetAddress>
<CountryCode>US</CountryCode>
<CountryName>United States</CountryName>
<StateName>Illinois</StateName>
<CountryFlag>1</CountryFlag>
<CONGRESSDISTRICT>07</CONGRESSDISTRICT>
<CONGRESS_DISTRICT_PERF>IL07</CONGRESS_DISTRICT_PERF>
</Performance_Institution>
<ProgramElement>
<Code>1264</Code>
<Text>ALGEBRA,NUMBER THEORY,AND COM</Text>
</ProgramElement>
<Appropriation>
<Code/>
<Name/>
<APP_SYMB_ID/>
</Appropriation>
<Fund>
<Code>01002223DB</Code>
<Name><![CDATA[NSF RESEARCH & RELATED ACTIVIT]]></Name>
<FUND_SYMB_ID>040100</FUND_SYMB_ID>
</Fund>
<FUND_OBLG>2022~200000</FUND_OBLG>
</Award>
</rootTag>
