<?xml version="1.0" encoding="UTF-8"?>
<rootTag>
<Award>
<AwardTitle><![CDATA[Excellence in Research - Exploring Frontiers in Novel Material Synthesis at High Pressures: Synthesis and Recovery of Superhard and High Energy-Density Polynitrides]]></AwardTitle>
<AGENCY>NSF</AGENCY>
<AwardEffectiveDate>07/01/2022</AwardEffectiveDate>
<AwardExpirationDate>06/30/2025</AwardExpirationDate>
<AwardTotalIntnAmount>498690.00</AwardTotalIntnAmount>
<AwardAmount>498690</AwardAmount>
<AwardInstrument>
<Value>Standard Grant</Value>
</AwardInstrument>
<Organization>
<Code>03070000</Code>
<Directorate>
<Abbreviation>MPS</Abbreviation>
<LongName>Direct For Mathematical &amp; Physical Scien</LongName>
</Directorate>
<Division>
<Abbreviation>DMR</Abbreviation>
<LongName>Division Of Materials Research</LongName>
</Division>
</Organization>
<ProgramOfficer>
<SignBlockName>Birgit Schwenzer</SignBlockName>
<PO_EMAI>bschwenz@nsf.gov</PO_EMAI>
<PO_PHON>7032924771</PO_PHON>
</ProgramOfficer>
<AbstractNarration><![CDATA[Non-technical summary: &lt;br/&gt;&lt;br/&gt;Applying high pressure drastically changes physical and chemical properties of elements and compounds, which leads to the formation of fascinating new materials with unmatched properties. With support from NSF’s Office of Integrative Activities, researchers at Howard University and Carnegie Institution of Washington investigate nitrogen-rich metal compounds that form polymeric structures or large molecules (polynitrides) under high pressure. These materials show great promise as possible next-generation superhard or high-energy-density materials. The researchers explore the formation of specific alkali, alkali-earth and transition metal polynitrides at high-pressures and temperatures. Then they establish the material’s crystal chemistry and physical properties using a combination of laser-heated diamond anvil cells, synchrotron X-ray diffraction and Raman scattering experiments to tune the pressure-temperature conditions of synthesis and to probe the structure, physical properties, and chemical bonding of novel polynitrogen compounds. This research could aid and direct the functional design of new polynitrogen compounds with industrially relevant properties in the future. The project advances the Materials Science field in the search for new materials with potential energy applications as well as adjacent fields in Earth and Planetary sciences, which would benefit from better knowledge of crystal chemistry at extreme conditions. The project provides support and training to one postdoctoral associate at Howard University/Carnegie Institution for Science and advanced facilities (e.g. Advanced Photon Source, APS), as well as research opportunities for graduate and undergraduate students at Howard University. High school students will be engaged through a summer apprenticeship program.&lt;br/&gt;&lt;br/&gt;Technical summary: &lt;br/&gt;&lt;br/&gt;Material properties are greatly altered at high pressures, where unusual chemical bonding schemes and novel stoichiometries become thermodynamically stable. With support from NSF’s Office of Integrative Activities, researchers at Howard University and Carnegie Institution of Washington study the formation of alkali, alkali-earth and transition metal polynitrides (with focus on Li, K, Re, Os, W, Cr, Ru, Ti, Zr, Hf) at high-pressure high-temperature conditions, and their crystal chemistry and physical properties. The researchers exploit pressure as a tool to create a variety of unusual chemical bonding schemes and compositions, which become thermodynamically stable at high densities, but can be metastable at ambient pressure. Using a combination of X-ray diffraction and Raman experiments in laser-heated diamond anvil cell the researchers build a basis for further scaling-up of the synthesis, and reveal relations between synthesis conditions, chemical bonding, structure, and properties of polynitrides of different metals. This enables them to formulate crystal chemical principles governing the formation and behavior of polynitrides at extreme conditions. Furthermore, the researchers manipulate chemical composition, external strain, dimensionality, temperature, and chemical precursors as key variables that can be used to perform synthesis in the pressure-temperature range suitable for practical application and for metastable recovery of the materials.&lt;br/&gt;&lt;br/&gt;This award reflects NSF's statutory mission and has been deemed worthy of support through evaluation using the Foundation's intellectual merit and broader impacts review criteria.]]></AbstractNarration>
<MinAmdLetterDate>06/13/2022</MinAmdLetterDate>
<MaxAmdLetterDate>06/13/2022</MaxAmdLetterDate>
<ARRAAmount/>
<TRAN_TYPE>Grant</TRAN_TYPE>
<CFDA_NUM>47.083</CFDA_NUM>
<NSF_PAR_USE_FLAG>1</NSF_PAR_USE_FLAG>
<FUND_AGCY_CODE>4900</FUND_AGCY_CODE>
<AWDG_AGCY_CODE>4900</AWDG_AGCY_CODE>
<AwardID>2200670</AwardID>
<Investigator>
<FirstName>Mohammad</FirstName>
<LastName>Mahmood</LastName>
<PI_MID_INIT>F</PI_MID_INIT>
<PI_SUFX_NAME/>
<PI_FULL_NAME>Mohammad F Mahmood</PI_FULL_NAME>
<EmailAddress><![CDATA[mmahmood@howard.edu]]></EmailAddress>
<NSF_ID>000476064</NSF_ID>
<StartDate>06/13/2022</StartDate>
<EndDate/>
<RoleCode>Principal Investigator</RoleCode>
</Investigator>
<Investigator>
<FirstName>Alexander</FirstName>
<LastName>Goncharov</LastName>
<PI_MID_INIT>F</PI_MID_INIT>
<PI_SUFX_NAME/>
<PI_FULL_NAME>Alexander F Goncharov</PI_FULL_NAME>
<EmailAddress><![CDATA[agoncharov@carnegiescience.edu]]></EmailAddress>
<NSF_ID>000475219</NSF_ID>
<StartDate>06/13/2022</StartDate>
<EndDate/>
<RoleCode>Co-Principal Investigator</RoleCode>
</Investigator>
<Institution>
<Name>Howard University</Name>
<CityName>WASHINGTON</CityName>
<ZipCode>200590001</ZipCode>
<PhoneNumber>2028064759</PhoneNumber>
<StreetAddress>2400 6TH ST NW</StreetAddress>
<StreetAddress2/>
<CountryName>United States</CountryName>
<StateName>District of Columbia</StateName>
<StateCode>DC</StateCode>
<CONGRESSDISTRICT>00</CONGRESSDISTRICT>
<CONGRESS_DISTRICT_ORG>DC00</CONGRESS_DISTRICT_ORG>
<ORG_UEI_NUM>DYZNJGLTHMR9</ORG_UEI_NUM>
<ORG_LGL_BUS_NAME>HOWARD UNIVERSITY</ORG_LGL_BUS_NAME>
<ORG_PRNT_UEI_NUM/>
</Institution>
<Performance_Institution>
<Name><![CDATA[Howard University]]></Name>
<CityName>Washington</CityName>
<StateCode>DC</StateCode>
<ZipCode>200590002</ZipCode>
<StreetAddress><![CDATA[2400 Sixth Street NW]]></StreetAddress>
<CountryCode>US</CountryCode>
<CountryName>United States</CountryName>
<StateName>District of Columbia</StateName>
<CountryFlag>1</CountryFlag>
<CONGRESSDISTRICT>00</CONGRESSDISTRICT>
<CONGRESS_DISTRICT_PERF>DC00</CONGRESS_DISTRICT_PERF>
</Performance_Institution>
<ProgramElement>
<Code>070Y</Code>
<Text>HBCU-EiR - HBCU-Excellence in</Text>
</ProgramElement>
<ProgramReference>
<Code>089Z</Code>
<Text>Materials Under Extreme Conditions</Text>
</ProgramReference>
<ProgramReference>
<Code>1774</Code>
<Text>CERAMICS</Text>
</ProgramReference>
<FUND_OBLG>2022~498690</FUND_OBLG>
</Award>
</rootTag>
