<?xml version="1.0" encoding="UTF-8"?>
<rootTag>
<Award>
<AwardTitle>Class Groups, Character Sums, and Oscillatory Integrals</AwardTitle>
<AGENCY>NSF</AGENCY>
<AwardEffectiveDate>09/01/2022</AwardEffectiveDate>
<AwardExpirationDate>08/31/2025</AwardExpirationDate>
<AwardTotalIntnAmount>350000.00</AwardTotalIntnAmount>
<AwardAmount>94221</AwardAmount>
<AwardInstrument>
<Value>Continuing Grant</Value>
</AwardInstrument>
<Organization>
<Code>03040000</Code>
<Directorate>
<Abbreviation>MPS</Abbreviation>
<LongName>Direct For Mathematical &amp; Physical Scien</LongName>
</Directorate>
<Division>
<Abbreviation>DMS</Abbreviation>
<LongName>Division Of Mathematical Sciences</LongName>
</Division>
</Organization>
<ProgramOfficer>
<SignBlockName>Adriana Salerno</SignBlockName>
<PO_EMAI>asalerno@nsf.gov</PO_EMAI>
<PO_PHON>7032922271</PO_PHON>
</ProgramOfficer>
<AbstractNarration>This project will investigate central questions and conjectures in the mathematical fields of number theory and harmonic analysis. The research will elucidate properties of fundamental mathematical objects, and will develop new techniques that can be applied in the future by other mathematicians. In addition, the principal investigator, Dr. Lillian Pierce, will enhance the transmission of scientific knowledge and broaden participation in STEM research and learning. Dr. Pierce will fund and mentor trainees in the process of performing original research and obtaining PhD’s in mathematics. This award will support two conferences that aid the full participation of women and non-binary students in US-based math PhD programs, a summer school in harmonic analysis, and the innovative new journal “Essential Number Theory.”&lt;br/&gt;&lt;br/&gt;Dr. Pierce’s investigations will focus on open questions in analytic number theory, as well as projects in analysis that are motivated by an arithmetic viewpoint. These questions center on three themes. The first project will investigate a well-known conjecture on class groups of number fields, using methods involving character sums, sieves, and L-functions. The second project will investigate short mixed character sums, with applications to understanding L-functions and improving sieve methods for counting integral solutions to Diophantine equations. The third project will investigate square functions, convergence questions in partial differential equations, and maximally modulated oscillatory integral operators.&lt;br/&gt;&lt;br/&gt;This award reflects NSF's statutory mission and has been deemed worthy of support through evaluation using the Foundation's intellectual merit and broader impacts review criteria.</AbstractNarration>
<MinAmdLetterDate>04/06/2022</MinAmdLetterDate>
<MaxAmdLetterDate>04/06/2022</MaxAmdLetterDate>
<ARRAAmount/>
<TRAN_TYPE>Grant</TRAN_TYPE>
<CFDA_NUM>47.049</CFDA_NUM>
<NSF_PAR_USE_FLAG>1</NSF_PAR_USE_FLAG>
<FUND_AGCY_CODE>4900</FUND_AGCY_CODE>
<AWDG_AGCY_CODE>4900</AWDG_AGCY_CODE>
<AwardID>2200470</AwardID>
<Investigator>
<FirstName>Lillian</FirstName>
<LastName>Pierce</LastName>
<PI_MID_INIT>B</PI_MID_INIT>
<PI_SUFX_NAME/>
<PI_FULL_NAME>Lillian B Pierce</PI_FULL_NAME>
<EmailAddress>pierce@math.duke.edu</EmailAddress>
<PI_PHON>9296602800</PI_PHON>
<NSF_ID>000512876</NSF_ID>
<StartDate>04/06/2022</StartDate>
<EndDate/>
<RoleCode>Principal Investigator</RoleCode>
</Investigator>
<Institution>
<Name>Duke University</Name>
<CityName>DURHAM</CityName>
<ZipCode>277084677</ZipCode>
<PhoneNumber>9196843030</PhoneNumber>
<StreetAddress>2200 W MAIN ST STE 710</StreetAddress>
<StreetAddress2/>
<CountryName>United States</CountryName>
<StateName>North Carolina</StateName>
<StateCode>NC</StateCode>
<CONGRESSDISTRICT>04</CONGRESSDISTRICT>
<CONGRESS_DISTRICT_ORG>NC04</CONGRESS_DISTRICT_ORG>
<ORG_UEI_NUM>TP7EK8DZV6N5</ORG_UEI_NUM>
<ORG_LGL_BUS_NAME>DUKE UNIVERSITY</ORG_LGL_BUS_NAME>
<ORG_PRNT_UEI_NUM>TP7EK8DZV6N5</ORG_PRNT_UEI_NUM>
</Institution>
<Performance_Institution>
<Name><![CDATA[Duke University]]></Name>
<CityName>Durham</CityName>
<StateCode>NC</StateCode>
<ZipCode>277054010</ZipCode>
<StreetAddress><![CDATA[2200 W. Main St, Suite 710]]></StreetAddress>
<CountryCode>US</CountryCode>
<CountryName>United States</CountryName>
<StateName>North Carolina</StateName>
<CountryFlag>1</CountryFlag>
<CONGRESSDISTRICT>04</CONGRESSDISTRICT>
<CONGRESS_DISTRICT_PERF>NC04</CONGRESS_DISTRICT_PERF>
</Performance_Institution>
<ProgramElement>
<Code>1264</Code>
<Text>ALGEBRA,NUMBER THEORY,AND COM</Text>
</ProgramElement>
<ProgramElement>
<Code>1281</Code>
<Text>ANALYSIS PROGRAM</Text>
</ProgramElement>
<FUND_OBLG>2022~94221</FUND_OBLG>
</Award>
</rootTag>
