<?xml version="1.0" encoding="UTF-8"?>
<rootTag>
<Award>
<AwardTitle>Intergovernmental Personnel Award</AwardTitle>
<AGENCY>NSF</AGENCY>
<AwardEffectiveDate>10/01/2021</AwardEffectiveDate>
<AwardExpirationDate>09/12/2022</AwardExpirationDate>
<AwardTotalIntnAmount>202626.00</AwardTotalIntnAmount>
<AwardAmount>202626</AwardAmount>
<AwardInstrument>
<Value>Intergovernmental Personnel Award</Value>
</AwardInstrument>
<Organization>
<Code>08090000</Code>
<Directorate>
<Abbreviation>BIO</Abbreviation>
<LongName>Direct For Biological Sciences</LongName>
</Directorate>
<Division>
<Abbreviation>IOS</Abbreviation>
<LongName>Division Of Integrative Organismal Systems</LongName>
</Division>
</Organization>
<ProgramOfficer>
<SignBlockName>Edda Thiels</SignBlockName>
<PO_EMAI>ethiels@nsf.gov</PO_EMAI>
<PO_PHON>7032928167</PO_PHON>
</ProgramOfficer>
<AbstractNarration/>
<MinAmdLetterDate>10/25/2021</MinAmdLetterDate>
<MaxAmdLetterDate>10/25/2021</MaxAmdLetterDate>
<ARRAAmount/>
<TRAN_TYPE>Grant</TRAN_TYPE>
<CFDA_NUM>47.074</CFDA_NUM>
<NSF_PAR_USE_FLAG>1</NSF_PAR_USE_FLAG>
<FUND_AGCY_CODE>4900</FUND_AGCY_CODE>
<AWDG_AGCY_CODE>4900</AWDG_AGCY_CODE>
<AwardID>2200404</AwardID>
<Investigator>
<FirstName>John</FirstName>
<LastName>McDowell</LastName>
<PI_MID_INIT>M</PI_MID_INIT>
<PI_SUFX_NAME/>
<PI_FULL_NAME>John M McDowell</PI_FULL_NAME>
<EmailAddress>johnmcd@vt.edu</EmailAddress>
<PI_PHON>5402312388</PI_PHON>
<NSF_ID>000346575</NSF_ID>
<StartDate>10/25/2021</StartDate>
<EndDate/>
<RoleCode>Principal Investigator</RoleCode>
</Investigator>
<Institution>
<Name>Virginia Polytechnic Institute and State University</Name>
<CityName>BLACKSBURG</CityName>
<ZipCode>240616100</ZipCode>
<PhoneNumber>5402315281</PhoneNumber>
<StreetAddress>300 TURNER ST NW STE 4200</StreetAddress>
<StreetAddress2/>
<CountryName>United States</CountryName>
<StateName>Virginia</StateName>
<StateCode>VA</StateCode>
<CONGRESSDISTRICT>09</CONGRESSDISTRICT>
<CONGRESS_DISTRICT_ORG>VA09</CONGRESS_DISTRICT_ORG>
<ORG_UEI_NUM>QDE5UHE5XD16</ORG_UEI_NUM>
<ORG_LGL_BUS_NAME>VIRGINIA POLYTECHNIC INSTITUTE AND STATE UNIVERSITY</ORG_LGL_BUS_NAME>
<ORG_PRNT_UEI_NUM>QDE5UHE5XD16</ORG_PRNT_UEI_NUM>
</Institution>
<Performance_Institution>
<Name/>
<CityName/>
<StateCode/>
<ZipCode/>
<StreetAddress/>
<CountryCode/>
<CountryName>RI REQUIRED</CountryName>
<StateName>RI REQUIRED</StateName>
<CountryFlag>0</CountryFlag>
<CONGRESSDISTRICT/>
<CONGRESS_DISTRICT_PERF>""</CONGRESS_DISTRICT_PERF>
</Performance_Institution>
<ProgramElement>
<Code>9199</Code>
<Text>Unallocated Program Costs</Text>
</ProgramElement>
<FUND_OBLG>2022~202626</FUND_OBLG>
</Award>
</rootTag>
