<?xml version="1.0" encoding="UTF-8"?>
<rootTag>
<Award>
<AwardTitle><![CDATA[NSF-BSF: Derived and quantum corrected  structures on arithmetic and geometric moduli]]></AwardTitle>
<AGENCY>NSF</AGENCY>
<AwardEffectiveDate>08/01/2022</AwardEffectiveDate>
<AwardExpirationDate>07/31/2025</AwardExpirationDate>
<AwardTotalIntnAmount>359069.00</AwardTotalIntnAmount>
<AwardAmount>116237</AwardAmount>
<AwardInstrument>
<Value>Continuing Grant</Value>
</AwardInstrument>
<Organization>
<Code>03040000</Code>
<Directorate>
<Abbreviation>MPS</Abbreviation>
<LongName>Direct For Mathematical &amp; Physical Scien</LongName>
</Directorate>
<Division>
<Abbreviation>DMS</Abbreviation>
<LongName>Division Of Mathematical Sciences</LongName>
</Division>
</Organization>
<ProgramOfficer>
<SignBlockName>James Matthew Douglass</SignBlockName>
<PO_EMAI>mdouglas@nsf.gov</PO_EMAI>
<PO_PHON>7032922467</PO_PHON>
</ProgramOfficer>
<AbstractNarration><![CDATA[This is a research in algebraic geometry. The field of algebraic geometry studies geometric models by distilling and encoding their essential complexity in polynomial equations. The project integrates ideas from quantum physics and the physical study of symmetries of the fundamental laws of nature to extract new and unexpected information about the geometry of spaces and the deep properties of number systems. The project will focus on unraveling the structure of hidden and broken symmetries of quantum fields and to capture this structure in computable invariants. These invariants will give a new mathematical tool for understanding and proving various empirically observed physics dualities, and also mysterious arithmetic dualities, which are expected to identify a priori unrelated quantum theories. The project will unify the analytic and geometric properties of parameter spaces of representations in arbitrary dimension and sets the stage for understanding the basic local symmetries of moduli problems in a way suitable for pragmatic use in a broad spectrum of applications. The  work will be immediately relevant to deep questions in symplectic geometry, number theory, string theory and quantum field theory. This project provides research training opportunities for graduate students.&lt;br/&gt;&lt;br/&gt;Three directions will be studied. The first is to construct geometric realizations of arithmetic duality maps and will use geometry to produce new insights into the complexity of Galois representations. In the second project a new method is proposed for understanding maps between coisotropic branes, parametrizing the deformations of the composition laws for such maps, and extracting new symplectic information from such deformations. The final project uses the geometry of higher stacks to develop a duality and decomposition formalism for canceling anomalies and understanding secondary quantum symmetries in quantum field theory.&lt;br/&gt;&lt;br/&gt;This award reflects NSF's statutory mission and has been deemed worthy of support through evaluation using the Foundation's intellectual merit and broader impacts review criteria.]]></AbstractNarration>
<MinAmdLetterDate>06/24/2022</MinAmdLetterDate>
<MaxAmdLetterDate>06/24/2022</MaxAmdLetterDate>
<ARRAAmount/>
<TRAN_TYPE>Grant</TRAN_TYPE>
<CFDA_NUM>47.049</CFDA_NUM>
<NSF_PAR_USE_FLAG>1</NSF_PAR_USE_FLAG>
<FUND_AGCY_CODE>4900</FUND_AGCY_CODE>
<AWDG_AGCY_CODE>4900</AWDG_AGCY_CODE>
<AwardID>2200914</AwardID>
<Investigator>
<FirstName>Tony</FirstName>
<LastName>Pantev</LastName>
<PI_MID_INIT/>
<PI_SUFX_NAME/>
<PI_FULL_NAME>Tony Pantev</PI_FULL_NAME>
<EmailAddress><![CDATA[tpantev@math.upenn.edu]]></EmailAddress>
<NSF_ID>000206485</NSF_ID>
<StartDate>06/24/2022</StartDate>
<EndDate/>
<RoleCode>Principal Investigator</RoleCode>
</Investigator>
<Institution>
<Name>University of Pennsylvania</Name>
<CityName>PHILADELPHIA</CityName>
<ZipCode>191046205</ZipCode>
<PhoneNumber>2158987293</PhoneNumber>
<StreetAddress>3451 WALNUT ST STE 440A</StreetAddress>
<StreetAddress2/>
<CountryName>United States</CountryName>
<StateName>Pennsylvania</StateName>
<StateCode>PA</StateCode>
<CONGRESSDISTRICT>03</CONGRESSDISTRICT>
<CONGRESS_DISTRICT_ORG>PA03</CONGRESS_DISTRICT_ORG>
<ORG_UEI_NUM>GM1XX56LEP58</ORG_UEI_NUM>
<ORG_LGL_BUS_NAME>TRUSTEES OF THE UNIVERSITY OF PENNSYLVANIA, THE</ORG_LGL_BUS_NAME>
<ORG_PRNT_UEI_NUM>GM1XX56LEP58</ORG_PRNT_UEI_NUM>
</Institution>
<Performance_Institution>
<Name><![CDATA[University of Pennsylvania]]></Name>
<CityName>Philadelphia</CityName>
<StateCode>PA</StateCode>
<ZipCode>191046205</ZipCode>
<StreetAddress><![CDATA[Research Services]]></StreetAddress>
<CountryCode>US</CountryCode>
<CountryName>United States</CountryName>
<StateName>Pennsylvania</StateName>
<CountryFlag>1</CountryFlag>
<CONGRESSDISTRICT>03</CONGRESSDISTRICT>
<CONGRESS_DISTRICT_PERF>PA03</CONGRESS_DISTRICT_PERF>
</Performance_Institution>
<ProgramElement>
<Code>1264</Code>
<Text>ALGEBRA,NUMBER THEORY,AND COM</Text>
</ProgramElement>
<Appropriation>
<Code/>
<Name/>
<APP_SYMB_ID/>
</Appropriation>
<Fund>
<Code>01002223DB</Code>
<Name><![CDATA[NSF RESEARCH & RELATED ACTIVIT]]></Name>
<FUND_SYMB_ID>040100</FUND_SYMB_ID>
</Fund>
<FUND_OBLG>2022~116237</FUND_OBLG>
</Award>
</rootTag>
