<?xml version="1.0" encoding="UTF-8"?>
<rootTag>
<Award>
<AwardTitle><![CDATA[SHF: Small: Ubiquitous and Transparent Near-data Computing for General Purpose Processors]]></AwardTitle>
<AGENCY>NSF</AGENCY>
<AwardEffectiveDate>06/15/2022</AwardEffectiveDate>
<AwardExpirationDate>05/31/2025</AwardExpirationDate>
<AwardTotalIntnAmount>600000.00</AwardTotalIntnAmount>
<AwardAmount>600000</AwardAmount>
<AwardInstrument>
<Value>Standard Grant</Value>
</AwardInstrument>
<Organization>
<Code>05010000</Code>
<Directorate>
<Abbreviation>CSE</Abbreviation>
<LongName>Direct For Computer &amp; Info Scie &amp; Enginr</LongName>
</Directorate>
<Division>
<Abbreviation>CCF</Abbreviation>
<LongName>Division of Computing and Communication Foundations</LongName>
</Division>
</Organization>
<ProgramOfficer>
<SignBlockName>Almadena Chtchelkanova</SignBlockName>
<PO_EMAI>achtchel@nsf.gov</PO_EMAI>
<PO_PHON>7032927498</PO_PHON>
</ProgramOfficer>
<AbstractNarration><![CDATA[As multicore processors scale, the overheads of data movement and communication become the primary limitations to achieving commensurate performance and energy-efficiency gains. This is especially true for “big-data” workloads that rely on enormous datasets.  One increasingly popular solution is to perform computation near where the data is stored to avoid communication; this is a paradigm called near-data processing.  Despite the potential, existing near-data systems have severe limitations: they often require programmer help, they are limited to support a small subset of workloads, and they do not exploit the full range of near-data processing technologies in a coherent framework. To address these challenges, this project develops new hardware/software abstractions that can enable near-data processing capabilities for general purpose architectures, and which can be constructed by a compiler or in hardware to avoid programmer burden.  The potential impact of this research is to steer microprocessor design in novel ways that can help sustain expected exponential performance improvements, including efficiently scaling existing multicore processor size by an order-of-magnitude. In addition, our open source near-data compiler/simulation framework can foster research in this new direction. In terms of education, this project enhances courses with the infrastructure to give students cross-stack experience in co-designing hardware and software.  Finally, the project develops an outreach program to provide mentorship and networking opportunities to prospective graduate students across multiple universities.&lt;br/&gt;&lt;br/&gt;Towards the goal of ubiquitous and transparent near-data processing, the primary technical insight of this research is that a more powerful near-data abstraction would encapsulate the program’s interaction with each individual data-structure: its address pattern, associated computation, and dependences -- this new program abstraction is called a “fiber”. Each fiber can be offloaded to a level of the memory hierarchy (e.g. last-level caches or memory) that best optimizes for data locality, and all accesses maintain sequential memory semantics. Fibers are attractive because their high-level properties can be used to determine an optimal near-data offloading strategy, and they are sufficiently coarse grain to enable efficient coherence and coordination. Towards these goals, the project addresses five fundamental intellectual questions: What set of primitive offloading strategies is required for generality, especially considering offloading to multiple memory-hierarchy levels? How is it possible to enable programmer and even ISA-transparent NDP? How to enable sequential memory semantics without being overwhelmed by coordination messages? How to perform near-data computation at high throughput and low overhead, either by reusing general cores, processing-using-memory (PUM), or reconfigurable accelerators? And finally, how to optimize data-placement for NDP, considering the importance of co-locating the operands of near-data tasks? Overall, this project explores a radical departure from the core-centric paradigm of traditional general purpose processors, and will develop new program abstractions and microarchitectures for efficient decentralized computation based on near-data principles.&lt;br/&gt;&lt;br/&gt;This award reflects NSF's statutory mission and has been deemed worthy of support through evaluation using the Foundation's intellectual merit and broader impacts review criteria.]]></AbstractNarration>
<MinAmdLetterDate>06/06/2022</MinAmdLetterDate>
<MaxAmdLetterDate>06/06/2022</MaxAmdLetterDate>
<ARRAAmount/>
<TRAN_TYPE>Grant</TRAN_TYPE>
<CFDA_NUM>47.070</CFDA_NUM>
<NSF_PAR_USE_FLAG>1</NSF_PAR_USE_FLAG>
<FUND_AGCY_CODE>4900</FUND_AGCY_CODE>
<AWDG_AGCY_CODE>4900</AWDG_AGCY_CODE>
<AwardID>2200831</AwardID>
<Investigator>
<FirstName>Anthony</FirstName>
<LastName>Nowatzki</LastName>
<PI_MID_INIT/>
<PI_SUFX_NAME/>
<PI_FULL_NAME>Anthony Nowatzki</PI_FULL_NAME>
<EmailAddress><![CDATA[tjn@cs.ucla.edu]]></EmailAddress>
<NSF_ID>000752659</NSF_ID>
<StartDate>06/06/2022</StartDate>
<EndDate/>
<RoleCode>Principal Investigator</RoleCode>
</Investigator>
<Institution>
<Name>University of California-Los Angeles</Name>
<CityName>LOS ANGELES</CityName>
<ZipCode>900244201</ZipCode>
<PhoneNumber>3107940102</PhoneNumber>
<StreetAddress>10889 WILSHIRE BLVD STE 700</StreetAddress>
<StreetAddress2/>
<CountryName>United States</CountryName>
<StateName>California</StateName>
<StateCode>CA</StateCode>
<CONGRESSDISTRICT>37</CONGRESSDISTRICT>
<CONGRESS_DISTRICT_ORG>CA37</CONGRESS_DISTRICT_ORG>
<ORG_UEI_NUM>RN64EPNH8JC6</ORG_UEI_NUM>
<ORG_LGL_BUS_NAME>UNIVERSITY OF CALIFORNIA, LOS ANGELES</ORG_LGL_BUS_NAME>
<ORG_PRNT_UEI_NUM>NUDGYLBB4S99</ORG_PRNT_UEI_NUM>
</Institution>
<Performance_Institution>
<Name><![CDATA[The Regents of the University of California, Los Angeles]]></Name>
<CityName>Los Angeles</CityName>
<StateCode>CA</StateCode>
<ZipCode>900951596</ZipCode>
<StreetAddress><![CDATA[420 Westwood Plaza]]></StreetAddress>
<CountryCode>US</CountryCode>
<CountryName>United States</CountryName>
<StateName>California</StateName>
<CountryFlag>1</CountryFlag>
<CONGRESSDISTRICT>33</CONGRESSDISTRICT>
<CONGRESS_DISTRICT_PERF>CA33</CONGRESS_DISTRICT_PERF>
</Performance_Institution>
<ProgramElement>
<Code>7798</Code>
<Text>Software &amp; Hardware Foundation</Text>
</ProgramElement>
<ProgramReference>
<Code>7923</Code>
<Text>SMALL PROJECT</Text>
</ProgramReference>
<ProgramReference>
<Code>7941</Code>
<Text>COMPUTER ARCHITECTURE</Text>
</ProgramReference>
<FUND_OBLG>2022~600000</FUND_OBLG>
</Award>
</rootTag>
