<?xml version="1.0" encoding="UTF-8"?>
<rootTag>
<Award>
<AwardTitle>K-Stability, Moduli, and Birational Geometry</AwardTitle>
<AGENCY>NSF</AGENCY>
<AwardEffectiveDate>07/01/2022</AwardEffectiveDate>
<AwardExpirationDate>06/30/2025</AwardExpirationDate>
<AwardTotalIntnAmount>245379.00</AwardTotalIntnAmount>
<AwardAmount>245379</AwardAmount>
<AwardInstrument>
<Value>Standard Grant</Value>
</AwardInstrument>
<Organization>
<Code>03040000</Code>
<Directorate>
<Abbreviation>MPS</Abbreviation>
<LongName>Direct For Mathematical &amp; Physical Scien</LongName>
</Directorate>
<Division>
<Abbreviation>DMS</Abbreviation>
<LongName>Division Of Mathematical Sciences</LongName>
</Division>
</Organization>
<ProgramOfficer>
<SignBlockName>Sandra Spiroff</SignBlockName>
<PO_EMAI>sspiroff@nsf.gov</PO_EMAI>
<PO_PHON>7032928069</PO_PHON>
</ProgramOfficer>
<AbstractNarration>This is a project in the area of algebraic geometry, which is the study of shapes defined by polynomial equations. A fundamental topic in the field is moduli theory, which aims to construct and study spaces that parametrize all such shapes. For low dimensional shapes such moduli spaces are well understood, but less is known in higher dimensions. Recently, new perspectives from differential geometry have led to the construction of moduli spaces of certain Fano varieties, which are a class of positively curved shapes. The aim of this project is to apply newly developed techniques from the latter construction to the moduli theory of other classes of shapes. The project offers training opportunities for graduate students.&lt;br/&gt;&lt;br/&gt;K-stabilty is an algebraic notion introduced by differential geometers to characterize the existence of certain canonical metrics on complex projective varieties. While the notion can be defined for any projective variety, recent research has focused on the case of Fano varieties and culminated in an application to algebraic geometry: the construction of projective moduli spaces parametrizing K-stable Fano varieties. The goal of this project is to use tools from birational geometry and K-stability to construct moduli spaces of other classes of varieties. In particular, the PI will construct certain moduli of K-unstable Fano varieties, motivated by the study of Kahler-Ricci solitons in differential geometry. Next, the PI will develop new approaches for studying moduli of K-trivial varieties. Finally, the PI will apply tools from birational geometry to the study of K-stability of polarized varieties.&lt;br/&gt;&lt;br/&gt;This award reflects NSF's statutory mission and has been deemed worthy of support through evaluation using the Foundation's intellectual merit and broader impacts review criteria.</AbstractNarration>
<MinAmdLetterDate>04/04/2022</MinAmdLetterDate>
<MaxAmdLetterDate>04/04/2022</MaxAmdLetterDate>
<ARRAAmount/>
<TRAN_TYPE>Grant</TRAN_TYPE>
<CFDA_NUM>47.049</CFDA_NUM>
<NSF_PAR_USE_FLAG>1</NSF_PAR_USE_FLAG>
<FUND_AGCY_CODE>4900</FUND_AGCY_CODE>
<AWDG_AGCY_CODE>4900</AWDG_AGCY_CODE>
<AwardID>2200690</AwardID>
<Investigator>
<FirstName>Harold</FirstName>
<LastName>Blum</LastName>
<PI_MID_INIT/>
<PI_SUFX_NAME/>
<PI_FULL_NAME>Harold Blum</PI_FULL_NAME>
<EmailAddress>blum@math.utah.edu</EmailAddress>
<PI_PHON>8015816851</PI_PHON>
<NSF_ID>000757924</NSF_ID>
<StartDate>04/04/2022</StartDate>
<EndDate/>
<RoleCode>Principal Investigator</RoleCode>
</Investigator>
<Institution>
<Name>University of Utah</Name>
<CityName>SALT LAKE CITY</CityName>
<ZipCode>841129049</ZipCode>
<PhoneNumber>8015816903</PhoneNumber>
<StreetAddress>201 PRESIDENTS CIR</StreetAddress>
<StreetAddress2/>
<CountryName>United States</CountryName>
<StateName>Utah</StateName>
<StateCode>UT</StateCode>
<CONGRESSDISTRICT>02</CONGRESSDISTRICT>
<CONGRESS_DISTRICT_ORG>UT02</CONGRESS_DISTRICT_ORG>
<ORG_UEI_NUM>LL8GLEVH6MG3</ORG_UEI_NUM>
<ORG_LGL_BUS_NAME>UNIVERSITY OF UTAH, THE</ORG_LGL_BUS_NAME>
<ORG_PRNT_UEI_NUM>LL8GLEVH6MG3</ORG_PRNT_UEI_NUM>
</Institution>
<Performance_Institution>
<Name><![CDATA[UNIV OF UTAH]]></Name>
<CityName>SALT LAKE CITY</CityName>
<StateCode>UT</StateCode>
<ZipCode>841120090</ZipCode>
<StreetAddress><![CDATA[155 S 1400 E RM 233]]></StreetAddress>
<CountryCode>US</CountryCode>
<CountryName>United States</CountryName>
<StateName>Utah</StateName>
<CountryFlag>1</CountryFlag>
<CONGRESSDISTRICT>02</CONGRESSDISTRICT>
<CONGRESS_DISTRICT_PERF>UT02</CONGRESS_DISTRICT_PERF>
</Performance_Institution>
<ProgramElement>
<Code>1264</Code>
<Text>ALGEBRA,NUMBER THEORY,AND COM</Text>
</ProgramElement>
<FUND_OBLG>2022~245379</FUND_OBLG>
</Award>
</rootTag>
