<?xml version="1.0" encoding="UTF-8"?>
<rootTag>
<Award>
<AwardTitle>Improving Biotechnology Outcomes Through Pre-Professional Experiences and Industry Partnerships</AwardTitle>
<AGENCY>NSF</AGENCY>
<AwardEffectiveDate>10/01/2022</AwardEffectiveDate>
<AwardExpirationDate>09/30/2025</AwardExpirationDate>
<AwardTotalIntnAmount>349641.00</AwardTotalIntnAmount>
<AwardAmount>349641</AwardAmount>
<AwardInstrument>
<Value>Standard Grant</Value>
</AwardInstrument>
<Organization>
<Code>11040100</Code>
<Directorate>
<Abbreviation>EHR</Abbreviation>
<LongName>Direct For Education and Human Resources</LongName>
</Directorate>
<Division>
<Abbreviation>DUE</Abbreviation>
<LongName>Division Of Undergraduate Education</LongName>
</Division>
</Organization>
<ProgramOfficer>
<SignBlockName>Michael Davis</SignBlockName>
<PO_EMAI>mdavis@nsf.gov</PO_EMAI>
<PO_PHON>7032927166</PO_PHON>
</ProgramOfficer>
<AbstractNarration>Over the past six years, Southern California has become one of the nation’s leading centers for biotechnology, with a focus on biomanufacturing as well as biological and chemical technology.  In the last decade, more than 93,000 workers have been hired by 2,800 companies in the region.  In order to meet industrial needs, Cerritos College will establish the Cerritos College Biotechnology Initiative with the goal of providing an accessible academic pathway to high wage jobs with high growth potential.  The Biotechnology Initiative will create new certificate and degree programs, offer enrichment activities to increase awareness, provide professional development, and strengthen partnerships with regional employers.  This initiative should generate new knowledge regarding effective strategies to create interest in biotechnology careers through pre-professional experiences that will ultimately result in a more highly skilled technical workforce.  &lt;br/&gt;&lt;br/&gt;Cerritos College will develop and implement an academic pathway with three new courses that will result in a biotechnology certificate and may also be used to complete an associate's degree.  This project is expected to enroll 42 students each year.  To attract current students into the program, a new biotechnology focused lab module will be implemented in the high enrollment general biology course featuring experiments on antibody testing and effective manufacturing practices.  To further support the initiative, faculty from Chemistry and Biology will participate in 27 hours of professional development activities that will increase their knowledge of relevant biotechnology experiments and content, and optimize their ability to recruit students through more personalized “shoulder tap” methods.  In order to professionalize students, the Biotechnology Initiative will feature a seminar series, field trips, mock interviews, and community service activities.  An in-depth evaluation plan will assess the success of the program and the degree to which certificate and degree completers are able to meet the needs of regional employers.  Results from the project will be disseminated regionally through professional organizations and nationally among the two-year college community.  This project is funded by the Advanced Technological Education program that focuses on the education of technicians for the advanced-technology fields that drive the Nation's economy.&lt;br/&gt;&lt;br/&gt;This award reflects NSF's statutory mission and has been deemed worthy of support through evaluation using the Foundation's intellectual merit and broader impacts review criteria.</AbstractNarration>
<MinAmdLetterDate>03/28/2022</MinAmdLetterDate>
<MaxAmdLetterDate>03/28/2022</MaxAmdLetterDate>
<ARRAAmount/>
<TRAN_TYPE>Grant</TRAN_TYPE>
<CFDA_NUM>47.076</CFDA_NUM>
<NSF_PAR_USE_FLAG>1</NSF_PAR_USE_FLAG>
<FUND_AGCY_CODE>4900</FUND_AGCY_CODE>
<AWDG_AGCY_CODE>4900</AWDG_AGCY_CODE>
<AwardID>2200972</AwardID>
<Investigator>
<FirstName>Michelle</FirstName>
<LastName>Stieber</LastName>
<PI_MID_INIT>N</PI_MID_INIT>
<PI_SUFX_NAME/>
<PI_FULL_NAME>Michelle N Stieber</PI_FULL_NAME>
<EmailAddress>mstieber@cerritos.edu</EmailAddress>
<PI_PHON>5628602451</PI_PHON>
<NSF_ID>000821922</NSF_ID>
<StartDate>03/28/2022</StartDate>
<EndDate/>
<RoleCode>Principal Investigator</RoleCode>
</Investigator>
<Investigator>
<FirstName>Santos</FirstName>
<LastName>Rojas</LastName>
<PI_MID_INIT/>
<PI_SUFX_NAME/>
<PI_FULL_NAME>Santos Rojas</PI_FULL_NAME>
<EmailAddress>srojas@cerritos.edu</EmailAddress>
<PI_PHON>5628602451</PI_PHON>
<NSF_ID>000821940</NSF_ID>
<StartDate>03/28/2022</StartDate>
<EndDate/>
<RoleCode>Co-Principal Investigator</RoleCode>
</Investigator>
<Institution>
<Name>Cerritos College</Name>
<CityName>NORWALK</CityName>
<ZipCode>906506203</ZipCode>
<PhoneNumber>2138602451</PhoneNumber>
<StreetAddress>11110 ALONDRA BLVD</StreetAddress>
<StreetAddress2/>
<CountryName>United States</CountryName>
<StateName>California</StateName>
<StateCode>CA</StateCode>
<CONGRESSDISTRICT>38</CONGRESSDISTRICT>
<CONGRESS_DISTRICT_ORG>CA38</CONGRESS_DISTRICT_ORG>
<ORG_UEI_NUM>FHQJBWMRMQK9</ORG_UEI_NUM>
<ORG_LGL_BUS_NAME>CERRITOS COMMUNITY COLLEGE DISTRICT</ORG_LGL_BUS_NAME>
<ORG_PRNT_UEI_NUM>MJT2SKTWBHA4</ORG_PRNT_UEI_NUM>
</Institution>
<Performance_Institution>
<Name><![CDATA[Cerritos College]]></Name>
<CityName>Norwalk</CityName>
<StateCode>CA</StateCode>
<ZipCode>906506203</ZipCode>
<StreetAddress><![CDATA[11110 Alondra Blvd.]]></StreetAddress>
<CountryCode>US</CountryCode>
<CountryName>United States</CountryName>
<StateName>California</StateName>
<CountryFlag>1</CountryFlag>
<CONGRESSDISTRICT>38</CONGRESSDISTRICT>
<CONGRESS_DISTRICT_PERF>CA38</CONGRESS_DISTRICT_PERF>
</Performance_Institution>
<ProgramElement>
<Code>7412</Code>
<Text>Advanced Tech Education Prog</Text>
</ProgramElement>
<ProgramReference>
<Code>1032</Code>
<Text>ADVANCED TECHNOLOGY EDUCATION</Text>
</ProgramReference>
<ProgramReference>
<Code>9178</Code>
<Text>UNDERGRADUATE EDUCATION</Text>
</ProgramReference>
<ProgramReference>
<Code>SMET</Code>
<Text>SCIENCE, MATH, ENG &amp; TECH EDUCATION</Text>
</ProgramReference>
<FUND_OBLG>2022~349641</FUND_OBLG>
</Award>
</rootTag>
