<?xml version="1.0" encoding="UTF-8"?>
<rootTag>
<Award>
<AwardTitle><![CDATA[Synthesis and Assembly 2D Heterostructured Hybrid Stacks]]></AwardTitle>
<AGENCY>NSF</AGENCY>
<AwardEffectiveDate>09/01/2022</AwardEffectiveDate>
<AwardExpirationDate>08/31/2025</AwardExpirationDate>
<AwardTotalIntnAmount>520000.00</AwardTotalIntnAmount>
<AwardAmount>520000</AwardAmount>
<AwardInstrument>
<Value>Standard Grant</Value>
</AwardInstrument>
<Organization>
<Code>03090000</Code>
<Directorate>
<Abbreviation>MPS</Abbreviation>
<LongName>Direct For Mathematical &amp; Physical Scien</LongName>
</Directorate>
<Division>
<Abbreviation>CHE</Abbreviation>
<LongName>Division Of Chemistry</LongName>
</Division>
</Organization>
<ProgramOfficer>
<SignBlockName>Suk-Wah Tam-Chang</SignBlockName>
<PO_EMAI>stamchan@nsf.gov</PO_EMAI>
<PO_PHON>7032928684</PO_PHON>
</ProgramOfficer>
<AbstractNarration><![CDATA[With the support of the Macromolecular, Supramolecular and Nanochemistry (MSN) program in the Division of Chemistry, Professors Vladimir Tsukruk and Zhiqun Lin of Georgia Institute of Technology will develop novel synthetic approaches to two-dimensional nanosheets and study the assembly and properties of the nanosheet stacks.  Due to special Lego-like staggering of metal atoms and organic molecular species with controlled gaps between individual layers, these 2D stacks may possess useful ion transport, charge storage, and interfacial chemical properties for energy storage applications as for example might find application in lightweight battery technology.  The research project will provide interdisciplinary research training to graduate and undergraduate students, including students from underserved groups.  A life and career mini-workshop series will be established to provide opportunities for graduate and undergraduate students to interact with and learn from the experience of Professor Tsukruk’s former students and post-docs working in industry, national laboratories, and academia.&lt;br/&gt;&lt;br/&gt;Specifically, this collaborative research project by the Tsukruk and Lin laboratories will focus on the study of nanosheets of MXenes (with a general formula of Mn+1XnTx, where M is a transition metal, X is carbon and/or nitrogen, Tx is the surface functional group (e.g., OH, O or F), and n=1, 2 or 3) and metal oxides (V2O5, SnO2 and NiO).  The research team will develop synthetic approaches to MXene/MOx nanosheets supported by organized reactive templates with oxidation stability, gap control, and assembly abilities.  The integration of polymers and organic species with inorganic nanosheets may result in a controllable interlayer space and increased ion accessibility and structural stability.  Three major research task of this project include: 1) synthesis of functionalized MXenes with tailored surface chemistry, symmetry, and dimensions by focusing on the rational design of heterostructured 2D MX/MOx binary and ternary stacks with functionalized nanosheets as pre-programmed reactive templates; 2) assembly and fabrication of both horizontal stacks and vertically aligned stacks composed of organic-inorganic composite nanosheets; and 3) real-time monitoring of ion transport by utilizing unique methods for in-situ neutron reflectivity and grazing-angle wide-angle X-ray scattering with in-situ high-resolution scanning probe microscopy for understanding fundamental characteristics of interfacial chemistry, confined ion transport, ion-walls interactions, and organization-transport relationships.&lt;br/&gt;&lt;br/&gt;This award reflects NSF's statutory mission and has been deemed worthy of support through evaluation using the Foundation's intellectual merit and broader impacts review criteria.]]></AbstractNarration>
<MinAmdLetterDate>06/29/2022</MinAmdLetterDate>
<MaxAmdLetterDate>06/29/2022</MaxAmdLetterDate>
<ARRAAmount/>
<TRAN_TYPE>Grant</TRAN_TYPE>
<CFDA_NUM>47.049</CFDA_NUM>
<NSF_PAR_USE_FLAG>1</NSF_PAR_USE_FLAG>
<FUND_AGCY_CODE>4900</FUND_AGCY_CODE>
<AWDG_AGCY_CODE>4900</AWDG_AGCY_CODE>
<AwardID>2200366</AwardID>
<Investigator>
<FirstName>Vladimir</FirstName>
<LastName>Tsukruk</LastName>
<PI_MID_INIT>V</PI_MID_INIT>
<PI_SUFX_NAME/>
<PI_FULL_NAME>Vladimir V Tsukruk</PI_FULL_NAME>
<EmailAddress><![CDATA[vladimir@mse.gatech.edu]]></EmailAddress>
<NSF_ID>000279643</NSF_ID>
<StartDate>06/29/2022</StartDate>
<EndDate/>
<RoleCode>Principal Investigator</RoleCode>
</Investigator>
<Investigator>
<FirstName>Zhiqun</FirstName>
<LastName>Lin</LastName>
<PI_MID_INIT/>
<PI_SUFX_NAME/>
<PI_FULL_NAME>Zhiqun Lin</PI_FULL_NAME>
<EmailAddress><![CDATA[zhiqun.lin@mse.gatech.edu]]></EmailAddress>
<NSF_ID>000097014</NSF_ID>
<StartDate>06/29/2022</StartDate>
<EndDate/>
<RoleCode>Co-Principal Investigator</RoleCode>
</Investigator>
<Institution>
<Name>Georgia Tech Research Corporation</Name>
<CityName>ATLANTA</CityName>
<ZipCode>30332</ZipCode>
<PhoneNumber>4048944819</PhoneNumber>
<StreetAddress>926 DALNEY ST NW</StreetAddress>
<StreetAddress2/>
<CountryName>United States</CountryName>
<StateName>Georgia</StateName>
<StateCode>GA</StateCode>
<CONGRESSDISTRICT>05</CONGRESSDISTRICT>
<CONGRESS_DISTRICT_ORG>GA05</CONGRESS_DISTRICT_ORG>
<ORG_UEI_NUM>EMW9FC8J3HN4</ORG_UEI_NUM>
<ORG_LGL_BUS_NAME>GEORGIA TECH RESEARCH CORPORATION</ORG_LGL_BUS_NAME>
<ORG_PRNT_UEI_NUM>EMW9FC8J3HN4</ORG_PRNT_UEI_NUM>
</Institution>
<Performance_Institution>
<Name><![CDATA[Georgia Institute of Technology]]></Name>
<CityName>Atlanta</CityName>
<StateCode>GA</StateCode>
<ZipCode>303320420</ZipCode>
<StreetAddress><![CDATA[225 North Avenue, NW]]></StreetAddress>
<CountryCode>US</CountryCode>
<CountryName>United States</CountryName>
<StateName>Georgia</StateName>
<CountryFlag>1</CountryFlag>
<CONGRESSDISTRICT>05</CONGRESSDISTRICT>
<CONGRESS_DISTRICT_PERF>GA05</CONGRESS_DISTRICT_PERF>
</Performance_Institution>
<ProgramElement>
<Code>6885</Code>
<Text>Macromolec/Supramolec/Nano</Text>
</ProgramElement>
<ProgramReference>
<Code>7237</Code>
<Text>NANO NON-SOLIC SCI &amp; ENG AWD</Text>
</ProgramReference>
<ProgramReference>
<Code>8396</Code>
<Text>Clean Energy Technology</Text>
</ProgramReference>
<ProgramReference>
<Code>8399</Code>
<Text>Energy Storage or Transmission</Text>
</ProgramReference>
<Appropriation>
<Code/>
<Name/>
<APP_SYMB_ID/>
</Appropriation>
<Fund>
<Code>01002223DB</Code>
<Name><![CDATA[NSF RESEARCH & RELATED ACTIVIT]]></Name>
<FUND_SYMB_ID>040100</FUND_SYMB_ID>
</Fund>
<FUND_OBLG>2022~520000</FUND_OBLG>
</Award>
</rootTag>
