<?xml version="1.0" encoding="UTF-8"?>
<rootTag>
<Award>
<AwardTitle>CC* Compute:  The MSU Data Machine - a high-memory, GPU-enabled compute cluster for data-intensive and AI applications</AwardTitle>
<AGENCY>NSF</AGENCY>
<AwardEffectiveDate>07/01/2022</AwardEffectiveDate>
<AwardExpirationDate>06/30/2024</AwardExpirationDate>
<AwardTotalIntnAmount>399865.00</AwardTotalIntnAmount>
<AwardAmount>399865</AwardAmount>
<AwardInstrument>
<Value>Standard Grant</Value>
</AwardInstrument>
<Organization>
<Code>05090000</Code>
<Directorate>
<Abbreviation>CSE</Abbreviation>
<LongName>Direct For Computer &amp; Info Scie &amp; Enginr</LongName>
</Directorate>
<Division>
<Abbreviation>OAC</Abbreviation>
<LongName>Office of Advanced Cyberinfrastructure (OAC)</LongName>
</Division>
</Organization>
<ProgramOfficer>
<SignBlockName>Kevin Thompson</SignBlockName>
<PO_EMAI>kthompso@nsf.gov</PO_EMAI>
<PO_PHON>7032924220</PO_PHON>
</ProgramOfficer>
<AbstractNarration>The MSU Data Machine addresses the exponential growth of large and complex datasets in many fields of study, particularly those where computing has not been widely used or where the research and teaching approaches needed to work with “big data”, which present a different set of computing requirements than in traditional high performance computing.  The Data Machine facilitates data-intensive research by having computing nodes with large amounts of memory, a high speed file system, graphics processing units that are optimized for machine learning and artificial intelligence-based analysis techniques, and a high speed file system.  It also includes software, usage policies, and training that makes it easy for users to interactively analyze and visualize their data. &lt;br/&gt;&lt;br/&gt;This project focuses on four specific research areas - in the areas of microbial genomics, social system modeling, spatial and community ecology, and data-driven turbulence modeling - however, the Data Machine broadly enables MSU’s research community to pursue data-intensive research projects by lowering barriers to engaging with these types of resources.  The project also provides a valuable computational resource to the nation via the Open Science Grid and MSU’s NSF-funded Science DMZ project, advancing research in a wide spectrum of areas.  Furthermore, MSU undergraduate and graduate students are participating in the deployment and administration of the Data Machine as well as using it for research and educational activities, contributing to the development of a globally competitive STEM workforce and promoting the advancement of under-represented groups in computational and data science.&lt;br/&gt;&lt;br/&gt;This award reflects NSF's statutory mission and has been deemed worthy of support through evaluation using the Foundation's intellectual merit and broader impacts review criteria.</AbstractNarration>
<MinAmdLetterDate>04/06/2022</MinAmdLetterDate>
<MaxAmdLetterDate>04/06/2022</MaxAmdLetterDate>
<ARRAAmount/>
<TRAN_TYPE>Grant</TRAN_TYPE>
<CFDA_NUM>47.070</CFDA_NUM>
<NSF_PAR_USE_FLAG>1</NSF_PAR_USE_FLAG>
<FUND_AGCY_CODE>4900</FUND_AGCY_CODE>
<AWDG_AGCY_CODE>4900</AWDG_AGCY_CODE>
<AwardID>2200792</AwardID>
<Investigator>
<FirstName>Phoebe</FirstName>
<LastName>Zarnetske</LastName>
<PI_MID_INIT>L</PI_MID_INIT>
<PI_SUFX_NAME/>
<PI_FULL_NAME>Phoebe L Zarnetske</PI_FULL_NAME>
<EmailAddress>plz@msu.edu</EmailAddress>
<PI_PHON>5173557671</PI_PHON>
<NSF_ID>000663802</NSF_ID>
<StartDate>04/06/2022</StartDate>
<EndDate/>
<RoleCode>Co-Principal Investigator</RoleCode>
</Investigator>
<Investigator>
<FirstName>Arika</FirstName>
<LastName>Ligmann-Zielinska</LastName>
<PI_MID_INIT/>
<PI_SUFX_NAME/>
<PI_FULL_NAME>Arika Ligmann-Zielinska</PI_FULL_NAME>
<EmailAddress>ligmannz@msu.edu</EmailAddress>
<PI_PHON>5174324749</PI_PHON>
<NSF_ID>000487635</NSF_ID>
<StartDate>04/06/2022</StartDate>
<EndDate/>
<RoleCode>Co-Principal Investigator</RoleCode>
</Investigator>
<Investigator>
<FirstName>Junlin</FirstName>
<LastName>Yuan</LastName>
<PI_MID_INIT/>
<PI_SUFX_NAME/>
<PI_FULL_NAME>Junlin Yuan</PI_FULL_NAME>
<EmailAddress>junlin@egr.msu.edu</EmailAddress>
<PI_PHON>5173535084</PI_PHON>
<NSF_ID>000735264</NSF_ID>
<StartDate>04/06/2022</StartDate>
<EndDate/>
<RoleCode>Co-Principal Investigator</RoleCode>
</Investigator>
<Investigator>
<FirstName>Brian</FirstName>
<LastName>O'Shea</LastName>
<PI_MID_INIT>W</PI_MID_INIT>
<PI_SUFX_NAME/>
<PI_FULL_NAME>Brian W O'Shea</PI_FULL_NAME>
<EmailAddress>oshea@msu.edu</EmailAddress>
<PI_PHON>5178845638</PI_PHON>
<NSF_ID>000316254</NSF_ID>
<StartDate>04/06/2022</StartDate>
<EndDate/>
<RoleCode>Principal Investigator</RoleCode>
</Investigator>
<Investigator>
<FirstName>Matthew</FirstName>
<LastName>Schrenk</LastName>
<PI_MID_INIT/>
<PI_SUFX_NAME/>
<PI_FULL_NAME>Matthew Schrenk</PI_FULL_NAME>
<EmailAddress>schrenkm@msu.edu</EmailAddress>
<PI_PHON>5173555040</PI_PHON>
<NSF_ID>000727747</NSF_ID>
<StartDate>04/06/2022</StartDate>
<EndDate/>
<RoleCode>Co-Principal Investigator</RoleCode>
</Investigator>
<Institution>
<Name>Michigan State University</Name>
<CityName>EAST LANSING</CityName>
<ZipCode>488242600</ZipCode>
<PhoneNumber>5173555040</PhoneNumber>
<StreetAddress>426 AUDITORIUM RD RM 2</StreetAddress>
<StreetAddress2/>
<CountryName>United States</CountryName>
<StateName>Michigan</StateName>
<StateCode>MI</StateCode>
<CONGRESSDISTRICT>08</CONGRESSDISTRICT>
<CONGRESS_DISTRICT_ORG>MI08</CONGRESS_DISTRICT_ORG>
<ORG_UEI_NUM>R28EKN92ZTZ9</ORG_UEI_NUM>
<ORG_LGL_BUS_NAME>MICHIGAN STATE UNIVERSITY</ORG_LGL_BUS_NAME>
<ORG_PRNT_UEI_NUM>VJKZC4D1JN36</ORG_PRNT_UEI_NUM>
</Institution>
<Performance_Institution>
<Name><![CDATA[Michigan State University]]></Name>
<CityName>East Lansing</CityName>
<StateCode>MI</StateCode>
<ZipCode>488242600</ZipCode>
<StreetAddress/>
<CountryCode>US</CountryCode>
<CountryName>United States</CountryName>
<StateName>Michigan</StateName>
<CountryFlag>1</CountryFlag>
<CONGRESSDISTRICT>08</CONGRESSDISTRICT>
<CONGRESS_DISTRICT_PERF>MI08</CONGRESS_DISTRICT_PERF>
</Performance_Institution>
<ProgramElement>
<Code>8080</Code>
<Text>Campus Cyberinfrastructure</Text>
</ProgramElement>
<FUND_OBLG>2022~399865</FUND_OBLG>
</Award>
</rootTag>
