<?xml version="1.0" encoding="UTF-8"?>
<rootTag>
<Award>
<AwardTitle>New constraints on 14C reservoirs around the Antarctic Peninsula and the Southern Ocean based on historically-harvested whale bones</AwardTitle>
<AGENCY>NSF</AGENCY>
<AwardEffectiveDate>08/01/2022</AwardEffectiveDate>
<AwardExpirationDate>07/31/2023</AwardExpirationDate>
<AwardTotalIntnAmount>58915.00</AwardTotalIntnAmount>
<AwardAmount>58915</AwardAmount>
<AwardInstrument>
<Value>Standard Grant</Value>
</AwardInstrument>
<Organization>
<Code>06090300</Code>
<Directorate>
<Abbreviation>GEO</Abbreviation>
<LongName>Directorate For Geosciences</LongName>
</Directorate>
<Division>
<Abbreviation>OPP</Abbreviation>
<LongName>Office of Polar Programs (OPP)</LongName>
</Division>
</Organization>
<ProgramOfficer>
<SignBlockName>Michael E. Jackson</SignBlockName>
<PO_EMAI>mejackso@nsf.gov</PO_EMAI>
<PO_PHON>7032927120</PO_PHON>
</ProgramOfficer>
<AbstractNarration>Much of our understanding of ice sheet behavior due to warming temperatures is based on how past ice sheets responded to warming associated with the end of the last ice age, 20,000 years ago.  These studies rely on accurate dating of features left behind by the past ice sheets.  The most commonly used method for determining the age of these features over the last ~40,000 years is radiocarbon dating.  However, radiocarbon dating is not without its nuances, which are particularly pronounced around Antarctica.  One of these nuances is determining the offset between the materials measured radiocarbon age and its true age.  The purpose of this research is to use historically harvested whale bones from the Antarctic Peninsula, whose age is independently known, to determine that offset.  A better understanding of that offset will allow more accurate estimates of past rates of ice sheet and sea-level changes across the Antarctic Peninsula over the last ~40,000 years.  &lt;br/&gt;&lt;br/&gt;Much of our understanding of how the Antarctic Ice Sheet will respond to future climate changes is based on studies of its past behavior.  Those studies often rely on reconstructing its evolution since the Last Glacial Maximum, 20,000 years ago.  Radiocarbon dating is the most commonly used method of dating Quaternary deposits for these reconstructions.  However, the use of radiocarbon in Antarctica is hampered by some of the largest and least constrained radiocarbon reservoirs on the planet.  The purpose of this research is to determine the radiocarbon reservoir for whale bones.  This research will leverage an existing collection of 25 whale bones used for prior DNA research to determine the late Holocene radiocarbon reservoir for the Antarctic Peninsula.   The whale bones are from specimens harvested at the turn of the 20th century prior to nuclear testing in the 1950s.  Thus, their radiocarbon age will provide valuable new constraints on the radiocarbon reservoir for shallow waters around Antarctica.  An added benefit of this approach is that given the DNA determination, we will also be able to determine if that radiocarbon reservoir varies across three species of whales, thus testing the common assumption that the radiocarbon reservoir does not vary significantly across different species.&lt;br/&gt;&lt;br/&gt;This award reflects NSF's statutory mission and has been deemed worthy of support through evaluation using the Foundation's intellectual merit and broader impacts review criteria.</AbstractNarration>
<MinAmdLetterDate>04/27/2022</MinAmdLetterDate>
<MaxAmdLetterDate>04/27/2022</MaxAmdLetterDate>
<ARRAAmount/>
<TRAN_TYPE>Grant</TRAN_TYPE>
<CFDA_NUM>47.078</CFDA_NUM>
<NSF_PAR_USE_FLAG>1</NSF_PAR_USE_FLAG>
<FUND_AGCY_CODE>4900</FUND_AGCY_CODE>
<AWDG_AGCY_CODE>4900</AWDG_AGCY_CODE>
<AwardID>2200448</AwardID>
<Investigator>
<FirstName>Alexander</FirstName>
<LastName>Simms</LastName>
<PI_MID_INIT>R</PI_MID_INIT>
<PI_SUFX_NAME/>
<PI_FULL_NAME>Alexander R Simms</PI_FULL_NAME>
<EmailAddress>asimms@geol.ucsb.edu</EmailAddress>
<PI_PHON>8058457292</PI_PHON>
<NSF_ID>000363063</NSF_ID>
<StartDate>04/27/2022</StartDate>
<EndDate/>
<RoleCode>Principal Investigator</RoleCode>
</Investigator>
<Institution>
<Name>University of California-Santa Barbara</Name>
<CityName>SANTA BARBARA</CityName>
<ZipCode>931060001</ZipCode>
<PhoneNumber>8058934188</PhoneNumber>
<StreetAddress>3227 CHEADLE HALL</StreetAddress>
<StreetAddress2/>
<CountryName>United States</CountryName>
<StateName>California</StateName>
<StateCode>CA</StateCode>
<CONGRESSDISTRICT>24</CONGRESSDISTRICT>
<CONGRESS_DISTRICT_ORG>CA24</CONGRESS_DISTRICT_ORG>
<ORG_UEI_NUM>G9QBQDH39DF4</ORG_UEI_NUM>
<ORG_LGL_BUS_NAME>UNIVERSITY OF CALIFORNIA, SANTA BARBARA</ORG_LGL_BUS_NAME>
<ORG_PRNT_UEI_NUM>NUDGYLBB4S99</ORG_PRNT_UEI_NUM>
</Institution>
<Performance_Institution>
<Name><![CDATA[University of California-Santa Barbara]]></Name>
<CityName>Santa Barbara</CityName>
<StateCode>CA</StateCode>
<ZipCode>931062050</ZipCode>
<StreetAddress><![CDATA[Office of Research]]></StreetAddress>
<CountryCode>US</CountryCode>
<CountryName>United States</CountryName>
<StateName>California</StateName>
<CountryFlag>1</CountryFlag>
<CONGRESSDISTRICT>24</CONGRESSDISTRICT>
<CONGRESS_DISTRICT_PERF>CA24</CONGRESS_DISTRICT_PERF>
</Performance_Institution>
<ProgramElement>
<Code>5112</Code>
<Text>ANT Earth Sciences</Text>
</ProgramElement>
<ProgramReference>
<Code>5294</Code>
<Text>USGCRP</Text>
</ProgramReference>
<FUND_OBLG>2022~58915</FUND_OBLG>
</Award>
</rootTag>
