<?xml version="1.0" encoding="UTF-8"?>
<rootTag>
<Award>
<AwardTitle><![CDATA[Galois Structures and Arithmetic Statistics]]></AwardTitle>
<AGENCY>NSF</AGENCY>
<AwardEffectiveDate>08/15/2022</AwardEffectiveDate>
<AwardExpirationDate>07/31/2025</AwardExpirationDate>
<AwardTotalIntnAmount>141400.00</AwardTotalIntnAmount>
<AwardAmount>141400</AwardAmount>
<AwardInstrument>
<Value>Standard Grant</Value>
</AwardInstrument>
<Organization>
<Code>03040000</Code>
<Directorate>
<Abbreviation>MPS</Abbreviation>
<LongName>Direct For Mathematical &amp; Physical Scien</LongName>
</Directorate>
<Division>
<Abbreviation>DMS</Abbreviation>
<LongName>Division Of Mathematical Sciences</LongName>
</Division>
</Organization>
<ProgramOfficer>
<SignBlockName>Adriana Salerno</SignBlockName>
<PO_EMAI>asalerno@nsf.gov</PO_EMAI>
<PO_PHON>7032922271</PO_PHON>
</ProgramOfficer>
<AbstractNarration><![CDATA[The study of algebraic number fields, mathematical objects obtained from the solutions of polynomials with integer coefficients, is a very active area of research in number theory. Associated to each algebraic number field, there is an invariant, the class group, that measures the complexity of the number field structure. While computation of the class group is hard in general, numerical evidence suggests that the class group is "random" when ranging over a reasonable family of number fields, and this randomness behavior is studied in a recently active area – arithmetic statistics. One way to study this random invariant is to construct a random model which contains key parameters and use the model to simulate the distributions of class groups. This project will explore various questions about the constructions of such random models and their applications. The project also provides support for an undergraduate research experience.&lt;br/&gt; &lt;br/&gt;The research in this project is at the intersection of algebraic number theory, arithmetic statistics, group theory, and probability theory. The PI and her collaborators have produced a series of works on the non-abelian Cohen--Lenstra heuristics to give reasonable conjectures to predict the distributions of the Galois groups of the maximal unramified extensions of global fields (which are non-abelian generalizations of class groups). In particular, the non-abelian random group models constructed in this work play an important role in connecting the Galois objects with their arithmetic statistics. The PI plans to continue working along this direction, which includes: deeply studying the Galois structures of unramified extensions, proving properties of the Galois structure that are implied by the new arithmetical statistical heuristics, and studying how the random group models are affected by removing some restrictions in previous work. Explicitly, this project has three key goals: 1) modify the non-abelian Cohen—Lenstra heuristics in the case when the base field contains roots of unity; 2) study how the signature of the base field affects the distribution, and 3) generalize Gerth's conjecture.&lt;br/&gt;&lt;br/&gt;This award reflects NSF's statutory mission and has been deemed worthy of support through evaluation using the Foundation's intellectual merit and broader impacts review criteria.]]></AbstractNarration>
<MinAmdLetterDate>05/03/2022</MinAmdLetterDate>
<MaxAmdLetterDate>05/03/2022</MaxAmdLetterDate>
<ARRAAmount/>
<TRAN_TYPE>Grant</TRAN_TYPE>
<CFDA_NUM>47.049</CFDA_NUM>
<NSF_PAR_USE_FLAG>1</NSF_PAR_USE_FLAG>
<FUND_AGCY_CODE>4900</FUND_AGCY_CODE>
<AWDG_AGCY_CODE>4900</AWDG_AGCY_CODE>
<AwardID>2200541</AwardID>
<Investigator>
<FirstName>Yuan</FirstName>
<LastName>Liu</LastName>
<PI_MID_INIT/>
<PI_SUFX_NAME/>
<PI_FULL_NAME>Yuan Liu</PI_FULL_NAME>
<EmailAddress><![CDATA[yyyliu@umich.edu]]></EmailAddress>
<NSF_ID>000810922</NSF_ID>
<StartDate>05/03/2022</StartDate>
<EndDate/>
<RoleCode>Principal Investigator</RoleCode>
</Investigator>
<Institution>
<Name>University of Illinois at Urbana-Champaign</Name>
<CityName>URBANA</CityName>
<ZipCode>618013620</ZipCode>
<PhoneNumber>2173332187</PhoneNumber>
<StreetAddress>506 S WRIGHT ST</StreetAddress>
<StreetAddress2/>
<CountryName>United States</CountryName>
<StateName>Illinois</StateName>
<StateCode>IL</StateCode>
<CONGRESSDISTRICT>13</CONGRESSDISTRICT>
<CONGRESS_DISTRICT_ORG>IL13</CONGRESS_DISTRICT_ORG>
<ORG_UEI_NUM>Y8CWNJRCNN91</ORG_UEI_NUM>
<ORG_LGL_BUS_NAME>UNIVERSITY OF ILLINOIS</ORG_LGL_BUS_NAME>
<ORG_PRNT_UEI_NUM/>
</Institution>
<Performance_Institution>
<Name><![CDATA[University of Illinois at Urbana-Champaign, Math Department]]></Name>
<CityName>Urbana</CityName>
<StateCode>IL</StateCode>
<ZipCode>618012975</ZipCode>
<StreetAddress><![CDATA[1409 W Green St]]></StreetAddress>
<CountryCode>US</CountryCode>
<CountryName>United States</CountryName>
<StateName>Illinois</StateName>
<CountryFlag>1</CountryFlag>
<CONGRESSDISTRICT>13</CONGRESSDISTRICT>
<CONGRESS_DISTRICT_PERF>IL13</CONGRESS_DISTRICT_PERF>
</Performance_Institution>
<ProgramElement>
<Code>1264</Code>
<Text>ALGEBRA,NUMBER THEORY,AND COM</Text>
</ProgramElement>
<ProgramReference>
<Code>9251</Code>
<Text>REU SUPP-Res Exp for Ugrd Supp</Text>
</ProgramReference>
<FUND_OBLG>2022~141400</FUND_OBLG>
</Award>
</rootTag>
