<?xml version="1.0" encoding="UTF-8"?>
<rootTag>
<Award>
<AwardTitle>Research Initiation Award: Establishing the Fundamentals of Spin-Crossover Behavior and Catalysis in Single-Chain Nanoparticle Metallopolymers</AwardTitle>
<AGENCY>NSF</AGENCY>
<AwardEffectiveDate>08/01/2022</AwardEffectiveDate>
<AwardExpirationDate>07/31/2025</AwardExpirationDate>
<AwardTotalIntnAmount>287605.00</AwardTotalIntnAmount>
<AwardAmount>287605</AwardAmount>
<AwardInstrument>
<Value>Standard Grant</Value>
</AwardInstrument>
<Organization>
<Code>11060000</Code>
<Directorate>
<Abbreviation>EHR</Abbreviation>
<LongName>Direct For Education and Human Resources</LongName>
</Directorate>
<Division>
<Abbreviation>HRD</Abbreviation>
<LongName>Division Of Human Resource Development</LongName>
</Division>
</Organization>
<ProgramOfficer>
<SignBlockName>Tomasz Durakiewicz</SignBlockName>
<PO_EMAI>tdurakie@nsf.gov</PO_EMAI>
<PO_PHON>7032924892</PO_PHON>
</ProgramOfficer>
<AbstractNarration>Research Initiation Awards provide support for junior and mid-career faculty at Historically Black Colleges and Universities who are building new research programs or redirecting and rebuilding existing research programs. It is expected that the award helps to further the faculty member's research capability and effectiveness, improve research and teaching at the home institution, and involves undergraduate students in research experiences. Black women are a significantly under-represented group in STEM, and one important way to remedy this is to provide training and research opportunities to Black women early in their academic careers. The research projects proposed here are carried out by undergraduates at Spelman College: Black women who are working to establish themselves in STEM. In addition to providing them with valuable scientific training in the fields of computational science, inorganic chemistry, and polymer chemistry, this research provides them with networking and professional development opportunities as well. This research is focused on using computational chemistry to model and better understand the behavior of certain metal-containing polymers. The results of the research itself can also have significantly beneficial impacts on human society by leading to the design of improved catalysts and new multifunctional materials. &lt;br/&gt;&lt;br/&gt;One of the overarching goals of polymer science is to develop materials that have the functions and capabilities of proteins but are not limited by their fragility or complex synthesis. A class of materials that can potentially fulfill these criteria are single-chain nanoparticle (SCNP) metallopolymers. It has been found that metal containing SCNPs can act as effective catalysts for numerous reactions, suggesting that they could be potential “artificial enzymes”. Using modern computational chemistry techniques (chiefly density functional theory and QM/MM simulations) the mechanisms of several catalytically active SCNP metallopolymers are being computed to help elucidate the atomistic details of their reaction pathways and how these are influenced by their polymeric features. Spin-state is also known to be an important feature in metalloenzyme reactivity and could also affect the mechanistic and catalytic behavior of SCNP enzyme mimics as well.  Therefore, systematic modeling of SCNP model systems is being performed to determine the underlying principles that govern spin-state energetics in SCNP metallopolymers. The goal of this work is to develop molecular design strategies for rationally incorporating spin-crossover (SCO) behavior into SCNPs.  By establishing a roadmap for combining the inherently quantum mechanical state-switching properties of SCO with the dynamic and modular behavior of SCNP systems, novel, soft, multifunctional materials with protein-like characteristics can be developed in the future.&lt;br/&gt;&lt;br/&gt;This award reflects NSF's statutory mission and has been deemed worthy of support through evaluation using the Foundation's intellectual merit and broader impacts review criteria.</AbstractNarration>
<MinAmdLetterDate>05/05/2022</MinAmdLetterDate>
<MaxAmdLetterDate>05/05/2022</MaxAmdLetterDate>
<ARRAAmount/>
<TRAN_TYPE>Grant</TRAN_TYPE>
<CFDA_NUM>47.076</CFDA_NUM>
<NSF_PAR_USE_FLAG>1</NSF_PAR_USE_FLAG>
<FUND_AGCY_CODE>4900</FUND_AGCY_CODE>
<AWDG_AGCY_CODE>4900</AWDG_AGCY_CODE>
<AwardID>2200447</AwardID>
<Investigator>
<FirstName>Daniel</FirstName>
<LastName>Ashley</LastName>
<PI_MID_INIT>C</PI_MID_INIT>
<PI_SUFX_NAME/>
<PI_FULL_NAME>Daniel C Ashley</PI_FULL_NAME>
<EmailAddress>danielashley@spelman.edu</EmailAddress>
<PI_PHON>9197585844</PI_PHON>
<NSF_ID>000858396</NSF_ID>
<StartDate>05/05/2022</StartDate>
<EndDate/>
<RoleCode>Principal Investigator</RoleCode>
</Investigator>
<Institution>
<Name>Spelman College</Name>
<CityName>ATLANTA</CityName>
<ZipCode>303144395</ZipCode>
<PhoneNumber>4042705897</PhoneNumber>
<StreetAddress>350 SPELMAN LN SW 589</StreetAddress>
<StreetAddress2/>
<CountryName>United States</CountryName>
<StateName>Georgia</StateName>
<StateCode>GA</StateCode>
<CONGRESSDISTRICT>05</CONGRESSDISTRICT>
<CONGRESS_DISTRICT_ORG>GA05</CONGRESS_DISTRICT_ORG>
<ORG_UEI_NUM>ES69D58DJPE7</ORG_UEI_NUM>
<ORG_LGL_BUS_NAME>SPELMAN COLLEGE</ORG_LGL_BUS_NAME>
<ORG_PRNT_UEI_NUM>ES69D58DJPE7</ORG_PRNT_UEI_NUM>
</Institution>
<Performance_Institution>
<Name><![CDATA[Spelman College]]></Name>
<CityName/>
<StateCode>GA</StateCode>
<ZipCode>303144399</ZipCode>
<StreetAddress/>
<CountryCode>US</CountryCode>
<CountryName>United States</CountryName>
<StateName>Georgia</StateName>
<CountryFlag>1</CountryFlag>
<CONGRESSDISTRICT>05</CONGRESSDISTRICT>
<CONGRESS_DISTRICT_PERF>GA05</CONGRESS_DISTRICT_PERF>
</Performance_Institution>
<ProgramElement>
<Code>1594</Code>
<Text>Hist Black Colleges and Univ</Text>
</ProgramElement>
<ProgramReference>
<Code>9178</Code>
<Text>UNDERGRADUATE EDUCATION</Text>
</ProgramReference>
<FUND_OBLG>2022~287605</FUND_OBLG>
</Award>
</rootTag>
