<?xml version="1.0" encoding="UTF-8"?>
<rootTag>
<Award>
<AwardTitle><![CDATA[Improving Technician Training in Industry 4.0 technologies Using Competency-Based Education]]></AwardTitle>
<AGENCY>NSF</AGENCY>
<AwardEffectiveDate>05/01/2022</AwardEffectiveDate>
<AwardExpirationDate>04/30/2025</AwardExpirationDate>
<AwardTotalIntnAmount>556314.00</AwardTotalIntnAmount>
<AwardAmount>556314</AwardAmount>
<AwardInstrument>
<Value>Standard Grant</Value>
</AwardInstrument>
<Organization>
<Code>11040100</Code>
<Directorate>
<Abbreviation>EHR</Abbreviation>
<LongName>Direct For Education and Human Resources</LongName>
</Directorate>
<Division>
<Abbreviation>DUE</Abbreviation>
<LongName>Division Of Undergraduate Education</LongName>
</Division>
</Organization>
<ProgramOfficer>
<SignBlockName>John Jackman</SignBlockName>
<PO_EMAI>jjackman@nsf.gov</PO_EMAI>
<PO_PHON>7032924816</PO_PHON>
</ProgramOfficer>
<AbstractNarration><![CDATA[Technician education programs that include competency-based education in Industry 4.0 technologies can provide entry points for students into technical careers at advanced manufacturing companies. There is a recognized need for more skilled technicians that can implement and maintain these technologies in manufacturing facilities. This project will develop and pilot a new competency-based educational approach that supports greater access to technician training and improves postsecondary student learning in emerging Industry 4.0 technologies. This should result in a pipeline of highly skilled, next generation manufacturing technicians. This will also address the growing worker shortage in manufacturing, which will help ensure future economic health for Kentucky, as well as the nation. This project will include model practices to recruit and retain students from traditionally underrepresented groups in manufacturing education programs. Competency-based education components will help prepare students for the technician workforce by engaging learners and improving the learning process. The project will increase partnerships between academia, industry, and other stakeholders to ensure that the competency-based education is aligned with the needs of industry.&lt;br/&gt;&lt;br/&gt;The goal of this project is to develop a competency-based educational approach to help current and future manufacturing technicians learn new skills in Industry 4.0 technologies. Additionally, the project will encourage students from underserved groups to consider manufacturing as a career choice and provide students with personalized support so that they have a successful learning experience and transition to the workforce. The project team will redesign seven existing advanced manufacturing courses that fulfill the academic requirements for six, credit-bearing, industry-recognized certificates and two national certifications. The courses will be restructured to focus on helping students learn content, related skills, and competencies followed by assessments to determine if they have achieved specific learning objectives. These competencies will focus on the technical areas of fluid power, maintaining industrial equipment, circuits, electrical motor controls, industrial robotics and robotics maintenance, and programmable logic controllers. The project will recruit incumbent manufacturing technicians and/or dislocated and underemployed workers as well as students from underserved groups to earn industry credentials. The effectiveness of the competency-based education will be assessed using student and industry survey data. This project is funded by the Advanced Technological Education program that focuses on the education of technicians for the advanced-technology fields that drive the nation's economy.&lt;br/&gt;&lt;br/&gt;This award reflects NSF's statutory mission and has been deemed worthy of support through evaluation using the Foundation's intellectual merit and broader impacts review criteria.]]></AbstractNarration>
<MinAmdLetterDate>04/20/2022</MinAmdLetterDate>
<MaxAmdLetterDate>04/20/2022</MaxAmdLetterDate>
<ARRAAmount/>
<TRAN_TYPE>Grant</TRAN_TYPE>
<CFDA_NUM>47.076</CFDA_NUM>
<NSF_PAR_USE_FLAG>1</NSF_PAR_USE_FLAG>
<FUND_AGCY_CODE>4900</FUND_AGCY_CODE>
<AWDG_AGCY_CODE>4900</AWDG_AGCY_CODE>
<AwardID>2200761</AwardID>
<Investigator>
<FirstName>Sheri</FirstName>
<LastName>Plain</LastName>
<PI_MID_INIT/>
<PI_SUFX_NAME/>
<PI_FULL_NAME>Sheri Plain</PI_FULL_NAME>
<EmailAddress><![CDATA[sheri.plain@kctcs.edu]]></EmailAddress>
<NSF_ID>000343123</NSF_ID>
<StartDate>04/20/2022</StartDate>
<EndDate/>
<RoleCode>Principal Investigator</RoleCode>
</Investigator>
<Investigator>
<FirstName>Leslie</FirstName>
<LastName>Ashton</LastName>
<PI_MID_INIT>T</PI_MID_INIT>
<PI_SUFX_NAME/>
<PI_FULL_NAME>Leslie T Ashton</PI_FULL_NAME>
<EmailAddress><![CDATA[tyler.ashton@kctcs.edu]]></EmailAddress>
<NSF_ID>000827198</NSF_ID>
<StartDate>04/20/2022</StartDate>
<EndDate/>
<RoleCode>Co-Principal Investigator</RoleCode>
</Investigator>
<Investigator>
<FirstName>Jason</FirstName>
<LastName>Simon</LastName>
<PI_MID_INIT/>
<PI_SUFX_NAME/>
<PI_FULL_NAME>Jason Simon</PI_FULL_NAME>
<EmailAddress><![CDATA[jason.simon@kctcs.edu]]></EmailAddress>
<NSF_ID>000838807</NSF_ID>
<StartDate>04/20/2022</StartDate>
<EndDate/>
<RoleCode>Co-Principal Investigator</RoleCode>
</Investigator>
<Institution>
<Name>Kentucky Community &amp; Technical College System</Name>
<CityName>VERSAILLES</CityName>
<ZipCode>403831245</ZipCode>
<PhoneNumber>8592563397</PhoneNumber>
<StreetAddress>300 N MAIN ST</StreetAddress>
<StreetAddress2/>
<CountryName>United States</CountryName>
<StateName>Kentucky</StateName>
<StateCode>KY</StateCode>
<CONGRESSDISTRICT>06</CONGRESSDISTRICT>
<CONGRESS_DISTRICT_ORG>KY06</CONGRESS_DISTRICT_ORG>
<ORG_UEI_NUM>GWSXAJZALU69</ORG_UEI_NUM>
<ORG_LGL_BUS_NAME>KENTUCKY COMMUNITY &amp; TECHNICAL COLLEGE SYSTEM</ORG_LGL_BUS_NAME>
<ORG_PRNT_UEI_NUM>GWSXAJZALU69</ORG_PRNT_UEI_NUM>
</Institution>
<Performance_Institution>
<Name><![CDATA[Owensboro Community and Technical College]]></Name>
<CityName>Owensboro</CityName>
<StateCode>KY</StateCode>
<ZipCode>423031899</ZipCode>
<StreetAddress><![CDATA[4800 New Hartford Road]]></StreetAddress>
<CountryCode>US</CountryCode>
<CountryName>United States</CountryName>
<StateName>Kentucky</StateName>
<CountryFlag>1</CountryFlag>
<CONGRESSDISTRICT>02</CONGRESSDISTRICT>
<CONGRESS_DISTRICT_PERF>KY02</CONGRESS_DISTRICT_PERF>
</Performance_Institution>
<ProgramElement>
<Code>7412</Code>
<Text>Advanced Tech Education Prog</Text>
</ProgramElement>
<ProgramReference>
<Code>1032</Code>
<Text>ADVANCED TECHNOLOGY EDUCATION</Text>
</ProgramReference>
<ProgramReference>
<Code>9150</Code>
<Text>EXP PROG TO STIM COMP RES</Text>
</ProgramReference>
<ProgramReference>
<Code>9178</Code>
<Text>UNDERGRADUATE EDUCATION</Text>
</ProgramReference>
<ProgramReference>
<Code>SMET</Code>
<Text>SCIENCE, MATH, ENG &amp; TECH EDUCATION</Text>
</ProgramReference>
<FUND_OBLG>2022~556314</FUND_OBLG>
</Award>
</rootTag>
