<?xml version="1.0" encoding="UTF-8"?>
<rootTag>
<Award>
<AwardTitle><![CDATA[PIPP Phase I: Transdisciplinary Innovation in Predictive Science for Emerging Infectious Disease and Spillover]]></AwardTitle>
<AGENCY>NSF</AGENCY>
<AwardEffectiveDate>08/01/2022</AwardEffectiveDate>
<AwardExpirationDate>01/31/2024</AwardExpirationDate>
<AwardTotalIntnAmount>999844.00</AwardTotalIntnAmount>
<AwardAmount>999844</AwardAmount>
<AwardInstrument>
<Value>Standard Grant</Value>
</AwardInstrument>
<Organization>
<Code>05010000</Code>
<Directorate>
<Abbreviation>CSE</Abbreviation>
<LongName>Direct For Computer &amp; Info Scie &amp; Enginr</LongName>
</Directorate>
<Division>
<Abbreviation>CCF</Abbreviation>
<LongName>Division of Computing and Communication Foundations</LongName>
</Division>
</Organization>
<ProgramOfficer>
<SignBlockName>Mitra Basu</SignBlockName>
<PO_EMAI>mbasu@nsf.gov</PO_EMAI>
<PO_PHON>7032928649</PO_PHON>
</ProgramOfficer>
<AbstractNarration><![CDATA[The scale and impact of epidemics and pandemics are expected to increase substantively in future years given global trends in environmental change. Pandemics are most often caused by spillover events in which viruses from wild animals jump to people and spread, quickly outpacing containment efforts. Pandemics are best contained at the earliest stages of emergence, yet major hurdles have stood in the way of early detection of pandemic threats at the scale that is needed. We set forth an ambitious scientific agenda to overcome technological limitations impeding detection and characterization of emerging pandemic threats. Our team spanning engineering, computer science, social science, epidemiology, and virology with stakeholders from public health, wildlife health, and industry is first-of-a-kind to advance predictive intelligence for potential pandemics. We will develop new disease surveillance technologies that incorporate innovative sensing, epidemiological insights, and artificial intelligence strategies, to detect what animals are present and what viruses they carry - all remotely with little human intervention. We seek to develop diverse, inclusive, and highly functional transdisciplinary research teams and trainees, to move beyond the state of the art in predictive intelligence for pandemics to inform national and global health security. &lt;br/&gt;&lt;br/&gt;We address the grand challenge of generating actionable intelligence for early detection of pandemic threats at the point of disease spillover from animals to people. We are planning a transdisciplinary center and associated research to advance our ability to characterize environmental change and animal-human interactions that facilitate the emergence of pandemic threats, and develop predictive capabilities in forecasting pandemic risk, to enable an evidence-base that can inform pandemic prevention. Research advances will be focused on 1) characterizing environmental conditions and the human dimensions of disease emergence, especially the animal and human movements, networks, and social systems that facilitate spillover at the animal-human interface, 2) inventing broad-spectrum sensor technologies for rapid, accurate, safe, and scalable pathogen detection tailored to a range of animals in diverse environments, and 3) improving forecasting by integration of epidemiologic and landscape data with machine learning to advance predictive intelligence. Our team will foster the convergence of creative ideas, novel approaches and technologies, transdisciplinary collaboration and communication, participatory community science, and cross-training for innovation for a profoundly diverse workforce.&lt;br/&gt;&lt;br/&gt;This award is supported by the cross-directorate Predictive Intelligence for Pandemic Prevention Phase I (PIPP) program, which is jointly funded by the Directorates for Biological Sciences (BIO); Computer, Information Science and Engineering (CISE); Engineering (ENG) and Social, Behavioral and Economic Sciences (SBE).&lt;br/&gt;&lt;br/&gt;This award reflects NSF's statutory mission and has been deemed worthy of support through evaluation using the Foundation's intellectual merit and broader impacts review criteria.]]></AbstractNarration>
<MinAmdLetterDate>06/24/2022</MinAmdLetterDate>
<MaxAmdLetterDate>06/24/2022</MaxAmdLetterDate>
<ARRAAmount/>
<TRAN_TYPE>Grant</TRAN_TYPE>
<CFDA_NUM>47.070</CFDA_NUM>
<NSF_PAR_USE_FLAG>1</NSF_PAR_USE_FLAG>
<FUND_AGCY_CODE>4900</FUND_AGCY_CODE>
<AWDG_AGCY_CODE>4900</AWDG_AGCY_CODE>
<AwardID>2200221</AwardID>
<Investigator>
<FirstName>Urbashi</FirstName>
<LastName>Mitra</LastName>
<PI_MID_INIT/>
<PI_SUFX_NAME/>
<PI_FULL_NAME>Urbashi Mitra</PI_FULL_NAME>
<EmailAddress><![CDATA[ubli@usc.edu]]></EmailAddress>
<NSF_ID>000462639</NSF_ID>
<StartDate>06/24/2022</StartDate>
<EndDate/>
<RoleCode>Co-Principal Investigator</RoleCode>
</Investigator>
<Investigator>
<FirstName>Nian</FirstName>
<LastName>Sun</LastName>
<PI_MID_INIT/>
<PI_SUFX_NAME/>
<PI_FULL_NAME>Nian Sun</PI_FULL_NAME>
<EmailAddress><![CDATA[nian@ece.neu.edu]]></EmailAddress>
<NSF_ID>000061314</NSF_ID>
<StartDate>06/24/2022</StartDate>
<EndDate/>
<RoleCode>Co-Principal Investigator</RoleCode>
</Investigator>
<Investigator>
<FirstName>Brian</FirstName>
<LastName>Wood</LastName>
<PI_MID_INIT>M</PI_MID_INIT>
<PI_SUFX_NAME/>
<PI_FULL_NAME>Brian M Wood</PI_FULL_NAME>
<EmailAddress><![CDATA[brianwood@anthro.ucla.edu]]></EmailAddress>
<NSF_ID>000449183</NSF_ID>
<StartDate>06/24/2022</StartDate>
<EndDate/>
<RoleCode>Co-Principal Investigator</RoleCode>
</Investigator>
<Investigator>
<FirstName>Christine</FirstName>
<LastName>Johnson</LastName>
<PI_MID_INIT>K</PI_MID_INIT>
<PI_SUFX_NAME/>
<PI_FULL_NAME>Christine K Johnson</PI_FULL_NAME>
<EmailAddress><![CDATA[ckjohnson@ucdavis.edu]]></EmailAddress>
<NSF_ID>000443641</NSF_ID>
<StartDate>06/24/2022</StartDate>
<EndDate/>
<RoleCode>Principal Investigator</RoleCode>
</Investigator>
<Investigator>
<FirstName>Simon</FirstName>
<LastName>Anthony</LastName>
<PI_MID_INIT>J</PI_MID_INIT>
<PI_SUFX_NAME/>
<PI_FULL_NAME>Simon J Anthony</PI_FULL_NAME>
<EmailAddress><![CDATA[sjanthony@ucdavis.edu]]></EmailAddress>
<NSF_ID>000853149</NSF_ID>
<StartDate>06/24/2022</StartDate>
<EndDate/>
<RoleCode>Co-Principal Investigator</RoleCode>
</Investigator>
<Institution>
<Name>University of California-Davis</Name>
<CityName>DAVIS</CityName>
<ZipCode>956186153</ZipCode>
<PhoneNumber>5307547700</PhoneNumber>
<StreetAddress>1850 RESEARCH PARK DR, STE 300</StreetAddress>
<StreetAddress2/>
<CountryName>United States</CountryName>
<StateName>California</StateName>
<StateCode>CA</StateCode>
<CONGRESSDISTRICT>03</CONGRESSDISTRICT>
<CONGRESS_DISTRICT_ORG>CA03</CONGRESS_DISTRICT_ORG>
<ORG_UEI_NUM>TX2DAGQPENZ5</ORG_UEI_NUM>
<ORG_LGL_BUS_NAME>UNIVERSITY OF CALIFORNIA, DAVIS</ORG_LGL_BUS_NAME>
<ORG_PRNT_UEI_NUM>NUDGYLBB4S99</ORG_PRNT_UEI_NUM>
</Institution>
<Performance_Institution>
<Name><![CDATA[University of California-Davis]]></Name>
<CityName>Davis</CityName>
<StateCode>CA</StateCode>
<ZipCode>956186134</ZipCode>
<StreetAddress><![CDATA[OR/Sponsored Programs]]></StreetAddress>
<CountryCode>US</CountryCode>
<CountryName>United States</CountryName>
<StateName>California</StateName>
<CountryFlag>1</CountryFlag>
<CONGRESSDISTRICT>03</CONGRESSDISTRICT>
<CONGRESS_DISTRICT_PERF>CA03</CONGRESS_DISTRICT_PERF>
</Performance_Institution>
<ProgramElement>
<Code>177Y</Code>
<Text>PIPP-Pandemic Prevention</Text>
</ProgramElement>
<ProgramReference>
<Code>103Z</Code>
<Text>PIPP-Pandemic Prevention</Text>
</ProgramReference>
<Appropriation>
<Code/>
<Name/>
<APP_SYMB_ID/>
</Appropriation>
<Fund>
<Code>01002223DB</Code>
<Name><![CDATA[NSF RESEARCH & RELATED ACTIVIT]]></Name>
<FUND_SYMB_ID>040100</FUND_SYMB_ID>
</Fund>
<FUND_OBLG>2022~999844</FUND_OBLG>
</Award>
</rootTag>
