<?xml version="1.0" encoding="UTF-8"?>
<rootTag>
<Award>
<AwardTitle>Obstructed deformation rings and  modularity of Galois representations</AwardTitle>
<AGENCY>NSF</AGENCY>
<AwardEffectiveDate>07/01/2022</AwardEffectiveDate>
<AwardExpirationDate>06/30/2025</AwardExpirationDate>
<AwardTotalIntnAmount>287999.00</AwardTotalIntnAmount>
<AwardAmount>96000</AwardAmount>
<AwardInstrument>
<Value>Continuing Grant</Value>
</AwardInstrument>
<Organization>
<Code>03040000</Code>
<Directorate>
<Abbreviation>MPS</Abbreviation>
<LongName>Direct For Mathematical &amp; Physical Scien</LongName>
</Directorate>
<Division>
<Abbreviation>DMS</Abbreviation>
<LongName>Division Of Mathematical Sciences</LongName>
</Division>
</Organization>
<ProgramOfficer>
<SignBlockName>Adriana Salerno</SignBlockName>
<PO_EMAI>asalerno@nsf.gov</PO_EMAI>
<PO_PHON>7032922271</PO_PHON>
</ProgramOfficer>
<AbstractNarration>This project investigates the relationship  between algebra (Galois representations), analysis (automorphic forms), and geometry (motives). The study of this relationship in the past has had a major impact in solving classical problems in number theory, for example in the solution by Andrew Wiles in 1995 of Fermat's Last Theorem, a problem that had remained unresolved for more than 350 years.  The work in this project will advance the paradigmatic Langlands program, which drives a lot of the current research in modern number theory. This has broad implications which might also be useful to applications of number theory where reciprocity laws can  provide  a powerful computational tool. The project provides training opportunities for graduate students.&lt;br/&gt;&lt;br/&gt;One of the broad themes of algebraic number theory is to prove reciprocity laws which give a way to understanding the splitting behavior of primes in number fields, or L-functions of varieties, in terms of more computable and apparently unrelated objects like automorphic forms. Such reciprocity laws go back to Gauss and his Law of Quadratic Reciprocity,  and have a continuing life in current mathematics in the guise of the Langlands program. The methods of this proposal will prove novel cases of such reciprocity laws and establish new relations between the much studied triad of motives, Galois representations and automorphic forms. Reciprocity laws have implications for Diophantine geometry that studies solutions of polynomial equations in integers.&lt;br/&gt;&lt;br/&gt;This award reflects NSF's statutory mission and has been deemed worthy of support through evaluation using the Foundation's intellectual merit and broader impacts review criteria.</AbstractNarration>
<MinAmdLetterDate>04/07/2022</MinAmdLetterDate>
<MaxAmdLetterDate>04/07/2022</MaxAmdLetterDate>
<ARRAAmount/>
<TRAN_TYPE>Grant</TRAN_TYPE>
<CFDA_NUM>47.049</CFDA_NUM>
<NSF_PAR_USE_FLAG>1</NSF_PAR_USE_FLAG>
<FUND_AGCY_CODE>4900</FUND_AGCY_CODE>
<AWDG_AGCY_CODE>4900</AWDG_AGCY_CODE>
<AwardID>2200390</AwardID>
<Investigator>
<FirstName>Chandrashekhar</FirstName>
<LastName>Khare</LastName>
<PI_MID_INIT/>
<PI_SUFX_NAME/>
<PI_FULL_NAME>Chandrashekhar Khare</PI_FULL_NAME>
<EmailAddress>shekhar84112@gmail.com</EmailAddress>
<PI_PHON>3108252082</PI_PHON>
<NSF_ID>000486155</NSF_ID>
<StartDate>04/07/2022</StartDate>
<EndDate/>
<RoleCode>Principal Investigator</RoleCode>
</Investigator>
<Institution>
<Name>University of California-Los Angeles</Name>
<CityName>LOS ANGELES</CityName>
<ZipCode>900244201</ZipCode>
<PhoneNumber>3107940102</PhoneNumber>
<StreetAddress>10889 WILSHIRE BLVD STE 700</StreetAddress>
<StreetAddress2/>
<CountryName>United States</CountryName>
<StateName>California</StateName>
<StateCode>CA</StateCode>
<CONGRESSDISTRICT>37</CONGRESSDISTRICT>
<CONGRESS_DISTRICT_ORG>CA37</CONGRESS_DISTRICT_ORG>
<ORG_UEI_NUM>RN64EPNH8JC6</ORG_UEI_NUM>
<ORG_LGL_BUS_NAME>UNIVERSITY OF CALIFORNIA, LOS ANGELES</ORG_LGL_BUS_NAME>
<ORG_PRNT_UEI_NUM>NUDGYLBB4S99</ORG_PRNT_UEI_NUM>
</Institution>
<Performance_Institution>
<Name><![CDATA[University of California-Los Angeles]]></Name>
<CityName>Los Angeles</CityName>
<StateCode>CA</StateCode>
<ZipCode>900951555</ZipCode>
<StreetAddress><![CDATA[520 Portola Plaza]]></StreetAddress>
<CountryCode>US</CountryCode>
<CountryName>United States</CountryName>
<StateName>California</StateName>
<CountryFlag>1</CountryFlag>
<CONGRESSDISTRICT>33</CONGRESSDISTRICT>
<CONGRESS_DISTRICT_PERF>CA33</CONGRESS_DISTRICT_PERF>
</Performance_Institution>
<ProgramElement>
<Code>1264</Code>
<Text>ALGEBRA,NUMBER THEORY,AND COM</Text>
</ProgramElement>
<FUND_OBLG>2022~96000</FUND_OBLG>
</Award>
</rootTag>
