<?xml version="1.0" encoding="UTF-8"?>
<rootTag>
<Award>
<AwardTitle>Collaborative Research: CyberTraining: Implementation: Medium: Establishing Sustainable Ecosystem for Computational Molecular Science Training and Education</AwardTitle>
<AGENCY>NSF</AGENCY>
<AwardEffectiveDate>12/01/2021</AwardEffectiveDate>
<AwardExpirationDate>01/31/2026</AwardExpirationDate>
<AwardTotalIntnAmount>105000.00</AwardTotalIntnAmount>
<AwardAmount>105000</AwardAmount>
<AwardInstrument>
<Value>Standard Grant</Value>
</AwardInstrument>
<Organization>
<Code>05090000</Code>
<Directorate>
<Abbreviation>CSE</Abbreviation>
<LongName>Direct For Computer &amp; Info Scie &amp; Enginr</LongName>
</Directorate>
<Division>
<Abbreviation>OAC</Abbreviation>
<LongName>Office of Advanced Cyberinfrastructure (OAC)</LongName>
</Division>
</Organization>
<ProgramOfficer>
<SignBlockName>Alan Sussman</SignBlockName>
<PO_EMAI>alasussm@nsf.gov</PO_EMAI>
<PO_PHON>7032927563</PO_PHON>
</ProgramOfficer>
<AbstractNarration>Computational research in molecular sciences increasingly involves electronic structure theory, advanced sampling algorithms in molecular dynamics/Monte Carlo, and data science and machine learning using increasingly high-end and complex software and hardware resources. The lack of well-curated training materials and hands-on training opportunities significantly inhibits the progress of the next generation of computational molecular science cyberinfrastructure (CI) users. This project will establish an institute focused on serving the advanced cybertraining needs of the communities engaged in computational molecular science and engineering (CMSE). To do so, this project will bring together molecular sciences and engineering experts to address this cybertraining challenge through a core committee, invited instructors, advisory board, and community participants. &lt;br/&gt;&lt;br/&gt;This project will establish an Institute for Computational Molecular Science Education, which will be designed to create a sustainable ecosystem for training the next generation of research workforce in molecular simulation CI. This project will include educational modules for training in advanced computational tools while bolstering fundamental understanding of underlying theoretical concepts. The project will encompass summer/winter schools for hands-on training on advanced computational techniques and enhancing peer networking for early-stage researchers, web-based content to support training at a larger scale, and curriculum and instructional materials for undergraduate and graduate courses to support course development in CMSE. This project will train the next generation of professionals in chemical engineering, molecular and materials science, chemistry, and biophysics by providing critical tools in computational and data science.&lt;br/&gt;&lt;br/&gt;This award reflects NSF's statutory mission and has been deemed worthy of support through evaluation using the Foundation's intellectual merit and broader impacts review criteria.</AbstractNarration>
<MinAmdLetterDate>10/27/2021</MinAmdLetterDate>
<MaxAmdLetterDate>10/27/2021</MaxAmdLetterDate>
<ARRAAmount/>
<TRAN_TYPE>Grant</TRAN_TYPE>
<CFDA_NUM>47.070</CFDA_NUM>
<NSF_PAR_USE_FLAG>1</NSF_PAR_USE_FLAG>
<FUND_AGCY_CODE>4900</FUND_AGCY_CODE>
<AWDG_AGCY_CODE>4900</AWDG_AGCY_CODE>
<AwardID>2200907</AwardID>
<Investigator>
<FirstName>Sapna</FirstName>
<LastName>Sarupria</LastName>
<PI_MID_INIT/>
<PI_SUFX_NAME/>
<PI_FULL_NAME>Sapna Sarupria</PI_FULL_NAME>
<EmailAddress>sarupria@umn.edu</EmailAddress>
<PI_PHON>5188924153</PI_PHON>
<NSF_ID>000602030</NSF_ID>
<StartDate>10/27/2021</StartDate>
<EndDate/>
<RoleCode>Principal Investigator</RoleCode>
</Investigator>
<Institution>
<Name>University of Minnesota-Twin Cities</Name>
<CityName>MINNEAPOLIS</CityName>
<ZipCode>554552009</ZipCode>
<PhoneNumber>6126245599</PhoneNumber>
<StreetAddress>200 OAK ST SE # 224</StreetAddress>
<StreetAddress2/>
<CountryName>United States</CountryName>
<StateName>Minnesota</StateName>
<StateCode>MN</StateCode>
<CONGRESSDISTRICT>05</CONGRESSDISTRICT>
<CONGRESS_DISTRICT_ORG>MN05</CONGRESS_DISTRICT_ORG>
<ORG_UEI_NUM>KABJZBBJ4B54</ORG_UEI_NUM>
<ORG_LGL_BUS_NAME>REGENTS OF THE UNIVERSITY OF MINNESOTA</ORG_LGL_BUS_NAME>
<ORG_PRNT_UEI_NUM>CB47L9C9MDX1</ORG_PRNT_UEI_NUM>
</Institution>
<Performance_Institution>
<Name><![CDATA[University of Minnesota-Twin Cities]]></Name>
<CityName>Minneapolis</CityName>
<StateCode>MN</StateCode>
<ZipCode>554552070</ZipCode>
<StreetAddress><![CDATA[200 Oak St SE]]></StreetAddress>
<CountryCode>US</CountryCode>
<CountryName>United States</CountryName>
<StateName>Minnesota</StateName>
<CountryFlag>1</CountryFlag>
<CONGRESSDISTRICT>05</CONGRESSDISTRICT>
<CONGRESS_DISTRICT_PERF>MN05</CONGRESS_DISTRICT_PERF>
</Performance_Institution>
<ProgramElement>
<Code>044Y</Code>
<Text>CyberTraining - Training-based</Text>
</ProgramElement>
<ProgramReference>
<Code>7231</Code>
<Text>CYBERINFRASTRUCTURE</Text>
</ProgramReference>
<ProgramReference>
<Code>7301</Code>
<Text>RES TRAINING GROUPS IN THE MATH SCIENCES</Text>
</ProgramReference>
<ProgramReference>
<Code>9102</Code>
<Text>WOMEN, MINORITY, DISABLED, NEC</Text>
</ProgramReference>
<ProgramReference>
<Code>9150</Code>
<Text>EXP PROG TO STIM COMP RES</Text>
</ProgramReference>
<FUND_OBLG>2021~105000</FUND_OBLG>
</Award>
</rootTag>
