<?xml version="1.0" encoding="UTF-8"?>
<rootTag>
<Award>
<AwardTitle><![CDATA[Excellence in Research: System Oriented Research and Environmental Impact of Poultry Litter Conversion Process into Biochar]]></AwardTitle>
<AGENCY>NSF</AGENCY>
<AwardEffectiveDate>07/01/2022</AwardEffectiveDate>
<AwardExpirationDate>06/30/2025</AwardExpirationDate>
<AwardTotalIntnAmount>500047.00</AwardTotalIntnAmount>
<AwardAmount>500047</AwardAmount>
<AwardInstrument>
<Value>Standard Grant</Value>
</AwardInstrument>
<Organization>
<Code>07020000</Code>
<Directorate>
<Abbreviation>ENG</Abbreviation>
<LongName>Directorate For Engineering</LongName>
</Directorate>
<Division>
<Abbreviation>CBET</Abbreviation>
<LongName>Div Of Chem, Bioeng, Env, &amp; Transp Sys</LongName>
</Division>
</Organization>
<ProgramOfficer>
<SignBlockName>Bruce Hamilton</SignBlockName>
<PO_EMAI>bhamilto@nsf.gov</PO_EMAI>
<PO_PHON>7032920000</PO_PHON>
</ProgramOfficer>
<AbstractNarration><![CDATA[Excessive land application of poultry waste (called litter) has been linked to eutrophication, pathogen contamination, fish death, and other negative effects on human and animal health. Increases in poultry production in the Delmarva Peninsula underscore the need for more efficient, cost-effective, and sustainable disposal technologies for poultry litter. Pyrolysis of poultry litter has promise to produce nutrient-rich biochar while killing off any microorganisms that would otherwise trigger negative environmental health effects. Production yield, quality, and structure of biochar from pyrolysis depend on physicochemical properties (e.g., moisture content, particle size) and varying pyrolysis conditions (e.g., temperature, heating rate, residence time, pressure, catalyst). This study will develop an innovative evaluation method for studying the effects of poultry litter properties and pyrolysis conditions on biochar properties and yield.  Researchers will measure biophysical system responses and impact of applying prepared poultry litter-based biochar. They will perform a life-cycle assessment (LCA) with techno-economic analysis of biochar production from poultry litter and its core applications.&lt;br/&gt;&lt;br/&gt;The project will contribute to the development of a comprehensive evaluation method for the physicochemical properties of biomass fuels (e.g., poultry litter) and benefits of biochar on soil properties and plant growth. In addition, an improved life cycle analysis (LCA) will help to effectively evaluate the environmental, economic, and social attributes of the pyrolysis process for converting poultry litter waste into poultry litter biochar. This project will facilitate interdisciplinary collaboration between Morgan State University's  Departments of Industrial and Systems Engineering, Civil and Environmental Engineering, and Chemistry so that each department can utilize state-of-the-art instrumentation needed for undertaking novel research applications of poultry litter pyrolysis technology. The project will introduce new tools, instrumentation, methods, and processes to minority students to facilitate diverse and interdisciplinary collaborations. The project will also build a new systematic process for understanding the production, applications, and benefits of biochar. This study will assist regional poultry farmers (i.e., about 2,000 farms in Maryland) in selecting cost-effective bedding materials and optimizing pyrolysis conditions for converting poultry litter into high-quality poultry litter biochar.&lt;br/&gt;&lt;br/&gt;This award reflects NSF's statutory mission and has been deemed worthy of support through evaluation using the Foundation's intellectual merit and broader impacts review criteria.]]></AbstractNarration>
<MinAmdLetterDate>06/28/2022</MinAmdLetterDate>
<MaxAmdLetterDate>06/28/2022</MaxAmdLetterDate>
<ARRAAmount/>
<TRAN_TYPE>Grant</TRAN_TYPE>
<CFDA_NUM>47.083</CFDA_NUM>
<NSF_PAR_USE_FLAG>1</NSF_PAR_USE_FLAG>
<FUND_AGCY_CODE>4900</FUND_AGCY_CODE>
<AWDG_AGCY_CODE>4900</AWDG_AGCY_CODE>
<AwardID>2200616</AwardID>
<Investigator>
<FirstName>Seong</FirstName>
<LastName>Lee</LastName>
<PI_MID_INIT>W</PI_MID_INIT>
<PI_SUFX_NAME/>
<PI_FULL_NAME>Seong W Lee</PI_FULL_NAME>
<EmailAddress><![CDATA[seong.lee@morgan.edu]]></EmailAddress>
<NSF_ID>000476085</NSF_ID>
<StartDate>06/28/2022</StartDate>
<EndDate/>
<RoleCode>Principal Investigator</RoleCode>
</Investigator>
<Investigator>
<FirstName>Gbekeloluwa</FirstName>
<LastName>Oguntimein</LastName>
<PI_MID_INIT/>
<PI_SUFX_NAME/>
<PI_FULL_NAME>Gbekeloluwa Oguntimein</PI_FULL_NAME>
<EmailAddress><![CDATA[gbeke.oguntimein@morgan.edu]]></EmailAddress>
<NSF_ID>000392451</NSF_ID>
<StartDate>06/28/2022</StartDate>
<EndDate/>
<RoleCode>Co-Principal Investigator</RoleCode>
</Investigator>
<Investigator>
<FirstName>Donghee</FirstName>
<LastName>Kang</LastName>
<PI_MID_INIT/>
<PI_SUFX_NAME/>
<PI_FULL_NAME>Donghee Kang</PI_FULL_NAME>
<EmailAddress><![CDATA[donghee.kang@morgan.edu]]></EmailAddress>
<NSF_ID>000684783</NSF_ID>
<StartDate>06/28/2022</StartDate>
<EndDate/>
<RoleCode>Co-Principal Investigator</RoleCode>
</Investigator>
<Investigator>
<FirstName>Xuejun</FirstName>
<LastName>Qian</LastName>
<PI_MID_INIT/>
<PI_SUFX_NAME/>
<PI_FULL_NAME>Xuejun Qian</PI_FULL_NAME>
<EmailAddress><![CDATA[xuqia1@morgan.edu]]></EmailAddress>
<NSF_ID>000865966</NSF_ID>
<StartDate>06/28/2022</StartDate>
<EndDate/>
<RoleCode>Co-Principal Investigator</RoleCode>
</Investigator>
<Institution>
<Name>Morgan State University</Name>
<CityName>BALTIMORE</CityName>
<ZipCode>212510001</ZipCode>
<PhoneNumber>4438853200</PhoneNumber>
<StreetAddress>1700 E COLD SPRING LN</StreetAddress>
<StreetAddress2/>
<CountryName>United States</CountryName>
<StateName>Maryland</StateName>
<StateCode>MD</StateCode>
<CONGRESSDISTRICT>07</CONGRESSDISTRICT>
<CONGRESS_DISTRICT_ORG>MD07</CONGRESS_DISTRICT_ORG>
<ORG_UEI_NUM>KULSKCCZJT27</ORG_UEI_NUM>
<ORG_LGL_BUS_NAME>MORGAN STATE UNIVERSITY</ORG_LGL_BUS_NAME>
<ORG_PRNT_UEI_NUM>KULSKCCZJT27</ORG_PRNT_UEI_NUM>
</Institution>
<Performance_Institution>
<Name><![CDATA[Morgan State University]]></Name>
<CityName>Baltimore</CityName>
<StateCode>MD</StateCode>
<ZipCode>212510002</ZipCode>
<StreetAddress><![CDATA[1700 East Cold Spring Lane]]></StreetAddress>
<CountryCode>US</CountryCode>
<CountryName>United States</CountryName>
<StateName>Maryland</StateName>
<CountryFlag>1</CountryFlag>
<CONGRESSDISTRICT>07</CONGRESSDISTRICT>
<CONGRESS_DISTRICT_PERF>MD07</CONGRESS_DISTRICT_PERF>
</Performance_Institution>
<ProgramElement>
<Code>070Y</Code>
<Text>HBCU-EiR - HBCU-Excellence in</Text>
</ProgramElement>
<Appropriation>
<Code/>
<Name/>
<APP_SYMB_ID/>
</Appropriation>
<Fund>
<Code>01002223DB</Code>
<Name><![CDATA[NSF RESEARCH & RELATED ACTIVIT]]></Name>
<FUND_SYMB_ID>040100</FUND_SYMB_ID>
</Fund>
<FUND_OBLG>2022~500047</FUND_OBLG>
</Award>
</rootTag>
