<?xml version="1.0" encoding="UTF-8"?>
<rootTag>
<Award>
<AwardTitle><![CDATA[Excellence in Research: Genomic Characterization of Seed Filling and Nutritional Features in Edamame and Mature Soybeans]]></AwardTitle>
<AGENCY>NSF</AGENCY>
<AwardEffectiveDate>07/01/2022</AwardEffectiveDate>
<AwardExpirationDate>06/30/2025</AwardExpirationDate>
<AwardTotalIntnAmount>1144218.00</AwardTotalIntnAmount>
<AwardAmount>1144218</AwardAmount>
<AwardInstrument>
<Value>Standard Grant</Value>
</AwardInstrument>
<Organization>
<Code>08090000</Code>
<Directorate>
<Abbreviation>BIO</Abbreviation>
<LongName>Direct For Biological Sciences</LongName>
</Directorate>
<Division>
<Abbreviation>IOS</Abbreviation>
<LongName>Division Of Integrative Organismal Systems</LongName>
</Division>
</Organization>
<ProgramOfficer>
<SignBlockName>Diane Jofuku Okamuro</SignBlockName>
<PO_EMAI>dokamuro@nsf.gov</PO_EMAI>
<PO_PHON>7032924508</PO_PHON>
</ProgramOfficer>
<AbstractNarration><![CDATA[Soybean is one of the most widely grown crops worldwide and has an important role in food security and international trade. It provides a major source of plant protein and oil for human consumption as well as protein meal for animal feeds. Edamame is a vegetable soybean relatively new to North America that is harvested at the green bean stage and directly used for diet dishes or snacks. Seed filling and nutritional features are crucial for crop yield and product quality. This project will elucidate the biological and genomic features of seed filling as well as nutritional composition in edamame and mature soybeans and will identify genomic variants and causal candidate genes associated with the target traits. Rapid and efficient techniques of evaluation and genetic analysis will be used. The methodologies and research results will be used to improve STEM education, including student and next-generation scientist training as well as course teaching, and increase public scientific literacy and engagement through a showcase to different stakeholders. In addition, this project will benefit related research in grain crops, vegetables, and fruit species. The results will be valuable to a broad research and public community.&lt;br/&gt;&lt;br/&gt;Seed filling represents an economically important complex trait under genetic control that involves many functional genes and/or metabolism pathways. Preliminary observations indicate that edamame has a high level of genetic variability that contributes to soybean genetic diversity. The goal of this project is to elucidate the underlying genetic architecture and molecular mechanisms regulating seed composition and seed filling through genomic analysis of the traits in both edamame and mature soybeans. The project will specifically address: 1) biological and genomic characterization of seed filling including seed filling duration, filling rate and seed size in soybean; 2) development of a high throughput phenotyping methodology for evaluating soybean nutritional composition traits and application of the methodology to characterize seed nutritional composition (protein, oil, fiber sucrose, etc.) in edamame and mature soybeans; 3) detection of genomic features, QTL, and/or candidate genes associated with seed filling and seed composition regulation based on the analysis of diverse germplasm accessions and breeding lines which will be sequenced; and 4) investigation of the roles of the major genomic determinants of the traits in the artificial selection of modern soybeans. Two large populations of germplasm accessions and breeding lines with high diversity will be used, and genome-wide association study (GWAS) and whole genome sequencing will be employed. Along with the publication of achieved results, the generated datasets for public access, and the training of post-doc and students, this project will have a broad and sustainable impact and benefit to society.&lt;br/&gt;&lt;br/&gt;This award reflects NSF's statutory mission and has been deemed worthy of support through evaluation using the Foundation's intellectual merit and broader impacts review criteria.]]></AbstractNarration>
<MinAmdLetterDate>06/13/2022</MinAmdLetterDate>
<MaxAmdLetterDate>06/13/2022</MaxAmdLetterDate>
<ARRAAmount/>
<TRAN_TYPE>Grant</TRAN_TYPE>
<CFDA_NUM>47.083</CFDA_NUM>
<NSF_PAR_USE_FLAG>1</NSF_PAR_USE_FLAG>
<FUND_AGCY_CODE>4900</FUND_AGCY_CODE>
<AWDG_AGCY_CODE>4900</AWDG_AGCY_CODE>
<AwardID>2200575</AwardID>
<Investigator>
<FirstName>Guo-Liang</FirstName>
<LastName>Jiang</LastName>
<PI_MID_INIT/>
<PI_SUFX_NAME/>
<PI_FULL_NAME>Guo-Liang Jiang</PI_FULL_NAME>
<EmailAddress><![CDATA[gjiang@vsu.edu]]></EmailAddress>
<NSF_ID>000829476</NSF_ID>
<StartDate>06/13/2022</StartDate>
<EndDate/>
<RoleCode>Principal Investigator</RoleCode>
</Investigator>
<Investigator>
<FirstName>Qijian</FirstName>
<LastName>Song</LastName>
<PI_MID_INIT/>
<PI_SUFX_NAME/>
<PI_FULL_NAME>Qijian Song</PI_FULL_NAME>
<EmailAddress><![CDATA[qijian.song@usda.gov]]></EmailAddress>
<NSF_ID>000839487</NSF_ID>
<StartDate>06/13/2022</StartDate>
<EndDate/>
<RoleCode>Co-Principal Investigator</RoleCode>
</Investigator>
<Institution>
<Name>Virginia State University</Name>
<CityName>Petersburg</CityName>
<ZipCode>238062520</ZipCode>
<PhoneNumber>8045246987</PhoneNumber>
<StreetAddress>1 HAYDEN DR</StreetAddress>
<StreetAddress2/>
<CountryName>United States</CountryName>
<StateName>Virginia</StateName>
<StateCode>VA</StateCode>
<CONGRESSDISTRICT>04</CONGRESSDISTRICT>
<CONGRESS_DISTRICT_ORG>VA04</CONGRESS_DISTRICT_ORG>
<ORG_UEI_NUM>VKZLFK6M5DD3</ORG_UEI_NUM>
<ORG_LGL_BUS_NAME>VIRGINIA STATE UNIVERSITY</ORG_LGL_BUS_NAME>
<ORG_PRNT_UEI_NUM>VKZLFK6M5DD3</ORG_PRNT_UEI_NUM>
</Institution>
<Performance_Institution>
<Name><![CDATA[Virginia State University]]></Name>
<CityName/>
<StateCode>VA</StateCode>
<ZipCode>238032520</ZipCode>
<StreetAddress/>
<CountryCode>US</CountryCode>
<CountryName>United States</CountryName>
<StateName>Virginia</StateName>
<CountryFlag>1</CountryFlag>
<CONGRESSDISTRICT>04</CONGRESSDISTRICT>
<CONGRESS_DISTRICT_PERF>VA04</CONGRESS_DISTRICT_PERF>
</Performance_Institution>
<ProgramElement>
<Code>070Y</Code>
<Text>HBCU-EiR - HBCU-Excellence in</Text>
</ProgramElement>
<ProgramReference>
<Code>1228</Code>
<Text>MINORITY INVOLVEMENT -- BIO</Text>
</ProgramReference>
<ProgramReference>
<Code>1329</Code>
<Text>PLANT GENOME RESEARCH PROJECT</Text>
</ProgramReference>
<ProgramReference>
<Code>1594</Code>
<Text>HIST BLACK COLLEGES AND UNIV</Text>
</ProgramReference>
<ProgramReference>
<Code>2886</Code>
<Text>MINORITY INSTITUTIONS PROGRAM</Text>
</ProgramReference>
<ProgramReference>
<Code>8038</Code>
<Text>Biotechnology</Text>
</ProgramReference>
<ProgramReference>
<Code>9109</Code>
<Text>AGRICULTURAL BIOTECHNOLOGY</Text>
</ProgramReference>
<ProgramReference>
<Code>9178</Code>
<Text>UNDERGRADUATE EDUCATION</Text>
</ProgramReference>
<ProgramReference>
<Code>9179</Code>
<Text>GRADUATE INVOLVEMENT</Text>
</ProgramReference>
<FUND_OBLG>2022~1144218</FUND_OBLG>
</Award>
</rootTag>
