<?xml version="1.0" encoding="UTF-8"?>
<rootTag>
<Award>
<AwardTitle>FET: Small: DNA Storage and Computation with Strand Displacement Cascades</AwardTitle>
<AGENCY>NSF</AGENCY>
<AwardEffectiveDate>07/01/2022</AwardEffectiveDate>
<AwardExpirationDate>06/30/2025</AwardExpirationDate>
<AwardTotalIntnAmount>600000.00</AwardTotalIntnAmount>
<AwardAmount>207861</AwardAmount>
<AwardInstrument>
<Value>Continuing Grant</Value>
</AwardInstrument>
<Organization>
<Code>05010000</Code>
<Directorate>
<Abbreviation>CSE</Abbreviation>
<LongName>Direct For Computer &amp; Info Scie &amp; Enginr</LongName>
</Directorate>
<Division>
<Abbreviation>CCF</Abbreviation>
<LongName>Division of Computing and Communication Foundations</LongName>
</Division>
</Organization>
<ProgramOfficer>
<SignBlockName>Mitra Basu</SignBlockName>
<PO_EMAI>mbasu@nsf.gov</PO_EMAI>
<PO_PHON>7032928649</PO_PHON>
</ProgramOfficer>
<AbstractNarration>DNA is incredibly information-dense (up to 6 orders of magnitude denser than optical or magnetic media) and stable (readable over millennia). Storage and retrieval of up to gigabytes of digital information in the form of text, images, and movies has already been successfully demonstrated. DNA storage is typically viewed as a form of passive storage (“cold storage”) and performing computation on the stored data currently involves sequencing the DNA, electronically computing the desired transformation, and synthesizing new DNA, which is an expensive and slow loop. This project seeks to make the next generation of dynamic DNA storage, where chemical interactions can manipulate the stored information “in memory.” Investigators will develop molecular versions of important algorithms for computation on digital data and implement them using programmable DNA-DNA interactions. The project will also contribute to undergraduate and graduate education and support undergraduate hands-on research, as well as provide training of students in applying the principles of computer science and electrical engineering to traditionally incompatible domains of biology and chemistry.&lt;br/&gt;&lt;br/&gt;This project will develop the SIMD-DNA (Single-Instruction Multiple-Data DNA) paradigm for using DNA strand displacement reactions to manipulate digital information recorded in the topological modification of the DNA substrate (location of strand breaks). Using the inherent parallelism of chemistry, this data processing scheme will be capable of parallel, in-memory computation, eliminating the need for sequencing and synthesizing new DNA on each data update. More specifically, the award will fund the development of the theoretical foundation of SIMD-DNA computation, including strand displacement programs to simulate various data-processing algorithms, as well as the experimental demonstration of the molecular algorithms and methodology. Further, software to simulate and verify SIMD-DNA programs will be developed. Theoretical and experimental studies on strand displacement on DNA of biological origin and sequence (native DNA) will be used to understand and decrease the spurious interactions that can occur in the absence of conventional sequence design. Native DNA has the potential to improve fidelity and significantly decrease cost compared to chemically synthesized DNA. Finally, new methods to improve the speed and efficiency of large strand displacement cascades will be explored, which may generalize beyond DNA storage.&lt;br/&gt;&lt;br/&gt;This award reflects NSF's statutory mission and has been deemed worthy of support through evaluation using the Foundation's intellectual merit and broader impacts review criteria.</AbstractNarration>
<MinAmdLetterDate>05/25/2022</MinAmdLetterDate>
<MaxAmdLetterDate>05/25/2022</MaxAmdLetterDate>
<ARRAAmount/>
<TRAN_TYPE>Grant</TRAN_TYPE>
<CFDA_NUM>47.070</CFDA_NUM>
<NSF_PAR_USE_FLAG>1</NSF_PAR_USE_FLAG>
<FUND_AGCY_CODE>4900</FUND_AGCY_CODE>
<AWDG_AGCY_CODE>4900</AWDG_AGCY_CODE>
<AwardID>2200290</AwardID>
<Investigator>
<FirstName>David</FirstName>
<LastName>Soloveichik</LastName>
<PI_MID_INIT/>
<PI_SUFX_NAME/>
<PI_FULL_NAME>David Soloveichik</PI_FULL_NAME>
<EmailAddress>david.soloveichik@utexas.edu</EmailAddress>
<PI_PHON>3102939594</PI_PHON>
<NSF_ID>000583802</NSF_ID>
<StartDate>05/25/2022</StartDate>
<EndDate/>
<RoleCode>Principal Investigator</RoleCode>
</Investigator>
<Institution>
<Name>University of Texas at Austin</Name>
<CityName>AUSTIN</CityName>
<ZipCode>787121139</ZipCode>
<PhoneNumber>5124716424</PhoneNumber>
<StreetAddress>110 INNER CAMPUS DR</StreetAddress>
<StreetAddress2/>
<CountryName>United States</CountryName>
<StateName>Texas</StateName>
<StateCode>TX</StateCode>
<CONGRESSDISTRICT>25</CONGRESSDISTRICT>
<CONGRESS_DISTRICT_ORG>TX25</CONGRESS_DISTRICT_ORG>
<ORG_UEI_NUM>V6AFQPN18437</ORG_UEI_NUM>
<ORG_LGL_BUS_NAME>UNIVERSITY OF TEXAS AT AUSTIN</ORG_LGL_BUS_NAME>
<ORG_PRNT_UEI_NUM>X5NKD2NFF2V3</ORG_PRNT_UEI_NUM>
</Institution>
<Performance_Institution>
<Name><![CDATA[University of Texas at Austin]]></Name>
<CityName>Austin</CityName>
<StateCode>TX</StateCode>
<ZipCode>787595316</ZipCode>
<StreetAddress><![CDATA[3925 W Braker Lane, Ste 3.340]]></StreetAddress>
<CountryCode>US</CountryCode>
<CountryName>United States</CountryName>
<StateName>Texas</StateName>
<CountryFlag>1</CountryFlag>
<CONGRESSDISTRICT>10</CONGRESSDISTRICT>
<CONGRESS_DISTRICT_PERF>TX10</CONGRESS_DISTRICT_PERF>
</Performance_Institution>
<ProgramElement>
<Code>089Y</Code>
<Text>FET-Fndtns of Emerging Tech</Text>
</ProgramElement>
<ProgramReference>
<Code>7923</Code>
<Text>SMALL PROJECT</Text>
</ProgramReference>
<ProgramReference>
<Code>7946</Code>
<Text>BIO COMPUTING</Text>
</ProgramReference>
<FUND_OBLG>2022~207861</FUND_OBLG>
</Award>
</rootTag>
