<?xml version="1.0" encoding="UTF-8"?>
<rootTag>
<Award>
<AwardTitle>Stability of Functional and Geometric Inequalities and Applications</AwardTitle>
<AGENCY>NSF</AGENCY>
<AwardEffectiveDate>10/01/2021</AwardEffectiveDate>
<AwardExpirationDate>09/30/2022</AwardExpirationDate>
<AwardTotalIntnAmount>83461.00</AwardTotalIntnAmount>
<AwardAmount>54923</AwardAmount>
<AwardInstrument>
<Value>Standard Grant</Value>
</AwardInstrument>
<Organization>
<Code>03040000</Code>
<Directorate>
<Abbreviation>MPS</Abbreviation>
<LongName>Direct For Mathematical &amp; Physical Scien</LongName>
</Directorate>
<Division>
<Abbreviation>DMS</Abbreviation>
<LongName>Division Of Mathematical Sciences</LongName>
</Division>
</Organization>
<ProgramOfficer>
<SignBlockName>Marian Bocea</SignBlockName>
<PO_EMAI>mbocea@nsf.gov</PO_EMAI>
<PO_PHON>7032922595</PO_PHON>
</ProgramOfficer>
<AbstractNarration>The study of functional and geometric inequalities plays a pivotal role in modern mathematics.  An example of a geometric inequality, with a history dating back to the ancient Greeks, is the isoperimetric inequality, which states that a ball has the least perimeter among all shapes of a fixed volume.  The stability of such inequalities is a property that describes behavior of almost-equilibrium states.  The topic of stability has generated substantial interest in recent years, due in large part to its exciting applications to physical models.  This project analyzes the stability properties of certain functional and geometric inequalities, and applies them as a tool to address problems across various mathematical fields and with diverse applications in physics and materials science.&lt;br/&gt;&lt;br/&gt;Given an inequality for which all equality cases are characterized, the question of stability is the following: suppose a function (or set) almost achieves equality in the inequality. Then is it close, in a suitable sense, to an equality case? In this project, stability estimates will be employed in varied contexts, including the study of regularity properties for limit spaces of Riemannian manifolds with lower bounds on scalar curvature, regularity in spectral shape optimization problems, and properties of energy minimizers in the liquid drop model for atomic nuclei. The project brings together ideas across geometric analysis, partial differential equations and the calculus of variations, in terms of both techniques and applications.&lt;br/&gt;&lt;br/&gt;This award reflects NSF's statutory mission and has been deemed worthy of support through evaluation using the Foundation's intellectual merit and broader impacts review criteria.</AbstractNarration>
<MinAmdLetterDate>11/01/2021</MinAmdLetterDate>
<MaxAmdLetterDate>11/01/2021</MaxAmdLetterDate>
<ARRAAmount/>
<TRAN_TYPE>Grant</TRAN_TYPE>
<CFDA_NUM>47.049</CFDA_NUM>
<NSF_PAR_USE_FLAG>1</NSF_PAR_USE_FLAG>
<FUND_AGCY_CODE>4900</FUND_AGCY_CODE>
<AWDG_AGCY_CODE>4900</AWDG_AGCY_CODE>
<AwardID>2200886</AwardID>
<Investigator>
<FirstName>Robin</FirstName>
<LastName>Neumayer</LastName>
<PI_MID_INIT/>
<PI_SUFX_NAME/>
<PI_FULL_NAME>Robin Neumayer</PI_FULL_NAME>
<EmailAddress>neumayer@cmu.edu</EmailAddress>
<PI_PHON>3039059656</PI_PHON>
<NSF_ID>000759951</NSF_ID>
<StartDate>11/01/2021</StartDate>
<EndDate/>
<RoleCode>Principal Investigator</RoleCode>
</Investigator>
<Institution>
<Name>Carnegie-Mellon University</Name>
<CityName>PITTSBURGH</CityName>
<ZipCode>152133815</ZipCode>
<PhoneNumber>4122688746</PhoneNumber>
<StreetAddress>5000 FORBES AVE</StreetAddress>
<StreetAddress2/>
<CountryName>United States</CountryName>
<StateName>Pennsylvania</StateName>
<StateCode>PA</StateCode>
<CONGRESSDISTRICT>18</CONGRESSDISTRICT>
<CONGRESS_DISTRICT_ORG>PA18</CONGRESS_DISTRICT_ORG>
<ORG_UEI_NUM>U3NKNFLNQ613</ORG_UEI_NUM>
<ORG_LGL_BUS_NAME>CARNEGIE MELLON UNIVERSITY</ORG_LGL_BUS_NAME>
<ORG_PRNT_UEI_NUM>U3NKNFLNQ613</ORG_PRNT_UEI_NUM>
</Institution>
<Performance_Institution>
<Name><![CDATA[Carnegie-Mellon University]]></Name>
<CityName/>
<StateCode>PA</StateCode>
<ZipCode>152133815</ZipCode>
<StreetAddress/>
<CountryCode>US</CountryCode>
<CountryName>United States</CountryName>
<StateName>Pennsylvania</StateName>
<CountryFlag>1</CountryFlag>
<CONGRESSDISTRICT>18</CONGRESSDISTRICT>
<CONGRESS_DISTRICT_PERF>PA18</CONGRESS_DISTRICT_PERF>
</Performance_Institution>
<ProgramElement>
<Code>1281</Code>
<Text>ANALYSIS PROGRAM</Text>
</ProgramElement>
<FUND_OBLG>2019~54923</FUND_OBLG>
</Award>
</rootTag>
