<?xml version="1.0" encoding="UTF-8"?>
<rootTag>
<Award>
<AwardTitle>The Non-Commutative Hodge Conjecture and Multiplicities of Modules and Complexes</AwardTitle>
<AGENCY>NSF</AGENCY>
<AwardEffectiveDate>06/01/2022</AwardEffectiveDate>
<AwardExpirationDate>05/31/2025</AwardExpirationDate>
<AwardTotalIntnAmount>282638.00</AwardTotalIntnAmount>
<AwardAmount>282638</AwardAmount>
<AwardInstrument>
<Value>Standard Grant</Value>
</AwardInstrument>
<Organization>
<Code>03040000</Code>
<Directorate>
<Abbreviation>MPS</Abbreviation>
<LongName>Direct For Mathematical &amp; Physical Scien</LongName>
</Directorate>
<Division>
<Abbreviation>DMS</Abbreviation>
<LongName>Division Of Mathematical Sciences</LongName>
</Division>
</Organization>
<ProgramOfficer>
<SignBlockName>Sandra Spiroff</SignBlockName>
<PO_EMAI>sspiroff@nsf.gov</PO_EMAI>
<PO_PHON>7032928069</PO_PHON>
</ProgramOfficer>
<AbstractNarration>This research project concerns topics in commutative and homological algebra and related fields.  In commutative algebra, one studies formal systems in which the rules for manipulating equations are the same as in high school algebra but done in more general settings. The field is related to many other areas of pure mathematics, such as number theory, the study of properties of the integers, and algebraic geometry, the study of geometric properties of solutions to systems of polynomial equations. Homological algebra is a branch of algebra related to the field of algebraic topology and is the study of topological spaces, that is, "shapes." A central object of study in homological algebra is that of a complex of modules, which can be thought of an abstraction of the notion of a topological space. This project aims to settle various open conjectures, including one on the possible values of Euler characteristics of certain types of complexes. Here, the Euler characteristic of a complex is a generalization of the integer invariant for polyhedra. The grant will also support graduate students working on affiliated topics.&lt;br/&gt;&lt;br/&gt;The project involves four main topics: (1) lengths of modules of finite projective dimension and Dutta multiplicities of "tiny complexes," (2) Ulrich modules and lim Ulrich sequences of modules, (3) cones of Betti tables and cohomology tables, (4) the nc-Hodge-conjecture for matrix factorizations. The central goal of (1) is to prove the conjecture that a module of finite projective dimension over a local ring must have length at least as large as the multiplicity of the module. This conjecture admits a generalization involving Euler and Dutta multiplicities of "tiny complexes". Part (2) concerns a primary tool used in tackling these conjectures: Ulrich modules, which are maximal Cohen-Macaulay modules whose multiplicities equal their minimal numbers of generates, and lim Ulrich sequences of modules—sequences of modules that asymptotically approximate the former. The central goal is to construct such things for a larger class of rings than previously known. Part (3) concerns the cones of Betti tables of modules over local rings and cones of cohomology tables of coherent sheaves on projective varieties. Ulrich sheaves and lim Ulrich sequences of sheaves—sheaf theoretic analogues of the module versions of these notions—play an essential role here. The central aim of Part (4) is to prove the non-commutative analogue of the classical Hodge conjecture for the category of matrix factorizations of a hypersurface with an isolated singularity. Each part will be pursued in collaboration with other researchers.&lt;br/&gt;&lt;br/&gt;This award reflects NSF's statutory mission and has been deemed worthy of support through evaluation using the Foundation's intellectual merit and broader impacts review criteria.</AbstractNarration>
<MinAmdLetterDate>03/25/2022</MinAmdLetterDate>
<MaxAmdLetterDate>03/25/2022</MaxAmdLetterDate>
<ARRAAmount/>
<TRAN_TYPE>Grant</TRAN_TYPE>
<CFDA_NUM>47.049</CFDA_NUM>
<NSF_PAR_USE_FLAG>1</NSF_PAR_USE_FLAG>
<FUND_AGCY_CODE>4900</FUND_AGCY_CODE>
<AWDG_AGCY_CODE>4900</AWDG_AGCY_CODE>
<AwardID>2200732</AwardID>
<Investigator>
<FirstName>Mark</FirstName>
<LastName>Walker</LastName>
<PI_MID_INIT>E</PI_MID_INIT>
<PI_SUFX_NAME/>
<PI_FULL_NAME>Mark E Walker</PI_FULL_NAME>
<EmailAddress>mark.walker@unl.edu</EmailAddress>
<PI_PHON>4024720521</PI_PHON>
<NSF_ID>000461775</NSF_ID>
<StartDate>03/25/2022</StartDate>
<EndDate/>
<RoleCode>Principal Investigator</RoleCode>
</Investigator>
<Institution>
<Name>University of Nebraska-Lincoln</Name>
<CityName>LINCOLN</CityName>
<ZipCode>685032427</ZipCode>
<PhoneNumber>4024723171</PhoneNumber>
<StreetAddress>2200 VINE ST BOX 830861</StreetAddress>
<StreetAddress2/>
<CountryName>United States</CountryName>
<StateName>Nebraska</StateName>
<StateCode>NE</StateCode>
<CONGRESSDISTRICT>01</CONGRESSDISTRICT>
<CONGRESS_DISTRICT_ORG>NE01</CONGRESS_DISTRICT_ORG>
<ORG_UEI_NUM>HTQ6K6NJFHA6</ORG_UEI_NUM>
<ORG_LGL_BUS_NAME>BOARD OF REGENTS OF THE UNIVERSITY OF NEBRASKA</ORG_LGL_BUS_NAME>
<ORG_PRNT_UEI_NUM>LF77GRM3FWG5</ORG_PRNT_UEI_NUM>
</Institution>
<Performance_Institution>
<Name><![CDATA[University of Nebraska-Lincoln]]></Name>
<CityName>Lincoln</CityName>
<StateCode>NE</StateCode>
<ZipCode>685880130</ZipCode>
<StreetAddress><![CDATA[203 Avery Hall]]></StreetAddress>
<CountryCode>US</CountryCode>
<CountryName>United States</CountryName>
<StateName>Nebraska</StateName>
<CountryFlag>1</CountryFlag>
<CONGRESSDISTRICT>01</CONGRESSDISTRICT>
<CONGRESS_DISTRICT_PERF>NE01</CONGRESS_DISTRICT_PERF>
</Performance_Institution>
<ProgramElement>
<Code>1264</Code>
<Text>ALGEBRA,NUMBER THEORY,AND COM</Text>
</ProgramElement>
<ProgramReference>
<Code>9150</Code>
<Text>EXP PROG TO STIM COMP RES</Text>
</ProgramReference>
<FUND_OBLG>2022~282638</FUND_OBLG>
</Award>
</rootTag>
