<?xml version="1.0" encoding="UTF-8"?>
<rootTag>
<Award>
<AwardTitle><![CDATA[Algebraic Structures in Topology Conference, San Juan, Puerto Rico]]></AwardTitle>
<AGENCY>NSF</AGENCY>
<AwardEffectiveDate>04/01/2022</AwardEffectiveDate>
<AwardExpirationDate>03/31/2023</AwardExpirationDate>
<AwardTotalIntnAmount>25000.00</AwardTotalIntnAmount>
<AwardAmount>25000</AwardAmount>
<AwardInstrument>
<Value>Standard Grant</Value>
</AwardInstrument>
<Organization>
<Code>03040000</Code>
<Directorate>
<Abbreviation>MPS</Abbreviation>
<LongName>Direct For Mathematical &amp; Physical Scien</LongName>
</Directorate>
<Division>
<Abbreviation>DMS</Abbreviation>
<LongName>Division Of Mathematical Sciences</LongName>
</Division>
</Organization>
<ProgramOfficer>
<SignBlockName>Swatee Naik</SignBlockName>
<PO_EMAI>snaik@nsf.gov</PO_EMAI>
<PO_PHON>7032924876</PO_PHON>
</ProgramOfficer>
<AbstractNarration><![CDATA[This award provides support for the conference “Algebraic structures in topology” in San Juan, Puerto Rico, to be held on May 30th-June 3rd, 2022. The conference will focus on recent developments in algebraic topology and its applications to geometric topology, mathematical physics, and algebraic geometry. This event aims to bring together mathematicians from diverse subfields in algebraic topology, who use similar techniques to achieve different goals and foster new ideas and perspectives. The conference will feature plenary talks, mini-courses, contributed talks, and time for informal interactions. Another major goal of the conference is outreach to mathematicians from unrepresented racial and ethnic groups who may feel isolated from the larger mathematical community. &lt;br/&gt;&lt;br/&gt;The guiding theme of the conference is the use of algebraic and categorical techniques to better understand the homotopy theory of spaces, the algebraic topology of manifolds, and algebro-geometric objects. The following are among the topics that will be highlighted at the conference: the theory of operads, equivariant homotopy theory, higher category theory and derived algebra, Hochschild homology theory of structured algebras, and algebraic K-theory. More information is available at the conference website https://sites.google.com/view/algebraicstructures.&lt;br/&gt;&lt;br/&gt;This award reflects NSF's statutory mission and has been deemed worthy of support through evaluation using the Foundation's intellectual merit and broader impacts review criteria.]]></AbstractNarration>
<MinAmdLetterDate>03/28/2022</MinAmdLetterDate>
<MaxAmdLetterDate>03/28/2022</MaxAmdLetterDate>
<ARRAAmount/>
<TRAN_TYPE>Grant</TRAN_TYPE>
<CFDA_NUM>47.049</CFDA_NUM>
<NSF_PAR_USE_FLAG>1</NSF_PAR_USE_FLAG>
<FUND_AGCY_CODE>4900</FUND_AGCY_CODE>
<AWDG_AGCY_CODE>4900</AWDG_AGCY_CODE>
<AwardID>2200130</AwardID>
<Investigator>
<FirstName>Manuel</FirstName>
<LastName>Rivera</LastName>
<PI_MID_INIT>L</PI_MID_INIT>
<PI_SUFX_NAME/>
<PI_FULL_NAME>Manuel L Rivera</PI_FULL_NAME>
<EmailAddress><![CDATA[river227@purdue.edu]]></EmailAddress>
<NSF_ID>000681384</NSF_ID>
<StartDate>03/28/2022</StartDate>
<EndDate/>
<RoleCode>Principal Investigator</RoleCode>
</Investigator>
<Investigator>
<FirstName>Jeremy</FirstName>
<LastName>Miller</LastName>
<PI_MID_INIT/>
<PI_SUFX_NAME/>
<PI_FULL_NAME>Jeremy Miller</PI_FULL_NAME>
<EmailAddress><![CDATA[jeremykmiller@purdue.edu]]></EmailAddress>
<NSF_ID>000707234</NSF_ID>
<StartDate>03/28/2022</StartDate>
<EndDate/>
<RoleCode>Co-Principal Investigator</RoleCode>
</Investigator>
<Institution>
<Name>Purdue University</Name>
<CityName>WEST LAFAYETTE</CityName>
<ZipCode>479061332</ZipCode>
<PhoneNumber>7654941055</PhoneNumber>
<StreetAddress>2550 NORTHWESTERN AVE STE 1900</StreetAddress>
<StreetAddress2/>
<CountryName>United States</CountryName>
<StateName>Indiana</StateName>
<StateCode>IN</StateCode>
<CONGRESSDISTRICT>04</CONGRESSDISTRICT>
<CONGRESS_DISTRICT_ORG>IN04</CONGRESS_DISTRICT_ORG>
<ORG_UEI_NUM>YRXVL4JYCEF5</ORG_UEI_NUM>
<ORG_LGL_BUS_NAME>PURDUE UNIVERSITY</ORG_LGL_BUS_NAME>
<ORG_PRNT_UEI_NUM>YRXVL4JYCEF5</ORG_PRNT_UEI_NUM>
</Institution>
<Performance_Institution>
<Name><![CDATA[Purdue University]]></Name>
<CityName>West Lafayette</CityName>
<StateCode>IN</StateCode>
<ZipCode>479072114</ZipCode>
<StreetAddress><![CDATA[Young Hall]]></StreetAddress>
<CountryCode>US</CountryCode>
<CountryName>United States</CountryName>
<StateName>Indiana</StateName>
<CountryFlag>1</CountryFlag>
<CONGRESSDISTRICT>04</CONGRESSDISTRICT>
<CONGRESS_DISTRICT_PERF>IN04</CONGRESS_DISTRICT_PERF>
</Performance_Institution>
<ProgramElement>
<Code>1267</Code>
<Text>TOPOLOGY</Text>
</ProgramElement>
<ProgramReference>
<Code>7556</Code>
<Text>CONFERENCE AND WORKSHOPS</Text>
</ProgramReference>
<Appropriation>
<Code/>
<Name/>
<APP_SYMB_ID/>
</Appropriation>
<Fund>
<Code>01002223DB</Code>
<Name><![CDATA[NSF RESEARCH & RELATED ACTIVIT]]></Name>
<FUND_SYMB_ID>040100</FUND_SYMB_ID>
</Fund>
<FUND_OBLG>2022~25000</FUND_OBLG>
</Award>
</rootTag>
