<?xml version="1.0" encoding="UTF-8"?>
<rootTag>
<Award>
<AwardTitle><![CDATA[SBIR Phase II:  Development of genetically modified sterile insects for biocontrol]]></AwardTitle>
<AGENCY>NSF</AGENCY>
<AwardEffectiveDate>05/01/2022</AwardEffectiveDate>
<AwardExpirationDate>04/30/2024</AwardExpirationDate>
<AwardTotalIntnAmount>971941.00</AwardTotalIntnAmount>
<AwardAmount>987941</AwardAmount>
<AwardInstrument>
<Value>Cooperative Agreement</Value>
</AwardInstrument>
<Organization>
<Code>15030000</Code>
<Directorate>
<Abbreviation>TIP</Abbreviation>
<LongName>Dir for Tech, Innovation, &amp; Partnerships</LongName>
</Directorate>
<Division>
<Abbreviation>TI</Abbreviation>
<LongName>Translational Impacts</LongName>
</Division>
</Organization>
<ProgramOfficer>
<SignBlockName>Erik Pierstorff</SignBlockName>
<PO_EMAI>epiersto@nsf.gov</PO_EMAI>
<PO_PHON>7032922165</PO_PHON>
</ProgramOfficer>
<AbstractNarration><![CDATA[The broader impact of this Small Business Innovative Research (SBIR) Phase II project will be to improve insect control with minimal chemical impact.  Due to their impact on human health and losses to agriculture, insects pose threats upwards of $10 billion/year to the world economy. Current methods of insect control using chemical insecticides are somewhat effective but pose a grave threat to the environment. The company is developing a genetic-based insect control technology. This approach can be very effective, have minimal environmental impact and be cost effective to implement. The technology is broadly applicable to any sexually reproducing organism, which could enable applications beyond the first intended target of spotted wing drosophila. Likely future applications include control of insects important for public health, such as mosquitoes or ticks, other agricultural pests, and invasive species. &lt;br/&gt;&lt;br/&gt;The proposed project is designed to use genetics to solve issues posed by chemical insecticides and issues associated with broad adoption of sterile insect techniques: (i) sorting of male only insects, (ii) laborious release processes and (iii) non-scalable operation. The objective of this project is to create a prototype and verify its ability to control the initial target insect, spotted wing drosophila. The project will also investigate the robustness of the developed genetic system for commercial production. This research project will expand scientific knowledge of insect transgenesis and their use for biocontrol.&lt;br/&gt;&lt;br/&gt;This award reflects NSF's statutory mission and has been deemed worthy of support through evaluation using the Foundation's intellectual merit and broader impacts review criteria.]]></AbstractNarration>
<MinAmdLetterDate>05/02/2022</MinAmdLetterDate>
<MaxAmdLetterDate>06/24/2022</MaxAmdLetterDate>
<ARRAAmount/>
<TRAN_TYPE>CoopAgrmnt</TRAN_TYPE>
<CFDA_NUM>47.084</CFDA_NUM>
<NSF_PAR_USE_FLAG>1</NSF_PAR_USE_FLAG>
<FUND_AGCY_CODE>4900</FUND_AGCY_CODE>
<AWDG_AGCY_CODE>4900</AWDG_AGCY_CODE>
<AwardID>2200356</AwardID>
<Investigator>
<FirstName>Siba</FirstName>
<LastName>Das</LastName>
<PI_MID_INIT>R</PI_MID_INIT>
<PI_SUFX_NAME/>
<PI_FULL_NAME>Siba R Das</PI_FULL_NAME>
<EmailAddress><![CDATA[siba@novoclade.com]]></EmailAddress>
<NSF_ID>000791114</NSF_ID>
<StartDate>05/02/2022</StartDate>
<EndDate/>
<RoleCode>Principal Investigator</RoleCode>
</Investigator>
<Institution>
<Name>NOVOCLADE, INC.</Name>
<CityName>SAINT PAUL</CityName>
<ZipCode>551141911</ZipCode>
<PhoneNumber>6123146111</PhoneNumber>
<StreetAddress>1000 WESTGATE DR STE 105</StreetAddress>
<StreetAddress2/>
<CountryName>United States</CountryName>
<StateName>Minnesota</StateName>
<StateCode>MN</StateCode>
<CONGRESSDISTRICT>04</CONGRESSDISTRICT>
<CONGRESS_DISTRICT_ORG>MN04</CONGRESS_DISTRICT_ORG>
<ORG_UEI_NUM>D6SBFKJGXLV3</ORG_UEI_NUM>
<ORG_LGL_BUS_NAME>NOVOCLADE, INC.</ORG_LGL_BUS_NAME>
<ORG_PRNT_UEI_NUM/>
</Institution>
<Performance_Institution>
<Name><![CDATA[NOVOCLADE, INC.]]></Name>
<CityName/>
<StateCode>MN</StateCode>
<ZipCode>551141911</ZipCode>
<StreetAddress><![CDATA[1000 Westgate Dr Ste 105]]></StreetAddress>
<CountryCode>US</CountryCode>
<CountryName>United States</CountryName>
<StateName>Minnesota</StateName>
<CountryFlag>1</CountryFlag>
<CONGRESSDISTRICT>04</CONGRESSDISTRICT>
<CONGRESS_DISTRICT_PERF>MN04</CONGRESS_DISTRICT_PERF>
</Performance_Institution>
<ProgramElement>
<Code>5373</Code>
<Text>SBIR Phase II</Text>
</ProgramElement>
<ProgramReference>
<Code>9109</Code>
<Text>AGRICULTURAL BIOTECHNOLOGY</Text>
</ProgramReference>
<ProgramReference>
<Code>9251</Code>
<Text>REU SUPP-Res Exp for Ugrd Supp</Text>
</ProgramReference>
<Appropriation>
<Code/>
<Name/>
<APP_SYMB_ID/>
</Appropriation>
<Fund>
<Code>01002223DB</Code>
<Name><![CDATA[NSF RESEARCH & RELATED ACTIVIT]]></Name>
<FUND_SYMB_ID>040100</FUND_SYMB_ID>
</Fund>
<FUND_OBLG>2022~987941</FUND_OBLG>
</Award>
</rootTag>
