<?xml version="1.0" encoding="UTF-8"?>
<rootTag>
<Award>
<AwardTitle><![CDATA[NSF Student Travel Grant for 2021 ACM/IEEE Symposium on Edge Computing  (ACM/IEEE SEC)]]></AwardTitle>
<AGENCY>NSF</AGENCY>
<AwardEffectiveDate>07/01/2022</AwardEffectiveDate>
<AwardExpirationDate>06/30/2023</AwardExpirationDate>
<AwardTotalIntnAmount>20000.00</AwardTotalIntnAmount>
<AwardAmount>20000</AwardAmount>
<AwardInstrument>
<Value>Standard Grant</Value>
</AwardInstrument>
<Organization>
<Code>05050000</Code>
<Directorate>
<Abbreviation>CSE</Abbreviation>
<LongName>Direct For Computer &amp; Info Scie &amp; Enginr</LongName>
</Directorate>
<Division>
<Abbreviation>CNS</Abbreviation>
<LongName>Division Of Computer and Network Systems</LongName>
</Division>
</Organization>
<ProgramOfficer>
<SignBlockName>Marilyn McClure</SignBlockName>
<PO_EMAI>mmcclure@nsf.gov</PO_EMAI>
<PO_PHON>7032925197</PO_PHON>
</ProgramOfficer>
<AbstractNarration><![CDATA[The proposal is to seek travel support for up to 20 students to attend the ACM/IEEE SEC in San Jose CA from Dec. 14-17, 2021. This leading technical conference is the primary venue for presenting new research results in the area of "edge computing", a new paradigm in which the resources of a small data center are placed at the edge of the Internet, in close proximity to mobile devices, sensors, and end users, and the emerging Internet of Things. The conference will consist of technical paper presentations, panels, PhD forums, posters, and demonstrations. It will also feature keynote speeches from leading researchers and practitioners in the field.&lt;br/&gt;&lt;br/&gt;Participation in SEC 2021 and similar conferences are valuable and important activities of the graduate school experience. It provides students with the opportunity to interact with more senior researchers, and exposes students to leading work and practical industry practices in this important area of research. This may have an important impact on career development. The goal of the funds is to support approximately 20 student participants at recognized US institutions of higher education. Funds will be dispersed with preference given to students who would not otherwise be able to attend the conference and students who are not already scheduled to present a paper, paying particular attention to diversity and relevance of the student's research interest.&lt;br/&gt;&lt;br/&gt;This award reflects NSF's statutory mission and has been deemed worthy of support through evaluation using the Foundation's intellectual merit and broader impacts review criteria.]]></AbstractNarration>
<MinAmdLetterDate>06/11/2022</MinAmdLetterDate>
<MaxAmdLetterDate>06/11/2022</MaxAmdLetterDate>
<ARRAAmount/>
<TRAN_TYPE>Grant</TRAN_TYPE>
<CFDA_NUM>47.070</CFDA_NUM>
<NSF_PAR_USE_FLAG>1</NSF_PAR_USE_FLAG>
<FUND_AGCY_CODE>4900</FUND_AGCY_CODE>
<AWDG_AGCY_CODE>4900</AWDG_AGCY_CODE>
<AwardID>2200127</AwardID>
<Investigator>
<FirstName>An</FirstName>
<LastName>Wang</LastName>
<PI_MID_INIT/>
<PI_SUFX_NAME/>
<PI_FULL_NAME>An Wang</PI_FULL_NAME>
<EmailAddress><![CDATA[axw474@case.edu]]></EmailAddress>
<NSF_ID>000788143</NSF_ID>
<StartDate>06/11/2022</StartDate>
<EndDate/>
<RoleCode>Principal Investigator</RoleCode>
</Investigator>
<Institution>
<Name>Case Western Reserve University</Name>
<CityName>CLEVELAND</CityName>
<ZipCode>441061712</ZipCode>
<PhoneNumber>2163684510</PhoneNumber>
<StreetAddress>10900 EUCLID AVE</StreetAddress>
<StreetAddress2/>
<CountryName>United States</CountryName>
<StateName>Ohio</StateName>
<StateCode>OH</StateCode>
<CONGRESSDISTRICT>11</CONGRESSDISTRICT>
<CONGRESS_DISTRICT_ORG>OH11</CONGRESS_DISTRICT_ORG>
<ORG_UEI_NUM>HJMKEF7EJW69</ORG_UEI_NUM>
<ORG_LGL_BUS_NAME>CASE WESTERN RESERVE UNIVERSITY</ORG_LGL_BUS_NAME>
<ORG_PRNT_UEI_NUM>HJMKEF7EJW69</ORG_PRNT_UEI_NUM>
</Institution>
<Performance_Institution>
<Name><![CDATA[Case Western Reserve University]]></Name>
<CityName>Cleveland</CityName>
<StateCode>OH</StateCode>
<ZipCode>441067164</ZipCode>
<StreetAddress><![CDATA[10900 Euclid Ave]]></StreetAddress>
<CountryCode>US</CountryCode>
<CountryName>United States</CountryName>
<StateName>Ohio</StateName>
<CountryFlag>1</CountryFlag>
<CONGRESSDISTRICT>11</CONGRESSDISTRICT>
<CONGRESS_DISTRICT_PERF>OH11</CONGRESS_DISTRICT_PERF>
</Performance_Institution>
<ProgramElement>
<Code>7354</Code>
<Text>CSR-Computer Systems Research</Text>
</ProgramElement>
<ProgramReference>
<Code>7556</Code>
<Text>CONFERENCE AND WORKSHOPS</Text>
</ProgramReference>
<ProgramReference>
<Code>9102</Code>
<Text>WOMEN, MINORITY, DISABLED, NEC</Text>
</ProgramReference>
<FUND_OBLG>2022~20000</FUND_OBLG>
</Award>
</rootTag>
