<?xml version="1.0" encoding="UTF-8"?>
<rootTag>
<Award>
<AwardTitle>Representations of Finite Groups and Applications</AwardTitle>
<AGENCY>NSF</AGENCY>
<AwardEffectiveDate>07/01/2022</AwardEffectiveDate>
<AwardExpirationDate>06/30/2027</AwardExpirationDate>
<AwardTotalIntnAmount>440000.00</AwardTotalIntnAmount>
<AwardAmount>71691</AwardAmount>
<AwardInstrument>
<Value>Continuing Grant</Value>
</AwardInstrument>
<Organization>
<Code>03040000</Code>
<Directorate>
<Abbreviation>MPS</Abbreviation>
<LongName>Direct For Mathematical &amp; Physical Scien</LongName>
</Directorate>
<Division>
<Abbreviation>DMS</Abbreviation>
<LongName>Division Of Mathematical Sciences</LongName>
</Division>
</Organization>
<ProgramOfficer>
<SignBlockName>James Matthew Douglass</SignBlockName>
<PO_EMAI>mdouglas@nsf.gov</PO_EMAI>
<PO_PHON>7032922467</PO_PHON>
</ProgramOfficer>
<AbstractNarration>The main area of research in this proposal is the representation theory of finite groups. The concept of a group in mathematics grew out of the notion of symmetry. The symmetries of an object in nature or science are encoded by a group, which carries a lot of important information about the structure of the object itself. Group representation theory allows one to study groups via their actions on vector spaces which model the ways they arise in the real world. It has fascinated mathematicians for more than a century, and has had many important applications in quantum mechanics, the theory of elementary particles, coding theory, and cryptography, and is expected to continue to play an important role in the modern world of computers and digital communications. This research will contribute to advances in the understanding and applications of representation theory of finite groups. Student involvement will be a scientifically important component of the project.&lt;br/&gt;&lt;br/&gt;This project focuses on several problems in the representation theory of finite groups and its applications. Many of these problems come up naturally in the group representation theory. Others are motivated by various applications. The PI will study several global-local problems, including the conjectures of McKay, Alperin, and Brauer, and some other conjectures which generalize classical results in representation theory of finite groups. The PI will also continue his long-term project to develop a theory of character level and to establish strong bounds on character values of finite groups of Lie type, and to classify modular representations of finite quasisimple groups of low dimension or with special properties. He will then apply the results to achieve significant progress on a number of applications, including local systems and their monodromy groups, Aschbacher's conjecture on subgroup lattices, random walks on Cayley and McKay graphs and representation varieties of Fuchsian groups, word map distributions and Thompson's conjecture for simple groups, Miyamoto's problem with applications to vertex operator algebras, and bounds on cohomology groups and presentations of finite quasisimple groups.&lt;br/&gt;&lt;br/&gt;This award reflects NSF's statutory mission and has been deemed worthy of support through evaluation using the Foundation's intellectual merit and broader impacts review criteria.</AbstractNarration>
<MinAmdLetterDate>04/05/2022</MinAmdLetterDate>
<MaxAmdLetterDate>04/05/2022</MaxAmdLetterDate>
<ARRAAmount/>
<TRAN_TYPE>Grant</TRAN_TYPE>
<CFDA_NUM>47.049</CFDA_NUM>
<NSF_PAR_USE_FLAG>1</NSF_PAR_USE_FLAG>
<FUND_AGCY_CODE>4900</FUND_AGCY_CODE>
<AWDG_AGCY_CODE>4900</AWDG_AGCY_CODE>
<AwardID>2200850</AwardID>
<Investigator>
<FirstName>Pham</FirstName>
<LastName>Tiep</LastName>
<PI_MID_INIT>H</PI_MID_INIT>
<PI_SUFX_NAME/>
<PI_FULL_NAME>Pham H Tiep</PI_FULL_NAME>
<EmailAddress>tiep@math.rutgers.edu</EmailAddress>
<PI_PHON>8484456915</PI_PHON>
<NSF_ID>000283628</NSF_ID>
<StartDate>04/05/2022</StartDate>
<EndDate/>
<RoleCode>Principal Investigator</RoleCode>
</Investigator>
<Institution>
<Name>Rutgers University New Brunswick</Name>
<CityName>NEW BRUNSWICK</CityName>
<ZipCode>089018559</ZipCode>
<PhoneNumber>8489320150</PhoneNumber>
<StreetAddress>3 RUTGERS PLZA</StreetAddress>
<StreetAddress2/>
<CountryName>United States</CountryName>
<StateName>New Jersey</StateName>
<StateCode>NJ</StateCode>
<CONGRESSDISTRICT>06</CONGRESSDISTRICT>
<CONGRESS_DISTRICT_ORG>NJ06</CONGRESS_DISTRICT_ORG>
<ORG_UEI_NUM>M1LVPE5GLSD9</ORG_UEI_NUM>
<ORG_LGL_BUS_NAME>RUTGERS, THE STATE UNIVERSITY OF NEW JERSEY</ORG_LGL_BUS_NAME>
<ORG_PRNT_UEI_NUM>M1LVPE5GLSD9</ORG_PRNT_UEI_NUM>
</Institution>
<Performance_Institution>
<Name><![CDATA[Rutgers University New Brunswick]]></Name>
<CityName>Piscataway</CityName>
<StateCode>NJ</StateCode>
<ZipCode>088548019</ZipCode>
<StreetAddress><![CDATA[110 Frelinghuysen Road]]></StreetAddress>
<CountryCode>US</CountryCode>
<CountryName>United States</CountryName>
<StateName>New Jersey</StateName>
<CountryFlag>1</CountryFlag>
<CONGRESSDISTRICT>06</CONGRESSDISTRICT>
<CONGRESS_DISTRICT_PERF>NJ06</CONGRESS_DISTRICT_PERF>
</Performance_Institution>
<ProgramElement>
<Code>1264</Code>
<Text>ALGEBRA,NUMBER THEORY,AND COM</Text>
</ProgramElement>
<FUND_OBLG>2022~71691</FUND_OBLG>
</Award>
</rootTag>
