<?xml version="1.0" encoding="UTF-8"?>
<rootTag>
<Award>
<AwardTitle>Collaborative Research: Data-driven Power Systems Control with Stability Guarantee: A Lyapunov Approach</AwardTitle>
<AGENCY>NSF</AGENCY>
<AwardEffectiveDate>03/15/2022</AwardEffectiveDate>
<AwardExpirationDate>02/28/2025</AwardExpirationDate>
<AwardTotalIntnAmount>200000.00</AwardTotalIntnAmount>
<AwardAmount>200000</AwardAmount>
<AwardInstrument>
<Value>Standard Grant</Value>
</AwardInstrument>
<Organization>
<Code>07010000</Code>
<Directorate>
<Abbreviation>ENG</Abbreviation>
<LongName>Directorate For Engineering</LongName>
</Directorate>
<Division>
<Abbreviation>ECCS</Abbreviation>
<LongName>Div Of Electrical, Commun &amp; Cyber Sys</LongName>
</Division>
</Organization>
<ProgramOfficer>
<SignBlockName>Aranya Chakrabortty</SignBlockName>
<PO_EMAI>achakrab@nsf.gov</PO_EMAI>
<PO_PHON>7032928113</PO_PHON>
</ProgramOfficer>
<AbstractNarration>This NSF project aims to design a new data-driven power system control framework with stability guarantee. Power systems are experiencing a period of rapid changes due to the proliferation of renewable generation and distributed energy resources including solar, electric vehicles, and batteries. Many of these new technologies are interfaced with the grid through power electronic interfaces (i.e., inverters) that can be controlled at a much faster timescale compared to conventional machines. However, how to leverage such flexibility is nontrivial due to the nonlinearity, complexity, and uncertainty in the underlying power network. This project will bring transformative changes by developing new reinforcement learning (RL) algorithms for inverter-based frequency and voltage control with formal stability guarantees. The intellectual merits of the project include (i) a novel framework that bridges Lyapunov control theory and RL, therefore providing stability guarantee for learning-based controllers; (ii) neural network structure design that ensures stability constraint is met by design. The broader impacts of the project include various of new courses development and research opportunities for students interested in both energy systems and machine learning/AI.&lt;br/&gt;&lt;br/&gt;The proposed research consists of three thrusts. Thrust 1 focuses on developing the algorithmic framework that integrates RL with Lyapunov stability constraints, which serves as a foundation to later thrusts. Specifically, we will leverage analytical models to construct Lyapunov functions and engineer the structure of neural network-based controllers to meet the stability constraints. Thrust 2 uses machine learning to discover new Lyapunov functions for realistic power system models and design stable control policies. Thrust 3 integrates the theory and algorithms developed in Thrusts 1 and 2, and robustifies the controllers against modeling error, and network topology re-configurations in both transmission and distribution grids. The contributions of the project are two-folded. On the theoretical side, the proposed research bridges classic control and learning, where control theory provides the structural constraints that guarantee a controller is stable, and RL with neural networks searches over the large parametric spaces to find the best performing controllers that have this structure. On the practical side, our approach clears a critical hurdle in applying RL to power systems by guaranteeing the stability of the learned policy. We envision our framework will serve as the basis for future learning-based smart power system control architectures.&lt;br/&gt;&lt;br/&gt;This award reflects NSF's statutory mission and has been deemed worthy of support through evaluation using the Foundation's intellectual merit and broader impacts review criteria.</AbstractNarration>
<MinAmdLetterDate>03/15/2022</MinAmdLetterDate>
<MaxAmdLetterDate>03/15/2022</MaxAmdLetterDate>
<ARRAAmount/>
<TRAN_TYPE>Grant</TRAN_TYPE>
<CFDA_NUM>47.041</CFDA_NUM>
<NSF_PAR_USE_FLAG>1</NSF_PAR_USE_FLAG>
<FUND_AGCY_CODE>4900</FUND_AGCY_CODE>
<AWDG_AGCY_CODE>4900</AWDG_AGCY_CODE>
<AwardID>2200692</AwardID>
<Investigator>
<FirstName>Yuanyuan</FirstName>
<LastName>Shi</LastName>
<PI_MID_INIT/>
<PI_SUFX_NAME/>
<PI_FULL_NAME>Yuanyuan Shi</PI_FULL_NAME>
<EmailAddress>yyshi@eng.ucsd.edu</EmailAddress>
<PI_PHON>8585346578</PI_PHON>
<NSF_ID>000845474</NSF_ID>
<StartDate>03/15/2022</StartDate>
<EndDate/>
<RoleCode>Principal Investigator</RoleCode>
</Investigator>
<Institution>
<Name>University of California-San Diego</Name>
<CityName>LA JOLLA</CityName>
<ZipCode>920935004</ZipCode>
<PhoneNumber>8585344896</PhoneNumber>
<StreetAddress>9500 GILMAN DR</StreetAddress>
<StreetAddress2/>
<CountryName>United States</CountryName>
<StateName>California</StateName>
<StateCode>CA</StateCode>
<CONGRESSDISTRICT>49</CONGRESSDISTRICT>
<CONGRESS_DISTRICT_ORG>CA49</CONGRESS_DISTRICT_ORG>
<ORG_UEI_NUM>UYTTZT6G9DT1</ORG_UEI_NUM>
<ORG_LGL_BUS_NAME>UNIVERSITY OF CALIFORNIA, SAN DIEGO</ORG_LGL_BUS_NAME>
<ORG_PRNT_UEI_NUM>NUDGYLBB4S99</ORG_PRNT_UEI_NUM>
</Institution>
<Performance_Institution>
<Name><![CDATA[University of California-San Diego]]></Name>
<CityName>La Jolla</CityName>
<StateCode>CA</StateCode>
<ZipCode>920930937</ZipCode>
<StreetAddress><![CDATA[Jacobs School of Engineering]]></StreetAddress>
<CountryCode>US</CountryCode>
<CountryName>United States</CountryName>
<StateName>California</StateName>
<CountryFlag>1</CountryFlag>
<CONGRESSDISTRICT>49</CONGRESSDISTRICT>
<CONGRESS_DISTRICT_PERF>CA49</CONGRESS_DISTRICT_PERF>
</Performance_Institution>
<ProgramElement>
<Code>7607</Code>
<Text>EPCN-Energy-Power-Ctrl-Netwrks</Text>
</ProgramElement>
<FUND_OBLG>2022~200000</FUND_OBLG>
</Award>
</rootTag>
