<?xml version="1.0" encoding="UTF-8"?>
<rootTag>
<Award>
<AwardTitle>Unlikely Intersections in Diophantine Geometry and Dynamics</AwardTitle>
<AGENCY>NSF</AGENCY>
<AwardEffectiveDate>07/01/2022</AwardEffectiveDate>
<AwardExpirationDate>06/30/2025</AwardExpirationDate>
<AwardTotalIntnAmount>162012.00</AwardTotalIntnAmount>
<AwardAmount>162012</AwardAmount>
<AwardInstrument>
<Value>Standard Grant</Value>
</AwardInstrument>
<Organization>
<Code>03040000</Code>
<Directorate>
<Abbreviation>MPS</Abbreviation>
<LongName>Direct For Mathematical &amp; Physical Scien</LongName>
</Directorate>
<Division>
<Abbreviation>DMS</Abbreviation>
<LongName>Division Of Mathematical Sciences</LongName>
</Division>
</Organization>
<ProgramOfficer>
<SignBlockName>Adriana Salerno</SignBlockName>
<PO_EMAI>asalerno@nsf.gov</PO_EMAI>
<PO_PHON>7032922271</PO_PHON>
</ProgramOfficer>
<AbstractNarration>Dynamical techniques, in which the behavior of repeated iterations of a function is studied, recently have been employed in understanding number-theoretic questions. The goal of this project is to gain a deeper understanding of this fruitful interplay, now known as "arithmetic dynamics." In particular, the project will study the connections between the field of Diophantine geometry, which uses algebraic geometry to study rational solutions of polynomial equations, and the field of arithmetic dynamics. The PI will also organize seminars and workshops to inform junior researchers and attract students to the field.&lt;br/&gt;&lt;br/&gt;The research is inspired by the theme of "unlikely intersections" in arithmetic geometry, which predicts roughly that, in the absence of an underlying structural reason, arithmetic objects cannot intersect more than dimensional considerations suggest. The projects in this research originate from the Relative Bogomolov Conjecture (RBC) concerning the distribution of points of small height in subvarieties of abelian families. RBC is a generalization of the classical Manin-Mumford and Bogomolov conjectures and remains largely open. The PI and collaborators aim to develop techniques to: (1) study the distribution of linearly related points in subvarieties of families of abelian varieties; (2) prove dynamical analogues of RBC and establish uniformity in the dynamical Bogomolov conjecture; (3) investigate the growth of heights in families of rational maps along curves and study the relationship between these estimates and integrality properties of preperiodic points in families; and (4) prove, from a statistical viewpoint, effective versions of a conjecture on "uniform boundedness of rational preperiodic points" and others.&lt;br/&gt;&lt;br/&gt;This award reflects NSF's statutory mission and has been deemed worthy of support through evaluation using the Foundation's intellectual merit and broader impacts review criteria.</AbstractNarration>
<MinAmdLetterDate>04/08/2022</MinAmdLetterDate>
<MaxAmdLetterDate>04/08/2022</MaxAmdLetterDate>
<ARRAAmount/>
<TRAN_TYPE>Grant</TRAN_TYPE>
<CFDA_NUM>47.049</CFDA_NUM>
<NSF_PAR_USE_FLAG>1</NSF_PAR_USE_FLAG>
<FUND_AGCY_CODE>4900</FUND_AGCY_CODE>
<AWDG_AGCY_CODE>4900</AWDG_AGCY_CODE>
<AwardID>2200981</AwardID>
<Investigator>
<FirstName>Niki Myrto</FirstName>
<LastName>Mavraki</LastName>
<PI_MID_INIT/>
<PI_SUFX_NAME/>
<PI_FULL_NAME>Niki Myrto Mavraki</PI_FULL_NAME>
<EmailAddress>mavraki@math.harvard.edu</EmailAddress>
<PI_PHON>6176429191</PI_PHON>
<NSF_ID>000864979</NSF_ID>
<StartDate>04/08/2022</StartDate>
<EndDate/>
<RoleCode>Principal Investigator</RoleCode>
</Investigator>
<Institution>
<Name>Harvard University</Name>
<CityName>CAMBRIDGE</CityName>
<ZipCode>021385369</ZipCode>
<PhoneNumber>6174955501</PhoneNumber>
<StreetAddress>1033 MASSACHUSETTS AVE 5TH FL</StreetAddress>
<StreetAddress2/>
<CountryName>United States</CountryName>
<StateName>Massachusetts</StateName>
<StateCode>MA</StateCode>
<CONGRESSDISTRICT>05</CONGRESSDISTRICT>
<CONGRESS_DISTRICT_ORG>MA05</CONGRESS_DISTRICT_ORG>
<ORG_UEI_NUM>LN53LCFJFL45</ORG_UEI_NUM>
<ORG_LGL_BUS_NAME>PRESIDENT AND FELLOWS OF HARVARD COLLEGE</ORG_LGL_BUS_NAME>
<ORG_PRNT_UEI_NUM>ML98SNHE8XL1</ORG_PRNT_UEI_NUM>
</Institution>
<Performance_Institution>
<Name><![CDATA[Harvard University]]></Name>
<CityName/>
<StateCode>MA</StateCode>
<ZipCode>021385369</ZipCode>
<StreetAddress/>
<CountryCode>US</CountryCode>
<CountryName>United States</CountryName>
<StateName>Massachusetts</StateName>
<CountryFlag>1</CountryFlag>
<CONGRESSDISTRICT>05</CONGRESSDISTRICT>
<CONGRESS_DISTRICT_PERF>MA05</CONGRESS_DISTRICT_PERF>
</Performance_Institution>
<ProgramElement>
<Code>1264</Code>
<Text>ALGEBRA,NUMBER THEORY,AND COM</Text>
</ProgramElement>
<FUND_OBLG>2022~162012</FUND_OBLG>
</Award>
</rootTag>
