<?xml version="1.0" encoding="UTF-8"?>
<rootTag>
<Award>
<AwardTitle><![CDATA[Geometric and Arithmetic Langlands Program]]></AwardTitle>
<AGENCY>NSF</AGENCY>
<AwardEffectiveDate>08/01/2022</AwardEffectiveDate>
<AwardExpirationDate>07/31/2027</AwardExpirationDate>
<AwardTotalIntnAmount>565000.00</AwardTotalIntnAmount>
<AwardAmount>106021</AwardAmount>
<AwardInstrument>
<Value>Continuing Grant</Value>
</AwardInstrument>
<Organization>
<Code>03040000</Code>
<Directorate>
<Abbreviation>MPS</Abbreviation>
<LongName>Direct For Mathematical &amp; Physical Scien</LongName>
</Directorate>
<Division>
<Abbreviation>DMS</Abbreviation>
<LongName>Division Of Mathematical Sciences</LongName>
</Division>
</Organization>
<ProgramOfficer>
<SignBlockName>Adriana Salerno</SignBlockName>
<PO_EMAI>asalerno@nsf.gov</PO_EMAI>
<PO_PHON>7032922271</PO_PHON>
</ProgramOfficer>
<AbstractNarration><![CDATA[The Langlands program is a mathematical framework that unifies questions in many different areas of mathematics, especially number theory and linear algebra. The traditional arithmetic Langlands program has been studied for more than fifty years, and this research has resulted in significant applications to solving classical Diophantine equations, for example, the proof of Fermat's last theorem. The geometric Langlands program, which is relatively new, is under rapid development thanks to powerful tools from algebraic geometry. In this project, the investigator will explore connections between these two different facets of the Langlands program by applying geometric methods to study arithmetic topics. This award supports research training for graduate students. &lt;br/&gt;&lt;br/&gt;In more detail, this is a project to study various geometric and arithmetic aspects of the Langlands program. The investigator will attack his recent own conjectures related to the local and global Langlands correspondences. Along the way, he will develop necessary ingredients in both geometric Langlands and in number theory, such as the tame version of local geometric Langlands correspondence and the construction/study of moduli spaces of global Galois representations. The investigator will also apply the newly developed methods and tools to the study of concrete questions in representation theory and arithmetic geometry.&lt;br/&gt;&lt;br/&gt;This award reflects NSF's statutory mission and has been deemed worthy of support through evaluation using the Foundation's intellectual merit and broader impacts review criteria.]]></AbstractNarration>
<MinAmdLetterDate>06/08/2022</MinAmdLetterDate>
<MaxAmdLetterDate>06/08/2022</MaxAmdLetterDate>
<ARRAAmount/>
<TRAN_TYPE>Grant</TRAN_TYPE>
<CFDA_NUM>47.049</CFDA_NUM>
<NSF_PAR_USE_FLAG>1</NSF_PAR_USE_FLAG>
<FUND_AGCY_CODE>4900</FUND_AGCY_CODE>
<AWDG_AGCY_CODE>4900</AWDG_AGCY_CODE>
<AwardID>2200940</AwardID>
<Investigator>
<FirstName>Xinwen</FirstName>
<LastName>Zhu</LastName>
<PI_MID_INIT/>
<PI_SUFX_NAME/>
<PI_FULL_NAME>Xinwen Zhu</PI_FULL_NAME>
<EmailAddress><![CDATA[xinwen.zhu.math@gmail.com]]></EmailAddress>
<NSF_ID>000545315</NSF_ID>
<StartDate>06/08/2022</StartDate>
<EndDate/>
<RoleCode>Principal Investigator</RoleCode>
</Investigator>
<Institution>
<Name>Stanford University</Name>
<CityName>Stanford</CityName>
<ZipCode>943052004</ZipCode>
<PhoneNumber>6507232300</PhoneNumber>
<StreetAddress>450 Jane Stanford Way</StreetAddress>
<StreetAddress2/>
<CountryName>United States</CountryName>
<StateName>California</StateName>
<StateCode>CA</StateCode>
<CONGRESSDISTRICT>18</CONGRESSDISTRICT>
<CONGRESS_DISTRICT_ORG>CA18</CONGRESS_DISTRICT_ORG>
<ORG_UEI_NUM>HJD6G4D6TJY5</ORG_UEI_NUM>
<ORG_LGL_BUS_NAME>LELAND STANFORD JUNIOR UNIVERSITY, THE</ORG_LGL_BUS_NAME>
<ORG_PRNT_UEI_NUM>HJD6G4D6TJY5</ORG_PRNT_UEI_NUM>
</Institution>
<Performance_Institution>
<Name><![CDATA[Stanford University]]></Name>
<CityName/>
<StateCode>CA</StateCode>
<ZipCode>911250600</ZipCode>
<StreetAddress/>
<CountryCode>US</CountryCode>
<CountryName>United States</CountryName>
<StateName>California</StateName>
<CountryFlag>1</CountryFlag>
<CONGRESSDISTRICT>27</CONGRESSDISTRICT>
<CONGRESS_DISTRICT_PERF>CA27</CONGRESS_DISTRICT_PERF>
</Performance_Institution>
<ProgramElement>
<Code>1264</Code>
<Text>ALGEBRA,NUMBER THEORY,AND COM</Text>
</ProgramElement>
<FUND_OBLG>2022~106021</FUND_OBLG>
</Award>
</rootTag>
