<?xml version="1.0" encoding="UTF-8"?>
<rootTag>
<Award>
<AwardTitle>Research Initiation Award: Designing Synthetic Polyglycidol-based Polymeric Networks to Influence Cellular Behavior</AwardTitle>
<AGENCY>NSF</AGENCY>
<AwardEffectiveDate>06/01/2022</AwardEffectiveDate>
<AwardExpirationDate>05/31/2025</AwardExpirationDate>
<AwardTotalIntnAmount>299997.00</AwardTotalIntnAmount>
<AwardAmount>299997</AwardAmount>
<AwardInstrument>
<Value>Standard Grant</Value>
</AwardInstrument>
<Organization>
<Code>11060000</Code>
<Directorate>
<Abbreviation>EHR</Abbreviation>
<LongName>Direct For Education and Human Resources</LongName>
</Directorate>
<Division>
<Abbreviation>HRD</Abbreviation>
<LongName>Division Of Human Resource Development</LongName>
</Division>
</Organization>
<ProgramOfficer>
<SignBlockName>Tomasz Durakiewicz</SignBlockName>
<PO_EMAI>tdurakie@nsf.gov</PO_EMAI>
<PO_PHON>7032924892</PO_PHON>
</ProgramOfficer>
<AbstractNarration>Research Initiation Awards provide support for junior and mid-career faculty at Historically Black Colleges and Universities who are building new research programs or redirecting and rebuilding existing research programs. It is expected that the award helps to further the faculty member's research capability and effectiveness, improve research and teaching at the home institution, and involves undergraduate students in research experiences. The interdisciplinary research proposed at Fisk University has the potential to advance our understanding of the interactions between biological systems and polymeric materials. Additionally, this project involves undergraduate students from underrepresented minority groups in the Science Technology Engineering and Mathematics fields. The interdisciplinary nature of this research will provide integrated research training to undergraduate students from multiple backgrounds, thereby exposing them to the multidisciplinary nature of state-of-the art polymer chemistry research. The broader impact extends nationwide as student participation in this project will further prepare them for matriculation to top-ranked graduate degree programs and to careers in polymer science and engineering or related fields, thereby diversifying the nation’s Science Technology Engineering and Mathematics workforce.&lt;br/&gt;&lt;br/&gt;The strategic engineering of biochemical and biophysical properties into current hydrogel technologies has been met with limited success, due in part to the scarcity of functional biocompatible polymers and facile synthetic methodologies needed for the development of next-generation synthetic biomaterials. The goal of this research is to test the hypothesis that the chemical composition and network topology of polyglycidol-based hydrogels can be easily tuned to present multiple biophysical and biochemical cues simultaneously, which can then be used to regulate mesenchymal stem cells attachment, proliferation, and differentiation. To accomplish this goal, this project combines a selection of established synthetic protocols to produce a new facile methodology for the synthesis of topologically and compositionally unique polyglycidol-based hydrogels, unattainable with current poly(ethylene glycol)-based methodologies. The research team first investigates the influence of crosslink kinetics, network topology, and composition on the viscoelastic properties of the hydrogel network, then access the behavior of mesenchymal stem cells when incorporated into these polymeric networks, as a function of polymer topology and composition, using molecular and cell biology approaches. This approach allows the research team to establish structure-property-activity relationships between the biochemical and biophysical properties of the polymeric network and cellular responses. The facile modification of polyether-based networks to include multiple biophysical and biochemical properties represents a significant advance towards designing cell-scaffolds that can be used to gain fundamental understanding of the synergistic effects of these properties on cellular behavior, advancing the knowledge needed to influence cellular processes with synthetic materials.&lt;br/&gt;&lt;br/&gt;This award reflects NSF's statutory mission and has been deemed worthy of support through evaluation using the Foundation's intellectual merit and broader impacts review criteria.</AbstractNarration>
<MinAmdLetterDate>05/02/2022</MinAmdLetterDate>
<MaxAmdLetterDate>05/02/2022</MaxAmdLetterDate>
<ARRAAmount/>
<TRAN_TYPE>Grant</TRAN_TYPE>
<CFDA_NUM>47.076</CFDA_NUM>
<NSF_PAR_USE_FLAG>1</NSF_PAR_USE_FLAG>
<FUND_AGCY_CODE>4900</FUND_AGCY_CODE>
<AWDG_AGCY_CODE>4900</AWDG_AGCY_CODE>
<AwardID>2200484</AwardID>
<Investigator>
<FirstName>Dain</FirstName>
<LastName>Beezer</LastName>
<PI_MID_INIT>B</PI_MID_INIT>
<PI_SUFX_NAME/>
<PI_FULL_NAME>Dain B Beezer</PI_FULL_NAME>
<EmailAddress>dbeezer@fisk.edu</EmailAddress>
<PI_PHON>6154001100</PI_PHON>
<NSF_ID>000834113</NSF_ID>
<StartDate>05/02/2022</StartDate>
<EndDate/>
<RoleCode>Principal Investigator</RoleCode>
</Investigator>
<Institution>
<Name>Fisk University</Name>
<CityName>NASHVILLE</CityName>
<ZipCode>372083045</ZipCode>
<PhoneNumber>6153298809</PhoneNumber>
<StreetAddress>1000 17TH AVENUE NORTH</StreetAddress>
<StreetAddress2/>
<CountryName>United States</CountryName>
<StateName>Tennessee</StateName>
<StateCode>TN</StateCode>
<CONGRESSDISTRICT>05</CONGRESSDISTRICT>
<CONGRESS_DISTRICT_ORG>TN05</CONGRESS_DISTRICT_ORG>
<ORG_UEI_NUM>DRC6S9KLNLH1</ORG_UEI_NUM>
<ORG_LGL_BUS_NAME>FISK UNIVERSITY</ORG_LGL_BUS_NAME>
<ORG_PRNT_UEI_NUM>DRC6S9KLNLH1</ORG_PRNT_UEI_NUM>
</Institution>
<Performance_Institution>
<Name><![CDATA[Fisk University]]></Name>
<CityName/>
<StateCode>TN</StateCode>
<ZipCode>372083045</ZipCode>
<StreetAddress/>
<CountryCode>US</CountryCode>
<CountryName>United States</CountryName>
<StateName>Tennessee</StateName>
<CountryFlag>1</CountryFlag>
<CONGRESSDISTRICT>05</CONGRESSDISTRICT>
<CONGRESS_DISTRICT_PERF>TN05</CONGRESS_DISTRICT_PERF>
</Performance_Institution>
<ProgramElement>
<Code>1594</Code>
<Text>Hist Black Colleges and Univ</Text>
</ProgramElement>
<ProgramReference>
<Code>9178</Code>
<Text>UNDERGRADUATE EDUCATION</Text>
</ProgramReference>
<FUND_OBLG>2022~299997</FUND_OBLG>
</Award>
</rootTag>
