<?xml version="1.0" encoding="UTF-8"?>
<rootTag>
<Award>
<AwardTitle>Sentinels: Living-Tissue for Doppler Detection of Emerging Microbial Threats</AwardTitle>
<AGENCY>NSF</AGENCY>
<AwardEffectiveDate>09/01/2022</AwardEffectiveDate>
<AwardExpirationDate>08/31/2025</AwardExpirationDate>
<AwardTotalIntnAmount>496377.00</AwardTotalIntnAmount>
<AwardAmount>496377</AwardAmount>
<AwardInstrument>
<Value>Standard Grant</Value>
</AwardInstrument>
<Organization>
<Code>07020000</Code>
<Directorate>
<Abbreviation>ENG</Abbreviation>
<LongName>Directorate For Engineering</LongName>
</Directorate>
<Division>
<Abbreviation>CBET</Abbreviation>
<LongName>Div Of Chem, Bioeng, Env, &amp; Transp Sys</LongName>
</Division>
</Organization>
<ProgramOfficer>
<SignBlockName>Aleksandr Simonian</SignBlockName>
<PO_EMAI>asimonia@nsf.gov</PO_EMAI>
<PO_PHON>7032922191</PO_PHON>
</ProgramOfficer>
<AbstractNarration>Antibiotic resistance may soon make common antibiotics ineffective, and there is a pressing need to find new-generation antimicrobial therapies. A novel approach to test antimicrobial drugs is to measure the effect of the drug on the microbes within living cells. Light reflected by small collections of living cells can sense when the cells are infected with microbes because the infection changes how the internal cellular machinery works. The use of natural intracellular motions in cell clusters that act as “sentinels” is an unprecedented new approach to detecting microbes. To further educational goals, the effect of cellular motion on reflected light will be easily demonstrated to high-school students using simple laser pointers and cell phone cameras.&lt;br/&gt;&lt;br/&gt;To improve the discovery of new antimicrobial compounds, a new physics-based optical screening technology will be developed to fill this need.  Biodynamic Doppler profiling (BDP) performs Doppler spectroscopy of intracellular motions inside living tissue using low-coherence digital holography.  It is a sensitive probe of the subtle changes of cellular dynamics caused by drugs or infections inside tissue.  Biodynamic profiling has already been used to predict the response of cancer patients to chemotherapy by applying cancer drugs on living ex vivo biopsies.  In this project the team will develop Doppler detection of bacterial infection of living-tissue sentinels.  The premise of living-tissue sentinels is that the sentinel behavior is modified by early infection before the bacteria can be characterized directly themselves.  In the proposed research, biodynamic profiling of microbial invasion will be extended along several lines by: 1) enhancing the sensitivity of the sentinels to detect lower-level bacterial infections; 2) assembling a library of sentinel response functions to microbial infection; 3) performing quantitative assays of antibiotic resistance; 4) demonstrating the first detection of viral infections of tissue sentinels, and 5) developing new deep-learning algorithms to classify pathogenicity and predict therapeutic efficacy.  The outreach objective is to enlist undergraduates in the research experience, including under-represented groups in research, and developing hands-on intracellular motility imaging experiments for grades 7-12.&lt;br/&gt;&lt;br/&gt;This award reflects NSF's statutory mission and has been deemed worthy of support through evaluation using the Foundation's intellectual merit and broader impacts review criteria.</AbstractNarration>
<MinAmdLetterDate>04/15/2022</MinAmdLetterDate>
<MaxAmdLetterDate>04/15/2022</MaxAmdLetterDate>
<ARRAAmount/>
<TRAN_TYPE>Grant</TRAN_TYPE>
<CFDA_NUM>47.041, 47.074</CFDA_NUM>
<NSF_PAR_USE_FLAG>1</NSF_PAR_USE_FLAG>
<FUND_AGCY_CODE>4900</FUND_AGCY_CODE>
<AWDG_AGCY_CODE>4900</AWDG_AGCY_CODE>
<AwardID>2200186</AwardID>
<Investigator>
<FirstName>Michael</FirstName>
<LastName>Ladisch</LastName>
<PI_MID_INIT>R</PI_MID_INIT>
<PI_SUFX_NAME/>
<PI_FULL_NAME>Michael R Ladisch</PI_FULL_NAME>
<EmailAddress>ladisch@purdue.edu</EmailAddress>
<PI_PHON>7654947022</PI_PHON>
<NSF_ID>000207619</NSF_ID>
<StartDate>04/15/2022</StartDate>
<EndDate/>
<RoleCode>Co-Principal Investigator</RoleCode>
</Investigator>
<Investigator>
<FirstName>David</FirstName>
<LastName>Nolte</LastName>
<PI_MID_INIT>D</PI_MID_INIT>
<PI_SUFX_NAME/>
<PI_FULL_NAME>David D Nolte</PI_FULL_NAME>
<EmailAddress>nolte@purdue.edu</EmailAddress>
<PI_PHON>7654943013</PI_PHON>
<NSF_ID>000283302</NSF_ID>
<StartDate>04/15/2022</StartDate>
<EndDate/>
<RoleCode>Principal Investigator</RoleCode>
</Investigator>
<Investigator>
<FirstName>John</FirstName>
<LastName>Turek</LastName>
<PI_MID_INIT>J</PI_MID_INIT>
<PI_SUFX_NAME/>
<PI_FULL_NAME>John J Turek</PI_FULL_NAME>
<EmailAddress>turekj@purdue.edu</EmailAddress>
<PI_PHON>7654945854</PI_PHON>
<NSF_ID>000305172</NSF_ID>
<StartDate>04/15/2022</StartDate>
<EndDate/>
<RoleCode>Co-Principal Investigator</RoleCode>
</Investigator>
<Institution>
<Name>Purdue University</Name>
<CityName>WEST LAFAYETTE</CityName>
<ZipCode>479061332</ZipCode>
<PhoneNumber>7654941055</PhoneNumber>
<StreetAddress>2550 NORTHWESTERN AVE STE 1900</StreetAddress>
<StreetAddress2/>
<CountryName>United States</CountryName>
<StateName>Indiana</StateName>
<StateCode>IN</StateCode>
<CONGRESSDISTRICT>04</CONGRESSDISTRICT>
<CONGRESS_DISTRICT_ORG>IN04</CONGRESS_DISTRICT_ORG>
<ORG_UEI_NUM>YRXVL4JYCEF5</ORG_UEI_NUM>
<ORG_LGL_BUS_NAME>PURDUE UNIVERSITY</ORG_LGL_BUS_NAME>
<ORG_PRNT_UEI_NUM>YRXVL4JYCEF5</ORG_PRNT_UEI_NUM>
</Institution>
<Performance_Institution>
<Name><![CDATA[Purdue University]]></Name>
<CityName>West Lafayette</CityName>
<StateCode>IN</StateCode>
<ZipCode>479072114</ZipCode>
<StreetAddress><![CDATA[Young Hall]]></StreetAddress>
<CountryCode>US</CountryCode>
<CountryName>United States</CountryName>
<StateName>Indiana</StateName>
<CountryFlag>1</CountryFlag>
<CONGRESSDISTRICT>04</CONGRESSDISTRICT>
<CONGRESS_DISTRICT_PERF>IN04</CONGRESS_DISTRICT_PERF>
</Performance_Institution>
<ProgramElement>
<Code>7909</Code>
<Text>BIOSENS-Biosensing</Text>
</ProgramElement>
<ProgramElement>
<Code>8011</Code>
<Text>Systems and Synthetic Biology</Text>
</ProgramElement>
<ProgramReference>
<Code>7234</Code>
<Text>SENSORS NON-SOLICITATION RESEA</Text>
</ProgramReference>
<ProgramReference>
<Code>7465</Code>
<Text>NANOSCALE BIO CORE</Text>
</ProgramReference>
<FUND_OBLG>2022~496377</FUND_OBLG>
</Award>
</rootTag>
