<?xml version="1.0" encoding="UTF-8"?>
<rootTag>
<Award>
<AwardTitle><![CDATA[A proposal to Support the Talent Development and Innovation in Sciences (TDIS) Internship Program]]></AwardTitle>
<AGENCY>NSF</AGENCY>
<AwardEffectiveDate>02/01/2022</AwardEffectiveDate>
<AwardExpirationDate>01/31/2025</AwardExpirationDate>
<AwardTotalIntnAmount>726219.00</AwardTotalIntnAmount>
<AwardAmount>242073</AwardAmount>
<AwardInstrument>
<Value>Continuing Grant</Value>
</AwardInstrument>
<Organization>
<Code>01060400</Code>
<Directorate>
<Abbreviation>O/D</Abbreviation>
<LongName>Office Of The Director</LongName>
</Directorate>
<Division>
<Abbreviation>OIA</Abbreviation>
<LongName>OIA-Office of Integrative Activities</LongName>
</Division>
</Organization>
<ProgramOfficer>
<SignBlockName>Judith Pugh</SignBlockName>
<PO_EMAI>gpugh@nsf.gov</PO_EMAI>
<PO_PHON>7032927589</PO_PHON>
</ProgramOfficer>
<AbstractNarration><![CDATA[The Quality Education for Minorities (QEM) Network, a non-profit organization, has been instrumental in serving as a catalyst to improve the education of under-represented groups, particularly in science, technology, engineering, and mathematics (STEM). This project supports the QEM Talent Development and Innovation in Sciences (TDIS) Internship Program in providing a research-focused professional development initiative that places students at the National Science Foundation as a mechanism to stimulate and support the development of the next-generation STEM workforce through career exposure and mentoring/guidance for underrepresented STEM degree-seeking undergraduate and graduate students. Interns, representing diverse institutions, are exposed to a range of professional development activities that have direct benefits to them professionally, as well as indirect benefits to their home institutions and campus-based peers. The internship program provides personal and professional skills development to facilitate the interns’ successful pursuit of STEM-focused advanced degrees and careers. This human capacity building endeavor will help train a diverse, engaged, and globally competitive STEM workforce prepared to meet future challenges through discovery and innovation.&lt;br/&gt;&lt;br/&gt;The TDIS internship opportunity leverages and expands the interns' prior learning from school with new experiences from NSF training and mentoring, as well as QEM professional development engagements. Interns further develop their research skills; strengthen their awareness and knowledge of programs, policies, and issues that affect the quality of STEM education, particularly in low-income communities; and sharpen their awareness of general STEM-focused policies, legislation, and programs. Interns benefit from opportunities to engage in research and data analysis; expand their knowledge of graduate school and STEM career preparation; and gain effective networking as well as communications (writing, public speaking, and computer) skills. The program builds on over 30 years of success employing strategies that make the program valuable including the use of technology and leveraging relationships with key stakeholders that make the summer experience more relevant to 21st Century students' professional growth.&lt;br/&gt;&lt;br/&gt;This award reflects NSF's statutory mission and has been deemed worthy of support through evaluation using the Foundation's intellectual merit and broader impacts review criteria.]]></AbstractNarration>
<MinAmdLetterDate>01/25/2022</MinAmdLetterDate>
<MaxAmdLetterDate>01/25/2022</MaxAmdLetterDate>
<ARRAAmount/>
<TRAN_TYPE>Grant</TRAN_TYPE>
<CFDA_NUM>47.083</CFDA_NUM>
<NSF_PAR_USE_FLAG>1</NSF_PAR_USE_FLAG>
<FUND_AGCY_CODE>4900</FUND_AGCY_CODE>
<AWDG_AGCY_CODE>4900</AWDG_AGCY_CODE>
<AwardID>2200451</AwardID>
<Investigator>
<FirstName>Erin</FirstName>
<LastName>Lynch</LastName>
<PI_MID_INIT/>
<PI_SUFX_NAME/>
<PI_FULL_NAME>Erin Lynch</PI_FULL_NAME>
<EmailAddress><![CDATA[elynch@qem.org]]></EmailAddress>
<NSF_ID>000721107</NSF_ID>
<StartDate>01/25/2022</StartDate>
<EndDate/>
<RoleCode>Principal Investigator</RoleCode>
</Investigator>
<Institution>
<Name>QUALITY EDUCATION FOR MINORITIES NETWORK</Name>
<CityName>WASHINGTON</CityName>
<ZipCode>200362493</ZipCode>
<PhoneNumber>2026591818</PhoneNumber>
<StreetAddress>1818 N ST NW STE 350</StreetAddress>
<StreetAddress2/>
<CountryName>United States</CountryName>
<StateName>District of Columbia</StateName>
<StateCode>DC</StateCode>
<CONGRESSDISTRICT>00</CONGRESSDISTRICT>
<CONGRESS_DISTRICT_ORG>DC00</CONGRESS_DISTRICT_ORG>
<ORG_UEI_NUM>M1LSMGM4J768</ORG_UEI_NUM>
<ORG_LGL_BUS_NAME>QUALITY EDUCATION FOR MINORITIES NETWORK (INC)</ORG_LGL_BUS_NAME>
<ORG_PRNT_UEI_NUM/>
</Institution>
<Performance_Institution>
<Name><![CDATA[QUALITY EDUCATION FOR MINORITIES NETWORK]]></Name>
<CityName>Washington</CityName>
<StateCode>DC</StateCode>
<ZipCode>200362406</ZipCode>
<StreetAddress><![CDATA[1818 N Street]]></StreetAddress>
<CountryCode>US</CountryCode>
<CountryName>United States</CountryName>
<StateName>District of Columbia</StateName>
<CountryFlag>1</CountryFlag>
<CONGRESSDISTRICT>00</CONGRESSDISTRICT>
<CONGRESS_DISTRICT_PERF>DC00</CONGRESS_DISTRICT_PERF>
</Performance_Institution>
<ProgramElement>
<Code>053Y</Code>
<Text>SSIP-Summer Scholars Internshi</Text>
</ProgramElement>
<FUND_OBLG>2022~242073</FUND_OBLG>
</Award>
</rootTag>
