<?xml version="1.0" encoding="UTF-8"?>
<rootTag>
<Award>
<AwardTitle>Excellence in Research: Lanthanide doped nanoparticles for sensitive photodetectors of short-wave radiation</AwardTitle>
<AGENCY>NSF</AGENCY>
<AwardEffectiveDate>06/01/2022</AwardEffectiveDate>
<AwardExpirationDate>05/31/2025</AwardExpirationDate>
<AwardTotalIntnAmount>385588.00</AwardTotalIntnAmount>
<AwardAmount>385588</AwardAmount>
<AwardInstrument>
<Value>Standard Grant</Value>
</AwardInstrument>
<Organization>
<Code>03070000</Code>
<Directorate>
<Abbreviation>MPS</Abbreviation>
<LongName>Direct For Mathematical &amp; Physical Scien</LongName>
</Directorate>
<Division>
<Abbreviation>DMR</Abbreviation>
<LongName>Division Of Materials Research</LongName>
</Division>
</Organization>
<ProgramOfficer>
<SignBlockName>Paul Lane</SignBlockName>
<PO_EMAI>plane@nsf.gov</PO_EMAI>
<PO_PHON>7032922453</PO_PHON>
</ProgramOfficer>
<AbstractNarration>Nontechnical&lt;br/&gt;Compact, rugged, and sensitive detectors of short wavelength radiation (ultraviolet and X-rays) are critical to advance a variety of applications, including imaging, monitoring atmospheric gases, medical applications, and and homeland security. Existing UV detectors use vacuum photomultiplier tubes, which are neither rugged nor durable, whereas compact and rugged photodiodes are blind to UV and X-rays. This research project addresses this need by focusing on lanthanide-doped perovskite nanoparticles that capture UV and X-ray photons and convert them into easily-detected visible and near infrared photons. The combination of lanthanide-doped perovskite nanoparticles with silicon avalanche photodetectors is expected to work as sensitive short-wavelength photodetectors capable of sensing a few photons with a speed as high as one photon in 10 nanoseconds. Engaging and retaining women and underrepresented minorities (URMs) in the sciences is a systemic challenge the team addresses through a variety of complementary efforts. The project encompasses pre-college outreach programs targeting K-12 students and the broader community, fostering exposure and excitement about the science conducted. Undergraduates will obtain research experience preparing them for graduate school through a set of initiatives, especially focusing on URM students.&lt;br/&gt;&lt;br/&gt;Technical&lt;br/&gt;The project aims to develop lanthanide-doped metal halide perovskite nanocrystals capable of serving as efficient scintillators that down-convert short wavelength (SWL) radiation to visible and near-IR radiation and enable sensitive detection of SWL radiation by compact and rugged means. The primary goal of the project is to investigate the feasibility of the approach based on integrating such scintillators with silicon avalance photodiodes (APDs) and to demonstrate functioning of the proposed sensitive SWL photodetector. The technical objectives are to synthesize and characterize perovskite nanoparticles doped with lanthanides, integrate nanocomposite films into SWL photodetectors. The project will provide guidance and training for female and underrepresented minority undergraduate students through their participation in the project. Efficient down conversion will be acehived due to the excellent ability of perovskite nanoparticles to capture UV and X-ray photons, and transfer radiationlessly the energy of their exciton states to the embedded Ln ions that re-emit in visible and NIR. Strong scintillation induced by X-rays will be due to short stopping range of the X-ray photons resulting from combined action of lead and lanthanide ions. The plan for conducting the proposed activities includes all the steps from synthesis of the NPs to integration with silicon APDs and testing the SWL sensors under exposure to UV and X-ray sources. The plan rationale is based on the approaches presented in the literature and from the PI’s own research.&lt;br/&gt;&lt;br/&gt;This award reflects NSF's statutory mission and has been deemed worthy of support through evaluation using the Foundation's intellectual merit and broader impacts review criteria.</AbstractNarration>
<MinAmdLetterDate>05/12/2022</MinAmdLetterDate>
<MaxAmdLetterDate>05/12/2022</MaxAmdLetterDate>
<ARRAAmount/>
<TRAN_TYPE>Grant</TRAN_TYPE>
<CFDA_NUM>47.083</CFDA_NUM>
<NSF_PAR_USE_FLAG>1</NSF_PAR_USE_FLAG>
<FUND_AGCY_CODE>4900</FUND_AGCY_CODE>
<AWDG_AGCY_CODE>4900</AWDG_AGCY_CODE>
<AwardID>2200426</AwardID>
<Investigator>
<FirstName>Darayas</FirstName>
<LastName>Patel</LastName>
<PI_MID_INIT>N</PI_MID_INIT>
<PI_SUFX_NAME>Dr.</PI_SUFX_NAME>
<PI_FULL_NAME>Darayas N Patel</PI_FULL_NAME>
<EmailAddress>dpatel@oakwood.edu</EmailAddress>
<PI_PHON>2567267558</PI_PHON>
<NSF_ID>000481962</NSF_ID>
<StartDate>05/12/2022</StartDate>
<EndDate/>
<RoleCode>Principal Investigator</RoleCode>
</Investigator>
<Institution>
<Name>Oakwood College</Name>
<CityName>HUNTSVILLE</CityName>
<ZipCode>358960001</ZipCode>
<PhoneNumber>2567267000</PhoneNumber>
<StreetAddress>7000 ADVENTIST BLVD NW</StreetAddress>
<StreetAddress2/>
<CountryName>United States</CountryName>
<StateName>Alabama</StateName>
<StateCode>AL</StateCode>
<CONGRESSDISTRICT>05</CONGRESSDISTRICT>
<CONGRESS_DISTRICT_ORG>AL05</CONGRESS_DISTRICT_ORG>
<ORG_UEI_NUM>Z12GHW4MWNG8</ORG_UEI_NUM>
<ORG_LGL_BUS_NAME>OAKWOOD UNIVERSITY, INC.</ORG_LGL_BUS_NAME>
<ORG_PRNT_UEI_NUM>Z12GHW4MWNG8</ORG_PRNT_UEI_NUM>
</Institution>
<Performance_Institution>
<Name><![CDATA[Oakwood College]]></Name>
<CityName>Huntsville</CityName>
<StateCode>AL</StateCode>
<ZipCode>358960001</ZipCode>
<StreetAddress><![CDATA[7000 Adventist Blvd.]]></StreetAddress>
<CountryCode>US</CountryCode>
<CountryName>United States</CountryName>
<StateName>Alabama</StateName>
<CountryFlag>1</CountryFlag>
<CONGRESSDISTRICT>05</CONGRESSDISTRICT>
<CONGRESS_DISTRICT_PERF>AL05</CONGRESS_DISTRICT_PERF>
</Performance_Institution>
<ProgramElement>
<Code>070Y</Code>
<Text>HBCU-EiR - HBCU-Excellence in</Text>
</ProgramElement>
<ProgramReference>
<Code>106Z</Code>
<Text>Semiconductors and Microelectronics</Text>
</ProgramReference>
<ProgramReference>
<Code>7237</Code>
<Text>NANO NON-SOLIC SCI &amp; ENG AWD</Text>
</ProgramReference>
<ProgramReference>
<Code>8614</Code>
<Text>Nanomaterials</Text>
</ProgramReference>
<ProgramReference>
<Code>8990</Code>
<Text>Optics and Photonics</Text>
</ProgramReference>
<ProgramReference>
<Code>9150</Code>
<Text>EXP PROG TO STIM COMP RES</Text>
</ProgramReference>
<FUND_OBLG>2022~385588</FUND_OBLG>
</Award>
</rootTag>
