<?xml version="1.0" encoding="UTF-8"?>
<rootTag>
<Award>
<AwardTitle>Fifty Years of Number Theory and Random Matrix Theory</AwardTitle>
<AGENCY>NSF</AGENCY>
<AwardEffectiveDate>04/01/2022</AwardEffectiveDate>
<AwardExpirationDate>03/31/2023</AwardExpirationDate>
<AwardTotalIntnAmount>49996.00</AwardTotalIntnAmount>
<AwardAmount>49996</AwardAmount>
<AwardInstrument>
<Value>Standard Grant</Value>
</AwardInstrument>
<Organization>
<Code>03040000</Code>
<Directorate>
<Abbreviation>MPS</Abbreviation>
<LongName>Direct For Mathematical &amp; Physical Scien</LongName>
</Directorate>
<Division>
<Abbreviation>DMS</Abbreviation>
<LongName>Division Of Mathematical Sciences</LongName>
</Division>
</Organization>
<ProgramOfficer>
<SignBlockName>Andrew Pollington</SignBlockName>
<PO_EMAI>adpollin@nsf.gov</PO_EMAI>
<PO_PHON>7032924878</PO_PHON>
</ProgramOfficer>
<AbstractNarration>This award provides partial support for attendees at "50 Years of Number Theory and Random Matrix Theory Conference," which will take place at the Institute for Advanced Study on June 21-24, 2022. This conference will bring together people from two different areas: Number Theory and Random Matrix theory to discuss the ideas that are relevant to both fields. In the last 50 years there has been a large body of compelling work that uses Random Matrix Theory and gets to the very heart of some of the most important problems in Number Theory. The conference will give a historical perspective but will also be very forward looking in its emphasis on contemporary research.  The award will support about 30 participants with an emphasis on supporting early career researchers as well as  members of under-represented groups. The talks will be streamed and recorded so that they can be available to a wide audience.&lt;br/&gt;&lt;br/&gt;&lt;br/&gt;Mathematicians  realized 50 years ago that the zeros of the Riemann zeta-function are distributed like the eigenvalues of large random Hermitian matrices with normally distributed entries. That discovery set things in motion, which in the past 20 years have really taken off. Learning how to use Random Matrix Theory as a model and guide to understanding the interesting arithmetic statistics of families of L-functions is indispensable for today's researcher. This conference will highlight some of the past achievements but will concentrate on current work, such as Paul Nelson's groundbreaking work on subconvexity for L-functions attached to automorphic forms on GL(n), that is paving the way for future work.&lt;br/&gt;&lt;br/&gt;The relevant website is https://www.ias.edu/math/events/50yntrmt&lt;br/&gt;&lt;br/&gt;This award reflects NSF's statutory mission and has been deemed worthy of support through evaluation using the Foundation's intellectual merit and broader impacts review criteria.</AbstractNarration>
<MinAmdLetterDate>03/25/2022</MinAmdLetterDate>
<MaxAmdLetterDate>03/25/2022</MaxAmdLetterDate>
<ARRAAmount/>
<TRAN_TYPE>Grant</TRAN_TYPE>
<CFDA_NUM>47.049</CFDA_NUM>
<NSF_PAR_USE_FLAG>1</NSF_PAR_USE_FLAG>
<FUND_AGCY_CODE>4900</FUND_AGCY_CODE>
<AWDG_AGCY_CODE>4900</AWDG_AGCY_CODE>
<AwardID>2200884</AwardID>
<Investigator>
<FirstName>J. Brian</FirstName>
<LastName>Conrey</LastName>
<PI_MID_INIT/>
<PI_SUFX_NAME/>
<PI_FULL_NAME>J. Brian Conrey</PI_FULL_NAME>
<EmailAddress>conrey@aimath.org</EmailAddress>
<PI_PHON>4083502088</PI_PHON>
<NSF_ID>000480810</NSF_ID>
<StartDate>03/25/2022</StartDate>
<EndDate/>
<RoleCode>Principal Investigator</RoleCode>
</Investigator>
<Institution>
<Name>American Institute of Mathematics</Name>
<CityName>SAN JOSE</CityName>
<ZipCode>951121006</ZipCode>
<PhoneNumber>4083502088</PhoneNumber>
<StreetAddress>600 E BROKAW RD</StreetAddress>
<StreetAddress2/>
<CountryName>United States</CountryName>
<StateName>California</StateName>
<StateCode>CA</StateCode>
<CONGRESSDISTRICT>17</CONGRESSDISTRICT>
<CONGRESS_DISTRICT_ORG>CA17</CONGRESS_DISTRICT_ORG>
<ORG_UEI_NUM>RP8CDDTJLA24</ORG_UEI_NUM>
<ORG_LGL_BUS_NAME>AMERICAN INST OF MATHEMATICS</ORG_LGL_BUS_NAME>
<ORG_PRNT_UEI_NUM/>
</Institution>
<Performance_Institution>
<Name><![CDATA[Institute for Advanced Study]]></Name>
<CityName>Princeton</CityName>
<StateCode>NJ</StateCode>
<ZipCode>085404907</ZipCode>
<StreetAddress/>
<CountryCode>US</CountryCode>
<CountryName>United States</CountryName>
<StateName>New Jersey</StateName>
<CountryFlag>1</CountryFlag>
<CONGRESSDISTRICT>12</CONGRESSDISTRICT>
<CONGRESS_DISTRICT_PERF>NJ12</CONGRESS_DISTRICT_PERF>
</Performance_Institution>
<ProgramElement>
<Code>1264</Code>
<Text>ALGEBRA,NUMBER THEORY,AND COM</Text>
</ProgramElement>
<ProgramReference>
<Code>7556</Code>
<Text>CONFERENCE AND WORKSHOPS</Text>
</ProgramReference>
<FUND_OBLG>2022~49996</FUND_OBLG>
</Award>
</rootTag>
