<?xml version="1.0" encoding="UTF-8"?>
<rootTag>
<Award>
<AwardTitle>Differential Geometry and Geometric Analysis Conference</AwardTitle>
<AGENCY>NSF</AGENCY>
<AwardEffectiveDate>05/01/2022</AwardEffectiveDate>
<AwardExpirationDate>04/30/2023</AwardExpirationDate>
<AwardTotalIntnAmount>29900.00</AwardTotalIntnAmount>
<AwardAmount>29900</AwardAmount>
<AwardInstrument>
<Value>Standard Grant</Value>
</AwardInstrument>
<Organization>
<Code>03040000</Code>
<Directorate>
<Abbreviation>MPS</Abbreviation>
<LongName>Direct For Mathematical &amp; Physical Scien</LongName>
</Directorate>
<Division>
<Abbreviation>DMS</Abbreviation>
<LongName>Division Of Mathematical Sciences</LongName>
</Division>
</Organization>
<ProgramOfficer>
<SignBlockName>Joanna Kania-Bartoszynska</SignBlockName>
<PO_EMAI>jkaniaba@nsf.gov</PO_EMAI>
<PO_PHON>7032924881</PO_PHON>
</ProgramOfficer>
<AbstractNarration>The conference "Differential Geometry and Geometric Analysis" will take place from June 20-24, 2022 in Florence, Italy. Geometric analysis has been very active in recent years, with numerous results resolving some old conjectures and producing new examples. The event will bring together world experts to discuss these recent developments and possible research directions motivated by the new techniques that were discovered. This grant will allow the organizers to support the travel and accommodation of graduate students and recent Ph.D. recipients from the US. The conference is meant to bring American, German, and Italian communities in differential geometry together and to promote international collaborations. It will also give an opportunity for younger mathematicians to interact with senior experts in the area in a relaxed environment.&lt;br/&gt;&lt;br/&gt;The organizers of the conference selected several topics in differential geometry that focus on the most recent developments. Among these are:&lt;br/&gt;• Manifolds with lower curvature bounds, including sectional and Ricci curvature&lt;br/&gt;• Metric spaces with synthetic notions of curvature below or above&lt;br/&gt;• Geometric flows, including Ricci flow and mean curvature flow&lt;br/&gt;• Special geometries, including Einstein metrics, soliton metrics, and metrics with special holonomy&lt;br/&gt;• Minimal hypersurfaces and solitons for the mean curvature flow&lt;br/&gt;All information about the conference will be available on the conference website: https://www.dma.unifi.it/~verdiani/dgga2022/&lt;br/&gt;&lt;br/&gt;This award reflects NSF's statutory mission and has been deemed worthy of support through evaluation using the Foundation's intellectual merit and broader impacts review criteria.</AbstractNarration>
<MinAmdLetterDate>04/27/2022</MinAmdLetterDate>
<MaxAmdLetterDate>04/27/2022</MaxAmdLetterDate>
<ARRAAmount/>
<TRAN_TYPE>Grant</TRAN_TYPE>
<CFDA_NUM>47.049</CFDA_NUM>
<NSF_PAR_USE_FLAG>1</NSF_PAR_USE_FLAG>
<FUND_AGCY_CODE>4900</FUND_AGCY_CODE>
<AWDG_AGCY_CODE>4900</AWDG_AGCY_CODE>
<AwardID>2200723</AwardID>
<Investigator>
<FirstName>Marco</FirstName>
<LastName>Radeschi</LastName>
<PI_MID_INIT/>
<PI_SUFX_NAME/>
<PI_FULL_NAME>Marco Radeschi</PI_FULL_NAME>
<EmailAddress>mradesch@nd.edu</EmailAddress>
<PI_PHON/>
<NSF_ID>000758323</NSF_ID>
<StartDate>04/27/2022</StartDate>
<EndDate/>
<RoleCode>Principal Investigator</RoleCode>
</Investigator>
<Investigator>
<FirstName>Wolfgang</FirstName>
<LastName>Ziller</LastName>
<PI_MID_INIT/>
<PI_SUFX_NAME/>
<PI_FULL_NAME>Wolfgang Ziller</PI_FULL_NAME>
<EmailAddress>wziller@math.upenn.edu</EmailAddress>
<PI_PHON>2158988461</PI_PHON>
<NSF_ID>000192440</NSF_ID>
<StartDate>04/27/2022</StartDate>
<EndDate/>
<RoleCode>Co-Principal Investigator</RoleCode>
</Investigator>
<Institution>
<Name>University of Notre Dame</Name>
<CityName>NOTRE DAME</CityName>
<ZipCode>465565708</ZipCode>
<PhoneNumber>5746317432</PhoneNumber>
<StreetAddress>940 Grace Hall</StreetAddress>
<StreetAddress2/>
<CountryName>United States</CountryName>
<StateName>Indiana</StateName>
<StateCode>IN</StateCode>
<CONGRESSDISTRICT>02</CONGRESSDISTRICT>
<CONGRESS_DISTRICT_ORG>IN02</CONGRESS_DISTRICT_ORG>
<ORG_UEI_NUM>FPU6XGFXMBE9</ORG_UEI_NUM>
<ORG_LGL_BUS_NAME>UNIVERSITY OF NOTRE DAME DU LAC</ORG_LGL_BUS_NAME>
<ORG_PRNT_UEI_NUM>KKBMKNFZ5PJ4</ORG_PRNT_UEI_NUM>
</Institution>
<Performance_Institution>
<Name><![CDATA[University of Notre Dame]]></Name>
<CityName>Notre Dame</CityName>
<StateCode>IN</StateCode>
<ZipCode>465565708</ZipCode>
<StreetAddress><![CDATA[940 Grace Hall]]></StreetAddress>
<CountryCode>US</CountryCode>
<CountryName>United States</CountryName>
<StateName>Indiana</StateName>
<CountryFlag>1</CountryFlag>
<CONGRESSDISTRICT>02</CONGRESSDISTRICT>
<CONGRESS_DISTRICT_PERF>IN02</CONGRESS_DISTRICT_PERF>
</Performance_Institution>
<ProgramElement>
<Code>1265</Code>
<Text>GEOMETRIC ANALYSIS</Text>
</ProgramElement>
<ProgramReference>
<Code>7556</Code>
<Text>CONFERENCE AND WORKSHOPS</Text>
</ProgramReference>
<FUND_OBLG>2022~29900</FUND_OBLG>
</Award>
</rootTag>
