<?xml version="1.0" encoding="UTF-8"?>
<rootTag>
<Award>
<AwardTitle><![CDATA[Enhancing CO2 Hydrogenation to Methanol by Super-Hydrophobic Zeolite Membrane Reactor]]></AwardTitle>
<AGENCY>NSF</AGENCY>
<AwardEffectiveDate>07/15/2022</AwardEffectiveDate>
<AwardExpirationDate>06/30/2025</AwardExpirationDate>
<AwardTotalIntnAmount>370000.00</AwardTotalIntnAmount>
<AwardAmount>370000</AwardAmount>
<AwardInstrument>
<Value>Standard Grant</Value>
</AwardInstrument>
<Organization>
<Code>07020000</Code>
<Directorate>
<Abbreviation>ENG</Abbreviation>
<LongName>Directorate For Engineering</LongName>
</Directorate>
<Division>
<Abbreviation>CBET</Abbreviation>
<LongName>Div Of Chem, Bioeng, Env, &amp; Transp Sys</LongName>
</Division>
</Organization>
<ProgramOfficer>
<SignBlockName>Raymond Adomaitis</SignBlockName>
<PO_EMAI>radomait@nsf.gov</PO_EMAI>
<PO_PHON>7032927519</PO_PHON>
</ProgramOfficer>
<AbstractNarration><![CDATA[Methanol is both an important feedstock for the synthesis of commodity chemical products and is a promising energy carrier for long-term energy storage. Production of methanol by reacting carbon dioxide with hydrogen makes possible conversion of a greenhouse gas to a useful chemical product or fuel. However, this reaction has a low methanol yield limited by thermodynamic equilibrium constraints and side reactions. Progress has been made in developing hydrophilic (water attracting) membranes selective for water permeation over methanol. Their use in membrane reactors for CO2 hydrogenation to methanol has improved methanol yield through increasing CO2 conversion. However, these hydrophilic zeolite membrane reactors show a maximum methanol yield of 50% due to the limit in the improvement of either reaction selectivity or conversion. This project is focused on studying a new hydrophobic (water repellent) membrane reactor for conversion of CO2 to methanol, with simultaneous removal of methanol instead of water from the chemical reactor. This new membrane reactor is designed to produce high purity methanol directly from the reactor with significantly improved CO2 conversion and methanol selectivity. The project will lead to an improved understanding of vapor/gas separation properties for hydrophobic zeolite membranes and how to operate the new membrane reactor for maximized CO2 conversion. The membrane reactor will enable efficient synthesis of methanol, an important chemical feedstock and promising energy carrier critical to chemical production and energy storage. The project will provide valuable training experiences for a diverse group of graduate students, produce important scientific findings to be disseminated through publications and conference presentations, and narrow the public’s knowledge gaps about chemical engineering, membrane science and sustainability through a new internet-based outreach activity.&lt;br/&gt;&lt;br/&gt;Production of methanol by CO2 hydrogenation would make possible the conversion of a greenhouse gas to a useful chemical or storable fuel. However, this reaction, with current reactor and catalyst designs, has a low methanol yield and selectivity that are limited by a combination of thermodynamic equilibrium constraints and undesired side reactions. This project is focused on studying a hydrophobic zeolite membrane reactor for CO2 hydrogenation to methanol with in-situ removal of methanol from the reaction zone. Such a new membrane reactor is expected to produce high purity methanol directly from the reactor with significantly improved CO2 conversion and methanol selectivity. The objectives of this project are to understand methanol-containing vapor/gas separation properties of the super-hydrophobic zeolite membranes and to optimize design of the new zeolite membrane reactor and its operation conditions that maximize methanol selectivity and yield of CO2 hydrogenation reactions. This project is directed towards (1) synthesis and characterization of super-hydrophobic, high crystallinity, aluminum-free MFI-type zeolite membranes on zirconia supports, (2) an experimental and modeling study of permeation and separation properties of vapor/gas mixtures of methanol, water vapor, CO2, CO and H2 for the super-hydrophobic membranes at conditions relevant to membrane reactor applications, (3) modeling analysis of a hydrophobic zeolite membrane reactor for CO2 hydrogenation to methanol, and (4) experimental verification and optimization of the methanol-selective zeolite membrane reactor for high-yield and high selectivity synthesis of methanol from CO2 and H2. These proposed research activities will improve the understanding of design, synthesis, and operation of the new super-hydrophobic, alcohol-selective zeolite membranes and membrane reactor to enhance both the conversion and selectivity for chemical reactions of low product yield limited by the equilibrium conversion and side reactions. The project will advance new technologies that impact chemical processing energy and environmental sustainability, will provide a valuable training experience for graduate students, and improve public’s knowledge about chemical engineering, membrane science and sustainability.&lt;br/&gt;&lt;br/&gt;This award reflects NSF's statutory mission and has been deemed worthy of support through evaluation using the Foundation's intellectual merit and broader impacts review criteria.]]></AbstractNarration>
<MinAmdLetterDate>06/16/2022</MinAmdLetterDate>
<MaxAmdLetterDate>06/16/2022</MaxAmdLetterDate>
<ARRAAmount/>
<TRAN_TYPE>Grant</TRAN_TYPE>
<CFDA_NUM>47.041</CFDA_NUM>
<NSF_PAR_USE_FLAG>1</NSF_PAR_USE_FLAG>
<FUND_AGCY_CODE>4900</FUND_AGCY_CODE>
<AWDG_AGCY_CODE>4900</AWDG_AGCY_CODE>
<AwardID>2200204</AwardID>
<Investigator>
<FirstName>Jerry Y.S.</FirstName>
<LastName>Lin</LastName>
<PI_MID_INIT/>
<PI_SUFX_NAME/>
<PI_FULL_NAME>Jerry Y.S. Lin</PI_FULL_NAME>
<EmailAddress><![CDATA[jerry.lin@asu.edu]]></EmailAddress>
<NSF_ID>000090866</NSF_ID>
<StartDate>06/16/2022</StartDate>
<EndDate/>
<RoleCode>Principal Investigator</RoleCode>
</Investigator>
<Institution>
<Name>Arizona State University</Name>
<CityName>TEMPE</CityName>
<ZipCode>852813670</ZipCode>
<PhoneNumber>4809655479</PhoneNumber>
<StreetAddress>660 S MILL AVE STE 312</StreetAddress>
<StreetAddress2/>
<CountryName>United States</CountryName>
<StateName>Arizona</StateName>
<StateCode>AZ</StateCode>
<CONGRESSDISTRICT>09</CONGRESSDISTRICT>
<CONGRESS_DISTRICT_ORG>AZ09</CONGRESS_DISTRICT_ORG>
<ORG_UEI_NUM>NTLHJXM55KZ6</ORG_UEI_NUM>
<ORG_LGL_BUS_NAME>ARIZONA STATE UNIVERSITY</ORG_LGL_BUS_NAME>
<ORG_PRNT_UEI_NUM>HX59VKHQH1V7</ORG_PRNT_UEI_NUM>
</Institution>
<Performance_Institution>
<Name><![CDATA[Arizona State University]]></Name>
<CityName/>
<StateCode>AZ</StateCode>
<ZipCode>852876011</ZipCode>
<StreetAddress/>
<CountryCode>US</CountryCode>
<CountryName>United States</CountryName>
<StateName>Arizona</StateName>
<CountryFlag>1</CountryFlag>
<CONGRESSDISTRICT>09</CONGRESSDISTRICT>
<CONGRESS_DISTRICT_PERF>AZ09</CONGRESS_DISTRICT_PERF>
</Performance_Institution>
<ProgramElement>
<Code>1403</Code>
<Text>Proc Sys, Reac Eng &amp; Mol Therm</Text>
</ProgramElement>
<Appropriation>
<Code/>
<Name/>
<APP_SYMB_ID/>
</Appropriation>
<Fund>
<Code>01002223DB</Code>
<Name><![CDATA[NSF RESEARCH & RELATED ACTIVIT]]></Name>
<FUND_SYMB_ID>040100</FUND_SYMB_ID>
</Fund>
<FUND_OBLG>2022~370000</FUND_OBLG>
</Award>
</rootTag>
