<?xml version="1.0" encoding="UTF-8"?>
<rootTag>
<Award>
<AwardTitle>Preparing for the Future of the STEM Teacher Workforce in the 21st Century: Leveraging Multi-contextual Evidence</AwardTitle>
<AGENCY>NSF</AGENCY>
<AwardEffectiveDate>06/01/2022</AwardEffectiveDate>
<AwardExpirationDate>05/31/2025</AwardExpirationDate>
<AwardTotalIntnAmount>289971.00</AwardTotalIntnAmount>
<AwardAmount>168771</AwardAmount>
<AwardInstrument>
<Value>Continuing Grant</Value>
</AwardInstrument>
<Organization>
<Code>11010000</Code>
<Directorate>
<Abbreviation>EHR</Abbreviation>
<LongName>Direct For Education and Human Resources</LongName>
</Directorate>
<Division>
<Abbreviation>DGE</Abbreviation>
<LongName>Division Of Graduate Education</LongName>
</Division>
</Organization>
<ProgramOfficer>
<SignBlockName>Earnestine Psalmonds</SignBlockName>
<PO_EMAI>eeaster@nsf.gov</PO_EMAI>
<PO_PHON>7032928112</PO_PHON>
</ProgramOfficer>
<AbstractNarration>This project aims to identify trends in the demographics and turnover behavior of the STEM teacher workforce. It focuses on specific remedies and investments needed to retain prospective teachers in high-need schools, especially rural communities, and to improve outcomes for their students. The project includes two complementary studies, one using the National Teacher and Principal Survey (an update from the earlier Schools and Staffing Survey) and a second, using longitudinal administrative data from the states of Kansas and Missouri. The project will explore a range of questions, including: how STEM teacher demographics, turnover intentions, and actual turnover may have changed nationally due to the COVID-19 pandemic; and how the Great Recession of 2007-08 and the COVID-19 pandemic may have influenced teacher outcomes. This body of research will produce insights to inform actionable recruitment and retention practices for high-need school districts and future research focused on teacher labor markets.&lt;br/&gt;&lt;br/&gt;The conceptual framework and proposed analyses build upon a model of teacher turnover that suggests three main categories of factors that drive teacher turnover: teacher factors, school factors, and external factors and events. Leveraging this framework, the investigators group the research questions and analyses into three broad themes: STEM teacher characteristics, the school and student characteristics in which STEM teachers are employed, and contemporary secular trends that impact STEM teachers. They also consider the interplay between the STEM teacher characteristics and the school context in which STEM teachers work. The investigating team will employ descriptive and regression analyses to answer the research questions. Across interconnected lines of inquiry, the researchers will balance national generalizability with comprehensive state-specific application to inform current and future practice, policy, and research.&lt;br/&gt;&lt;br/&gt;This project is supported by the EHR Core Research(ECR) program. The ECR program emphasizes fundamental STEM education research that generates foundational knowledge in the field. Investments are made in critical areas that are essential, broad and enduring: STEM learning and STEM learning environments, broadening participation in STEM, and STEM workforce development. The program supports the accumulation of robust evidence to inform efforts to understand, build theory to explain, and suggest intervention and innovations to address persistent issues in STEM education.&lt;br/&gt;&lt;br/&gt;This award reflects NSF's statutory mission and has been deemed worthy of support through evaluation using the Foundation's intellectual merit and broader impacts review criteria.</AbstractNarration>
<MinAmdLetterDate>05/06/2022</MinAmdLetterDate>
<MaxAmdLetterDate>05/06/2022</MaxAmdLetterDate>
<ARRAAmount/>
<TRAN_TYPE>Grant</TRAN_TYPE>
<CFDA_NUM>47.076</CFDA_NUM>
<NSF_PAR_USE_FLAG>1</NSF_PAR_USE_FLAG>
<FUND_AGCY_CODE>4900</FUND_AGCY_CODE>
<AWDG_AGCY_CODE>4900</AWDG_AGCY_CODE>
<AwardID>2200975</AwardID>
<Investigator>
<FirstName>Tuan</FirstName>
<LastName>Nguyen</LastName>
<PI_MID_INIT>D</PI_MID_INIT>
<PI_SUFX_NAME/>
<PI_FULL_NAME>Tuan D Nguyen</PI_FULL_NAME>
<EmailAddress>zultar17@gmail.com</EmailAddress>
<PI_PHON>4054087754</PI_PHON>
<NSF_ID>000789340</NSF_ID>
<StartDate>05/06/2022</StartDate>
<EndDate/>
<RoleCode>Principal Investigator</RoleCode>
</Investigator>
<Institution>
<Name>Kansas State University</Name>
<CityName>MANHATTAN</CityName>
<ZipCode>665061100</ZipCode>
<PhoneNumber>7855326804</PhoneNumber>
<StreetAddress>2 FAIRCHILD HALL</StreetAddress>
<StreetAddress2/>
<CountryName>United States</CountryName>
<StateName>Kansas</StateName>
<StateCode>KS</StateCode>
<CONGRESSDISTRICT>01</CONGRESSDISTRICT>
<CONGRESS_DISTRICT_ORG>KS01</CONGRESS_DISTRICT_ORG>
<ORG_UEI_NUM>CFMMM5JM7HJ9</ORG_UEI_NUM>
<ORG_LGL_BUS_NAME>KANSAS STATE UNIVERSITY</ORG_LGL_BUS_NAME>
<ORG_PRNT_UEI_NUM>NJN6EFNKVKT4</ORG_PRNT_UEI_NUM>
</Institution>
<Performance_Institution>
<Name><![CDATA[Kansas State University]]></Name>
<CityName>Manhattan</CityName>
<StateCode>KS</StateCode>
<ZipCode>665061100</ZipCode>
<StreetAddress><![CDATA[2 FAIRCHILD HALL]]></StreetAddress>
<CountryCode>US</CountryCode>
<CountryName>United States</CountryName>
<StateName>Kansas</StateName>
<CountryFlag>1</CountryFlag>
<CONGRESSDISTRICT>01</CONGRESSDISTRICT>
<CONGRESS_DISTRICT_PERF>KS01</CONGRESS_DISTRICT_PERF>
</Performance_Institution>
<ProgramElement>
<Code>7980</Code>
<Text>ECR-EHR Core Research</Text>
</ProgramElement>
<ProgramReference>
<Code>096Z</Code>
<Text>COVID-19 Research</Text>
</ProgramReference>
<ProgramReference>
<Code>8816</Code>
<Text>Workforce Development</Text>
</ProgramReference>
<ProgramReference>
<Code>9150</Code>
<Text>EXP PROG TO STIM COMP RES</Text>
</ProgramReference>
<FUND_OBLG>2022~168771</FUND_OBLG>
</Award>
</rootTag>
