<?xml version="1.0" encoding="UTF-8"?>
<rootTag>
<Award>
<AwardTitle>Empowering Students with Choice through Equitable and Interactive Mathematical Modeling (EIM2)</AwardTitle>
<AGENCY>NSF</AGENCY>
<AwardEffectiveDate>07/01/2022</AwardEffectiveDate>
<AwardExpirationDate>06/30/2026</AwardExpirationDate>
<AwardTotalIntnAmount>1978280.00</AwardTotalIntnAmount>
<AwardAmount>829263</AwardAmount>
<AwardInstrument>
<Value>Continuing Grant</Value>
</AwardInstrument>
<Organization>
<Code>11090000</Code>
<Directorate>
<Abbreviation>EHR</Abbreviation>
<LongName>Direct For Education and Human Resources</LongName>
</Directorate>
<Division>
<Abbreviation>DRL</Abbreviation>
<LongName>Division Of Research On Learning</LongName>
</Division>
</Organization>
<ProgramOfficer>
<SignBlockName>Eric Knuth</SignBlockName>
<PO_EMAI>eknuth@nsf.gov</PO_EMAI>
<PO_PHON>7032928402</PO_PHON>
</ProgramOfficer>
<AbstractNarration>This project aims to create and study an Equitable and Interactive Mathematical Modeling (EIM2) program that positions students as decision makers in their own learning. Despite the value of connecting students’ life experiences with their mathematical learning, the practical implementation of this strategy has proven challenging in a classroom setting. EIM2 addresses this issue by supporting students to engage in equitable mathematical modeling, a process of using mathematics to analyze and quantify scenarios through a lens of equity. The EIM2 program involves collaborations with sixth and seventh grade students, a professional learning community series with their mathematics teachers, and the creation of the dynamic, online platform that hosts EIM2 modules. The EIM2 dynamic online platform allows students to easily select scenarios based on their interests; experience the scenarios with visuals and animations; and compare, synthesize, and refine their mathematical ideas.&lt;br/&gt;&lt;br/&gt;The program development will be guided by design principles and hypothesized learning processes that support students’ cultural competence, their evaluations of multiple mathematical solutions, and their mathematical identity development. Using multi-tier design-based research and a mixed-methods approach, the EIM2 program will be continuously evaluated and refined through multiple iterations to ensure usability and efficacy. Over the four-year project span, this project will (1) explore the nature and impact of the EIM2 program, assessing how it promotes a shared vision for the learning of all students, including racially and ethnically minoritized students, in classroom settings; (2) examine whether and how students’ engagement in EIM2 supports their achievement and identity development in mathematics; and (3) understand how teachers enact EIM2 and whether they change their attitudes toward modeling over time and across contexts. The proposed project fills a theoretical gap related to scalable design models for interactive mathematical modeling curricula that are culturally sustaining for students. Our model improves upon current practices of mathematical modeling by transforming existing curricula to reflect students’ lived experiences and to foster their active learning, leveraging the interactive nature of digital curricula. Our proposed work has the potential to be transformative for STEM education through the co-creation of asset-based instructional materials built on a deep understanding of students, which can be applicable for other STEM education fields of study.&lt;br/&gt;&lt;br/&gt;The Discovery Research preK-12 program (DRK-12) seeks to significantly enhance the learning and teaching of science, technology, engineering and mathematics (STEM) by preK-12 students and teachers, through research and development of innovative resources, models and tools. Projects in the DRK-12 program build on fundamental research in STEM education and prior research and development efforts that provide theoretical and empirical justification for proposed projects. &lt;br/&gt;&lt;br/&gt;This award reflects NSF's statutory mission and has been deemed worthy of support through evaluation using the Foundation's intellectual merit and broader impacts review criteria.</AbstractNarration>
<MinAmdLetterDate>03/28/2022</MinAmdLetterDate>
<MaxAmdLetterDate>03/28/2022</MaxAmdLetterDate>
<ARRAAmount/>
<TRAN_TYPE>Grant</TRAN_TYPE>
<CFDA_NUM>47.076</CFDA_NUM>
<NSF_PAR_USE_FLAG>1</NSF_PAR_USE_FLAG>
<FUND_AGCY_CODE>4900</FUND_AGCY_CODE>
<AWDG_AGCY_CODE>4900</AWDG_AGCY_CODE>
<AwardID>2200928</AwardID>
<Investigator>
<FirstName>Corey</FirstName>
<LastName>Brady</LastName>
<PI_MID_INIT>E</PI_MID_INIT>
<PI_SUFX_NAME/>
<PI_FULL_NAME>Corey E Brady</PI_FULL_NAME>
<EmailAddress>corey.brady@vanderbilt.edu</EmailAddress>
<PI_PHON>6153228100</PI_PHON>
<NSF_ID>000549848</NSF_ID>
<StartDate>03/28/2022</StartDate>
<EndDate/>
<RoleCode>Co-Principal Investigator</RoleCode>
</Investigator>
<Investigator>
<FirstName>Zandra</FirstName>
<LastName>de Araujo</LastName>
<PI_MID_INIT>U</PI_MID_INIT>
<PI_SUFX_NAME/>
<PI_FULL_NAME>Zandra U de Araujo</PI_FULL_NAME>
<EmailAddress>zdearaujo@coe.ufl.edu</EmailAddress>
<PI_PHON>3522734103</PI_PHON>
<NSF_ID>000628397</NSF_ID>
<StartDate>03/28/2022</StartDate>
<EndDate/>
<RoleCode>Co-Principal Investigator</RoleCode>
</Investigator>
<Investigator>
<FirstName>Chonika</FirstName>
<LastName>Coleman-King</LastName>
<PI_MID_INIT>C</PI_MID_INIT>
<PI_SUFX_NAME/>
<PI_FULL_NAME>Chonika C Coleman-King</PI_FULL_NAME>
<EmailAddress>coleking@coe.ufl.edu</EmailAddress>
<PI_PHON>3522734208</PI_PHON>
<NSF_ID>000738186</NSF_ID>
<StartDate>03/28/2022</StartDate>
<EndDate/>
<RoleCode>Co-Principal Investigator</RoleCode>
</Investigator>
<Investigator>
<FirstName>Hyunyi</FirstName>
<LastName>Jung</LastName>
<PI_MID_INIT/>
<PI_SUFX_NAME/>
<PI_FULL_NAME>Hyunyi Jung</PI_FULL_NAME>
<EmailAddress>hyunyi.jung@coe.ufl.edu</EmailAddress>
<PI_PHON>7656371976</PI_PHON>
<NSF_ID>000784034</NSF_ID>
<StartDate>03/28/2022</StartDate>
<EndDate/>
<RoleCode>Principal Investigator</RoleCode>
</Investigator>
<Investigator>
<FirstName>Mary</FirstName>
<LastName>Bratsch-Hines</LastName>
<PI_MID_INIT/>
<PI_SUFX_NAME/>
<PI_FULL_NAME>Mary Bratsch-Hines</PI_FULL_NAME>
<EmailAddress>bratsch@coe.ufl.edu</EmailAddress>
<PI_PHON>9193573518</PI_PHON>
<NSF_ID>000865825</NSF_ID>
<StartDate>03/28/2022</StartDate>
<EndDate/>
<RoleCode>Co-Principal Investigator</RoleCode>
</Investigator>
<Institution>
<Name>University of Florida</Name>
<CityName>GAINESVILLE</CityName>
<ZipCode>326111941</ZipCode>
<PhoneNumber>3523923516</PhoneNumber>
<StreetAddress>1523 UNION RD RM 207</StreetAddress>
<StreetAddress2/>
<CountryName>United States</CountryName>
<StateName>Florida</StateName>
<StateCode>FL</StateCode>
<CONGRESSDISTRICT>03</CONGRESSDISTRICT>
<CONGRESS_DISTRICT_ORG>FL03</CONGRESS_DISTRICT_ORG>
<ORG_UEI_NUM>NNFQH1JAPEP3</ORG_UEI_NUM>
<ORG_LGL_BUS_NAME>UNIVERSITY OF FLORIDA</ORG_LGL_BUS_NAME>
<ORG_PRNT_UEI_NUM>D4GCCCMXR1H3</ORG_PRNT_UEI_NUM>
</Institution>
<Performance_Institution>
<Name><![CDATA[University of Florida]]></Name>
<CityName>GAINESVILLE</CityName>
<StateCode>FL</StateCode>
<ZipCode>326112002</ZipCode>
<StreetAddress><![CDATA[1 UNIVERSITY OF FLORIDA]]></StreetAddress>
<CountryCode>US</CountryCode>
<CountryName>United States</CountryName>
<StateName>Florida</StateName>
<CountryFlag>1</CountryFlag>
<CONGRESSDISTRICT>03</CONGRESSDISTRICT>
<CONGRESS_DISTRICT_PERF>FL03</CONGRESS_DISTRICT_PERF>
</Performance_Institution>
<ProgramElement>
<Code>7645</Code>
<Text>Discovery Research K-12</Text>
</ProgramElement>
<FUND_OBLG>2022~829263</FUND_OBLG>
</Award>
</rootTag>
