<?xml version="1.0" encoding="UTF-8"?>
<rootTag>
<Award>
<AwardTitle><![CDATA[Collaborative Research: Connecting Professional and Educational Communities to Prepare Construction Engineering Students for the Workplace]]></AwardTitle>
<AGENCY>NSF</AGENCY>
<AwardEffectiveDate>08/01/2022</AwardEffectiveDate>
<AwardExpirationDate>07/31/2027</AwardExpirationDate>
<AwardTotalIntnAmount>2163084.00</AwardTotalIntnAmount>
<AwardAmount>919837</AwardAmount>
<AwardInstrument>
<Value>Continuing Grant</Value>
</AwardInstrument>
<Organization>
<Code>11010000</Code>
<Directorate>
<Abbreviation>EHR</Abbreviation>
<LongName>Direct For Education and Human Resources</LongName>
</Directorate>
<Division>
<Abbreviation>DGE</Abbreviation>
<LongName>Division Of Graduate Education</LongName>
</Division>
</Organization>
<ProgramOfficer>
<SignBlockName>Andrea Nixon</SignBlockName>
<PO_EMAI>anixon@nsf.gov</PO_EMAI>
<PO_PHON>7032920000</PO_PHON>
</ProgramOfficer>
<AbstractNarration><![CDATA[While universities equip students with theoretical knowledge for STEM, there can be challenges in employing those theories to solve real-life problems. This challenge has resulted in an imbalance between the preparation of graduates entering the workforce and the demands of the industry. This disconnection is persistent in the construction industry as construction practitioners continue to highlight skill shortages that have resulted in low performance and low productivity. This research project is designed to connect learners with communities of practice thereby giving them access to expert ways of knowing, thinking, reasoning, and solving real-life problems. The research team will develop a tool that connects construction engineering programs with communities of practice thereby enabling instructors access to industry practitioners with the appropriate expertise to meet their practical course-support needs (e.g., site visits, guest lectures, and mentors for capstone projects).  As learners interact with communities of practice, this has the potential to inform the ways learners perceive the profession and the development of their own professional identity.  These two phenomena will be examined through a qualitative study.  &lt;br/&gt;&lt;br/&gt;This project is designed to create a collaborative network (called ConPEC) to investigate how the accessibility of construction industry practitioners to instructors, influences construction engineering students’ disciplined perception and professional identity development. The ConPEC platform will employ machine learning algorithms and complex data analysis to allow for pairing instructors with their community of practice.  To achieve this, the research will first investigate the practical course-support needs of construction engineering instructors and the characteristics of industry practitioners.  Next, the ConPEC framework will be designed to include learning-driven algorithms to exploit dynamic matching patterns between instructors and industry practitioners. Finally, the team will use semi-structured interviews with both students and industry practitioners to gather qualitative data that will be analyzed using Grounded Theory.  The research team will examine changes in students’ disciplined perception and professional identity development.&lt;br/&gt;&lt;br/&gt;This project is supported by NSF's EHR Core Research (ECR) program. The ECR program emphasizes fundamental STEM education research that generates foundational knowledge in the field. Investments are made in critical areas that are essential, broad and enduring: STEM learning and STEM learning environments, broadening participation in STEM, and STEM workforce development. The program supports the accumulation of robust evidence to inform efforts to understand, build theory to explain, and suggest intervention and innovations to address persistent challenges in education.&lt;br/&gt;&lt;br/&gt;This award reflects NSF's statutory mission and has been deemed worthy of support through evaluation using the Foundation's intellectual merit and broader impacts review criteria.]]></AbstractNarration>
<MinAmdLetterDate>06/27/2022</MinAmdLetterDate>
<MaxAmdLetterDate>06/27/2022</MaxAmdLetterDate>
<ARRAAmount/>
<TRAN_TYPE>Grant</TRAN_TYPE>
<CFDA_NUM>47.076</CFDA_NUM>
<NSF_PAR_USE_FLAG>1</NSF_PAR_USE_FLAG>
<FUND_AGCY_CODE>4900</FUND_AGCY_CODE>
<AWDG_AGCY_CODE>4900</AWDG_AGCY_CODE>
<AwardID>2201641</AwardID>
<Investigator>
<FirstName>Sheryl</FirstName>
<LastName>Ball</LastName>
<PI_MID_INIT>B</PI_MID_INIT>
<PI_SUFX_NAME/>
<PI_FULL_NAME>Sheryl B Ball</PI_FULL_NAME>
<EmailAddress><![CDATA[SBALL@VT.EDU]]></EmailAddress>
<NSF_ID>000396011</NSF_ID>
<StartDate>06/27/2022</StartDate>
<EndDate/>
<RoleCode>Co-Principal Investigator</RoleCode>
</Investigator>
<Investigator>
<FirstName>Walid</FirstName>
<LastName>Saad</LastName>
<PI_MID_INIT/>
<PI_SUFX_NAME/>
<PI_FULL_NAME>Walid Saad</PI_FULL_NAME>
<EmailAddress><![CDATA[walids@vt.edu]]></EmailAddress>
<NSF_ID>000599519</NSF_ID>
<StartDate>06/27/2022</StartDate>
<EndDate/>
<RoleCode>Co-Principal Investigator</RoleCode>
</Investigator>
<Investigator>
<FirstName>Abiola</FirstName>
<LastName>Akanmu</LastName>
<PI_MID_INIT/>
<PI_SUFX_NAME/>
<PI_FULL_NAME>Abiola Akanmu</PI_FULL_NAME>
<EmailAddress><![CDATA[abiola@vt.edu]]></EmailAddress>
<NSF_ID>000766722</NSF_ID>
<StartDate>06/27/2022</StartDate>
<EndDate/>
<RoleCode>Principal Investigator</RoleCode>
</Investigator>
<Investigator>
<FirstName>Homero</FirstName>
<LastName>Murzi</LastName>
<PI_MID_INIT/>
<PI_SUFX_NAME/>
<PI_FULL_NAME>Homero Murzi</PI_FULL_NAME>
<EmailAddress><![CDATA[hmurzi@vt.edu]]></EmailAddress>
<NSF_ID>000790340</NSF_ID>
<StartDate>06/27/2022</StartDate>
<EndDate/>
<RoleCode>Co-Principal Investigator</RoleCode>
</Investigator>
<Institution>
<Name>Virginia Polytechnic Institute and State University</Name>
<CityName>BLACKSBURG</CityName>
<ZipCode>240616100</ZipCode>
<PhoneNumber>5402315281</PhoneNumber>
<StreetAddress>300 TURNER ST NW STE 4200</StreetAddress>
<StreetAddress2/>
<CountryName>United States</CountryName>
<StateName>Virginia</StateName>
<StateCode>VA</StateCode>
<CONGRESSDISTRICT>09</CONGRESSDISTRICT>
<CONGRESS_DISTRICT_ORG>VA09</CONGRESS_DISTRICT_ORG>
<ORG_UEI_NUM>QDE5UHE5XD16</ORG_UEI_NUM>
<ORG_LGL_BUS_NAME>VIRGINIA POLYTECHNIC INSTITUTE AND STATE UNIVERSITY</ORG_LGL_BUS_NAME>
<ORG_PRNT_UEI_NUM>QDE5UHE5XD16</ORG_PRNT_UEI_NUM>
</Institution>
<Performance_Institution>
<Name><![CDATA[Virginia Polytechnic Institute and State University]]></Name>
<CityName>BLACKSBURG</CityName>
<StateCode>VA</StateCode>
<ZipCode>240610001</ZipCode>
<StreetAddress><![CDATA[Sponsored Programs 0170]]></StreetAddress>
<CountryCode>US</CountryCode>
<CountryName>United States</CountryName>
<StateName>Virginia</StateName>
<CountryFlag>1</CountryFlag>
<CONGRESSDISTRICT>09</CONGRESSDISTRICT>
<CONGRESS_DISTRICT_PERF>VA09</CONGRESS_DISTRICT_PERF>
</Performance_Institution>
<ProgramElement>
<Code>7980</Code>
<Text>ECR-EHR Core Research</Text>
</ProgramElement>
<ProgramReference>
<Code>8212</Code>
<Text>Broaden Particip STEM Resrch</Text>
</ProgramReference>
<ProgramReference>
<Code>8816</Code>
<Text>Workforce Development</Text>
</ProgramReference>
<Appropriation>
<Code/>
<Name/>
<APP_SYMB_ID/>
</Appropriation>
<Fund>
<Code>04002223DB</Code>
<Name><![CDATA[NSF Education & Human Resource]]></Name>
<FUND_SYMB_ID>040106</FUND_SYMB_ID>
</Fund>
<FUND_OBLG>2022~919837</FUND_OBLG>
</Award>
</rootTag>
