<?xml version="1.0" encoding="UTF-8"?>
<rootTag>
<Award>
<AwardTitle><![CDATA[Collaborative Research: Drivers and effects of latent phage activation in marine SAR11]]></AwardTitle>
<AGENCY>NSF</AGENCY>
<AwardEffectiveDate>06/15/2022</AwardEffectiveDate>
<AwardExpirationDate>05/31/2025</AwardExpirationDate>
<AwardTotalIntnAmount>693701.00</AwardTotalIntnAmount>
<AwardAmount>693701</AwardAmount>
<AwardInstrument>
<Value>Standard Grant</Value>
</AwardInstrument>
<Organization>
<Code>06040300</Code>
<Directorate>
<Abbreviation>GEO</Abbreviation>
<LongName>Directorate For Geosciences</LongName>
</Directorate>
<Division>
<Abbreviation>OCE</Abbreviation>
<LongName>Division Of Ocean Sciences</LongName>
</Division>
</Organization>
<ProgramOfficer>
<SignBlockName>Michael Sieracki</SignBlockName>
<PO_EMAI>msierack@nsf.gov</PO_EMAI>
<PO_PHON>7032927585</PO_PHON>
</ProgramOfficer>
<AbstractNarration><![CDATA[Viruses are the most abundant biological entities in the ocean. When they infect plankton, they can alter food webs, induce shifts in nutrient cycles, and enhance genetic exchange. However, the mechanisms that control these important processes are largely unknown, which has limited our ability to predict infection outcomes in nature. The primary goal of this study is to identify key chemical, physical, and biological factors that influence host-virus interactions in cultured bacterioplankton and to use this information to build mathematical models that predict infection dynamics in diverse marine ecosystems. Most of the marine viruses available for detailed study kill bacteria following infection. This novel study focuses on SAR11, the most abundant marine bacteria, which harbor dormant viruses called prophages, to determine what causes prophage activation and host death. Specifically, the research team uses field surveys and laboratory experiments with SAR11-prophage pairs to generate data and mathematical models to predict the outcomes of viral infections in SAR11 and other marine microbes.&lt;br/&gt;The conditions that trigger prophage activation and their corresponding contributions to ecosystem processes are largely hypothetical, due primarily to difficulties identifying and culturing host cells with prophages. It is becoming increasingly clear that the impact and importance of these infections are under-characterized and under-estimated. The proposed research revises estimates of prophage activation in globally-important SAR11 by quantifying infection occurrence, identifying prophage activation inducers, and testing the effects of maintaining virus DNA in the host genomes. The frequency of prophage infections is determined by analyzing bacterial metagenomes generated with long-read sequencing technology. Controlled growth experiments under a range of conditions that cause stress (physical, chemical, and biological) and evaluation of shifts in gene expression are employed to identify drivers of prophage activation. The outcomes of prophage infections in culture serve to parameterize key interactions in numerical models that can then predict outcomes in nature. This study fills critical gaps in knowledge about the mechanisms that maintain the large and genetically diverse populations of bacteria and viruses in the ocean and has the potential to change our understanding and capacity to predict host-virus interactions under changing environmental conditions.&lt;br/&gt;&lt;br/&gt;This award reflects NSF's statutory mission and has been deemed worthy of support through evaluation using the Foundation's intellectual merit and broader impacts review criteria.]]></AbstractNarration>
<MinAmdLetterDate>06/08/2022</MinAmdLetterDate>
<MaxAmdLetterDate>06/08/2022</MaxAmdLetterDate>
<ARRAAmount/>
<TRAN_TYPE>Grant</TRAN_TYPE>
<CFDA_NUM>47.050</CFDA_NUM>
<NSF_PAR_USE_FLAG>1</NSF_PAR_USE_FLAG>
<FUND_AGCY_CODE>4900</FUND_AGCY_CODE>
<AWDG_AGCY_CODE>4900</AWDG_AGCY_CODE>
<AwardID>2201310</AwardID>
<Investigator>
<FirstName>Robert</FirstName>
<LastName>Morris</LastName>
<PI_MID_INIT>M</PI_MID_INIT>
<PI_SUFX_NAME/>
<PI_FULL_NAME>Robert M Morris</PI_FULL_NAME>
<EmailAddress><![CDATA[morrisrm@u.washington.edu]]></EmailAddress>
<NSF_ID>000525534</NSF_ID>
<StartDate>06/08/2022</StartDate>
<EndDate/>
<RoleCode>Principal Investigator</RoleCode>
</Investigator>
<Institution>
<Name>University of Washington</Name>
<CityName>Seattle</CityName>
<ZipCode>981950001</ZipCode>
<PhoneNumber>2065434043</PhoneNumber>
<StreetAddress>4333 Brooklyn Ave NE</StreetAddress>
<StreetAddress2/>
<CountryName>United States</CountryName>
<StateName>Washington</StateName>
<StateCode>WA</StateCode>
<CONGRESSDISTRICT>07</CONGRESSDISTRICT>
<CONGRESS_DISTRICT_ORG>WA07</CONGRESS_DISTRICT_ORG>
<ORG_UEI_NUM>HD1WMN6945W6</ORG_UEI_NUM>
<ORG_LGL_BUS_NAME>UNIVERSITY OF WASHINGTON</ORG_LGL_BUS_NAME>
<ORG_PRNT_UEI_NUM>NFJ3CMQ4B418</ORG_PRNT_UEI_NUM>
</Institution>
<Performance_Institution>
<Name><![CDATA[University of Washington]]></Name>
<CityName>Seattle</CityName>
<StateCode>WA</StateCode>
<ZipCode>981950001</ZipCode>
<StreetAddress/>
<CountryCode>US</CountryCode>
<CountryName>United States</CountryName>
<StateName>Washington</StateName>
<CountryFlag>1</CountryFlag>
<CONGRESSDISTRICT>07</CONGRESSDISTRICT>
<CONGRESS_DISTRICT_PERF>WA07</CONGRESS_DISTRICT_PERF>
</Performance_Institution>
<ProgramElement>
<Code>1650</Code>
<Text>BIOLOGICAL OCEANOGRAPHY</Text>
</ProgramElement>
<ProgramReference>
<Code>006Z</Code>
<Text>Multiple Environmental Stressors</Text>
</ProgramReference>
<ProgramReference>
<Code>1174</Code>
<Text>POPULATION DYNAMICS</Text>
</ProgramReference>
<ProgramReference>
<Code>4444</Code>
<Text>INTERDISCIPLINARY PROPOSALS</Text>
</ProgramReference>
<ProgramReference>
<Code>7656</Code>
<Text>SYMBIOSIS DEF &amp; SELF RECOG</Text>
</ProgramReference>
<ProgramReference>
<Code>8811</Code>
<Text>Marine Microbial Ecology</Text>
</ProgramReference>
<ProgramReference>
<Code>9117</Code>
<Text>MARINE BIOTECHNOLOGY</Text>
</ProgramReference>
<FUND_OBLG>2022~693701</FUND_OBLG>
</Award>
</rootTag>
