<?xml version="1.0" encoding="UTF-8"?>
<rootTag>
<Award>
<AwardTitle>Conference: Geometry and Physics---Deformations, Homotopy Algebras, and Higher Structures</AwardTitle>
<AGENCY>NSF</AGENCY>
<AwardEffectiveDate>05/01/2022</AwardEffectiveDate>
<AwardExpirationDate>04/30/2024</AwardExpirationDate>
<AwardTotalIntnAmount>40000.00</AwardTotalIntnAmount>
<AwardAmount>40000</AwardAmount>
<AwardInstrument>
<Value>Standard Grant</Value>
</AwardInstrument>
<Organization>
<Code>03040000</Code>
<Directorate>
<Abbreviation>MPS</Abbreviation>
<LongName>Direct For Mathematical &amp; Physical Scien</LongName>
</Directorate>
<Division>
<Abbreviation>DMS</Abbreviation>
<LongName>Division Of Mathematical Sciences</LongName>
</Division>
</Organization>
<ProgramOfficer>
<SignBlockName>Sandra Spiroff</SignBlockName>
<PO_EMAI>sspiroff@nsf.gov</PO_EMAI>
<PO_PHON>7032928069</PO_PHON>
</ProgramOfficer>
<AbstractNarration>This award provides financial support for U.S.-based participants in two international summer schools in Geometry and Physics (GAP): GAP XVII (2022) to be held at the Pacific Institute for Mathematical Science in Vancouver, Canada during the week May 16-20, 2022 and GAP XVIII (2023) to be held at the Institut Henri Poincaré, in Paris, France during the week May 22-26, 2023. The twofold purpose of the proposed activities are to gather leading experts and early-career researchers working in rapidly developing subjects, and to foster interaction between groups of mathematicians and physicists working on different aspects of related problems; this will facilitate cross-fertilization between different fields and disseminate the most recent results of current research. GAP XVII and GAP XVIII will allow earlier-career mathematicians to disseminate their ideas and to broaden their perspective, both mathematically and internationally. Both summer schools, which will provide the opportunity for researchers to exchange ideas with foreign peers and launch collaborations, will include a poster session for individuals to present their recent work. &lt;br/&gt;&lt;br/&gt;The theme of both schools is "Higher Structures: Deformations and Homotopy Algebras". GAP XVII (2022) will be devoted to "Deformations" and GAP XVIII (2023) to "Homotopy Algebras". Higher structures has emerged as a new field in mathematics, as well as in mathematical and theoretical physics. Covering many different topics, this field encompasses deformation theory, quantization, homotopy algebras, derived geometry, enumerative geometry, representation theory, Poisson geometry, mirror symmetry, noncommutative algebraic geometry, string theory, and quantum field theory. The event will be devoted to bringing together different aspects of higher structures, in particular deformations and homotopy algebras, as well as identifying new emerging directions of investigation. Deformation theory has become an important area of mathematics. Deformation quantization lies on the boundary between classical and quantum mechanics. Roughly speaking, it is the study and prediction of quantum phenomena, which are normally described by noncommutative associative algebras, from the geometry of their underlying classical counterparts. Homotopy algebras provide a powerful machinery for studying many interconnected questions in different areas of contemporary mathematics and mathematical physics.  This award will allow US scholars to abroad to attend these impactful events.  For more information on the conference series, see http://www.geometryandphysics.org/&lt;br/&gt;&lt;br/&gt;This award reflects NSF's statutory mission and has been deemed worthy of support through evaluation using the Foundation's intellectual merit and broader impacts review criteria.</AbstractNarration>
<MinAmdLetterDate>03/08/2022</MinAmdLetterDate>
<MaxAmdLetterDate>03/08/2022</MaxAmdLetterDate>
<ARRAAmount/>
<TRAN_TYPE>Grant</TRAN_TYPE>
<CFDA_NUM>47.049</CFDA_NUM>
<NSF_PAR_USE_FLAG>1</NSF_PAR_USE_FLAG>
<FUND_AGCY_CODE>4900</FUND_AGCY_CODE>
<AWDG_AGCY_CODE>4900</AWDG_AGCY_CODE>
<AwardID>2201270</AwardID>
<Investigator>
<FirstName>Ping</FirstName>
<LastName>Xu</LastName>
<PI_MID_INIT/>
<PI_SUFX_NAME/>
<PI_FULL_NAME>Ping Xu</PI_FULL_NAME>
<EmailAddress>ping@math.psu.edu</EmailAddress>
<PI_PHON>8148653517</PI_PHON>
<NSF_ID>000448022</NSF_ID>
<StartDate>03/08/2022</StartDate>
<EndDate/>
<RoleCode>Co-Principal Investigator</RoleCode>
</Investigator>
<Investigator>
<FirstName>Mathieu</FirstName>
<LastName>Stienon</LastName>
<PI_MID_INIT>P</PI_MID_INIT>
<PI_SUFX_NAME/>
<PI_FULL_NAME>Mathieu P Stienon</PI_FULL_NAME>
<EmailAddress>stienon@math.psu.edu</EmailAddress>
<PI_PHON>8148653812</PI_PHON>
<NSF_ID>000516535</NSF_ID>
<StartDate>03/08/2022</StartDate>
<EndDate/>
<RoleCode>Principal Investigator</RoleCode>
</Investigator>
<Institution>
<Name>Pennsylvania State Univ University Park</Name>
<CityName>University Park</CityName>
<ZipCode>168021503</ZipCode>
<PhoneNumber>8148651372</PhoneNumber>
<StreetAddress>201 Old Main</StreetAddress>
<StreetAddress2/>
<CountryName>United States</CountryName>
<StateName>Pennsylvania</StateName>
<StateCode>PA</StateCode>
<CONGRESSDISTRICT>12</CONGRESSDISTRICT>
<CONGRESS_DISTRICT_ORG>PA12</CONGRESS_DISTRICT_ORG>
<ORG_UEI_NUM>NPM2J7MSCF61</ORG_UEI_NUM>
<ORG_LGL_BUS_NAME>PENNSYLVANIA STATE UNIVERSITY, THE</ORG_LGL_BUS_NAME>
<ORG_PRNT_UEI_NUM>NPM2J7MSCF61</ORG_PRNT_UEI_NUM>
</Institution>
<Performance_Institution>
<Name><![CDATA[Pennsylvania State Univ University Park]]></Name>
<CityName>University Park</CityName>
<StateCode>PA</StateCode>
<ZipCode>168021503</ZipCode>
<StreetAddress><![CDATA[201 Old Main]]></StreetAddress>
<CountryCode>US</CountryCode>
<CountryName>United States</CountryName>
<StateName>Pennsylvania</StateName>
<CountryFlag>1</CountryFlag>
<CONGRESSDISTRICT>12</CONGRESSDISTRICT>
<CONGRESS_DISTRICT_PERF>PA12</CONGRESS_DISTRICT_PERF>
</Performance_Institution>
<ProgramElement>
<Code>1264</Code>
<Text>ALGEBRA,NUMBER THEORY,AND COM</Text>
</ProgramElement>
<ProgramElement>
<Code>1265</Code>
<Text>GEOMETRIC ANALYSIS</Text>
</ProgramElement>
<ProgramElement>
<Code>1267</Code>
<Text>TOPOLOGY</Text>
</ProgramElement>
<ProgramReference>
<Code>7556</Code>
<Text>CONFERENCE AND WORKSHOPS</Text>
</ProgramReference>
<FUND_OBLG>2022~40000</FUND_OBLG>
</Award>
</rootTag>
