<?xml version="1.0" encoding="UTF-8"?>
<rootTag>
<Award>
<AwardTitle><![CDATA[AccelNet-Design: Soil and land management for food &amp; water security, adaptation and mitigation of climate change]]></AwardTitle>
<AGENCY>NSF</AGENCY>
<AwardEffectiveDate>07/01/2022</AwardEffectiveDate>
<AwardExpirationDate>06/30/2024</AwardExpirationDate>
<AwardTotalIntnAmount>249961.00</AwardTotalIntnAmount>
<AwardAmount>249961</AwardAmount>
<AwardInstrument>
<Value>Standard Grant</Value>
</AwardInstrument>
<Organization>
<Code>01090000</Code>
<Directorate>
<Abbreviation>O/D</Abbreviation>
<LongName>Office Of The Director</LongName>
</Directorate>
<Division>
<Abbreviation>OISE</Abbreviation>
<LongName>Office Of Internatl Science &amp;Engineering</LongName>
</Division>
</Organization>
<ProgramOfficer>
<SignBlockName>Karen Lips</SignBlockName>
<PO_EMAI>klips@nsf.gov</PO_EMAI>
<PO_PHON>7032925133</PO_PHON>
</ProgramOfficer>
<AbstractNarration><![CDATA[Management of agricultural land and soil (ALS) systems are often disconnected from societal goals of food security and environmental sustainability. The ALS network facilitates cooperation among scientific disciplines, policy makers, Federal and State Agencies, agricultural producers, private industry, NGO’s, society members and land managers to develop resilient, sustainable practices of ALS in the context of both socioeconomic and biophysical interactions. This network would improve ALS management by considering changes to ALS management in a holistic way that considers equity, access to data, and information synthesis. This approach empowers diverse producers and land managers/stewards to adopt outcome-based (e.g., improved soil health, water quality and carbon sequestration) management. This team promotes research at the nexus of soil, water, land, and climate systems to increase sustainability of the management of agricultural land and soil. &lt;br/&gt;&lt;br/&gt;The ALS network (ALSNet): 1) develops coordination and communication mechanisms, 2) establishes team science processes and culture across multiple professional disciplines and groups to convert knowledge into action, 3) identifies and prioritizes knowledge gaps and opportunities, and 4) trains the next generation of a diverse and global workforce to develop solutions for the complex challenges of ALS systems. The project employs a team science approach that engages diverse partners to enhance interdisciplinarity, conducts ideation workshops, collaborates around shared vision, and develops research questions and synthesis papers. ALSNet supports broader strategic collaboration among U.S. research networks, global networks, professional societies, and social networks to integrate data, knowledge, and information on theoretical and applied research.  It uses a global perspective to narrow the gaps of scaling complexities, to understand tradeoffs, and to empower stakeholders to address the grand challenges associated with ALS. The team integrates biophysical, social, economic, and behavioral sciences that enhances the knowledge to action plan. The project will cross institutional boundaries and engage diverse stakeholders including consumers and industry partners, in both developed and developing nations, in the scientific discovery and implementation processes to build a plan for putting knowledge into action. This project is funded by the Office of International Science and Engineering (OISE).&lt;br/&gt;&lt;br/&gt;The Accelerating Research through International Network-to-Network Collaborations (AccelNet) program is designed to accelerate the process of scientific discovery and prepare the next generation of U.S. researchers for multiteam international collaborations. The AccelNet program supports strategic linkages among U.S. research networks and complementary networks abroad that will leverage research and educational resources to tackle grand scientific challenges that require significant coordinated international efforts.&lt;br/&gt;&lt;br/&gt;This award reflects NSF's statutory mission and has been deemed worthy of support through evaluation using the Foundation's intellectual merit and broader impacts review criteria.]]></AbstractNarration>
<MinAmdLetterDate>06/27/2022</MinAmdLetterDate>
<MaxAmdLetterDate>06/27/2022</MaxAmdLetterDate>
<ARRAAmount/>
<TRAN_TYPE>Grant</TRAN_TYPE>
<CFDA_NUM>47.079</CFDA_NUM>
<NSF_PAR_USE_FLAG>1</NSF_PAR_USE_FLAG>
<FUND_AGCY_CODE>4900</FUND_AGCY_CODE>
<AWDG_AGCY_CODE>4900</AWDG_AGCY_CODE>
<AwardID>2201335</AwardID>
<Investigator>
<FirstName>Rabi</FirstName>
<LastName>Mohtar</LastName>
<PI_MID_INIT>H</PI_MID_INIT>
<PI_SUFX_NAME/>
<PI_FULL_NAME>Rabi H Mohtar</PI_FULL_NAME>
<EmailAddress><![CDATA[mohtar@tamu.edu]]></EmailAddress>
<NSF_ID>000326273</NSF_ID>
<StartDate>06/27/2022</StartDate>
<EndDate/>
<RoleCode>Co-Principal Investigator</RoleCode>
</Investigator>
<Investigator>
<FirstName>Tala</FirstName>
<LastName>Awada</LastName>
<PI_MID_INIT/>
<PI_SUFX_NAME/>
<PI_FULL_NAME>Tala Awada</PI_FULL_NAME>
<EmailAddress><![CDATA[tawada2@unl.edu]]></EmailAddress>
<NSF_ID>000404228</NSF_ID>
<StartDate>06/27/2022</StartDate>
<EndDate/>
<RoleCode>Co-Principal Investigator</RoleCode>
</Investigator>
<Investigator>
<FirstName>Anita</FirstName>
<LastName>Thompson</LastName>
<PI_MID_INIT>M</PI_MID_INIT>
<PI_SUFX_NAME/>
<PI_FULL_NAME>Anita M Thompson</PI_FULL_NAME>
<EmailAddress><![CDATA[amthompson2@wisc.edu]]></EmailAddress>
<NSF_ID>000381825</NSF_ID>
<StartDate>06/27/2022</StartDate>
<EndDate/>
<RoleCode>Principal Investigator</RoleCode>
</Investigator>
<Investigator>
<FirstName>Prem</FirstName>
<LastName>Parajuli</LastName>
<PI_MID_INIT>B</PI_MID_INIT>
<PI_SUFX_NAME/>
<PI_FULL_NAME>Prem B Parajuli</PI_FULL_NAME>
<EmailAddress><![CDATA[pparajuli@abe.msstate.edu]]></EmailAddress>
<NSF_ID>000552627</NSF_ID>
<StartDate>06/27/2022</StartDate>
<EndDate/>
<RoleCode>Co-Principal Investigator</RoleCode>
</Investigator>
<Investigator>
<FirstName>Arthur</FirstName>
<LastName>Nash</LastName>
<PI_MID_INIT>L</PI_MID_INIT>
<PI_SUFX_NAME>Jr</PI_SUFX_NAME>
<PI_FULL_NAME>Arthur L Nash</PI_FULL_NAME>
<EmailAddress><![CDATA[alnashjr@alaska.edu]]></EmailAddress>
<NSF_ID>000821069</NSF_ID>
<StartDate>06/27/2022</StartDate>
<EndDate/>
<RoleCode>Co-Principal Investigator</RoleCode>
</Investigator>
<Institution>
<Name>University of Wisconsin-Madison</Name>
<CityName>MADISON</CityName>
<ZipCode>537151218</ZipCode>
<PhoneNumber>6082623822</PhoneNumber>
<StreetAddress>21 N PARK ST STE 6301</StreetAddress>
<StreetAddress2/>
<CountryName>United States</CountryName>
<StateName>Wisconsin</StateName>
<StateCode>WI</StateCode>
<CONGRESSDISTRICT>02</CONGRESSDISTRICT>
<CONGRESS_DISTRICT_ORG>WI02</CONGRESS_DISTRICT_ORG>
<ORG_UEI_NUM>LCLSJAGTNZQ7</ORG_UEI_NUM>
<ORG_LGL_BUS_NAME>UNIVERSITY OF WISCONSIN SYSTEM</ORG_LGL_BUS_NAME>
<ORG_PRNT_UEI_NUM>QAFKGG7YY396</ORG_PRNT_UEI_NUM>
</Institution>
<Performance_Institution>
<Name><![CDATA[University of Wisconsin-Madison]]></Name>
<CityName/>
<StateCode>WI</StateCode>
<ZipCode>537151218</ZipCode>
<StreetAddress/>
<CountryCode>US</CountryCode>
<CountryName>United States</CountryName>
<StateName>Wisconsin</StateName>
<CountryFlag>1</CountryFlag>
<CONGRESSDISTRICT>02</CONGRESSDISTRICT>
<CONGRESS_DISTRICT_PERF>WI02</CONGRESS_DISTRICT_PERF>
</Performance_Institution>
<ProgramElement>
<Code>069Y</Code>
<Text>AccelNet - Accelerating Resear</Text>
</ProgramElement>
<ProgramReference>
<Code>5935</Code>
<Text>FINLAND</Text>
</ProgramReference>
<ProgramReference>
<Code>5936</Code>
<Text>GERMANY (F.R.G.)</Text>
</ProgramReference>
<ProgramReference>
<Code>5939</Code>
<Text>US/USSR ACTIVITIES</Text>
</ProgramReference>
<ProgramReference>
<Code>5991</Code>
<Text>KENYA</Text>
</ProgramReference>
<ProgramReference>
<Code>6194</Code>
<Text>INDIA</Text>
</ProgramReference>
<ProgramReference>
<Code>7414</Code>
<Text>LEBANON</Text>
</ProgramReference>
<ProgramReference>
<Code>7561</Code>
<Text>CANADA</Text>
</ProgramReference>
<Appropriation>
<Code/>
<Name/>
<APP_SYMB_ID/>
</Appropriation>
<Fund>
<Code>01002223DB</Code>
<Name><![CDATA[NSF RESEARCH & RELATED ACTIVIT]]></Name>
<FUND_SYMB_ID>040100</FUND_SYMB_ID>
</Fund>
<FUND_OBLG>2022~249961</FUND_OBLG>
</Award>
</rootTag>
