<?xml version="1.0" encoding="UTF-8"?>
<rootTag>
<Award>
<AwardTitle>Expanding a Multi-skilled STEM Technician Pipeline to Meet Industry Needs</AwardTitle>
<AGENCY>NSF</AGENCY>
<AwardEffectiveDate>07/01/2022</AwardEffectiveDate>
<AwardExpirationDate>06/30/2025</AwardExpirationDate>
<AwardTotalIntnAmount>635012.00</AwardTotalIntnAmount>
<AwardAmount>635012</AwardAmount>
<AwardInstrument>
<Value>Standard Grant</Value>
</AwardInstrument>
<Organization>
<Code>11040100</Code>
<Directorate>
<Abbreviation>EHR</Abbreviation>
<LongName>Direct For Education and Human Resources</LongName>
</Directorate>
<Division>
<Abbreviation>DUE</Abbreviation>
<LongName>Division Of Undergraduate Education</LongName>
</Division>
</Organization>
<ProgramOfficer>
<SignBlockName>Mary Crowe</SignBlockName>
<PO_EMAI>mcrowe@nsf.gov</PO_EMAI>
<PO_PHON>7032927177</PO_PHON>
</ProgramOfficer>
<AbstractNarration>Johnston Community College’s (JCC) Expanding a Multi-skilled STEM Technician Pipeline to Meet Industry Needs “Bio Blend 2.0” seeks to better prepare students to meet biotechnology company hiring needs and to improve employment outcomes for underserved populations, specifically focusing our recruitment of neurodiverse individuals on the autism spectrum. JCC is located one hour south of Research Triangle Park in North Carolina, where the demand for well-trained and diverse biopharma technicians is growing and exceeding the number of technicians currently produced from local and regional community colleges. Bio Blend 2.0 will further modify Applied Engineering and Bioprocess Technology curriculum to provide access to distributed control system software (DeltaV), work-based learning, and internship opportunities with a goal of enrolling 50 students in years two and three of this project. The project will broaden participation of students with autism at JCC by 150%, leading to greater participation of neurodiverse individuals in Science, Technology, Engineering and Math (STEM) related programs. This three-year project will provide opportunities for DeltaV certification, Bio Blend certification, and Associates Degrees in Applied Engineering and Bioprocess Technology. Project results will include an increased number of trained technicians for local partners with national scalability for other colleges and industries.   &lt;br/&gt;&lt;br/&gt;Bio Blend 2.0 seeks to accomplish three goals: 1) Modify Bio Blend curriculum, course progression, and resources based on stakeholder feedback and expand to all degree students across both the Applied Engineering and Bioprocess Technology programs; 2) Improve the Talent Pipeline to meet workforce and industry needs by developing a work-based learning experience and soft-skills training; and 3) Increase neurodiversity in the Applied Engineering and Bioprocess Technology programs to include more individuals from the autism spectrum. As part of the Bio Blend 2.0 project, DeltaV, the distributed control system used by many biotech companies, will be embedded into the curriculum across both programs. The project will also increase diversity and inclusion as it relates to the neurodivergent population. This is based on local industry feedback, unemployment rates for this population, and familiarity with a successful STEM program specifically for individuals with autism at other colleges. Faculty will receive training in Universal Design for Learning (UDL) to support diverse learners. JCC will also offer summer professional development opportunities for middle and high school educators and career counselors to strengthen the pipeline from public schools to postsecondary technician education. Industry feedback through advisory council meetings, classroom support, and on-going communication will improve student engagement and project outcomes. JCC’s Career Coach will facilitate learning communities for all students with specific focus for neurodiverse students on the autism spectrum. Bio Blend 2.0 will ultimately produce a more diverse and talented group of students from Applied Engineering and Biotechnology, ready to enter the workforce with hands-on applicable experience and certifications to fill the local industry need. This project is funded by the Advanced Technological Education program that focuses on the education of technicians for the advanced-technology fields that drive the Nation’s economy.&lt;br/&gt;&lt;br/&gt;This award reflects NSF's statutory mission and has been deemed worthy of support through evaluation using the Foundation's intellectual merit and broader impacts review criteria.</AbstractNarration>
<MinAmdLetterDate>03/21/2022</MinAmdLetterDate>
<MaxAmdLetterDate>03/21/2022</MaxAmdLetterDate>
<ARRAAmount/>
<TRAN_TYPE>Grant</TRAN_TYPE>
<CFDA_NUM>47.076</CFDA_NUM>
<NSF_PAR_USE_FLAG>1</NSF_PAR_USE_FLAG>
<FUND_AGCY_CODE>4900</FUND_AGCY_CODE>
<AWDG_AGCY_CODE>4900</AWDG_AGCY_CODE>
<AwardID>2201663</AwardID>
<Investigator>
<FirstName>Melissa</FirstName>
<LastName>Robbins</LastName>
<PI_MID_INIT/>
<PI_SUFX_NAME/>
<PI_FULL_NAME>Melissa Robbins</PI_FULL_NAME>
<EmailAddress>mwrobbins@johnstoncc.edu</EmailAddress>
<PI_PHON>9197634629</PI_PHON>
<NSF_ID>000855297</NSF_ID>
<StartDate>03/21/2022</StartDate>
<EndDate/>
<RoleCode>Principal Investigator</RoleCode>
</Investigator>
<Investigator>
<FirstName>Julie</FirstName>
<LastName>Griffin</LastName>
<PI_MID_INIT/>
<PI_SUFX_NAME/>
<PI_FULL_NAME>Julie Griffin</PI_FULL_NAME>
<EmailAddress>jcgriffin@johnstoncc.edu</EmailAddress>
<PI_PHON>9196714727</PI_PHON>
<NSF_ID>000855315</NSF_ID>
<StartDate>03/21/2022</StartDate>
<EndDate/>
<RoleCode>Co-Principal Investigator</RoleCode>
</Investigator>
<Investigator>
<FirstName>Shawn</FirstName>
<LastName>Ford</LastName>
<PI_MID_INIT/>
<PI_SUFX_NAME/>
<PI_FULL_NAME>Shawn Ford</PI_FULL_NAME>
<EmailAddress>smford@johnstoncc.edu</EmailAddress>
<PI_PHON>9192092514</PI_PHON>
<NSF_ID>000856144</NSF_ID>
<StartDate>03/21/2022</StartDate>
<EndDate/>
<RoleCode>Co-Principal Investigator</RoleCode>
</Investigator>
<Investigator>
<FirstName>William</FirstName>
<LastName>Kirby</LastName>
<PI_MID_INIT>M</PI_MID_INIT>
<PI_SUFX_NAME/>
<PI_FULL_NAME>William M Kirby</PI_FULL_NAME>
<EmailAddress>wmkirby@johnstoncc.edu</EmailAddress>
<PI_PHON>9192092285</PI_PHON>
<NSF_ID>000800064</NSF_ID>
<StartDate>03/21/2022</StartDate>
<EndDate/>
<RoleCode>Co-Principal Investigator</RoleCode>
</Investigator>
<Institution>
<Name>Johnston Community College</Name>
<CityName>SMITHFIELD</CityName>
<ZipCode>275776055</ZipCode>
<PhoneNumber>9192092571</PhoneNumber>
<StreetAddress>245 COLLEGE RD</StreetAddress>
<StreetAddress2/>
<CountryName>United States</CountryName>
<StateName>North Carolina</StateName>
<StateCode>NC</StateCode>
<CONGRESSDISTRICT>07</CONGRESSDISTRICT>
<CONGRESS_DISTRICT_ORG>NC07</CONGRESS_DISTRICT_ORG>
<ORG_UEI_NUM>F6GULVFKKQA6</ORG_UEI_NUM>
<ORG_LGL_BUS_NAME>JOHNSTON COMMUNITY COLLEGE</ORG_LGL_BUS_NAME>
<ORG_PRNT_UEI_NUM>NNJ5RDSGNVP7</ORG_PRNT_UEI_NUM>
</Institution>
<Performance_Institution>
<Name><![CDATA[Johnston Community College]]></Name>
<CityName>Smithfield</CityName>
<StateCode>NC</StateCode>
<ZipCode>275773919</ZipCode>
<StreetAddress><![CDATA[PO Box 2350, 245 College Road]]></StreetAddress>
<CountryCode>US</CountryCode>
<CountryName>United States</CountryName>
<StateName>North Carolina</StateName>
<CountryFlag>1</CountryFlag>
<CONGRESSDISTRICT>07</CONGRESSDISTRICT>
<CONGRESS_DISTRICT_PERF>NC07</CONGRESS_DISTRICT_PERF>
</Performance_Institution>
<ProgramElement>
<Code>7412</Code>
<Text>Advanced Tech Education Prog</Text>
</ProgramElement>
<ProgramReference>
<Code>1032</Code>
<Text>ADVANCED TECHNOLOGY EDUCATION</Text>
</ProgramReference>
<ProgramReference>
<Code>9178</Code>
<Text>UNDERGRADUATE EDUCATION</Text>
</ProgramReference>
<ProgramReference>
<Code>SMET</Code>
<Text>SCIENCE, MATH, ENG &amp; TECH EDUCATION</Text>
</ProgramReference>
<FUND_OBLG>2022~635012</FUND_OBLG>
</Award>
</rootTag>
