<?xml version="1.0" encoding="UTF-8"?>
<rootTag>
<Award>
<AwardTitle><![CDATA[Continued Fundamental Studies on Secondary Eyewall Formation, Contraction and Dissipation]]></AwardTitle>
<AGENCY>NSF</AGENCY>
<AwardEffectiveDate>06/01/2022</AwardEffectiveDate>
<AwardExpirationDate>05/30/2026</AwardExpirationDate>
<AwardTotalIntnAmount>1110908.00</AwardTotalIntnAmount>
<AwardAmount>1110908</AwardAmount>
<AwardInstrument>
<Value>Interagency Agreement</Value>
</AwardInstrument>
<Organization>
<Code>06020100</Code>
<Directorate>
<Abbreviation>GEO</Abbreviation>
<LongName>Directorate For Geosciences</LongName>
</Directorate>
<Division>
<Abbreviation>AGS</Abbreviation>
<LongName>Div Atmospheric &amp; Geospace Sciences</LongName>
</Division>
</Organization>
<ProgramOfficer>
<SignBlockName>Nicholas Anderson</SignBlockName>
<PO_EMAI>nanderso@nsf.gov</PO_EMAI>
<PO_PHON>7032924715</PO_PHON>
</ProgramOfficer>
<AbstractNarration/>
<MinAmdLetterDate>06/16/2022</MinAmdLetterDate>
<MaxAmdLetterDate>06/16/2022</MaxAmdLetterDate>
<ARRAAmount/>
<TRAN_TYPE>Grant</TRAN_TYPE>
<CFDA_NUM>47.050</CFDA_NUM>
<NSF_PAR_USE_FLAG>1</NSF_PAR_USE_FLAG>
<FUND_AGCY_CODE>4900</FUND_AGCY_CODE>
<AWDG_AGCY_CODE>4900</AWDG_AGCY_CODE>
<AwardID>2201246</AwardID>
<Investigator>
<FirstName>Michael</FirstName>
<LastName>Montgomery</LastName>
<PI_MID_INIT>T</PI_MID_INIT>
<PI_SUFX_NAME/>
<PI_FULL_NAME>Michael T Montgomery</PI_FULL_NAME>
<EmailAddress><![CDATA[mtmontgo@nps.edu]]></EmailAddress>
<NSF_ID>000429697</NSF_ID>
<StartDate>06/16/2022</StartDate>
<EndDate/>
<RoleCode>Principal Investigator</RoleCode>
</Investigator>
<Investigator>
<FirstName>John</FirstName>
<LastName>Persing</LastName>
<PI_MID_INIT/>
<PI_SUFX_NAME/>
<PI_FULL_NAME>John Persing</PI_FULL_NAME>
<EmailAddress><![CDATA[jjpersin@nps.edu]]></EmailAddress>
<NSF_ID>000657106</NSF_ID>
<StartDate>06/16/2022</StartDate>
<EndDate/>
<RoleCode>Co-Principal Investigator</RoleCode>
</Investigator>
<Institution>
<Name>Naval Postgraduate School</Name>
<CityName>MONTEREY</CityName>
<ZipCode>939435098</ZipCode>
<PhoneNumber>8316562271</PhoneNumber>
<StreetAddress>1 UNIVERSITY CIR</StreetAddress>
<StreetAddress2/>
<CountryName>United States</CountryName>
<StateName>California</StateName>
<StateCode>CA</StateCode>
<CONGRESSDISTRICT>20</CONGRESSDISTRICT>
<CONGRESS_DISTRICT_ORG>CA20</CONGRESS_DISTRICT_ORG>
<ORG_UEI_NUM>CEPCN5K7EKU8</ORG_UEI_NUM>
<ORG_LGL_BUS_NAME>NAVAL POSTGRADUATE SCHOOL</ORG_LGL_BUS_NAME>
<ORG_PRNT_UEI_NUM>NW2RJN8TQQW1</ORG_PRNT_UEI_NUM>
</Institution>
<Performance_Institution>
<Name><![CDATA[Naval Postgraduate School]]></Name>
<CityName>Monterey</CityName>
<StateCode>CA</StateCode>
<ZipCode>939430002</ZipCode>
<StreetAddress><![CDATA[1 University Circle]]></StreetAddress>
<CountryCode>US</CountryCode>
<CountryName>United States</CountryName>
<StateName>California</StateName>
<CountryFlag>1</CountryFlag>
<CONGRESSDISTRICT>20</CONGRESSDISTRICT>
<CONGRESS_DISTRICT_PERF>CA20</CONGRESS_DISTRICT_PERF>
</Performance_Institution>
<ProgramElement>
<Code>1525</Code>
<Text>Physical &amp; Dynamic Meteorology</Text>
</ProgramElement>
<ProgramReference>
<Code>170E</Code>
<Text>Interagency Agreements</Text>
</ProgramReference>
<Appropriation>
<Code/>
<Name/>
<APP_SYMB_ID/>
</Appropriation>
<Fund>
<Code>01002223DB</Code>
<Name><![CDATA[NSF RESEARCH & RELATED ACTIVIT]]></Name>
<FUND_SYMB_ID>040100</FUND_SYMB_ID>
</Fund>
<FUND_OBLG>2022~1110908</FUND_OBLG>
</Award>
</rootTag>
