<?xml version="1.0" encoding="UTF-8"?>
<rootTag>
<Award>
<AwardTitle>Sulfenyl Chloride Electrophilic Addition to Olefinic Monomers: A New Step-Growth Polymerization Reaction to Prepare Optical Polymers</AwardTitle>
<AGENCY>NSF</AGENCY>
<AwardEffectiveDate>06/01/2022</AwardEffectiveDate>
<AwardExpirationDate>05/31/2025</AwardExpirationDate>
<AwardTotalIntnAmount>550000.00</AwardTotalIntnAmount>
<AwardAmount>176653</AwardAmount>
<AwardInstrument>
<Value>Continuing Grant</Value>
</AwardInstrument>
<Organization>
<Code>03090000</Code>
<Directorate>
<Abbreviation>MPS</Abbreviation>
<LongName>Direct For Mathematical &amp; Physical Scien</LongName>
</Directorate>
<Division>
<Abbreviation>CHE</Abbreviation>
<LongName>Division Of Chemistry</LongName>
</Division>
</Organization>
<ProgramOfficer>
<SignBlockName>Suk-Wah Tam-Chang</SignBlockName>
<PO_EMAI>stamchan@nsf.gov</PO_EMAI>
<PO_PHON>7032928684</PO_PHON>
</ProgramOfficer>
<AbstractNarration>With the support of the Macromolecular, Supramolecular and Nanochemistry Program in the Division of Chemistry, Professor Jeffrey Pyun and Professor Robert Norwood from the University of Arizona will develop novel approaches to the chemical synthesis of optical polymers.  Synthetic polymers, the main constituent of plastics, are ubiquitous in our everyday life.  Through the design and synthetic control of the chemical structures of polymers, polymer properties can be tailored for use in a wide range of applications.  This research project focuses on the investigation of chemical processes that will enable controlled polymerization of sulfide units into polymeric materials, which has significant potential to afford high refractive index, highly transparent optical plastics for use in consumer eye-ware, stretchable optical fiber and electro-optic devices.  Currently, the industrial production of plastic optical lenses requires the use of high-cost sulfur-containing monomers.  The Pyun and Norwood team aims to address this limitation by developing novel synthetic approaches that employ low-cost monomers as an alternative feedstock for high-volume manufacturing of next generation optical polymers.  Graduate and undergraduate students, including women and underrepresented minorities, will receive interdisciplinary research training on synthetic polymer chemistry, polymer processing, optical physics, materials characterization, and device integration.  In addition, Prof. Pyun and Prof. Norwood will expand a remote-research learning program to engage non-Chemistry and non-Optical Science majors in independent research activities.  &lt;br/&gt;&lt;br/&gt;Specifically, the research team will develop a new step-growth polymerization process based on the electrophilic addition of sulfenyl chlorides to olefinic monomers. The synthesis of polyhalodisulfide materials and halogen free polydisulfides will be explored.  The new science of the project will focus on the fundamental polymerization chemistry required to afford homopolymers, segmented block copolymers, thermoplastics and thermosets. Monomer reactivity will be studied to determine polymerization mechanisms and kinetics. The structural factors that influence the optical properties as well as the chemical and thermal stabilities of the polymers will be examined.&lt;br/&gt;&lt;br/&gt;This award reflects NSF's statutory mission and has been deemed worthy of support through evaluation using the Foundation's intellectual merit and broader impacts review criteria.</AbstractNarration>
<MinAmdLetterDate>04/26/2022</MinAmdLetterDate>
<MaxAmdLetterDate>04/26/2022</MaxAmdLetterDate>
<ARRAAmount/>
<TRAN_TYPE>Grant</TRAN_TYPE>
<CFDA_NUM>47.049</CFDA_NUM>
<NSF_PAR_USE_FLAG>1</NSF_PAR_USE_FLAG>
<FUND_AGCY_CODE>4900</FUND_AGCY_CODE>
<AWDG_AGCY_CODE>4900</AWDG_AGCY_CODE>
<AwardID>2201155</AwardID>
<Investigator>
<FirstName>Robert</FirstName>
<LastName>Norwood</LastName>
<PI_MID_INIT>A</PI_MID_INIT>
<PI_SUFX_NAME/>
<PI_FULL_NAME>Robert A Norwood</PI_FULL_NAME>
<EmailAddress>rnorwood@optics.arizona.edu</EmailAddress>
<PI_PHON>5206260936</PI_PHON>
<NSF_ID>000221967</NSF_ID>
<StartDate>04/26/2022</StartDate>
<EndDate/>
<RoleCode>Co-Principal Investigator</RoleCode>
</Investigator>
<Investigator>
<FirstName>Jeffrey</FirstName>
<LastName>Pyun</LastName>
<PI_MID_INIT/>
<PI_SUFX_NAME/>
<PI_FULL_NAME>Jeffrey Pyun</PI_FULL_NAME>
<EmailAddress>jpyun@email.arizona.edu</EmailAddress>
<PI_PHON>5206261834</PI_PHON>
<NSF_ID>000170926</NSF_ID>
<StartDate>04/26/2022</StartDate>
<EndDate/>
<RoleCode>Principal Investigator</RoleCode>
</Investigator>
<Institution>
<Name>University of Arizona</Name>
<CityName>TUCSON</CityName>
<ZipCode>857194824</ZipCode>
<PhoneNumber>5206266000</PhoneNumber>
<StreetAddress>888 N EUCLID AVE RM 510</StreetAddress>
<StreetAddress2/>
<CountryName>United States</CountryName>
<StateName>Arizona</StateName>
<StateCode>AZ</StateCode>
<CONGRESSDISTRICT>03</CONGRESSDISTRICT>
<CONGRESS_DISTRICT_ORG>AZ03</CONGRESS_DISTRICT_ORG>
<ORG_UEI_NUM>ED44Y3W6P7B9</ORG_UEI_NUM>
<ORG_LGL_BUS_NAME>UNIVERSITY OF ARIZONA</ORG_LGL_BUS_NAME>
<ORG_PRNT_UEI_NUM>RC5JBKFSQPM6</ORG_PRNT_UEI_NUM>
</Institution>
<Performance_Institution>
<Name><![CDATA[University of Arizona]]></Name>
<CityName>Tucson</CityName>
<StateCode>AZ</StateCode>
<ZipCode>857210041</ZipCode>
<StreetAddress><![CDATA[PO Box 210041, Rm 319]]></StreetAddress>
<CountryCode>US</CountryCode>
<CountryName>United States</CountryName>
<StateName>Arizona</StateName>
<CountryFlag>1</CountryFlag>
<CONGRESSDISTRICT>03</CONGRESSDISTRICT>
<CONGRESS_DISTRICT_PERF>AZ03</CONGRESS_DISTRICT_PERF>
</Performance_Institution>
<ProgramElement>
<Code>6885</Code>
<Text>Macromolec/Supramolec/Nano</Text>
</ProgramElement>
<ProgramReference>
<Code>8037</Code>
<Text>Advanced Manufacturing</Text>
</ProgramReference>
<FUND_OBLG>2022~176653</FUND_OBLG>
</Award>
</rootTag>
