<?xml version="1.0" encoding="UTF-8"?>
<rootTag>
<Award>
<AwardTitle>I-Corps:  Development of an Antimicrobial Enzyme-Imbedded Bandage for Wound Care</AwardTitle>
<AGENCY>NSF</AGENCY>
<AwardEffectiveDate>03/15/2022</AwardEffectiveDate>
<AwardExpirationDate>08/31/2022</AwardExpirationDate>
<AwardTotalIntnAmount>50000.00</AwardTotalIntnAmount>
<AwardAmount>50000</AwardAmount>
<AwardInstrument>
<Value>Standard Grant</Value>
</AwardInstrument>
<Organization>
<Code>15030000</Code>
<Directorate>
<Abbreviation>TIP</Abbreviation>
<LongName>Dir for Tech, Innovation, &amp; Partnerships</LongName>
</Directorate>
<Division>
<Abbreviation>TI</Abbreviation>
<LongName>Translational Impacts</LongName>
</Division>
</Organization>
<ProgramOfficer>
<SignBlockName>Ruth Shuman</SignBlockName>
<PO_EMAI>rshuman@nsf.gov</PO_EMAI>
<PO_PHON>7032922160</PO_PHON>
</ProgramOfficer>
<AbstractNarration>The broader impact/commercial potential of this I-Corps project is the development of a material that may be activated by the wound and continuously produce a natural antimicrobial, hydrogen peroxide, until the clotting of the wound. Compared with existing products, this technology has an enhanced sterilization strength, does not use traditional antibiotics (no resistance concern), and could broadly kill pathogens. An example group of users is medical professionals or personnel that seek sterilization and protection to treat mild to moderate abrasions, cuts, and burns. Potential customers include physicians treating burns, skin surgeons, primary care doctors, and general populations. Besides wound applications, the technology may be adapted for other medical products for sterilization, e.g., incorporation into the membranes of face masks.&lt;br/&gt;&lt;br/&gt;This I-Corps project is based on the development of a material that may inhibit bacterial growth on the surface of the skin using the enzyme glucose oxidase (GOx). This technology may confirm the viability of GOx alone or in conjunction with other materials such as silver nanoparticles (AgNP) as an alternative to antibiotics in preventing bacterial growth on wounds. This proposed approach of preventing wound infections using GOx shows continued efficacy in acidic environments, and greatly improves growth reduction in gram-positive bacteria and gram-negative bacteria. Preliminary data shows a significant reduction in bacterial colony forming units (CFU) using GOx that has been fixed to a paper membrane. It is expected that the GOx paper membrane or GOx alone could be easily added to bandages or other materials to form antimicrobial wound care products.&lt;br/&gt;&lt;br/&gt;This award reflects NSF's statutory mission and has been deemed worthy of support through evaluation using the Foundation's intellectual merit and broader impacts review criteria.</AbstractNarration>
<MinAmdLetterDate>03/10/2022</MinAmdLetterDate>
<MaxAmdLetterDate>03/10/2022</MaxAmdLetterDate>
<ARRAAmount/>
<TRAN_TYPE>Grant</TRAN_TYPE>
<CFDA_NUM>47.041</CFDA_NUM>
<NSF_PAR_USE_FLAG>1</NSF_PAR_USE_FLAG>
<FUND_AGCY_CODE>4900</FUND_AGCY_CODE>
<AWDG_AGCY_CODE>4900</AWDG_AGCY_CODE>
<AwardID>2201992</AwardID>
<Investigator>
<FirstName>Shanzhi</FirstName>
<LastName>Wang</LastName>
<PI_MID_INIT/>
<PI_SUFX_NAME/>
<PI_FULL_NAME>Shanzhi Wang</PI_FULL_NAME>
<EmailAddress>sxwang2@ualr.edu</EmailAddress>
<PI_PHON>5015698474</PI_PHON>
<NSF_ID>000743414</NSF_ID>
<StartDate>03/10/2022</StartDate>
<EndDate/>
<RoleCode>Principal Investigator</RoleCode>
</Investigator>
<Institution>
<Name>University of Arkansas Little Rock</Name>
<CityName>LITTLE ROCK</CityName>
<ZipCode>722041000</ZipCode>
<PhoneNumber>5015698474</PhoneNumber>
<StreetAddress>2801 S UNIVERSITY AVE</StreetAddress>
<StreetAddress2/>
<CountryName>United States</CountryName>
<StateName>Arkansas</StateName>
<StateCode>AR</StateCode>
<CONGRESSDISTRICT>02</CONGRESSDISTRICT>
<CONGRESS_DISTRICT_ORG>AR02</CONGRESS_DISTRICT_ORG>
<ORG_UEI_NUM>DBP4N9GHCA14</ORG_UEI_NUM>
<ORG_LGL_BUS_NAME>UNIVERSITY OF ARKANSAS SYSTEM</ORG_LGL_BUS_NAME>
<ORG_PRNT_UEI_NUM>CBQ1T88L7TC6</ORG_PRNT_UEI_NUM>
</Institution>
<Performance_Institution>
<Name><![CDATA[University of Arkansas Little Rock]]></Name>
<CityName>Little Rock</CityName>
<StateCode>AR</StateCode>
<ZipCode>722041000</ZipCode>
<StreetAddress><![CDATA[2801 South University]]></StreetAddress>
<CountryCode>US</CountryCode>
<CountryName>United States</CountryName>
<StateName>Arkansas</StateName>
<CountryFlag>1</CountryFlag>
<CONGRESSDISTRICT>02</CONGRESSDISTRICT>
<CONGRESS_DISTRICT_PERF>AR02</CONGRESS_DISTRICT_PERF>
</Performance_Institution>
<ProgramElement>
<Code>8023</Code>
<Text>I-Corps</Text>
</ProgramElement>
<ProgramReference>
<Code>7573</Code>
<Text>BIO-RELATED MATERIALS RESEARCH</Text>
</ProgramReference>
<ProgramReference>
<Code>9150</Code>
<Text>EXP PROG TO STIM COMP RES</Text>
</ProgramReference>
<FUND_OBLG>2022~50000</FUND_OBLG>
</Award>
</rootTag>
