<?xml version="1.0" encoding="UTF-8"?>
<rootTag>
<Award>
<AwardTitle><![CDATA[CC* Regional: Campus Research &amp; Education Multiple Organization Regional OneOklahoma Friction Free Network (CaRE-MORe-OFFN)]]></AwardTitle>
<AGENCY>NSF</AGENCY>
<AwardEffectiveDate>07/01/2022</AwardEffectiveDate>
<AwardExpirationDate>06/30/2024</AwardExpirationDate>
<AwardTotalIntnAmount>942263.00</AwardTotalIntnAmount>
<AwardAmount>942263</AwardAmount>
<AwardInstrument>
<Value>Standard Grant</Value>
</AwardInstrument>
<Organization>
<Code>05090000</Code>
<Directorate>
<Abbreviation>CSE</Abbreviation>
<LongName>Direct For Computer &amp; Info Scie &amp; Enginr</LongName>
</Directorate>
<Division>
<Abbreviation>OAC</Abbreviation>
<LongName>Office of Advanced Cyberinfrastructure (OAC)</LongName>
</Division>
</Organization>
<ProgramOfficer>
<SignBlockName>Kevin Thompson</SignBlockName>
<PO_EMAI>kthompso@nsf.gov</PO_EMAI>
<PO_PHON>7032924220</PO_PHON>
</ProgramOfficer>
<AbstractNarration><![CDATA[This award is funded in whole or in part under the American Rescue Plan Act of 2021 (Public Law 117-2).&lt;br/&gt;&lt;br/&gt;This project aims to connect two Oklahoma universities and to upgrade the OneOklahoma Friction Free Network (OFFN) connections of two other universities (all at 10 Gbps) to the existing Regional OneOklahoma Friction Free Network, OneNet’s separate ultra-high-speed regional Science DMZ. The College of the Muscogee Nation (CMN) and Murray State College (MSC) will be the new connections and Oklahoma State University Institute of Technology (OSUIT) and Rogers State University (RSU) will obtain upgraded connections. The project will also engage the four institutions to drive workloads. The Campus Research &amp; Education Multiple Organization Regional OneOklahoma Friction Free Network (CaRE-MORe-OFFN) will support research and education drivers in cybersecurity, distance learning, natural resources and agriculture. Access to enhanced cyberinfrastructure resources will provide a foundation to build new and diverse research opportunities for faculty and students. CaRE-MORe-OFFN has the potential to strengthen state network partnerships by fostering broader collaboration pathways through exposure to leading researchers and cyberinfrastructure practitioners. As a result, a diverse population of Native American and first-generation students will have access to these cyberinfrastructure resources, increasing gateways to academic content that will facilitate their abilities to develop 21st century workforce skills that benefit their communities.&lt;br/&gt;&lt;br/&gt;CaRE-MORe-OFFN extends the OneOklahoma Friction Free Network to under-resourced campuses by implementing Science DMZs, Data Transfer Nodes, and network performance monitoring capabilities in support of science application drivers, integrating these capabilities with similar capabilities at other institutions across Oklahoma. The project also upgrades bandwidth and OFFN connectivity for two campuses to 10Gbps. CaRE-MORe-OFFN offers technical personnel at each campus the opportunity to improve skill sets and facilitates cross-campus collaborations through shared uses of computing tools, scientific equipment, and educational materials by engaging faculty and students in the larger OneOklahoma CyberInfrastructure Initiative (OneOCII). OFFN is managed by OneNet, Oklahoma’s research and education network, and scientific leadership is provided by the University of Oklahoma. The project has potential to improve access to high-speed networking for a new group of four under-resourced institutions. &lt;br/&gt;&lt;br/&gt;This project is funded through the collaborative efforts of the Office of Advanced Cyberinfrastructure (OAC) and the Established Program to Stimulate Competitive Research (EPSCoR).&lt;br/&gt;&lt;br/&gt;This award reflects NSF's statutory mission and has been deemed worthy of support through evaluation using the Foundation's intellectual merit and broader impacts review criteria.]]></AbstractNarration>
<MinAmdLetterDate>05/04/2022</MinAmdLetterDate>
<MaxAmdLetterDate>06/02/2022</MaxAmdLetterDate>
<ARRAAmount/>
<TRAN_TYPE>Grant</TRAN_TYPE>
<CFDA_NUM>47.070, 47.083</CFDA_NUM>
<NSF_PAR_USE_FLAG>1</NSF_PAR_USE_FLAG>
<FUND_AGCY_CODE>4900</FUND_AGCY_CODE>
<AWDG_AGCY_CODE>4900</AWDG_AGCY_CODE>
<AwardID>2201442</AwardID>
<Investigator>
<FirstName>Brian</FirstName>
<LastName>Burkhart</LastName>
<PI_MID_INIT>C</PI_MID_INIT>
<PI_SUFX_NAME/>
<PI_FULL_NAME>Brian C Burkhart</PI_FULL_NAME>
<EmailAddress><![CDATA[brian@onenet.net]]></EmailAddress>
<NSF_ID>000820098</NSF_ID>
<StartDate>05/04/2022</StartDate>
<EndDate/>
<RoleCode>Principal Investigator</RoleCode>
</Investigator>
<Investigator>
<FirstName>Sky</FirstName>
<LastName>Pettett</LastName>
<PI_MID_INIT>P</PI_MID_INIT>
<PI_SUFX_NAME/>
<PI_FULL_NAME>Sky P Pettett</PI_FULL_NAME>
<EmailAddress><![CDATA[sky@onenet.net]]></EmailAddress>
<NSF_ID>000820074</NSF_ID>
<StartDate>05/04/2022</StartDate>
<EndDate/>
<RoleCode>Co-Principal Investigator</RoleCode>
</Investigator>
<Investigator>
<FirstName>April</FirstName>
<LastName>Goode</LastName>
<PI_MID_INIT>D</PI_MID_INIT>
<PI_SUFX_NAME/>
<PI_FULL_NAME>April D Goode</PI_FULL_NAME>
<EmailAddress><![CDATA[april@onenet.net]]></EmailAddress>
<NSF_ID>000843229</NSF_ID>
<StartDate>05/04/2022</StartDate>
<EndDate/>
<RoleCode>Co-Principal Investigator</RoleCode>
</Investigator>
<Investigator>
<FirstName>Mekko</FirstName>
<LastName>Tyner</LastName>
<PI_MID_INIT/>
<PI_SUFX_NAME/>
<PI_FULL_NAME>Mekko Tyner</PI_FULL_NAME>
<EmailAddress><![CDATA[mtyner@cmn.edu]]></EmailAddress>
<NSF_ID>000864625</NSF_ID>
<StartDate>05/04/2022</StartDate>
<EndDate/>
<RoleCode>Co-Principal Investigator</RoleCode>
</Investigator>
<Investigator>
<FirstName>Kyle</FirstName>
<LastName>McCulloch</LastName>
<PI_MID_INIT>R</PI_MID_INIT>
<PI_SUFX_NAME/>
<PI_FULL_NAME>Kyle R McCulloch</PI_FULL_NAME>
<EmailAddress><![CDATA[kyle.mcculloch@okstate.edu]]></EmailAddress>
<NSF_ID>000864401</NSF_ID>
<StartDate>05/04/2022</StartDate>
<EndDate>06/02/2022</EndDate>
<RoleCode>Former Co-Principal Investigator</RoleCode>
</Investigator>
<Investigator>
<FirstName>Thomas</FirstName>
<LastName>Stryker</LastName>
<PI_MID_INIT>J</PI_MID_INIT>
<PI_SUFX_NAME/>
<PI_FULL_NAME>Thomas J Stryker</PI_FULL_NAME>
<EmailAddress><![CDATA[tj.stryker@okstate.edu]]></EmailAddress>
<NSF_ID>000879913</NSF_ID>
<StartDate>06/02/2022</StartDate>
<EndDate/>
<RoleCode>Co-Principal Investigator</RoleCode>
</Investigator>
<Institution>
<Name>OKLAHOMA STATE REGENTS FOR HIGHER EDUCATION</Name>
<CityName>OKLAHOMA CITY</CityName>
<ZipCode>731046217</ZipCode>
<PhoneNumber>4056309620</PhoneNumber>
<StreetAddress>655 RESEARCH PKWY STE 200</StreetAddress>
<StreetAddress2/>
<CountryName>United States</CountryName>
<StateName>Oklahoma</StateName>
<StateCode>OK</StateCode>
<CONGRESSDISTRICT>05</CONGRESSDISTRICT>
<CONGRESS_DISTRICT_ORG>OK05</CONGRESS_DISTRICT_ORG>
<ORG_UEI_NUM>KMULKMS8G9T8</ORG_UEI_NUM>
<ORG_LGL_BUS_NAME>OKLAHOMA STATE REGENTS FOR HIGHER EDUCATION</ORG_LGL_BUS_NAME>
<ORG_PRNT_UEI_NUM/>
</Institution>
<Performance_Institution>
<Name><![CDATA[OKLAHOMA STATE REGENTS FOR HIGHER EDUCATION]]></Name>
<CityName>Oklahoma City</CityName>
<StateCode>OK</StateCode>
<ZipCode>731046217</ZipCode>
<StreetAddress><![CDATA[655 Research Parkway]]></StreetAddress>
<CountryCode>US</CountryCode>
<CountryName>United States</CountryName>
<StateName>Oklahoma</StateName>
<CountryFlag>1</CountryFlag>
<CONGRESSDISTRICT>05</CONGRESSDISTRICT>
<CONGRESS_DISTRICT_PERF>OK05</CONGRESS_DISTRICT_PERF>
</Performance_Institution>
<ProgramElement>
<Code>9150</Code>
<Text>EPSCoR Co-Funding</Text>
</ProgramElement>
<ProgramReference>
<Code>9102</Code>
<Text>WOMEN, MINORITY, DISABLED, NEC</Text>
</ProgramReference>
<ProgramReference>
<Code>9150</Code>
<Text>EXP PROG TO STIM COMP RES</Text>
</ProgramReference>
<FUND_OBLG>2022~942263</FUND_OBLG>
</Award>
</rootTag>
