<?xml version="1.0" encoding="UTF-8"?>
<rootTag>
<Award>
<AwardTitle>Developing a Technician Training Program for the Advanced Manufacturing Workforce</AwardTitle>
<AGENCY>NSF</AGENCY>
<AwardEffectiveDate>06/01/2022</AwardEffectiveDate>
<AwardExpirationDate>05/31/2025</AwardExpirationDate>
<AwardTotalIntnAmount>345725.00</AwardTotalIntnAmount>
<AwardAmount>345725</AwardAmount>
<AwardInstrument>
<Value>Standard Grant</Value>
</AwardInstrument>
<Organization>
<Code>11040100</Code>
<Directorate>
<Abbreviation>EHR</Abbreviation>
<LongName>Direct For Education and Human Resources</LongName>
</Directorate>
<Division>
<Abbreviation>DUE</Abbreviation>
<LongName>Division Of Undergraduate Education</LongName>
</Division>
</Organization>
<ProgramOfficer>
<SignBlockName>Paul Tymann</SignBlockName>
<PO_EMAI>ptymann@nsf.gov</PO_EMAI>
<PO_PHON>7032922832</PO_PHON>
</ProgramOfficer>
<AbstractNarration>As the manufacturing sector in the United States continues to evolve, the need for a highly skilled workforce is increasing. As a result, the nation is experiencing a critical shortage of trained professionals who have the skills required to function in an advanced manufacturing environment. This project will improve and expand technical training opportunities in advanced manufacturing at Ozarks Technical Community College (OTC). As one of the few programs of this kind in the Midwest, this program will provide both the workers that employers are searching for as well as establishing an educational pipeline for students interested in manufacturing. Exploration opportunities for K-12 students will be developed to build interest in manufacturing trades. Students who gain an interest in automation through one of OTC’s tours or summer camps will have the opportunity to earn a degree in advanced manufacturing. These will then be qualified to fill one of the high-demand positions in advanced manufacturing available at area employers. &lt;br/&gt;&lt;br/&gt;This project has two overarching goals, 1) improve and expand automation and robotics instruction for manufacturing at two-year colleges, and 2) increase the awareness of automation and robotics career pathways for secondary students. The resulting programs, developed with input from industry stakeholders, will focus on critical areas such as robotic programming and maintenance, integration of programmable automation controllers into the manufacturing process, and development of IT infrastructure to support automated systems. To address the gap in skilled workers, the program will develop a secondary to post-secondary talent pipeline, utilizing a layered approach to begin building interest in automation and robotics early in high school. The program will develop a series of experiences that allow secondary students to develop an interest in the field. This method will allow multiple entry points and varying levels of involvement to develop a workforce prepared for the needs of Industry 4.0.&lt;br/&gt;&lt;br/&gt;This project is funded by the Advanced Technological Education program that focuses on the education of technicians for the advanced-technology fields that drive the Nation's economy.&lt;br/&gt;&lt;br/&gt;This award reflects NSF's statutory mission and has been deemed worthy of support through evaluation using the Foundation's intellectual merit and broader impacts review criteria.</AbstractNarration>
<MinAmdLetterDate>06/01/2022</MinAmdLetterDate>
<MaxAmdLetterDate>06/01/2022</MaxAmdLetterDate>
<ARRAAmount/>
<TRAN_TYPE>Grant</TRAN_TYPE>
<CFDA_NUM>47.076</CFDA_NUM>
<NSF_PAR_USE_FLAG>1</NSF_PAR_USE_FLAG>
<FUND_AGCY_CODE>4900</FUND_AGCY_CODE>
<AWDG_AGCY_CODE>4900</AWDG_AGCY_CODE>
<AwardID>2201692</AwardID>
<Investigator>
<FirstName>Danelle</FirstName>
<LastName>Maxwell</LastName>
<PI_MID_INIT/>
<PI_SUFX_NAME/>
<PI_FULL_NAME>Danelle Maxwell</PI_FULL_NAME>
<EmailAddress>maxwelld@otc.edu</EmailAddress>
<PI_PHON>4174478273</PI_PHON>
<NSF_ID>000864840</NSF_ID>
<StartDate>06/01/2022</StartDate>
<EndDate/>
<RoleCode>Principal Investigator</RoleCode>
</Investigator>
<Investigator>
<FirstName>Jacque</FirstName>
<LastName>Harris</LastName>
<PI_MID_INIT/>
<PI_SUFX_NAME/>
<PI_FULL_NAME>Jacque Harris</PI_FULL_NAME>
<EmailAddress>harrisja@otc.edu</EmailAddress>
<PI_PHON>4174472628</PI_PHON>
<NSF_ID>000865967</NSF_ID>
<StartDate>06/01/2022</StartDate>
<EndDate/>
<RoleCode>Co-Principal Investigator</RoleCode>
</Investigator>
<Investigator>
<FirstName>Robert</FirstName>
<LastName>Randolph</LastName>
<PI_MID_INIT/>
<PI_SUFX_NAME/>
<PI_FULL_NAME>Robert Randolph</PI_FULL_NAME>
<EmailAddress>randolphr@otc.edu</EmailAddress>
<PI_PHON>4174477851</PI_PHON>
<NSF_ID>000865970</NSF_ID>
<StartDate>06/01/2022</StartDate>
<EndDate/>
<RoleCode>Co-Principal Investigator</RoleCode>
</Investigator>
<Investigator>
<FirstName>Landon</FirstName>
<LastName>Vinson</LastName>
<PI_MID_INIT/>
<PI_SUFX_NAME/>
<PI_FULL_NAME>Landon Vinson</PI_FULL_NAME>
<EmailAddress>vinsonl@otc.edu</EmailAddress>
<PI_PHON>4174476615</PI_PHON>
<NSF_ID>000865992</NSF_ID>
<StartDate>06/01/2022</StartDate>
<EndDate/>
<RoleCode>Co-Principal Investigator</RoleCode>
</Investigator>
<Institution>
<Name>Ozarks Technical Community College</Name>
<CityName>SPRINGFIELD</CityName>
<ZipCode>658023601</ZipCode>
<PhoneNumber>4174474842</PhoneNumber>
<StreetAddress>1001 E CHESTNUT EXPY</StreetAddress>
<StreetAddress2/>
<CountryName>United States</CountryName>
<StateName>Missouri</StateName>
<StateCode>MO</StateCode>
<CONGRESSDISTRICT>07</CONGRESSDISTRICT>
<CONGRESS_DISTRICT_ORG>MO07</CONGRESS_DISTRICT_ORG>
<ORG_UEI_NUM>DA4LJYTWYH16</ORG_UEI_NUM>
<ORG_LGL_BUS_NAME>COMMUNITY COLLEGE DISTRICT OF CENTRAL SW MO</ORG_LGL_BUS_NAME>
<ORG_PRNT_UEI_NUM>D2N5VAXMEV65</ORG_PRNT_UEI_NUM>
</Institution>
<Performance_Institution>
<Name><![CDATA[Ozarks Technical Community College]]></Name>
<CityName>SPRINGFIELD</CityName>
<StateCode>MO</StateCode>
<ZipCode>658023625</ZipCode>
<StreetAddress><![CDATA[1001 E CHESTNUT EXPY]]></StreetAddress>
<CountryCode>US</CountryCode>
<CountryName>United States</CountryName>
<StateName>Missouri</StateName>
<CountryFlag>1</CountryFlag>
<CONGRESSDISTRICT>07</CONGRESSDISTRICT>
<CONGRESS_DISTRICT_PERF>MO07</CONGRESS_DISTRICT_PERF>
</Performance_Institution>
<ProgramElement>
<Code>7412</Code>
<Text>Advanced Tech Education Prog</Text>
</ProgramElement>
<ProgramReference>
<Code>1032</Code>
<Text>ADVANCED TECHNOLOGY EDUCATION</Text>
</ProgramReference>
<ProgramReference>
<Code>9178</Code>
<Text>UNDERGRADUATE EDUCATION</Text>
</ProgramReference>
<ProgramReference>
<Code>SMET</Code>
<Text>SCIENCE, MATH, ENG &amp; TECH EDUCATION</Text>
</ProgramReference>
<FUND_OBLG>2022~345725</FUND_OBLG>
</Award>
</rootTag>
