<?xml version="1.0" encoding="UTF-8"?>
<rootTag>
<Award>
<AwardTitle><![CDATA[Dialogic gesture in collaborative sense making in physics]]></AwardTitle>
<AGENCY>NSF</AGENCY>
<AwardEffectiveDate>07/01/2022</AwardEffectiveDate>
<AwardExpirationDate>06/30/2025</AwardExpirationDate>
<AwardTotalIntnAmount>497798.00</AwardTotalIntnAmount>
<AwardAmount>373617</AwardAmount>
<AwardInstrument>
<Value>Continuing Grant</Value>
</AwardInstrument>
<Organization>
<Code>11040000</Code>
<Directorate>
<Abbreviation>EHR</Abbreviation>
<LongName>Direct For Education and Human Resources</LongName>
</Directorate>
<Division>
<Abbreviation>DUE</Abbreviation>
<LongName>Division Of Undergraduate Education</LongName>
</Division>
</Organization>
<ProgramOfficer>
<SignBlockName>Jill Nelson</SignBlockName>
<PO_EMAI>jnelson@nsf.gov</PO_EMAI>
<PO_PHON>7032924359</PO_PHON>
</ProgramOfficer>
<AbstractNarration><![CDATA[Active, collaborative learning approaches are widely seen as effective ways for students to learn undergraduate science, technology, engineering, and mathematics (STEM). However, learning outcomes are highly contingent on the quality of the interactional processes in which students engage. There is a great deal of research on successful verbal communicational practices in group work, but little is known about how nonverbal communicational practices like gesture contribute to successful collaboration. Previous research shows that when groups are responsive to, take up, and discuss one another’s spoken ideas, they are more successful at collaborative problem solving in STEM. In this project, researchers will investigate (1) how students are responsive to, take up, exchange, or interact with each other’s gestures while working together, and (2) how this behavior shapes or constrains groups’ problem solving and sense making in introductory undergraduate physics. This project will improve our understanding of the role nonverbal communication plays in collaborative learning, and it will contribute to the development of broader, more expansive, and inclusive definitions of the competencies and practices involved in learning and doing STEM.&lt;br/&gt;&lt;br/&gt;In this project, researchers will analyze an existing large video corpus of active, collaborative physics learning in an algebra-based introductory undergraduate physics course using the Collaborative Learning through Active Sense-Making in Physics (CLASP) curriculum at a Hispanic, Asian American and Native American Pacific Islander-Serving Institution, where diverse groups of students engage in group sense making to model the energy dynamics in mechanics scenarios. After creating a comprehensive content log of the video corpus, the team will code the corpus for representational gesture use to identify the forms of dialogic gesture used by physics groups. Using multimodal conversation analysis, researchers will then characterize the communicational functions of these dialogic gestures and create a taxonomy of dialogic gesture types. Researchers will examine how students’ use of certain types of dialogic gesture contributes to (or constrains) groups’ sense-making practices in physics as part of developing accurate and robust scientific models. This project will make fundamental contributions to advance current theoretical understandings of learning and communication in STEM by (1) creating a taxonomy of forms and functions of dialogic gesture types that students use in collaborative physics learning, (2) identifying and characterizing mechanisms by which dialogic gesture use supports (or constrains) sense making practices, and (3) characterizing relationships between students’ use of dialogic gesture and sense making outcomes in physics. This project will highlight, identify, and characterize assets (in the form of communicational resources) that a diverse set of students bring to the classroom.&lt;br/&gt;&lt;br/&gt;This project is supported by NSF's EHR Core Research (ECR) program. The ECR program emphasizes fundamental STEM education research that generates foundational knowledge in the field. Investments are made in critical areas that are essential, broad and enduring: STEM learning and STEM learning environments, broadening participation in STEM, and STEM workforce development. The program supports the accumulation of robust evidence to inform efforts to understand, build theory to explain, and suggest intervention and innovations to address persistent challenges in STEM interest, education, learning and participation.&lt;br/&gt;&lt;br/&gt;This award reflects NSF's statutory mission and has been deemed worthy of support through evaluation using the Foundation's intellectual merit and broader impacts review criteria.]]></AbstractNarration>
<MinAmdLetterDate>06/07/2022</MinAmdLetterDate>
<MaxAmdLetterDate>06/07/2022</MaxAmdLetterDate>
<ARRAAmount/>
<TRAN_TYPE>Grant</TRAN_TYPE>
<CFDA_NUM>47.076</CFDA_NUM>
<NSF_PAR_USE_FLAG>1</NSF_PAR_USE_FLAG>
<FUND_AGCY_CODE>4900</FUND_AGCY_CODE>
<AWDG_AGCY_CODE>4900</AWDG_AGCY_CODE>
<AwardID>2201821</AwardID>
<Investigator>
<FirstName>Benedikt</FirstName>
<LastName>Harrer</LastName>
<PI_MID_INIT>W</PI_MID_INIT>
<PI_SUFX_NAME/>
<PI_FULL_NAME>Benedikt W Harrer</PI_FULL_NAME>
<EmailAddress><![CDATA[bwharrer@buffalo.edu]]></EmailAddress>
<NSF_ID>000694506</NSF_ID>
<StartDate>06/07/2022</StartDate>
<EndDate/>
<RoleCode>Co-Principal Investigator</RoleCode>
</Investigator>
<Investigator>
<FirstName>Virginia</FirstName>
<LastName>Flood</LastName>
<PI_MID_INIT>J</PI_MID_INIT>
<PI_SUFX_NAME/>
<PI_FULL_NAME>Virginia J Flood</PI_FULL_NAME>
<EmailAddress><![CDATA[vflood@buffalo.edu]]></EmailAddress>
<NSF_ID>000812140</NSF_ID>
<StartDate>06/07/2022</StartDate>
<EndDate/>
<RoleCode>Principal Investigator</RoleCode>
</Investigator>
<Institution>
<Name>SUNY at Buffalo</Name>
<CityName>AMHERST</CityName>
<ZipCode>142282577</ZipCode>
<PhoneNumber>7166452634</PhoneNumber>
<StreetAddress>520 LEE ENTRANCE STE 211</StreetAddress>
<StreetAddress2/>
<CountryName>United States</CountryName>
<StateName>New York</StateName>
<StateCode>NY</StateCode>
<CONGRESSDISTRICT>26</CONGRESSDISTRICT>
<CONGRESS_DISTRICT_ORG>NY26</CONGRESS_DISTRICT_ORG>
<ORG_UEI_NUM>LMCJKRFW5R81</ORG_UEI_NUM>
<ORG_LGL_BUS_NAME>RESEARCH FOUNDATION FOR THE STATE UNIVERSITY OF NEW YORK, THE</ORG_LGL_BUS_NAME>
<ORG_PRNT_UEI_NUM>GMZUKXFDJMA9</ORG_PRNT_UEI_NUM>
</Institution>
<Performance_Institution>
<Name><![CDATA[SUNY at Buffalo]]></Name>
<CityName>Buffalo</CityName>
<StateCode>NY</StateCode>
<ZipCode>142282567</ZipCode>
<StreetAddress><![CDATA[520 Lee Entrance]]></StreetAddress>
<CountryCode>US</CountryCode>
<CountryName>United States</CountryName>
<StateName>New York</StateName>
<CountryFlag>1</CountryFlag>
<CONGRESSDISTRICT>26</CONGRESSDISTRICT>
<CONGRESS_DISTRICT_PERF>NY26</CONGRESS_DISTRICT_PERF>
</Performance_Institution>
<ProgramElement>
<Code>7980</Code>
<Text>ECR-EHR Core Research</Text>
</ProgramElement>
<ProgramReference>
<Code>8212</Code>
<Text>Broaden Particip STEM Resrch</Text>
</ProgramReference>
<ProgramReference>
<Code>8817</Code>
<Text>STEM Learning &amp; Learning Environments</Text>
</ProgramReference>
<FUND_OBLG>2022~373617</FUND_OBLG>
</Award>
</rootTag>
