<?xml version="1.0" encoding="UTF-8"?>
<rootTag>
<Award>
<AwardTitle><![CDATA[Restructuring Middle School Science around Grand Challenges]]></AwardTitle>
<AGENCY>NSF</AGENCY>
<AwardEffectiveDate>09/01/2022</AwardEffectiveDate>
<AwardExpirationDate>08/31/2026</AwardExpirationDate>
<AwardTotalIntnAmount>2146144.00</AwardTotalIntnAmount>
<AwardAmount>984704</AwardAmount>
<AwardInstrument>
<Value>Continuing Grant</Value>
</AwardInstrument>
<Organization>
<Code>11090000</Code>
<Directorate>
<Abbreviation>EHR</Abbreviation>
<LongName>Direct For Education and Human Resources</LongName>
</Directorate>
<Division>
<Abbreviation>DRL</Abbreviation>
<LongName>Division Of Research On Learning</LongName>
</Division>
</Organization>
<ProgramOfficer>
<SignBlockName>Asli Sezen-Barrie</SignBlockName>
<PO_EMAI>asezenba@nsf.gov</PO_EMAI>
<PO_PHON>7032924676</PO_PHON>
</ProgramOfficer>
<AbstractNarration><![CDATA[This project aims to restructure middle school science education around Grand Challenges (GCs) such as pandemics, climate events, and diminishing biodiversity. The grand challenges affect people's lives and can impact the future of the next generations across the globe. Anchoring science education around grand challenges can motivate students learning and provide a meaningful context for science curriculum and assessment. By engaging in the units around GCs, middle school science teachers and students will have opportunities to work with real data, engage in argumentation based on evidence, and take part in solutions to the grand challenges. In addition, aligned assessments developed with these GC units will help educators and researchers to close the gap between assessment and instruction. &lt;br/&gt;&lt;br/&gt;This project will create new knowledge about how GC-oriented learning experiences impact middle school students' interest in science, motivation to engage with science, and their learning of science ideas and competencies. As a comparative study with the Israeli school context, the project will also create knowledge about how national assessment contexts and teacher experience shape the enactment of and result from GC-oriented learning experiences. The project will pursue the following three goals: 1) Develop four GC units (each lasting 3-4 weeks) with associated assessments to be interspersed throughout 7th-grade science. 2) Collaborate with middle school science teachers to enact, study, and revise the GC units. 3) Research student outcomes associated with the GC units and factors that impact the feasibility and quality of GC-oriented learning experiences in middle school science. A mixed methods research design will be employed to couple quantitative comparisons of student outcomes with case studies of classroom enactments and teacher and student perspectives. Because of Israel's unique national assessment context, which has recently adopted assessments that align with GC-oriented teaching, research will take place in both the US and Israel. The GC framework and curriculum will incorporate principles from culturally responsive and sustaining pedagogies to support learning among diverse learners. The project would also create a new, global network for reconsidering and restructuring science education to better meet the needs of teachers and students in a rapidly changing world.&lt;br/&gt;&lt;br/&gt;The Discovery Research preK-12 program (DRK-12) seeks to significantly enhance the learning and teaching of science, technology, engineering and mathematics (STEM) by preK-12 students and teachers, through research and development of innovative resources, models and tools. Projects in the DRK-12 program build on fundamental research in STEM education and prior research and development efforts that provide theoretical and empirical justification for proposed projects. &lt;br/&gt;&lt;br/&gt;This award reflects NSF's statutory mission and has been deemed worthy of support through evaluation using the Foundation's intellectual merit and broader impacts review criteria.]]></AbstractNarration>
<MinAmdLetterDate>06/09/2022</MinAmdLetterDate>
<MaxAmdLetterDate>06/09/2022</MaxAmdLetterDate>
<ARRAAmount/>
<TRAN_TYPE>Grant</TRAN_TYPE>
<CFDA_NUM>47.076</CFDA_NUM>
<NSF_PAR_USE_FLAG>1</NSF_PAR_USE_FLAG>
<FUND_AGCY_CODE>4900</FUND_AGCY_CODE>
<AWDG_AGCY_CODE>4900</AWDG_AGCY_CODE>
<AwardID>2201192</AwardID>
<Investigator>
<FirstName>Troy</FirstName>
<LastName>Sadler</LastName>
<PI_MID_INIT>D</PI_MID_INIT>
<PI_SUFX_NAME/>
<PI_FULL_NAME>Troy D Sadler</PI_FULL_NAME>
<EmailAddress><![CDATA[tsadler@email.unc.edu]]></EmailAddress>
<NSF_ID>000483454</NSF_ID>
<StartDate>06/09/2022</StartDate>
<EndDate/>
<RoleCode>Principal Investigator</RoleCode>
</Investigator>
<Investigator>
<FirstName>David</FirstName>
<LastName>Fortus</LastName>
<PI_MID_INIT/>
<PI_SUFX_NAME/>
<PI_FULL_NAME>David Fortus</PI_FULL_NAME>
<EmailAddress><![CDATA[david.fortus@weizmann.ac.il]]></EmailAddress>
<NSF_ID>000666487</NSF_ID>
<StartDate>06/09/2022</StartDate>
<EndDate/>
<RoleCode>Co-Principal Investigator</RoleCode>
</Investigator>
<Institution>
<Name>University of North Carolina at Chapel Hill</Name>
<CityName>CHAPEL HILL</CityName>
<ZipCode>275995023</ZipCode>
<PhoneNumber>9199663411</PhoneNumber>
<StreetAddress>104 AIRPORT DR STE 2200</StreetAddress>
<StreetAddress2/>
<CountryName>United States</CountryName>
<StateName>North Carolina</StateName>
<StateCode>NC</StateCode>
<CONGRESSDISTRICT>04</CONGRESSDISTRICT>
<CONGRESS_DISTRICT_ORG>NC04</CONGRESS_DISTRICT_ORG>
<ORG_UEI_NUM>D3LHU66KBLD5</ORG_UEI_NUM>
<ORG_LGL_BUS_NAME>UNIVERSITY OF NORTH CAROLINA AT CHAPEL HILL</ORG_LGL_BUS_NAME>
<ORG_PRNT_UEI_NUM>N8DMK1K4C2K5</ORG_PRNT_UEI_NUM>
</Institution>
<Performance_Institution>
<Name><![CDATA[University of North Carolina at Chapel Hill]]></Name>
<CityName>CHAPEL HILL</CityName>
<StateCode>NC</StateCode>
<ZipCode>275991350</ZipCode>
<StreetAddress><![CDATA[104 AIRPORT DR STE 2200]]></StreetAddress>
<CountryCode>US</CountryCode>
<CountryName>United States</CountryName>
<StateName>North Carolina</StateName>
<CountryFlag>1</CountryFlag>
<CONGRESSDISTRICT>04</CONGRESSDISTRICT>
<CONGRESS_DISTRICT_PERF>NC04</CONGRESS_DISTRICT_PERF>
</Performance_Institution>
<ProgramElement>
<Code>7645</Code>
<Text>Discovery Research K-12</Text>
</ProgramElement>
<ProgramReference>
<Code>7645</Code>
<Text>DISCOVERY RESEARCH K-12</Text>
</ProgramReference>
<FUND_OBLG>2022~984704</FUND_OBLG>
</Award>
</rootTag>
