<?xml version="1.0" encoding="UTF-8"?>
<rootTag>
<Award>
<AwardTitle><![CDATA[Culturally Responsive Engineering Experience Design and Development through Teacher-Undergraduate Engineering Student Partnerships]]></AwardTitle>
<AGENCY>NSF</AGENCY>
<AwardEffectiveDate>09/01/2022</AwardEffectiveDate>
<AwardExpirationDate>08/31/2026</AwardExpirationDate>
<AwardTotalIntnAmount>1837566.00</AwardTotalIntnAmount>
<AwardAmount>1837566</AwardAmount>
<AwardInstrument>
<Value>Standard Grant</Value>
</AwardInstrument>
<Organization>
<Code>11090000</Code>
<Directorate>
<Abbreviation>EHR</Abbreviation>
<LongName>Direct For Education and Human Resources</LongName>
</Directorate>
<Division>
<Abbreviation>DRL</Abbreviation>
<LongName>Division Of Research On Learning</LongName>
</Division>
</Organization>
<ProgramOfficer>
<SignBlockName>Joan Walker</SignBlockName>
<PO_EMAI>jowalker@nsf.gov</PO_EMAI>
<PO_PHON>7032920000</PO_PHON>
</ProgramOfficer>
<AbstractNarration><![CDATA[Engineering is everywhere and K-12 teachers are increasingly tasked with teaching engineering content in ways that meet state educational standards and in ways that engage students from diverse racial and ethnic backgrounds. As teachers strive to meet these twin requirements, of accountability and responsiveness, they face two major challenges. First, teachers have limited experiential or professional preparation for teaching engineering content effectively. Second, engineering culture in its current state does not equitably engage diverse learners and has historically excluded and marginalized people from minoritized racial and ethnic populations. Reproducing engineering in K-12 as it has existed in post-secondary education may reproduce this historical exclusion and marginalization. While K-12 teachers have increasing access to resources that support their teaching of engineering content, this work will generate new ways to support teachers’ roles as change agents in enacting engineering pedagogies centering those who have been historically excluded.&lt;br/&gt;&lt;br/&gt;This three-year early-stage design and development project will support a new teacher professional development and support model that builds the agency of 30 Miami-Dade County public high school science teachers to design, implement, and refine engineering instruction for their Latinx and Black students who comprise more than 90% of their local public-school population. A unique feature of the Culturally Responsive Engineering Experience Design and Development (CREED2) program is its partnering of high school teachers with Latinx and Black undergraduate engineering students in collaborative teams to co-design and implement inclusive, standards-aligned formal and informal engineering experiences. Using mixed methods (i.e., interviews, focus groups, surveys and observation), the team will examine the project’s impact on high school teachers’: (a) identities as culturally responsive teachers-of-engineering; (b) agency in designing and teaching K-12 engineering experiences; (c) integration of engineering in ways that are responsive to their Latinx and Black high school students; and (d) experience of the teacher-engineer partnerships embedded in the professional development program. The project also examines how near-peer mentoring by engineering students with shared ethnic and/or racial identities influences Latinx and Black high school students’ classroom experiences with engineering. The project represents partnerships among university faculty, university student organizations (Society of Women Engineers, Society of Hispanic Professional Engineers, National Society of Black Engineers), high school teachers, and diversity professionals including industry through the National Association of Multicultural Engineering Program Advocates. The Discovery Research preK-12 program (DRK-12) seeks to significantly enhance the learning and teaching of science, technology, engineering and mathematics (STEM) by preK-12 students and teachers, through research and development of innovative resources, models and tools. Projects in the DRK-12 program build on fundamental research in STEM education and prior research and development efforts that provide theoretical and empirical justification for proposed projects. &lt;br/&gt;&lt;br/&gt;This award reflects NSF's statutory mission and has been deemed worthy of support through evaluation using the Foundation's intellectual merit and broader impacts review criteria.]]></AbstractNarration>
<MinAmdLetterDate>06/07/2022</MinAmdLetterDate>
<MaxAmdLetterDate>06/07/2022</MaxAmdLetterDate>
<ARRAAmount/>
<TRAN_TYPE>Grant</TRAN_TYPE>
<CFDA_NUM>47.076</CFDA_NUM>
<NSF_PAR_USE_FLAG>1</NSF_PAR_USE_FLAG>
<FUND_AGCY_CODE>4900</FUND_AGCY_CODE>
<AWDG_AGCY_CODE>4900</AWDG_AGCY_CODE>
<AwardID>2201255</AwardID>
<Investigator>
<FirstName>Joshua</FirstName>
<LastName>Ellis</LastName>
<PI_MID_INIT>A</PI_MID_INIT>
<PI_SUFX_NAME/>
<PI_FULL_NAME>Joshua A Ellis</PI_FULL_NAME>
<EmailAddress><![CDATA[jellis@fiu.edu]]></EmailAddress>
<NSF_ID>000699742</NSF_ID>
<StartDate>06/07/2022</StartDate>
<EndDate/>
<RoleCode>Co-Principal Investigator</RoleCode>
</Investigator>
<Investigator>
<FirstName>Darryl</FirstName>
<LastName>Dickerson</LastName>
<PI_MID_INIT>A</PI_MID_INIT>
<PI_SUFX_NAME/>
<PI_FULL_NAME>Darryl A Dickerson</PI_FULL_NAME>
<EmailAddress><![CDATA[darryl.dickerson@fiu.edu]]></EmailAddress>
<NSF_ID>000721295</NSF_ID>
<StartDate>06/07/2022</StartDate>
<EndDate/>
<RoleCode>Principal Investigator</RoleCode>
</Investigator>
<Investigator>
<FirstName>Bruk</FirstName>
<LastName>Berhane</LastName>
<PI_MID_INIT>T</PI_MID_INIT>
<PI_SUFX_NAME/>
<PI_FULL_NAME>Bruk T Berhane</PI_FULL_NAME>
<EmailAddress><![CDATA[bberhane@fiu.edu]]></EmailAddress>
<NSF_ID>000592663</NSF_ID>
<StartDate>06/07/2022</StartDate>
<EndDate/>
<RoleCode>Co-Principal Investigator</RoleCode>
</Investigator>
<Investigator>
<FirstName>Andrew</FirstName>
<LastName>Green</LastName>
<PI_MID_INIT>J</PI_MID_INIT>
<PI_SUFX_NAME/>
<PI_FULL_NAME>Andrew J Green</PI_FULL_NAME>
<EmailAddress><![CDATA[agreen@fiu.edu]]></EmailAddress>
<NSF_ID>000818309</NSF_ID>
<StartDate>06/07/2022</StartDate>
<EndDate/>
<RoleCode>Co-Principal Investigator</RoleCode>
</Investigator>
<Institution>
<Name>Florida International University</Name>
<CityName>MIAMI</CityName>
<ZipCode>331992516</ZipCode>
<PhoneNumber>3053482494</PhoneNumber>
<StreetAddress>11200 SW 8TH ST</StreetAddress>
<StreetAddress2/>
<CountryName>United States</CountryName>
<StateName>Florida</StateName>
<StateCode>FL</StateCode>
<CONGRESSDISTRICT>26</CONGRESSDISTRICT>
<CONGRESS_DISTRICT_ORG>FL26</CONGRESS_DISTRICT_ORG>
<ORG_UEI_NUM>Q3KCVK5S9CP1</ORG_UEI_NUM>
<ORG_LGL_BUS_NAME>FLORIDA INTERNATIONAL UNIVERSITY</ORG_LGL_BUS_NAME>
<ORG_PRNT_UEI_NUM>D4GCCCMXR1H3</ORG_PRNT_UEI_NUM>
</Institution>
<Performance_Institution>
<Name><![CDATA[Florida International University]]></Name>
<CityName>Miami</CityName>
<StateCode>FL</StateCode>
<ZipCode>331990001</ZipCode>
<StreetAddress><![CDATA[11200 SW 8TH ST]]></StreetAddress>
<CountryCode>US</CountryCode>
<CountryName>United States</CountryName>
<StateName>Florida</StateName>
<CountryFlag>1</CountryFlag>
<CONGRESSDISTRICT>26</CONGRESSDISTRICT>
<CONGRESS_DISTRICT_PERF>FL26</CONGRESS_DISTRICT_PERF>
</Performance_Institution>
<ProgramElement>
<Code>7645</Code>
<Text>Discovery Research K-12</Text>
</ProgramElement>
<FUND_OBLG>2022~1837566</FUND_OBLG>
</Award>
</rootTag>
