<?xml version="1.0" encoding="UTF-8"?>
<rootTag>
<Award>
<AwardTitle>On the Mathematical Theory of Black Holes</AwardTitle>
<AGENCY>NSF</AGENCY>
<AwardEffectiveDate>07/01/2022</AwardEffectiveDate>
<AwardExpirationDate>06/30/2025</AwardExpirationDate>
<AwardTotalIntnAmount>472067.00</AwardTotalIntnAmount>
<AwardAmount>472067</AwardAmount>
<AwardInstrument>
<Value>Standard Grant</Value>
</AwardInstrument>
<Organization>
<Code>03040000</Code>
<Directorate>
<Abbreviation>MPS</Abbreviation>
<LongName>Direct For Mathematical &amp; Physical Scien</LongName>
</Directorate>
<Division>
<Abbreviation>DMS</Abbreviation>
<LongName>Division Of Mathematical Sciences</LongName>
</Division>
</Organization>
<ProgramOfficer>
<SignBlockName>Marian Bocea</SignBlockName>
<PO_EMAI>mbocea@nsf.gov</PO_EMAI>
<PO_PHON>7032922595</PO_PHON>
</ProgramOfficer>
<AbstractNarration>This project deals with problems connected to the mathematical theory of black holes which, if solved, would contribute greatly to our understanding of these most fascinating physical objects of the physical Universe. The project will not only advance the science of black holes, but, by developing new mathematical techniques of relevance to other fields of mathematical physics, it promotes the progress of Mathematics and Science in the broadest possible sense. The Principal Investigator (PI) has a strong track record in targeting specific problems with broad appeal in various areas of Partial Differential Equations (PDE). In that sense, the problems considered as part of this project, though specific to the subject at hand, can also be reformulated in other important problems of mathematical physics. The project also fits well with respect to the long term goal of the PI to help create a vibrant scientific community working on mathematical problems connected to these areas. In particular, the project provides research training opportunities for graduate students. &lt;br/&gt; &lt;br/&gt;The project focuses on some of the main open problems concerning black holes such as rigidity, stability, and collapse, with special emphasis being given to the fundamental problem of the stability of the Kerr family. This is a precise, explicit, family of solutions to the Einstein vacuum equations, depending on two parameters (the mass and the angular momentum), on which our theoretical understanding of black holes is based. Thus, the problems mentioned above are not only deep from a mathematical point of view, they also have serious implications in Astrophysics. This is particularly true about the problem of stability, since if the Kerr family were to be found unstable, black holes would be nothing more than mathematical artifacts. The PI interprets these three related problems as mathematical "tests of reality" for black holes. All three problems require a deep understanding of the dynamics of the Einstein field equations in a strong gravitational field regime. This is a tall task which can only be achieved by a systematic mathematical analysis of the underlining structure of the problems, using new geometric PDE techniques. The resolution of these problems promotes the progress of Mathematics and Science beyond the subject matter of this particular project. Indeed, it is expected, as it often happened in the past, that some of the techniques developed in connection to these problems will be relevant to other important partial differential equations of mathematical physics.&lt;br/&gt;&lt;br/&gt;This award reflects NSF's statutory mission and has been deemed worthy of support through evaluation using the Foundation's intellectual merit and broader impacts review criteria.</AbstractNarration>
<MinAmdLetterDate>04/04/2022</MinAmdLetterDate>
<MaxAmdLetterDate>04/04/2022</MaxAmdLetterDate>
<ARRAAmount/>
<TRAN_TYPE>Grant</TRAN_TYPE>
<CFDA_NUM>47.049</CFDA_NUM>
<NSF_PAR_USE_FLAG>1</NSF_PAR_USE_FLAG>
<FUND_AGCY_CODE>4900</FUND_AGCY_CODE>
<AWDG_AGCY_CODE>4900</AWDG_AGCY_CODE>
<AwardID>2201031</AwardID>
<Investigator>
<FirstName>Sergiu</FirstName>
<LastName>Klainerman</LastName>
<PI_MID_INIT/>
<PI_SUFX_NAME/>
<PI_FULL_NAME>Sergiu Klainerman</PI_FULL_NAME>
<EmailAddress>seri@math.princeton.edu</EmailAddress>
<PI_PHON>6092584188</PI_PHON>
<NSF_ID>000161442</NSF_ID>
<StartDate>04/04/2022</StartDate>
<EndDate/>
<RoleCode>Principal Investigator</RoleCode>
</Investigator>
<Institution>
<Name>Princeton University</Name>
<CityName>PRINCETON</CityName>
<ZipCode>085442001</ZipCode>
<PhoneNumber>6092583090</PhoneNumber>
<StreetAddress>1 NASSAU HALL</StreetAddress>
<StreetAddress2/>
<CountryName>United States</CountryName>
<StateName>New Jersey</StateName>
<StateCode>NJ</StateCode>
<CONGRESSDISTRICT>12</CONGRESSDISTRICT>
<CONGRESS_DISTRICT_ORG>NJ12</CONGRESS_DISTRICT_ORG>
<ORG_UEI_NUM>NJ1YPQXQG7U5</ORG_UEI_NUM>
<ORG_LGL_BUS_NAME>TRUSTEES OF PRINCETON UNIVERSITY, THE</ORG_LGL_BUS_NAME>
<ORG_PRNT_UEI_NUM>NJ1YPQXQG7U5</ORG_PRNT_UEI_NUM>
</Institution>
<Performance_Institution>
<Name><![CDATA[Princeton University]]></Name>
<CityName/>
<StateCode>NJ</StateCode>
<ZipCode>085442020</ZipCode>
<StreetAddress/>
<CountryCode>US</CountryCode>
<CountryName>United States</CountryName>
<StateName>New Jersey</StateName>
<CountryFlag>1</CountryFlag>
<CONGRESSDISTRICT>12</CONGRESSDISTRICT>
<CONGRESS_DISTRICT_PERF>NJ12</CONGRESS_DISTRICT_PERF>
</Performance_Institution>
<ProgramElement>
<Code>1281</Code>
<Text>ANALYSIS PROGRAM</Text>
</ProgramElement>
<FUND_OBLG>2022~472067</FUND_OBLG>
</Award>
</rootTag>
