<?xml version="1.0" encoding="UTF-8"?>
<rootTag>
<Award>
<AwardTitle><![CDATA[Investigating Mixotrophic Algal Contribution to Copepod Diet and Reproduction]]></AwardTitle>
<AGENCY>NSF</AGENCY>
<AwardEffectiveDate>07/01/2022</AwardEffectiveDate>
<AwardExpirationDate>06/30/2025</AwardExpirationDate>
<AwardTotalIntnAmount>895069.00</AwardTotalIntnAmount>
<AwardAmount>895069</AwardAmount>
<AwardInstrument>
<Value>Standard Grant</Value>
</AwardInstrument>
<Organization>
<Code>06040300</Code>
<Directorate>
<Abbreviation>GEO</Abbreviation>
<LongName>Directorate For Geosciences</LongName>
</Directorate>
<Division>
<Abbreviation>OCE</Abbreviation>
<LongName>Division Of Ocean Sciences</LongName>
</Division>
</Organization>
<ProgramOfficer>
<SignBlockName>Cynthia Suchman</SignBlockName>
<PO_EMAI>csuchman@nsf.gov</PO_EMAI>
<PO_PHON>7032922092</PO_PHON>
</ProgramOfficer>
<AbstractNarration><![CDATA[A primary topic of interest within biological oceanography is the role of algal productivity in the global carbon cycle. Over the past few decades, the traditional planktonic food web has been undergoing revision with a better understanding of the significance of microbes. Many of the single-celled organisms at the base of marine food webs are mixotrophic, meaning they are capable of both photosynthesis and ingestion of prey within a single cell. Though recognized for over a century, this trophic strategy has gone from being considered a physiologically unfavorable oddity to a diverse and widespread adaptation. Despite the prevalence of mixotrophy in marine systems, very few experimental studies have assessed how mixotrophic organisms interact with and impact the zooplankton that ingest them. This project is helping define mixotrophic contributions to higher trophic levels in marine pelagic food webs. The investigators are testing whether mixotrophs can support copepod reproduction under conditions when algal food is of poor quality and  assessing mixotrophic contributions to the diet of two abundant copepod species within the Gulf of Maine. Additionally, recent modeling efforts suggest that when incorporated into biogeochemical and food web models, mixotrophy has significant implications for primary productivity and carbon cycling. To facilitate broader consideration of mixotrophy in models, the investigators are participating in a mixotrophy working group and hosting a session at the Ocean Sciences Meeting. In addition, the investigators are hosting undergraduate summer students who are gaining experience with laboratory work, including through the Woods Hole Partnership Education Program (PEP) and guest students recruited from local communities to increase diversity in marine science. The investigators are also partnering with local high school teachers to have students use their art training to contribute to a graphic novel that illustrates the Gulf of Maine food web and potential effects of climate change.&lt;br/&gt;&lt;br/&gt;Effective transfer of carbon and nutrients to higher trophic levels in the marine environment relies on the planktonic food web. Inclusion of mixotrophy in food web models suggests that it may stabilize fluctuations in the nutritional quality of microbial prey and could be an important pathway for transfer of nutrients into zooplankton However, empirical data have been lacking to parameterize these models adequately. To date, empirical studies of mixotrophs as prey have suffered from testing a limited number of taxa, confounding effects of prey abundance, and a failure to characterize their mixotrophic status. Similarly, few field studies have assessed the diet of mesozooplankton in a way that would allow mixotrophs to be identified, and as in lab studies, the mixotrophic status of prey sources has not been identified. Thus, it has been impossible to provide realistic parameters describing the contribution of mixotrophs to nutrient transfer through the food web, and the issue of whether mixotrophically-growing algae can mitigate the effects of poor-quality photosynthetic food remains largely unresolved. This study is characterizing the role of mixotrophic algae in mitigating deficiencies in phytoplankton food quality with respect to copepod reproduction. Feeding experiments are being conducted that include consistent quantities of actively-mixotrophic prey. Analysis of the nutrient and fatty acid composition of different mixotrophic algae is illustrating a continuum of prey quality that could help inform zooplankton model predictions. The project is exploring effects of nutritional plasticity by contrasting the nutritional quality of heterotrophs reared on bacteria versus phytoplankton. The work is contributing to knowledge of the ability of mixotrophs to supplement or support copepod reproduction, which can coincide with poor phototrophic food availability. Finally, the presence and identity of active mixotrophs in the field is being assessed using labeled-prey ingestion experiments, followed by amplicon sequencing of labeled grazer DNA and environmental water samples. The work is identifying the in situ grazing preferences of copepods in the Gulf of Maine over a growing season, whether it varies with life stage, and how it impacts egg production.&lt;br/&gt;&lt;br/&gt;This award reflects NSF's statutory mission and has been deemed worthy of support through evaluation using the Foundation's intellectual merit and broader impacts review criteria.]]></AbstractNarration>
<MinAmdLetterDate>06/03/2022</MinAmdLetterDate>
<MaxAmdLetterDate>06/03/2022</MaxAmdLetterDate>
<ARRAAmount/>
<TRAN_TYPE>Grant</TRAN_TYPE>
<CFDA_NUM>47.050</CFDA_NUM>
<NSF_PAR_USE_FLAG>1</NSF_PAR_USE_FLAG>
<FUND_AGCY_CODE>4900</FUND_AGCY_CODE>
<AWDG_AGCY_CODE>4900</AWDG_AGCY_CODE>
<AwardID>2201365</AwardID>
<Investigator>
<FirstName>Rebecca</FirstName>
<LastName>Gast</LastName>
<PI_MID_INIT>J</PI_MID_INIT>
<PI_SUFX_NAME/>
<PI_FULL_NAME>Rebecca J Gast</PI_FULL_NAME>
<EmailAddress><![CDATA[rgast@whoi.edu]]></EmailAddress>
<NSF_ID>000279987</NSF_ID>
<StartDate>06/03/2022</StartDate>
<EndDate/>
<RoleCode>Principal Investigator</RoleCode>
</Investigator>
<Investigator>
<FirstName>Ann</FirstName>
<LastName>Tarrant</LastName>
<PI_MID_INIT/>
<PI_SUFX_NAME>Dr.</PI_SUFX_NAME>
<PI_FULL_NAME>Ann Tarrant</PI_FULL_NAME>
<EmailAddress><![CDATA[atarrant@whoi.edu]]></EmailAddress>
<NSF_ID>000316813</NSF_ID>
<StartDate>06/03/2022</StartDate>
<EndDate/>
<RoleCode>Co-Principal Investigator</RoleCode>
</Investigator>
<Institution>
<Name>Woods Hole Oceanographic Institution</Name>
<CityName>WOODS HOLE</CityName>
<ZipCode>025431536</ZipCode>
<PhoneNumber>5082893542</PhoneNumber>
<StreetAddress>266 WOODS HOLE RD</StreetAddress>
<StreetAddress2/>
<CountryName>United States</CountryName>
<StateName>Massachusetts</StateName>
<StateCode>MA</StateCode>
<CONGRESSDISTRICT>09</CONGRESSDISTRICT>
<CONGRESS_DISTRICT_ORG>MA09</CONGRESS_DISTRICT_ORG>
<ORG_UEI_NUM>GFKFBWG2TV98</ORG_UEI_NUM>
<ORG_LGL_BUS_NAME>WOODS HOLE OCEANOGRAPHIC INSTITUTION</ORG_LGL_BUS_NAME>
<ORG_PRNT_UEI_NUM>GFKFBWG2TV98</ORG_PRNT_UEI_NUM>
</Institution>
<Performance_Institution>
<Name><![CDATA[Woods Hole Oceanographic Institution]]></Name>
<CityName>Woods Hole</CityName>
<StateCode>MA</StateCode>
<ZipCode>025431535</ZipCode>
<StreetAddress><![CDATA[266 Woods Hole Road]]></StreetAddress>
<CountryCode>US</CountryCode>
<CountryName>United States</CountryName>
<StateName>Massachusetts</StateName>
<CountryFlag>1</CountryFlag>
<CONGRESSDISTRICT>09</CONGRESSDISTRICT>
<CONGRESS_DISTRICT_PERF>MA09</CONGRESS_DISTRICT_PERF>
</Performance_Institution>
<ProgramElement>
<Code>1650</Code>
<Text>BIOLOGICAL OCEANOGRAPHY</Text>
</ProgramElement>
<ProgramReference>
<Code>8811</Code>
<Text>Marine Microbial Ecology</Text>
</ProgramReference>
<ProgramReference>
<Code>9117</Code>
<Text>MARINE BIOTECHNOLOGY</Text>
</ProgramReference>
<FUND_OBLG>2022~895069</FUND_OBLG>
</Award>
</rootTag>
