<?xml version="1.0" encoding="UTF-8"?>
<rootTag>
<Award>
<AwardTitle>CC* Compute: An Open Science Grid shared computing platform at Penn State</AwardTitle>
<AGENCY>NSF</AGENCY>
<AwardEffectiveDate>07/01/2022</AwardEffectiveDate>
<AwardExpirationDate>06/30/2024</AwardExpirationDate>
<AwardTotalIntnAmount>399664.00</AwardTotalIntnAmount>
<AwardAmount>399664</AwardAmount>
<AwardInstrument>
<Value>Standard Grant</Value>
</AwardInstrument>
<Organization>
<Code>05090000</Code>
<Directorate>
<Abbreviation>CSE</Abbreviation>
<LongName>Direct For Computer &amp; Info Scie &amp; Enginr</LongName>
</Directorate>
<Division>
<Abbreviation>OAC</Abbreviation>
<LongName>Office of Advanced Cyberinfrastructure (OAC)</LongName>
</Division>
</Organization>
<ProgramOfficer>
<SignBlockName>Kevin Thompson</SignBlockName>
<PO_EMAI>kthompso@nsf.gov</PO_EMAI>
<PO_PHON>7032924220</PO_PHON>
</ProgramOfficer>
<AbstractNarration>This project establishes a new state-of-the-art high-throughput computing cluster for researchers across the 24-campus Penn State University system.  The cluster is composed of 10 AMD EPYC nodes, each with 128 cores and one A40 Nvidia GPU. Researchers in the Institute for Gravitation and the Cosmos and the Institute for Computational and Data Sciences, priority users for the cluster, use this computer cluster to: study the universe by analyzing data to find ripples in space called gravitational waves; investigate novel ways to track down the universe’s missing matter called dark matter; and search for planets around other stars.&lt;br/&gt;&lt;br/&gt;The new computing cluster improves access to computing for all Penn State researchers in the hopes of accelerating the pace of discovery across a broad spectrum of Science, Technology, Engineering, and Math through projects engaging the Penn State “Research Innovation with Scientists and Engineers (RISE)” CyberTeam (NSF OAC-2018299). The cluster is connected to the Open Science Grid bolstering the fabric of national cyberinfrastructure that supports competitive US research through sharing resources across universities. Penn State also plans to use this resource for annual summer schools for students focused on data analysis, computing, physics, and astronomy.&lt;br/&gt;&lt;br/&gt;This award reflects NSF's statutory mission and has been deemed worthy of support through evaluation using the Foundation's intellectual merit and broader impacts review criteria.</AbstractNarration>
<MinAmdLetterDate>03/30/2022</MinAmdLetterDate>
<MaxAmdLetterDate>03/30/2022</MaxAmdLetterDate>
<ARRAAmount/>
<TRAN_TYPE>Grant</TRAN_TYPE>
<CFDA_NUM>47.070</CFDA_NUM>
<NSF_PAR_USE_FLAG>1</NSF_PAR_USE_FLAG>
<FUND_AGCY_CODE>4900</FUND_AGCY_CODE>
<AWDG_AGCY_CODE>4900</AWDG_AGCY_CODE>
<AwardID>2201445</AwardID>
<Investigator>
<FirstName>Eric</FirstName>
<LastName>Ford</LastName>
<PI_MID_INIT>B</PI_MID_INIT>
<PI_SUFX_NAME/>
<PI_FULL_NAME>Eric B Ford</PI_FULL_NAME>
<EmailAddress>eford@psu.edu</EmailAddress>
<PI_PHON>8148635559</PI_PHON>
<NSF_ID>000064329</NSF_ID>
<StartDate>03/30/2022</StartDate>
<EndDate/>
<RoleCode>Co-Principal Investigator</RoleCode>
</Investigator>
<Investigator>
<FirstName>Yuexing</FirstName>
<LastName>Li</LastName>
<PI_MID_INIT>C</PI_MID_INIT>
<PI_SUFX_NAME/>
<PI_FULL_NAME>Yuexing C Li</PI_FULL_NAME>
<EmailAddress>YUL20@psu.edu</EmailAddress>
<PI_PHON>8148672291</PI_PHON>
<NSF_ID>000079880</NSF_ID>
<StartDate>03/30/2022</StartDate>
<EndDate/>
<RoleCode>Co-Principal Investigator</RoleCode>
</Investigator>
<Investigator>
<FirstName>Sarah</FirstName>
<LastName>Shandera</LastName>
<PI_MID_INIT>E</PI_MID_INIT>
<PI_SUFX_NAME/>
<PI_FULL_NAME>Sarah E Shandera</PI_FULL_NAME>
<EmailAddress>ses47@psu.edu</EmailAddress>
<PI_PHON>8148651372</PI_PHON>
<NSF_ID>000603585</NSF_ID>
<StartDate>03/30/2022</StartDate>
<EndDate/>
<RoleCode>Co-Principal Investigator</RoleCode>
</Investigator>
<Investigator>
<FirstName>Chad</FirstName>
<LastName>Hanna</LastName>
<PI_MID_INIT/>
<PI_SUFX_NAME/>
<PI_FULL_NAME>Chad Hanna</PI_FULL_NAME>
<EmailAddress>crh184@psu.edu</EmailAddress>
<PI_PHON>8148652924</PI_PHON>
<NSF_ID>000650108</NSF_ID>
<StartDate>03/30/2022</StartDate>
<EndDate/>
<RoleCode>Principal Investigator</RoleCode>
</Investigator>
<Investigator>
<FirstName>Donghui</FirstName>
<LastName>Jeong</LastName>
<PI_MID_INIT/>
<PI_SUFX_NAME/>
<PI_FULL_NAME>Donghui Jeong</PI_FULL_NAME>
<EmailAddress>djeong@psu.edu</EmailAddress>
<PI_PHON>8148651372</PI_PHON>
<NSF_ID>000655480</NSF_ID>
<StartDate>03/30/2022</StartDate>
<EndDate/>
<RoleCode>Co-Principal Investigator</RoleCode>
</Investigator>
<Institution>
<Name>Pennsylvania State Univ University Park</Name>
<CityName>University Park</CityName>
<ZipCode>168021503</ZipCode>
<PhoneNumber>8148651372</PhoneNumber>
<StreetAddress>201 Old Main</StreetAddress>
<StreetAddress2/>
<CountryName>United States</CountryName>
<StateName>Pennsylvania</StateName>
<StateCode>PA</StateCode>
<CONGRESSDISTRICT>12</CONGRESSDISTRICT>
<CONGRESS_DISTRICT_ORG>PA12</CONGRESS_DISTRICT_ORG>
<ORG_UEI_NUM>NPM2J7MSCF61</ORG_UEI_NUM>
<ORG_LGL_BUS_NAME>PENNSYLVANIA STATE UNIVERSITY, THE</ORG_LGL_BUS_NAME>
<ORG_PRNT_UEI_NUM>NPM2J7MSCF61</ORG_PRNT_UEI_NUM>
</Institution>
<Performance_Institution>
<Name><![CDATA[Pennsylvania State Univ University Park]]></Name>
<CityName>University Park</CityName>
<StateCode>PA</StateCode>
<ZipCode>168021503</ZipCode>
<StreetAddress/>
<CountryCode>US</CountryCode>
<CountryName>United States</CountryName>
<StateName>Pennsylvania</StateName>
<CountryFlag>1</CountryFlag>
<CONGRESSDISTRICT>12</CONGRESSDISTRICT>
<CONGRESS_DISTRICT_PERF>PA12</CONGRESS_DISTRICT_PERF>
</Performance_Institution>
<ProgramElement>
<Code>8080</Code>
<Text>Campus Cyberinfrastructure</Text>
</ProgramElement>
<FUND_OBLG>2022~399664</FUND_OBLG>
</Award>
</rootTag>
