<?xml version="1.0" encoding="UTF-8"?>
<rootTag>
<Award>
<AwardTitle>A Statistical Study of Coronal Holes and Active Regions Producing Intense Geomagnetic Storms over Four Solar Cycles</AwardTitle>
<AGENCY>NSF</AGENCY>
<AwardEffectiveDate>04/01/2022</AwardEffectiveDate>
<AwardExpirationDate>03/31/2025</AwardExpirationDate>
<AwardTotalIntnAmount>416660.00</AwardTotalIntnAmount>
<AwardAmount>137872</AwardAmount>
<AwardInstrument>
<Value>Continuing Grant</Value>
</AwardInstrument>
<Organization>
<Code>06020200</Code>
<Directorate>
<Abbreviation>GEO</Abbreviation>
<LongName>Directorate For Geosciences</LongName>
</Directorate>
<Division>
<Abbreviation>AGS</Abbreviation>
<LongName>Div Atmospheric &amp; Geospace Sciences</LongName>
</Division>
</Organization>
<ProgramOfficer>
<SignBlockName>Lisa Winter</SignBlockName>
<PO_EMAI>lwinter@nsf.gov</PO_EMAI>
<PO_PHON>7032928519</PO_PHON>
</ProgramOfficer>
<AbstractNarration>One of the most fundamental properties controlling activity on the Sun is its magnetic field. The Sun’s magnetic field consists of closed and open field lines that interact, snap, and reconnect, affecting the motion of plasma leaving the Sun in coronal mass ejections (CMEs) and through the solar wind. The solar wind can be accelerated to high speed through coronal holes (CHs), or regions with open field lines. Active regions (ARs) are regions of strong closed magnetic field lines that launch eruptive events such as CMEs and solar flares. Understanding these phenomena are crucial to predicting and preparing for harmful space weather effects on Earth. This project will perform a statistical study over four full solar cycles. Two early-career female scientists will be supported and three undergraduate students will be mentored through this research. &lt;br/&gt;&lt;br/&gt;The project is a detailed study of the role of coronal hole – active region interactions in the generation of intense geomagnetic storms (IGS). Two science questions will be addressed: (1) Can the evolution of CH location and size be used as a proxy to understand IGS occurrence and timing? (2) How does the interaction between HSSs and CMEs affect the strength of geomagnetic storms? In the past, limited studies have hinted at the possibility that the number of geomagnetic storms in even cycles increases with increasing number of close CH-AR pairs and decreases with increasing number of close CH-AR pairs in odd cycles. It is still not well understood how location, size and CH-AR interactions could influence the potential for an eruption to be geo-effective. Therefore, this project will make a statistical observational study covering four complete solar cycles (21-24). They will provide an overview of the solar wind conditions related to all IGS events (265) and a detailed list of their characteristics (mean values of speed, magnetic field, density, temperature, flow and magnetic pressures, components of the magnetic field, minimum Dst index values) including their association with active regions, coronal holes, high speed streams, and CMEs.&lt;br/&gt;&lt;br/&gt;This award reflects NSF's statutory mission and has been deemed worthy of support through evaluation using the Foundation's intellectual merit and broader impacts review criteria.</AbstractNarration>
<MinAmdLetterDate>02/08/2022</MinAmdLetterDate>
<MaxAmdLetterDate>02/08/2022</MaxAmdLetterDate>
<ARRAAmount/>
<TRAN_TYPE>Grant</TRAN_TYPE>
<CFDA_NUM>47.050</CFDA_NUM>
<NSF_PAR_USE_FLAG>1</NSF_PAR_USE_FLAG>
<FUND_AGCY_CODE>4900</FUND_AGCY_CODE>
<AWDG_AGCY_CODE>4900</AWDG_AGCY_CODE>
<AwardID>2201767</AwardID>
<Investigator>
<FirstName>Steven</FirstName>
<LastName>Saar</LastName>
<PI_MID_INIT>H</PI_MID_INIT>
<PI_SUFX_NAME/>
<PI_FULL_NAME>Steven H Saar</PI_FULL_NAME>
<EmailAddress>saar@head.cfa.harvard.edu</EmailAddress>
<PI_PHON>6174957046</PI_PHON>
<NSF_ID>000300520</NSF_ID>
<StartDate>02/08/2022</StartDate>
<EndDate/>
<RoleCode>Co-Principal Investigator</RoleCode>
</Investigator>
<Investigator>
<FirstName>Nishu</FirstName>
<LastName>Karna</LastName>
<PI_MID_INIT/>
<PI_SUFX_NAME/>
<PI_FULL_NAME>Nishu Karna</PI_FULL_NAME>
<EmailAddress>nishu.karna@cfa.harvard.edu</EmailAddress>
<PI_PHON>6174967647</PI_PHON>
<NSF_ID>000752832</NSF_ID>
<StartDate>02/08/2022</StartDate>
<EndDate/>
<RoleCode>Principal Investigator</RoleCode>
</Investigator>
<Investigator>
<FirstName>Rosa</FirstName>
<LastName>Niembro Hernández</LastName>
<PI_MID_INIT>T</PI_MID_INIT>
<PI_SUFX_NAME/>
<PI_FULL_NAME>Rosa T Niembro Hernández</PI_FULL_NAME>
<EmailAddress>rosa.niembro_hernandez@cfa.harvard.edu</EmailAddress>
<PI_PHON>6174967964</PI_PHON>
<NSF_ID>000848494</NSF_ID>
<StartDate>02/08/2022</StartDate>
<EndDate/>
<RoleCode>Co-Principal Investigator</RoleCode>
</Investigator>
<Institution>
<Name>Smithsonian Institution Astrophysical Observatory</Name>
<CityName>CAMBRIDGE</CityName>
<ZipCode>021381516</ZipCode>
<PhoneNumber>6174967923</PhoneNumber>
<StreetAddress>60 GARDEN ST</StreetAddress>
<StreetAddress2/>
<CountryName>United States</CountryName>
<StateName>Massachusetts</StateName>
<StateCode>MA</StateCode>
<CONGRESSDISTRICT>05</CONGRESSDISTRICT>
<CONGRESS_DISTRICT_ORG>MA05</CONGRESS_DISTRICT_ORG>
<ORG_UEI_NUM>Q7N8CH7NR418</ORG_UEI_NUM>
<ORG_LGL_BUS_NAME>SMITHSONIAN INSTITUTION</ORG_LGL_BUS_NAME>
<ORG_PRNT_UEI_NUM>NW2RJN8TQQW1</ORG_PRNT_UEI_NUM>
</Institution>
<Performance_Institution>
<Name><![CDATA[Smithsonian Institution Astrophysical Observatory]]></Name>
<CityName>Cambridge</CityName>
<StateCode>MA</StateCode>
<ZipCode>021381516</ZipCode>
<StreetAddress><![CDATA[60 Garden St]]></StreetAddress>
<CountryCode>US</CountryCode>
<CountryName>United States</CountryName>
<StateName>Massachusetts</StateName>
<CountryFlag>1</CountryFlag>
<CONGRESSDISTRICT>05</CONGRESSDISTRICT>
<CONGRESS_DISTRICT_PERF>MA05</CONGRESS_DISTRICT_PERF>
</Performance_Institution>
<ProgramElement>
<Code>1523</Code>
<Text>SOLAR-TERRESTRIAL</Text>
</ProgramElement>
<ProgramReference>
<Code>102Z</Code>
<Text>COVID-Disproportionate Impcts Inst-Indiv</Text>
</ProgramReference>
<FUND_OBLG>2022~137872</FUND_OBLG>
</Award>
</rootTag>
