<?xml version="1.0" encoding="UTF-8"?>
<rootTag>
<Award>
<AwardTitle><![CDATA[AccelNet-Implementation: Accelerating Transformations to Sustainability Across the World’s Mountains]]></AwardTitle>
<AGENCY>NSF</AGENCY>
<AwardEffectiveDate>07/01/2022</AwardEffectiveDate>
<AwardExpirationDate>06/30/2027</AwardExpirationDate>
<AwardTotalIntnAmount>1999962.00</AwardTotalIntnAmount>
<AwardAmount>1999962</AwardAmount>
<AwardInstrument>
<Value>Standard Grant</Value>
</AwardInstrument>
<Organization>
<Code>01090000</Code>
<Directorate>
<Abbreviation>O/D</Abbreviation>
<LongName>Office Of The Director</LongName>
</Directorate>
<Division>
<Abbreviation>OISE</Abbreviation>
<LongName>Office Of Internatl Science &amp;Engineering</LongName>
</Division>
</Organization>
<ProgramOfficer>
<SignBlockName>Karen Lips</SignBlockName>
<PO_EMAI>klips@nsf.gov</PO_EMAI>
<PO_PHON>7032925133</PO_PHON>
</ProgramOfficer>
<AbstractNarration><![CDATA[Mountains cover 20% of Earth's land and shelter nearly half of Earth's biodiversity ‘hotspots.’ They support abundant animals and plants and provide water to about half of humanity. Mountain peoples possess deep understanding of their extreme environments in which they face threats from warming climates, declining snowpacks and melting glaciers, increasing wildfire, and other challenges. This project establishes the Mountain Science Operating with Society (MtnSOS) network that works with diverse mountain peoples to develop strategies for sustaining their lands and livelihoods. MtSOS brings together 19 networks from six continents and over 50 countries.  This group is comprised of mountain peoples, scientists, and local experts who work together to identify adaptations for environmental change, empower local voices to improve policies and governance, and develop problem-solving approaches toward mountain sustainability. This project strengthens international scientific collaboration by understanding linkages between local and Indigenous knowledge systems, nature-based solutions, and governance structures. MtSOS provides societal benefits through research on transformations to sustainability in mountain ecosystems by integrating science with diverse practices, knowledge, and participants. &lt;br/&gt;&lt;br/&gt;The MtnSOS network science goals address four critical knowledge gaps for mountain sustainability: 1) contributions of local and Indigenous knowledge to adaptation and transformation; 2) nature-based solutions for climate change in mountain systems; 3) approaches to strengthen local governance, and build equitable partnerships for sustainable livelihoods and policy, and 4) synthesis across diverse mountain contexts of transformative pathways.  The networks within the network leverage RCN and INCLUDES projects, science-based mountain networks, local and Indigenous knowledge networks, team science networks, and education-based networks. The network expands convergence research into a new model of science called Transformative Science with Society to integrate science with action. A Machine Learning component uses integrated datasets to quantify mountain characteristics and allows participants to explore pathways to sustainable futures. The Transformative Science with Society approach improves equity and access and creates a structured process to expand collective impact. Early career individuals receive leadership training, participate in network exchanges, and engage in the policy process of the United Nations Framework Convention on Climate Change.  MtnSOS supports planning and implementation of societally relevant research such as improved conservation of mountain resources and expands public participation in sustainability sciences.&lt;br/&gt;&lt;br/&gt;The Accelerating Research through International Network-to-Network Collaborations (AccelNet) program is designed to accelerate the process of scientific discovery and prepare the next generation of U.S. researchers for multiteam international collaborations. The AccelNet program supports strategic linkages among U.S. research networks and complementary networks abroad that will leverage research and educational resources to tackle grand scientific challenges that require significant coordinated international efforts. This project is funded by the Office of International Science and Engineering (OISE).&lt;br/&gt;&lt;br/&gt;This award reflects NSF's statutory mission and has been deemed worthy of support through evaluation using the Foundation's intellectual merit and broader impacts review criteria.]]></AbstractNarration>
<MinAmdLetterDate>06/28/2022</MinAmdLetterDate>
<MaxAmdLetterDate>06/28/2022</MaxAmdLetterDate>
<ARRAAmount/>
<TRAN_TYPE>Grant</TRAN_TYPE>
<CFDA_NUM>47.079</CFDA_NUM>
<NSF_PAR_USE_FLAG>1</NSF_PAR_USE_FLAG>
<FUND_AGCY_CODE>4900</FUND_AGCY_CODE>
<AWDG_AGCY_CODE>4900</AWDG_AGCY_CODE>
<AwardID>2201586</AwardID>
<Investigator>
<FirstName>Timberley</FirstName>
<LastName>Roane</LastName>
<PI_MID_INIT>M</PI_MID_INIT>
<PI_SUFX_NAME/>
<PI_FULL_NAME>Timberley M Roane</PI_FULL_NAME>
<EmailAddress><![CDATA[Timberley.Roane@ucdenver.edu]]></EmailAddress>
<NSF_ID>000460111</NSF_ID>
<StartDate>06/28/2022</StartDate>
<EndDate/>
<RoleCode>Co-Principal Investigator</RoleCode>
</Investigator>
<Investigator>
<FirstName>Anne</FirstName>
<LastName>Nolin</LastName>
<PI_MID_INIT>W</PI_MID_INIT>
<PI_SUFX_NAME/>
<PI_FULL_NAME>Anne W Nolin</PI_FULL_NAME>
<EmailAddress><![CDATA[anolin@unr.edu]]></EmailAddress>
<NSF_ID>000114636</NSF_ID>
<StartDate>06/28/2022</StartDate>
<EndDate/>
<RoleCode>Co-Principal Investigator</RoleCode>
</Investigator>
<Investigator>
<FirstName>Catherine</FirstName>
<LastName>Tucker</LastName>
<PI_MID_INIT>M</PI_MID_INIT>
<PI_SUFX_NAME/>
<PI_FULL_NAME>Catherine M Tucker</PI_FULL_NAME>
<EmailAddress><![CDATA[tuckerc@ufl.edu]]></EmailAddress>
<NSF_ID>000402341</NSF_ID>
<StartDate>06/28/2022</StartDate>
<EndDate/>
<RoleCode>Co-Principal Investigator</RoleCode>
</Investigator>
<Investigator>
<FirstName>Julia</FirstName>
<LastName>Klein</LastName>
<PI_MID_INIT>A</PI_MID_INIT>
<PI_SUFX_NAME/>
<PI_FULL_NAME>Julia A Klein</PI_FULL_NAME>
<EmailAddress><![CDATA[jklein@nrel.colostate.edu]]></EmailAddress>
<NSF_ID>000224575</NSF_ID>
<StartDate>06/28/2022</StartDate>
<EndDate/>
<RoleCode>Principal Investigator</RoleCode>
</Investigator>
<Investigator>
<FirstName>Robin</FirstName>
<LastName>Reid</LastName>
<PI_MID_INIT/>
<PI_SUFX_NAME/>
<PI_FULL_NAME>Robin Reid</PI_FULL_NAME>
<EmailAddress><![CDATA[robin.reid@colostate.edu]]></EmailAddress>
<NSF_ID>000192217</NSF_ID>
<StartDate>06/28/2022</StartDate>
<EndDate/>
<RoleCode>Co-Principal Investigator</RoleCode>
</Investigator>
<Institution>
<Name>Colorado State University</Name>
<CityName>FORT COLLINS</CityName>
<ZipCode>805212807</ZipCode>
<PhoneNumber>9704916355</PhoneNumber>
<StreetAddress>601 S HOWES ST</StreetAddress>
<StreetAddress2/>
<CountryName>United States</CountryName>
<StateName>Colorado</StateName>
<StateCode>CO</StateCode>
<CONGRESSDISTRICT>02</CONGRESSDISTRICT>
<CONGRESS_DISTRICT_ORG>CO02</CONGRESS_DISTRICT_ORG>
<ORG_UEI_NUM>LT9CXX8L19G1</ORG_UEI_NUM>
<ORG_LGL_BUS_NAME>COLORADO STATE UNIVERSITY</ORG_LGL_BUS_NAME>
<ORG_PRNT_UEI_NUM>Q7VRM266G891</ORG_PRNT_UEI_NUM>
</Institution>
<Performance_Institution>
<Name><![CDATA[Colorado State University]]></Name>
<CityName>Fort Collins</CityName>
<StateCode>CO</StateCode>
<ZipCode>805214593</ZipCode>
<StreetAddress><![CDATA[200 W Lake]]></StreetAddress>
<CountryCode>US</CountryCode>
<CountryName>United States</CountryName>
<StateName>Colorado</StateName>
<CountryFlag>1</CountryFlag>
<CONGRESSDISTRICT>02</CONGRESSDISTRICT>
<CONGRESS_DISTRICT_PERF>CO02</CONGRESS_DISTRICT_PERF>
</Performance_Institution>
<ProgramElement>
<Code>069Y</Code>
<Text>AccelNet - Accelerating Resear</Text>
</ProgramElement>
<ProgramReference>
<Code>5926</Code>
<Text>LATIN AMERICA, SDC</Text>
</ProgramReference>
<ProgramReference>
<Code>5950</Code>
<Text>SWITZERLAND</Text>
</ProgramReference>
<ProgramReference>
<Code>7342</Code>
<Text>UGANDA</Text>
</ProgramReference>
<ProgramReference>
<Code>7386</Code>
<Text>NEPAL</Text>
</ProgramReference>
<Appropriation>
<Code/>
<Name/>
<APP_SYMB_ID/>
</Appropriation>
<Fund>
<Code>01002223DB</Code>
<Name><![CDATA[NSF RESEARCH & RELATED ACTIVIT]]></Name>
<FUND_SYMB_ID>040100</FUND_SYMB_ID>
</Fund>
<FUND_OBLG>2022~1999962</FUND_OBLG>
</Award>
</rootTag>
