<?xml version="1.0" encoding="UTF-8"?>
<rootTag>
<Award>
<AwardTitle>CC* Planning: High-Performance GPU Cluster for Computational Intensive Interdisciplinary Research</AwardTitle>
<AGENCY>NSF</AGENCY>
<AwardEffectiveDate>06/15/2022</AwardEffectiveDate>
<AwardExpirationDate>05/31/2023</AwardExpirationDate>
<AwardTotalIntnAmount>100000.00</AwardTotalIntnAmount>
<AwardAmount>100000</AwardAmount>
<AwardInstrument>
<Value>Standard Grant</Value>
</AwardInstrument>
<Organization>
<Code>05090000</Code>
<Directorate>
<Abbreviation>CSE</Abbreviation>
<LongName>Direct For Computer &amp; Info Scie &amp; Enginr</LongName>
</Directorate>
<Division>
<Abbreviation>OAC</Abbreviation>
<LongName>Office of Advanced Cyberinfrastructure (OAC)</LongName>
</Division>
</Organization>
<ProgramOfficer>
<SignBlockName>Kevin Thompson</SignBlockName>
<PO_EMAI>kthompso@nsf.gov</PO_EMAI>
<PO_PHON>7032924220</PO_PHON>
</ProgramOfficer>
<AbstractNarration>With recent technical advances in research methodologies, there is an ever-increasing generation of large datasets in biomedical research. This coincides with advances in analytical methodologies such as deep learning techniques. These analytical tools heavily utilize the power of graphical processing units (GPUs) as the main computational hardware. However, the current infrastructure of many research institutes is not sufficient to provide solutions for this kind of special computational needs of the biomedical fields. This results in attempts by individual research laboratories to solve these computational needs temporarily, slowing down the research and putting the difficult-to-obtain data at risk of loss. To address these issues and find a more efficient and sustainable solution, this project aims to systematically go through several steps at different levels, create solutions that will expedite the biomedical research and provide an institutional example for setting up infrastructure to meet these computational needs for biomedical research institutes. &lt;br/&gt;&lt;br/&gt;More specifically, the goal is to create a detailed plan of such an infrastructure. These include: (1) identification of science use cases and representative users, (2) determining the standards for computing, networking, storage and security of such a system, (3) creating a high-performance GPU architecture plan and (4) developing a support model to maintain and improve this infrastructure. This project aims to create a model that is efficient, useful, sustainable and that will expedite the data processing and analytics in biomedical research.&lt;br/&gt;&lt;br/&gt;This award reflects NSF's statutory mission and has been deemed worthy of support through evaluation using the Foundation's intellectual merit and broader impacts review criteria.</AbstractNarration>
<MinAmdLetterDate>05/23/2022</MinAmdLetterDate>
<MaxAmdLetterDate>05/23/2022</MaxAmdLetterDate>
<ARRAAmount/>
<TRAN_TYPE>Grant</TRAN_TYPE>
<CFDA_NUM>47.070</CFDA_NUM>
<NSF_PAR_USE_FLAG>1</NSF_PAR_USE_FLAG>
<FUND_AGCY_CODE>4900</FUND_AGCY_CODE>
<AWDG_AGCY_CODE>4900</AWDG_AGCY_CODE>
<AwardID>2201592</AwardID>
<Investigator>
<FirstName>Ahmet</FirstName>
<LastName>Arac</LastName>
<PI_MID_INIT/>
<PI_SUFX_NAME/>
<PI_FULL_NAME>Ahmet Arac</PI_FULL_NAME>
<EmailAddress>aarac@mednet.ucla.edu</EmailAddress>
<PI_PHON>3107947167</PI_PHON>
<NSF_ID>000863115</NSF_ID>
<StartDate>05/23/2022</StartDate>
<EndDate/>
<RoleCode>Principal Investigator</RoleCode>
</Investigator>
<Institution>
<Name>University of California-Los Angeles</Name>
<CityName>LOS ANGELES</CityName>
<ZipCode>900244201</ZipCode>
<PhoneNumber>3107940102</PhoneNumber>
<StreetAddress>10889 WILSHIRE BLVD STE 700</StreetAddress>
<StreetAddress2/>
<CountryName>United States</CountryName>
<StateName>California</StateName>
<StateCode>CA</StateCode>
<CONGRESSDISTRICT>37</CONGRESSDISTRICT>
<CONGRESS_DISTRICT_ORG>CA37</CONGRESS_DISTRICT_ORG>
<ORG_UEI_NUM>RN64EPNH8JC6</ORG_UEI_NUM>
<ORG_LGL_BUS_NAME>UNIVERSITY OF CALIFORNIA, LOS ANGELES</ORG_LGL_BUS_NAME>
<ORG_PRNT_UEI_NUM>NUDGYLBB4S99</ORG_PRNT_UEI_NUM>
</Institution>
<Performance_Institution>
<Name><![CDATA[The Regents of the University of California-Los Angeles]]></Name>
<CityName>Los Angeles</CityName>
<StateCode>CA</StateCode>
<ZipCode>900951769</ZipCode>
<StreetAddress><![CDATA[710 Westwood Plaza]]></StreetAddress>
<CountryCode>US</CountryCode>
<CountryName>United States</CountryName>
<StateName>California</StateName>
<CountryFlag>1</CountryFlag>
<CONGRESSDISTRICT>33</CONGRESSDISTRICT>
<CONGRESS_DISTRICT_PERF>CA33</CONGRESS_DISTRICT_PERF>
</Performance_Institution>
<ProgramElement>
<Code>8080</Code>
<Text>Campus Cyberinfrastructure</Text>
</ProgramElement>
<FUND_OBLG>2022~100000</FUND_OBLG>
</Award>
</rootTag>
