<?xml version="1.0" encoding="UTF-8"?>
<rootTag>
<Award>
<AwardTitle>Hyperplane Arrangements</AwardTitle>
<AGENCY>NSF</AGENCY>
<AwardEffectiveDate>09/01/2022</AwardEffectiveDate>
<AwardExpirationDate>08/31/2025</AwardExpirationDate>
<AwardTotalIntnAmount>197621.00</AwardTotalIntnAmount>
<AwardAmount>197621</AwardAmount>
<AwardInstrument>
<Value>Standard Grant</Value>
</AwardInstrument>
<Organization>
<Code>03040000</Code>
<Directorate>
<Abbreviation>MPS</Abbreviation>
<LongName>Direct For Mathematical &amp; Physical Scien</LongName>
</Directorate>
<Division>
<Abbreviation>DMS</Abbreviation>
<LongName>Division Of Mathematical Sciences</LongName>
</Division>
</Organization>
<ProgramOfficer>
<SignBlockName>Sandra Spiroff</SignBlockName>
<PO_EMAI>sspiroff@nsf.gov</PO_EMAI>
<PO_PHON>7032928069</PO_PHON>
</ProgramOfficer>
<AbstractNarration>This project is in computational commutative algebra and algebraic geometry.  A central aspect of these fields is the study of polynomials in many variables - or multivariate polynomials.  Multivariate polynomials appear in a wide range of applications such as mechanical engineering, robotics, computer-aided design, and numerical partial differential equations.  The research will be clustered in three interconnected areas where multivariate polynomials play an essential role.  The first is configurations of linear subspaces, such as lines in the plane.  The second is interpolation, which involves fitting data with a polynomial model.  The third is piecewise polynomial functions, or splines, such as the Bezier splines common in drawing programs.  Each of these fields have major unsolved conjectures revolving around the impact of combinatorics and geometry on corresponding algebraic objects.  A recurring theme of the project is to use rigidity theory, which has its origins in structural engineering, to elucidate this impact.  Several lines of inquiry are a collaborative effort among the disparate communities of numerical analysis, rigidity theory, commutative algebra, and algebraic geometry. The project includes training opportunities for graduate students.  This project is jointly funded by the Algebra and Number Theory program and the Established Program to Stimulate Competitive Research (EPSCoR).&lt;br/&gt;&lt;br/&gt;The project focuses on problems where the interactions between geometry, combinatorics, and algebra are not well-understood.  A first goal is to use rigidity theory to systematically produce line arrangements with fixed combinatorics whose module of derivations has changing structure based on the geometry, generalizing an example of Ziegler.  Understanding these examples sheds additional light on Terao's conjecture, which proposes that freeness of an arrangement is combinatorial. A second goal involves searching for a counterexample to a conjecture in numerical analysis using a hybrid of symbolic and numerical methods based on techniques analogous to rigidity theory.  This conjecture, which is long-standing, proposes a formula for the dimension of the space of smooth cubic splines on triangulations.  A third goal is to study asymptotic containments between symbolic and regular powers of ideals, with an eye toward highly structured examples where recent connections to combinatorial optimization and linear programming give good prospects for progress.  Despite their differences, the three focus areas allow for a rich exchange of techniques.  For example, homological methods connect hyperplane arrangements and splines to rigidity, while Macaulay inverse systems link splines to symbolic powers.  The projects are computational in nature and will include the development of code in symbolic software (Macaulay2) and numerical software (Bertini).&lt;br/&gt;&lt;br/&gt;This award reflects NSF's statutory mission and has been deemed worthy of support through evaluation using the Foundation's intellectual merit and broader impacts review criteria.</AbstractNarration>
<MinAmdLetterDate>04/11/2022</MinAmdLetterDate>
<MaxAmdLetterDate>04/11/2022</MaxAmdLetterDate>
<ARRAAmount/>
<TRAN_TYPE>Grant</TRAN_TYPE>
<CFDA_NUM>47.049, 47.083</CFDA_NUM>
<NSF_PAR_USE_FLAG>1</NSF_PAR_USE_FLAG>
<FUND_AGCY_CODE>4900</FUND_AGCY_CODE>
<AWDG_AGCY_CODE>4900</AWDG_AGCY_CODE>
<AwardID>2201084</AwardID>
<Investigator>
<FirstName>Michael</FirstName>
<LastName>DiPasquale</LastName>
<PI_MID_INIT>R</PI_MID_INIT>
<PI_SUFX_NAME/>
<PI_FULL_NAME>Michael R DiPasquale</PI_FULL_NAME>
<EmailAddress>mdipasquale@southalabama.edu</EmailAddress>
<PI_PHON>2175527673</PI_PHON>
<NSF_ID>000681693</NSF_ID>
<StartDate>04/11/2022</StartDate>
<EndDate/>
<RoleCode>Principal Investigator</RoleCode>
</Investigator>
<Institution>
<Name>University of South Alabama</Name>
<CityName>MOBILE</CityName>
<ZipCode>366883053</ZipCode>
<PhoneNumber>2514606333</PhoneNumber>
<StreetAddress>307 UNIVERISTY BLVD 380 ADMINIST</StreetAddress>
<StreetAddress2/>
<CountryName>United States</CountryName>
<StateName>Alabama</StateName>
<StateCode>AL</StateCode>
<CONGRESSDISTRICT>01</CONGRESSDISTRICT>
<CONGRESS_DISTRICT_ORG>AL01</CONGRESS_DISTRICT_ORG>
<ORG_UEI_NUM>QB12VPNQQFE8</ORG_UEI_NUM>
<ORG_LGL_BUS_NAME>UNIVERSITY OF SOUTH ALABAMA</ORG_LGL_BUS_NAME>
<ORG_PRNT_UEI_NUM>QB12VPNQQFE8</ORG_PRNT_UEI_NUM>
</Institution>
<Performance_Institution>
<Name><![CDATA[University of South Alabama]]></Name>
<CityName>Mobile</CityName>
<StateCode>AL</StateCode>
<ZipCode>366880002</ZipCode>
<StreetAddress><![CDATA[307 University Blvd.]]></StreetAddress>
<CountryCode>US</CountryCode>
<CountryName>United States</CountryName>
<StateName>Alabama</StateName>
<CountryFlag>1</CountryFlag>
<CONGRESSDISTRICT>01</CONGRESSDISTRICT>
<CONGRESS_DISTRICT_PERF>AL01</CONGRESS_DISTRICT_PERF>
</Performance_Institution>
<ProgramElement>
<Code>1264</Code>
<Text>ALGEBRA,NUMBER THEORY,AND COM</Text>
</ProgramElement>
<ProgramElement>
<Code>9150</Code>
<Text>EPSCoR Co-Funding</Text>
</ProgramElement>
<ProgramReference>
<Code>9150</Code>
<Text>EXP PROG TO STIM COMP RES</Text>
</ProgramReference>
<FUND_OBLG>2022~197621</FUND_OBLG>
</Award>
</rootTag>
