<?xml version="1.0" encoding="UTF-8"?>
<rootTag>
<Award>
<AwardTitle>Retooling A Machine Tool Technician Program In North Central Wisconsin to Support Diversity, Flexibility, and Accessibility</AwardTitle>
<AGENCY>NSF</AGENCY>
<AwardEffectiveDate>10/01/2022</AwardEffectiveDate>
<AwardExpirationDate>09/30/2025</AwardExpirationDate>
<AwardTotalIntnAmount>342519.00</AwardTotalIntnAmount>
<AwardAmount>342519</AwardAmount>
<AwardInstrument>
<Value>Standard Grant</Value>
</AwardInstrument>
<Organization>
<Code>11040100</Code>
<Directorate>
<Abbreviation>EHR</Abbreviation>
<LongName>Direct For Education and Human Resources</LongName>
</Directorate>
<Division>
<Abbreviation>DUE</Abbreviation>
<LongName>Division Of Undergraduate Education</LongName>
</Division>
</Organization>
<ProgramOfficer>
<SignBlockName>Michael Davis</SignBlockName>
<PO_EMAI>mdavis@nsf.gov</PO_EMAI>
<PO_PHON>7032927166</PO_PHON>
</ProgramOfficer>
<AbstractNarration>The north central Wisconsin region is a hotspot for machine tool technician jobs, more than double the national average. This project from Northcentral Technical College will integrate research and education to combine a revised curriculum with targeted outreach to nontraditional populations to improve outcomes in their Machine Tool Technician Program.  Over the three-year project, 30 students will be recruited to complete credentials that will lead to high demand technician careers. Northcentral Technical College will revise its Machine Tooling program to (1) include industry relevant skills, (2) adopt flexible scheduling, (3) provide culturally relevant professional development for faculty and staff, (4) perform outreach through the College’s Advanced Manufacturing and Emerging Technologies mobile labs, and (5) establish peer/near-peer mentorships.  As a result, the college intends to increase recruitment, matriculation, completion, and employment of students in the Machine Tool Technician program, with an emphasis on students of Southeast Asian/Hmong descent. Students will have the option to earn up to four stackable credentials ranging from a 4-credit certificate to a 58-credit degree. &lt;br/&gt;&lt;br/&gt;The overall goal of the Project is to increase the skilled machine tool technician workforce in central Wisconsin. Thirty students are expected to enroll over the three-year period with a special focus on broadening participation in the profession of populations that are significantly underrepresented in the field. The project’s objective is to increase awareness of, access to, and enrollment in machine tool technician educational and career pathways for non-traditional students with an emphasis on Southeast Asian/Hmong adults. The current curriculum will be reviewed and modified to include current machine tool technologies, culturally responsive teaching, internships, and flexible delivery options. Machine tool program faculty, advisors, instructional assistants, and other student services personnel will participate in professional development on Southeast Asian/Hmong culture in order to better relate to and support their learning. Collaboration with the Hmong American Center and local manufacturing leaders will support recruitment, identification of project mentors, and community outreach. Workforce mentors will provide guidance and encouragement to students by sharing personal and career experiences. The Machine Tool Advisory Committee/Business and Industry Leadership Team (BILT) will provide project oversight. The project team will collaborate with regional cultural organizations, workforce development boards, job centers, and regional machine tool employers to implement and disseminate the full scope of work. This project is funded by the Advanced Technological Education program that focuses on the education of technicians for the advanced-technology fields that drive the Nation's economy.&lt;br/&gt;&lt;br/&gt;This award reflects NSF's statutory mission and has been deemed worthy of support through evaluation using the Foundation's intellectual merit and broader impacts review criteria.</AbstractNarration>
<MinAmdLetterDate>05/02/2022</MinAmdLetterDate>
<MaxAmdLetterDate>05/02/2022</MaxAmdLetterDate>
<ARRAAmount/>
<TRAN_TYPE>Grant</TRAN_TYPE>
<CFDA_NUM>47.076</CFDA_NUM>
<NSF_PAR_USE_FLAG>1</NSF_PAR_USE_FLAG>
<FUND_AGCY_CODE>4900</FUND_AGCY_CODE>
<AWDG_AGCY_CODE>4900</AWDG_AGCY_CODE>
<AwardID>2201611</AwardID>
<Investigator>
<FirstName>Frank</FirstName>
<LastName>Fernandes</LastName>
<PI_MID_INIT>J</PI_MID_INIT>
<PI_SUFX_NAME/>
<PI_FULL_NAME>Frank J Fernandes</PI_FULL_NAME>
<EmailAddress>fernande@ntc.edu</EmailAddress>
<PI_PHON>7158031399</PI_PHON>
<NSF_ID>000704061</NSF_ID>
<StartDate>05/02/2022</StartDate>
<EndDate/>
<RoleCode>Principal Investigator</RoleCode>
</Investigator>
<Investigator>
<FirstName>Jeffrey</FirstName>
<LastName>Block</LastName>
<PI_MID_INIT/>
<PI_SUFX_NAME/>
<PI_FULL_NAME>Jeffrey Block</PI_FULL_NAME>
<EmailAddress>blockj@ntc.edu</EmailAddress>
<PI_PHON>7158031246</PI_PHON>
<NSF_ID>000759371</NSF_ID>
<StartDate>05/02/2022</StartDate>
<EndDate/>
<RoleCode>Co-Principal Investigator</RoleCode>
</Investigator>
<Institution>
<Name>Northcentral Technical College</Name>
<CityName>WAUSAU</CityName>
<ZipCode>544011880</ZipCode>
<PhoneNumber>7158031776</PhoneNumber>
<StreetAddress>1000 W CAMPUS DR</StreetAddress>
<StreetAddress2/>
<CountryName>United States</CountryName>
<StateName>Wisconsin</StateName>
<StateCode>WI</StateCode>
<CONGRESSDISTRICT>07</CONGRESSDISTRICT>
<CONGRESS_DISTRICT_ORG>WI07</CONGRESS_DISTRICT_ORG>
<ORG_UEI_NUM>L2DDNHDUGJH5</ORG_UEI_NUM>
<ORG_LGL_BUS_NAME>NORTHCENTRAL TECHNICAL COLLEGE</ORG_LGL_BUS_NAME>
<ORG_PRNT_UEI_NUM>H9W3B71EFTM8</ORG_PRNT_UEI_NUM>
</Institution>
<Performance_Institution>
<Name><![CDATA[Northcentral Technical College]]></Name>
<CityName>Wausau</CityName>
<StateCode>WI</StateCode>
<ZipCode>544011899</ZipCode>
<StreetAddress><![CDATA[1000 W. Campus Drive]]></StreetAddress>
<CountryCode>US</CountryCode>
<CountryName>United States</CountryName>
<StateName>Wisconsin</StateName>
<CountryFlag>1</CountryFlag>
<CONGRESSDISTRICT>07</CONGRESSDISTRICT>
<CONGRESS_DISTRICT_PERF>WI07</CONGRESS_DISTRICT_PERF>
</Performance_Institution>
<ProgramElement>
<Code>7412</Code>
<Text>Advanced Tech Education Prog</Text>
</ProgramElement>
<ProgramReference>
<Code>1032</Code>
<Text>ADVANCED TECHNOLOGY EDUCATION</Text>
</ProgramReference>
<ProgramReference>
<Code>9178</Code>
<Text>UNDERGRADUATE EDUCATION</Text>
</ProgramReference>
<ProgramReference>
<Code>SMET</Code>
<Text>SCIENCE, MATH, ENG &amp; TECH EDUCATION</Text>
</ProgramReference>
<FUND_OBLG>2022~342519</FUND_OBLG>
</Award>
</rootTag>
