<?xml version="1.0" encoding="UTF-8"?>
<rootTag>
<Award>
<AwardTitle><![CDATA[Collaborative Research: A qualitative inquiry into sex/gender narratives in undergraduate biology and their impacts on transgender, non-binary, and gender non-conforming students]]></AwardTitle>
<AGENCY>NSF</AGENCY>
<AwardEffectiveDate>09/01/2022</AwardEffectiveDate>
<AwardExpirationDate>08/31/2025</AwardExpirationDate>
<AwardTotalIntnAmount>205063.00</AwardTotalIntnAmount>
<AwardAmount>135735</AwardAmount>
<AwardInstrument>
<Value>Continuing Grant</Value>
</AwardInstrument>
<Organization>
<Code>11060000</Code>
<Directorate>
<Abbreviation>EHR</Abbreviation>
<LongName>Direct For Education and Human Resources</LongName>
</Directorate>
<Division>
<Abbreviation>HRD</Abbreviation>
<LongName>Division Of Human Resource Development</LongName>
</Division>
</Organization>
<ProgramOfficer>
<SignBlockName>Chrystal Smith</SignBlockName>
<PO_EMAI>chrsmith@nsf.gov</PO_EMAI>
<PO_PHON>7032924342</PO_PHON>
</ProgramOfficer>
<AbstractNarration><![CDATA[This project examines how a more accurate curriculum about the diversity of sexes found across species, the role of the environment in sex determination, and the complex relationship between sex and gender can create a more inclusive environment for transgender, non-binary, and gender non-conforming (TNG) students in undergraduate biology courses. Research indicates that rather than emphasizing the diversity of strategies and experiences that organisms have around sex, gender, and orientation, biology courses often inaccurately categorize sex and gender as binary. The oversimplification of sex and gender into binary categories can make biology classrooms particularly challenging for TNG students. Early data suggest that how sex and gender topics are represented in the biology curriculum impacts TNG students’ sense of belonging and interest in biology. Understanding TNG students’ experiences with biology content will support the design of interventions and curriculum inclusive of both TNG and intersex students. This project will also help all biology students develop inclusive and scientifically accurate understandings of sex and gender.  Finally, this work will positively impact the career competencies of all biology majors who will need skills and knowledge to work with diverse patients, stakeholders, and teams.  &lt;br/&gt;&lt;br/&gt;Guided by master narrative theory, the goals of this project are to: 1) explore how sex and gender are currently represented in the undergraduate biology content, 2) describe the impact this content has on classroom climate and belonging for TNG students, and 3) characterize the current efforts of biology instructors to create a more inclusive climate for TNG students. Master narrative theory deciphers how messages in the cultural environment become internalized and impact the development of personal identity. The sample will include TNG students with diverse racial/ethnic and social identities along with biology instructors recruited from a variety of institutions. Data collected will include participant interviews (recorded and transcribed), participant baseline demographic surveys, course observations (e.g., video recordings), and course artifacts (e.g., lesson plan, assessment questions). Feminist phenomenology, qualitative content analysis, and document analysis will be used to analyze the data. The anticipated outcomes of this project include (a) identifying aspects of biology content that could influence the sense of belonging of TNG students and impact the career competency of  all biology majors, (b) describing factors that can help or hinder instructors as they try to create more inclusive and accurate biology curricula related to sex and gender, and  (c) creating professional development materials to support instructors who design lessons around biology topics related to sex and gender. &lt;br/&gt;&lt;br/&gt;This project is supported by NSF's EHR Core Research (ECR) program. The ECR program emphasizes fundamental STEM education research that generates foundational knowledge in the field. Investments are made in critical areas that are essential, broad and enduring: STEM learning and STEM learning environments, broadening participation in STEM, and STEM workforce development. The program supports the accumulation of robust evidence to inform efforts to understand, build theory to explain, and suggest intervention and innovations to address persistent.&lt;br/&gt;&lt;br/&gt;This award reflects NSF's statutory mission and has been deemed worthy of support through evaluation using the Foundation's intellectual merit and broader impacts review criteria.]]></AbstractNarration>
<MinAmdLetterDate>06/23/2022</MinAmdLetterDate>
<MaxAmdLetterDate>06/23/2022</MaxAmdLetterDate>
<ARRAAmount/>
<TRAN_TYPE>Grant</TRAN_TYPE>
<CFDA_NUM>47.076</CFDA_NUM>
<NSF_PAR_USE_FLAG>1</NSF_PAR_USE_FLAG>
<FUND_AGCY_CODE>4900</FUND_AGCY_CODE>
<AWDG_AGCY_CODE>4900</AWDG_AGCY_CODE>
<AwardID>2201808</AwardID>
<Investigator>
<FirstName>Sarah</FirstName>
<LastName>Eddy</LastName>
<PI_MID_INIT>L</PI_MID_INIT>
<PI_SUFX_NAME/>
<PI_FULL_NAME>Sarah L Eddy</PI_FULL_NAME>
<EmailAddress><![CDATA[sarah.eddy@fiu.edu]]></EmailAddress>
<NSF_ID>000735753</NSF_ID>
<StartDate>06/23/2022</StartDate>
<EndDate/>
<RoleCode>Principal Investigator</RoleCode>
</Investigator>
<Institution>
<Name>Florida International University</Name>
<CityName>MIAMI</CityName>
<ZipCode>331992516</ZipCode>
<PhoneNumber>3053482494</PhoneNumber>
<StreetAddress>11200 SW 8TH ST</StreetAddress>
<StreetAddress2/>
<CountryName>United States</CountryName>
<StateName>Florida</StateName>
<StateCode>FL</StateCode>
<CONGRESSDISTRICT>26</CONGRESSDISTRICT>
<CONGRESS_DISTRICT_ORG>FL26</CONGRESS_DISTRICT_ORG>
<ORG_UEI_NUM>Q3KCVK5S9CP1</ORG_UEI_NUM>
<ORG_LGL_BUS_NAME>FLORIDA INTERNATIONAL UNIVERSITY</ORG_LGL_BUS_NAME>
<ORG_PRNT_UEI_NUM>D4GCCCMXR1H3</ORG_PRNT_UEI_NUM>
</Institution>
<Performance_Institution>
<Name><![CDATA[Florida International University]]></Name>
<CityName>Miami</CityName>
<StateCode>FL</StateCode>
<ZipCode>331990001</ZipCode>
<StreetAddress><![CDATA[11200 SW 8TH ST]]></StreetAddress>
<CountryCode>US</CountryCode>
<CountryName>United States</CountryName>
<StateName>Florida</StateName>
<CountryFlag>1</CountryFlag>
<CONGRESSDISTRICT>26</CONGRESSDISTRICT>
<CONGRESS_DISTRICT_PERF>FL26</CONGRESS_DISTRICT_PERF>
</Performance_Institution>
<ProgramElement>
<Code>7980</Code>
<Text>ECR-EHR Core Research</Text>
</ProgramElement>
<ProgramReference>
<Code>8212</Code>
<Text>Broaden Particip STEM Resrch</Text>
</ProgramReference>
<ProgramReference>
<Code>8816</Code>
<Text>Workforce Development</Text>
</ProgramReference>
<ProgramReference>
<Code>8817</Code>
<Text>STEM Learning &amp; Learning Environments</Text>
</ProgramReference>
<Appropriation>
<Code/>
<Name/>
<APP_SYMB_ID/>
</Appropriation>
<Fund>
<Code>04002223DB</Code>
<Name><![CDATA[NSF Education & Human Resource]]></Name>
<FUND_SYMB_ID>040106</FUND_SYMB_ID>
</Fund>
<FUND_OBLG>2022~135735</FUND_OBLG>
</Award>
</rootTag>
