<?xml version="1.0" encoding="UTF-8"?>
<rootTag>
<Award>
<AwardTitle>Arithmetic Aspects of the Langlands Program</AwardTitle>
<AGENCY>NSF</AGENCY>
<AwardEffectiveDate>07/01/2022</AwardEffectiveDate>
<AwardExpirationDate>06/30/2025</AwardExpirationDate>
<AwardTotalIntnAmount>390000.00</AwardTotalIntnAmount>
<AwardAmount>138909</AwardAmount>
<AwardInstrument>
<Value>Continuing Grant</Value>
</AwardInstrument>
<Organization>
<Code>03040000</Code>
<Directorate>
<Abbreviation>MPS</Abbreviation>
<LongName>Direct For Mathematical &amp; Physical Scien</LongName>
</Directorate>
<Division>
<Abbreviation>DMS</Abbreviation>
<LongName>Division Of Mathematical Sciences</LongName>
</Division>
</Organization>
<ProgramOfficer>
<SignBlockName>Adriana Salerno</SignBlockName>
<PO_EMAI>asalerno@nsf.gov</PO_EMAI>
<PO_PHON>7032922271</PO_PHON>
</ProgramOfficer>
<AbstractNarration>Number theory is the branch of mathematics that studies phenomena related to properties of whole numbers. A typical number theoretic question is to find all the whole number solutions of some equation of interest. By synthesizing the topological and algebraic properties of the graphs of these equations, one obtains a mathematical object (a collection of mathematical data) called a Galois representation which encodes many of the properties of the originating equation. The mathematician Robert Langlands has developed a series of conjectures (or mathematical predictions) which anticipate a very close relationship between these Galois representations and some very different kinds of group representations, known as automorphic representations, which arise out of mathematical analysis.  The goal of this project is to make progress on Langlands's conjectures by placing them in various more structural geometric frameworks, and then to use geometric methods and perspectives to establish relationships between these two different kinds of representations (Galois and automorphic). The project provides training opportunities for graduate students.&lt;br/&gt;&lt;br/&gt;The goal of the research project is to investigate both local and global aspects of the arithmetic Langlands program.  The principal investigator, Dr. Matthew Emerton, will construct moduli stacks of global Galois representations, and study their geometric properties, as well as the properties of the global-to-local restriction maps which map them to (products of) moduli stacks of local Galois representations.   These investigations are closely related to the problem of extending the Taylor--Wiles--Kisin patching method to the residually reducible case, and to the study of the Eisenstein part of cohomology, and Dr. Emerton will pursue these relationships, especially in the context of odd two-dimensional representations, which are connected to the cohomology of modular curves.  Dr. Emerton will also develop a new approach to the mod p deformation theory of crystalline local-at-p Galois representations, via their relationship to prismatic F-crystals and gauges.  The resulting improved understanding of this deformation theory should lead to new global results, such as new cases of the weight part of Serre's conjecture and new cases of the Breuil--Mezard conjecture.&lt;br/&gt;&lt;br/&gt;This award reflects NSF's statutory mission and has been deemed worthy of support through evaluation using the Foundation's intellectual merit and broader impacts review criteria.</AbstractNarration>
<MinAmdLetterDate>04/06/2022</MinAmdLetterDate>
<MaxAmdLetterDate>04/06/2022</MaxAmdLetterDate>
<ARRAAmount/>
<TRAN_TYPE>Grant</TRAN_TYPE>
<CFDA_NUM>47.049</CFDA_NUM>
<NSF_PAR_USE_FLAG>1</NSF_PAR_USE_FLAG>
<FUND_AGCY_CODE>4900</FUND_AGCY_CODE>
<AWDG_AGCY_CODE>4900</AWDG_AGCY_CODE>
<AwardID>2201242</AwardID>
<Investigator>
<FirstName>Matthew</FirstName>
<LastName>Emerton</LastName>
<PI_MID_INIT/>
<PI_SUFX_NAME/>
<PI_FULL_NAME>Matthew Emerton</PI_FULL_NAME>
<EmailAddress>emerton@math.uchicago.edu</EmailAddress>
<PI_PHON>7737022353</PI_PHON>
<NSF_ID>000096981</NSF_ID>
<StartDate>04/06/2022</StartDate>
<EndDate/>
<RoleCode>Principal Investigator</RoleCode>
</Investigator>
<Institution>
<Name>University of Chicago</Name>
<CityName>CHICAGO</CityName>
<ZipCode>606375418</ZipCode>
<PhoneNumber>7737028669</PhoneNumber>
<StreetAddress>5801 S ELLIS AVE</StreetAddress>
<StreetAddress2/>
<CountryName>United States</CountryName>
<StateName>Illinois</StateName>
<StateCode>IL</StateCode>
<CONGRESSDISTRICT>01</CONGRESSDISTRICT>
<CONGRESS_DISTRICT_ORG>IL01</CONGRESS_DISTRICT_ORG>
<ORG_UEI_NUM>ZUE9HKT2CLC9</ORG_UEI_NUM>
<ORG_LGL_BUS_NAME>UNIVERSITY OF CHICAGO, THE</ORG_LGL_BUS_NAME>
<ORG_PRNT_UEI_NUM>ZUE9HKT2CLC9</ORG_PRNT_UEI_NUM>
</Institution>
<Performance_Institution>
<Name><![CDATA[University of Chicago]]></Name>
<CityName>Chicago</CityName>
<StateCode>IL</StateCode>
<ZipCode>606371505</ZipCode>
<StreetAddress><![CDATA[5734 S. University Ave.]]></StreetAddress>
<CountryCode>US</CountryCode>
<CountryName>United States</CountryName>
<StateName>Illinois</StateName>
<CountryFlag>1</CountryFlag>
<CONGRESSDISTRICT>01</CONGRESSDISTRICT>
<CONGRESS_DISTRICT_PERF>IL01</CONGRESS_DISTRICT_PERF>
</Performance_Institution>
<ProgramElement>
<Code>1264</Code>
<Text>ALGEBRA,NUMBER THEORY,AND COM</Text>
</ProgramElement>
<FUND_OBLG>2022~138909</FUND_OBLG>
</Award>
</rootTag>
