<?xml version="1.0" encoding="UTF-8"?>
<rootTag>
<Award>
<AwardTitle>Building the Cell Therapy and Flow Cytometry Workforce</AwardTitle>
<AGENCY>NSF</AGENCY>
<AwardEffectiveDate>07/01/2022</AwardEffectiveDate>
<AwardExpirationDate>06/30/2025</AwardExpirationDate>
<AwardTotalIntnAmount>349911.00</AwardTotalIntnAmount>
<AwardAmount>349911</AwardAmount>
<AwardInstrument>
<Value>Standard Grant</Value>
</AwardInstrument>
<Organization>
<Code>11040100</Code>
<Directorate>
<Abbreviation>EHR</Abbreviation>
<LongName>Direct For Education and Human Resources</LongName>
</Directorate>
<Division>
<Abbreviation>DUE</Abbreviation>
<LongName>Division Of Undergraduate Education</LongName>
</Division>
</Organization>
<ProgramOfficer>
<SignBlockName>Michael Davis</SignBlockName>
<PO_EMAI>mdavis@nsf.gov</PO_EMAI>
<PO_PHON>7032927166</PO_PHON>
</ProgramOfficer>
<AbstractNarration>Recent innovations in personalized medicine have spurred rapid growth in the regional biopharmaceutical industry and an increased demand for skilled technicians. Working closely with industry leaders, this project from Frederick Community College will create a specialized curriculum to meet the needs of the regional biotechnology workforce. Over the three-year project, 25 students will gain specialized skills in cell therapy and flow cytometry as part of an associate’s degree, certificate, letter of recognition, or Registered Apprenticeship pathway.  The overall enrollment in the Frederick Community College biotechnology program is anticipated to increase by 50%. The project will establish a new advisory team comprised of business and industry leaders to guide the development of a new Cell Therapy and Flow Cytometry course. Faculty will receive training, a flow cytometer will be purchased, and the instrument will be used in the delivery of hands-on instruction. A recruitment specialist will be hired to develop and implement a comprehensive recruitment plan. The project has the potential to broaden participation in the STEM workforce by making affordable, relevant, industry-validated biotechnology technician education accessible to local students, many of whom represent underserved populations. &lt;br/&gt;&lt;br/&gt;The project has two overarching goals: 1) to meet the growing industry need for technicians with cell therapy and flow cytometry skills, and 2) to increase enrollment of traditional and non-traditional students in the Frederick Community College biotechnology program. The project will develop a new Cell Therapy and Flow Cytometry course that will align with workforce requirements of regional industry partners. This course will provide hands-on instruction in cell therapy and flow cytometry techniques and will be required for all biotechnology program pathways. The project will also develop and execute a comprehensive recruitment plan to increase awareness among local high school students, generate interest among undergraduate students, and appeal to job seekers and workers who wish to expand their skill sets. Faculty will receive training on using flow cytometers to expand their knowledge of cell therapy techniques and procure one to provide hands-on instruction. To ensure the curriculum is aligned with industry needs, the project will engage a new Business and Industry Leadership Team (BILT) to provide subject matter expertise, input, guidance and feedback on course development and implementation. This project is funded by the Advanced Technological Education program that focuses on the education of technicians for the advanced-technology fields that drive the Nation’s economy.&lt;br/&gt;&lt;br/&gt;This award reflects NSF's statutory mission and has been deemed worthy of support through evaluation using the Foundation's intellectual merit and broader impacts review criteria.</AbstractNarration>
<MinAmdLetterDate>03/18/2022</MinAmdLetterDate>
<MaxAmdLetterDate>03/18/2022</MaxAmdLetterDate>
<ARRAAmount/>
<TRAN_TYPE>Grant</TRAN_TYPE>
<CFDA_NUM>47.076</CFDA_NUM>
<NSF_PAR_USE_FLAG>1</NSF_PAR_USE_FLAG>
<FUND_AGCY_CODE>4900</FUND_AGCY_CODE>
<AWDG_AGCY_CODE>4900</AWDG_AGCY_CODE>
<AwardID>2201621</AwardID>
<Investigator>
<FirstName>Savita</FirstName>
<LastName>Prabhakar</LastName>
<PI_MID_INIT/>
<PI_SUFX_NAME/>
<PI_FULL_NAME>Savita Prabhakar</PI_FULL_NAME>
<EmailAddress>sprabhakar@frederick.edu</EmailAddress>
<PI_PHON>3018462564</PI_PHON>
<NSF_ID>000862884</NSF_ID>
<StartDate>03/18/2022</StartDate>
<EndDate/>
<RoleCode>Principal Investigator</RoleCode>
</Investigator>
<Investigator>
<FirstName>Valerie</FirstName>
<LastName>Cousins</LastName>
<PI_MID_INIT>M</PI_MID_INIT>
<PI_SUFX_NAME/>
<PI_FULL_NAME>Valerie M Cousins</PI_FULL_NAME>
<EmailAddress>vcousins@frederick.edu</EmailAddress>
<PI_PHON>7863383758</PI_PHON>
<NSF_ID>000863506</NSF_ID>
<StartDate>03/18/2022</StartDate>
<EndDate/>
<RoleCode>Co-Principal Investigator</RoleCode>
</Investigator>
<Institution>
<Name>Frederick Community College</Name>
<CityName>Frederick</CityName>
<ZipCode>217022964</ZipCode>
<PhoneNumber>3018462458</PhoneNumber>
<StreetAddress>7932 Opossumtown Pike</StreetAddress>
<StreetAddress2/>
<CountryName>United States</CountryName>
<StateName>Maryland</StateName>
<StateCode>MD</StateCode>
<CONGRESSDISTRICT>06</CONGRESSDISTRICT>
<CONGRESS_DISTRICT_ORG>MD06</CONGRESS_DISTRICT_ORG>
<ORG_UEI_NUM>VRQEHK1XWRL3</ORG_UEI_NUM>
<ORG_LGL_BUS_NAME>FREDERICK COMMUNITY COLLEGE</ORG_LGL_BUS_NAME>
<ORG_PRNT_UEI_NUM>T3HKK3W94ZX7</ORG_PRNT_UEI_NUM>
</Institution>
<Performance_Institution>
<Name><![CDATA[Frederick Community College]]></Name>
<CityName>Frederick</CityName>
<StateCode>MD</StateCode>
<ZipCode>217022964</ZipCode>
<StreetAddress><![CDATA[7932 Opossumtown Pike]]></StreetAddress>
<CountryCode>US</CountryCode>
<CountryName>United States</CountryName>
<StateName>Maryland</StateName>
<CountryFlag>1</CountryFlag>
<CONGRESSDISTRICT>06</CONGRESSDISTRICT>
<CONGRESS_DISTRICT_PERF>MD06</CONGRESS_DISTRICT_PERF>
</Performance_Institution>
<ProgramElement>
<Code>7412</Code>
<Text>Advanced Tech Education Prog</Text>
</ProgramElement>
<ProgramReference>
<Code>1032</Code>
<Text>ADVANCED TECHNOLOGY EDUCATION</Text>
</ProgramReference>
<ProgramReference>
<Code>9178</Code>
<Text>UNDERGRADUATE EDUCATION</Text>
</ProgramReference>
<ProgramReference>
<Code>SMET</Code>
<Text>SCIENCE, MATH, ENG &amp; TECH EDUCATION</Text>
</ProgramReference>
<FUND_OBLG>2022~349911</FUND_OBLG>
</Award>
</rootTag>
