<?xml version="1.0" encoding="UTF-8"?>
<rootTag>
<Award>
<AwardTitle>Aligning Measurement of Personal Attributes for Predicting STEM Education Outcomes</AwardTitle>
<AGENCY>NSF</AGENCY>
<AwardEffectiveDate>05/01/2022</AwardEffectiveDate>
<AwardExpirationDate>04/30/2027</AwardExpirationDate>
<AwardTotalIntnAmount>2499999.00</AwardTotalIntnAmount>
<AwardAmount>1025789</AwardAmount>
<AwardInstrument>
<Value>Continuing Grant</Value>
</AwardInstrument>
<Organization>
<Code>11090000</Code>
<Directorate>
<Abbreviation>EHR</Abbreviation>
<LongName>Direct For Education and Human Resources</LongName>
</Directorate>
<Division>
<Abbreviation>DRL</Abbreviation>
<LongName>Division Of Research On Learning</LongName>
</Division>
</Organization>
<ProgramOfficer>
<SignBlockName>Xiufeng Liu</SignBlockName>
<PO_EMAI>xiliu@nsf.gov</PO_EMAI>
<PO_PHON>7032928329</PO_PHON>
</ProgramOfficer>
<AbstractNarration>Scholars in personality psychology, economics, and child development report a variety of empirical relationships connecting personality traits, executive functions (EF), and economic preferences to enrollment and performance in science, technology, engineering, and math (STEM) courses in elementary and secondary education and choice of STEM majors in college. The similarities and differences in how these attributes are measured and their relationships to STEM education outcomes have not been rigorously examined. This interdisciplinary multi-country study will investigate the evolution and co-evolution of traits, EF skills, and preferences in children to determine how those attributes predict STEM achievement and the choice of STEM majors and careers. In particular, it will use a common measurement framework across samples from three sites in the United States and China, as well as data from the Australian Household, Income and Labour Dynamics Survey, to find out how personal attributes are related to STEM education achievement, college attainment and STEM major choice. It will provide a better understanding of age-specific windows of opportunity for interventions promoting STEM achievement and the pursuit of STEM majors. This study will produce core sets of distinct attributes to use in assessing students and schools, which will be useful as a diagnostic tool for teachers and school administrators to counsel students and to facilitate personalized learning. Students may reap the academic and social benefits of teaching interventions focused on the impact of traits, skills, and preferences. &lt;br/&gt;&lt;br/&gt;The main goal of this study is to identify the combination of traits, EF skills, and preferences for predicting STEM achievement (grades, test scores, teacher ratings, as well as choice of college major and career). To do this, first the study will generate a parsimonious measurement system of personal attributes by conducting linear and nonlinear factor analysis to determine the relationship and dimensionality of traits, EF skills, and preferences. Second, it will collect data on these personal attributes in different experimental conditions to quantify how incentives, frames and contextual factors affect their measurement, in order to propose standardized measures for personal attributes that predict STEM outcomes. Third, it will examine trait, skill, and preference growth longitudinally, spanning cohorts from 4th to 12th grade, for both mean change and change in the prediction of STEM outcomes. Finally, it will examine how background factors including geo-cultural settings moderate the relationship between STEM outcomes and traits, EF skills, and preferences. This study makes five major contributions to STEM education research: (1) The longitudinal measurement furthers our understanding of age-specific windows of opportunity for interventions promoting attributes that drive interest in STEM; (2) Examination of relationships across the elicited measures enables determination of which measurement strategies capture the same constructs, and which add genuine new dimensions to the study of individual differences. This study will use a common set of measures across countries; (3) For each construct, use of experimental manipulations enables investigation of the quantitative importance of standardizing for incentives and environments; (4) By studying the power of the various elicited, standardized measures for predicting STEM achievement, college attainment, and STEM major and career choices, this study will support schools and teachers to promote personalized education and improve student outcomes; and (5) The study of similarities and differences in measures across cultural, race, ethnicity, gender, and family background, allows for optimal prediction of STEM outcomes  across distinct contexts.&lt;br/&gt;&lt;br/&gt;This award reflects NSF's statutory mission and has been deemed worthy of support through evaluation using the Foundation's intellectual merit and broader impacts review criteria.</AbstractNarration>
<MinAmdLetterDate>04/25/2022</MinAmdLetterDate>
<MaxAmdLetterDate>04/25/2022</MaxAmdLetterDate>
<ARRAAmount/>
<TRAN_TYPE>Grant</TRAN_TYPE>
<CFDA_NUM>47.076</CFDA_NUM>
<NSF_PAR_USE_FLAG>1</NSF_PAR_USE_FLAG>
<FUND_AGCY_CODE>4900</FUND_AGCY_CODE>
<AWDG_AGCY_CODE>4900</AWDG_AGCY_CODE>
<AwardID>2201888</AwardID>
<Investigator>
<FirstName>James</FirstName>
<LastName>Heckman</LastName>
<PI_MID_INIT/>
<PI_SUFX_NAME/>
<PI_FULL_NAME>James Heckman</PI_FULL_NAME>
<EmailAddress>j-heckman@uchicago.edu</EmailAddress>
<PI_PHON/>
<NSF_ID>000418134</NSF_ID>
<StartDate>04/25/2022</StartDate>
<EndDate/>
<RoleCode>Principal Investigator</RoleCode>
</Investigator>
<Investigator>
<FirstName>Patrick</FirstName>
<LastName>Kyllonen</LastName>
<PI_MID_INIT>C</PI_MID_INIT>
<PI_SUFX_NAME/>
<PI_FULL_NAME>Patrick C Kyllonen</PI_FULL_NAME>
<EmailAddress>pkyllonen@ets.org</EmailAddress>
<PI_PHON>6099219000</PI_PHON>
<NSF_ID>000025434</NSF_ID>
<StartDate>04/25/2022</StartDate>
<EndDate/>
<RoleCode>Co-Principal Investigator</RoleCode>
</Investigator>
<Investigator>
<FirstName>Stephanie</FirstName>
<LastName>Carlson</LastName>
<PI_MID_INIT>M</PI_MID_INIT>
<PI_SUFX_NAME/>
<PI_FULL_NAME>Stephanie M Carlson</PI_FULL_NAME>
<EmailAddress>smc@umn.edu</EmailAddress>
<PI_PHON>6126256127</PI_PHON>
<NSF_ID>000502714</NSF_ID>
<StartDate>04/25/2022</StartDate>
<EndDate/>
<RoleCode>Co-Principal Investigator</RoleCode>
</Investigator>
<Investigator>
<FirstName>Thomas</FirstName>
<LastName>Dohmen</LastName>
<PI_MID_INIT>J</PI_MID_INIT>
<PI_SUFX_NAME/>
<PI_FULL_NAME>Thomas J Dohmen</PI_FULL_NAME>
<EmailAddress>tdohmen@uni-bonn.de</EmailAddress>
<PI_PHON>0228739303</PI_PHON>
<NSF_ID>000862982</NSF_ID>
<StartDate>04/25/2022</StartDate>
<EndDate/>
<RoleCode>Co-Principal Investigator</RoleCode>
</Investigator>
<Institution>
<Name>University of Chicago</Name>
<CityName>CHICAGO</CityName>
<ZipCode>606375418</ZipCode>
<PhoneNumber>7737028669</PhoneNumber>
<StreetAddress>5801 S ELLIS AVE</StreetAddress>
<StreetAddress2/>
<CountryName>United States</CountryName>
<StateName>Illinois</StateName>
<StateCode>IL</StateCode>
<CONGRESSDISTRICT>01</CONGRESSDISTRICT>
<CONGRESS_DISTRICT_ORG>IL01</CONGRESS_DISTRICT_ORG>
<ORG_UEI_NUM>ZUE9HKT2CLC9</ORG_UEI_NUM>
<ORG_LGL_BUS_NAME>UNIVERSITY OF CHICAGO, THE</ORG_LGL_BUS_NAME>
<ORG_PRNT_UEI_NUM>ZUE9HKT2CLC9</ORG_PRNT_UEI_NUM>
</Institution>
<Performance_Institution>
<Name><![CDATA[University of Chicago]]></Name>
<CityName>Chicago</CityName>
<StateCode>IL</StateCode>
<ZipCode>606372612</ZipCode>
<StreetAddress><![CDATA[5750 S. Woodlawn Avenue]]></StreetAddress>
<CountryCode>US</CountryCode>
<CountryName>United States</CountryName>
<StateName>Illinois</StateName>
<CountryFlag>1</CountryFlag>
<CONGRESSDISTRICT>01</CONGRESSDISTRICT>
<CONGRESS_DISTRICT_PERF>IL01</CONGRESS_DISTRICT_PERF>
</Performance_Institution>
<ProgramElement>
<Code>7980</Code>
<Text>ECR-EHR Core Research</Text>
</ProgramElement>
<ProgramReference>
<Code>8817</Code>
<Text>STEM Learning &amp; Learning Environments</Text>
</ProgramReference>
<FUND_OBLG>2022~1025789</FUND_OBLG>
</Award>
</rootTag>
