<?xml version="1.0" encoding="UTF-8"?>
<rootTag>
<Award>
<AwardTitle><![CDATA[Adaptive Physics-informed Machine Learning Strategies for Turbulent Combustion Modeling]]></AwardTitle>
<AGENCY>NSF</AGENCY>
<AwardEffectiveDate>06/01/2022</AwardEffectiveDate>
<AwardExpirationDate>05/31/2025</AwardExpirationDate>
<AwardTotalIntnAmount>270480.00</AwardTotalIntnAmount>
<AwardAmount>270480</AwardAmount>
<AwardInstrument>
<Value>Standard Grant</Value>
</AwardInstrument>
<Organization>
<Code>07020000</Code>
<Directorate>
<Abbreviation>ENG</Abbreviation>
<LongName>Directorate For Engineering</LongName>
</Directorate>
<Division>
<Abbreviation>CBET</Abbreviation>
<LongName>Div Of Chem, Bioeng, Env, &amp; Transp Sys</LongName>
</Division>
</Organization>
<ProgramOfficer>
<SignBlockName>John Daily</SignBlockName>
<PO_EMAI>jdaily@nsf.gov</PO_EMAI>
<PO_PHON>7032927937</PO_PHON>
</ProgramOfficer>
<AbstractNarration><![CDATA[The design and optimization of combustion devices is crucial in the mission to combat climate change and achieve national security goals. Simulations can play a role in this mission by enabling rapid virtual testing of combustors at various design configurations, so that promising designs can be selected for physical prototyping. However, turbulent combustion simulations involve solving for a large number of molecular species that are produced and consumed as part of the combustion process. Due to this, combustion simulations require the use of many computer processors for several hours on supercomputers or compute clusters. This limits the usefulness of promising computer models for practical design and optimization endeavors. This work contributes to the ongoing quest to develop reduced combustion models that decrease the simulation times and required computing resources, yet preserve accuracy.&lt;br/&gt;&lt;br/&gt;In response to the excessive computational costs of turbulent combustion, physics-based reduced-order models have been introduced. These models often solve chemistry in an “offline” phase, store the solution in a table, and then interpolate the table’s entries to retrieve the chemical state during the “online” phase. The use of these lookup tables, however, suffers from the curse of dimensionality, wherein the size of the table and the interpolation complexities increase exponentially with the number of control variables. As a result, these lookup tables are limited to situations that employ a few control variables, thus preventing their application to many practical combustion devices. This work aims to address this problem by developing machine learning strategies to efficiently learn combustion physics within physically derived low-dimensional manifolds. This will be achieved by introducing machine learning models that are adaptive, consistent with the underlying physical laws, and suitable for high-dimensional combustion state spaces. This work will enable simulations at levels of fidelity that are currently impossible to perform using traditional tabulation techniques, and therefore, will aid in the design and development of clean and efficient combustion technologies. Furthermore, the tools developed in this study will be vital to the broad area of scientific machine learning, which continues to have an increasingly important impact on the modeling of many physical systems.&lt;br/&gt;&lt;br/&gt;This award reflects NSF's statutory mission and has been deemed worthy of support through evaluation using the Foundation's intellectual merit and broader impacts review criteria.]]></AbstractNarration>
<MinAmdLetterDate>03/18/2022</MinAmdLetterDate>
<MaxAmdLetterDate>03/18/2022</MaxAmdLetterDate>
<ARRAAmount/>
<TRAN_TYPE>Grant</TRAN_TYPE>
<CFDA_NUM>47.041</CFDA_NUM>
<NSF_PAR_USE_FLAG>1</NSF_PAR_USE_FLAG>
<FUND_AGCY_CODE>4900</FUND_AGCY_CODE>
<AWDG_AGCY_CODE>4900</AWDG_AGCY_CODE>
<AwardID>2201297</AwardID>
<Investigator>
<FirstName>Ope</FirstName>
<LastName>Owoyele</LastName>
<PI_MID_INIT/>
<PI_SUFX_NAME/>
<PI_FULL_NAME>Ope Owoyele</PI_FULL_NAME>
<EmailAddress><![CDATA[oowoyele@lsu.edu]]></EmailAddress>
<NSF_ID>000865361</NSF_ID>
<StartDate>03/18/2022</StartDate>
<EndDate/>
<RoleCode>Principal Investigator</RoleCode>
</Investigator>
<Institution>
<Name>Louisiana State University</Name>
<CityName>BATON ROUGE</CityName>
<ZipCode>708030001</ZipCode>
<PhoneNumber>2255782760</PhoneNumber>
<StreetAddress>202 HIMES HALL</StreetAddress>
<StreetAddress2/>
<CountryName>United States</CountryName>
<StateName>Louisiana</StateName>
<StateCode>LA</StateCode>
<CONGRESSDISTRICT>06</CONGRESSDISTRICT>
<CONGRESS_DISTRICT_ORG>LA06</CONGRESS_DISTRICT_ORG>
<ORG_UEI_NUM>ECQEYCHRNKJ4</ORG_UEI_NUM>
<ORG_LGL_BUS_NAME>LOUISIANA STATE UNIVERSITY</ORG_LGL_BUS_NAME>
<ORG_PRNT_UEI_NUM>Z7ZNZH7LJ778</ORG_PRNT_UEI_NUM>
</Institution>
<Performance_Institution>
<Name><![CDATA[Louisiana State University]]></Name>
<CityName>Baton Rouge</CityName>
<StateCode>LA</StateCode>
<ZipCode>708032701</ZipCode>
<StreetAddress><![CDATA[3290E Patrick F. Taylor Hall]]></StreetAddress>
<CountryCode>US</CountryCode>
<CountryName>United States</CountryName>
<StateName>Louisiana</StateName>
<CountryFlag>1</CountryFlag>
<CONGRESSDISTRICT>06</CONGRESSDISTRICT>
<CONGRESS_DISTRICT_PERF>LA06</CONGRESS_DISTRICT_PERF>
</Performance_Institution>
<ProgramElement>
<Code>1407</Code>
<Text>CFS-Combustion &amp; Fire Systems</Text>
</ProgramElement>
<Appropriation>
<Code/>
<Name/>
<APP_SYMB_ID/>
</Appropriation>
<Fund>
<Code>01002223DB</Code>
<Name><![CDATA[NSF RESEARCH & RELATED ACTIVIT]]></Name>
<FUND_SYMB_ID>040100</FUND_SYMB_ID>
</Fund>
<FUND_OBLG>2022~270480</FUND_OBLG>
</Award>
</rootTag>
