<?xml version="1.0" encoding="UTF-8"?>
<rootTag>
<Award>
<AwardTitle>Expanding Advanced Renewable Energy Technician Education in a Technical College</AwardTitle>
<AGENCY>NSF</AGENCY>
<AwardEffectiveDate>07/01/2022</AwardEffectiveDate>
<AwardExpirationDate>06/30/2025</AwardExpirationDate>
<AwardTotalIntnAmount>336650.00</AwardTotalIntnAmount>
<AwardAmount>336650</AwardAmount>
<AwardInstrument>
<Value>Standard Grant</Value>
</AwardInstrument>
<Organization>
<Code>11040100</Code>
<Directorate>
<Abbreviation>EHR</Abbreviation>
<LongName>Direct For Education and Human Resources</LongName>
</Directorate>
<Division>
<Abbreviation>DUE</Abbreviation>
<LongName>Division Of Undergraduate Education</LongName>
</Division>
</Organization>
<ProgramOfficer>
<SignBlockName>Michael Davis</SignBlockName>
<PO_EMAI>mdavis@nsf.gov</PO_EMAI>
<PO_PHON>7032927166</PO_PHON>
</ProgramOfficer>
<AbstractNarration>The state of Wisconsin is diversifying its energy portfolio with the addition of wind and solar power generation, while some fossil fuel plants are retired.  Lakeshore Technical College (LTC) is the only technical college provider of wind energy education in the state, and this project will transform individuals to strengthen their communities through innovative and accessible learning.  Through the Advanced Renewable Energy Technician Education project, LTC will address the skills gaps and unmet demand for renewable energy technicians in Wisconsin.  Working with a Business and Industry Leadership Team (BILT) they will identify opportunities to implement training in solar and/or energy storage that would augment an existing wind energy program.  The strategy of including additional credentials in other energy dependent trainings, such as HVAC, will increase the number of students that are prepared to interact with the growing and evolving renewable energy sector.  The goals of the program are to (1) establish a renewable energy BILT to address entry level employment skills and workforce gaps that can be addressed by LTC, (2) develop solar energy instructional labs and provide professional development for faculty to support enhanced renewable energy offerings, and (3) develop learner-focused and culturally responsive curriculum to attract and produce renewable energy technicians that are representative of the diversity of LTC’s service area.&lt;br/&gt;&lt;br/&gt;The BILT will work with LTC to conduct a gap analysis and determine the knowledge, skills, and abilities needed for solar and energy storage technicians.  When changes are made, an external evaluator will assess industry satisfaction and student learning within the renewable energy educational offerings.  Faculty professional development will take place through various trainings that will prepare instructors to integrate new laboratory equipment into their courses.  To increase enrollment and awareness of the revised program, LTC will offer teacher training workshops to prepare high school faculty to teach renewable energy and prepare students to transfer into LTC’s program.  An external evaluator will measure the progress towards their goals.  LTC will disseminate their findings through regional and national meetings, in collaboration with the ATE CREATE Energy Center which includes more than 900 faculty nationwide.  This project is funded by the Advanced Technological Education program that focuses on the education of technicians for the advanced-technology fields that drive the Nation's economy.&lt;br/&gt;&lt;br/&gt;This award reflects NSF's statutory mission and has been deemed worthy of support through evaluation using the Foundation's intellectual merit and broader impacts review criteria.</AbstractNarration>
<MinAmdLetterDate>04/19/2022</MinAmdLetterDate>
<MaxAmdLetterDate>04/19/2022</MaxAmdLetterDate>
<ARRAAmount/>
<TRAN_TYPE>Grant</TRAN_TYPE>
<CFDA_NUM>47.076</CFDA_NUM>
<NSF_PAR_USE_FLAG>1</NSF_PAR_USE_FLAG>
<FUND_AGCY_CODE>4900</FUND_AGCY_CODE>
<AWDG_AGCY_CODE>4900</AWDG_AGCY_CODE>
<AwardID>2201630</AwardID>
<Investigator>
<FirstName>Justin</FirstName>
<LastName>Barrett</LastName>
<PI_MID_INIT/>
<PI_SUFX_NAME/>
<PI_FULL_NAME>Justin Barrett</PI_FULL_NAME>
<EmailAddress>justin.barrett@gotoltc.edu</EmailAddress>
<PI_PHON>9206931738</PI_PHON>
<NSF_ID>000858790</NSF_ID>
<StartDate>04/19/2022</StartDate>
<EndDate/>
<RoleCode>Principal Investigator</RoleCode>
</Investigator>
<Investigator>
<FirstName>Ryan</FirstName>
<LastName>Skabroud</LastName>
<PI_MID_INIT/>
<PI_SUFX_NAME/>
<PI_FULL_NAME>Ryan Skabroud</PI_FULL_NAME>
<EmailAddress>ryan.skabroud@gotoltc.edu</EmailAddress>
<PI_PHON>9206931347</PI_PHON>
<NSF_ID>000858728</NSF_ID>
<StartDate>04/19/2022</StartDate>
<EndDate/>
<RoleCode>Co-Principal Investigator</RoleCode>
</Investigator>
<Institution>
<Name>Lakeshore Technical College</Name>
<CityName>CLEVELAND</CityName>
<ZipCode>530151412</ZipCode>
<PhoneNumber>9209631362</PhoneNumber>
<StreetAddress>1290 NORTH AVE</StreetAddress>
<StreetAddress2/>
<CountryName>United States</CountryName>
<StateName>Wisconsin</StateName>
<StateCode>WI</StateCode>
<CONGRESSDISTRICT>06</CONGRESSDISTRICT>
<CONGRESS_DISTRICT_ORG>WI06</CONGRESS_DISTRICT_ORG>
<ORG_UEI_NUM>HMECL87SS5B5</ORG_UEI_NUM>
<ORG_LGL_BUS_NAME>LAKESHORE TECHNICAL COLLEGE</ORG_LGL_BUS_NAME>
<ORG_PRNT_UEI_NUM>HMECL87SS5B5</ORG_PRNT_UEI_NUM>
</Institution>
<Performance_Institution>
<Name><![CDATA[Lakeshore Technical College]]></Name>
<CityName>Cleveland</CityName>
<StateCode>WI</StateCode>
<ZipCode>530151412</ZipCode>
<StreetAddress><![CDATA[1290 North Avenue]]></StreetAddress>
<CountryCode>US</CountryCode>
<CountryName>United States</CountryName>
<StateName>Wisconsin</StateName>
<CountryFlag>1</CountryFlag>
<CONGRESSDISTRICT>06</CONGRESSDISTRICT>
<CONGRESS_DISTRICT_PERF>WI06</CONGRESS_DISTRICT_PERF>
</Performance_Institution>
<ProgramElement>
<Code>7412</Code>
<Text>Advanced Tech Education Prog</Text>
</ProgramElement>
<ProgramReference>
<Code>1032</Code>
<Text>ADVANCED TECHNOLOGY EDUCATION</Text>
</ProgramReference>
<ProgramReference>
<Code>9178</Code>
<Text>UNDERGRADUATE EDUCATION</Text>
</ProgramReference>
<ProgramReference>
<Code>SMET</Code>
<Text>SCIENCE, MATH, ENG &amp; TECH EDUCATION</Text>
</ProgramReference>
<FUND_OBLG>2022~336650</FUND_OBLG>
</Award>
</rootTag>
