<?xml version="1.0" encoding="UTF-8"?>
<rootTag>
<Award>
<AwardTitle><![CDATA[Collaborative Research: Researching Early Access to Computing and Higher Education (REACH): Understanding CS pathways with a focus on Black women]]></AwardTitle>
<AGENCY>NSF</AGENCY>
<AwardEffectiveDate>07/01/2022</AwardEffectiveDate>
<AwardExpirationDate>06/30/2025</AwardExpirationDate>
<AwardTotalIntnAmount>232154.00</AwardTotalIntnAmount>
<AwardAmount>146516</AwardAmount>
<AwardInstrument>
<Value>Continuing Grant</Value>
</AwardInstrument>
<Organization>
<Code>11060000</Code>
<Directorate>
<Abbreviation>EHR</Abbreviation>
<LongName>Direct For Education and Human Resources</LongName>
</Directorate>
<Division>
<Abbreviation>HRD</Abbreviation>
<LongName>Division Of Human Resource Development</LongName>
</Division>
</Organization>
<ProgramOfficer>
<SignBlockName>Chrystal Smith</SignBlockName>
<PO_EMAI>chrsmith@nsf.gov</PO_EMAI>
<PO_PHON>7032924342</PO_PHON>
</ProgramOfficer>
<AbstractNarration><![CDATA[This research project seeks to examine longstanding inequities in access to and participation in computer science (CS) education. Decades of research have shown that certain subgroups (e.g., women, students with disabilities, underrepresented minority students) tend to face substantial barriers to participating in CS courses and programs. As computing education continues to expand in K-12 education systems, it is important to understand how early experiences in computing education relate to enrollment in computing courses and programs in college. By combining quantitative analyses of large-scale enrollment data and student surveys with qualitative data from focus groups and interviews, this project aims to inform efforts to broaden and diversify participation in computing education. Specifically, this project seeks to systematically answer how K-12 computing experiences influence students as they pursue higher education and whether and how that influence differs for distinct subpopulations of students.&lt;br/&gt;&lt;br/&gt;The goal of this mixed-methods project is to examine equity in computer science (CS) education by investigating the relationship between students’ computing experiences in K-12 and higher education with a focus on the experiences of Black women. The theoretical frameworks guiding this research are Black Feminist Thought, specifically intersectionality, and social capital theory. The project spans three levels of data collection and analysis: state, institution, and individual experience. These levels have reference not to the unit of analysis (all three levels utilize student-level data) but rather to the way the data are organized. Cluster analysis of statewide education data will be used to identify computer science course taking patterns in middle and high school. Multilevel modeling will then be employed to investigate how these course taking patterns are related to participation in computing courses and programs in college. Focus will be placed on understanding how these relationships differ for distinct groups of students. Findings from these analyses will be coupled with analyses of college student surveys to better understand how students’ experiences in K-12 influenced their opportunities, challenges, and decisions regarding computing education in college. Finally, Black women who are majoring in CS will be engaged in data interpretation, focus groups, and interviews to better understand their unique experiences within the CS ecosystem. These analyses will help conceptualize broadening participation in computing along the K-16 pathway in a way that supports students, particularly Black women, in applying computing skills and knowledge to solve problems in a variety of disciplines.&lt;br/&gt;&lt;br/&gt;This project is supported by NSF's EHR Core Research (ECR) program. The ECR program emphasizes fundamental STEM education research that generates foundational knowledge in the field. Investments are made in critical areas that are essential, broad, and enduring: STEM learning and STEM learning environments, broadening participation in STEM, and STEM workforce development. The program supports the accumulation of robust evidence to inform efforts to understand, build theory to explain, and suggest interventions and innovations to address persistence.&lt;br/&gt;&lt;br/&gt;This award reflects NSF's statutory mission and has been deemed worthy of support through evaluation using the Foundation's intellectual merit and broader impacts review criteria.]]></AbstractNarration>
<MinAmdLetterDate>06/23/2022</MinAmdLetterDate>
<MaxAmdLetterDate>06/23/2022</MaxAmdLetterDate>
<ARRAAmount/>
<TRAN_TYPE>Grant</TRAN_TYPE>
<CFDA_NUM>47.076</CFDA_NUM>
<NSF_PAR_USE_FLAG>1</NSF_PAR_USE_FLAG>
<FUND_AGCY_CODE>4900</FUND_AGCY_CODE>
<AWDG_AGCY_CODE>4900</AWDG_AGCY_CODE>
<AwardID>2201701</AwardID>
<Investigator>
<FirstName>Tamara</FirstName>
<LastName>Pearson</LastName>
<PI_MID_INIT/>
<PI_SUFX_NAME/>
<PI_FULL_NAME>Tamara Pearson</PI_FULL_NAME>
<EmailAddress><![CDATA[tamarapearson@spelman.edu]]></EmailAddress>
<NSF_ID>000801478</NSF_ID>
<StartDate>06/23/2022</StartDate>
<EndDate/>
<RoleCode>Principal Investigator</RoleCode>
</Investigator>
<Investigator>
<FirstName>Bailey</FirstName>
<LastName>Brown</LastName>
<PI_MID_INIT/>
<PI_SUFX_NAME/>
<PI_FULL_NAME>Bailey Brown</PI_FULL_NAME>
<EmailAddress><![CDATA[baileybrown@spelman.edu]]></EmailAddress>
<NSF_ID>000874658</NSF_ID>
<StartDate>06/23/2022</StartDate>
<EndDate/>
<RoleCode>Co-Principal Investigator</RoleCode>
</Investigator>
<Institution>
<Name>Spelman College</Name>
<CityName>ATLANTA</CityName>
<ZipCode>303144395</ZipCode>
<PhoneNumber>4042705897</PhoneNumber>
<StreetAddress>350 SPELMAN LN SW 589</StreetAddress>
<StreetAddress2/>
<CountryName>United States</CountryName>
<StateName>Georgia</StateName>
<StateCode>GA</StateCode>
<CONGRESSDISTRICT>05</CONGRESSDISTRICT>
<CONGRESS_DISTRICT_ORG>GA05</CONGRESS_DISTRICT_ORG>
<ORG_UEI_NUM>ES69D58DJPE7</ORG_UEI_NUM>
<ORG_LGL_BUS_NAME>SPELMAN COLLEGE</ORG_LGL_BUS_NAME>
<ORG_PRNT_UEI_NUM>ES69D58DJPE7</ORG_PRNT_UEI_NUM>
</Institution>
<Performance_Institution>
<Name><![CDATA[Spelman College]]></Name>
<CityName>Atlanta</CityName>
<StateCode>GA</StateCode>
<ZipCode>303144399</ZipCode>
<StreetAddress><![CDATA[350 Spelman Lane SW]]></StreetAddress>
<CountryCode>US</CountryCode>
<CountryName>United States</CountryName>
<StateName>Georgia</StateName>
<CountryFlag>1</CountryFlag>
<CONGRESSDISTRICT>05</CONGRESSDISTRICT>
<CONGRESS_DISTRICT_PERF>GA05</CONGRESS_DISTRICT_PERF>
</Performance_Institution>
<ProgramElement>
<Code>7980</Code>
<Text>ECR-EHR Core Research</Text>
</ProgramElement>
<ProgramReference>
<Code>1544</Code>
<Text>GSE: Research on Gender in S&amp;E</Text>
</ProgramReference>
<ProgramReference>
<Code>8212</Code>
<Text>Broaden Particip STEM Resrch</Text>
</ProgramReference>
<ProgramReference>
<Code>8816</Code>
<Text>Workforce Development</Text>
</ProgramReference>
<Appropriation>
<Code/>
<Name/>
<APP_SYMB_ID/>
</Appropriation>
<Fund>
<Code>04002223DB</Code>
<Name><![CDATA[NSF Education & Human Resource]]></Name>
<FUND_SYMB_ID>040106</FUND_SYMB_ID>
</Fund>
<FUND_OBLG>2022~146516</FUND_OBLG>
</Award>
</rootTag>
