<?xml version="1.0" encoding="UTF-8"?>
<rootTag>
<Award>
<AwardTitle><![CDATA[Developing Cybersecurity Technicians through Expanded Pathways in Rural and Underserved Communities]]></AwardTitle>
<AGENCY>NSF</AGENCY>
<AwardEffectiveDate>07/01/2022</AwardEffectiveDate>
<AwardExpirationDate>06/30/2025</AwardExpirationDate>
<AwardTotalIntnAmount>332076.00</AwardTotalIntnAmount>
<AwardAmount>332076</AwardAmount>
<AwardInstrument>
<Value>Standard Grant</Value>
</AwardInstrument>
<Organization>
<Code>11040100</Code>
<Directorate>
<Abbreviation>EHR</Abbreviation>
<LongName>Direct For Education and Human Resources</LongName>
</Directorate>
<Division>
<Abbreviation>DUE</Abbreviation>
<LongName>Division Of Undergraduate Education</LongName>
</Division>
</Organization>
<ProgramOfficer>
<SignBlockName>Paul Tymann</SignBlockName>
<PO_EMAI>ptymann@nsf.gov</PO_EMAI>
<PO_PHON>7032922832</PO_PHON>
</ProgramOfficer>
<AbstractNarration><![CDATA[Cybersecurity is critical to the protection of computer systems and networks. Many businesses and organizations need to hire cybersecurity professionals to protect their cyberinfrastructure from persistent and increasingly sophisticated cyberattacks. The demand for cybersecurity technicians in Wisconsin is unmet with only eight of the 16 Wisconsin Technical College System districts in the State offering the “IT – Cybersecurity Specialist” credential degree program. The goal of this project is to create a Cybersecurity associate degree program at Lakeshore Technical College that will establish a cybersecurity educational pipeline and will recruit and prepare women, low-income, and racial and ethnic minority students underrepresented as Cybersecurity Technicians. The project will stimulate interest from rural high schools and underrepresented students through a Cyber summer camp, sponsorship of a Cyber Patriot Team, and participation in the National Collegiate Cyber Defense Competition. First-term college classes will be delivered free of charge via distance learning by faculty as well as through trained high school instructors, providing high school students a means to complete a Cybersecurity associate degree in as little as eighteen months after graduating high school.&lt;br/&gt;&lt;br/&gt;The proposed Cybersecurity associate degree program will focus on attaining the skills required for entry-level cybersecurity technicians. Eight cybersecurity employers, including large regional employers like Kohler and Johnsonville, will partner with the project to lead program design, create a scholarship initiative, and assist with recruitment efforts through the Business and Industry Leadership Team (BILT). At least five BILT members will represent underrepresented groups, serve as mentors to high school students, and provide representation at classroom visits and recruitment events in district high schools leading to enrollments in first-term college classes conducted in partnering high schools. The development of this talent pipeline will support the rural and manufacturing dominant economy in east-central Wisconsin by increasing skilled cybersecurity technicians to protect local IT infrastructure from nefarious attacks on data and systems. The educational systems developed provide a transferable model, suitable for many community or technical colleges, and leading to better national representation of women, racial and ethnic minorities, and people from low-income backgrounds in the high paying cybersecurity technician workforce.&lt;br/&gt;&lt;br/&gt;This project is funded by the Advanced Technological Education program that focuses on the education of technicians for the advanced-technology fields that drive the nation's economy.&lt;br/&gt;&lt;br/&gt;This award reflects NSF's statutory mission and has been deemed worthy of support through evaluation using the Foundation's intellectual merit and broader impacts review criteria.]]></AbstractNarration>
<MinAmdLetterDate>06/13/2022</MinAmdLetterDate>
<MaxAmdLetterDate>06/13/2022</MaxAmdLetterDate>
<ARRAAmount/>
<TRAN_TYPE>Grant</TRAN_TYPE>
<CFDA_NUM>47.076</CFDA_NUM>
<NSF_PAR_USE_FLAG>1</NSF_PAR_USE_FLAG>
<FUND_AGCY_CODE>4900</FUND_AGCY_CODE>
<AWDG_AGCY_CODE>4900</AWDG_AGCY_CODE>
<AwardID>2201993</AwardID>
<Investigator>
<FirstName>Douglas</FirstName>
<LastName>Hamm</LastName>
<PI_MID_INIT>B</PI_MID_INIT>
<PI_SUFX_NAME/>
<PI_FULL_NAME>Douglas B Hamm</PI_FULL_NAME>
<EmailAddress><![CDATA[douglas.hamm@gotoltc.edu]]></EmailAddress>
<NSF_ID>000858827</NSF_ID>
<StartDate>06/13/2022</StartDate>
<EndDate/>
<RoleCode>Principal Investigator</RoleCode>
</Investigator>
<Investigator>
<FirstName>Steve</FirstName>
<LastName>Dibona</LastName>
<PI_MID_INIT/>
<PI_SUFX_NAME/>
<PI_FULL_NAME>Steve Dibona</PI_FULL_NAME>
<EmailAddress><![CDATA[steve.dibona@gotoltc.edu]]></EmailAddress>
<NSF_ID>000861507</NSF_ID>
<StartDate>06/13/2022</StartDate>
<EndDate/>
<RoleCode>Co-Principal Investigator</RoleCode>
</Investigator>
<Institution>
<Name>Lakeshore Technical College</Name>
<CityName>CLEVELAND</CityName>
<ZipCode>530151412</ZipCode>
<PhoneNumber>9209631362</PhoneNumber>
<StreetAddress>1290 NORTH AVE</StreetAddress>
<StreetAddress2/>
<CountryName>United States</CountryName>
<StateName>Wisconsin</StateName>
<StateCode>WI</StateCode>
<CONGRESSDISTRICT>06</CONGRESSDISTRICT>
<CONGRESS_DISTRICT_ORG>WI06</CONGRESS_DISTRICT_ORG>
<ORG_UEI_NUM>HMECL87SS5B5</ORG_UEI_NUM>
<ORG_LGL_BUS_NAME>LAKESHORE TECHNICAL COLLEGE</ORG_LGL_BUS_NAME>
<ORG_PRNT_UEI_NUM>HMECL87SS5B5</ORG_PRNT_UEI_NUM>
</Institution>
<Performance_Institution>
<Name><![CDATA[Lakeshore Technical College]]></Name>
<CityName>Cleveland</CityName>
<StateCode>WI</StateCode>
<ZipCode>530151412</ZipCode>
<StreetAddress><![CDATA[1290 North Ave.]]></StreetAddress>
<CountryCode>US</CountryCode>
<CountryName>United States</CountryName>
<StateName>Wisconsin</StateName>
<CountryFlag>1</CountryFlag>
<CONGRESSDISTRICT>06</CONGRESSDISTRICT>
<CONGRESS_DISTRICT_PERF>WI06</CONGRESS_DISTRICT_PERF>
</Performance_Institution>
<ProgramElement>
<Code>7412</Code>
<Text>Advanced Tech Education Prog</Text>
</ProgramElement>
<ProgramReference>
<Code>1032</Code>
<Text>ADVANCED TECHNOLOGY EDUCATION</Text>
</ProgramReference>
<ProgramReference>
<Code>9178</Code>
<Text>UNDERGRADUATE EDUCATION</Text>
</ProgramReference>
<ProgramReference>
<Code>SMET</Code>
<Text>SCIENCE, MATH, ENG &amp; TECH EDUCATION</Text>
</ProgramReference>
<FUND_OBLG>2022~332076</FUND_OBLG>
</Award>
</rootTag>
