<?xml version="1.0" encoding="UTF-8"?>
<rootTag>
<Award>
<AwardTitle>Examining an On-line, International Exchange Professional Development Program for High School Teachers</AwardTitle>
<AGENCY>NSF</AGENCY>
<AwardEffectiveDate>08/01/2022</AwardEffectiveDate>
<AwardExpirationDate>07/31/2026</AwardExpirationDate>
<AwardTotalIntnAmount>2651320.00</AwardTotalIntnAmount>
<AwardAmount>1263409</AwardAmount>
<AwardInstrument>
<Value>Continuing Grant</Value>
</AwardInstrument>
<Organization>
<Code>11090000</Code>
<Directorate>
<Abbreviation>EHR</Abbreviation>
<LongName>Direct For Education and Human Resources</LongName>
</Directorate>
<Division>
<Abbreviation>DRL</Abbreviation>
<LongName>Division Of Research On Learning</LongName>
</Division>
</Organization>
<ProgramOfficer>
<SignBlockName>Eric Knuth</SignBlockName>
<PO_EMAI>eknuth@nsf.gov</PO_EMAI>
<PO_PHON>7032928402</PO_PHON>
</ProgramOfficer>
<AbstractNarration>This project is concerned with investigating the potential that online, cross-national teacher collaboration has for improving professional development that supports mathematics teachers in learning from practice and from one another. Designing professional development that leverages teachers’ experiences and knowledge is one way to support teachers’ professional learning, as it allows teachers to focus on developing skills that are integrated into the particularities of their practice. By collaborating with one another to design and revise lessons, mathematics teachers can support one another’s learning in many ways, including asking questions, suggesting alternatives, and detailing considerations based on their varying professional experiences and knowledge. This project aims to elaborate a structure for practice-oriented, collaborative professional development that increases the capacities for collaborative learning by facilitating teacher-to-teacher interactions within and across cultural contexts. By convening international groups of teachers to design lessons and provide and respond to commentaries on their lesson designs, the project introduces possibilities for surfacing and disrupting common experiences, assumptions, and norms in US mathematics teaching. Specifically, the project will leverage an innovative form of professional development for secondary mathematics teachers called StoryCircles as a context for teacher-to-teacher interaction within and across cultures. StoryCircles is a practice-based form of professional education that gathers teachers to collectively and iteratively design and revise a lesson. The broader impacts of this project lie in the possibility to scale an innovative, practice-based, lesson-centered model of professional development with large numbers of teachers that can be institutionalized at relatively low cost and implemented completely online. &lt;br/&gt;&lt;br/&gt;The project will unfold across three interconnected studies that aim to describe and explain how intra- and cross-cultural annotations of lessons, serve to intervene on: (1) the professional development interactions among secondary mathematics teachers engaged in US-based StoryCircles; (2) the set of lesson artifacts constructed by secondary mathematics teachers engaged in US-based StoryCircles; and (3) the professional noticing of secondary mathematics teachers in the US and abroad who were otherwise uninvolved in the lesson’s production. The project will convene eight StoryCircles groups (made up of 6 inservice teachers drawn from the US) who will work together to design algebra and geometry lessons for sharing with other teachers. Each lesson will be reviewed by teams of practicing teachers both in the US and abroad who will leave comments for the authoring team to consider. Once these commentaries are completed, the StoryCircles groups will reconvene to consider the commentaries and make revisions to their lesson storyboards. Project researchers will draw on artifacts collected across the StoryCircles interactions (including video, storyboarded lessons, and lesson commentaries) as well as responses gathered from all project participants to scenario-based surveys to explore aspects of the rationality of mathematics teaching, such as: How are various personal resources of teachers and social resources of the profession assembled in arguments for or against decisions relevant to teaching with open, novel problems? How do those teachers’ arguments for practice vary across national contexts of mathematics teaching? How can that variance be leveraged to support the surfacing, challenging, and disrupting of US teachers’ cultural assumptions about mathematics teaching and learning?&lt;br/&gt;&lt;br/&gt;The Discovery Research preK-12 program (DRK-12) seeks to significantly enhance the learning and teaching of science, technology, engineering and mathematics (STEM) by preK-12 students and teachers, through research and development of innovative resources, models and tools. Projects in the DRK-12 program build on fundamental research in STEM education and prior research and development efforts that provide theoretical and empirical justification for proposed projects. &lt;br/&gt;&lt;br/&gt;This award reflects NSF's statutory mission and has been deemed worthy of support through evaluation using the Foundation's intellectual merit and broader impacts review criteria.</AbstractNarration>
<MinAmdLetterDate>04/26/2022</MinAmdLetterDate>
<MaxAmdLetterDate>04/26/2022</MaxAmdLetterDate>
<ARRAAmount/>
<TRAN_TYPE>Grant</TRAN_TYPE>
<CFDA_NUM>47.076</CFDA_NUM>
<NSF_PAR_USE_FLAG>1</NSF_PAR_USE_FLAG>
<FUND_AGCY_CODE>4900</FUND_AGCY_CODE>
<AWDG_AGCY_CODE>4900</AWDG_AGCY_CODE>
<AwardID>2201087</AwardID>
<Investigator>
<FirstName>Patricio</FirstName>
<LastName>Herbst</LastName>
<PI_MID_INIT>G</PI_MID_INIT>
<PI_SUFX_NAME/>
<PI_FULL_NAME>Patricio G Herbst</PI_FULL_NAME>
<EmailAddress>pgherbst@umich.edu</EmailAddress>
<PI_PHON>7347633745</PI_PHON>
<NSF_ID>000260837</NSF_ID>
<StartDate>04/26/2022</StartDate>
<EndDate/>
<RoleCode>Co-Principal Investigator</RoleCode>
</Investigator>
<Investigator>
<FirstName>Amanda</FirstName>
<LastName>Brown</LastName>
<PI_MID_INIT/>
<PI_SUFX_NAME/>
<PI_FULL_NAME>Amanda Brown</PI_FULL_NAME>
<EmailAddress>amilewsk@umich.edu</EmailAddress>
<PI_PHON>7343959378</PI_PHON>
<NSF_ID>000715888</NSF_ID>
<StartDate>04/26/2022</StartDate>
<EndDate/>
<RoleCode>Principal Investigator</RoleCode>
</Investigator>
<Institution>
<Name>Regents of the University of Michigan - Ann Arbor</Name>
<CityName>ANN ARBOR</CityName>
<ZipCode>481091340</ZipCode>
<PhoneNumber>7347636438</PhoneNumber>
<StreetAddress>503 THOMPSON ST</StreetAddress>
<StreetAddress2/>
<CountryName>United States</CountryName>
<StateName>Michigan</StateName>
<StateCode>MI</StateCode>
<CONGRESSDISTRICT>12</CONGRESSDISTRICT>
<CONGRESS_DISTRICT_ORG>MI12</CONGRESS_DISTRICT_ORG>
<ORG_UEI_NUM>GNJ7BBP73WE9</ORG_UEI_NUM>
<ORG_LGL_BUS_NAME>REGENTS OF THE UNIVERSITY OF MICHIGAN</ORG_LGL_BUS_NAME>
<ORG_PRNT_UEI_NUM>GNJ7BBP73WE9</ORG_PRNT_UEI_NUM>
</Institution>
<Performance_Institution>
<Name><![CDATA[Regents of the University of Michigan - Ann Arbor]]></Name>
<CityName>Ann Arbor</CityName>
<StateCode>MI</StateCode>
<ZipCode>481091274</ZipCode>
<StreetAddress><![CDATA[3003 South State St. Room 1062]]></StreetAddress>
<CountryCode>US</CountryCode>
<CountryName>United States</CountryName>
<StateName>Michigan</StateName>
<CountryFlag>1</CountryFlag>
<CONGRESSDISTRICT>12</CONGRESSDISTRICT>
<CONGRESS_DISTRICT_PERF>MI12</CONGRESS_DISTRICT_PERF>
</Performance_Institution>
<ProgramElement>
<Code>7645</Code>
<Text>Discovery Research K-12</Text>
</ProgramElement>
<FUND_OBLG>2022~1263409</FUND_OBLG>
</Award>
</rootTag>
