<?xml version="1.0" encoding="UTF-8"?>
<rootTag>
<Award>
<AwardTitle>Identifying &amp; Implementing Evidence-Based Online Tutoring Practices: Online Practices for Tutoring In Mathematics Using Meaningful Interactions</AwardTitle>
<AGENCY>NSF</AGENCY>
<AwardEffectiveDate>12/01/2021</AwardEffectiveDate>
<AwardExpirationDate>06/30/2023</AwardExpirationDate>
<AwardTotalIntnAmount>307040.00</AwardTotalIntnAmount>
<AwardAmount>244228</AwardAmount>
<AwardInstrument>
<Value>Standard Grant</Value>
</AwardInstrument>
<Organization>
<Code>11040000</Code>
<Directorate>
<Abbreviation>EHR</Abbreviation>
<LongName>Direct For Education and Human Resources</LongName>
</Directorate>
<Division>
<Abbreviation>DUE</Abbreviation>
<LongName>Division Of Undergraduate Education</LongName>
</Division>
</Organization>
<ProgramOfficer>
<SignBlockName>Mike Ferrara</SignBlockName>
<PO_EMAI>mferrara@nsf.gov</PO_EMAI>
<PO_PHON>7032922635</PO_PHON>
</ProgramOfficer>
<AbstractNarration>This project addresses the national need to provide support systems that enhance undergraduate STEM learning.  It will do so by investigating best practices for online tutoring in college mathematics.  Face-to-face tutoring in mathematics is known to correlate with positive learning outcomes including higher course grades, greater persistence, and improved retention. Providing quality online tutoring experiences also benefits for tutors by helping them learn valuable skills such as organization, time management, teamwork, problem-solving, leadership, and technical communication.  The COVID-19 pandemic forced many university-based tutoring services to either stop offering help to students or move online.  Many chose to move online.  However, the effective implementation of online mathematics tutoring is not yet well understood.  Such understanding is important because online mathematics tutoring could benefit students long after the current pandemic has dissipated. Preliminary observations have shown that online mathematics tutoring sessions typically serve as a homework service: tutors solve problems brought to them by students and the students watch and copy down the solutions rather than actively participating. This study aims to make the online tutoring experience more like the in-person experience by discovering ways to ensure students are active participants in tutoring sessions. Through continued observation of online tutor-student interactions, the project will identify tutor behaviors that encourage greater student participation in online tutoring sessions.  The project will then design training materials to promote the most effective behaviors in tutors.  These training materials will be freely distributed to the mathematics education community through workshops, conference presentations, and online resources.  &lt;br/&gt;&lt;br/&gt;This project’s online tutoring model will be tested and refined at West Virginia University and the University of Oklahoma, two large universities that server large populations of students.  The project will identify tutor practices that promote student-centered online tutoring interactions and generate training materials to optimize the frequency of such interactions in online tutoring sessions. Recorded online tutoring sessions will be analyzed using inductive and deductive thematic analysis to identify tutor behaviors that promote student-centered tutoring interactions.  Pen and tablet technologies will be utilized and compared to online sessions without such tools to study specific impacts on tutor practices and student engagement.  Through multiple cycles of observation and implementation, a set of empirically tested training materials will be developed, including a Tutoring Manual for tutors and a Training Guide for tutoring center leaders/faculty. The Training Manual for tutors will contain resources such as technology suggestions (e.g., best collaborative whiteboard app; how to use your phone as a document camera; apps to scan written work to pdf), articles to read, and how to be an effective virtual coach. The Training Guide for faculty will provide resources such as how to host a one-day training before the semester starts, how to support tutors during the semester, and how to evaluate online tutoring offerings. This project is funded through the NSF IUSE:EHR program and the Established Program to Stimulate Competitive Research (EPSCoR).  The IUSE: EHR Program supports research and development projects to improve the effectiveness of STEM education for all students. Through the Engaged Student Learning track, the program supports the creation, exploration, and implementation of promising practices and tools.&lt;br/&gt;&lt;br/&gt;This award reflects NSF's statutory mission and has been deemed worthy of support through evaluation using the Foundation's intellectual merit and broader impacts review criteria.</AbstractNarration>
<MinAmdLetterDate>12/02/2021</MinAmdLetterDate>
<MaxAmdLetterDate>12/02/2021</MaxAmdLetterDate>
<ARRAAmount/>
<TRAN_TYPE>Grant</TRAN_TYPE>
<CFDA_NUM>47.076, 47.083</CFDA_NUM>
<NSF_PAR_USE_FLAG>1</NSF_PAR_USE_FLAG>
<FUND_AGCY_CODE>4900</FUND_AGCY_CODE>
<AWDG_AGCY_CODE>4900</AWDG_AGCY_CODE>
<AwardID>2201747</AwardID>
<Investigator>
<FirstName>Nicole</FirstName>
<LastName>Engelke-Infante</LastName>
<PI_MID_INIT/>
<PI_SUFX_NAME/>
<PI_FULL_NAME>Nicole Engelke-Infante</PI_FULL_NAME>
<EmailAddress>ninfante@unomaha.edu</EmailAddress>
<PI_PHON>4025543522</PI_PHON>
<NSF_ID>000645838</NSF_ID>
<StartDate>12/02/2021</StartDate>
<EndDate/>
<RoleCode>Principal Investigator</RoleCode>
</Investigator>
<Institution>
<Name>University of Nebraska at Omaha</Name>
<CityName>OMAHA</CityName>
<ZipCode>681822000</ZipCode>
<PhoneNumber>4025542286</PhoneNumber>
<StreetAddress>6001 DODGE ST EAB 209</StreetAddress>
<StreetAddress2/>
<CountryName>United States</CountryName>
<StateName>Nebraska</StateName>
<StateCode>NE</StateCode>
<CONGRESSDISTRICT>02</CONGRESSDISTRICT>
<CONGRESS_DISTRICT_ORG>NE02</CONGRESS_DISTRICT_ORG>
<ORG_UEI_NUM>FZRNFQTKADH1</ORG_UEI_NUM>
<ORG_LGL_BUS_NAME>UNIVERSITY OF NEBRASKA</ORG_LGL_BUS_NAME>
<ORG_PRNT_UEI_NUM>LF77GRM3FWG5</ORG_PRNT_UEI_NUM>
</Institution>
<Performance_Institution>
<Name><![CDATA[University of Nebraska at Omaha]]></Name>
<CityName>Omaha</CityName>
<StateCode>NE</StateCode>
<ZipCode>681820210</ZipCode>
<StreetAddress><![CDATA[6001 Dodge Street]]></StreetAddress>
<CountryCode>US</CountryCode>
<CountryName>United States</CountryName>
<StateName>Nebraska</StateName>
<CountryFlag>1</CountryFlag>
<CONGRESSDISTRICT>02</CONGRESSDISTRICT>
<CONGRESS_DISTRICT_PERF>NE02</CONGRESS_DISTRICT_PERF>
</Performance_Institution>
<ProgramElement>
<Code>1998</Code>
<Text>IUSE</Text>
</ProgramElement>
<ProgramElement>
<Code>9150</Code>
<Text>EPSCoR Co-Funding</Text>
</ProgramElement>
<ProgramReference>
<Code>097Z</Code>
<Text>COVID-19 Impacts on Existing Activities</Text>
</ProgramReference>
<ProgramReference>
<Code>8209</Code>
<Text>Improv Undergrad STEM Ed(IUSE)</Text>
</ProgramReference>
<ProgramReference>
<Code>8244</Code>
<Text>EHR CL Opportunities (NSF 14-302)</Text>
</ProgramReference>
<ProgramReference>
<Code>9150</Code>
<Text>EXP PROG TO STIM COMP RES</Text>
</ProgramReference>
<ProgramReference>
<Code>9178</Code>
<Text>UNDERGRADUATE EDUCATION</Text>
</ProgramReference>
<FUND_OBLG>2021~244227</FUND_OBLG>
</Award>
</rootTag>
