<?xml version="1.0" encoding="UTF-8"?>
<rootTag>
<Award>
<AwardTitle>Collaborative Research: Archeomagnetism of southern Africa and dynamo modeling: Testing the hypothesis of South Atlantic Anomaly-Large Low Shear Velocity Province Agency</AwardTitle>
<AGENCY>NSF</AGENCY>
<AwardEffectiveDate>06/01/2022</AwardEffectiveDate>
<AwardExpirationDate>05/31/2025</AwardExpirationDate>
<AwardTotalIntnAmount>496591.00</AwardTotalIntnAmount>
<AwardAmount>131615</AwardAmount>
<AwardInstrument>
<Value>Continuing Grant</Value>
</AwardInstrument>
<Organization>
<Code>06030000</Code>
<Directorate>
<Abbreviation>GEO</Abbreviation>
<LongName>Directorate For Geosciences</LongName>
</Directorate>
<Division>
<Abbreviation>EAR</Abbreviation>
<LongName>Division Of Earth Sciences</LongName>
</Division>
</Organization>
<ProgramOfficer>
<SignBlockName>Curtis Williams</SignBlockName>
<PO_EMAI>curwilli@nsf.gov</PO_EMAI>
<PO_PHON>7032928202</PO_PHON>
</ProgramOfficer>
<AbstractNarration>Earth’s dipole magnetic field has been rapidly decreasing in strength, by ∼9% over the past 160 years, with the decline linked to a broad swath of low field intensity in the Southern Hemisphere known as the South Atlantic Anomaly. When extrapolated to Earth’s deep interior, to the boundary between the liquid core and overlying solid mantle, this weak surface field appears as prominent patches of reversed polarity beneath South Africa and Patagonia. This pattern, together with the rapidly decreasing field strength, has led to hotly debated speculation that Earth is in the early stages of a geomagnetic polarity reversal. Principal limitations in this debate have been a lack of data for the last 1500 years from key regions in the Southern Hemisphere and theoretical understanding of deep Earth controls on magnetic fields. To address these limitations, this project will refine the archeomagnetic record of the southern Hemisphere, develop numerical simulations to explore the affect the deep Earth has on magnetic fields, and integrate these two components to explore whether the unusual mantle beneath South Africa and Patagonia (the African Low Shear Velocity Province) places a first-order control on the character of the South Atlantic Anomaly. This project will foster international collaboration with archeologists from South Africa, Botswana, and Zimbabwe, develop a revised geodynamo code that will be made available to the community, and support of graduate and undergraduate students who will receive a broad training in the field, experimental rock and paleomagnetism, and geophysical modeling.&lt;br/&gt;&lt;br/&gt;This project will support a collaborative study that will bring together workers in disparate disciplines and subdisciplines to further refine the archeomagnetic record and more directly test the efficacy of Low Shear Velocity Province control on the character of the geomagnetic field. Specifically, the research team will: (i) conduct field studies including field surveys and collection materials with the goal of refining the Iron Age archeomagnetic record with potential application to both deep Earth and to archeological problems; (ii) conduct rock magnetic, analytical microscopy, and paleomagnetic analyses and processing of field magnetic survey data to define ambient magnetic fields of the collection sites, magnetic carriers in the collected archeological artifacts, and ancient recordings of direction and intensity with the goal of testing primary hypothesis of the proposed work; and (iii) use numerical dynamo simulations to investigate whether the African Large Low Shear Velocity Province can locally defect core flow, drive the magnetic Reynolds number toward unity, favoring magnetic diffusion and flux expulsion, and thus place first-order controls on geomagnetic observations made at Earth’s surface.&lt;br/&gt;&lt;br/&gt;This award reflects NSF's statutory mission and has been deemed worthy of support through evaluation using the Foundation's intellectual merit and broader impacts review criteria.</AbstractNarration>
<MinAmdLetterDate>03/20/2022</MinAmdLetterDate>
<MaxAmdLetterDate>03/20/2022</MaxAmdLetterDate>
<ARRAAmount/>
<TRAN_TYPE>Grant</TRAN_TYPE>
<CFDA_NUM>47.050</CFDA_NUM>
<NSF_PAR_USE_FLAG>1</NSF_PAR_USE_FLAG>
<FUND_AGCY_CODE>4900</FUND_AGCY_CODE>
<AWDG_AGCY_CODE>4900</AWDG_AGCY_CODE>
<AwardID>2201460</AwardID>
<Investigator>
<FirstName>John</FirstName>
<LastName>Tarduno</LastName>
<PI_MID_INIT>A</PI_MID_INIT>
<PI_SUFX_NAME/>
<PI_FULL_NAME>John A Tarduno</PI_FULL_NAME>
<EmailAddress>john@earth.rochester.edu</EmailAddress>
<PI_PHON>5852755713</PI_PHON>
<NSF_ID>000184255</NSF_ID>
<StartDate>03/20/2022</StartDate>
<EndDate/>
<RoleCode>Principal Investigator</RoleCode>
</Investigator>
<Investigator>
<FirstName>Rory</FirstName>
<LastName>Cottrell</LastName>
<PI_MID_INIT>D</PI_MID_INIT>
<PI_SUFX_NAME/>
<PI_FULL_NAME>Rory D Cottrell</PI_FULL_NAME>
<EmailAddress>rory.cottrell@rochester.edu</EmailAddress>
<PI_PHON>5852754031</PI_PHON>
<NSF_ID>000672391</NSF_ID>
<StartDate>03/20/2022</StartDate>
<EndDate/>
<RoleCode>Co-Principal Investigator</RoleCode>
</Investigator>
<Institution>
<Name>University of Rochester</Name>
<CityName>ROCHESTER</CityName>
<ZipCode>146270001</ZipCode>
<PhoneNumber>5852754031</PhoneNumber>
<StreetAddress>500 JOSEPH C WILSON BLVD</StreetAddress>
<StreetAddress2/>
<CountryName>United States</CountryName>
<StateName>New York</StateName>
<StateCode>NY</StateCode>
<CONGRESSDISTRICT>25</CONGRESSDISTRICT>
<CONGRESS_DISTRICT_ORG>NY25</CONGRESS_DISTRICT_ORG>
<ORG_UEI_NUM>F27KDXZMF9Y8</ORG_UEI_NUM>
<ORG_LGL_BUS_NAME>UNIVERSITY OF ROCHESTER</ORG_LGL_BUS_NAME>
<ORG_PRNT_UEI_NUM>F27KDXZMF9Y8</ORG_PRNT_UEI_NUM>
</Institution>
<Performance_Institution>
<Name><![CDATA[University of Rochester]]></Name>
<CityName/>
<StateCode>NY</StateCode>
<ZipCode>146270140</ZipCode>
<StreetAddress/>
<CountryCode>US</CountryCode>
<CountryName>United States</CountryName>
<StateName>New York</StateName>
<CountryFlag>1</CountryFlag>
<CONGRESSDISTRICT>25</CONGRESSDISTRICT>
<CONGRESS_DISTRICT_PERF>NY25</CONGRESS_DISTRICT_PERF>
</Performance_Institution>
<ProgramElement>
<Code>1585</Code>
<Text>STUDIES OF THE EARTHS DEEP INT</Text>
</ProgramElement>
<FUND_OBLG>2022~131615</FUND_OBLG>
</Award>
</rootTag>
