<?xml version="1.0" encoding="UTF-8"?>
<rootTag>
<Award>
<AwardTitle><![CDATA[Research on the role of attention in improving video-based learning]]></AwardTitle>
<AGENCY>NSF</AGENCY>
<AwardEffectiveDate>06/15/2022</AwardEffectiveDate>
<AwardExpirationDate>05/31/2025</AwardExpirationDate>
<AwardTotalIntnAmount>1272483.00</AwardTotalIntnAmount>
<AwardAmount>842488</AwardAmount>
<AwardInstrument>
<Value>Continuing Grant</Value>
</AwardInstrument>
<Organization>
<Code>11090000</Code>
<Directorate>
<Abbreviation>EHR</Abbreviation>
<LongName>Direct For Education and Human Resources</LongName>
</Directorate>
<Division>
<Abbreviation>DRL</Abbreviation>
<LongName>Division Of Research On Learning</LongName>
</Division>
</Organization>
<ProgramOfficer>
<SignBlockName>Gregg Solomon</SignBlockName>
<PO_EMAI>gesolomo@nsf.gov</PO_EMAI>
<PO_PHON>7032928333</PO_PHON>
</ProgramOfficer>
<AbstractNarration><![CDATA[Education is moving online. During the global pandemic, this ongoing process accelerated and educators increasingly leveraged existing online video content to supplement synchronous remote instruction. One problem with this approach is that passive viewing of video content is not a particularly effective form of instruction. Many students struggle to sustain their attention to online video, and this is reflected in poor performance in subsequent tests of learning. This project will explore a variety of interventions that aim to engage the students with such video material. These interventions include such characteristics as interleaving questions and feedback, prompting constructive thinking and facilitating discussion with other students. The premise is that active viewing enhances attention and leads to better learning outcomes. This laboratory research aims to refine the concept of “student engagement”, which at present does not distinguish between active participation and attention to the learning material, two important but potentially differing factors that contribute to learning. This fundamental research on learning is made possible by measuring attentional engagement directly using brain and eye activity. From a practical point of view, the goal of this project is to identify simple interventions teachers can use to better leverage the vast trove of educational videos available online. &lt;br/&gt;&lt;br/&gt;The overall objective of this project is to improve the efficacy of video in remote instruction. The basic hypothesis is that attentional engagement with educational video mediates learning and that attentional engagement can be enhanced with interventions that promote active viewing. This hypothesis motivates the following aims. Aim 1: Test interventions that convert passive viewing into active viewing to improve learning: Specifically, identify interventions that improve attention and learning with existing short STEM education videos. Interventions will be tested prospectively on an online platform while recruiting participants online and among STEM college students. Aim 2: Explain the effects of attentional engagement with video on learning: Specifically, test the basic hypothesis by determining whether the effect of successful active viewing interventions prospectively affect attentional engagement and performance. Attention will be measured with eye tracking in remote experiments and with EEG in the lab, while recruiting among STEM college students. The project will also test the effect of cognitive traits and the learning environment. Aim 3: Include students from groups underrepresented in STEM fields in the research. Specifically, students will assist in research with eye tracking and EEG, as well as the selection of video material and design of test questions. In doing so, these student researchers will provide their unique perspective on the challenges of remote learning.&lt;br/&gt;&lt;br/&gt;This project is funded by the EHR Core Research (ECR) program, which supports fundamental research on STEM learning and learning environments, broadening participation in STEM, and STEM workforce development.&lt;br/&gt;&lt;br/&gt;This award reflects NSF's statutory mission and has been deemed worthy of support through evaluation using the Foundation's intellectual merit and broader impacts review criteria.]]></AbstractNarration>
<MinAmdLetterDate>06/07/2022</MinAmdLetterDate>
<MaxAmdLetterDate>06/07/2022</MaxAmdLetterDate>
<ARRAAmount/>
<TRAN_TYPE>Grant</TRAN_TYPE>
<CFDA_NUM>47.076</CFDA_NUM>
<NSF_PAR_USE_FLAG>1</NSF_PAR_USE_FLAG>
<FUND_AGCY_CODE>4900</FUND_AGCY_CODE>
<AWDG_AGCY_CODE>4900</AWDG_AGCY_CODE>
<AwardID>2201835</AwardID>
<Investigator>
<FirstName>Lucas</FirstName>
<LastName>Parra</LastName>
<PI_MID_INIT>C</PI_MID_INIT>
<PI_SUFX_NAME/>
<PI_FULL_NAME>Lucas C Parra</PI_FULL_NAME>
<EmailAddress><![CDATA[parra@ccny.cuny.edu]]></EmailAddress>
<NSF_ID>000186112</NSF_ID>
<StartDate>06/07/2022</StartDate>
<EndDate/>
<RoleCode>Principal Investigator</RoleCode>
</Investigator>
<Institution>
<Name>CUNY City College</Name>
<CityName>NEW YORK</CityName>
<ZipCode>100319101</ZipCode>
<PhoneNumber>2126505418</PhoneNumber>
<StreetAddress>160 CONVENT AVE</StreetAddress>
<StreetAddress2/>
<CountryName>United States</CountryName>
<StateName>New York</StateName>
<StateCode>NY</StateCode>
<CONGRESSDISTRICT>13</CONGRESSDISTRICT>
<CONGRESS_DISTRICT_ORG>NY13</CONGRESS_DISTRICT_ORG>
<ORG_UEI_NUM>L952KGDMSLV5</ORG_UEI_NUM>
<ORG_LGL_BUS_NAME>RESEARCH FOUNDATION OF THE CITY UNIVERSITY OF NEW YORK</ORG_LGL_BUS_NAME>
<ORG_PRNT_UEI_NUM>U7WPB7AFN7M2</ORG_PRNT_UEI_NUM>
</Institution>
<Performance_Institution>
<Name><![CDATA[CUNY City College]]></Name>
<CityName>New York</CityName>
<StateCode>NY</StateCode>
<ZipCode>100319101</ZipCode>
<StreetAddress><![CDATA[Convent Ave at 138th St]]></StreetAddress>
<CountryCode>US</CountryCode>
<CountryName>United States</CountryName>
<StateName>New York</StateName>
<CountryFlag>1</CountryFlag>
<CONGRESSDISTRICT>13</CONGRESSDISTRICT>
<CONGRESS_DISTRICT_PERF>NY13</CONGRESS_DISTRICT_PERF>
</Performance_Institution>
<ProgramElement>
<Code>7980</Code>
<Text>ECR-EHR Core Research</Text>
</ProgramElement>
<ProgramReference>
<Code>8089</Code>
<Text>Understanding the Brain/Cognitive Scienc</Text>
</ProgramReference>
<ProgramReference>
<Code>8091</Code>
<Text>BRAIN Initiative Res Support</Text>
</ProgramReference>
<ProgramReference>
<Code>8244</Code>
<Text>EHR CL Opportunities (NSF 14-302)</Text>
</ProgramReference>
<ProgramReference>
<Code>8817</Code>
<Text>STEM Learning &amp; Learning Environments</Text>
</ProgramReference>
<FUND_OBLG>2022~842488</FUND_OBLG>
</Award>
</rootTag>
