<?xml version="1.0" encoding="UTF-8"?>
<rootTag>
<Award>
<AwardTitle>Minimal Representations and Theta Correspondence</AwardTitle>
<AGENCY>NSF</AGENCY>
<AwardEffectiveDate>04/01/2022</AwardEffectiveDate>
<AwardExpirationDate>03/31/2023</AwardExpirationDate>
<AwardTotalIntnAmount>20000.00</AwardTotalIntnAmount>
<AwardAmount>20000</AwardAmount>
<AwardInstrument>
<Value>Standard Grant</Value>
</AwardInstrument>
<Organization>
<Code>03040000</Code>
<Directorate>
<Abbreviation>MPS</Abbreviation>
<LongName>Direct For Mathematical &amp; Physical Scien</LongName>
</Directorate>
<Division>
<Abbreviation>DMS</Abbreviation>
<LongName>Division Of Mathematical Sciences</LongName>
</Division>
</Organization>
<ProgramOfficer>
<SignBlockName>Sandra Spiroff</SignBlockName>
<PO_EMAI>sspiroff@nsf.gov</PO_EMAI>
<PO_PHON>7032928069</PO_PHON>
</ProgramOfficer>
<AbstractNarration>This grant will provide support for U.S. based participants to attend a five day workshop titled "Minimal Representations and Theta Correspondence," to be held at the Erwin Schrödinger Institute (ESI) in Vienna, Austria.  The event will take place April 11-15 2022.  The minimal representations topics discussed at the conference have played a central and unifying role in mathematics for over fifty years, where they find applications to quantum mechanics and communication theory, and within mathematics to number theory.  Theta correspondences use minimal representations to connect disparate mathematical objects.  Work on theta correspondences has accelerated recently, with the full proof of Howe's Duality Conjecture published just a few years ago. The award will allow U.S. scholars to continue working on minimal representations and theta correspondences on the global stage, with an international community of researchers, as well as introduce a new generation of mathematicians to the material.&lt;br/&gt;&lt;br/&gt;Minimal representations have applications to automorphic forms, harmonic analysis, for example, the Fourier transforms on basic affine spaces, and mathematical physics, for example, scattering amplitudes in string theory.  They originate in the Weil representation of the metaplectic group, where they are connected to Schrödinger's formulation of quantum mechanics via wave functions.  Within mathematics, the most profound applications of minimal representations are through theta correspondences -- a generalization of Howe's duality correspondence.  Newer "exceptional" theta correspondences have been vital in the Langlands program and arithmetic.  This conference is a timely event, bringing participants up-to-date on recent breakthroughs on minimal representations and theta correspondences.  The ESI workshop will bring together the top scholars from around the world to showcase the latest progress in this field of mathematics and the grant will allow U.S. scholars to travel to Austria and attend this important event.  For more information on the conference, see https://www.esi.ac.at/events/e420.&lt;br/&gt;&lt;br/&gt;This award reflects NSF's statutory mission and has been deemed worthy of support through evaluation using the Foundation's intellectual merit and broader impacts review criteria.</AbstractNarration>
<MinAmdLetterDate>02/01/2022</MinAmdLetterDate>
<MaxAmdLetterDate>02/01/2022</MaxAmdLetterDate>
<ARRAAmount/>
<TRAN_TYPE>Grant</TRAN_TYPE>
<CFDA_NUM>47.049</CFDA_NUM>
<NSF_PAR_USE_FLAG>1</NSF_PAR_USE_FLAG>
<FUND_AGCY_CODE>4900</FUND_AGCY_CODE>
<AWDG_AGCY_CODE>4900</AWDG_AGCY_CODE>
<AwardID>2201178</AwardID>
<Investigator>
<FirstName>Martin</FirstName>
<LastName>Weissman</LastName>
<PI_MID_INIT>H</PI_MID_INIT>
<PI_SUFX_NAME/>
<PI_FULL_NAME>Martin H Weissman</PI_FULL_NAME>
<EmailAddress>weissman@ucsc.edu</EmailAddress>
<PI_PHON>6175013591</PI_PHON>
<NSF_ID>000397450</NSF_ID>
<StartDate>02/01/2022</StartDate>
<EndDate/>
<RoleCode>Principal Investigator</RoleCode>
</Investigator>
<Institution>
<Name>University of California-Santa Cruz</Name>
<CityName>SANTA CRUZ</CityName>
<ZipCode>950641077</ZipCode>
<PhoneNumber>8314595278</PhoneNumber>
<StreetAddress>1156 HIGH ST</StreetAddress>
<StreetAddress2/>
<CountryName>United States</CountryName>
<StateName>California</StateName>
<StateCode>CA</StateCode>
<CONGRESSDISTRICT>20</CONGRESSDISTRICT>
<CONGRESS_DISTRICT_ORG>CA20</CONGRESS_DISTRICT_ORG>
<ORG_UEI_NUM>VXUFPE4MCZH5</ORG_UEI_NUM>
<ORG_LGL_BUS_NAME>UNIVERSITY OF CALIFORNIA SANTA CRUZ</ORG_LGL_BUS_NAME>
<ORG_PRNT_UEI_NUM/>
</Institution>
<Performance_Institution>
<Name><![CDATA[Erwin Schrödinger Institute]]></Name>
<CityName>Vienna</CityName>
<StateCode/>
<ZipCode/>
<StreetAddress><![CDATA[1090 Wien/Vienna]]></StreetAddress>
<CountryCode>AU</CountryCode>
<CountryName>Austria</CountryName>
<StateName>RI REQUIRED</StateName>
<CountryFlag>0</CountryFlag>
<CONGRESSDISTRICT/>
<CONGRESS_DISTRICT_PERF>""</CONGRESS_DISTRICT_PERF>
</Performance_Institution>
<ProgramElement>
<Code>1264</Code>
<Text>ALGEBRA,NUMBER THEORY,AND COM</Text>
</ProgramElement>
<ProgramReference>
<Code>7556</Code>
<Text>CONFERENCE AND WORKSHOPS</Text>
</ProgramReference>
<FUND_OBLG>2022~20000</FUND_OBLG>
</Award>
</rootTag>
