<?xml version="1.0" encoding="UTF-8"?>
<rootTag>
<Award>
<AwardTitle>Geometric Insights in Noncommutative Algebra</AwardTitle>
<AGENCY>NSF</AGENCY>
<AwardEffectiveDate>07/01/2022</AwardEffectiveDate>
<AwardExpirationDate>06/30/2025</AwardExpirationDate>
<AwardTotalIntnAmount>200000.00</AwardTotalIntnAmount>
<AwardAmount>200000</AwardAmount>
<AwardInstrument>
<Value>Standard Grant</Value>
</AwardInstrument>
<Organization>
<Code>03040000</Code>
<Directorate>
<Abbreviation>MPS</Abbreviation>
<LongName>Direct For Mathematical &amp; Physical Scien</LongName>
</Directorate>
<Division>
<Abbreviation>DMS</Abbreviation>
<LongName>Division Of Mathematical Sciences</LongName>
</Division>
</Organization>
<ProgramOfficer>
<SignBlockName>Sandra Spiroff</SignBlockName>
<PO_EMAI>sspiroff@nsf.gov</PO_EMAI>
<PO_PHON>7032928069</PO_PHON>
</ProgramOfficer>
<AbstractNarration>Commutative algebra studies algebraic systems for which the order of multiplication is irrelevant, while noncommutative algebra allows for the possibility that the two products XY and YX may not be the same. Noncommutative algebra historically arose in the algebraic study of symmetry, in linear algebra, and perhaps most profoundly in quantum mechanics. Since the advent of algebraic geometry, commutative algebra has been revolutionized by geometric ideas. In a similar way, the development of noncommutative geometry over the past several decades has stimulated many new ideas and perspectives in noncommutative algebra, but to date it has posed more challenges than it has solved. For instance, many noncommutative algebras are expected to be well-behaved due to the geometric nature of their construction, but we lack the algebraic tools to prove that this is the case. Furthermore, noncommutative geometry largely remains a collection of loosely related frameworks that are not directly compatible with one another, which can make the field especially difficult for newcomers. This project will directly address these fundamental problems by creating new techniques to deduce good algebraic properties for geometrically constructed noncommutative algebras and providing new tools to represent geometric structures corresponding to noncommutative algebras. The project will involve research and training opportunities for graduate students.&lt;br/&gt;&lt;br/&gt;The first part of this project focuses on homological problems in noncommutative algebraic geometry. The PI and collaborators will use methods of Koszul duality and the representations of finite-dimensional algebras to attack a longstanding conjecture that Artin-Schelter (AS) regular algebras are domains. Related techniques will be used to understand when generalized AS regular algebras that are not necessarily connected, such as graded Calabi-Yau algebras, are prime rings. The second part of this project is focused on spectral problems in noncommutative geometry. The PI will use a variety of approaches to understand noncommutative discrete spaces and utilize them to construct noncommutative spectrum functors for both rings and C*-algebras. Topics to be investigated include structure sheaves for noncommutative spaces, methods to characterize dual coalgebras, discretization of C*-algebras, and a projective representation theory for rings.&lt;br/&gt;&lt;br/&gt;This award reflects NSF's statutory mission and has been deemed worthy of support through evaluation using the Foundation's intellectual merit and broader impacts review criteria.</AbstractNarration>
<MinAmdLetterDate>04/08/2022</MinAmdLetterDate>
<MaxAmdLetterDate>04/08/2022</MaxAmdLetterDate>
<ARRAAmount/>
<TRAN_TYPE>Grant</TRAN_TYPE>
<CFDA_NUM>47.049</CFDA_NUM>
<NSF_PAR_USE_FLAG>1</NSF_PAR_USE_FLAG>
<FUND_AGCY_CODE>4900</FUND_AGCY_CODE>
<AWDG_AGCY_CODE>4900</AWDG_AGCY_CODE>
<AwardID>2201273</AwardID>
<Investigator>
<FirstName>Manuel</FirstName>
<LastName>Reyes</LastName>
<PI_MID_INIT>L</PI_MID_INIT>
<PI_SUFX_NAME/>
<PI_FULL_NAME>Manuel L Reyes</PI_FULL_NAME>
<EmailAddress>mreyes57@uci.edu</EmailAddress>
<PI_PHON>5105588311</PI_PHON>
<NSF_ID>000655932</NSF_ID>
<StartDate>04/08/2022</StartDate>
<EndDate/>
<RoleCode>Principal Investigator</RoleCode>
</Investigator>
<Institution>
<Name>University of California-Irvine</Name>
<CityName>IRVINE</CityName>
<ZipCode>926173213</ZipCode>
<PhoneNumber>9498247295</PhoneNumber>
<StreetAddress>141 INNOVATION DR STE 250</StreetAddress>
<StreetAddress2/>
<CountryName>United States</CountryName>
<StateName>California</StateName>
<StateCode>CA</StateCode>
<CONGRESSDISTRICT>45</CONGRESSDISTRICT>
<CONGRESS_DISTRICT_ORG>CA45</CONGRESS_DISTRICT_ORG>
<ORG_UEI_NUM>MJC5FCYQTPE6</ORG_UEI_NUM>
<ORG_LGL_BUS_NAME>UNIVERSITY OF CALIFORNIA, IRVINE</ORG_LGL_BUS_NAME>
<ORG_PRNT_UEI_NUM>NUDGYLBB4S99</ORG_PRNT_UEI_NUM>
</Institution>
<Performance_Institution>
<Name><![CDATA[University of California-Irvine]]></Name>
<CityName>Irvine</CityName>
<StateCode>CA</StateCode>
<ZipCode>926973875</ZipCode>
<StreetAddress><![CDATA[160 Aldrich Hall]]></StreetAddress>
<CountryCode>US</CountryCode>
<CountryName>United States</CountryName>
<StateName>California</StateName>
<CountryFlag>1</CountryFlag>
<CONGRESSDISTRICT>45</CONGRESSDISTRICT>
<CONGRESS_DISTRICT_PERF>CA45</CONGRESS_DISTRICT_PERF>
</Performance_Institution>
<ProgramElement>
<Code>1264</Code>
<Text>ALGEBRA,NUMBER THEORY,AND COM</Text>
</ProgramElement>
<FUND_OBLG>2022~200000</FUND_OBLG>
</Award>
</rootTag>
