<?xml version="1.0" encoding="UTF-8"?>
<rootTag>
<Award>
<AwardTitle><![CDATA[Guitar, Robotics, Rocketry ATE (GRRATE) Summer Institutes]]></AwardTitle>
<AGENCY>NSF</AGENCY>
<AwardEffectiveDate>10/01/2022</AwardEffectiveDate>
<AwardExpirationDate>08/31/2025</AwardExpirationDate>
<AwardTotalIntnAmount>570729.00</AwardTotalIntnAmount>
<AwardAmount>570729</AwardAmount>
<AwardInstrument>
<Value>Standard Grant</Value>
</AwardInstrument>
<Organization>
<Code>11040100</Code>
<Directorate>
<Abbreviation>EHR</Abbreviation>
<LongName>Direct For Education and Human Resources</LongName>
</Directorate>
<Division>
<Abbreviation>DUE</Abbreviation>
<LongName>Division Of Undergraduate Education</LongName>
</Division>
</Organization>
<ProgramOfficer>
<SignBlockName>Virginia Carter</SignBlockName>
<PO_EMAI>vccarter@nsf.gov</PO_EMAI>
<PO_PHON>7032924651</PO_PHON>
</ProgramOfficer>
<AbstractNarration><![CDATA[Rural students are often faced with low educational attainment, geographic isolation, and negative social dynamics tied to race, class, and economic inequality. For many rural students, majors and careers in STEM fields are undesirable and not encouraged. Research shows that early interventions to shape the perception of STEM to students as early as middle school by developing a sense of belonging can shift the interest of students in technical careers specifically and STEM generally. This project will address technician workforce needs by increasing the number and diversity of students who are interested in entering career and technical education majors and ultimately technician careers in high-tech STEM fields. The Santa Fe College Technician Education programs include: Air Conditioning and Refrigeration, Automotive, Biotechnology, Building Construction, Computer Networking, Computer Programming and Analysis, Information Systems, Plumbing, and Welding. The project will leverage lessons learned from the Upward Bound summer camp pilot to adapt and implement the Guitar, Robotics, and Rocketry curriculum as a Summer Institute program to attract students to these technician career fields before they graduate high school.&lt;br/&gt;&lt;br/&gt;The overarching goal of the project is to increase the quantity of students from rural regions and from groups underrepresented in STEM entering technician careers in high-tech STEM fields. This goal will be accomplished through five objectives: 1) Adapt and format curriculum to enhance college preparation mathematics for the Summer Institutes ; 2) Provide faculty, staff, and local secondary school educators professional development to ensure consistent implementation of the curriculum and pedagogical models; 3) Host Summer Institutes at the College’s five educational centers over the project lifetime; 4) Evaluate the effectiveness of project outcomes through a validated pre/post attitude and career interest survey, pre/post comparison of math skills, and follow-up interviews; and 5) Engage local employers in the development of technician career exploration presentations and/or videos. The project will collaborate with community partners including Upward Bound (UB), College Achievement Program (CAP), SF Achieve, and two University of Central Florida and Children’s Home Society Community Partnership Schools (CPS) to recruit students and to provide year-round support for student development. Collaboration with the Florida Local Alliance for Math Literacy and Equity (FLAME) will provide guidance in strengthening the math skills of project participants. Curriculum adaptation will be based on pedagogical practices designed to combat stereotype threats and enhance self-efficacy. Local employers will provide expertise for curriculum improvement based on industry needs and provide information about technician career opportunities and educational requirements for those careers. The project results will be disseminated through project presentations and publications and will be shared with project partners. This project is funded by the Advanced Technological Education program that focuses on the education of technicians for the advanced-technology fields that drive the nation's economy.&lt;br/&gt;&lt;br/&gt;This award reflects NSF's statutory mission and has been deemed worthy of support through evaluation using the Foundation's intellectual merit and broader impacts review criteria.]]></AbstractNarration>
<MinAmdLetterDate>05/17/2022</MinAmdLetterDate>
<MaxAmdLetterDate>06/21/2022</MaxAmdLetterDate>
<ARRAAmount/>
<TRAN_TYPE>Grant</TRAN_TYPE>
<CFDA_NUM>47.076</CFDA_NUM>
<NSF_PAR_USE_FLAG>1</NSF_PAR_USE_FLAG>
<FUND_AGCY_CODE>4900</FUND_AGCY_CODE>
<AWDG_AGCY_CODE>4900</AWDG_AGCY_CODE>
<AwardID>2201539</AwardID>
<Investigator>
<FirstName>Calhoun</FirstName>
<LastName>Calhoun</LastName>
<PI_MID_INIT>D</PI_MID_INIT>
<PI_SUFX_NAME/>
<PI_FULL_NAME>Calhoun D Calhoun</PI_FULL_NAME>
<EmailAddress><![CDATA[cheryl.calhoun@arapahoe.edu]]></EmailAddress>
<NSF_ID>000625957</NSF_ID>
<StartDate>05/17/2022</StartDate>
<EndDate>06/21/2022</EndDate>
<RoleCode>Former Co-Principal Investigator</RoleCode>
</Investigator>
<Investigator>
<FirstName>Shellie</FirstName>
<LastName>Banfield</LastName>
<PI_MID_INIT/>
<PI_SUFX_NAME/>
<PI_FULL_NAME>Shellie Banfield</PI_FULL_NAME>
<EmailAddress><![CDATA[shellie.banfield@sfcollege.edu]]></EmailAddress>
<NSF_ID>000758015</NSF_ID>
<StartDate>05/17/2022</StartDate>
<EndDate/>
<RoleCode>Principal Investigator</RoleCode>
</Investigator>
<Investigator>
<FirstName>Gina</FirstName>
<LastName>Greenidge</LastName>
<PI_MID_INIT/>
<PI_SUFX_NAME/>
<PI_FULL_NAME>Gina Greenidge</PI_FULL_NAME>
<EmailAddress><![CDATA[gina.greenidge@sfcollege.edu]]></EmailAddress>
<NSF_ID>000759359</NSF_ID>
<StartDate>05/17/2022</StartDate>
<EndDate/>
<RoleCode>Co-Principal Investigator</RoleCode>
</Investigator>
<Investigator>
<FirstName>Jennifer</FirstName>
<LastName>Mullis</LastName>
<PI_MID_INIT>P</PI_MID_INIT>
<PI_SUFX_NAME/>
<PI_FULL_NAME>Jennifer P Mullis</PI_FULL_NAME>
<EmailAddress><![CDATA[jennifer.mullis@sfcollege.edu]]></EmailAddress>
<NSF_ID>000844242</NSF_ID>
<StartDate>05/17/2022</StartDate>
<EndDate/>
<RoleCode>Co-Principal Investigator</RoleCode>
</Investigator>
<Institution>
<Name>Santa Fe College</Name>
<CityName>GAINESVILLE</CityName>
<ZipCode>32606</ZipCode>
<PhoneNumber>3523955000</PhoneNumber>
<StreetAddress>3000 NW 83RD STREET, F40</StreetAddress>
<StreetAddress2/>
<CountryName>United States</CountryName>
<StateName>Florida</StateName>
<StateCode>FL</StateCode>
<CONGRESSDISTRICT>06</CONGRESSDISTRICT>
<CONGRESS_DISTRICT_ORG>FL06</CONGRESS_DISTRICT_ORG>
<ORG_UEI_NUM>PES5P928DUM9</ORG_UEI_NUM>
<ORG_LGL_BUS_NAME>SANTA FE COLLEGE</ORG_LGL_BUS_NAME>
<ORG_PRNT_UEI_NUM/>
</Institution>
<Performance_Institution>
<Name><![CDATA[Santa Fe College]]></Name>
<CityName>Gainesville</CityName>
<StateCode>FL</StateCode>
<ZipCode>326016210</ZipCode>
<StreetAddress><![CDATA[401 NW 6th Street]]></StreetAddress>
<CountryCode>US</CountryCode>
<CountryName>United States</CountryName>
<StateName>Florida</StateName>
<CountryFlag>1</CountryFlag>
<CONGRESSDISTRICT>03</CONGRESSDISTRICT>
<CONGRESS_DISTRICT_PERF>FL03</CONGRESS_DISTRICT_PERF>
</Performance_Institution>
<ProgramElement>
<Code>7412</Code>
<Text>Advanced Tech Education Prog</Text>
</ProgramElement>
<ProgramReference>
<Code>1032</Code>
<Text>ADVANCED TECHNOLOGY EDUCATION</Text>
</ProgramReference>
<ProgramReference>
<Code>9178</Code>
<Text>UNDERGRADUATE EDUCATION</Text>
</ProgramReference>
<ProgramReference>
<Code>SMET</Code>
<Text>SCIENCE, MATH, ENG &amp; TECH EDUCATION</Text>
</ProgramReference>
<Appropriation>
<Code/>
<Name/>
<APP_SYMB_ID/>
</Appropriation>
<Fund>
<Code>04002223DB</Code>
<Name><![CDATA[NSF Education & Human Resource]]></Name>
<FUND_SYMB_ID>040106</FUND_SYMB_ID>
</Fund>
<FUND_OBLG>2022~570729</FUND_OBLG>
</Award>
</rootTag>
