<?xml version="1.0" encoding="UTF-8"?>
<rootTag>
<Award>
<AwardTitle><![CDATA[CC* Compute: HPC Services for the Colorado State University System]]></AwardTitle>
<AGENCY>NSF</AGENCY>
<AwardEffectiveDate>04/15/2022</AwardEffectiveDate>
<AwardExpirationDate>03/31/2024</AwardExpirationDate>
<AwardTotalIntnAmount>400000.00</AwardTotalIntnAmount>
<AwardAmount>400000</AwardAmount>
<AwardInstrument>
<Value>Standard Grant</Value>
</AwardInstrument>
<Organization>
<Code>05090000</Code>
<Directorate>
<Abbreviation>CSE</Abbreviation>
<LongName>Direct For Computer &amp; Info Scie &amp; Enginr</LongName>
</Directorate>
<Division>
<Abbreviation>OAC</Abbreviation>
<LongName>Office of Advanced Cyberinfrastructure (OAC)</LongName>
</Division>
</Organization>
<ProgramOfficer>
<SignBlockName>Kevin Thompson</SignBlockName>
<PO_EMAI>kthompso@nsf.gov</PO_EMAI>
<PO_PHON>7032924220</PO_PHON>
</ProgramOfficer>
<AbstractNarration><![CDATA[This project is for the acquisition of High-Performance Computing (HPC) cyberinfrastructure (CI) on behalf of Colorado State University (CSU). The CI includes a 1,344 core HPC system with 28 nodes, and switches/interconnects providing 10+ Gigabits per second access to the new nodes. This upgrade to CSU’s computational capacity is part of the condo cluster within the Alpine HPC system being deployed in stages at the University of Colorado, Boulder (UCB). The long history between CSU and UCB through successful collaboration on the Summit HPC system ensures a seamless transition from Summit to Alpine use for CSU researchers. The HPC/CI complements the outstanding innovation and discovery at the CSU campus, with a principal focus on NSF funded research areas at CSU, such as weather forecasting and modeling climate change, next-gen solar cell design, genome characterization, design of extreme ultraviolet lasers, hardware acceleration for artificial intelligence, and bioinformatics. &lt;br/&gt;&lt;br/&gt;The HPC/CI is accessible to the Rocky Mountain Advanced Computing Consortium (RMACC), which is a regional HPC consortium of academic and research institutions spanning nine states, including under-represented groups in under-served, rural communities. CSU-Pueblo, a Hispanic-serving institution, is a full partner and benefits from this CI. Enhancements to educational offerings at CSU will provide training and promote HPC use among diverse disciplines. CSU is the largest single producer of STEM graduates in Colorado, and HPC components will be integrated into this STEM curricula and K-12 teacher training programs, with an emphasis on inclusion of women and under-represented minorities.&lt;br/&gt;&lt;br/&gt;This award reflects NSF's statutory mission and has been deemed worthy of support through evaluation using the Foundation's intellectual merit and broader impacts review criteria.]]></AbstractNarration>
<MinAmdLetterDate>04/06/2022</MinAmdLetterDate>
<MaxAmdLetterDate>04/06/2022</MaxAmdLetterDate>
<ARRAAmount/>
<TRAN_TYPE>Grant</TRAN_TYPE>
<CFDA_NUM>47.070</CFDA_NUM>
<NSF_PAR_USE_FLAG>1</NSF_PAR_USE_FLAG>
<FUND_AGCY_CODE>4900</FUND_AGCY_CODE>
<AWDG_AGCY_CODE>4900</AWDG_AGCY_CODE>
<AwardID>2201538</AwardID>
<Investigator>
<FirstName>Howard</FirstName>
<LastName>Siegel</LastName>
<PI_MID_INIT>J</PI_MID_INIT>
<PI_SUFX_NAME/>
<PI_FULL_NAME>Howard J Siegel</PI_FULL_NAME>
<EmailAddress><![CDATA[hj@colostate.edu]]></EmailAddress>
<NSF_ID>000160596</NSF_ID>
<StartDate>04/06/2022</StartDate>
<EndDate/>
<RoleCode>Co-Principal Investigator</RoleCode>
</Investigator>
<Investigator>
<FirstName>Shelley</FirstName>
<LastName>Knuth</LastName>
<PI_MID_INIT>L</PI_MID_INIT>
<PI_SUFX_NAME/>
<PI_FULL_NAME>Shelley L Knuth</PI_FULL_NAME>
<EmailAddress><![CDATA[shelley.knuth@colorado.edu]]></EmailAddress>
<NSF_ID>000335438</NSF_ID>
<StartDate>04/06/2022</StartDate>
<EndDate/>
<RoleCode>Co-Principal Investigator</RoleCode>
</Investigator>
<Investigator>
<FirstName>Sudeep</FirstName>
<LastName>Pasricha</LastName>
<PI_MID_INIT/>
<PI_SUFX_NAME/>
<PI_FULL_NAME>Sudeep Pasricha</PI_FULL_NAME>
<EmailAddress><![CDATA[sudeep@colostate.edu]]></EmailAddress>
<NSF_ID>000513584</NSF_ID>
<StartDate>04/06/2022</StartDate>
<EndDate/>
<RoleCode>Principal Investigator</RoleCode>
</Investigator>
<Investigator>
<FirstName>Erin</FirstName>
<LastName>Osborne Nishimura</LastName>
<PI_MID_INIT/>
<PI_SUFX_NAME/>
<PI_FULL_NAME>Erin Osborne Nishimura</PI_FULL_NAME>
<EmailAddress><![CDATA[Erin.Nishimura@colostate.edu]]></EmailAddress>
<NSF_ID>000519687</NSF_ID>
<StartDate>04/06/2022</StartDate>
<EndDate/>
<RoleCode>Co-Principal Investigator</RoleCode>
</Investigator>
<Investigator>
<FirstName>Brandon</FirstName>
<LastName>Bernier</LastName>
<PI_MID_INIT/>
<PI_SUFX_NAME/>
<PI_FULL_NAME>Brandon Bernier</PI_FULL_NAME>
<EmailAddress><![CDATA[brandon.bernier@colostate.edu]]></EmailAddress>
<NSF_ID>000865632</NSF_ID>
<StartDate>04/06/2022</StartDate>
<EndDate/>
<RoleCode>Co-Principal Investigator</RoleCode>
</Investigator>
<Institution>
<Name>Colorado State University</Name>
<CityName>FORT COLLINS</CityName>
<ZipCode>805212807</ZipCode>
<PhoneNumber>9704916355</PhoneNumber>
<StreetAddress>601 S HOWES ST</StreetAddress>
<StreetAddress2/>
<CountryName>United States</CountryName>
<StateName>Colorado</StateName>
<StateCode>CO</StateCode>
<CONGRESSDISTRICT>02</CONGRESSDISTRICT>
<CONGRESS_DISTRICT_ORG>CO02</CONGRESS_DISTRICT_ORG>
<ORG_UEI_NUM>LT9CXX8L19G1</ORG_UEI_NUM>
<ORG_LGL_BUS_NAME>COLORADO STATE UNIVERSITY</ORG_LGL_BUS_NAME>
<ORG_PRNT_UEI_NUM>Q7VRM266G891</ORG_PRNT_UEI_NUM>
</Institution>
<Performance_Institution>
<Name><![CDATA[Colorado State University]]></Name>
<CityName>Fort Collins</CityName>
<StateCode>CO</StateCode>
<ZipCode>805214593</ZipCode>
<StreetAddress><![CDATA[200 W Lake St]]></StreetAddress>
<CountryCode>US</CountryCode>
<CountryName>United States</CountryName>
<StateName>Colorado</StateName>
<CountryFlag>1</CountryFlag>
<CONGRESSDISTRICT>02</CONGRESSDISTRICT>
<CONGRESS_DISTRICT_PERF>CO02</CONGRESS_DISTRICT_PERF>
</Performance_Institution>
<ProgramElement>
<Code>8080</Code>
<Text>Campus Cyberinfrastructure</Text>
</ProgramElement>
<FUND_OBLG>2022~400000</FUND_OBLG>
</Award>
</rootTag>
