<?xml version="1.0" encoding="UTF-8"?>
<rootTag>
<Award>
<AwardTitle>Collaborative Research:  How to trace glacial meltwater in the ocean using ship-portable hydrographic analysis of dissolved neon and krypton</AwardTitle>
<AGENCY>NSF</AGENCY>
<AwardEffectiveDate>10/15/2021</AwardEffectiveDate>
<AwardExpirationDate>03/31/2023</AwardExpirationDate>
<AwardTotalIntnAmount>249987.00</AwardTotalIntnAmount>
<AwardAmount>178406</AwardAmount>
<AwardInstrument>
<Value>Standard Grant</Value>
</AwardInstrument>
<Organization>
<Code>06040100</Code>
<Directorate>
<Abbreviation>GEO</Abbreviation>
<LongName>Directorate For Geosciences</LongName>
</Directorate>
<Division>
<Abbreviation>OCE</Abbreviation>
<LongName>Division Of Ocean Sciences</LongName>
</Division>
</Organization>
<ProgramOfficer>
<SignBlockName>Kandace Binkley</SignBlockName>
<PO_EMAI>kbinkley@nsf.gov</PO_EMAI>
<PO_PHON>7032927577</PO_PHON>
</ProgramOfficer>
<AbstractNarration>This award will build a new instrument to measure meltwater from glaciers in the ocean. Distinguishing glacier melt from sea ice, snow melt, and rain is a difficult but important task because melting glaciers threaten significant and acute consequences, including chronic flooding and sea level rise. The causes and impacts of melting glaciers are a challenge to observe and predict, because they unfold in complex and hard to reach places: beneath miles of ice, under floating ice shelves, and during the coldest times of the year.  The objective of this instrument is to increase oceanographer's capacity to measure and map glacier melt in the ocean by 300-400%, while reducing costs and providing near real-time results. This increase in measurement capacity will permit comparison of regional and seasonal changes in the glacier melt from the ice-covered land masses of Antarctica and Greenland.  The instrument will be field validated in Rhode Island coastal waters, and then it will be used to measure glacier melt near the US Palmer Station on the Antarctic Peninsula. The partnership between the University of Rhode Island and SRI international presents an important public-private partnership that will encourage the use of private-sector technology for open access research, and recruit the future workforce in environmental sensing technology by employing undergraduate ocean engineers, supporting a Masters student in the completion of their degree, and through exhibit models of glacial ice shelves and their interactions with the ocean. &lt;br/&gt; &lt;br/&gt;This award seeks to advance tracing of glacier melt in the ocean by developing a ship-portable "meltwater mass spectrometer" that measures 20Ne, 22Ne, and 184Kr dissolved in water and seawater. This advance is possible thanks to developments in gas purification, but also thanks to a new analytical capacity to measure the mass-to-charge spectrum of neon that we predict will bring new precision to the analysis. Neon is an analyte that has proven difficult to resolve in portable noble gas analyzers. It will dramatically reduce cost and expand our existing sample capacity by eliminating complicated sample storage and the lag time between sample collection in polar regions and subsequent laboratory analysis at home. We further anticipate that it will be straightforward to incorporate the MWMS technology into the SRI International underwater mass spectrometer, enabling future AUV missions to inaccessible regions, such as calving fronts and ice shelf cavities. We will test and refine the MWMS prototype by leveraging RI State funding for ship time on the R/V Endeavor and again during a full field trial in Marguerite Bay as part of the annual Palmer LTER hydrographic expedition aboard the RVIB LM Gould.&lt;br/&gt;&lt;br/&gt;This award reflects NSF's statutory mission and has been deemed worthy of support through evaluation using the Foundation's intellectual merit and broader impacts review criteria.</AbstractNarration>
<MinAmdLetterDate>10/20/2021</MinAmdLetterDate>
<MaxAmdLetterDate>10/20/2021</MaxAmdLetterDate>
<ARRAAmount/>
<TRAN_TYPE>Grant</TRAN_TYPE>
<CFDA_NUM>47.050</CFDA_NUM>
<NSF_PAR_USE_FLAG>1</NSF_PAR_USE_FLAG>
<FUND_AGCY_CODE>4900</FUND_AGCY_CODE>
<AWDG_AGCY_CODE>4900</AWDG_AGCY_CODE>
<AwardID>2201836</AwardID>
<Investigator>
<FirstName>Strawn</FirstName>
<LastName>Toler</LastName>
<PI_MID_INIT/>
<PI_SUFX_NAME/>
<PI_FULL_NAME>Strawn Toler</PI_FULL_NAME>
<EmailAddress>strawn.toler@sri.com</EmailAddress>
<PI_PHON>9417130306</PI_PHON>
<NSF_ID>000537436</NSF_ID>
<StartDate>10/20/2021</StartDate>
<EndDate/>
<RoleCode>Principal Investigator</RoleCode>
</Investigator>
<Institution>
<Name>University of South Florida</Name>
<CityName>TAMPA</CityName>
<ZipCode>336209951</ZipCode>
<PhoneNumber>8139742897</PhoneNumber>
<StreetAddress>4202 E FOWLER AVE</StreetAddress>
<StreetAddress2/>
<CountryName>United States</CountryName>
<StateName>Florida</StateName>
<StateCode>FL</StateCode>
<CONGRESSDISTRICT>14</CONGRESSDISTRICT>
<CONGRESS_DISTRICT_ORG>FL14</CONGRESS_DISTRICT_ORG>
<ORG_UEI_NUM>NKAZLXLL7Z91</ORG_UEI_NUM>
<ORG_LGL_BUS_NAME>UNIVERSITY OF SOUTH FLORIDA</ORG_LGL_BUS_NAME>
<ORG_PRNT_UEI_NUM>NKAZLXLL7Z91</ORG_PRNT_UEI_NUM>
</Institution>
<Performance_Institution>
<Name><![CDATA[University of South Florida]]></Name>
<CityName>St. Petersburg</CityName>
<StateCode>FL</StateCode>
<ZipCode>337015016</ZipCode>
<StreetAddress><![CDATA[140 7th Ave S]]></StreetAddress>
<CountryCode>US</CountryCode>
<CountryName>United States</CountryName>
<StateName>Florida</StateName>
<CountryFlag>1</CountryFlag>
<CONGRESSDISTRICT>13</CONGRESSDISTRICT>
<CONGRESS_DISTRICT_PERF>FL13</CONGRESS_DISTRICT_PERF>
</Performance_Institution>
<ProgramElement>
<Code>1680</Code>
<Text>OCEAN TECH &amp; INTERDISC COORDIN</Text>
</ProgramElement>
<FUND_OBLG>2019~178406</FUND_OBLG>
</Award>
</rootTag>
