<?xml version="1.0" encoding="UTF-8"?>
<rootTag>
<Award>
<AwardTitle>Collaborative Research: Scaffolding middle and high school students’ scientific evaluations of sources and alternative claims in Earth and environmental sciences</AwardTitle>
<AGENCY>NSF</AGENCY>
<AwardEffectiveDate>09/01/2022</AwardEffectiveDate>
<AwardExpirationDate>08/31/2026</AwardExpirationDate>
<AwardTotalIntnAmount>570175.00</AwardTotalIntnAmount>
<AwardAmount>273556</AwardAmount>
<AwardInstrument>
<Value>Continuing Grant</Value>
</AwardInstrument>
<Organization>
<Code>11090000</Code>
<Directorate>
<Abbreviation>EHR</Abbreviation>
<LongName>Direct For Education and Human Resources</LongName>
</Directorate>
<Division>
<Abbreviation>DRL</Abbreviation>
<LongName>Division Of Research On Learning</LongName>
</Division>
</Organization>
<ProgramOfficer>
<SignBlockName>Gavin Fulmer</SignBlockName>
<PO_EMAI>gfulmer@nsf.gov</PO_EMAI>
<PO_PHON>7032925182</PO_PHON>
</ProgramOfficer>
<AbstractNarration>Contemporary scientific and social issues, such as water security or climate change, are often complex and interrelated. This requires reasoned and scientific evaluations to determine appropriate responses. Although reasoned and scientific evaluations may be challenging for students, well-designed instructional materials may facilitate the teaching and learning of contemporary scientific and social issues. Students learning about these socioscientific issues encounter both scientific sources that represent current consensus and understanding as well as everyday information sources that may not be consistent with current science. This project addresses tools to support students in reading and evaluating a variety of sources to compare various claims addressing socioscientific issues. It draws on literacy concepts from science education and social studies to develop and implement scaffolding tools that can support students' understanding of the links among data, evidence, and claims while considering the trustworthiness and plausibility of sources. The project will design and test such instructional scaffolds with the goal of helping middle and high school science and social studies students to deepen their evaluation skills as they make reasoned evaluations as expected of citizens in a functional democratic society.&lt;br/&gt;&lt;br/&gt;The project's fundamental research questions are: (1) What are the features of instructional scaffolds that support middle and high school students to develop more critical source trustworthiness and claim plausibility evaluations? (2) When engaging in these instructional scaffolds, how do students' evaluations relate to their shifts in trustworthiness and plausibility judgments toward justifiable understandings (e.g., based on evidence and reasoning)? (3) How do these evaluations and judgments relate to changes in students’ core disciplinary knowledge of social, civic, and scientific concepts related to socioscientific issues? The project will develop complementary instructional scaffolds to support source and claim evaluation and conduct professional development sessions with pairs of middle and high school science and social studies teachers to enable them to implement these scaffolds in their classrooms effectively. Furthermore, the project team will conduct rigorous classroom-based tests to gauge students' engagement, reasoning, and understanding of the fundamental scientific, social, and civic phenomena underlying these topics. The project team anticipates that these scaffolds will support students' reasoning and deepening understanding of socioscientific phenomena. The Discovery Research preK-12 program (DRK-12) seeks to significantly enhance the learning and teaching of science, technology, engineering and mathematics (STEM) by preK-12 students and teachers, through research and development of innovative resources, models and tools. Projects in the DRK-12 program build on fundamental research in STEM education and prior research and development efforts that provide theoretical and empirical justification for proposed projects.&lt;br/&gt;&lt;br/&gt;This award reflects NSF's statutory mission and has been deemed worthy of support through evaluation using the Foundation's intellectual merit and broader impacts review criteria.</AbstractNarration>
<MinAmdLetterDate>06/01/2022</MinAmdLetterDate>
<MaxAmdLetterDate>06/01/2022</MaxAmdLetterDate>
<ARRAAmount/>
<TRAN_TYPE>Grant</TRAN_TYPE>
<CFDA_NUM>47.076</CFDA_NUM>
<NSF_PAR_USE_FLAG>1</NSF_PAR_USE_FLAG>
<FUND_AGCY_CODE>4900</FUND_AGCY_CODE>
<AWDG_AGCY_CODE>4900</AWDG_AGCY_CODE>
<AwardID>2201015</AwardID>
<Investigator>
<FirstName>Janelle</FirstName>
<LastName>Bailey</LastName>
<PI_MID_INIT>M</PI_MID_INIT>
<PI_SUFX_NAME/>
<PI_FULL_NAME>Janelle M Bailey</PI_FULL_NAME>
<EmailAddress>janelle.bailey@temple.edu</EmailAddress>
<PI_PHON>2152045195</PI_PHON>
<NSF_ID>000290059</NSF_ID>
<StartDate>06/01/2022</StartDate>
<EndDate/>
<RoleCode>Principal Investigator</RoleCode>
</Investigator>
<Institution>
<Name>Temple University</Name>
<CityName>PHILADELPHIA</CityName>
<ZipCode>191226003</ZipCode>
<PhoneNumber>2157077547</PhoneNumber>
<StreetAddress>1801 N BROAD ST</StreetAddress>
<StreetAddress2/>
<CountryName>United States</CountryName>
<StateName>Pennsylvania</StateName>
<StateCode>PA</StateCode>
<CONGRESSDISTRICT>02</CONGRESSDISTRICT>
<CONGRESS_DISTRICT_ORG>PA02</CONGRESS_DISTRICT_ORG>
<ORG_UEI_NUM>QD4MGHFDJKU1</ORG_UEI_NUM>
<ORG_LGL_BUS_NAME>TEMPLE UNIVERSITY-OF THE COMMONWEALTH SYSTEM OF HIGHER EDUCATION</ORG_LGL_BUS_NAME>
<ORG_PRNT_UEI_NUM>QD4MGHFDJKU1</ORG_PRNT_UEI_NUM>
</Institution>
<Performance_Institution>
<Name><![CDATA[Temple University]]></Name>
<CityName>Philadelphia</CityName>
<StateCode>PA</StateCode>
<ZipCode>191226003</ZipCode>
<StreetAddress><![CDATA[1801 N. Broad Street]]></StreetAddress>
<CountryCode>US</CountryCode>
<CountryName>United States</CountryName>
<StateName>Pennsylvania</StateName>
<CountryFlag>1</CountryFlag>
<CONGRESSDISTRICT>02</CONGRESSDISTRICT>
<CONGRESS_DISTRICT_PERF>PA02</CONGRESS_DISTRICT_PERF>
</Performance_Institution>
<ProgramElement>
<Code>7645</Code>
<Text>Discovery Research K-12</Text>
</ProgramElement>
<FUND_OBLG>2022~273556</FUND_OBLG>
</Award>
</rootTag>
