<?xml version="1.0" encoding="UTF-8"?>
<rootTag>
<Award>
<AwardTitle>Intergovernmental Mobility Assignment (10/12/21-10/11/22)</AwardTitle>
<AGENCY>NSF</AGENCY>
<AwardEffectiveDate>10/12/2021</AwardEffectiveDate>
<AwardExpirationDate>10/11/2022</AwardExpirationDate>
<AwardTotalIntnAmount>174848.00</AwardTotalIntnAmount>
<AwardAmount>174848</AwardAmount>
<AwardInstrument>
<Value>Intergovernmental Personnel Award</Value>
</AwardInstrument>
<Organization>
<Code>06040300</Code>
<Directorate>
<Abbreviation>GEO</Abbreviation>
<LongName>Directorate For Geosciences</LongName>
</Directorate>
<Division>
<Abbreviation>OCE</Abbreviation>
<LongName>Division Of Ocean Sciences</LongName>
</Division>
</Organization>
<ProgramOfficer>
<SignBlockName>Henrietta Edmonds</SignBlockName>
<PO_EMAI>hedmonds@nsf.gov</PO_EMAI>
<PO_PHON>7032927427</PO_PHON>
</ProgramOfficer>
<AbstractNarration/>
<MinAmdLetterDate>10/25/2021</MinAmdLetterDate>
<MaxAmdLetterDate>10/25/2021</MaxAmdLetterDate>
<ARRAAmount/>
<TRAN_TYPE>Grant</TRAN_TYPE>
<CFDA_NUM>47.050</CFDA_NUM>
<NSF_PAR_USE_FLAG>1</NSF_PAR_USE_FLAG>
<FUND_AGCY_CODE>4900</FUND_AGCY_CODE>
<AWDG_AGCY_CODE>4900</AWDG_AGCY_CODE>
<AwardID>2201007</AwardID>
<Investigator>
<FirstName>Katsumi</FirstName>
<LastName>Matsumoto</LastName>
<PI_MID_INIT/>
<PI_SUFX_NAME/>
<PI_FULL_NAME>Katsumi Matsumoto</PI_FULL_NAME>
<EmailAddress>katsumi@umn.edu</EmailAddress>
<PI_PHON>6126240275</PI_PHON>
<NSF_ID>000453817</NSF_ID>
<StartDate>10/25/2021</StartDate>
<EndDate/>
<RoleCode>Principal Investigator</RoleCode>
</Investigator>
<Institution>
<Name>University of Minnesota-Twin Cities</Name>
<CityName>MINNEAPOLIS</CityName>
<ZipCode>554552009</ZipCode>
<PhoneNumber>6126245599</PhoneNumber>
<StreetAddress>200 OAK ST SE # 224</StreetAddress>
<StreetAddress2/>
<CountryName>United States</CountryName>
<StateName>Minnesota</StateName>
<StateCode>MN</StateCode>
<CONGRESSDISTRICT>05</CONGRESSDISTRICT>
<CONGRESS_DISTRICT_ORG>MN05</CONGRESS_DISTRICT_ORG>
<ORG_UEI_NUM>KABJZBBJ4B54</ORG_UEI_NUM>
<ORG_LGL_BUS_NAME>REGENTS OF THE UNIVERSITY OF MINNESOTA</ORG_LGL_BUS_NAME>
<ORG_PRNT_UEI_NUM>CB47L9C9MDX1</ORG_PRNT_UEI_NUM>
</Institution>
<Performance_Institution>
<Name/>
<CityName/>
<StateCode/>
<ZipCode/>
<StreetAddress/>
<CountryCode/>
<CountryName>RI REQUIRED</CountryName>
<StateName>RI REQUIRED</StateName>
<CountryFlag>0</CountryFlag>
<CONGRESSDISTRICT/>
<CONGRESS_DISTRICT_PERF>""</CONGRESS_DISTRICT_PERF>
</Performance_Institution>
<ProgramElement>
<Code>9199</Code>
<Text>Unallocated Program Costs</Text>
</ProgramElement>
<FUND_OBLG>2022~174848</FUND_OBLG>
</Award>
</rootTag>
