<?xml version="1.0" encoding="UTF-8"?>
<rootTag>
<Award>
<AwardTitle><![CDATA[Collaborative Research: Empowering Educators to Create Customized, Culturally-Responsive Instructional Materials from Scratch Encore Harmonized with the Interest of Students]]></AwardTitle>
<AGENCY>NSF</AGENCY>
<AwardEffectiveDate>07/01/2022</AwardEffectiveDate>
<AwardExpirationDate>06/30/2026</AwardExpirationDate>
<AwardTotalIntnAmount>662386.00</AwardTotalIntnAmount>
<AwardAmount>284175</AwardAmount>
<AwardInstrument>
<Value>Continuing Grant</Value>
</AwardInstrument>
<Organization>
<Code>11090000</Code>
<Directorate>
<Abbreviation>EHR</Abbreviation>
<LongName>Direct For Education and Human Resources</LongName>
</Directorate>
<Division>
<Abbreviation>DRL</Abbreviation>
<LongName>Division Of Research On Learning</LongName>
</Division>
</Organization>
<ProgramOfficer>
<SignBlockName>Michael Ford</SignBlockName>
<PO_EMAI>miford@nsf.gov</PO_EMAI>
<PO_PHON>7032925153</PO_PHON>
</ProgramOfficer>
<AbstractNarration><![CDATA[Research shows that instruction is more effective when content is situated in contexts familiar to learners. This project builds on a successful introductory computer science curriculum, called Scratch Encore, to explore ways to support teachers in bringing together - or harmonizing - existing Scratch Encore instructional materials with themes that reflect the interests, cultures, and experiences of their students, schools, and communities. In designing these harmonized lessons, teachers create customized activities that resonate with their students while retaining the structure and content of the original Scratch Encore lesson. To understand the impact of teaching and learning with such harmonized materials, the project is conducting a classroom study with partnering schools. This project is broadening participation in computing both by working directly with teachers from schools with high numbers of students from populations historically underrepresented in computing and by providing teachers with tools to more effectively teach diverse populations. In doing so, this work advances our understanding of the kinds of tools and training that are needed to support teachers in designing personalized computer science instructional materials.&lt;br/&gt;&lt;br/&gt;This project is conducting foundational research that pursues two goals: (1) understanding how to support teachers in creating localized, culturally responsive computer science instructional materials and (2) understanding the effects of those materials on students. To inform the design of the professional development materials and customized curriculum development materials, participatory design sessions are managed by experienced teachers and the materials are being iteratively revised as part of a multi-year study. To understand the impact of the use of localized, culturally responsive materials in the classroom, a mixed-methods study collects data from classrooms where teacher-created culturally responsive lessons are taught. This work is focused on two geographically distinct regions. Subsequently, the study enrolls a national cohort of teachers to participate in the professional development sessions to understand how culturally responsive designs differ across more regions. Finally, wide dissemination is supported through a platform for teachers to share and use the customized, culturally responsive Scratch Encore materials that are developed. The Discovery Research preK-12 program (DRK-12) seeks to significantly enhance the learning and teaching of science, technology, engineering and mathematics (STEM) by preK-12 students and teachers, through research and development of innovative resources, models and tools. Projects in the DRK-12 program build on fundamental research in STEM education and prior research and development efforts that provide theoretical and empirical justification for proposed projects.&lt;br/&gt;&lt;br/&gt;This award reflects NSF's statutory mission and has been deemed worthy of support through evaluation using the Foundation's intellectual merit and broader impacts review criteria.]]></AbstractNarration>
<MinAmdLetterDate>06/15/2022</MinAmdLetterDate>
<MaxAmdLetterDate>06/15/2022</MaxAmdLetterDate>
<ARRAAmount/>
<TRAN_TYPE>Grant</TRAN_TYPE>
<CFDA_NUM>47.076</CFDA_NUM>
<NSF_PAR_USE_FLAG>1</NSF_PAR_USE_FLAG>
<FUND_AGCY_CODE>4900</FUND_AGCY_CODE>
<AWDG_AGCY_CODE>4900</AWDG_AGCY_CODE>
<AwardID>2201313</AwardID>
<Investigator>
<FirstName>Diana</FirstName>
<LastName>Franklin</LastName>
<PI_MID_INIT/>
<PI_SUFX_NAME/>
<PI_FULL_NAME>Diana Franklin</PI_FULL_NAME>
<EmailAddress><![CDATA[dmfranklin@uchicago.edu]]></EmailAddress>
<NSF_ID>000444531</NSF_ID>
<StartDate>06/15/2022</StartDate>
<EndDate/>
<RoleCode>Principal Investigator</RoleCode>
</Investigator>
<Institution>
<Name>University of Chicago</Name>
<CityName>CHICAGO</CityName>
<ZipCode>606375418</ZipCode>
<PhoneNumber>7737028669</PhoneNumber>
<StreetAddress>5801 S ELLIS AVE</StreetAddress>
<StreetAddress2/>
<CountryName>United States</CountryName>
<StateName>Illinois</StateName>
<StateCode>IL</StateCode>
<CONGRESSDISTRICT>01</CONGRESSDISTRICT>
<CONGRESS_DISTRICT_ORG>IL01</CONGRESS_DISTRICT_ORG>
<ORG_UEI_NUM>ZUE9HKT2CLC9</ORG_UEI_NUM>
<ORG_LGL_BUS_NAME>UNIVERSITY OF CHICAGO, THE</ORG_LGL_BUS_NAME>
<ORG_PRNT_UEI_NUM>ZUE9HKT2CLC9</ORG_PRNT_UEI_NUM>
</Institution>
<Performance_Institution>
<Name><![CDATA[University of Chicago]]></Name>
<CityName>Chicago</CityName>
<StateCode>IL</StateCode>
<ZipCode>606372612</ZipCode>
<StreetAddress><![CDATA[6054 South Drexel Avenue]]></StreetAddress>
<CountryCode>US</CountryCode>
<CountryName>United States</CountryName>
<StateName>Illinois</StateName>
<CountryFlag>1</CountryFlag>
<CONGRESSDISTRICT>01</CONGRESSDISTRICT>
<CONGRESS_DISTRICT_PERF>IL01</CONGRESS_DISTRICT_PERF>
</Performance_Institution>
<ProgramElement>
<Code>134Y</Code>
<Text>CSforAll-Computer Sci for All</Text>
</ProgramElement>
<ProgramElement>
<Code>7645</Code>
<Text>Discovery Research K-12</Text>
</ProgramElement>
<ProgramReference>
<Code>023Z</Code>
<Text>Computer Science for All (CS for All)</Text>
</ProgramReference>
<ProgramReference>
<Code>8817</Code>
<Text>STEM Learning &amp; Learning Environments</Text>
</ProgramReference>
<FUND_OBLG>2022~284175</FUND_OBLG>
</Award>
</rootTag>
