<?xml version="1.0" encoding="UTF-8"?>
<rootTag>
<Award>
<AwardTitle>AGS-PRF: A Theoretical Framework to Investigate the Madden Julian Oscillation-Quasi Biennial Oscillation (MJO-QBO) Relationship--Upward Wave Radiation and Thin-Cirrus Feedbacks</AwardTitle>
<AGENCY>NSF</AGENCY>
<AwardEffectiveDate>08/01/2022</AwardEffectiveDate>
<AwardExpirationDate>07/31/2024</AwardExpirationDate>
<AwardTotalIntnAmount>190000.00</AwardTotalIntnAmount>
<AwardAmount>190000</AwardAmount>
<AwardInstrument>
<Value>Fellowship Award</Value>
</AwardInstrument>
<Organization>
<Code>06020106</Code>
<Directorate>
<Abbreviation>GEO</Abbreviation>
<LongName>Directorate For Geosciences</LongName>
</Directorate>
<Division>
<Abbreviation>AGS</Abbreviation>
<LongName>Div Atmospheric &amp; Geospace Sciences</LongName>
</Division>
</Organization>
<ProgramOfficer>
<SignBlockName>Eric DeWeaver</SignBlockName>
<PO_EMAI>edeweave@nsf.gov</PO_EMAI>
<PO_PHON>7032928527</PO_PHON>
</ProgramOfficer>
<AbstractNarration>The largest weather pattern in the world is the Madden-Julian Oscillation (MJO), an area of enhanced cloudiness and rainfall that forms over the equatorial Indian Ocean and propagates eastward over the course of a month or two.  The MJO has worldwide impacts, modulating the number of hurricanes that form in the Gulf of Mexico, the rainy seasons of Asia, Australia, Africa, and the Americas, and the formation of the atmospheric rivers that cause flooding along the US West Coast.&lt;br/&gt; &lt;br/&gt;One issue that has gained prominence in recent years is how the MJO is influenced by the winds in the stratosphere above it.  In the tropics the stratospheric wind blow from east to west or vice versa, changing direction over the course of about two years.  The wind reversal starts at the top and descends in a progression known as the Quasi-Biennial Oscillation (QBO).  Observations since 1980 show that the MJO is more robust in the easterly phase of the QBO (when the wind in the lower stratosphere is from the east) than in the westerly phase, a relationship which holds during the northern winter.  The MJO is also more predictable in the easterly phase, thus the modulation of the MJO by the QBO has implications for subseasonal prediction.&lt;br/&gt;&lt;br/&gt;Work performed here seeks to understand why the MJO is sensitive to the phase of the QBO.  Two possibilities are explored, the first being that the MJO is damped by the upward propagation of wave energy into the stratosphere. The work is an extension of earlier research by the Principal Investigator (PI) showing how the energy of convectively coupled equatorial waves can be lost through upward propagation.  The second possibility is that the wind of the QBO influences the cirrus clouds that form at the tropopause level above convection in the MJO.  Cirrus clouds are effective at trapping outgoing longwave radiation, and their radiative effect is thought to be important for creating the large areas of convective clouds found in the MJO.  The QBO could affect the cirrus clouds either directly, as the QBO wind moves the clouds in one direction or the other, or indirectly through modulating the rising motions that favor cirrus clouds.  The research is conducted through the development of an idealized theoretical model that captures the hypothesized effects and through simulations using a state-of-the art atmospheric model, the System for Atmospheric Modeling (SAM).&lt;br/&gt;&lt;br/&gt;The work has societal value due to the worldwide weather and climate effects of the MJO. The modulation of the MJO by the QBO has clear implications for subseasonal prediction, as noted above, but the reasons for the modulation are not known and the extent to which it can be harnessed for better predictions is difficult to assess.  In addition, the Principal Investigator serves as a mentor to undergraduate and graduate students and participates in outreach activities such as the Lamont Open House.&lt;br/&gt;&lt;br/&gt;This award reflects NSF's statutory mission and has been deemed worthy of support through evaluation using the Foundation's intellectual merit and broader impacts review criteria.</AbstractNarration>
<MinAmdLetterDate>04/13/2022</MinAmdLetterDate>
<MaxAmdLetterDate>04/13/2022</MaxAmdLetterDate>
<ARRAAmount/>
<TRAN_TYPE>Grant</TRAN_TYPE>
<CFDA_NUM>47.050</CFDA_NUM>
<NSF_PAR_USE_FLAG>1</NSF_PAR_USE_FLAG>
<FUND_AGCY_CODE>4900</FUND_AGCY_CODE>
<AWDG_AGCY_CODE>4900</AWDG_AGCY_CODE>
<AwardID>2201441</AwardID>
<Investigator>
<FirstName>Jonathan</FirstName>
<LastName>Lin</LastName>
<PI_MID_INIT/>
<PI_SUFX_NAME/>
<PI_FULL_NAME>Jonathan Lin</PI_FULL_NAME>
<EmailAddress/>
<PI_PHON>9082399451</PI_PHON>
<NSF_ID>000863530</NSF_ID>
<StartDate>04/13/2022</StartDate>
<EndDate/>
<RoleCode>Principal Investigator</RoleCode>
</Investigator>
<Institution>
<Name>Lin, Jonathan</Name>
<CityName>Cambridge</CityName>
<ZipCode>02139</ZipCode>
<PhoneNumber/>
<StreetAddress/>
<StreetAddress2/>
<CountryName>United States</CountryName>
<StateName>Massachusetts</StateName>
<StateCode>MA</StateCode>
<CONGRESSDISTRICT>08</CONGRESSDISTRICT>
<CONGRESS_DISTRICT_ORG>MA08</CONGRESS_DISTRICT_ORG>
<ORG_UEI_NUM/>
<ORG_LGL_BUS_NAME/>
<ORG_PRNT_UEI_NUM/>
</Institution>
<Performance_Institution>
<Name><![CDATA[Columbia University]]></Name>
<CityName>New York</CityName>
<StateCode>NY</StateCode>
<ZipCode>100270001</ZipCode>
<StreetAddress/>
<CountryCode>US</CountryCode>
<CountryName>United States</CountryName>
<StateName>New York</StateName>
<CountryFlag>1</CountryFlag>
<CONGRESSDISTRICT>13</CONGRESSDISTRICT>
<CONGRESS_DISTRICT_PERF>NY13</CONGRESS_DISTRICT_PERF>
</Performance_Institution>
<ProgramElement>
<Code>7137</Code>
<Text>Postdoctoral Fellowships</Text>
</ProgramElement>
<ProgramReference>
<Code>102Z</Code>
<Text>COVID-Disproportionate Impcts Inst-Indiv</Text>
</ProgramReference>
<ProgramReference>
<Code>5740</Code>
<Text>CLIMATE &amp; LARGE-SCALE DYNAMICS</Text>
</ProgramReference>
<ProgramReference>
<Code>7137</Code>
<Text>POSTDOCTORAL FELLOWSHIPS</Text>
</ProgramReference>
<FUND_OBLG>2022~190000</FUND_OBLG>
</Award>
</rootTag>
