<?xml version="1.0" encoding="UTF-8"?>
<rootTag>
<Award>
<AwardTitle><![CDATA[Accel-Net Implementation: Accel-Net Implementation for Quantum Materials]]></AwardTitle>
<AGENCY>NSF</AGENCY>
<AwardEffectiveDate>07/01/2022</AwardEffectiveDate>
<AwardExpirationDate>06/30/2026</AwardExpirationDate>
<AwardTotalIntnAmount>2000000.00</AwardTotalIntnAmount>
<AwardAmount>2000000</AwardAmount>
<AwardInstrument>
<Value>Standard Grant</Value>
</AwardInstrument>
<Organization>
<Code>01090000</Code>
<Directorate>
<Abbreviation>O/D</Abbreviation>
<LongName>Office Of The Director</LongName>
</Directorate>
<Division>
<Abbreviation>OISE</Abbreviation>
<LongName>Office Of Internatl Science &amp;Engineering</LongName>
</Division>
</Organization>
<ProgramOfficer>
<SignBlockName>Paul Raterron</SignBlockName>
<PO_EMAI>praterro@nsf.gov</PO_EMAI>
<PO_PHON>7032928565</PO_PHON>
</ProgramOfficer>
<AbstractNarration><![CDATA[Research in quantum mechanics - the physics of matter at the atomic scale – fosters the discovery of new materials with extraordinary properties.  The new classes of "quantum materials" have functionalities of great interest to society. They fuel the next generation of quantum technologies. New high-temperature superconductors are used for the energy transmission and the development of ultra-powerful magnets. New metal and semiconductors allow for new kinds of electronics, sustainable energy storage, and the next generation of computers.  The discovery of these materials requires a new phase of exploration of the periodic table of elements. This is a challenging task because the parameter space of materials with complex chemistry is vast; and materials with the desired properties lie hidden in far corners of this space.  This project brings together ten networks of experimental, computational, and theoretical scientists from across the globe. The researchers combine their expertise and knowledge to address this challenge. Working together, they can explore a much larger parameter space. By sharing knowhow while avoiding duplication, they accelerate the quest for new quantum materials. This Project also promotes the training of a new generation of scientists with broader, practical materials-discovery oriented research.&lt;br/&gt;&lt;br/&gt;The AccelNet teams bring together quantum-material communities from across the globe to synergistically work on new families of materials. They seek to explore, along new tracts of the periodic table, the deep links between materials phenomena, quantum entanglement, topology, and emergence. This AccelNet network of networks includes complimentary networks from the USA, Canada, the UK, Japan, and the European Union. Advances in the science of quantum materials are driven by progress in synthesis and characterization techniques and the discovery of new families of superconductors, insulators, strange metals, and quantum criticality. Yet, the field is hindered by a lack of coordination, which results in a tendency to cluster around the same subset of materials. This project is organized along three parallel tracks: (i) a synthesis track, (ii) a spectroscopy track, and (iii) an extreme conditions track. International collaborative teams work on synthesizing new quantum materials.  They study them by a variety of spectroscopic tools. They subject them to extreme conditions such as high pressures or magnetic fields. This new level of cooperation accelerates discoveries in the field and leads to a materials database of successes and failures, a roadmap for future research. This project is funded by the Office of International Science and Engineering (OISE).&lt;br/&gt;&lt;br/&gt;This award reflects NSF's statutory mission and has been deemed worthy of support through evaluation using the Foundation's intellectual merit and broader impacts review criteria.]]></AbstractNarration>
<MinAmdLetterDate>06/27/2022</MinAmdLetterDate>
<MaxAmdLetterDate>06/27/2022</MaxAmdLetterDate>
<ARRAAmount/>
<TRAN_TYPE>Grant</TRAN_TYPE>
<CFDA_NUM>47.079</CFDA_NUM>
<NSF_PAR_USE_FLAG>1</NSF_PAR_USE_FLAG>
<FUND_AGCY_CODE>4900</FUND_AGCY_CODE>
<AWDG_AGCY_CODE>4900</AWDG_AGCY_CODE>
<AwardID>2201516</AwardID>
<Investigator>
<FirstName>Piers</FirstName>
<LastName>Coleman</LastName>
<PI_MID_INIT/>
<PI_SUFX_NAME/>
<PI_FULL_NAME>Piers Coleman</PI_FULL_NAME>
<EmailAddress><![CDATA[coleman@physics.rutgers.edu]]></EmailAddress>
<NSF_ID>000201134</NSF_ID>
<StartDate>06/27/2022</StartDate>
<EndDate/>
<RoleCode>Co-Principal Investigator</RoleCode>
</Investigator>
<Investigator>
<FirstName>Rajiv</FirstName>
<LastName>Singh</LastName>
<PI_MID_INIT>R</PI_MID_INIT>
<PI_SUFX_NAME/>
<PI_FULL_NAME>Rajiv R Singh</PI_FULL_NAME>
<EmailAddress><![CDATA[singh@physics.ucdavis.edu]]></EmailAddress>
<NSF_ID>000156526</NSF_ID>
<StartDate>06/27/2022</StartDate>
<EndDate/>
<RoleCode>Principal Investigator</RoleCode>
</Investigator>
<Investigator>
<FirstName>Laura</FirstName>
<LastName>Greene</LastName>
<PI_MID_INIT>H</PI_MID_INIT>
<PI_SUFX_NAME/>
<PI_FULL_NAME>Laura H Greene</PI_FULL_NAME>
<EmailAddress><![CDATA[lhgreene@magnet.fsu.edu]]></EmailAddress>
<NSF_ID>000283381</NSF_ID>
<StartDate>06/27/2022</StartDate>
<EndDate/>
<RoleCode>Co-Principal Investigator</RoleCode>
</Investigator>
<Investigator>
<FirstName>Vidya</FirstName>
<LastName>Madhavan</LastName>
<PI_MID_INIT/>
<PI_SUFX_NAME/>
<PI_FULL_NAME>Vidya Madhavan</PI_FULL_NAME>
<EmailAddress><![CDATA[vm1@illinois.edu]]></EmailAddress>
<NSF_ID>000105655</NSF_ID>
<StartDate>06/27/2022</StartDate>
<EndDate/>
<RoleCode>Co-Principal Investigator</RoleCode>
</Investigator>
<Investigator>
<FirstName>Johnpierre</FirstName>
<LastName>Paglione</LastName>
<PI_MID_INIT/>
<PI_SUFX_NAME/>
<PI_FULL_NAME>Johnpierre Paglione</PI_FULL_NAME>
<EmailAddress><![CDATA[paglione@umd.edu]]></EmailAddress>
<NSF_ID>000509111</NSF_ID>
<StartDate>06/27/2022</StartDate>
<EndDate/>
<RoleCode>Co-Principal Investigator</RoleCode>
</Investigator>
<Institution>
<Name>University of California-Davis</Name>
<CityName>DAVIS</CityName>
<ZipCode>956186153</ZipCode>
<PhoneNumber>5307547700</PhoneNumber>
<StreetAddress>1850 RESEARCH PARK DR, STE 300</StreetAddress>
<StreetAddress2/>
<CountryName>United States</CountryName>
<StateName>California</StateName>
<StateCode>CA</StateCode>
<CONGRESSDISTRICT>03</CONGRESSDISTRICT>
<CONGRESS_DISTRICT_ORG>CA03</CONGRESS_DISTRICT_ORG>
<ORG_UEI_NUM>TX2DAGQPENZ5</ORG_UEI_NUM>
<ORG_LGL_BUS_NAME>UNIVERSITY OF CALIFORNIA, DAVIS</ORG_LGL_BUS_NAME>
<ORG_PRNT_UEI_NUM>NUDGYLBB4S99</ORG_PRNT_UEI_NUM>
</Institution>
<Performance_Institution>
<Name><![CDATA[University of California, Davis]]></Name>
<CityName>Davis</CityName>
<StateCode>CA</StateCode>
<ZipCode>956165270</ZipCode>
<StreetAddress><![CDATA[One Shields Avenue]]></StreetAddress>
<CountryCode>US</CountryCode>
<CountryName>United States</CountryName>
<StateName>California</StateName>
<CountryFlag>1</CountryFlag>
<CONGRESSDISTRICT>03</CONGRESSDISTRICT>
<CONGRESS_DISTRICT_PERF>CA03</CONGRESS_DISTRICT_PERF>
</Performance_Institution>
<ProgramElement>
<Code>069Y</Code>
<Text>AccelNet - Accelerating Resear</Text>
</ProgramElement>
<ProgramReference>
<Code>5921</Code>
<Text>JAPAN</Text>
</ProgramReference>
<ProgramReference>
<Code>5936</Code>
<Text>GERMANY (F.R.G.)</Text>
</ProgramReference>
<ProgramReference>
<Code>7561</Code>
<Text>CANADA</Text>
</ProgramReference>
<Appropriation>
<Code/>
<Name/>
<APP_SYMB_ID/>
</Appropriation>
<Fund>
<Code>01002223DB</Code>
<Name><![CDATA[NSF RESEARCH & RELATED ACTIVIT]]></Name>
<FUND_SYMB_ID>040100</FUND_SYMB_ID>
</Fund>
<FUND_OBLG>2022~2000000</FUND_OBLG>
</Award>
</rootTag>
