<?xml version="1.0" encoding="UTF-8"?>
<rootTag>
<Award>
<AwardTitle><![CDATA[AccelNet-Design: Connecting Sustainable Consumption and Production for Systems of Value-Retention (The Value Retention Exchange Network-of-Networks - VR(Ex)Change)]]></AwardTitle>
<AGENCY>NSF</AGENCY>
<AwardEffectiveDate>01/01/2023</AwardEffectiveDate>
<AwardExpirationDate>12/31/2024</AwardExpirationDate>
<AwardTotalIntnAmount>250000.00</AwardTotalIntnAmount>
<AwardAmount>250000</AwardAmount>
<AwardInstrument>
<Value>Standard Grant</Value>
</AwardInstrument>
<Organization>
<Code>01090000</Code>
<Directorate>
<Abbreviation>O/D</Abbreviation>
<LongName>Office Of The Director</LongName>
</Directorate>
<Division>
<Abbreviation>OISE</Abbreviation>
<LongName>Office Of Internatl Science &amp;Engineering</LongName>
</Division>
</Organization>
<ProgramOfficer>
<SignBlockName>Karen Lips</SignBlockName>
<PO_EMAI>klips@nsf.gov</PO_EMAI>
<PO_PHON>7032925133</PO_PHON>
</ProgramOfficer>
<AbstractNarration><![CDATA[The COVID-19 pandemic has exposed vulnerabilities in global supply-chains and in the production of manufactured goods, with social and environmental impacts. Through collaborations that explore practices to increase connections among sustainable consumption, sustainable production, and sustainable development, the VR(Ex)Change Network increases efficiency and sustainability of global manufacturing and supply chains. This highly interactive network offers early-career fora, teaching incubators, webinar series, training and leadership opportunities, to engage diverse, underrepresented, and early-career individuals from around the world. Diverse perspectives, from across different regions, fields, and sectors inform opportunities for applied research and collaboration. The VR(Ex)Change enhances the competitiveness of U.S. researchers and professionals within the global sustainability and circular economy transformation. &lt;br/&gt;&lt;br/&gt;The VR(Ex)Change Network produces research and analysis to support viable and sustainable human communities, and tackles questions of resource scarcity, environmental degradation, and human well-being. Members utilize scenario analysis, case studies, landscape studies, and other methods to investigate key themes: (1) Universal Development, Livelihoods, and Resilient Communities; (2) Moving from Circular Economy to Circular Society; (3) Digital Technology to Enable Sufficiency; (4) Design and Cultural Change as Drivers of Secure Lifestyle; and (5) Future of Work and the Role of Consumption. The collaboration provides a solutions-focused, stakeholder-driven approach that produces research and applications from a unified approach to studying sustainable consumption and production.  Using a systems-approach focused on mutuality and higher-order learning, the team produces outputs that include a strategic roadmap for transformative integration of production and consumption that facilitates future development of the network.&lt;br/&gt;&lt;br/&gt;The Accelerating Research through International Network-to-Network Collaborations (AccelNet) program is designed to accelerate the process of scientific discovery and prepare the next generation of U.S. researchers for multiteam international collaborations. The AccelNet program supports strategic linkages among U.S. research networks and complementary networks abroad that will leverage research and educational resources to tackle grand scientific challenges that require significant coordinated international efforts. This project is funded by the Office of International Science and Engineering (OISE).&lt;br/&gt;&lt;br/&gt;This award reflects NSF's statutory mission and has been deemed worthy of support through evaluation using the Foundation's intellectual merit and broader impacts review criteria.]]></AbstractNarration>
<MinAmdLetterDate>06/23/2022</MinAmdLetterDate>
<MaxAmdLetterDate>06/23/2022</MaxAmdLetterDate>
<ARRAAmount/>
<TRAN_TYPE>Grant</TRAN_TYPE>
<CFDA_NUM>47.079</CFDA_NUM>
<NSF_PAR_USE_FLAG>1</NSF_PAR_USE_FLAG>
<FUND_AGCY_CODE>4900</FUND_AGCY_CODE>
<AWDG_AGCY_CODE>4900</AWDG_AGCY_CODE>
<AwardID>2201546</AwardID>
<Investigator>
<FirstName>Maurie</FirstName>
<LastName>Cohen</LastName>
<PI_MID_INIT>J</PI_MID_INIT>
<PI_SUFX_NAME/>
<PI_FULL_NAME>Maurie J Cohen</PI_FULL_NAME>
<EmailAddress><![CDATA[mcohen@njit.edu]]></EmailAddress>
<NSF_ID>000199550</NSF_ID>
<StartDate>06/23/2022</StartDate>
<EndDate/>
<RoleCode>Co-Principal Investigator</RoleCode>
</Investigator>
<Investigator>
<FirstName>William</FirstName>
<LastName>Hopkins</LastName>
<PI_MID_INIT/>
<PI_SUFX_NAME/>
<PI_FULL_NAME>William Hopkins</PI_FULL_NAME>
<EmailAddress><![CDATA[hopkinsw@vt.edu]]></EmailAddress>
<NSF_ID>000258087</NSF_ID>
<StartDate>06/23/2022</StartDate>
<EndDate/>
<RoleCode>Co-Principal Investigator</RoleCode>
</Investigator>
<Investigator>
<FirstName>Judit</FirstName>
<LastName>Ungvari</LastName>
<PI_MID_INIT/>
<PI_SUFX_NAME/>
<PI_FULL_NAME>Judit Ungvari</PI_FULL_NAME>
<EmailAddress><![CDATA[jungvari@gmu.edu]]></EmailAddress>
<NSF_ID>000765368</NSF_ID>
<StartDate>06/23/2022</StartDate>
<EndDate/>
<RoleCode>Co-Principal Investigator</RoleCode>
</Investigator>
<Investigator>
<FirstName>Jennifer</FirstName>
<LastName>Russell</LastName>
<PI_MID_INIT>D</PI_MID_INIT>
<PI_SUFX_NAME/>
<PI_FULL_NAME>Jennifer D Russell</PI_FULL_NAME>
<EmailAddress><![CDATA[jdrussell@vt.edu]]></EmailAddress>
<NSF_ID>000845081</NSF_ID>
<StartDate>06/23/2022</StartDate>
<EndDate/>
<RoleCode>Principal Investigator</RoleCode>
</Investigator>
<Investigator>
<FirstName>Saurabh</FirstName>
<LastName>Mishra</LastName>
<PI_MID_INIT/>
<PI_SUFX_NAME/>
<PI_FULL_NAME>Saurabh Mishra</PI_FULL_NAME>
<EmailAddress><![CDATA[smishra8@gmu.edu]]></EmailAddress>
<NSF_ID>000863976</NSF_ID>
<StartDate>06/23/2022</StartDate>
<EndDate/>
<RoleCode>Co-Principal Investigator</RoleCode>
</Investigator>
<Institution>
<Name>Virginia Polytechnic Institute and State University</Name>
<CityName>BLACKSBURG</CityName>
<ZipCode>240616100</ZipCode>
<PhoneNumber>5402315281</PhoneNumber>
<StreetAddress>300 TURNER ST NW STE 4200</StreetAddress>
<StreetAddress2/>
<CountryName>United States</CountryName>
<StateName>Virginia</StateName>
<StateCode>VA</StateCode>
<CONGRESSDISTRICT>09</CONGRESSDISTRICT>
<CONGRESS_DISTRICT_ORG>VA09</CONGRESS_DISTRICT_ORG>
<ORG_UEI_NUM>QDE5UHE5XD16</ORG_UEI_NUM>
<ORG_LGL_BUS_NAME>VIRGINIA POLYTECHNIC INSTITUTE AND STATE UNIVERSITY</ORG_LGL_BUS_NAME>
<ORG_PRNT_UEI_NUM>QDE5UHE5XD16</ORG_PRNT_UEI_NUM>
</Institution>
<Performance_Institution>
<Name><![CDATA[Virginia Polytechnic Institute and State University]]></Name>
<CityName>BLACKSBURG</CityName>
<StateCode>VA</StateCode>
<ZipCode>240610001</ZipCode>
<StreetAddress><![CDATA[Sponsored Programs 0170]]></StreetAddress>
<CountryCode>US</CountryCode>
<CountryName>United States</CountryName>
<StateName>Virginia</StateName>
<CountryFlag>1</CountryFlag>
<CONGRESSDISTRICT>09</CONGRESSDISTRICT>
<CONGRESS_DISTRICT_PERF>VA09</CONGRESS_DISTRICT_PERF>
</Performance_Institution>
<ProgramElement>
<Code>069Y</Code>
<Text>AccelNet - Accelerating Resear</Text>
</ProgramElement>
<ProgramReference>
<Code>5921</Code>
<Text>JAPAN</Text>
</ProgramReference>
<ProgramReference>
<Code>5946</Code>
<Text>UNITED KINGDOM</Text>
</ProgramReference>
<Appropriation>
<Code/>
<Name/>
<APP_SYMB_ID/>
</Appropriation>
<Fund>
<Code>01002223DB</Code>
<Name><![CDATA[NSF RESEARCH & RELATED ACTIVIT]]></Name>
<FUND_SYMB_ID>040100</FUND_SYMB_ID>
</Fund>
<FUND_OBLG>2022~250000</FUND_OBLG>
</Award>
</rootTag>
