<?xml version="1.0" encoding="UTF-8"?>
<rootTag>
<Award>
<AwardTitle>CC* Compute: OneOklahoma Cyberinfrastructure Initiative Research Accelerator for Machine Learning (OneOCII-RAML)</AwardTitle>
<AGENCY>NSF</AGENCY>
<AwardEffectiveDate>06/01/2022</AwardEffectiveDate>
<AwardExpirationDate>05/31/2024</AwardExpirationDate>
<AwardTotalIntnAmount>400000.00</AwardTotalIntnAmount>
<AwardAmount>400000</AwardAmount>
<AwardInstrument>
<Value>Standard Grant</Value>
</AwardInstrument>
<Organization>
<Code>05090000</Code>
<Directorate>
<Abbreviation>CSE</Abbreviation>
<LongName>Direct For Computer &amp; Info Scie &amp; Enginr</LongName>
</Directorate>
<Division>
<Abbreviation>OAC</Abbreviation>
<LongName>Office of Advanced Cyberinfrastructure (OAC)</LongName>
</Division>
</Organization>
<ProgramOfficer>
<SignBlockName>Kevin Thompson</SignBlockName>
<PO_EMAI>kthompso@nsf.gov</PO_EMAI>
<PO_PHON>7032924220</PO_PHON>
</ProgramOfficer>
<AbstractNarration>This award is funded in whole or in part under the American Rescue Plan Act of 2021 (Public Law 117-2).&lt;br/&gt;&lt;br/&gt;In this project, the University of Oklahoma (OU) aims to acquire a GPU powered Artificial Intelligence/Machine Learning HPC resource, “OneOklahoma Cyberinfrastructure Initiative Research Accelerator for Machine Learning (OneOCII-RAML)”. OneOCII-RAML is a 7 node cluster, with each node configured with an NVIDIA HGX A100 4-GPU (28 A100 GPUs total). The system will directly support several active research projects, educational programming to grow the use of AI/ML in research beyond Computer Science disciplines, and would be a state-wide resource via the OneOklahoma Friction Free Network (OFFN). OneOCII-RAML would be integrated with an in-progress supercomputer deployment at OU. OneOCII-RAML's role is to accelerate Oklahoma's strategic research in many STEM disciplines, including: trustworthy AI in weather, climate and coastal oceanography; the ATLAS high energy physics collaboration; smoking cessation; bioinformatics and medical physics imaging; human brain signals; mobile network design; reservoir rock typing; natural language processing; and quasar feedback.&lt;br/&gt;&lt;br/&gt;This University of Oklahoma (OU) project focuses on acquiring, deploying and maintaining a large scale Artificial Intelligence/Machine Learning (AI/ML) computer system -- the OneOklahoma Cyberinfrastructure Initiative Research Accelerator for Machine Learning (OneOCII-RAML). The computer system will enable researchers (undergraduates, graduate students, postdocs, staff, faculty) at OU and non-commercial institutions across Oklahoma to pursue AI/ML-based research and education via Graphics Processing Units (GPUs). OneOCII-RAML's hardware platform is a set of GPU server computers with NVIDIA Ampere Next GPUs, integrated into OSCER's new supercomputer. The project will also teach researchers how to use GPUs for AI/ML. OSCER's Research Computing Facilitators will be the mechanism for working one-on-one with each research team on how to use these GPUs. Eighteen research teams have been identified that are already using GPUs for AI/ML and fifty-one research teams aspire to do so. A rapidly growing portfolio of transformative Science, Technology, Engineering &amp; Mathematics (STEM) research is based on AI/ML calculations, which increasingly depend on accelerators such as GPUs for reducing time-to-science. The project makes a strong case for science-driven needs for this GPU-based addition to OU compute resources with high probability of use and impact throughout the state.&lt;br/&gt;&lt;br/&gt;This project is funded through the collaborative efforts of the Office of Advanced Cyberinfrastructure (OAC) and the Established Program to Stimulate Competitive Research (EPSCoR).&lt;br/&gt;&lt;br/&gt;This award reflects NSF's statutory mission and has been deemed worthy of support through evaluation using the Foundation's intellectual merit and broader impacts review criteria.</AbstractNarration>
<MinAmdLetterDate>05/17/2022</MinAmdLetterDate>
<MaxAmdLetterDate>05/17/2022</MaxAmdLetterDate>
<ARRAAmount/>
<TRAN_TYPE>Grant</TRAN_TYPE>
<CFDA_NUM>47.083</CFDA_NUM>
<NSF_PAR_USE_FLAG>1</NSF_PAR_USE_FLAG>
<FUND_AGCY_CODE>4900</FUND_AGCY_CODE>
<AWDG_AGCY_CODE>4900</AWDG_AGCY_CODE>
<AwardID>2201561</AwardID>
<Investigator>
<FirstName>David</FirstName>
<LastName>Ebert</LastName>
<PI_MID_INIT>S</PI_MID_INIT>
<PI_SUFX_NAME/>
<PI_FULL_NAME>David S Ebert</PI_FULL_NAME>
<EmailAddress>ebert@ou.edu</EmailAddress>
<PI_PHON>4053254338</PI_PHON>
<NSF_ID>000280883</NSF_ID>
<StartDate>05/17/2022</StartDate>
<EndDate/>
<RoleCode>Co-Principal Investigator</RoleCode>
</Investigator>
<Investigator>
<FirstName>Andrew</FirstName>
<LastName>Fagg</LastName>
<PI_MID_INIT>H</PI_MID_INIT>
<PI_SUFX_NAME/>
<PI_FULL_NAME>Andrew H Fagg</PI_FULL_NAME>
<EmailAddress>fagg@cs.ou.edu</EmailAddress>
<PI_PHON>4053258606</PI_PHON>
<NSF_ID>000445754</NSF_ID>
<StartDate>05/17/2022</StartDate>
<EndDate/>
<RoleCode>Co-Principal Investigator</RoleCode>
</Investigator>
<Investigator>
<FirstName>Henry</FirstName>
<LastName>Neeman</LastName>
<PI_MID_INIT>J</PI_MID_INIT>
<PI_SUFX_NAME/>
<PI_FULL_NAME>Henry J Neeman</PI_FULL_NAME>
<EmailAddress>hneeman@ou.edu</EmailAddress>
<PI_PHON>4053255386</PI_PHON>
<NSF_ID>000184133</NSF_ID>
<StartDate>05/17/2022</StartDate>
<EndDate/>
<RoleCode>Principal Investigator</RoleCode>
</Investigator>
<Investigator>
<FirstName>Amy</FirstName>
<LastName>McGovern</LastName>
<PI_MID_INIT/>
<PI_SUFX_NAME/>
<PI_FULL_NAME>Amy McGovern</PI_FULL_NAME>
<EmailAddress>amcgovern@ou.edu</EmailAddress>
<PI_PHON>4053255427</PI_PHON>
<NSF_ID>000210991</NSF_ID>
<StartDate>05/17/2022</StartDate>
<EndDate/>
<RoleCode>Co-Principal Investigator</RoleCode>
</Investigator>
<Institution>
<Name>University of Oklahoma Norman Campus</Name>
<CityName>NORMAN</CityName>
<ZipCode>730194039</ZipCode>
<PhoneNumber>4053254757</PhoneNumber>
<StreetAddress>1000 ASP AVE RM 105</StreetAddress>
<StreetAddress2/>
<CountryName>United States</CountryName>
<StateName>Oklahoma</StateName>
<StateCode>OK</StateCode>
<CONGRESSDISTRICT>04</CONGRESSDISTRICT>
<CONGRESS_DISTRICT_ORG>OK04</CONGRESS_DISTRICT_ORG>
<ORG_UEI_NUM>EVTSTTLCEWS5</ORG_UEI_NUM>
<ORG_LGL_BUS_NAME>UNIVERSITY OF OKLAHOMA</ORG_LGL_BUS_NAME>
<ORG_PRNT_UEI_NUM>Y74NRF365E33</ORG_PRNT_UEI_NUM>
</Institution>
<Performance_Institution>
<Name><![CDATA[University of Oklahoma Norman Campus]]></Name>
<CityName>NORMAN</CityName>
<StateCode>OK</StateCode>
<ZipCode>730199705</ZipCode>
<StreetAddress><![CDATA[201 Stephenson Parkway]]></StreetAddress>
<CountryCode>US</CountryCode>
<CountryName>United States</CountryName>
<StateName>Oklahoma</StateName>
<CountryFlag>1</CountryFlag>
<CONGRESSDISTRICT>04</CONGRESSDISTRICT>
<CONGRESS_DISTRICT_PERF>OK04</CONGRESS_DISTRICT_PERF>
</Performance_Institution>
<ProgramElement>
<Code>9150</Code>
<Text>EPSCoR Co-Funding</Text>
</ProgramElement>
<ProgramReference>
<Code>9150</Code>
<Text>EXP PROG TO STIM COMP RES</Text>
</ProgramReference>
<FUND_OBLG>2022~400000</FUND_OBLG>
</Award>
</rootTag>
