<?xml version="1.0" encoding="UTF-8"?>
<rootTag>
<Award>
<AwardTitle>Ballistic Energy Transport in Molecules</AwardTitle>
<AGENCY>NSF</AGENCY>
<AwardEffectiveDate>08/01/2022</AwardEffectiveDate>
<AwardExpirationDate>07/31/2025</AwardExpirationDate>
<AwardTotalIntnAmount>450000.00</AwardTotalIntnAmount>
<AwardAmount>450000</AwardAmount>
<AwardInstrument>
<Value>Standard Grant</Value>
</AwardInstrument>
<Organization>
<Code>03090000</Code>
<Directorate>
<Abbreviation>MPS</Abbreviation>
<LongName>Direct For Mathematical &amp; Physical Scien</LongName>
</Directorate>
<Division>
<Abbreviation>CHE</Abbreviation>
<LongName>Division Of Chemistry</LongName>
</Division>
</Organization>
<ProgramOfficer>
<SignBlockName>Christopher Elles</SignBlockName>
<PO_EMAI>celles@nsf.gov</PO_EMAI>
<PO_PHON>7032927911</PO_PHON>
</ProgramOfficer>
<AbstractNarration>With support from the Chemical Structure, Dynamics, and Mechanisms-A (CSDM-A) Program in the Division of Chemistry, a research team led by Professors Igor Rubtsov and Alexander Burin at Tulane University will investigate ballistic energy transport, a process that is responsible for unusually rapid and efficient movement of energy in molecules. Energy, in the form of heat, typically flows through materials through a process called thermal diffusion. However, Professor Rubtsov and his research team previously identified systems where energy deposited in one end of a molecule is rapidly transferred through the molecular backbone to distant locations. This project examines the underlying details of this anomalous transport of energy. A deeper understanding of ballistic energy transport may help scientists design new materials with improved thermal conductivity properties where the direction, speed, and efficiency of energy transport are controlled. The project also provides interdisciplinary training for graduate and undergraduate students engaged in the research, as well as opportunities for middle school students from underrepresented groups to participate in educational activities that promote chemistry. &lt;br/&gt;&lt;br/&gt;The team will use ultrafast dual-frequency two-dimensional infrared spectroscopy methods in the laboratory and will implement first-principle theoretical modeling to elucidate the efficiency, speed, and mechanisms of energy transport in a range of oligomeric chains, potentially providing access to a large library of molecular systems that demonstrate efficient energy transport. The aim of the proposed research is to understand the chemical and physical origins of the processes of formation, propagation, and detection of the vibrational wavepackets, which represent compact bundles of energy. One focus of the program is to access regimes of efficient wavepacket initiation in longer molecular chains and to explore a variety of conditions for implementing such regimes. Another focus is to investigate how electronic conjugation in oligomeric chains affects the wavepacket initiation, transport speed, and transport efficiency and to explore the ability of altering the energy transport speed and efficiency by changing the degree of the electronic conjugation by external stimuli. These studies target the development of design principles for efficient energy transporters and energy transport switches. The broader impacts of the project include advanced student training, research opportunities for students from groups that are underrepresented in science, and additional educational outreach activities for middle school students.&lt;br/&gt;&lt;br/&gt;This award reflects NSF's statutory mission and has been deemed worthy of support through evaluation using the Foundation's intellectual merit and broader impacts review criteria.</AbstractNarration>
<MinAmdLetterDate>04/06/2022</MinAmdLetterDate>
<MaxAmdLetterDate>04/06/2022</MaxAmdLetterDate>
<ARRAAmount/>
<TRAN_TYPE>Grant</TRAN_TYPE>
<CFDA_NUM>47.049</CFDA_NUM>
<NSF_PAR_USE_FLAG>1</NSF_PAR_USE_FLAG>
<FUND_AGCY_CODE>4900</FUND_AGCY_CODE>
<AWDG_AGCY_CODE>4900</AWDG_AGCY_CODE>
<AwardID>2201027</AwardID>
<Investigator>
<FirstName>Alexander</FirstName>
<LastName>Burin</LastName>
<PI_MID_INIT>L</PI_MID_INIT>
<PI_SUFX_NAME/>
<PI_FULL_NAME>Alexander L Burin</PI_FULL_NAME>
<EmailAddress>aburin@tulane.edu</EmailAddress>
<PI_PHON>5048623574</PI_PHON>
<NSF_ID>000188989</NSF_ID>
<StartDate>04/06/2022</StartDate>
<EndDate/>
<RoleCode>Co-Principal Investigator</RoleCode>
</Investigator>
<Investigator>
<FirstName>Igor</FirstName>
<LastName>Rubtsov</LastName>
<PI_MID_INIT>V</PI_MID_INIT>
<PI_SUFX_NAME/>
<PI_FULL_NAME>Igor V Rubtsov</PI_FULL_NAME>
<EmailAddress>irubtsov@tulane.edu</EmailAddress>
<PI_PHON>5048628943</PI_PHON>
<NSF_ID>000224657</NSF_ID>
<StartDate>04/06/2022</StartDate>
<EndDate/>
<RoleCode>Principal Investigator</RoleCode>
</Investigator>
<Institution>
<Name>Tulane University</Name>
<CityName>NEW ORLEANS</CityName>
<ZipCode>701185665</ZipCode>
<PhoneNumber>5048654000</PhoneNumber>
<StreetAddress>6823 SAINT CHARLES AVE</StreetAddress>
<StreetAddress2/>
<CountryName>United States</CountryName>
<StateName>Louisiana</StateName>
<StateCode>LA</StateCode>
<CONGRESSDISTRICT>01</CONGRESSDISTRICT>
<CONGRESS_DISTRICT_ORG>LA01</CONGRESS_DISTRICT_ORG>
<ORG_UEI_NUM>XNY5ULPU8EN6</ORG_UEI_NUM>
<ORG_LGL_BUS_NAME>ADMINISTRATORS OF THE TULANE EDUCATIONAL FUND, THE</ORG_LGL_BUS_NAME>
<ORG_PRNT_UEI_NUM>XNY5ULPU8EN6</ORG_PRNT_UEI_NUM>
</Institution>
<Performance_Institution>
<Name><![CDATA[Tulane University]]></Name>
<CityName>New Orleans</CityName>
<StateCode>LA</StateCode>
<ZipCode>701185698</ZipCode>
<StreetAddress><![CDATA[6823 St Charles Avenue]]></StreetAddress>
<CountryCode>US</CountryCode>
<CountryName>United States</CountryName>
<StateName>Louisiana</StateName>
<CountryFlag>1</CountryFlag>
<CONGRESSDISTRICT>01</CONGRESSDISTRICT>
<CONGRESS_DISTRICT_PERF>LA01</CONGRESS_DISTRICT_PERF>
</Performance_Institution>
<ProgramElement>
<Code>9101</Code>
<Text>Chem Struct,Dynmcs&amp;Mechansms A</Text>
</ProgramElement>
<ProgramReference>
<Code>7237</Code>
<Text>NANO NON-SOLIC SCI &amp; ENG AWD</Text>
</ProgramReference>
<ProgramReference>
<Code>9150</Code>
<Text>EXP PROG TO STIM COMP RES</Text>
</ProgramReference>
<FUND_OBLG>2022~450000</FUND_OBLG>
</Award>
</rootTag>
