<?xml version="1.0" encoding="UTF-8"?>
<rootTag>
<Award>
<AwardTitle>Expanding Educational Opportunities for Secondary and Post-Secondary Educators and Students in the Technology and Applications of Unmanned Aircraft Systems</AwardTitle>
<AGENCY>NSF</AGENCY>
<AwardEffectiveDate>07/01/2022</AwardEffectiveDate>
<AwardExpirationDate>06/30/2025</AwardExpirationDate>
<AwardTotalIntnAmount>649956.00</AwardTotalIntnAmount>
<AwardAmount>649956</AwardAmount>
<AwardInstrument>
<Value>Standard Grant</Value>
</AwardInstrument>
<Organization>
<Code>11040100</Code>
<Directorate>
<Abbreviation>EHR</Abbreviation>
<LongName>Direct For Education and Human Resources</LongName>
</Directorate>
<Division>
<Abbreviation>DUE</Abbreviation>
<LongName>Division Of Undergraduate Education</LongName>
</Division>
</Organization>
<ProgramOfficer>
<SignBlockName>Keith Sverdrup</SignBlockName>
<PO_EMAI>ksverdru@nsf.gov</PO_EMAI>
<PO_PHON>7032924671</PO_PHON>
</ProgramOfficer>
<AbstractNarration>Labor market studies of the Unmanned Aircraft System (UAS) or “Drones” industry indicate that UAS is now a significant driver of job and economic growth in many regions across the nation. The UAS industry is well established in the San Diego region thanks to major employers in the industry as well as numerous other small to medium sized businesses. The outlook in the region is growing as the use of UAS across a variety of disciplines is increasing. Yet despite the high demand in the market, the skills gap is rising leaving drone service providers and related organizations scrambling to fill drone-related positions. This project will address the needs of an ever-expanding industry by providing both secondary and post-secondary educators and students with a variety of educational opportunities, such as: 1) Up-to-date and relevant work-based curriculum; 2) Articulation agreements between partnering secondary and post-secondary institutions; 3) Professional development workshops in UAS applications and operations; and 4) Summer high school academies specifically designed to inform and excite students (many of whom are from traditionally underserved and underrepresented communities) about UAS applications, educational opportunities, and career pathways. A unique element of the summer academies is the inclusion of students from the Pacific Islands, providing an opportunity for students from San Diego County and the Pacific Islands to become culturally connected, learn from one another, work together with different global perspectives to solve problems, and potentially make life-long connections with someone from a different part of the world. The project team includes college faculty, secondary school partners, educational consultants, and industry professionals. This project will provide relevant curriculum and educational opportunities for both secondary and post-secondary students, better preparing them to become skilled and thoughtful members of the UAS workforce.&lt;br/&gt;&lt;br/&gt;The mission of this project is to strengthen the educational opportunities and career pathways in drone technology and applications for secondary and post-secondary students so that they can succeed as employees or entrepreneurs in the ever-expanding UAS field.  To meet the mission, three goals will be implemented, each with a set of objectives, activities, and deliverables: 1) Curriculum: In consultation with industry and education partners, the project team will: a) Create industry-aligned work-based learning projects; b) Develop and offer an advanced course in drone photography and videography; c) Create a set of engineering learning modules (in manufacturing, maintenance, and customization) to be offered in existing introductory engineering courses which will then be added to the list of program electives. 2) Professional Development: UAS are being used across a variety of disciplines, therefore it is important that secondary and post-secondary educators in those disciplines have hands-on, professional development opportunities in UAS applications so that they can share this information with their students. As part of the 2-day workshops, participants will create curriculum that will be vetted and placed on the National Center for Autonomous Technologies (NCAT) resource repository. 3) Secondary Education: In order to link high school learning experiences to college and careers, the project will do the following activities: a) Partner high school UAS curriculum will be cross-walked and modified where needed in order to articulate it to the college curriculum. The articulated course will create an academic pipeline for students, as the course will go toward the completion of the Southwestern College Drone Technology and Applications Certificate. b) The project will host hybrid summer drone academies for students in San Diego County and the Pacific Islands. At the academies, students will receive real-time instruction on flight training, data collection/processing, autonomous flight coding, and collaborative problem solving. The project evaluation will include formative feedback throughout the 3-year project along with annual evaluation reports that will assess progress towards achieving the goals and objectives. A summative evaluation at the end of the project will examine the effectiveness of strategies and provide an overall assessment of how well the project has met its goals. To maximize impact, the best practices and resulting content of the project will be documented and disseminated in publications, at various conferences, and on NCAT. This project is funded by the Advanced Technological Education program that focuses on the education of technicians for the advanced-technology fields that drive the nation's economy.&lt;br/&gt;&lt;br/&gt;This award reflects NSF's statutory mission and has been deemed worthy of support through evaluation using the Foundation's intellectual merit and broader impacts review criteria.</AbstractNarration>
<MinAmdLetterDate>03/08/2022</MinAmdLetterDate>
<MaxAmdLetterDate>03/08/2022</MaxAmdLetterDate>
<ARRAAmount/>
<TRAN_TYPE>Grant</TRAN_TYPE>
<CFDA_NUM>47.076</CFDA_NUM>
<NSF_PAR_USE_FLAG>1</NSF_PAR_USE_FLAG>
<FUND_AGCY_CODE>4900</FUND_AGCY_CODE>
<AWDG_AGCY_CODE>4900</AWDG_AGCY_CODE>
<AwardID>2201214</AwardID>
<Investigator>
<FirstName>Ken</FirstName>
<LastName>Yanow</LastName>
<PI_MID_INIT/>
<PI_SUFX_NAME/>
<PI_FULL_NAME>Ken Yanow</PI_FULL_NAME>
<EmailAddress>kyanow@swccd.edu</EmailAddress>
<PI_PHON>6194216700</PI_PHON>
<NSF_ID>000452554</NSF_ID>
<StartDate>03/08/2022</StartDate>
<EndDate/>
<RoleCode>Principal Investigator</RoleCode>
</Investigator>
<Investigator>
<FirstName>Wing</FirstName>
<LastName>Cheung</LastName>
<PI_MID_INIT/>
<PI_SUFX_NAME/>
<PI_FULL_NAME>Wing Cheung</PI_FULL_NAME>
<EmailAddress>wcheung@palomar.edu</EmailAddress>
<PI_PHON>7607441150</PI_PHON>
<NSF_ID>000543149</NSF_ID>
<StartDate>03/08/2022</StartDate>
<EndDate/>
<RoleCode>Co-Principal Investigator</RoleCode>
</Investigator>
<Investigator>
<FirstName>Matthew</FirstName>
<LastName>Truitt</LastName>
<PI_MID_INIT>M</PI_MID_INIT>
<PI_SUFX_NAME/>
<PI_FULL_NAME>Matthew M Truitt</PI_FULL_NAME>
<EmailAddress>mtruitt@swccd.edu</EmailAddress>
<PI_PHON>6194216700</PI_PHON>
<NSF_ID>000865309</NSF_ID>
<StartDate>03/08/2022</StartDate>
<EndDate/>
<RoleCode>Co-Principal Investigator</RoleCode>
</Investigator>
<Institution>
<Name>Southwestern College</Name>
<CityName>CHULA VISTA</CityName>
<ZipCode>919107223</ZipCode>
<PhoneNumber>6194826344</PhoneNumber>
<StreetAddress>900 OTAY LAKES RD</StreetAddress>
<StreetAddress2/>
<CountryName>United States</CountryName>
<StateName>California</StateName>
<StateCode>CA</StateCode>
<CONGRESSDISTRICT>53</CONGRESSDISTRICT>
<CONGRESS_DISTRICT_ORG>CA53</CONGRESS_DISTRICT_ORG>
<ORG_UEI_NUM>WFRGD7JMPAD3</ORG_UEI_NUM>
<ORG_LGL_BUS_NAME>SOUTHWESTERN COMMUNITY COLLEGE DISTRICT</ORG_LGL_BUS_NAME>
<ORG_PRNT_UEI_NUM>WFRGD7JMPAD3</ORG_PRNT_UEI_NUM>
</Institution>
<Performance_Institution>
<Name><![CDATA[Southwestern College]]></Name>
<CityName>Chula Vista</CityName>
<StateCode>CA</StateCode>
<ZipCode>919107299</ZipCode>
<StreetAddress><![CDATA[900 Otay Lakes Road]]></StreetAddress>
<CountryCode>US</CountryCode>
<CountryName>United States</CountryName>
<StateName>California</StateName>
<CountryFlag>1</CountryFlag>
<CONGRESSDISTRICT>53</CONGRESSDISTRICT>
<CONGRESS_DISTRICT_PERF>CA53</CONGRESS_DISTRICT_PERF>
</Performance_Institution>
<ProgramElement>
<Code>7412</Code>
<Text>Advanced Tech Education Prog</Text>
</ProgramElement>
<ProgramReference>
<Code>1032</Code>
<Text>ADVANCED TECHNOLOGY EDUCATION</Text>
</ProgramReference>
<ProgramReference>
<Code>9178</Code>
<Text>UNDERGRADUATE EDUCATION</Text>
</ProgramReference>
<ProgramReference>
<Code>SMET</Code>
<Text>SCIENCE, MATH, ENG &amp; TECH EDUCATION</Text>
</ProgramReference>
<FUND_OBLG>2022~649956</FUND_OBLG>
</Award>
</rootTag>
