<?xml version="1.0" encoding="UTF-8"?>
<rootTag>
<Award>
<AwardTitle><![CDATA[CC* Compute: Augmenting a 2,560-core EPYC2 Computational Cluster with GPUs for AI, Machine Learning, and other GPU-Accelerated HPC Applications]]></AwardTitle>
<AGENCY>NSF</AGENCY>
<AwardEffectiveDate>05/01/2022</AwardEffectiveDate>
<AwardExpirationDate>04/30/2024</AwardExpirationDate>
<AwardTotalIntnAmount>399868.00</AwardTotalIntnAmount>
<AwardAmount>415868</AwardAmount>
<AwardInstrument>
<Value>Standard Grant</Value>
</AwardInstrument>
<Organization>
<Code>05090000</Code>
<Directorate>
<Abbreviation>CSE</Abbreviation>
<LongName>Direct For Computer &amp; Info Scie &amp; Enginr</LongName>
</Directorate>
<Division>
<Abbreviation>OAC</Abbreviation>
<LongName>Office of Advanced Cyberinfrastructure (OAC)</LongName>
</Division>
</Organization>
<ProgramOfficer>
<SignBlockName>Kevin Thompson</SignBlockName>
<PO_EMAI>kthompso@nsf.gov</PO_EMAI>
<PO_PHON>7032924220</PO_PHON>
</ProgramOfficer>
<AbstractNarration><![CDATA[This project augments an existing computing cluster at the University of Tennessee Chattanooga (UTC) with 36 NVIDIA A100 80GB Graphical Processing Units (GPUs) for 18 of the existing servers. This upgrade provides over a threefold increase in performance for those computers on many workloads, and even higher speed improvement for certain computational areas, such as artificial intelligence problems. GPUs are the best way, at present, to achieve extremely high computational performance cost-effectively on today's servers, workstations, and desktop systems. Adding GPUs to the existing servers is a straightforward upgrade process.  The upgrade enables 13 science drivers, or subprojects, spanning a range of domains and specialties, including researchers at UTC and among collaborating institutions nationwide. Undergraduate and graduate students benefit from using the upgraded computing faculty implemented through this project. &lt;br/&gt;&lt;br/&gt;The 13 science drivers pursued in this project support current funded and unfunded research in addition to teaching activities for both undergraduate and graduate students. Also, external collaborators at the University of Alabama, University of New Mexico, and Worcester Polytechnic Institute will utilize a significant fraction of this scalable computing resource, usually in collaboration with UTC researchers. Expected users include the more than 40 computational science PhD students at UTC, plus postdocs, Masters students, and undergraduate researchers. The science-driver projects complement existing uses of the cluster while emphasizing GPU-accelerated research and creative activities, which are specifically enabled by the GPU upgrade supported by this funding. These science drivers include: Data-driven Methods for Predictive Intention Models for Drivers and Pedestrians; Above Ground Carbon Sequestration Using GIS and Remote Sensing for Chattanooga; Portable Performance Optimizations for Irregular Communication; Identifying Metabolites from the Data of Tandem Mass Spectrometry; and Molecular Dynamics Simulations of Active Filaments.&lt;br/&gt;&lt;br/&gt;This award reflects NSF's statutory mission and has been deemed worthy of support through evaluation using the Foundation's intellectual merit and broader impacts review criteria.]]></AbstractNarration>
<MinAmdLetterDate>04/11/2022</MinAmdLetterDate>
<MaxAmdLetterDate>06/15/2022</MaxAmdLetterDate>
<ARRAAmount/>
<TRAN_TYPE>Grant</TRAN_TYPE>
<CFDA_NUM>47.070</CFDA_NUM>
<NSF_PAR_USE_FLAG>1</NSF_PAR_USE_FLAG>
<FUND_AGCY_CODE>4900</FUND_AGCY_CODE>
<AWDG_AGCY_CODE>4900</AWDG_AGCY_CODE>
<AwardID>2201497</AwardID>
<Investigator>
<FirstName>Anthony</FirstName>
<LastName>Skjellum</LastName>
<PI_MID_INIT/>
<PI_SUFX_NAME/>
<PI_FULL_NAME>Anthony Skjellum</PI_FULL_NAME>
<EmailAddress><![CDATA[tony-skjellum@utc.edu]]></EmailAddress>
<NSF_ID>000446874</NSF_ID>
<StartDate>04/11/2022</StartDate>
<EndDate/>
<RoleCode>Principal Investigator</RoleCode>
</Investigator>
<Investigator>
<FirstName>Kidambi</FirstName>
<LastName>Sreenivas</LastName>
<PI_MID_INIT/>
<PI_SUFX_NAME/>
<PI_FULL_NAME>Kidambi Sreenivas</PI_FULL_NAME>
<EmailAddress><![CDATA[Kidambi-Sreenivas@utc.edu]]></EmailAddress>
<NSF_ID>000497683</NSF_ID>
<StartDate>04/11/2022</StartDate>
<EndDate/>
<RoleCode>Co-Principal Investigator</RoleCode>
</Investigator>
<Investigator>
<FirstName>Farah</FirstName>
<LastName>Kandah</LastName>
<PI_MID_INIT/>
<PI_SUFX_NAME/>
<PI_FULL_NAME>Farah Kandah</PI_FULL_NAME>
<EmailAddress><![CDATA[Farah-Kandah@utc.edu]]></EmailAddress>
<NSF_ID>000641835</NSF_ID>
<StartDate>04/11/2022</StartDate>
<EndDate/>
<RoleCode>Co-Principal Investigator</RoleCode>
</Investigator>
<Investigator>
<FirstName>Eleni</FirstName>
<LastName>Panagiotou</LastName>
<PI_MID_INIT/>
<PI_SUFX_NAME/>
<PI_FULL_NAME>Eleni Panagiotou</PI_FULL_NAME>
<EmailAddress><![CDATA[eleni-panagiotou@utc.edu]]></EmailAddress>
<NSF_ID>000673984</NSF_ID>
<StartDate>04/11/2022</StartDate>
<EndDate/>
<RoleCode>Co-Principal Investigator</RoleCode>
</Investigator>
<Investigator>
<FirstName>Yingfeng</FirstName>
<LastName>Wang</LastName>
<PI_MID_INIT/>
<PI_SUFX_NAME/>
<PI_FULL_NAME>Yingfeng Wang</PI_FULL_NAME>
<EmailAddress><![CDATA[yingfeng-wang@utc.edu]]></EmailAddress>
<NSF_ID>000709176</NSF_ID>
<StartDate>04/11/2022</StartDate>
<EndDate/>
<RoleCode>Co-Principal Investigator</RoleCode>
</Investigator>
<Institution>
<Name>University of Tennessee Chattanooga</Name>
<CityName>CHATTANOOGA</CityName>
<ZipCode>374032504</ZipCode>
<PhoneNumber>4234254431</PhoneNumber>
<StreetAddress>615 MCCALLIE AVE</StreetAddress>
<StreetAddress2/>
<CountryName>United States</CountryName>
<StateName>Tennessee</StateName>
<StateCode>TN</StateCode>
<CONGRESSDISTRICT>03</CONGRESSDISTRICT>
<CONGRESS_DISTRICT_ORG>TN03</CONGRESS_DISTRICT_ORG>
<ORG_UEI_NUM>JNZFHMGJN7M3</ORG_UEI_NUM>
<ORG_LGL_BUS_NAME>UNIVERSITY OF TENNESSEE</ORG_LGL_BUS_NAME>
<ORG_PRNT_UEI_NUM>FN2YCS2YAUW3</ORG_PRNT_UEI_NUM>
</Institution>
<Performance_Institution>
<Name><![CDATA[University of Tennessee Chattanooga]]></Name>
<CityName>Chattanooga</CityName>
<StateCode>TN</StateCode>
<ZipCode>374032504</ZipCode>
<StreetAddress><![CDATA[615 McCallie Avenue]]></StreetAddress>
<CountryCode>US</CountryCode>
<CountryName>United States</CountryName>
<StateName>Tennessee</StateName>
<CountryFlag>1</CountryFlag>
<CONGRESSDISTRICT>03</CONGRESSDISTRICT>
<CONGRESS_DISTRICT_PERF>TN03</CONGRESS_DISTRICT_PERF>
</Performance_Institution>
<ProgramElement>
<Code>8080</Code>
<Text>Campus Cyberinfrastructure</Text>
</ProgramElement>
<ProgramReference>
<Code>9251</Code>
<Text>REU SUPP-Res Exp for Ugrd Supp</Text>
</ProgramReference>
<FUND_OBLG>2022~415868</FUND_OBLG>
</Award>
</rootTag>
