<?xml version="1.0" encoding="UTF-8"?>
<rootTag>
<Award>
<AwardTitle><![CDATA[AccelNet-Implementation: US-Africa Sustainable Food Systems through Water-Energy- Food Nexus Networking (SustainFood)]]></AwardTitle>
<AGENCY>NSF</AGENCY>
<AwardEffectiveDate>07/01/2022</AwardEffectiveDate>
<AwardExpirationDate>06/30/2027</AwardExpirationDate>
<AwardTotalIntnAmount>2000000.00</AwardTotalIntnAmount>
<AwardAmount>2000000</AwardAmount>
<AwardInstrument>
<Value>Standard Grant</Value>
</AwardInstrument>
<Organization>
<Code>01090000</Code>
<Directorate>
<Abbreviation>O/D</Abbreviation>
<LongName>Office Of The Director</LongName>
</Directorate>
<Division>
<Abbreviation>OISE</Abbreviation>
<LongName>Office Of Internatl Science &amp;Engineering</LongName>
</Division>
</Organization>
<ProgramOfficer>
<SignBlockName>Karen Lips</SignBlockName>
<PO_EMAI>klips@nsf.gov</PO_EMAI>
<PO_PHON>7032925133</PO_PHON>
</ProgramOfficer>
<AbstractNarration><![CDATA[Global change is driving changes in agricultural systems around the world. Food production requires sustainable practices in the use of water and energy under pressure of growing populations and accelerating climate change. The SustainFood network synthesizes research on issues of sustainable and equitable food systems, renewable energy transitions, and water governance in Africa to safeguard ecosystems so that they are resilient to weather extremes and political instability. The network links scientists, communities, and policymakers to research challenges at the nexus of water, energy, and food (WEF) security. These dynamics are critical for US interests in relation to scientific innovation, sustainability, and human and environmental security. This network addresses the need to improve agricultural yields while maintaining environmental integrity and supporting social equity. These collaborations investigate climate-change impacts on food production, processing, distribution, and use. The SustainFood network links research and teaching institutions, policy and practice NGOs, government, and civil-society participants to develop solutions that address food insecurity challenges across Africa with relevance for the US and elsewhere. The network contributes to science and expands knowledge on urban landscapes as areas of food production to promote food security through socially and environmentally sustainable practices.&lt;br/&gt;&lt;br/&gt;The SustainFood network identifies challenges and develops solutions by promoting: 1) systems-level understanding of sustainable water, energy, and food security; 2) increased STEM participation of underrepresented groups in identifying solutions; and 3) advancing science-to-policy impacts. The network uses the nexus of interactions among food, energy, and water security as the framework for sustainable food systems.  It develops integrated modeling and tradeoff analysis, fills data gaps, and engages with decision-makers to address rising food insecurity. The group supports bidirectional student exchanges between the US and Africa and works with small and independent farmers, communities, and public and private service providers to share new practices with global stakeholders. The data science tools, scientific understanding of WEF systems, and evidence-based policy engagement emerging from this team’s work in the US and across African countries contribute to use-inspired research, policy uptake, and social impact. With regionally focused research and policy solutions, Africa can achieve WEF resilience through better planning that sustainably fosters well-being at home, in the US, and globally.&lt;br/&gt;&lt;br/&gt;The Accelerating Research through International Network-to-Network Collaborations (AccelNet) program is designed to accelerate the process of scientific discovery and prepare the next generation of U.S. researchers for multiteam international collaborations. The AccelNet program supports strategic linkages among U.S. research networks and complementary networks abroad that will leverage research and educational resources to tackle grand scientific challenges that require significant coordinated international efforts. This project is funded by the Office of International Science and Engineering (OISE).&lt;br/&gt;&lt;br/&gt;This award reflects NSF's statutory mission and has been deemed worthy of support through evaluation using the Foundation's intellectual merit and broader impacts review criteria.]]></AbstractNarration>
<MinAmdLetterDate>06/24/2022</MinAmdLetterDate>
<MaxAmdLetterDate>06/24/2022</MaxAmdLetterDate>
<ARRAAmount/>
<TRAN_TYPE>Grant</TRAN_TYPE>
<CFDA_NUM>47.079</CFDA_NUM>
<NSF_PAR_USE_FLAG>1</NSF_PAR_USE_FLAG>
<FUND_AGCY_CODE>4900</FUND_AGCY_CODE>
<AWDG_AGCY_CODE>4900</AWDG_AGCY_CODE>
<AwardID>2201446</AwardID>
<Investigator>
<FirstName>Christopher</FirstName>
<LastName>Scott</LastName>
<PI_MID_INIT>A</PI_MID_INIT>
<PI_SUFX_NAME/>
<PI_FULL_NAME>Christopher A Scott</PI_FULL_NAME>
<EmailAddress><![CDATA[cascott@psu.edu]]></EmailAddress>
<NSF_ID>000238879</NSF_ID>
<StartDate>06/24/2022</StartDate>
<EndDate/>
<RoleCode>Co-Principal Investigator</RoleCode>
</Investigator>
<Investigator>
<FirstName>Michael</FirstName>
<LastName>Jacobson</LastName>
<PI_MID_INIT/>
<PI_SUFX_NAME/>
<PI_FULL_NAME>Michael Jacobson</PI_FULL_NAME>
<EmailAddress><![CDATA[mgj2@psu.edu]]></EmailAddress>
<NSF_ID>000079622</NSF_ID>
<StartDate>06/24/2022</StartDate>
<EndDate/>
<RoleCode>Principal Investigator</RoleCode>
</Investigator>
<Investigator>
<FirstName>Laura</FirstName>
<LastName>Schmitt Olabisi</LastName>
<PI_MID_INIT>K</PI_MID_INIT>
<PI_SUFX_NAME/>
<PI_FULL_NAME>Laura K Schmitt Olabisi</PI_FULL_NAME>
<EmailAddress><![CDATA[schmi420@msu.edu]]></EmailAddress>
<NSF_ID>000536450</NSF_ID>
<StartDate>06/24/2022</StartDate>
<EndDate/>
<RoleCode>Co-Principal Investigator</RoleCode>
</Investigator>
<Investigator>
<FirstName>Annette</FirstName>
<LastName>Huber-Lee</LastName>
<PI_MID_INIT/>
<PI_SUFX_NAME/>
<PI_FULL_NAME>Annette Huber-Lee</PI_FULL_NAME>
<EmailAddress><![CDATA[annette.huber-lee@sei.org]]></EmailAddress>
<NSF_ID>000820837</NSF_ID>
<StartDate>06/24/2022</StartDate>
<EndDate/>
<RoleCode>Co-Principal Investigator</RoleCode>
</Investigator>
<Institution>
<Name>Pennsylvania State Univ University Park</Name>
<CityName>University Park</CityName>
<ZipCode>168021503</ZipCode>
<PhoneNumber>8148651372</PhoneNumber>
<StreetAddress>201 Old Main</StreetAddress>
<StreetAddress2/>
<CountryName>United States</CountryName>
<StateName>Pennsylvania</StateName>
<StateCode>PA</StateCode>
<CONGRESSDISTRICT>12</CONGRESSDISTRICT>
<CONGRESS_DISTRICT_ORG>PA12</CONGRESS_DISTRICT_ORG>
<ORG_UEI_NUM>NPM2J7MSCF61</ORG_UEI_NUM>
<ORG_LGL_BUS_NAME>PENNSYLVANIA STATE UNIVERSITY, THE</ORG_LGL_BUS_NAME>
<ORG_PRNT_UEI_NUM>NPM2J7MSCF61</ORG_PRNT_UEI_NUM>
</Institution>
<Performance_Institution>
<Name><![CDATA[Pennsylvania State Univ University Park]]></Name>
<CityName/>
<StateCode>PA</StateCode>
<ZipCode>168021503</ZipCode>
<StreetAddress/>
<CountryCode>US</CountryCode>
<CountryName>United States</CountryName>
<StateName>Pennsylvania</StateName>
<CountryFlag>1</CountryFlag>
<CONGRESSDISTRICT>12</CONGRESSDISTRICT>
<CONGRESS_DISTRICT_PERF>PA12</CONGRESS_DISTRICT_PERF>
</Performance_Institution>
<ProgramElement>
<Code>069Y</Code>
<Text>AccelNet - Accelerating Resear</Text>
</ProgramElement>
<ProgramReference>
<Code>1066</Code>
<Text>SOUTH AFRICA</Text>
</ProgramReference>
<ProgramReference>
<Code>7342</Code>
<Text>UGANDA</Text>
</ProgramReference>
<ProgramReference>
<Code>7385</Code>
<Text>MOROCCO</Text>
</ProgramReference>
<ProgramReference>
<Code>7498</Code>
<Text>MALI</Text>
</ProgramReference>
<Appropriation>
<Code/>
<Name/>
<APP_SYMB_ID/>
</Appropriation>
<Fund>
<Code>01002223DB</Code>
<Name><![CDATA[NSF RESEARCH & RELATED ACTIVIT]]></Name>
<FUND_SYMB_ID>040100</FUND_SYMB_ID>
</Fund>
<FUND_OBLG>2022~2000000</FUND_OBLG>
</Award>
</rootTag>
