<?xml version="1.0" encoding="UTF-8"?>
<rootTag>
<Award>
<AwardTitle><![CDATA[CC* Compute: Koa - A High Performance and Flexible Research Computing Resource]]></AwardTitle>
<AGENCY>NSF</AGENCY>
<AwardEffectiveDate>06/01/2022</AwardEffectiveDate>
<AwardExpirationDate>05/31/2024</AwardExpirationDate>
<AwardTotalIntnAmount>400000.00</AwardTotalIntnAmount>
<AwardAmount>400000</AwardAmount>
<AwardInstrument>
<Value>Standard Grant</Value>
</AwardInstrument>
<Organization>
<Code>05090000</Code>
<Directorate>
<Abbreviation>CSE</Abbreviation>
<LongName>Direct For Computer &amp; Info Scie &amp; Enginr</LongName>
</Directorate>
<Division>
<Abbreviation>OAC</Abbreviation>
<LongName>Office of Advanced Cyberinfrastructure (OAC)</LongName>
</Division>
</Organization>
<ProgramOfficer>
<SignBlockName>Kevin Thompson</SignBlockName>
<PO_EMAI>kthompso@nsf.gov</PO_EMAI>
<PO_PHON>7032924220</PO_PHON>
</ProgramOfficer>
<AbstractNarration><![CDATA[This award is funded in whole or in part under the American Rescue Plan Act of 2021 (Public Law 117-2).&lt;br/&gt;&lt;br/&gt;The University of Hawaii (UH) aims to establish the CC* Compute: Koa - A High Performance and Flexible Research Computing Resource to support computationally intensive research, education and practice across the UH ten-campus system. The project aims to install a compute cluster Koa, which is architected in response to current resource constraints, particularly scratch storage. The cluster hardware includes scratch storage of 750TB, 2 Graphics Processing Unit (GPU) nodes comprising 10x Nvidia A4000 cards, and a total of 384 CPU cores across 8 compute nodes. Koa provides UH faculty, researchers and students state-of-the-art computational resources focused towards machine learning, artificial intelligence and large scale simulation. The Koa computing cluster is a shared inter-campus resource available to all UH researchers. Koa focuses to support researchers in the specialties of astronomy, atmospheric science, ocean science, microbiome science, and computer &amp; data science, across UH's ten-campus system. Koa resources enable researchers to scale up research to process larger datasets and models in addition to accelerating existing workflows through the new advanced architecture that ties extremely fast storage to the compute resources over a high-speed network, which enables a shorter time to result. The strategic partnership with the Open Science Grid allows for efficient usage of unused Koa resources by the national research community as well as a gateway to a national compute platform for Koa users. Additionally, the Koa resource aids hands-on training in data science and computational science for the next generation of researchers and data scientists through partnership with the Hawaii data science institute and local community for workshops and classroom access.&lt;br/&gt;&lt;br/&gt;Koa enables a larger scope and scale of analysis by providing 750TB of high-speed Lustre parallel scratch storage capacity accessible from all compute and GPU accelerated resources. Koa’s 200Gb HDR infiniband network enables Koa’s Lustre to achieve I/O speeds up to 96Gb/s and provide increased computational throughput for I/O heavy workflows.  Koa’s external network connections increase data transfer speeds to national, commercial cloud and academic resources via the combination of 100Gb/s data transfer node connection and high-speed parallel file system, enhancing end-to-end big data workflows. Koa also provides virtualized infrastructure to support specialized computational use cases such as: immersive analytics and science gateways. The strategic partnership with the Open Science Grid allows for harvesting unused cycles on Koa by the national research community as well as a gateway to national compute platform for Koa users. The integration of Koa’s high speed file system with the regional Jestream2 NSF Cloud infrastructure hosted at UH allows researchers to easily span computing environments and modalities between the cloud and local Koa computing resources to support new deep learning and artificial intelligence workflows, visualizations and applications.&lt;br/&gt;&lt;br/&gt;This project is funded through the collaborative efforts of the Office of Advanced Cyberinfrastructure (OAC) and the Established Program to Stimulate Competitive Research (EPSCoR).&lt;br/&gt;&lt;br/&gt;This award reflects NSF's statutory mission and has been deemed worthy of support through evaluation using the Foundation's intellectual merit and broader impacts review criteria.]]></AbstractNarration>
<MinAmdLetterDate>05/17/2022</MinAmdLetterDate>
<MaxAmdLetterDate>05/17/2022</MaxAmdLetterDate>
<ARRAAmount/>
<TRAN_TYPE>Grant</TRAN_TYPE>
<CFDA_NUM>47.083</CFDA_NUM>
<NSF_PAR_USE_FLAG>1</NSF_PAR_USE_FLAG>
<FUND_AGCY_CODE>4900</FUND_AGCY_CODE>
<AWDG_AGCY_CODE>4900</AWDG_AGCY_CODE>
<AwardID>2201428</AwardID>
<Investigator>
<FirstName>Jason</FirstName>
<LastName>Leigh</LastName>
<PI_MID_INIT/>
<PI_SUFX_NAME/>
<PI_FULL_NAME>Jason Leigh</PI_FULL_NAME>
<EmailAddress><![CDATA[leighj@hawaii.edu]]></EmailAddress>
<NSF_ID>000423955</NSF_ID>
<StartDate>05/17/2022</StartDate>
<EndDate/>
<RoleCode>Co-Principal Investigator</RoleCode>
</Investigator>
<Investigator>
<FirstName>Giuseppe</FirstName>
<LastName>Torri</LastName>
<PI_MID_INIT/>
<PI_SUFX_NAME/>
<PI_FULL_NAME>Giuseppe Torri</PI_FULL_NAME>
<EmailAddress><![CDATA[gtorri@hawaii.edu]]></EmailAddress>
<NSF_ID>000741566</NSF_ID>
<StartDate>05/17/2022</StartDate>
<EndDate/>
<RoleCode>Co-Principal Investigator</RoleCode>
</Investigator>
<Investigator>
<FirstName>Alice</FirstName>
<LastName>Koniges</LastName>
<PI_MID_INIT>E</PI_MID_INIT>
<PI_SUFX_NAME/>
<PI_FULL_NAME>Alice E Koniges</PI_FULL_NAME>
<EmailAddress><![CDATA[koniges@hawaii.edu]]></EmailAddress>
<NSF_ID>000796277</NSF_ID>
<StartDate>05/17/2022</StartDate>
<EndDate/>
<RoleCode>Co-Principal Investigator</RoleCode>
</Investigator>
<Investigator>
<FirstName>Sean</FirstName>
<LastName>Cleveland</LastName>
<PI_MID_INIT>B</PI_MID_INIT>
<PI_SUFX_NAME/>
<PI_FULL_NAME>Sean B Cleveland</PI_FULL_NAME>
<EmailAddress><![CDATA[seanbc@hawaii.edu]]></EmailAddress>
<NSF_ID>000796515</NSF_ID>
<StartDate>05/17/2022</StartDate>
<EndDate/>
<RoleCode>Principal Investigator</RoleCode>
</Investigator>
<Investigator>
<FirstName>Peter</FirstName>
<LastName>Sadowski</LastName>
<PI_MID_INIT/>
<PI_SUFX_NAME/>
<PI_FULL_NAME>Peter Sadowski</PI_FULL_NAME>
<EmailAddress><![CDATA[peter.sadowski@hawaii.edu]]></EmailAddress>
<NSF_ID>000812770</NSF_ID>
<StartDate>05/17/2022</StartDate>
<EndDate/>
<RoleCode>Co-Principal Investigator</RoleCode>
</Investigator>
<Institution>
<Name>University of Hawaii</Name>
<CityName>HONOLULU</CityName>
<ZipCode>96822</ZipCode>
<PhoneNumber>8089567800</PhoneNumber>
<StreetAddress>2425 CAMPUS RD SINCLAIR RM 1</StreetAddress>
<StreetAddress2/>
<CountryName>United States</CountryName>
<StateName>Hawaii</StateName>
<StateCode>HI</StateCode>
<CONGRESSDISTRICT>01</CONGRESSDISTRICT>
<CONGRESS_DISTRICT_ORG>HI01</CONGRESS_DISTRICT_ORG>
<ORG_UEI_NUM>NSCKLFSSABF2</ORG_UEI_NUM>
<ORG_LGL_BUS_NAME>UNIVERSITY OF HAWAII SYSTEMS</ORG_LGL_BUS_NAME>
<ORG_PRNT_UEI_NUM>KDVFJN7FXQC6</ORG_PRNT_UEI_NUM>
</Institution>
<Performance_Institution>
<Name><![CDATA[University of Hawaii]]></Name>
<CityName>Honolulu</CityName>
<StateCode>HI</StateCode>
<ZipCode>968222234</ZipCode>
<StreetAddress><![CDATA[2520 Correa Road]]></StreetAddress>
<CountryCode>US</CountryCode>
<CountryName>United States</CountryName>
<StateName>Hawaii</StateName>
<CountryFlag>1</CountryFlag>
<CONGRESSDISTRICT>01</CONGRESSDISTRICT>
<CONGRESS_DISTRICT_PERF>HI01</CONGRESS_DISTRICT_PERF>
</Performance_Institution>
<ProgramElement>
<Code>9150</Code>
<Text>EPSCoR Co-Funding</Text>
</ProgramElement>
<ProgramReference>
<Code>9150</Code>
<Text>EXP PROG TO STIM COMP RES</Text>
</ProgramReference>
<Appropriation>
<Code/>
<Name/>
<APP_SYMB_ID/>
</Appropriation>
<Fund>
<Code>010V2122DB</Code>
<Name><![CDATA[R&RA ARP Act DEFC V]]></Name>
<FUND_SYMB_ID>040100</FUND_SYMB_ID>
</Fund>
<FUND_OBLG>2022~400000</FUND_OBLG>
</Award>
</rootTag>
