<?xml version="1.0" encoding="UTF-8"?>
<rootTag>
<Award>
<AwardTitle>CC* Planning Grant: Computational Infusion for Missouri Undergraduate Science and Education (CIMUSE)</AwardTitle>
<AGENCY>NSF</AGENCY>
<AwardEffectiveDate>05/01/2022</AwardEffectiveDate>
<AwardExpirationDate>04/30/2023</AwardExpirationDate>
<AwardTotalIntnAmount>30857.00</AwardTotalIntnAmount>
<AwardAmount>30857</AwardAmount>
<AwardInstrument>
<Value>Standard Grant</Value>
</AwardInstrument>
<Organization>
<Code>05090000</Code>
<Directorate>
<Abbreviation>CSE</Abbreviation>
<LongName>Direct For Computer &amp; Info Scie &amp; Enginr</LongName>
</Directorate>
<Division>
<Abbreviation>OAC</Abbreviation>
<LongName>Office of Advanced Cyberinfrastructure (OAC)</LongName>
</Division>
</Organization>
<ProgramOfficer>
<SignBlockName>Kevin Thompson</SignBlockName>
<PO_EMAI>kthompso@nsf.gov</PO_EMAI>
<PO_PHON>7032924220</PO_PHON>
</ProgramOfficer>
<AbstractNarration>Many of the Primarily Undergraduate Institutions (PUIs) in Missouri are substantially under-resourced and located in less-populated, connectivity-challenged areas. Missouri PUIs vary widely in their experience with advanced networking and High-Performance Computing (HPC) usage. There is wide variability in the adoption of new research and teaching resources including student access to meaningful STEM experiences enabled by a robust Cyberinfrastructure (CI). While PUIs educate about 40% of STEM graduates, in 2020 less than 5% of NSF awards in Missouri went to PUIs.&lt;br/&gt;&lt;br/&gt;Through the Computational Infusion for Missouri Undergraduate Science and Education (CIMUSE) Planning Grant, Missouri is working on the first in a series of National Science Foundation Campus Cyberinfrastructure (CC*) proposals for robust access to a uniform set of shared resources regardless of geography, proven cyberinfrastructure designs, opportunities for research computing design, and operational support requirements. The CIMUSE planning grant brings interested institutions together for demonstrations and discussion of existing resources, typical CI roles and responsibilities, and potential operational issues. The first wave of researchers, science educators, and campus information technology staff are working to articulate long-term computing and networking needs, document science drivers and required computational resources, and coordinate state research network and campus CI plans for the first wave of CC* proposals.&lt;br/&gt;&lt;br/&gt;Ultimately, the Missouri Research and Education Network (MOREnet) and first wave PUIs will develop a consistent set of resources to increase the research capabilities at under-resourced institutions, bring robust teaching tools to STEM instructors and provide computation-intensive experiences for STEM students becoming future STEM professionals.&lt;br/&gt;&lt;br/&gt;This award reflects NSF's statutory mission and has been deemed worthy of support through evaluation using the Foundation's intellectual merit and broader impacts review criteria.</AbstractNarration>
<MinAmdLetterDate>04/07/2022</MinAmdLetterDate>
<MaxAmdLetterDate>04/07/2022</MaxAmdLetterDate>
<ARRAAmount/>
<TRAN_TYPE>Grant</TRAN_TYPE>
<CFDA_NUM>47.070</CFDA_NUM>
<NSF_PAR_USE_FLAG>1</NSF_PAR_USE_FLAG>
<FUND_AGCY_CODE>4900</FUND_AGCY_CODE>
<AWDG_AGCY_CODE>4900</AWDG_AGCY_CODE>
<AwardID>2201505</AwardID>
<Investigator>
<FirstName>Marcus</FirstName>
<LastName>Bond</LastName>
<PI_MID_INIT>R</PI_MID_INIT>
<PI_SUFX_NAME/>
<PI_FULL_NAME>Marcus R Bond</PI_FULL_NAME>
<EmailAddress>mbond@semo.edu</EmailAddress>
<PI_PHON>5736512580</PI_PHON>
<NSF_ID>000690753</NSF_ID>
<StartDate>04/07/2022</StartDate>
<EndDate/>
<RoleCode>Co-Principal Investigator</RoleCode>
</Investigator>
<Investigator>
<FirstName>William</FirstName>
<LastName>Byers</LastName>
<PI_MID_INIT>L</PI_MID_INIT>
<PI_SUFX_NAME>Jr</PI_SUFX_NAME>
<PI_FULL_NAME>William L Byers</PI_FULL_NAME>
<EmailAddress>chip@more.net</EmailAddress>
<PI_PHON>5738847655</PI_PHON>
<NSF_ID>000797845</NSF_ID>
<StartDate>04/07/2022</StartDate>
<EndDate/>
<RoleCode>Principal Investigator</RoleCode>
</Investigator>
<Institution>
<Name>University of Missouri-Columbia</Name>
<CityName>COLUMBIA</CityName>
<ZipCode>652113020</ZipCode>
<PhoneNumber>5738827560</PhoneNumber>
<StreetAddress>316 UNIVERSITY HALL</StreetAddress>
<StreetAddress2/>
<CountryName>United States</CountryName>
<StateName>Missouri</StateName>
<StateCode>MO</StateCode>
<CONGRESSDISTRICT>04</CONGRESSDISTRICT>
<CONGRESS_DISTRICT_ORG>MO04</CONGRESS_DISTRICT_ORG>
<ORG_UEI_NUM>SZPJL5ZRCLF4</ORG_UEI_NUM>
<ORG_LGL_BUS_NAME>UNIVERSITY OF MISSOURI SYSTEM</ORG_LGL_BUS_NAME>
<ORG_PRNT_UEI_NUM>LBFJB8N7LME3</ORG_PRNT_UEI_NUM>
</Institution>
<Performance_Institution>
<Name><![CDATA[Missouri Research and Education Network (MOREnet)]]></Name>
<CityName>Columbia</CityName>
<StateCode>MO</StateCode>
<ZipCode>652031148</ZipCode>
<StreetAddress><![CDATA[201 N Stadium Blvd]]></StreetAddress>
<CountryCode>US</CountryCode>
<CountryName>United States</CountryName>
<StateName>Missouri</StateName>
<CountryFlag>1</CountryFlag>
<CONGRESSDISTRICT>04</CONGRESSDISTRICT>
<CONGRESS_DISTRICT_PERF>MO04</CONGRESS_DISTRICT_PERF>
</Performance_Institution>
<ProgramElement>
<Code>8080</Code>
<Text>Campus Cyberinfrastructure</Text>
</ProgramElement>
<FUND_OBLG>2022~30857</FUND_OBLG>
</Award>
</rootTag>
