<?xml version="1.0" encoding="UTF-8"?>
<rootTag>
<Award>
<AwardTitle><![CDATA[Collaborative Research: Evaluation Codes, Duals, and Applications]]></AwardTitle>
<AGENCY>NSF</AGENCY>
<AwardEffectiveDate>08/01/2022</AwardEffectiveDate>
<AwardExpirationDate>07/31/2025</AwardExpirationDate>
<AwardTotalIntnAmount>247013.00</AwardTotalIntnAmount>
<AwardAmount>247013</AwardAmount>
<AwardInstrument>
<Value>Standard Grant</Value>
</AwardInstrument>
<Organization>
<Code>03040000</Code>
<Directorate>
<Abbreviation>MPS</Abbreviation>
<LongName>Direct For Mathematical &amp; Physical Scien</LongName>
</Directorate>
<Division>
<Abbreviation>DMS</Abbreviation>
<LongName>Division Of Mathematical Sciences</LongName>
</Division>
</Organization>
<ProgramOfficer>
<SignBlockName>Andrew Pollington</SignBlockName>
<PO_EMAI>adpollin@nsf.gov</PO_EMAI>
<PO_PHON>7032924878</PO_PHON>
</ProgramOfficer>
<AbstractNarration><![CDATA[Coding theory supports reliable, robust communication even while using imperfect channels, which distort messages. It has evolved since its emergence in the 1940s to support various applications ranging from secure communications to data storage. Bespoke codes and customized error correction or erasure recovery algorithms satisfy ever-changing technological needs. Evaluation codes employ tools and underlying structures from algebraic geometry and commutative algebra to provide flexible constructions that address various scenarios. They build on the heavily utilized Reed-Solomon and Reed-Muller codes which depend on polynomial structures. This project focuses on designing codes and algorithms which recover erased data or correct errors using less information than traditional methods, building frameworks for use in practical settings, and employing them in quantum error correction. The impact of this proposed research expands beyond the immediate scientific applications to serve as a platform for student and postdoctoral training and efforts to diversify the discipline. The PIs have a history of providing research engagement opportunities and amplifying them via other outreach such as Cleveland State University's STEM Peer Teachers and Association of Latin Professionals for America as well as Virginia Tech's Broadening Engagement and Participation in Undergraduate Research, SWIMM: Supporting Women in Mathematics through Mentoring, and Virginia's Commonwealth Cyber Initiative. &lt;br/&gt;&lt;br/&gt;Evaluation codes are a large family of error-correcting codes, encompassing algebraic geometry codes and polynomial codes, such as Reed-Solomon and Reed-Muller codes. This project advances their utility by investigating their duals, focusing on the hull of a code, meaning the intersection of the code and its dual. The hull plays a role in the complexity of several algorithms in code-based cryptography, protection against side-channel and fault injection attacks, and quantum error correction. Tools from algebraic geometry and commutative algebra will be employed to determine duals and hulls of evaluation codes, including multivariate Goppa codes and codes from curves, and provide explicit constructions for codes with controlled duals. Objectives include designing evaluation codes and algorithms which utilize less information in erasure recovery (via linear exact repair) and error correction (via fractional decoding); extending the framework for polar coding via evaluation codes to channels with memory; and constructing new codes for quantum error correction. The proposed research serves as an ideal training ground for students and postdoctoral researchers due to multiple points of entry and the opportunity for computation, allowing for increased opportunities to diversify the discipline.&lt;br/&gt;&lt;br/&gt;This award reflects NSF's statutory mission and has been deemed worthy of support through evaluation using the Foundation's intellectual merit and broader impacts review criteria.]]></AbstractNarration>
<MinAmdLetterDate>06/08/2022</MinAmdLetterDate>
<MaxAmdLetterDate>06/08/2022</MaxAmdLetterDate>
<ARRAAmount/>
<TRAN_TYPE>Grant</TRAN_TYPE>
<CFDA_NUM>47.049, 47.070</CFDA_NUM>
<NSF_PAR_USE_FLAG>1</NSF_PAR_USE_FLAG>
<FUND_AGCY_CODE>4900</FUND_AGCY_CODE>
<AWDG_AGCY_CODE>4900</AWDG_AGCY_CODE>
<AwardID>2201094</AwardID>
<Investigator>
<FirstName>Hiram</FirstName>
<LastName>Lopez Valdez</LastName>
<PI_MID_INIT>H</PI_MID_INIT>
<PI_SUFX_NAME/>
<PI_FULL_NAME>Hiram H Lopez Valdez</PI_FULL_NAME>
<EmailAddress><![CDATA[h.lopezvaldez@csuohio.edu]]></EmailAddress>
<NSF_ID>000812836</NSF_ID>
<StartDate>06/08/2022</StartDate>
<EndDate/>
<RoleCode>Principal Investigator</RoleCode>
</Investigator>
<Institution>
<Name>Cleveland State University</Name>
<CityName>CLEVELAND</CityName>
<ZipCode>441152226</ZipCode>
<PhoneNumber>2166873630</PhoneNumber>
<StreetAddress>2121 EUCLID AVE</StreetAddress>
<StreetAddress2/>
<CountryName>United States</CountryName>
<StateName>Ohio</StateName>
<StateCode>OH</StateCode>
<CONGRESSDISTRICT>11</CONGRESSDISTRICT>
<CONGRESS_DISTRICT_ORG>OH11</CONGRESS_DISTRICT_ORG>
<ORG_UEI_NUM>YKGMTXA2NVL6</ORG_UEI_NUM>
<ORG_LGL_BUS_NAME>CLEVELAND STATE UNIVERSITY</ORG_LGL_BUS_NAME>
<ORG_PRNT_UEI_NUM>YKGMTXA2NVL6</ORG_PRNT_UEI_NUM>
</Institution>
<Performance_Institution>
<Name><![CDATA[Cleveland State University]]></Name>
<CityName/>
<StateCode>OH</StateCode>
<ZipCode>441152214</ZipCode>
<StreetAddress/>
<CountryCode>US</CountryCode>
<CountryName>United States</CountryName>
<StateName>Ohio</StateName>
<CountryFlag>1</CountryFlag>
<CONGRESSDISTRICT>11</CONGRESSDISTRICT>
<CONGRESS_DISTRICT_PERF>OH11</CONGRESS_DISTRICT_PERF>
</Performance_Institution>
<ProgramElement>
<Code>8060</Code>
<Text>Secure &amp;Trustworthy Cyberspace</Text>
</ProgramElement>
<FUND_OBLG>2022~247013</FUND_OBLG>
</Award>
</rootTag>
