<?xml version="1.0" encoding="UTF-8"?>
<rootTag>
<Award>
<AwardTitle><![CDATA[Conference: Gordon Research Conference in Centromere Biology]]></AwardTitle>
<AGENCY>NSF</AGENCY>
<AwardEffectiveDate>03/01/2022</AwardEffectiveDate>
<AwardExpirationDate>02/28/2023</AwardExpirationDate>
<AwardTotalIntnAmount>17500.00</AwardTotalIntnAmount>
<AwardAmount>17500</AwardAmount>
<AwardInstrument>
<Value>Standard Grant</Value>
</AwardInstrument>
<Organization>
<Code>08070000</Code>
<Directorate>
<Abbreviation>BIO</Abbreviation>
<LongName>Direct For Biological Sciences</LongName>
</Directorate>
<Division>
<Abbreviation>MCB</Abbreviation>
<LongName>Div Of Molecular and Cellular Bioscience</LongName>
</Division>
</Organization>
<ProgramOfficer>
<SignBlockName>Richard Cyr</SignBlockName>
<PO_EMAI>rcyr@nsf.gov</PO_EMAI>
<PO_PHON>7032928440</PO_PHON>
</ProgramOfficer>
<AbstractNarration><![CDATA[Centromeres remain perhaps the most enigmatic regions of the eukaryotic genome, despite their critical role as the foundation for chromosome segregation during every eukaryotic cell division. The importance of centromeres in genome inheritance has long been recognized, but their properties, organization, and variability have remained mysterious. Indeed, despite the “complete sequencing” of the human genome more than a decade ago, it was only recently that the first assembly of a human centromere was completed. This advance is now allowing researchers to harness this sequence information to tackle fundamental questions on centromere properties and behavior. The proposed Gordon Research Seminar and Conference will stimulate discussions to consider how the field will need to build upon centromere DNA sequence information towards understanding the increasing complexity in structure and function. This conference will act as an important catalyst for the centromere field to generate a unique conceptual framework to address these questions, together with tools and technologies that combine genome, computational and bioinformatics approaches, and complementary functional biological studies at the molecular, cellular, and organismal levels. The Broader Impacts of effort include the intrinsic merit of the research as all eukaryotic cells rely on centromeres during cell division. In addition, training and networking opportunities will be provided for the next generation of researchers. &lt;br/&gt;&lt;br/&gt;Proper centromere function requires a complex cascade of biochemical events to direct chromatin and kinetochore assembly and involves hundreds of different proteins. However, the precise mechanisms that integrate the genetic and biochemical events leading to functional centromeres are still largely unknown. Kinetochore formation during mitosis depends upon the specialized centromeric chromatin in which histone H3 nucleosomes are replaced with nucleosomes containing the centromeric histone Centromere Protein A (CENP-A). Failure to load CENP-A into centromeres each cell cycle ultimately leads to centromere loss, kinetochore failure, chromosome mis-segregation and cell death. Defects in centromere function and the resulting chromosome segregation errors lead to chromosome aneuploidy, a hallmark of many afflictions. Over the past decade, centromere researchers have identified some of the key factors that control centromere protein assembly and the epigenetic maintenance of centromeric chromatin. However, we lack a clear understanding of how these factors come together to generate centromeres at a specific locus through each cell division cycle and this conference and associated seminar will bring together researchers to discuss strategic directions that are needed to advance our understanding of this important region of the genome.&lt;br/&gt;This conference is co-sponsored by the Cellular Dynamics and Function together with the Genetic Mechanisms program, both within the Division of Molecular and Cellular Biosciences&lt;br/&gt;&lt;br/&gt;This award reflects NSF's statutory mission and has been deemed worthy of support through evaluation using the Foundation's intellectual merit and broader impacts review criteria.]]></AbstractNarration>
<MinAmdLetterDate>02/25/2022</MinAmdLetterDate>
<MaxAmdLetterDate>02/25/2022</MaxAmdLetterDate>
<ARRAAmount/>
<TRAN_TYPE>Grant</TRAN_TYPE>
<CFDA_NUM>47.074</CFDA_NUM>
<NSF_PAR_USE_FLAG>1</NSF_PAR_USE_FLAG>
<FUND_AGCY_CODE>4900</FUND_AGCY_CODE>
<AWDG_AGCY_CODE>4900</AWDG_AGCY_CODE>
<AwardID>2201104</AwardID>
<Investigator>
<FirstName>Iain</FirstName>
<LastName>Cheeseman</LastName>
<PI_MID_INIT>M</PI_MID_INIT>
<PI_SUFX_NAME/>
<PI_FULL_NAME>Iain M Cheeseman</PI_FULL_NAME>
<EmailAddress><![CDATA[icheese@wi.mit.edu]]></EmailAddress>
<NSF_ID>000792699</NSF_ID>
<StartDate>02/25/2022</StartDate>
<EndDate/>
<RoleCode>Principal Investigator</RoleCode>
</Investigator>
<Institution>
<Name>Whitehead Institute for Biomedical Research</Name>
<CityName>CAMBRIDGE</CityName>
<ZipCode>021421025</ZipCode>
<PhoneNumber>6172585000</PhoneNumber>
<StreetAddress>455 MAIN ST</StreetAddress>
<StreetAddress2/>
<CountryName>United States</CountryName>
<StateName>Massachusetts</StateName>
<StateCode>MA</StateCode>
<CONGRESSDISTRICT>07</CONGRESSDISTRICT>
<CONGRESS_DISTRICT_ORG>MA07</CONGRESS_DISTRICT_ORG>
<ORG_UEI_NUM>C186U32QSBR9</ORG_UEI_NUM>
<ORG_LGL_BUS_NAME>WHITEHEAD INSTITUTE FOR BIOMEDICAL RESEARCH</ORG_LGL_BUS_NAME>
<ORG_PRNT_UEI_NUM/>
</Institution>
<Performance_Institution>
<Name><![CDATA[Whitehead Institute for Biomedical Research]]></Name>
<CityName>Cambridge</CityName>
<StateCode>MA</StateCode>
<ZipCode>021421025</ZipCode>
<StreetAddress><![CDATA[455 Main Street]]></StreetAddress>
<CountryCode>US</CountryCode>
<CountryName>United States</CountryName>
<StateName>Massachusetts</StateName>
<CountryFlag>1</CountryFlag>
<CONGRESSDISTRICT>07</CONGRESSDISTRICT>
<CONGRESS_DISTRICT_PERF>MA07</CONGRESS_DISTRICT_PERF>
</Performance_Institution>
<ProgramElement>
<Code>1112</Code>
<Text>Genetic Mechanisms</Text>
</ProgramElement>
<ProgramElement>
<Code>1114</Code>
<Text>Cellular Dynamics and Function</Text>
</ProgramElement>
<ProgramReference>
<Code>7465</Code>
<Text>NANOSCALE BIO CORE</Text>
</ProgramReference>
<ProgramReference>
<Code>7556</Code>
<Text>CONFERENCE AND WORKSHOPS</Text>
</ProgramReference>
<Appropriation>
<Code/>
<Name/>
<APP_SYMB_ID/>
</Appropriation>
<Fund>
<Code>01002223DB</Code>
<Name><![CDATA[NSF RESEARCH & RELATED ACTIVIT]]></Name>
<FUND_SYMB_ID>040100</FUND_SYMB_ID>
</Fund>
<FUND_OBLG>2022~17500</FUND_OBLG>
</Award>
</rootTag>
