<?xml version="1.0" encoding="UTF-8"?>
<rootTag>
<Award>
<AwardTitle>CC* Compute: Collaboration in Computing Infrastructure for Research and Education (CO-InResE)</AwardTitle>
<AGENCY>NSF</AGENCY>
<AwardEffectiveDate>05/15/2022</AwardEffectiveDate>
<AwardExpirationDate>04/30/2024</AwardExpirationDate>
<AwardTotalIntnAmount>399262.00</AwardTotalIntnAmount>
<AwardAmount>399262</AwardAmount>
<AwardInstrument>
<Value>Standard Grant</Value>
</AwardInstrument>
<Organization>
<Code>05090000</Code>
<Directorate>
<Abbreviation>CSE</Abbreviation>
<LongName>Direct For Computer &amp; Info Scie &amp; Enginr</LongName>
</Directorate>
<Division>
<Abbreviation>OAC</Abbreviation>
<LongName>Office of Advanced Cyberinfrastructure (OAC)</LongName>
</Division>
</Organization>
<ProgramOfficer>
<SignBlockName>Kevin Thompson</SignBlockName>
<PO_EMAI>kthompso@nsf.gov</PO_EMAI>
<PO_PHON>7032924220</PO_PHON>
</ProgramOfficer>
<AbstractNarration>This award is funded in whole or in part under the American Rescue Plan Act of 2021 (Public Law 117-2).&lt;br/&gt;&lt;br/&gt;Computational science forms an essential component of scientific inquiry. It contributes to the advancement of research and development and boosts discovery speed. High-Performance Computing (HPC) and High Throughput Computing (HTC) enable scientific inquiry that was unthinkable just a few years ago while allowing the contribution from a range of research. Such advancement is also accomplished through multidisciplinary and multi-institutional contributions. This project will acquire, deploy, and maintain a 16 node HPC cluster, and support computing-intensive research and training across a wide range of disciplines. The new cluster is available as a campus-wide shared resource to Langston University and researchers across Oklahoma and beyond. &lt;br/&gt;&lt;br/&gt;The project aims to 1) Improve campus awareness and adoption of advanced computing and data resources for Science, Technology, Engineering, and Mathematics (STEM) research and education activities; 2) Contribute to and enhance the current research computing resources at Langston University, the only Historically Black Colleges and University (HBCU) in the region; 3) Train a diverse cyberinfrastructure workforce; and 4) Actively contribute to the Open Science Grid gateway and the regional Cyberinfrastructure Consortium. The project facilitates a range of Computational and Data-Enabled Science and Engineering research activities across campus. In addition, under served undergraduate students interested in joining the cyberinfrastructure workforce will be mentored and trained on all aspects of the job and career. This project has potential to advance the regional infrastructure and research efforts by sustaining and increasing the number of local resources across the region. Thus, it aligns with well-established regional distributed support teams such as the OneOklahoma Cyberinfrastructure Initiative.&lt;br/&gt;&lt;br/&gt;The Program notes that this Area#4 in CC* was created explicitly to address computing needs at under served campuses. Langston University is a strong example, with an outdated computing resource and compelling needs for their proposed cluster. The project acquires a 16 node HPC cluster that will be deployed at Langston University. The proposed cluster, which consists of 768 Central Processing Unit (CPU) cores and 8 A100 Graphics Processing Unit (GPU) accelerators, will enhanced research and education at Langston University.&lt;br/&gt;&lt;br/&gt;This project is funded through the collaborative efforts of the Office of Advanced Cyberinfrastructure (OAC) and the Established Program to Stimulate Competitive Research (EPSCoR).&lt;br/&gt;&lt;br/&gt;This award reflects NSF's statutory mission and has been deemed worthy of support through evaluation using the Foundation's intellectual merit and broader impacts review criteria.</AbstractNarration>
<MinAmdLetterDate>05/03/2022</MinAmdLetterDate>
<MaxAmdLetterDate>05/20/2022</MaxAmdLetterDate>
<ARRAAmount/>
<TRAN_TYPE>Grant</TRAN_TYPE>
<CFDA_NUM>47.070, 47.083</CFDA_NUM>
<NSF_PAR_USE_FLAG>1</NSF_PAR_USE_FLAG>
<FUND_AGCY_CODE>4900</FUND_AGCY_CODE>
<AWDG_AGCY_CODE>4900</AWDG_AGCY_CODE>
<AwardID>2201479</AwardID>
<Investigator>
<FirstName>Horst</FirstName>
<LastName>Severini</LastName>
<PI_MID_INIT/>
<PI_SUFX_NAME/>
<PI_FULL_NAME>Horst Severini</PI_FULL_NAME>
<EmailAddress>severini@ou.edu</EmailAddress>
<PI_PHON>4053257152</PI_PHON>
<NSF_ID>000122285</NSF_ID>
<StartDate>05/03/2022</StartDate>
<EndDate/>
<RoleCode>Co-Principal Investigator</RoleCode>
</Investigator>
<Investigator>
<FirstName>Franklin</FirstName>
<LastName>Fondjo Fotou</LastName>
<PI_MID_INIT/>
<PI_SUFX_NAME/>
<PI_FULL_NAME>Franklin Fondjo Fotou</PI_FULL_NAME>
<EmailAddress>ffondjo@langston.edu</EmailAddress>
<PI_PHON>4054663302</PI_PHON>
<NSF_ID>000602444</NSF_ID>
<StartDate>05/03/2022</StartDate>
<EndDate/>
<RoleCode>Principal Investigator</RoleCode>
</Investigator>
<Investigator>
<FirstName>Abebaw</FirstName>
<LastName>Tadesse</LastName>
<PI_MID_INIT/>
<PI_SUFX_NAME/>
<PI_FULL_NAME>Abebaw Tadesse</PI_FULL_NAME>
<EmailAddress>atadesse@langston.edu</EmailAddress>
<PI_PHON>4054663365</PI_PHON>
<NSF_ID>000616867</NSF_ID>
<StartDate>05/03/2022</StartDate>
<EndDate/>
<RoleCode>Co-Principal Investigator</RoleCode>
</Investigator>
<Institution>
<Name>Langston University</Name>
<CityName>LANGSTON</CityName>
<ZipCode>730500000</ZipCode>
<PhoneNumber>4054663201</PhoneNumber>
<StreetAddress>HWY 33 E</StreetAddress>
<StreetAddress2/>
<CountryName>United States</CountryName>
<StateName>Oklahoma</StateName>
<StateCode>OK</StateCode>
<CONGRESSDISTRICT>03</CONGRESSDISTRICT>
<CONGRESS_DISTRICT_ORG>OK03</CONGRESS_DISTRICT_ORG>
<ORG_UEI_NUM>NSNLFLXEDEJ8</ORG_UEI_NUM>
<ORG_LGL_BUS_NAME>LANGSTON UNIVERSITY</ORG_LGL_BUS_NAME>
<ORG_PRNT_UEI_NUM>NSNLFLXEDEJ8</ORG_PRNT_UEI_NUM>
</Institution>
<Performance_Institution>
<Name><![CDATA[Langston University]]></Name>
<CityName>Langston</CityName>
<StateCode>OK</StateCode>
<ZipCode>730500907</ZipCode>
<StreetAddress><![CDATA[Box 907]]></StreetAddress>
<CountryCode>US</CountryCode>
<CountryName>United States</CountryName>
<StateName>Oklahoma</StateName>
<CountryFlag>1</CountryFlag>
<CONGRESSDISTRICT>03</CONGRESSDISTRICT>
<CONGRESS_DISTRICT_PERF>OK03</CONGRESS_DISTRICT_PERF>
</Performance_Institution>
<ProgramElement>
<Code>9150</Code>
<Text>EPSCoR Co-Funding</Text>
</ProgramElement>
<ProgramReference>
<Code>9150</Code>
<Text>EXP PROG TO STIM COMP RES</Text>
</ProgramReference>
<FUND_OBLG>2022~399262</FUND_OBLG>
</Award>
</rootTag>
