<?xml version="1.0" encoding="UTF-8"?>
<rootTag>
<Award>
<AwardTitle><![CDATA[Collaborative Research:  ABI Innovation: FuTRES, an Ontology-Based Functional Trait Resource for Paleo- and Neo-biologists]]></AwardTitle>
<AGENCY>NSF</AGENCY>
<AwardEffectiveDate>10/01/2021</AwardEffectiveDate>
<AwardExpirationDate>07/31/2023</AwardExpirationDate>
<AwardTotalIntnAmount>420135.00</AwardTotalIntnAmount>
<AwardAmount>65744</AwardAmount>
<AwardInstrument>
<Value>Standard Grant</Value>
</AwardInstrument>
<Organization>
<Code>08080000</Code>
<Directorate>
<Abbreviation>BIO</Abbreviation>
<LongName>Direct For Biological Sciences</LongName>
</Directorate>
<Division>
<Abbreviation>DBI</Abbreviation>
<LongName>Div Of Biological Infrastructure</LongName>
</Division>
</Organization>
<ProgramOfficer>
<SignBlockName>Peter McCartney</SignBlockName>
<PO_EMAI>pmccartn@nsf.gov</PO_EMAI>
<PO_PHON>7032928470</PO_PHON>
</ProgramOfficer>
<AbstractNarration><![CDATA[Physical characteristics of animals can help determine which ones survive and flourish, especially in a changing environment. These characteristics, also known as functional traits, include features such as length, height, shape, weight, growth rate, sex, and reproductive state. Studying these traits provides insights into how communities of different types of animals come together and how species and communities respond to changes in their environment over time, which is critical for conservation efforts. However, very little information about functional traits is available, and what is available is difficult to combine with other data. How these traits are influenced by environmental changes - such as climate change, pollution, urbanization and human predation - and how they shift over longer timescales are poorly understood, and the need for this information is outstripping the speed with which scientists can collect these data. Digitized collections of animals representing life from the past two million years contain a treasure trove of information about these individuals' functional traits, but these data are stored in multiple places and in different formats. Researchers may have recorded dates differently, for example, or used a variety of terms to describe a single physical feature. Making these data widely available in standardized formats could help scientists study changes in functional traits through time, linking their observations of traits of modern animals to those from fossil and archaeological records. The Functional Trait Resource for Environmental Studies (FuTRES) project will gather trait data from digitized records; to engage communities of researchers to make these data available, standardized, and useable; and to develop a more complete workflow for using these data in research. &lt;br/&gt;&lt;br/&gt;Functional trait data have revolutionized ecology and are transforming paleontology, but acquiring them requires extensive labor, not only in measuring traits but in managing and communicating the resulting data. When trait data are lacking, researchers substitute average values, or other characteristics like behavioral or dietary categories. These substitutes - assigned at the species level - obscure intraspecific changes in traits. FuTRES fills the clear need for informatics tools that give researchers access to existing trait data and a place to store new data as they are generated. FuTRES is assembling a varied collection of existing trait data, building a pipeline that converts data to an integrated, semantically enriched form, and developing an Application Programming Interface (API) and web platform to serve the data. One of the key innovations of FuTRES is the use of ontologies, an information science approach that creates computer-readable definitions of traits and describes the interrelationships of traits, organisms, collecting events, and other entities. In this way, FuTRES will make functional trait data searchable through reference to time, space, and vertebrate anatomy.  FuTRES will also provide access to trait data via popular data portals (e.g., VertNet) and software such as R, opening the data to scientists in biodiversity and other domains. The toolkit will be tested with mammalian use cases that leverage the massive scale of the unlocked data.  In sum, newly created access mechanisms and tools will provide novel approaches for analyses of trait variation across space and time, providing researchers in disparate fields discovery capabilities for relevant data that would otherwise have been invisible to them.&lt;br/&gt;&lt;br/&gt;This award reflects NSF's statutory mission and has been deemed worthy of support through evaluation using the Foundation's intellectual merit and broader impacts review criteria.]]></AbstractNarration>
<MinAmdLetterDate>11/18/2021</MinAmdLetterDate>
<MaxAmdLetterDate>11/18/2021</MaxAmdLetterDate>
<ARRAAmount/>
<TRAN_TYPE>Grant</TRAN_TYPE>
<CFDA_NUM>47.074</CFDA_NUM>
<NSF_PAR_USE_FLAG>1</NSF_PAR_USE_FLAG>
<FUND_AGCY_CODE>4900</FUND_AGCY_CODE>
<AWDG_AGCY_CODE>4900</AWDG_AGCY_CODE>
<AwardID>2201182</AwardID>
<Investigator>
<FirstName>Meghan</FirstName>
<LastName>Balk</LastName>
<PI_MID_INIT/>
<PI_SUFX_NAME/>
<PI_FULL_NAME>Meghan Balk</PI_FULL_NAME>
<EmailAddress><![CDATA[balk@battelleecology.org]]></EmailAddress>
<NSF_ID>000820791</NSF_ID>
<StartDate>11/18/2021</StartDate>
<EndDate/>
<RoleCode>Principal Investigator</RoleCode>
</Investigator>
<Institution>
<Name>Battelle Memorial Institute</Name>
<CityName>Columbus</CityName>
<ZipCode>432012696</ZipCode>
<PhoneNumber>6144244873</PhoneNumber>
<StreetAddress>505 KING AVE</StreetAddress>
<StreetAddress2/>
<CountryName>United States</CountryName>
<StateName>Ohio</StateName>
<StateCode>OH</StateCode>
<CONGRESSDISTRICT>03</CONGRESSDISTRICT>
<CONGRESS_DISTRICT_ORG>OH03</CONGRESS_DISTRICT_ORG>
<ORG_UEI_NUM>F125YU6SWK59</ORG_UEI_NUM>
<ORG_LGL_BUS_NAME>BATTELLE MEMORIAL INSTITUTE</ORG_LGL_BUS_NAME>
<ORG_PRNT_UEI_NUM/>
</Institution>
<Performance_Institution>
<Name><![CDATA[Battelle Memorial Institute]]></Name>
<CityName>Columbus</CityName>
<StateCode>OH</StateCode>
<ZipCode>432012696</ZipCode>
<StreetAddress><![CDATA[505 KING AVE]]></StreetAddress>
<CountryCode>US</CountryCode>
<CountryName>United States</CountryName>
<StateName>Ohio</StateName>
<CountryFlag>1</CountryFlag>
<CONGRESSDISTRICT>03</CONGRESSDISTRICT>
<CONGRESS_DISTRICT_PERF>OH03</CONGRESS_DISTRICT_PERF>
</Performance_Institution>
<ProgramElement>
<Code>1165</Code>
<Text>ADVANCES IN BIO INFORMATICS</Text>
</ProgramElement>
<Appropriation>
<Code/>
<Name/>
<APP_SYMB_ID/>
</Appropriation>
<Fund>
<Code>01001819DB</Code>
<Name><![CDATA[NSF RESEARCH & RELATED ACTIVIT]]></Name>
<FUND_SYMB_ID>040100</FUND_SYMB_ID>
</Fund>
<FUND_OBLG>2018~65744</FUND_OBLG>
</Award>
</rootTag>
