<?xml version="1.0" encoding="UTF-8"?>
<rootTag>
<Award>
<AwardTitle>Characterizing the Use of Contextual Factors During Engineering Design</AwardTitle>
<AGENCY>NSF</AGENCY>
<AwardEffectiveDate>06/01/2022</AwardEffectiveDate>
<AwardExpirationDate>05/31/2025</AwardExpirationDate>
<AwardTotalIntnAmount>438893.00</AwardTotalIntnAmount>
<AwardAmount>438893</AwardAmount>
<AwardInstrument>
<Value>Standard Grant</Value>
</AwardInstrument>
<Organization>
<Code>07030000</Code>
<Directorate>
<Abbreviation>ENG</Abbreviation>
<LongName>Directorate For Engineering</LongName>
</Directorate>
<Division>
<Abbreviation>CMMI</Abbreviation>
<LongName>Div Of Civil, Mechanical, &amp; Manufact Inn</LongName>
</Division>
</Organization>
<ProgramOfficer>
<SignBlockName>Kathryn Jablokow</SignBlockName>
<PO_EMAI>kjabloko@nsf.gov</PO_EMAI>
<PO_PHON>7032927933</PO_PHON>
</ProgramOfficer>
<AbstractNarration>The successful design of engineered technology depends on designers’ appropriate consideration of context - i.e., the total physical, social, and economic environment of the technology’s anticipated use. Little is known, however, about how and when experienced engineering designers incorporate contextual factors into their designs. Through extensive interviews with experienced engineering designers, this research aims to understand how they incorporate contextual information to inform design decisions throughout an engineering design process. Findings from this work, especially when compared against previous research with novice engineering designers, will result in recommendations for good practices in engineering design. For novice engineering designers, the recommendations are expected to accelerate their learning. For experienced engineering designers, the recommendations will improve product design, which in turn, will impact consumers through the creation of more contextually appropriate products, processes, and systems. &lt;br/&gt;&lt;br/&gt;The research will involve qualitative methods, including semi-structured interviews, observations, and document reviews across three engineering design domains - medical devices, consumer products, and information and communication technologies. Sixty experienced design practitioners (20 from each domain) will be recruited to participate in a retrospective project-based semi-structured interview designed to focus on one or two specific design experiences during which designers incorporated contextual factors. Additionally, case study research of two ongoing design projects will be conducted to collect more details regarding designers’ incorporation of contextual factors. The data gathered will be analyzed through descriptive coding and iterative thematic analysis to generate rich and nuanced understandings about the uses of contextual information within engineering design processes by experienced design practitioners. The analysis will result in a refined classification of contextual factors; strategies for gathering, synthesizing, and applying contextual information within engineering design processes; and rich narratives of context use-case scenarios. Results will provide insight into the extent to which behaviors are transferable across multiple engineering design domains, engineering designers with varying levels of experience, and various use settings.&lt;br/&gt;&lt;br/&gt;This award reflects NSF's statutory mission and has been deemed worthy of support through evaluation using the Foundation's intellectual merit and broader impacts review criteria.</AbstractNarration>
<MinAmdLetterDate>05/19/2022</MinAmdLetterDate>
<MaxAmdLetterDate>05/19/2022</MaxAmdLetterDate>
<ARRAAmount/>
<TRAN_TYPE>Grant</TRAN_TYPE>
<CFDA_NUM>47.041</CFDA_NUM>
<NSF_PAR_USE_FLAG>1</NSF_PAR_USE_FLAG>
<FUND_AGCY_CODE>4900</FUND_AGCY_CODE>
<AWDG_AGCY_CODE>4900</AWDG_AGCY_CODE>
<AwardID>2201981</AwardID>
<Investigator>
<FirstName>Kathleen</FirstName>
<LastName>Sienko</LastName>
<PI_MID_INIT/>
<PI_SUFX_NAME/>
<PI_FULL_NAME>Kathleen Sienko</PI_FULL_NAME>
<EmailAddress>sienko@umich.edu</EmailAddress>
<PI_PHON>7347641817</PI_PHON>
<NSF_ID>000508105</NSF_ID>
<StartDate>05/19/2022</StartDate>
<EndDate/>
<RoleCode>Principal Investigator</RoleCode>
</Investigator>
<Investigator>
<FirstName>Kentaro</FirstName>
<LastName>Toyama</LastName>
<PI_MID_INIT/>
<PI_SUFX_NAME/>
<PI_FULL_NAME>Kentaro Toyama</PI_FULL_NAME>
<EmailAddress>toyama@umich.edu</EmailAddress>
<PI_PHON>7347638427</PI_PHON>
<NSF_ID>000727621</NSF_ID>
<StartDate>05/19/2022</StartDate>
<EndDate/>
<RoleCode>Co-Principal Investigator</RoleCode>
</Investigator>
<Institution>
<Name>Regents of the University of Michigan - Ann Arbor</Name>
<CityName>ANN ARBOR</CityName>
<ZipCode>481091340</ZipCode>
<PhoneNumber>7347636438</PhoneNumber>
<StreetAddress>503 THOMPSON ST</StreetAddress>
<StreetAddress2/>
<CountryName>United States</CountryName>
<StateName>Michigan</StateName>
<StateCode>MI</StateCode>
<CONGRESSDISTRICT>12</CONGRESSDISTRICT>
<CONGRESS_DISTRICT_ORG>MI12</CONGRESS_DISTRICT_ORG>
<ORG_UEI_NUM>GNJ7BBP73WE9</ORG_UEI_NUM>
<ORG_LGL_BUS_NAME>REGENTS OF THE UNIVERSITY OF MICHIGAN</ORG_LGL_BUS_NAME>
<ORG_PRNT_UEI_NUM>GNJ7BBP73WE9</ORG_PRNT_UEI_NUM>
</Institution>
<Performance_Institution>
<Name><![CDATA[Regents of the University of Michigan - Ann Arbor]]></Name>
<CityName>Ann Arbor</CityName>
<StateCode>MI</StateCode>
<ZipCode>481091274</ZipCode>
<StreetAddress><![CDATA[3003 South State St. Room 1062]]></StreetAddress>
<CountryCode>US</CountryCode>
<CountryName>United States</CountryName>
<StateName>Michigan</StateName>
<CountryFlag>1</CountryFlag>
<CONGRESSDISTRICT>12</CONGRESSDISTRICT>
<CONGRESS_DISTRICT_PERF>MI12</CONGRESS_DISTRICT_PERF>
</Performance_Institution>
<ProgramElement>
<Code>072Y</Code>
<Text>EDSE-Engineering Design and Sy</Text>
</ProgramElement>
<ProgramReference>
<Code>068E</Code>
<Text>DESIGN THEORY</Text>
</ProgramReference>
<ProgramReference>
<Code>1464</Code>
<Text>ENGINEERING DESIGN AND INNOVAT</Text>
</ProgramReference>
<ProgramReference>
<Code>9102</Code>
<Text>WOMEN, MINORITY, DISABLED, NEC</Text>
</ProgramReference>
<FUND_OBLG>2022~438893</FUND_OBLG>
</Award>
</rootTag>
