<?xml version="1.0" encoding="UTF-8"?>
<rootTag>
<Award>
<AwardTitle><![CDATA[CC* Regional: SD-REDI:  The South Dakota Research and Education Data Interchange]]></AwardTitle>
<AGENCY>NSF</AGENCY>
<AwardEffectiveDate>07/01/2022</AwardEffectiveDate>
<AwardExpirationDate>06/30/2024</AwardExpirationDate>
<AwardTotalIntnAmount>998750.00</AwardTotalIntnAmount>
<AwardAmount>998750</AwardAmount>
<AwardInstrument>
<Value>Standard Grant</Value>
</AwardInstrument>
<Organization>
<Code>05090000</Code>
<Directorate>
<Abbreviation>CSE</Abbreviation>
<LongName>Direct For Computer &amp; Info Scie &amp; Enginr</LongName>
</Directorate>
<Division>
<Abbreviation>OAC</Abbreviation>
<LongName>Office of Advanced Cyberinfrastructure (OAC)</LongName>
</Division>
</Organization>
<ProgramOfficer>
<SignBlockName>Kevin Thompson</SignBlockName>
<PO_EMAI>kthompso@nsf.gov</PO_EMAI>
<PO_PHON>7032924220</PO_PHON>
</ProgramOfficer>
<AbstractNarration><![CDATA[This award is funded in whole or in part under the American Rescue Plan Act of 2021 (Public Law 117-2).&lt;br/&gt;&lt;br/&gt;The South Dakota Research &amp; Education Data Interchange (SD-REDI) project creates a statewide friction-free network for high-speed access to advanced computing and data storage resources from all public higher education institutions in South Dakota. The project seeks to connect a broad set of constituent schools to a secure, high-performance science DMZ regional network across South Dakota. Participating institutions include University of South Dakota, South Dakota School of Mines and Technology, Black Hills State University, Northern State University (NSU), South Dakota State University, Dakota State University. NSU will be upgraded to 100Gbps connectivity as part of this project as well. The project will support research innovation and advancing education across their science, technology, engineering, and mathematics (STEM) portfolios. SD-REDI creates a structure of opportunity to accelerate the adoption and utilization of advanced cyberinfrastructure (CI) and elevate STEM research and education productivity throughout South Dakota.&lt;br/&gt;&lt;br/&gt;Led by a cross-institutional team of technology and research leaders, SD-REDI accomplishes the following key objectives:  (1) Links together critical resources and CI capabilities at all participating institutions via a secure, high-performance Regional DMZ, using the extant SD REED (Research, Education, and Economic Development) network as a backplane, ensuring secure and performant data movement for research and distance learning applications; (2) Addresses institutional capability gaps and augmenting campus network capacity to ensure uniform experience and access to advanced CI within the region and outward to national resources; (3) Cultivates a workforce literate in CI and advanced digital resources for STEM; and (4) Supports streamlined end-to-end distance learning experiences for STEM education. The project supports an emerging model in which South Dakota State University and the University of South Dakota will serve as formal CI providers for researchers and other constituents throughout South Dakota’s public higher education system. This centralized CI model is critical in expanding research and STEM education opportunities at South Dakota institutions.&lt;br/&gt;&lt;br/&gt;This project is funded through the collaborative efforts of the Office of Advanced Cyberinfrastructure (OAC) and the Established Program to Stimulate Competitive Research (EPSCoR).&lt;br/&gt;&lt;br/&gt;This award reflects NSF's statutory mission and has been deemed worthy of support through evaluation using the Foundation's intellectual merit and broader impacts review criteria.]]></AbstractNarration>
<MinAmdLetterDate>05/24/2022</MinAmdLetterDate>
<MaxAmdLetterDate>05/24/2022</MaxAmdLetterDate>
<ARRAAmount/>
<TRAN_TYPE>Grant</TRAN_TYPE>
<CFDA_NUM>47.083</CFDA_NUM>
<NSF_PAR_USE_FLAG>1</NSF_PAR_USE_FLAG>
<FUND_AGCY_CODE>4900</FUND_AGCY_CODE>
<AWDG_AGCY_CODE>4900</AWDG_AGCY_CODE>
<AwardID>2201822</AwardID>
<Investigator>
<FirstName>Alyssa</FirstName>
<LastName>Kiesow</LastName>
<PI_MID_INIT/>
<PI_SUFX_NAME/>
<PI_FULL_NAME>Alyssa Kiesow</PI_FULL_NAME>
<EmailAddress><![CDATA[amkiesow@northern.edu]]></EmailAddress>
<NSF_ID>000532222</NSF_ID>
<StartDate>05/24/2022</StartDate>
<EndDate/>
<RoleCode>Co-Principal Investigator</RoleCode>
</Investigator>
<Investigator>
<FirstName>Kevin</FirstName>
<LastName>Brandt</LastName>
<PI_MID_INIT/>
<PI_SUFX_NAME/>
<PI_FULL_NAME>Kevin Brandt</PI_FULL_NAME>
<EmailAddress><![CDATA[Kevin.Brandt@sdstate.edu]]></EmailAddress>
<NSF_ID>000668089</NSF_ID>
<StartDate>05/24/2022</StartDate>
<EndDate/>
<RoleCode>Co-Principal Investigator</RoleCode>
</Investigator>
<Investigator>
<FirstName>Ryan</FirstName>
<LastName>Johnson</LastName>
<PI_MID_INIT>M</PI_MID_INIT>
<PI_SUFX_NAME/>
<PI_FULL_NAME>Ryan M Johnson</PI_FULL_NAME>
<EmailAddress><![CDATA[Ryan.Johnson@usd.edu]]></EmailAddress>
<NSF_ID>000812728</NSF_ID>
<StartDate>05/24/2022</StartDate>
<EndDate/>
<RoleCode>Co-Principal Investigator</RoleCode>
</Investigator>
<Investigator>
<FirstName>Paul</FirstName>
<LastName>Kern</LastName>
<PI_MID_INIT>R</PI_MID_INIT>
<PI_SUFX_NAME/>
<PI_FULL_NAME>Paul R Kern</PI_FULL_NAME>
<EmailAddress><![CDATA[paul.kern@sdbor.edu]]></EmailAddress>
<NSF_ID>000864751</NSF_ID>
<StartDate>05/24/2022</StartDate>
<EndDate/>
<RoleCode>Principal Investigator</RoleCode>
</Investigator>
<Investigator>
<FirstName>Debbi</FirstName>
<LastName>Bumpous</LastName>
<PI_MID_INIT/>
<PI_SUFX_NAME/>
<PI_FULL_NAME>Debbi Bumpous</PI_FULL_NAME>
<EmailAddress><![CDATA[debbi.bumpous@northern.edu]]></EmailAddress>
<NSF_ID>000865954</NSF_ID>
<StartDate>05/24/2022</StartDate>
<EndDate/>
<RoleCode>Co-Principal Investigator</RoleCode>
</Investigator>
<Institution>
<Name>South Dakota Board of Regents</Name>
<CityName>PIERRE</CityName>
<ZipCode>575012548</ZipCode>
<PhoneNumber>6057733455</PhoneNumber>
<StreetAddress>306 E CAPITOL AVE STE 200</StreetAddress>
<StreetAddress2/>
<CountryName>United States</CountryName>
<StateName>South Dakota</StateName>
<StateCode>SD</StateCode>
<CONGRESSDISTRICT>00</CONGRESSDISTRICT>
<CONGRESS_DISTRICT_ORG>SD00</CONGRESS_DISTRICT_ORG>
<ORG_UEI_NUM>URFPBWBM1C58</ORG_UEI_NUM>
<ORG_LGL_BUS_NAME>STATE OF SOUTH DAKOTA-DIVISION OF OASI</ORG_LGL_BUS_NAME>
<ORG_PRNT_UEI_NUM>URFPBWBM1C58</ORG_PRNT_UEI_NUM>
</Institution>
<Performance_Institution>
<Name><![CDATA[South Dakota Board of Regents]]></Name>
<CityName>Pierre</CityName>
<StateCode>SD</StateCode>
<ZipCode>575012545</ZipCode>
<StreetAddress><![CDATA[306 East Capitol Avenue]]></StreetAddress>
<CountryCode>US</CountryCode>
<CountryName>United States</CountryName>
<StateName>South Dakota</StateName>
<CountryFlag>1</CountryFlag>
<CONGRESSDISTRICT>00</CONGRESSDISTRICT>
<CONGRESS_DISTRICT_PERF>SD00</CONGRESS_DISTRICT_PERF>
</Performance_Institution>
<ProgramElement>
<Code>9150</Code>
<Text>EPSCoR Co-Funding</Text>
</ProgramElement>
<ProgramReference>
<Code>9150</Code>
<Text>EXP PROG TO STIM COMP RES</Text>
</ProgramReference>
<FUND_OBLG>2022~998750</FUND_OBLG>
</Award>
</rootTag>
