<?xml version="1.0" encoding="UTF-8"?>
<rootTag>
<Award>
<AwardTitle>Invariant Theory, Moduli Space, and Automorphic Representations</AwardTitle>
<AGENCY>NSF</AGENCY>
<AwardEffectiveDate>07/01/2022</AwardEffectiveDate>
<AwardExpirationDate>06/30/2025</AwardExpirationDate>
<AwardTotalIntnAmount>400000.00</AwardTotalIntnAmount>
<AwardAmount>129595</AwardAmount>
<AwardInstrument>
<Value>Continuing Grant</Value>
</AwardInstrument>
<Organization>
<Code>03040000</Code>
<Directorate>
<Abbreviation>MPS</Abbreviation>
<LongName>Direct For Mathematical &amp; Physical Scien</LongName>
</Directorate>
<Division>
<Abbreviation>DMS</Abbreviation>
<LongName>Division Of Mathematical Sciences</LongName>
</Division>
</Organization>
<ProgramOfficer>
<SignBlockName>Adriana Salerno</SignBlockName>
<PO_EMAI>asalerno@nsf.gov</PO_EMAI>
<PO_PHON>7032922271</PO_PHON>
</ProgramOfficer>
<AbstractNarration>The Langlands program envisions a deep relation between basic questions about integers, like how the number of solutions to equations modulo p varies as the prime number p varies, and the structure of certain infinite dimensional representations of groups of matrices. This project will investigate how representations of different groups of matrices are related to one another, known as Langlands's functoriality, from a geometric perspective. In the course of the project, the principal investigator will train graduate and undergraduate students in cutting edge areas of mathematics including algebraic geometry, representation theory, and number theory. &lt;br/&gt;&lt;br/&gt;&lt;br/&gt;The Arthur-Selberg trace formula and its relative variants are among the main tools at our disposal to address Langlands's functoriality conjecture. In this project, the principal investigator, Dr. Ngo Bao Chau, will investigate the structure of certain moduli spaces appearing naturally in the study of the geometric side of the (relative) trace formula. These new moduli spaces can be seen as a generalization of the Hitchin fibration, which was instrumental in the proof of the fundamental lemma by Dr. Ngo. Their investigation will require a new understanding of invariant theory which is a classical topic in algebraic geometry. Dr. Ngo expects these results in invariant theory will shed light not only on the trace formula but also on related problems, including the determination of the kernel of the nonabelian Fourier transform responsible for the functional equation of automorphic L-functions.&lt;br/&gt;&lt;br/&gt;This award reflects NSF's statutory mission and has been deemed worthy of support through evaluation using the Foundation's intellectual merit and broader impacts review criteria.</AbstractNarration>
<MinAmdLetterDate>04/11/2022</MinAmdLetterDate>
<MaxAmdLetterDate>04/11/2022</MaxAmdLetterDate>
<ARRAAmount/>
<TRAN_TYPE>Grant</TRAN_TYPE>
<CFDA_NUM>47.049</CFDA_NUM>
<NSF_PAR_USE_FLAG>1</NSF_PAR_USE_FLAG>
<FUND_AGCY_CODE>4900</FUND_AGCY_CODE>
<AWDG_AGCY_CODE>4900</AWDG_AGCY_CODE>
<AwardID>2201314</AwardID>
<Investigator>
<FirstName>Bao Chau</FirstName>
<LastName>Ngo</LastName>
<PI_MID_INIT/>
<PI_SUFX_NAME/>
<PI_FULL_NAME>Bao Chau Ngo</PI_FULL_NAME>
<EmailAddress>ngo@math.uchicago.edu</EmailAddress>
<PI_PHON>7737027385</PI_PHON>
<NSF_ID>000530081</NSF_ID>
<StartDate>04/11/2022</StartDate>
<EndDate/>
<RoleCode>Principal Investigator</RoleCode>
</Investigator>
<Institution>
<Name>University of Chicago</Name>
<CityName>CHICAGO</CityName>
<ZipCode>606375418</ZipCode>
<PhoneNumber>7737028669</PhoneNumber>
<StreetAddress>5801 S ELLIS AVE</StreetAddress>
<StreetAddress2/>
<CountryName>United States</CountryName>
<StateName>Illinois</StateName>
<StateCode>IL</StateCode>
<CONGRESSDISTRICT>01</CONGRESSDISTRICT>
<CONGRESS_DISTRICT_ORG>IL01</CONGRESS_DISTRICT_ORG>
<ORG_UEI_NUM>ZUE9HKT2CLC9</ORG_UEI_NUM>
<ORG_LGL_BUS_NAME>UNIVERSITY OF CHICAGO, THE</ORG_LGL_BUS_NAME>
<ORG_PRNT_UEI_NUM>ZUE9HKT2CLC9</ORG_PRNT_UEI_NUM>
</Institution>
<Performance_Institution>
<Name><![CDATA[University of Chicago]]></Name>
<CityName>Chicago</CityName>
<StateCode>IL</StateCode>
<ZipCode>606372612</ZipCode>
<StreetAddress><![CDATA[5734 S University A]]></StreetAddress>
<CountryCode>US</CountryCode>
<CountryName>United States</CountryName>
<StateName>Illinois</StateName>
<CountryFlag>1</CountryFlag>
<CONGRESSDISTRICT>01</CONGRESSDISTRICT>
<CONGRESS_DISTRICT_PERF>IL01</CONGRESS_DISTRICT_PERF>
</Performance_Institution>
<ProgramElement>
<Code>1264</Code>
<Text>ALGEBRA,NUMBER THEORY,AND COM</Text>
</ProgramElement>
<FUND_OBLG>2022~129595</FUND_OBLG>
</Award>
</rootTag>
