<?xml version="1.0" encoding="UTF-8"?>
<rootTag>
<Award>
<AwardTitle>Collaborative Research: Using Artificial Intelligence to Transform Online Video Lectures into Effective and Inclusive Agent-Based Presentations</AwardTitle>
<AGENCY>NSF</AGENCY>
<AwardEffectiveDate>05/01/2022</AwardEffectiveDate>
<AwardExpirationDate>04/30/2025</AwardExpirationDate>
<AwardTotalIntnAmount>301709.00</AwardTotalIntnAmount>
<AwardAmount>301709</AwardAmount>
<AwardInstrument>
<Value>Standard Grant</Value>
</AwardInstrument>
<Organization>
<Code>05020000</Code>
<Directorate>
<Abbreviation>CSE</Abbreviation>
<LongName>Direct For Computer &amp; Info Scie &amp; Enginr</LongName>
</Directorate>
<Division>
<Abbreviation>IIS</Abbreviation>
<LongName>Div Of Information &amp; Intelligent Systems</LongName>
</Division>
</Organization>
<ProgramOfficer>
<SignBlockName>Amy Baylor</SignBlockName>
<PO_EMAI>abaylor@nsf.gov</PO_EMAI>
<PO_PHON>7032925126</PO_PHON>
</ProgramOfficer>
<AbstractNarration>Students in introductory STEM courses frequently encounter video lectures that include an instructor standing next to a progression of slides. A challenge with these video lectures is that students may lose interest in science when they see the instructors as unhelpful (e.g., when they portray negative emotions while teaching) or unwelcoming (e.g., when they do not reflect the gender, ethnic, and racial diversity of the audience). This project aims to develop, validate, study, and make publicly available an artificial-intelligence (AI)-based framework that takes existing online instructional video lectures on introductory STEM topics created by human instructors and transforms them into instructionally effective and inclusive agent-based presentations. This work is intended to help improve science instruction and attract students from under-represented groups.&lt;br/&gt;&lt;br/&gt;The research team will apply artificial intelligence methods to extract gesture and voice from instructional videos with human instructors and transform them into instruction delivered by a diverse set of emotionally and socially sensitive onscreen animated embodied agents. Experimental research studies will investigate: 1) whether students learn better from an AI-transformed version of a video lecture than the original instructor-made video lecture; and 2) which features of onscreen agents in AI-transformed video lectures produce improved learning outcomes and processes, comparing delivery from an onscreen agent who does or does not match the student's gender, ethnicity, or race. Overall, results from the project will impact access to high-quality inclusive STEM learning experiences.&lt;br/&gt;&lt;br/&gt;This award reflects NSF's statutory mission and has been deemed worthy of support through evaluation using the Foundation's intellectual merit and broader impacts review criteria.</AbstractNarration>
<MinAmdLetterDate>04/19/2022</MinAmdLetterDate>
<MaxAmdLetterDate>04/19/2022</MaxAmdLetterDate>
<ARRAAmount/>
<TRAN_TYPE>Grant</TRAN_TYPE>
<CFDA_NUM>47.070</CFDA_NUM>
<NSF_PAR_USE_FLAG>1</NSF_PAR_USE_FLAG>
<FUND_AGCY_CODE>4900</FUND_AGCY_CODE>
<AWDG_AGCY_CODE>4900</AWDG_AGCY_CODE>
<AwardID>2201020</AwardID>
<Investigator>
<FirstName>Richard</FirstName>
<LastName>Mayer</LastName>
<PI_MID_INIT/>
<PI_SUFX_NAME/>
<PI_FULL_NAME>Richard Mayer</PI_FULL_NAME>
<EmailAddress>mayer@psych.ucsb.edu</EmailAddress>
<PI_PHON>8058934188</PI_PHON>
<NSF_ID>000274561</NSF_ID>
<StartDate>04/19/2022</StartDate>
<EndDate/>
<RoleCode>Principal Investigator</RoleCode>
</Investigator>
<Institution>
<Name>University of California-Santa Barbara</Name>
<CityName>SANTA BARBARA</CityName>
<ZipCode>931060001</ZipCode>
<PhoneNumber>8058934188</PhoneNumber>
<StreetAddress>3227 CHEADLE HALL</StreetAddress>
<StreetAddress2/>
<CountryName>United States</CountryName>
<StateName>California</StateName>
<StateCode>CA</StateCode>
<CONGRESSDISTRICT>24</CONGRESSDISTRICT>
<CONGRESS_DISTRICT_ORG>CA24</CONGRESS_DISTRICT_ORG>
<ORG_UEI_NUM>G9QBQDH39DF4</ORG_UEI_NUM>
<ORG_LGL_BUS_NAME>UNIVERSITY OF CALIFORNIA, SANTA BARBARA</ORG_LGL_BUS_NAME>
<ORG_PRNT_UEI_NUM>NUDGYLBB4S99</ORG_PRNT_UEI_NUM>
</Institution>
<Performance_Institution>
<Name><![CDATA[University of California-Santa Barbara]]></Name>
<CityName>Santa Barbara</CityName>
<StateCode>CA</StateCode>
<ZipCode>931062050</ZipCode>
<StreetAddress><![CDATA[Office of Research]]></StreetAddress>
<CountryCode>US</CountryCode>
<CountryName>United States</CountryName>
<StateName>California</StateName>
<CountryFlag>1</CountryFlag>
<CONGRESSDISTRICT>24</CONGRESSDISTRICT>
<CONGRESS_DISTRICT_PERF>CA24</CONGRESS_DISTRICT_PERF>
</Performance_Institution>
<ProgramElement>
<Code>8020</Code>
<Text>Cyberlearn &amp; Future Learn Tech</Text>
</ProgramElement>
<ProgramReference>
<Code>092Z</Code>
<Text>AI-Supported Learning</Text>
</ProgramReference>
<ProgramReference>
<Code>8045</Code>
<Text>Cyberlearn &amp; Future Learn Tech</Text>
</ProgramReference>
<FUND_OBLG>2022~301709</FUND_OBLG>
</Award>
</rootTag>
