<?xml version="1.0" encoding="UTF-8"?>
<rootTag>
<Award>
<AwardTitle><![CDATA[ECR:Core: Promoting Spatial Skill Development]]></AwardTitle>
<AGENCY>NSF</AGENCY>
<AwardEffectiveDate>06/15/2022</AwardEffectiveDate>
<AwardExpirationDate>05/31/2027</AwardExpirationDate>
<AwardTotalIntnAmount>2230774.00</AwardTotalIntnAmount>
<AwardAmount>833927</AwardAmount>
<AwardInstrument>
<Value>Continuing Grant</Value>
</AwardInstrument>
<Organization>
<Code>11090000</Code>
<Directorate>
<Abbreviation>EHR</Abbreviation>
<LongName>Direct For Education and Human Resources</LongName>
</Directorate>
<Division>
<Abbreviation>DRL</Abbreviation>
<LongName>Division Of Research On Learning</LongName>
</Division>
</Organization>
<ProgramOfficer>
<SignBlockName>Jessaca Spybrook</SignBlockName>
<PO_EMAI>jspybroo@nsf.gov</PO_EMAI>
<PO_PHON>703292224</PO_PHON>
</ProgramOfficer>
<AbstractNarration><![CDATA[Spatial skills are a key predictor of success in STEM fields throughout the lifespan. When children first begin formal schooling, large individual differences in spatial skills are already present. These early emerging differences in spatial aptitude can have long-lasting, detrimental effects on students’ engagement with and performance in STEM classes. To address these issues, this research will conduct a series of studies with children between infancy and 8-years of age as well as adults to identify: 1) factors that contribute to differences in spatial skills in early childhood, and 2) new methods for promoting spatial skill development. The work will build on their novel theoretical construct of spatial structuring: an individual ability to structure abstract concepts (across domains) in terms of space. For example, how does grounding abstract concepts in space, as with the mental number line, facilitate reasoning about them? This research will provide new insights into the course of development of spatial skills and their relation to STEM achievement to set students up for success even before they set foot in the classroom. &lt;br/&gt;&lt;br/&gt;This research will use a multi-method approach that involves longitudinal, observational, and experimental techniques to provide a comprehensive view of the cognitive and environmental factors that support spatial skill development between infancy and early childhood. The first study will use a longitudinal design to assess how spatial language competency and nonverbal spatial skills contribute to spatial skill development and math achievement. The second and third studies will explore how ability to ground abstract concepts in concrete spatial representations contributes to STEM readiness. By focusing on verbal and nonverbal abilities and using both correlational designs and experimental manipulations, this research will answer key questions related to spatial skill development and explore novel mechanisms that link spatial aptitude to success in STEM fields. &lt;br/&gt;&lt;br/&gt;This project is funded by the EHR Core Research (ECR) program, which supports fundamental research on STEM learning and learning environments, broadening participation in STEM, and STEM workforce development.&lt;br/&gt;&lt;br/&gt;This award reflects NSF's statutory mission and has been deemed worthy of support through evaluation using the Foundation's intellectual merit and broader impacts review criteria.]]></AbstractNarration>
<MinAmdLetterDate>06/06/2022</MinAmdLetterDate>
<MaxAmdLetterDate>06/06/2022</MaxAmdLetterDate>
<ARRAAmount/>
<TRAN_TYPE>Grant</TRAN_TYPE>
<CFDA_NUM>47.076</CFDA_NUM>
<NSF_PAR_USE_FLAG>1</NSF_PAR_USE_FLAG>
<FUND_AGCY_CODE>4900</FUND_AGCY_CODE>
<AWDG_AGCY_CODE>4900</AWDG_AGCY_CODE>
<AwardID>2201033</AwardID>
<Investigator>
<FirstName>Ariel</FirstName>
<LastName>Starr</LastName>
<PI_MID_INIT/>
<PI_SUFX_NAME/>
<PI_FULL_NAME>Ariel Starr</PI_FULL_NAME>
<EmailAddress><![CDATA[abstarr@uw.edu]]></EmailAddress>
<NSF_ID>000865076</NSF_ID>
<StartDate>06/06/2022</StartDate>
<EndDate/>
<RoleCode>Principal Investigator</RoleCode>
</Investigator>
<Institution>
<Name>University of Washington</Name>
<CityName>Seattle</CityName>
<ZipCode>981950001</ZipCode>
<PhoneNumber>2065434043</PhoneNumber>
<StreetAddress>4333 Brooklyn Ave NE</StreetAddress>
<StreetAddress2/>
<CountryName>United States</CountryName>
<StateName>Washington</StateName>
<StateCode>WA</StateCode>
<CONGRESSDISTRICT>07</CONGRESSDISTRICT>
<CONGRESS_DISTRICT_ORG>WA07</CONGRESS_DISTRICT_ORG>
<ORG_UEI_NUM>HD1WMN6945W6</ORG_UEI_NUM>
<ORG_LGL_BUS_NAME>UNIVERSITY OF WASHINGTON</ORG_LGL_BUS_NAME>
<ORG_PRNT_UEI_NUM>NFJ3CMQ4B418</ORG_PRNT_UEI_NUM>
</Institution>
<Performance_Institution>
<Name><![CDATA[University of Washington]]></Name>
<CityName>Seattle</CityName>
<StateCode>WA</StateCode>
<ZipCode>981951525</ZipCode>
<StreetAddress><![CDATA[Guthrie Hall]]></StreetAddress>
<CountryCode>US</CountryCode>
<CountryName>United States</CountryName>
<StateName>Washington</StateName>
<CountryFlag>1</CountryFlag>
<CONGRESSDISTRICT>07</CONGRESSDISTRICT>
<CONGRESS_DISTRICT_PERF>WA07</CONGRESS_DISTRICT_PERF>
</Performance_Institution>
<ProgramElement>
<Code>7980</Code>
<Text>ECR-EHR Core Research</Text>
</ProgramElement>
<ProgramReference>
<Code>8817</Code>
<Text>STEM Learning &amp; Learning Environments</Text>
</ProgramReference>
<FUND_OBLG>2022~833927</FUND_OBLG>
</Award>
</rootTag>
