<?xml version="1.0" encoding="UTF-8"?>
<rootTag>
<Award>
<AwardTitle><![CDATA[Collaborative Research: Learning in Places: PK-5+ Field Based Science Education Across Schools, Families, and Communities]]></AwardTitle>
<AGENCY>NSF</AGENCY>
<AwardEffectiveDate>07/01/2022</AwardEffectiveDate>
<AwardExpirationDate>06/30/2027</AwardExpirationDate>
<AwardTotalIntnAmount>1034246.00</AwardTotalIntnAmount>
<AwardAmount>376652</AwardAmount>
<AwardInstrument>
<Value>Continuing Grant</Value>
</AwardInstrument>
<Organization>
<Code>11090000</Code>
<Directorate>
<Abbreviation>EHR</Abbreviation>
<LongName>Direct For Education and Human Resources</LongName>
</Directorate>
<Division>
<Abbreviation>DRL</Abbreviation>
<LongName>Division Of Research On Learning</LongName>
</Division>
</Organization>
<ProgramOfficer>
<SignBlockName>Asli Sezen-Barrie</SignBlockName>
<PO_EMAI>asezenba@nsf.gov</PO_EMAI>
<PO_PHON>7032924676</PO_PHON>
</ProgramOfficer>
<AbstractNarration><![CDATA[There is an immense need for elementary school students to have meaningful and high-quality science learning experiences. This project aims to meet this need by developing PreK-5, equity-oriented, field-based, interdisciplinary curricular materials that support students' socioecological reasoning and sustainable decision making. The science learning experiences will be integrated across disciplines from literacy to civic and social studies lessons. The curricular materials will be part of a science education model that facilitates family engagement in ways that transform relations between educators, families, and students' science learning. The curricular activities will be co-designed with teachers while using local nature and culture as a resource.&lt;br/&gt;&lt;br/&gt;The project is structured to engage a leadership cohort of teachers (68 teachers, who reach 5600 students) pulling from three locations (Eastern Washington, Michigan, and Louisiana) to co-design, refine, and study the model over four years. The project team will engage in a seasonal series of hybrid (online and in-person) co-design summits to develop the model. Leadership teachers will then fully implement the model and support two additional cohorts (150 teachers, who reach 3300 students) to adopt and implement the model. During these implementations, the project team will utilize ethnographic and cross-comparative analysis methods to study educators' adaptations and the affordances and constraints of geographic diversity for instruction. In addition, the research design includes investigating the impact on students' socioecological reasoning. The project has the potential to broaden participation in deep science learning at the elementary level with an accompanying professional development that would support and cultivate field-based pedagogies in and around schools across K-12 curricula.&lt;br/&gt;&lt;br/&gt;The Discovery Research preK-12 program (DRK-12) seeks to significantly enhance the learning and teaching of science, technology, engineering and mathematics (STEM) by preK-12 students and teachers, through research and development of innovative resources, models and tools. Projects in the DRK-12 program build on fundamental research in STEM education and prior research and development efforts that provide theoretical and empirical justification for proposed projects. &lt;br/&gt;&lt;br/&gt;This award reflects NSF's statutory mission and has been deemed worthy of support through evaluation using the Foundation's intellectual merit and broader impacts review criteria.]]></AbstractNarration>
<MinAmdLetterDate>06/29/2022</MinAmdLetterDate>
<MaxAmdLetterDate>06/29/2022</MaxAmdLetterDate>
<ARRAAmount/>
<TRAN_TYPE>Grant</TRAN_TYPE>
<CFDA_NUM>47.076</CFDA_NUM>
<NSF_PAR_USE_FLAG>1</NSF_PAR_USE_FLAG>
<FUND_AGCY_CODE>4900</FUND_AGCY_CODE>
<AWDG_AGCY_CODE>4900</AWDG_AGCY_CODE>
<AwardID>2201254</AwardID>
<Investigator>
<FirstName>Carrie</FirstName>
<LastName>Tzou</LastName>
<PI_MID_INIT>T</PI_MID_INIT>
<PI_SUFX_NAME/>
<PI_FULL_NAME>Carrie T Tzou</PI_FULL_NAME>
<EmailAddress><![CDATA[tzouct@u.washington.edu]]></EmailAddress>
<NSF_ID>000522318</NSF_ID>
<StartDate>06/29/2022</StartDate>
<EndDate/>
<RoleCode>Principal Investigator</RoleCode>
</Investigator>
<Institution>
<Name>University of Washington</Name>
<CityName>Seattle</CityName>
<ZipCode>981950001</ZipCode>
<PhoneNumber>2065434043</PhoneNumber>
<StreetAddress>4333 Brooklyn Ave NE</StreetAddress>
<StreetAddress2/>
<CountryName>United States</CountryName>
<StateName>Washington</StateName>
<StateCode>WA</StateCode>
<CONGRESSDISTRICT>07</CONGRESSDISTRICT>
<CONGRESS_DISTRICT_ORG>WA07</CONGRESS_DISTRICT_ORG>
<ORG_UEI_NUM>HD1WMN6945W6</ORG_UEI_NUM>
<ORG_LGL_BUS_NAME>UNIVERSITY OF WASHINGTON</ORG_LGL_BUS_NAME>
<ORG_PRNT_UEI_NUM>NFJ3CMQ4B418</ORG_PRNT_UEI_NUM>
</Institution>
<Performance_Institution>
<Name><![CDATA[University of Washington]]></Name>
<CityName>Seattle</CityName>
<StateCode>WA</StateCode>
<ZipCode>981950001</ZipCode>
<StreetAddress><![CDATA[4333 Brooklyn Ave NE]]></StreetAddress>
<CountryCode>US</CountryCode>
<CountryName>United States</CountryName>
<StateName>Washington</StateName>
<CountryFlag>1</CountryFlag>
<CONGRESSDISTRICT>07</CONGRESSDISTRICT>
<CONGRESS_DISTRICT_PERF>WA07</CONGRESS_DISTRICT_PERF>
</Performance_Institution>
<ProgramElement>
<Code>7645</Code>
<Text>Discovery Research K-12</Text>
</ProgramElement>
<Appropriation>
<Code/>
<Name/>
<APP_SYMB_ID/>
</Appropriation>
<Fund>
<Code>04002223DB</Code>
<Name><![CDATA[NSF Education & Human Resource]]></Name>
<FUND_SYMB_ID>040106</FUND_SYMB_ID>
</Fund>
<FUND_OBLG>2022~376652</FUND_OBLG>
</Award>
</rootTag>
