<?xml version="1.0" encoding="UTF-8"?>
<rootTag>
<Award>
<AwardTitle><![CDATA[CC* Compute: NCShare Compute as a Service]]></AwardTitle>
<AGENCY>NSF</AGENCY>
<AwardEffectiveDate>05/01/2022</AwardEffectiveDate>
<AwardExpirationDate>04/30/2024</AwardExpirationDate>
<AwardTotalIntnAmount>397557.00</AwardTotalIntnAmount>
<AwardAmount>397557</AwardAmount>
<AwardInstrument>
<Value>Standard Grant</Value>
</AwardInstrument>
<Organization>
<Code>05090000</Code>
<Directorate>
<Abbreviation>CSE</Abbreviation>
<LongName>Direct For Computer &amp; Info Scie &amp; Enginr</LongName>
</Directorate>
<Division>
<Abbreviation>OAC</Abbreviation>
<LongName>Office of Advanced Cyberinfrastructure (OAC)</LongName>
</Division>
</Organization>
<ProgramOfficer>
<SignBlockName>Kevin Thompson</SignBlockName>
<PO_EMAI>kthompso@nsf.gov</PO_EMAI>
<PO_PHON>7032924220</PO_PHON>
</ProgramOfficer>
<AbstractNarration><![CDATA[This collaboration among Duke University, North Carolina Central University (NCCU), and Davidson College builds a shared computing environment housed at North Carolina's research and education network provider called MCNC. The shared computing environment supports a common set of software and science drivers, with priority use by Davidson, NCCU, and other North Carolina minority-serving and smaller institutions; OSG and Duke would have lower-priority use, if excess-capacity exists. As a result, faculty at participating institutions, who often juggle high course loads, have access to tools and services that ease the delivery of customized computing systems to meet their research needs and enable easy access to powerful tools for students. &lt;br/&gt;&lt;br/&gt;The project's shared computing environment comprises 768 CPUs, 6144GB of RAM, and 250TB of storage and uses federated logins (Shibboleth-enabled) to support a large and diverse set of users at NCCU and Davidson. The environment is extended in a cloud model to other minority-serving and smaller schools in NC and encompasses other options for logins. The project leverages Duke's already mature capability in automated provisioning, software containerization, and advanced networking, which accelerates implementation and makes computation and powerful software environments quickly available to researchers and educators in the region. &lt;br/&gt;&lt;br/&gt;By starting from a common base environment and then supporting customizations that can meet the specific research and education demands of participating institutions, this project provides hands-on opportunities for students to use advanced science capabilities and software environments. The result enhances STEM education at participating campuses by enabling  advanced access to science capacity on those campuses.&lt;br/&gt;&lt;br/&gt;This award reflects NSF's statutory mission and has been deemed worthy of support through evaluation using the Foundation's intellectual merit and broader impacts review criteria.]]></AbstractNarration>
<MinAmdLetterDate>04/11/2022</MinAmdLetterDate>
<MaxAmdLetterDate>04/11/2022</MaxAmdLetterDate>
<ARRAAmount/>
<TRAN_TYPE>Grant</TRAN_TYPE>
<CFDA_NUM>47.070</CFDA_NUM>
<NSF_PAR_USE_FLAG>1</NSF_PAR_USE_FLAG>
<FUND_AGCY_CODE>4900</FUND_AGCY_CODE>
<AWDG_AGCY_CODE>4900</AWDG_AGCY_CODE>
<AwardID>2201105</AwardID>
<Investigator>
<FirstName>Tracy</FirstName>
<LastName>Futhey</LastName>
<PI_MID_INIT/>
<PI_SUFX_NAME/>
<PI_FULL_NAME>Tracy Futhey</PI_FULL_NAME>
<EmailAddress><![CDATA[futhey@duke.edu]]></EmailAddress>
<NSF_ID>000620066</NSF_ID>
<StartDate>04/11/2022</StartDate>
<EndDate/>
<RoleCode>Co-Principal Investigator</RoleCode>
</Investigator>
<Investigator>
<FirstName>Charles</FirstName>
<LastName>Kneifel</LastName>
<PI_MID_INIT/>
<PI_SUFX_NAME/>
<PI_FULL_NAME>Charles Kneifel</PI_FULL_NAME>
<EmailAddress><![CDATA[charley.kneifel@duke.edu]]></EmailAddress>
<NSF_ID>000694202</NSF_ID>
<StartDate>04/11/2022</StartDate>
<EndDate/>
<RoleCode>Principal Investigator</RoleCode>
</Investigator>
<Investigator>
<FirstName>Eva</FirstName>
<LastName>Kraus</LastName>
<PI_MID_INIT>L</PI_MID_INIT>
<PI_SUFX_NAME/>
<PI_FULL_NAME>Eva L Kraus</PI_FULL_NAME>
<EmailAddress><![CDATA[leah.kraus@nccu.edu]]></EmailAddress>
<NSF_ID>000799433</NSF_ID>
<StartDate>04/11/2022</StartDate>
<EndDate/>
<RoleCode>Co-Principal Investigator</RoleCode>
</Investigator>
<Investigator>
<FirstName>Kevin</FirstName>
<LastName>Davis</LastName>
<PI_MID_INIT>S</PI_MID_INIT>
<PI_SUFX_NAME/>
<PI_FULL_NAME>Kevin S Davis</PI_FULL_NAME>
<EmailAddress><![CDATA[kedavis@davidson.edu]]></EmailAddress>
<NSF_ID>000819860</NSF_ID>
<StartDate>04/11/2022</StartDate>
<EndDate/>
<RoleCode>Co-Principal Investigator</RoleCode>
</Investigator>
<Institution>
<Name>Duke University</Name>
<CityName>DURHAM</CityName>
<ZipCode>277084677</ZipCode>
<PhoneNumber>9196843030</PhoneNumber>
<StreetAddress>2200 W MAIN ST STE 710</StreetAddress>
<StreetAddress2/>
<CountryName>United States</CountryName>
<StateName>North Carolina</StateName>
<StateCode>NC</StateCode>
<CONGRESSDISTRICT>04</CONGRESSDISTRICT>
<CONGRESS_DISTRICT_ORG>NC04</CONGRESS_DISTRICT_ORG>
<ORG_UEI_NUM>TP7EK8DZV6N5</ORG_UEI_NUM>
<ORG_LGL_BUS_NAME>DUKE UNIVERSITY</ORG_LGL_BUS_NAME>
<ORG_PRNT_UEI_NUM>TP7EK8DZV6N5</ORG_PRNT_UEI_NUM>
</Institution>
<Performance_Institution>
<Name><![CDATA[Duke University]]></Name>
<CityName>Durham</CityName>
<StateCode>NC</StateCode>
<ZipCode>277054010</ZipCode>
<StreetAddress><![CDATA[2200 W. Main St, Suite 710]]></StreetAddress>
<CountryCode>US</CountryCode>
<CountryName>United States</CountryName>
<StateName>North Carolina</StateName>
<CountryFlag>1</CountryFlag>
<CONGRESSDISTRICT>04</CONGRESSDISTRICT>
<CONGRESS_DISTRICT_PERF>NC04</CONGRESS_DISTRICT_PERF>
</Performance_Institution>
<ProgramElement>
<Code>8080</Code>
<Text>Campus Cyberinfrastructure</Text>
</ProgramElement>
<FUND_OBLG>2022~397557</FUND_OBLG>
</Award>
</rootTag>
