<?xml version="1.0" encoding="UTF-8"?>
<rootTag>
<Award>
<AwardTitle>CC* PLANNING: RE-CONSTRUCTING THE CAMPUS CYBERINFRASTRUCTURE OF A SMALL, LIBERAL ARTS HBCU IN ORDER TO MAXIMIZE STEM INNOVATION AND INTEGRATION</AwardTitle>
<AGENCY>NSF</AGENCY>
<AwardEffectiveDate>05/01/2022</AwardEffectiveDate>
<AwardExpirationDate>04/30/2023</AwardExpirationDate>
<AwardTotalIntnAmount>100000.00</AwardTotalIntnAmount>
<AwardAmount>100000</AwardAmount>
<AwardInstrument>
<Value>Standard Grant</Value>
</AwardInstrument>
<Organization>
<Code>05090000</Code>
<Directorate>
<Abbreviation>CSE</Abbreviation>
<LongName>Direct For Computer &amp; Info Scie &amp; Enginr</LongName>
</Directorate>
<Division>
<Abbreviation>OAC</Abbreviation>
<LongName>Office of Advanced Cyberinfrastructure (OAC)</LongName>
</Division>
</Organization>
<ProgramOfficer>
<SignBlockName>Kevin Thompson</SignBlockName>
<PO_EMAI>kthompso@nsf.gov</PO_EMAI>
<PO_PHON>7032924220</PO_PHON>
</ProgramOfficer>
<AbstractNarration>Texas College is undertaking a planning activity allowing it to complete an assessment of its current infrastructure, to identify the elements needed to evolve campus cyberinfrastructure (CI) to better support STEM research and education, to understand and document campus-wide CI needs of researchers and students driving future CI improvements, and to produce an initial campus CI plan.&lt;br/&gt;&lt;br/&gt;Impact of this planning grant extends beyond Texas College’s need for a carefully researched and prepared roadmap for technological infrastructure enabling a more advanced future. This activity also is an initial step toward improving the quality of the STEM and non-STEM education produced at Texas College. Alternate learning styles can be accommodated via technology. Students with STEM knowledge gaps can experience near-instant remediation. Culturally concordant examples can be tailored to reflect various sociocultural backgrounds within a classroom. Flight simulations can be used to teach Physics and Physical Sciences. With a sufficient cyberinfrastructure, major barriers are removed from the intellectual expansion in how teaching and learning occurs.&lt;br/&gt;&lt;br/&gt;This award reflects NSF's statutory mission and has been deemed worthy of support through evaluation using the Foundation's intellectual merit and broader impacts review criteria.</AbstractNarration>
<MinAmdLetterDate>04/07/2022</MinAmdLetterDate>
<MaxAmdLetterDate>04/07/2022</MaxAmdLetterDate>
<ARRAAmount/>
<TRAN_TYPE>Grant</TRAN_TYPE>
<CFDA_NUM>47.070</CFDA_NUM>
<NSF_PAR_USE_FLAG>1</NSF_PAR_USE_FLAG>
<FUND_AGCY_CODE>4900</FUND_AGCY_CODE>
<AWDG_AGCY_CODE>4900</AWDG_AGCY_CODE>
<AwardID>2201474</AwardID>
<Investigator>
<FirstName>Sohel</FirstName>
<LastName>Quazi</LastName>
<PI_MID_INIT>H</PI_MID_INIT>
<PI_SUFX_NAME/>
<PI_FULL_NAME>Sohel H Quazi</PI_FULL_NAME>
<EmailAddress>squazi@texascollege.edu</EmailAddress>
<PI_PHON>9035938311</PI_PHON>
<NSF_ID>000832807</NSF_ID>
<StartDate>04/07/2022</StartDate>
<EndDate/>
<RoleCode>Principal Investigator</RoleCode>
</Investigator>
<Institution>
<Name>Texas College</Name>
<CityName>TYLER</CityName>
<ZipCode>757021999</ZipCode>
<PhoneNumber>9035938311</PhoneNumber>
<StreetAddress>2404 N GRAND AVE</StreetAddress>
<StreetAddress2/>
<CountryName>United States</CountryName>
<StateName>Texas</StateName>
<StateCode>TX</StateCode>
<CONGRESSDISTRICT>01</CONGRESSDISTRICT>
<CONGRESS_DISTRICT_ORG>TX01</CONGRESS_DISTRICT_ORG>
<ORG_UEI_NUM>H9QUXLM7UBJ9</ORG_UEI_NUM>
<ORG_LGL_BUS_NAME>TEXAS COLLEGE</ORG_LGL_BUS_NAME>
<ORG_PRNT_UEI_NUM>H9QUXLM7UBJ9</ORG_PRNT_UEI_NUM>
</Institution>
<Performance_Institution>
<Name><![CDATA[TEXAS COLLEGE]]></Name>
<CityName>Tyler</CityName>
<StateCode>TX</StateCode>
<ZipCode>757021962</ZipCode>
<StreetAddress><![CDATA[2404 S. Grand Avenue]]></StreetAddress>
<CountryCode>US</CountryCode>
<CountryName>United States</CountryName>
<StateName>Texas</StateName>
<CountryFlag>1</CountryFlag>
<CONGRESSDISTRICT>01</CONGRESSDISTRICT>
<CONGRESS_DISTRICT_PERF>TX01</CONGRESS_DISTRICT_PERF>
</Performance_Institution>
<ProgramElement>
<Code>8080</Code>
<Text>Campus Cyberinfrastructure</Text>
</ProgramElement>
<FUND_OBLG>2022~100000</FUND_OBLG>
</Award>
</rootTag>
