<?xml version="1.0" encoding="UTF-8"?>
<rootTag>
<Award>
<AwardTitle>CC* Integration-Small: Harnessing FABRIC for Scalable Human Genome Sequence Analysis</AwardTitle>
<AGENCY>NSF</AGENCY>
<AwardEffectiveDate>05/01/2022</AwardEffectiveDate>
<AwardExpirationDate>04/30/2024</AwardExpirationDate>
<AwardTotalIntnAmount>500000.00</AwardTotalIntnAmount>
<AwardAmount>500000</AwardAmount>
<AwardInstrument>
<Value>Standard Grant</Value>
</AwardInstrument>
<Organization>
<Code>05090000</Code>
<Directorate>
<Abbreviation>CSE</Abbreviation>
<LongName>Direct For Computer &amp; Info Scie &amp; Enginr</LongName>
</Directorate>
<Division>
<Abbreviation>OAC</Abbreviation>
<LongName>Office of Advanced Cyberinfrastructure (OAC)</LongName>
</Division>
</Organization>
<ProgramOfficer>
<SignBlockName>Deepankar Medhi</SignBlockName>
<PO_EMAI>dmedhi@nsf.gov</PO_EMAI>
<PO_PHON>7032922935</PO_PHON>
</ProgramOfficer>
<AbstractNarration>Human genomes contain valuable information that can enable new ways of treating life-threatening diseases and improving health outcomes. However, human genomes are very large in size and require substantial computing, networking, and storage resources for processing and analysis. The goal of this project is to leverage FABRIC (https://fabric-testbed.net, an NSF-funded national research infrastructure) for efficient and secure processing and analysis of human genome sequences. Students will be involved in the research and outreach activities of the project. Software will be developed for broader use by the education and research community.&lt;br/&gt;&lt;br/&gt;This project will lead to a suite of new algorithms and techniques for efficient and secure processing and analysis of human genomes at scale using cluster computing technologies and cutting-edge, programmable hardware available on FABRIC. The research thrusts include (a) acceleration of variant calling pipelines using hardware accelerators and Big Data tools, (b) secure and efficient processing of genomes using advanced networking capabilities, and (c) a workload distribution scheme for combining the resources of FABRIC with CloudLab (https://cloudlab.us/, another NSF-funded testbed) for genome processing. Measurement data on FABRIC and CloudLab will be collected for further analysis.&lt;br/&gt;&lt;br/&gt;This project will advance the state of the art in scalable human genome sequence analysis, which is essential for the prevention and treatment of complex diseases like cancer as well as drug discovery. It will lead to an open source software for large-scale, cost-effective human genome sequence analysis using cutting-edge, everywhere programmable testbeds. The findings will be disseminated in the form of publications, software, datasets, and training materials. New coursework will be developed for computer science and informatics students. A summer camp will be conducted for high school students.&lt;br/&gt;&lt;br/&gt;The project website is hosted at https://github.com/MU-Data-Science/GAF. This repository will be maintained for 5 years after the completion of the project.&lt;br/&gt;&lt;br/&gt;This award reflects NSF's statutory mission and has been deemed worthy of support through evaluation using the Foundation's intellectual merit and broader impacts review criteria.</AbstractNarration>
<MinAmdLetterDate>03/10/2022</MinAmdLetterDate>
<MaxAmdLetterDate>03/10/2022</MaxAmdLetterDate>
<ARRAAmount/>
<TRAN_TYPE>Grant</TRAN_TYPE>
<CFDA_NUM>47.070</CFDA_NUM>
<NSF_PAR_USE_FLAG>1</NSF_PAR_USE_FLAG>
<FUND_AGCY_CODE>4900</FUND_AGCY_CODE>
<AWDG_AGCY_CODE>4900</AWDG_AGCY_CODE>
<AwardID>2201583</AwardID>
<Investigator>
<FirstName>Praveen</FirstName>
<LastName>Rao</LastName>
<PI_MID_INIT>R</PI_MID_INIT>
<PI_SUFX_NAME/>
<PI_FULL_NAME>Praveen R Rao</PI_FULL_NAME>
<EmailAddress>praveen.rao@missouri.edu</EmailAddress>
<PI_PHON>5738844195</PI_PHON>
<NSF_ID>000485506</NSF_ID>
<StartDate>03/10/2022</StartDate>
<EndDate/>
<RoleCode>Principal Investigator</RoleCode>
</Investigator>
<Institution>
<Name>University of Missouri-Columbia</Name>
<CityName>COLUMBIA</CityName>
<ZipCode>652113020</ZipCode>
<PhoneNumber>5738827560</PhoneNumber>
<StreetAddress>316 UNIVERSITY HALL</StreetAddress>
<StreetAddress2/>
<CountryName>United States</CountryName>
<StateName>Missouri</StateName>
<StateCode>MO</StateCode>
<CONGRESSDISTRICT>04</CONGRESSDISTRICT>
<CONGRESS_DISTRICT_ORG>MO04</CONGRESS_DISTRICT_ORG>
<ORG_UEI_NUM>SZPJL5ZRCLF4</ORG_UEI_NUM>
<ORG_LGL_BUS_NAME>UNIVERSITY OF MISSOURI SYSTEM</ORG_LGL_BUS_NAME>
<ORG_PRNT_UEI_NUM>LBFJB8N7LME3</ORG_PRNT_UEI_NUM>
</Institution>
<Performance_Institution>
<Name><![CDATA[University of Missouri-Columbia]]></Name>
<CityName>Columbia</CityName>
<StateCode>MO</StateCode>
<ZipCode>652110001</ZipCode>
<StreetAddress><![CDATA[115 Business Loop North 70 W]]></StreetAddress>
<CountryCode>US</CountryCode>
<CountryName>United States</CountryName>
<StateName>Missouri</StateName>
<CountryFlag>1</CountryFlag>
<CONGRESSDISTRICT>04</CONGRESSDISTRICT>
<CONGRESS_DISTRICT_PERF>MO04</CONGRESS_DISTRICT_PERF>
</Performance_Institution>
<ProgramElement>
<Code>2890</Code>
<Text>CISE Research Resources</Text>
</ProgramElement>
<FUND_OBLG>2022~500000</FUND_OBLG>
</Award>
</rootTag>
