<?xml version="1.0" encoding="UTF-8"?>
<rootTag>
<Award>
<AwardTitle><![CDATA[Investigating Pre-College Predictors and Post-Secondary Effects of Course-Based Undergraduate Research Experiences in Texas]]></AwardTitle>
<AGENCY>NSF</AGENCY>
<AwardEffectiveDate>06/15/2022</AwardEffectiveDate>
<AwardExpirationDate>05/31/2025</AwardExpirationDate>
<AwardTotalIntnAmount>499999.00</AwardTotalIntnAmount>
<AwardAmount>330123</AwardAmount>
<AwardInstrument>
<Value>Continuing Grant</Value>
</AwardInstrument>
<Organization>
<Code>11040000</Code>
<Directorate>
<Abbreviation>EHR</Abbreviation>
<LongName>Direct For Education and Human Resources</LongName>
</Directorate>
<Division>
<Abbreviation>DUE</Abbreviation>
<LongName>Division Of Undergraduate Education</LongName>
</Division>
</Organization>
<ProgramOfficer>
<SignBlockName>Kimberly Tanner</SignBlockName>
<PO_EMAI>ktanner@nsf.gov</PO_EMAI>
<PO_PHON>7032922262</PO_PHON>
</ProgramOfficer>
<AbstractNarration><![CDATA[The project aims to serve the national need to develop a diverse workforce in STEM careers. To address this need, institutions have developed course-based undergraduate research experiences in STEM to attract students to STEM careers. These research activities will produce evidence and insights about how course-based undergraduate research experiences in STEM are related to post-graduate workforce outcomes. Additionally, the research will identify pre-college student characteristics that predict student participation in course-based undergraduate STEM research experiences. The project will investigate short- and long-term outcomes of student participation in course-based undergraduate research experiences in STEM, which could provide insights to institutions and policymakers about how course-based undergraduate research experiences in STEM could address STEM workforce needs.&lt;br/&gt;&lt;br/&gt;This research efforts from scholars at Texas Tech University aims to conduct longitudinal analyses on the short- and long-term impact of STEM Course-based Undergraduate Research (CUR) on the development of future STEM professionals in Texas. Addressing a gap in the CUR literature, the studies will examine associations between pre-college student characteristics and participation in an undergraduate CURs, as well as the extent to which CUR participation is associated with positive academic outcomes and post-graduate careers in STEM fields. Research analyses will be conducted using existing database information from the University of Houston’s Education Research Center (UH-ERC). Specifically, the Texas Statewide Longitudinal Data System contains data on students from public Kindergarten through higher education to the workforce that will be used in the research. Further, text analysis methods will be used to systematically identify CURs from publicly available syllabi across Texas institutions of higher education. The project team will use multiple, established modelling methods to investigate pre-college student characteristics that predict CUR participation, as well as long-term post-graduate and employment outcomes associated with participation of CURs as an undergraduate student. The project team has prior experience analyzing large data sets and will be guided by an external advisory board with expertise in CURs, large datasets, and program evaluation. Proposed dissemination efforts, which include both research publications and policy briefs, could allow the research to serve as a model for similar analyses in other states. This research is potentially transformative for understanding student populations served by CURs and the role that a CUR may play in STEM employment.&lt;br/&gt;&lt;br/&gt;This project is supported by NSF's EHR Core Research (ECR) program. The ECR program emphasizes fundamental STEM education research that generates foundational knowledge in the field. Investments are made in critical areas that are essential, broad and enduring: STEM learning and STEM learning environments, broadening participation in STEM, and STEM workforce development. The program supports the accumulation of robust evidence to inform efforts to understand, build theory to explain, and suggest intervention and innovations to address persistent.&lt;br/&gt;&lt;br/&gt;This award reflects NSF's statutory mission and has been deemed worthy of support through evaluation using the Foundation's intellectual merit and broader impacts review criteria.]]></AbstractNarration>
<MinAmdLetterDate>06/03/2022</MinAmdLetterDate>
<MaxAmdLetterDate>06/03/2022</MaxAmdLetterDate>
<ARRAAmount/>
<TRAN_TYPE>Grant</TRAN_TYPE>
<CFDA_NUM>47.076</CFDA_NUM>
<NSF_PAR_USE_FLAG>1</NSF_PAR_USE_FLAG>
<FUND_AGCY_CODE>4900</FUND_AGCY_CODE>
<AWDG_AGCY_CODE>4900</AWDG_AGCY_CODE>
<AwardID>2201863</AwardID>
<Investigator>
<FirstName>Levi</FirstName>
<LastName>Johnson</LastName>
<PI_MID_INIT>E</PI_MID_INIT>
<PI_SUFX_NAME/>
<PI_FULL_NAME>Levi E Johnson</PI_FULL_NAME>
<EmailAddress><![CDATA[levi.johnson@ttu.edu]]></EmailAddress>
<NSF_ID>000621082</NSF_ID>
<StartDate>06/03/2022</StartDate>
<EndDate/>
<RoleCode>Co-Principal Investigator</RoleCode>
</Investigator>
<Investigator>
<FirstName>Jessica</FirstName>
<LastName>Spott</LastName>
<PI_MID_INIT/>
<PI_SUFX_NAME/>
<PI_FULL_NAME>Jessica Spott</PI_FULL_NAME>
<EmailAddress><![CDATA[jessica.spott@ttu.edu]]></EmailAddress>
<NSF_ID>000627471</NSF_ID>
<StartDate>06/03/2022</StartDate>
<EndDate/>
<RoleCode>Co-Principal Investigator</RoleCode>
</Investigator>
<Investigator>
<FirstName>Raegan</FirstName>
<LastName>Higgins</LastName>
<PI_MID_INIT/>
<PI_SUFX_NAME/>
<PI_FULL_NAME>Raegan Higgins</PI_FULL_NAME>
<EmailAddress><![CDATA[raegan.higgins@ttu.edu]]></EmailAddress>
<NSF_ID>000663473</NSF_ID>
<StartDate>06/03/2022</StartDate>
<EndDate/>
<RoleCode>Co-Principal Investigator</RoleCode>
</Investigator>
<Investigator>
<FirstName>Jessica</FirstName>
<LastName>Gottlieb</LastName>
<PI_MID_INIT>J</PI_MID_INIT>
<PI_SUFX_NAME/>
<PI_FULL_NAME>Jessica J Gottlieb</PI_FULL_NAME>
<EmailAddress><![CDATA[jessica.gottlieb@ttu.edu]]></EmailAddress>
<NSF_ID>000736607</NSF_ID>
<StartDate>06/03/2022</StartDate>
<EndDate/>
<RoleCode>Co-Principal Investigator</RoleCode>
</Investigator>
<Investigator>
<FirstName>Jacob</FirstName>
<LastName>Kirksey</LastName>
<PI_MID_INIT/>
<PI_SUFX_NAME/>
<PI_FULL_NAME>Jacob Kirksey</PI_FULL_NAME>
<EmailAddress><![CDATA[jacob.kirksey@ttu.edu]]></EmailAddress>
<NSF_ID>000839051</NSF_ID>
<StartDate>06/03/2022</StartDate>
<EndDate/>
<RoleCode>Principal Investigator</RoleCode>
</Investigator>
<Institution>
<Name>Texas Tech University</Name>
<CityName>LUBBOCK</CityName>
<ZipCode>794090000</ZipCode>
<PhoneNumber>8067423884</PhoneNumber>
<StreetAddress>2500 BROADWAY</StreetAddress>
<StreetAddress2/>
<CountryName>United States</CountryName>
<StateName>Texas</StateName>
<StateCode>TX</StateCode>
<CONGRESSDISTRICT>19</CONGRESSDISTRICT>
<CONGRESS_DISTRICT_ORG>TX19</CONGRESS_DISTRICT_ORG>
<ORG_UEI_NUM>EGLKRQ5JBCZ7</ORG_UEI_NUM>
<ORG_LGL_BUS_NAME>TEXAS TECH UNIVERSITY SYSTEM</ORG_LGL_BUS_NAME>
<ORG_PRNT_UEI_NUM>EGLKRQ5JBCZ7</ORG_PRNT_UEI_NUM>
</Institution>
<Performance_Institution>
<Name><![CDATA[Texas Tech University]]></Name>
<CityName>Lubbock</CityName>
<StateCode>TX</StateCode>
<ZipCode>794091035</ZipCode>
<StreetAddress><![CDATA[349 Administration Bldg]]></StreetAddress>
<CountryCode>US</CountryCode>
<CountryName>United States</CountryName>
<StateName>Texas</StateName>
<CountryFlag>1</CountryFlag>
<CONGRESSDISTRICT>19</CONGRESSDISTRICT>
<CONGRESS_DISTRICT_PERF>TX19</CONGRESS_DISTRICT_PERF>
</Performance_Institution>
<ProgramElement>
<Code>7980</Code>
<Text>ECR-EHR Core Research</Text>
</ProgramElement>
<ProgramReference>
<Code>8816</Code>
<Text>Workforce Development</Text>
</ProgramReference>
<FUND_OBLG>2022~330123</FUND_OBLG>
</Award>
</rootTag>
