<?xml version="1.0" encoding="UTF-8"?>
<rootTag>
<Award>
<AwardTitle>Supporting Reasoning with Multidimensional Datasets: Leveraging Student Intuitions Through Collaborative Data Production</AwardTitle>
<AGENCY>NSF</AGENCY>
<AwardEffectiveDate>09/01/2022</AwardEffectiveDate>
<AwardExpirationDate>08/31/2025</AwardExpirationDate>
<AwardTotalIntnAmount>1379846.00</AwardTotalIntnAmount>
<AwardAmount>995408</AwardAmount>
<AwardInstrument>
<Value>Continuing Grant</Value>
</AwardInstrument>
<Organization>
<Code>11090000</Code>
<Directorate>
<Abbreviation>EHR</Abbreviation>
<LongName>Direct For Education and Human Resources</LongName>
</Directorate>
<Division>
<Abbreviation>DRL</Abbreviation>
<LongName>Division Of Research On Learning</LongName>
</Division>
</Organization>
<ProgramOfficer>
<SignBlockName>Eric Knuth</SignBlockName>
<PO_EMAI>eknuth@nsf.gov</PO_EMAI>
<PO_PHON>7032928402</PO_PHON>
</ProgramOfficer>
<AbstractNarration>It is increasingly vital that people be able to make sense of scientific data and extract information from public datasets in order to inform their decisions about everything from ballot initiatives on climate policy to personal choices about vaccines. The project has a long-term goal of broadening participation in STEM by making data literacy attainable by more students. The project will develop instructional design supports for high school students that build on their novice intuitions for visualizing and interacting with complex datasets. The project will also develop design principles to guide technology developers, curricular developers, and researchers in creating environments more conducive to promoting data literacy for all learners, including those who are not confident math learners and those interested in further work in STEM. These results will inform future efforts aimed at helping students better understand how to interact with data. The project will also produce working examples of open-source software and technological supports in CODAP (Common Online Data Analysis Platform) based on the design principles it develops.&lt;br/&gt;&lt;br/&gt;Project research will explore two broad conjectures about how technological and instructional supports for interrogating multidimensional data can improve students’ abilities to make sense of their world and empower them to use data personally and professionally. First, the project envisions that providing students with resources to represent and visualize multidimensional data in ways that build on novice intuitions will allow them more agency in transforming data structures to answer their own questions. Second, the project posits that working collaboratively to build a multidimensional dataset can help students develop rich associations, which contribute to robust and flexible mental models of data structure that students can then apply to datasets more broadly. Research methods include think-aloud interviews and instructional sessions with small groups of students to explore their intuitive notions about data structure and how these intuitive notions can be leveraged to offer support for visualizing and transforming data. Project research will result in a) theoretical insights into how novices intuitively represent and interact with multidimensional data; b) design principles for constructing user interfaces and educational experiences that can support student understanding and use of multidimensional datasets; and c) tested examples of software user interfaces and instructional activities that exemplify the design principles.&lt;br/&gt;&lt;br/&gt;This project is supported by NSF's EHR Core Research (ECR) program. The ECR program emphasizes fundamental STEM education research that generates foundational knowledge in the field. Investments are made in critical areas that are essential, broad and enduring: STEM learning and STEM learning environments, broadening participation in STEM, and STEM workforce development. The program supports the accumulation of robust evidence to inform efforts to understand, build theory to explain, and suggest intervention and innovations to address persistent challenges in education.&lt;br/&gt;&lt;br/&gt;This award reflects NSF's statutory mission and has been deemed worthy of support through evaluation using the Foundation's intellectual merit and broader impacts review criteria.</AbstractNarration>
<MinAmdLetterDate>05/06/2022</MinAmdLetterDate>
<MaxAmdLetterDate>05/06/2022</MaxAmdLetterDate>
<ARRAAmount/>
<TRAN_TYPE>Grant</TRAN_TYPE>
<CFDA_NUM>47.076</CFDA_NUM>
<NSF_PAR_USE_FLAG>1</NSF_PAR_USE_FLAG>
<FUND_AGCY_CODE>4900</FUND_AGCY_CODE>
<AWDG_AGCY_CODE>4900</AWDG_AGCY_CODE>
<AwardID>2201177</AwardID>
<Investigator>
<FirstName>Daniel</FirstName>
<LastName>Damelin</LastName>
<PI_MID_INIT/>
<PI_SUFX_NAME/>
<PI_FULL_NAME>Daniel Damelin</PI_FULL_NAME>
<EmailAddress>ddamelin@concord.org</EmailAddress>
<PI_PHON>9784053242</PI_PHON>
<NSF_ID>000073297</NSF_ID>
<StartDate>05/06/2022</StartDate>
<EndDate/>
<RoleCode>Co-Principal Investigator</RoleCode>
</Investigator>
<Investigator>
<FirstName>Lynn</FirstName>
<LastName>Stephens</LastName>
<PI_MID_INIT/>
<PI_SUFX_NAME/>
<PI_FULL_NAME>Lynn Stephens</PI_FULL_NAME>
<EmailAddress>lstephens@concord.org</EmailAddress>
<PI_PHON>4132304634</PI_PHON>
<NSF_ID>000639251</NSF_ID>
<StartDate>05/06/2022</StartDate>
<EndDate/>
<RoleCode>Principal Investigator</RoleCode>
</Investigator>
<Institution>
<Name>Concord Consortium</Name>
<CityName>CONCORD</CityName>
<ZipCode>017422345</ZipCode>
<PhoneNumber>9784053205</PhoneNumber>
<StreetAddress>25 LOVE LN</StreetAddress>
<StreetAddress2/>
<CountryName>United States</CountryName>
<StateName>Massachusetts</StateName>
<StateCode>MA</StateCode>
<CONGRESSDISTRICT>03</CONGRESSDISTRICT>
<CONGRESS_DISTRICT_ORG>MA03</CONGRESS_DISTRICT_ORG>
<ORG_UEI_NUM>FY85DRNMJAM4</ORG_UEI_NUM>
<ORG_LGL_BUS_NAME>CONCORD CONSORTIUM INC</ORG_LGL_BUS_NAME>
<ORG_PRNT_UEI_NUM/>
</Institution>
<Performance_Institution>
<Name><![CDATA[Concord Consortium]]></Name>
<CityName>Concord</CityName>
<StateCode>MA</StateCode>
<ZipCode>017422345</ZipCode>
<StreetAddress><![CDATA[25 Love Lane]]></StreetAddress>
<CountryCode>US</CountryCode>
<CountryName>United States</CountryName>
<StateName>Massachusetts</StateName>
<CountryFlag>1</CountryFlag>
<CONGRESSDISTRICT>03</CONGRESSDISTRICT>
<CONGRESS_DISTRICT_PERF>MA03</CONGRESS_DISTRICT_PERF>
</Performance_Institution>
<ProgramElement>
<Code>7980</Code>
<Text>ECR-EHR Core Research</Text>
</ProgramElement>
<ProgramReference>
<Code>8817</Code>
<Text>STEM Learning &amp; Learning Environments</Text>
</ProgramReference>
<FUND_OBLG>2022~995408</FUND_OBLG>
</Award>
</rootTag>
