<?xml version="1.0" encoding="UTF-8"?>
<rootTag>
<Award>
<AwardTitle>Birational Geometry: Invariants, Reconstruction, and Deformation Problems</AwardTitle>
<AGENCY>NSF</AGENCY>
<AwardEffectiveDate>04/15/2022</AwardEffectiveDate>
<AwardExpirationDate>03/31/2025</AwardExpirationDate>
<AwardTotalIntnAmount>280000.00</AwardTotalIntnAmount>
<AwardAmount>280000</AwardAmount>
<AwardInstrument>
<Value>Standard Grant</Value>
</AwardInstrument>
<Organization>
<Code>03040000</Code>
<Directorate>
<Abbreviation>MPS</Abbreviation>
<LongName>Direct For Mathematical &amp; Physical Scien</LongName>
</Directorate>
<Division>
<Abbreviation>DMS</Abbreviation>
<LongName>Division Of Mathematical Sciences</LongName>
</Division>
</Organization>
<ProgramOfficer>
<SignBlockName>James Matthew Douglass</SignBlockName>
<PO_EMAI>mdouglas@nsf.gov</PO_EMAI>
<PO_PHON>7032922467</PO_PHON>
</ProgramOfficer>
<AbstractNarration>This project is in algebraic geometry, an active branch of modern mathematics, originating in the theory of diophantine equations. The main objects of study are algebraic varieties, which are solution sets of systems of polynomial equations in several variables. The goal of the project is to develop methods to measure how unconstrained the solutions of these equations are. More precisely, it aims at understanding several invariants of algebraic varieties, constructed by modern techniques using methods from algebraic geometry, arithmetic geometry, and number theory. The project includes concrete problems for graduate student training and incorporates the use of computational resources and algebraic software packages.  &lt;br/&gt; &lt;br/&gt;In more detail, the PI will use methods from Galois cohomology of function fields, properties of algebraic cycles over non-algebraically closed fields, K-theory, and degeneration techniques, to prove results in the following directions: (1) rationality and stable rationality for families of algebraic varieties, in particular for fourfolds fibered by del Pezzo surfaces; (2) equivariant birational invariants; (3) variation of Chow groups of algebraic cycles, in particular  over number fields; and (4) reconstruction of birational classes from set-theoretical data.&lt;br/&gt;&lt;br/&gt;This award reflects NSF's statutory mission and has been deemed worthy of support through evaluation using the Foundation's intellectual merit and broader impacts review criteria.</AbstractNarration>
<MinAmdLetterDate>04/04/2022</MinAmdLetterDate>
<MaxAmdLetterDate>04/04/2022</MaxAmdLetterDate>
<ARRAAmount/>
<TRAN_TYPE>Grant</TRAN_TYPE>
<CFDA_NUM>47.049</CFDA_NUM>
<NSF_PAR_USE_FLAG>1</NSF_PAR_USE_FLAG>
<FUND_AGCY_CODE>4900</FUND_AGCY_CODE>
<AWDG_AGCY_CODE>4900</AWDG_AGCY_CODE>
<AwardID>2201195</AwardID>
<Investigator>
<FirstName>Alena</FirstName>
<LastName>Pirutka</LastName>
<PI_MID_INIT/>
<PI_SUFX_NAME/>
<PI_FULL_NAME>Alena Pirutka</PI_FULL_NAME>
<EmailAddress>ap166@nyu.edu</EmailAddress>
<PI_PHON>6467144584</PI_PHON>
<NSF_ID>000704113</NSF_ID>
<StartDate>04/04/2022</StartDate>
<EndDate/>
<RoleCode>Principal Investigator</RoleCode>
</Investigator>
<Institution>
<Name>New York University</Name>
<CityName>NEW YORK</CityName>
<ZipCode>100121019</ZipCode>
<PhoneNumber>2129982121</PhoneNumber>
<StreetAddress>70 WASHINGTON SQ S</StreetAddress>
<StreetAddress2/>
<CountryName>United States</CountryName>
<StateName>New York</StateName>
<StateCode>NY</StateCode>
<CONGRESSDISTRICT>10</CONGRESSDISTRICT>
<CONGRESS_DISTRICT_ORG>NY10</CONGRESS_DISTRICT_ORG>
<ORG_UEI_NUM>NX9PXMKW5KW8</ORG_UEI_NUM>
<ORG_LGL_BUS_NAME>NEW YORK UNIVERSITY</ORG_LGL_BUS_NAME>
<ORG_PRNT_UEI_NUM>NX9PXMKW5KW8</ORG_PRNT_UEI_NUM>
</Institution>
<Performance_Institution>
<Name><![CDATA[New York University]]></Name>
<CityName>New York</CityName>
<StateCode>NY</StateCode>
<ZipCode>100121019</ZipCode>
<StreetAddress><![CDATA[251 Mercer St]]></StreetAddress>
<CountryCode>US</CountryCode>
<CountryName>United States</CountryName>
<StateName>New York</StateName>
<CountryFlag>1</CountryFlag>
<CONGRESSDISTRICT>10</CONGRESSDISTRICT>
<CONGRESS_DISTRICT_PERF>NY10</CONGRESS_DISTRICT_PERF>
</Performance_Institution>
<ProgramElement>
<Code>1264</Code>
<Text>ALGEBRA,NUMBER THEORY,AND COM</Text>
</ProgramElement>
<FUND_OBLG>2022~280000</FUND_OBLG>
</Award>
</rootTag>
