<?xml version="1.0" encoding="UTF-8"?>
<rootTag>
<Award>
<AwardTitle>Educating Autonomous Vehicle Technicians</AwardTitle>
<AGENCY>NSF</AGENCY>
<AwardEffectiveDate>05/15/2022</AwardEffectiveDate>
<AwardExpirationDate>04/30/2025</AwardExpirationDate>
<AwardTotalIntnAmount>348486.00</AwardTotalIntnAmount>
<AwardAmount>348486</AwardAmount>
<AwardInstrument>
<Value>Standard Grant</Value>
</AwardInstrument>
<Organization>
<Code>11040100</Code>
<Directorate>
<Abbreviation>EHR</Abbreviation>
<LongName>Direct For Education and Human Resources</LongName>
</Directorate>
<Division>
<Abbreviation>DUE</Abbreviation>
<LongName>Division Of Undergraduate Education</LongName>
</Division>
</Organization>
<ProgramOfficer>
<SignBlockName>Michael Davis</SignBlockName>
<PO_EMAI>mdavis@nsf.gov</PO_EMAI>
<PO_PHON>7032927166</PO_PHON>
</ProgramOfficer>
<AbstractNarration>Riverland Community College (RCC) in Minnesota is the home of an Automotive Service Excellence Education Foundation with an accredited Automotive Service Technology Program that has served the region for several decades.  To meet the need for automotive technicians with appropriate skills in driver assistance and autonomous vehicles, RCC will improve outcomes for students as they complete their academic programs and enter the workforce. This program will graduate Automotive Technicians with Advanced Driver Assistance System (ADAS) and Autonomous Vehicle (AV) expertise. The project will leverage a recently renovated space that includes a 30,000 square foot building. The project will provide professional development, procure essential equipment, modify existing courses, and add new curriculum that will advance the skills of current and future automotive technicians with an Autonomous Vehicle Technician Advanced Certificate. &lt;br/&gt;&lt;br/&gt;Over the course of four semesters students will participate in training that will cover essential topics in AV and ADAS repair and maintenance.  Utilizing new and existing relationships, the project will establish an Advisory Board that will ensure the transferability of skills between the classroom and the workplace. Instructors will develop and adapt curriculum relevant to ADAS and AV in cooperation with academic partners and collaborating automotive ATE projects and Centers across the country.  This project will make the program more adaptable and responsive to rapidly evolving industry needs and will have more appeal to technologically advanced students. Through targeted outreach, the project will engage under-served populations to promote awareness and increase the diversity of the automotive technology workforce. This project is funded by the Advanced Technological Education program that focuses on the education of technicians for the advanced-technology fields that drive the Nation's economy.&lt;br/&gt;&lt;br/&gt;This award reflects NSF's statutory mission and has been deemed worthy of support through evaluation using the Foundation's intellectual merit and broader impacts review criteria.</AbstractNarration>
<MinAmdLetterDate>05/11/2022</MinAmdLetterDate>
<MaxAmdLetterDate>05/11/2022</MaxAmdLetterDate>
<ARRAAmount/>
<TRAN_TYPE>Grant</TRAN_TYPE>
<CFDA_NUM>47.076</CFDA_NUM>
<NSF_PAR_USE_FLAG>1</NSF_PAR_USE_FLAG>
<FUND_AGCY_CODE>4900</FUND_AGCY_CODE>
<AWDG_AGCY_CODE>4900</AWDG_AGCY_CODE>
<AwardID>2201439</AwardID>
<Investigator>
<FirstName>Olle</FirstName>
<LastName>Gladso</LastName>
<PI_MID_INIT>J</PI_MID_INIT>
<PI_SUFX_NAME/>
<PI_FULL_NAME>Olle J Gladso</PI_FULL_NAME>
<EmailAddress>olle.gladso@riverland.edu</EmailAddress>
<PI_PHON>5073189815</PI_PHON>
<NSF_ID>000828819</NSF_ID>
<StartDate>05/11/2022</StartDate>
<EndDate/>
<RoleCode>Principal Investigator</RoleCode>
</Investigator>
<Investigator>
<FirstName>JACK</FirstName>
<LastName>LONGRESS</LastName>
<PI_MID_INIT>L</PI_MID_INIT>
<PI_SUFX_NAME/>
<PI_FULL_NAME>JACK L LONGRESS</PI_FULL_NAME>
<EmailAddress>jack.longress@riverland.edu</EmailAddress>
<PI_PHON>5073793377</PI_PHON>
<NSF_ID>000831239</NSF_ID>
<StartDate>05/11/2022</StartDate>
<EndDate/>
<RoleCode>Co-Principal Investigator</RoleCode>
</Investigator>
<Investigator>
<FirstName>Shannon</FirstName>
<LastName>Mohn</LastName>
<PI_MID_INIT>D</PI_MID_INIT>
<PI_SUFX_NAME/>
<PI_FULL_NAME>Shannon D Mohn</PI_FULL_NAME>
<EmailAddress>shannon.mohn@minnesota.edu</EmailAddress>
<PI_PHON>2182996563</PI_PHON>
<NSF_ID>000838820</NSF_ID>
<StartDate>05/11/2022</StartDate>
<EndDate/>
<RoleCode>Co-Principal Investigator</RoleCode>
</Investigator>
<Investigator>
<FirstName>Scott</FirstName>
<LastName>Swelland</LastName>
<PI_MID_INIT>J</PI_MID_INIT>
<PI_SUFX_NAME/>
<PI_FULL_NAME>Scott J Swelland</PI_FULL_NAME>
<EmailAddress>scott.s@austinfordchrysler.com</EmailAddress>
<PI_PHON>5074373291</PI_PHON>
<NSF_ID>000866299</NSF_ID>
<StartDate>05/11/2022</StartDate>
<EndDate/>
<RoleCode>Co-Principal Investigator</RoleCode>
</Investigator>
<Institution>
<Name>Minnesota Riverland Technical College (Austin Campus)</Name>
<CityName>AUSTIN</CityName>
<ZipCode>559121473</ZipCode>
<PhoneNumber>5074330364</PhoneNumber>
<StreetAddress>1900 8TH AVE NW</StreetAddress>
<StreetAddress2/>
<CountryName>United States</CountryName>
<StateName>Minnesota</StateName>
<StateCode>MN</StateCode>
<CONGRESSDISTRICT>01</CONGRESSDISTRICT>
<CONGRESS_DISTRICT_ORG>MN01</CONGRESS_DISTRICT_ORG>
<ORG_UEI_NUM>RX22A9BGLKA3</ORG_UEI_NUM>
<ORG_LGL_BUS_NAME>RIVERLAND COMMUNITY COLLEGE AUSTIN</ORG_LGL_BUS_NAME>
<ORG_PRNT_UEI_NUM>DJUBETXVGYD6</ORG_PRNT_UEI_NUM>
</Institution>
<Performance_Institution>
<Name><![CDATA[Riverland Community College]]></Name>
<CityName>Albert Lea</CityName>
<StateCode>MN</StateCode>
<ZipCode>560073435</ZipCode>
<StreetAddress><![CDATA[2200 Riverland Dr]]></StreetAddress>
<CountryCode>US</CountryCode>
<CountryName>United States</CountryName>
<StateName>Minnesota</StateName>
<CountryFlag>1</CountryFlag>
<CONGRESSDISTRICT>01</CONGRESSDISTRICT>
<CONGRESS_DISTRICT_PERF>MN01</CONGRESS_DISTRICT_PERF>
</Performance_Institution>
<ProgramElement>
<Code>7412</Code>
<Text>Advanced Tech Education Prog</Text>
</ProgramElement>
<ProgramReference>
<Code>1032</Code>
<Text>ADVANCED TECHNOLOGY EDUCATION</Text>
</ProgramReference>
<ProgramReference>
<Code>9178</Code>
<Text>UNDERGRADUATE EDUCATION</Text>
</ProgramReference>
<ProgramReference>
<Code>SMET</Code>
<Text>SCIENCE, MATH, ENG &amp; TECH EDUCATION</Text>
</ProgramReference>
<FUND_OBLG>2022~348486</FUND_OBLG>
</Award>
</rootTag>
