<?xml version="1.0" encoding="UTF-8"?>
<rootTag>
<Award>
<AwardTitle><![CDATA[Investigating how combining intensive professional development and modest support affects rural, elementary teachers’ science and engineering practice]]></AwardTitle>
<AGENCY>NSF</AGENCY>
<AwardEffectiveDate>08/01/2022</AwardEffectiveDate>
<AwardExpirationDate>07/31/2026</AwardExpirationDate>
<AwardTotalIntnAmount>2955381.00</AwardTotalIntnAmount>
<AwardAmount>1467932</AwardAmount>
<AwardInstrument>
<Value>Continuing Grant</Value>
</AwardInstrument>
<Organization>
<Code>11090000</Code>
<Directorate>
<Abbreviation>EHR</Abbreviation>
<LongName>Direct For Education and Human Resources</LongName>
</Directorate>
<Division>
<Abbreviation>DRL</Abbreviation>
<LongName>Division Of Research On Learning</LongName>
</Division>
</Organization>
<ProgramOfficer>
<SignBlockName>Joan Walker</SignBlockName>
<PO_EMAI>jowalker@nsf.gov</PO_EMAI>
<PO_PHON>7032920000</PO_PHON>
</ProgramOfficer>
<AbstractNarration><![CDATA[This study will investigate factors influencing teacher change after professional learning (PL) experiences and will examine the extent to which modest supports for science and engineering teaching in grades 3-5 sustain PL outcomes over the long term. One hundred eighty elementary teachers situated in small, rural school districts will be recruited for the study, bringing together 45 teachers from four states: North Dakota, California, Montana, and Wyoming. The teachers will participate in intensive online PL over the span of 5 days. After completing the initial PL, teachers will engage in modest electronic supports including a half-day refresher session the year after the initial PL, virtual meetings, social media connections among participating teachers, and access to archived Webinars on a range of topics related to teaching elementary school science. Modest support for replacement of consumable supplies needed for hands-on classroom engineering tasks will also be provided. The project will examine the extent to which these modest supports individually and collectively foster the sustainability of PL outcomes in terms of increases in instructional time devoted to science, teacher self-efficacy in science, and teacher use of reform-oriented instructional strategies aligned with the Next Generation Science Standards. The effects of contextual factors on sustainability of PL outcomes will also be investigated.&lt;br/&gt;&lt;br/&gt;This longitudinal study will address four research objectives: (1) assessing the extent to which an intense 5-day science and engineering PL event impacts teachers’ knowledge and self-efficacy in science; (2) observing the effectiveness of modest supports on teachers’ self-efficacy in science and engineering, on teachers’ use of inquiry-based instructional strategies, and on the sustainability of PL outcomes, including instructional time in science and engineering; (3) documenting the effectiveness of intense PL, followed by modest supports, on teachers’ capacities to deliver engineering instruction, and specifically their integration of engineering practices; and (4) capturing the outcomes of science and engineering instruction delivered by teachers after intense PL and modest supports, as shown by student achievement. The three-year mixed-methods research design will collect quantitative and qualitative data from multiple sources, including teacher surveys, teacher interviews, and classroom observations, plus measures of student learning. Quantitative data will be analyzed using hierarchical modeling to examine growth rates after the initial PL and the change in growth after the provision of modest supports. Qualitative data including instructional logs will be analyzed independently and together with the quantitative survey data for triangulation purposes. These data will be analyzed by individual teacher, by grade level, by school, by district, and by state. Together, these data will enable the project team to address the project's research objectives, which focus on the persistence of PL outcomes in science and engineering, the extent to which teachers make use of various supports and which supports are critical for attaining meaningful outcomes. &lt;br/&gt;&lt;br/&gt;The Discovery Research K-12 program (DRK-12) seeks to significantly enhance the learning and teaching of science, technology, engineering and mathematics (STEM) by preK-12 students and teachers, through research and development of innovative resources, models and tools (RMTs). Projects in the DRK-12 program build on fundamental research in STEM education and prior research and development efforts that provide theoretical and empirical justification for proposed projects.&lt;br/&gt;&lt;br/&gt;This award reflects NSF's statutory mission and has been deemed worthy of support through evaluation using the Foundation's intellectual merit and broader impacts review criteria.]]></AbstractNarration>
<MinAmdLetterDate>04/26/2022</MinAmdLetterDate>
<MaxAmdLetterDate>04/26/2022</MaxAmdLetterDate>
<ARRAAmount/>
<TRAN_TYPE>Grant</TRAN_TYPE>
<CFDA_NUM>47.076</CFDA_NUM>
<NSF_PAR_USE_FLAG>1</NSF_PAR_USE_FLAG>
<FUND_AGCY_CODE>4900</FUND_AGCY_CODE>
<AWDG_AGCY_CODE>4900</AWDG_AGCY_CODE>
<AwardID>2201249</AwardID>
<Investigator>
<FirstName>Cathy</FirstName>
<LastName>Ringstaff</LastName>
<PI_MID_INIT/>
<PI_SUFX_NAME/>
<PI_FULL_NAME>Cathy Ringstaff</PI_FULL_NAME>
<EmailAddress><![CDATA[cringst@wested.org]]></EmailAddress>
<NSF_ID>000469071</NSF_ID>
<StartDate>04/26/2022</StartDate>
<EndDate/>
<RoleCode>Co-Principal Investigator</RoleCode>
</Investigator>
<Investigator>
<FirstName>Ryan</FirstName>
<LastName>Summers</LastName>
<PI_MID_INIT/>
<PI_SUFX_NAME/>
<PI_FULL_NAME>Ryan Summers</PI_FULL_NAME>
<EmailAddress><![CDATA[ryan.summers@und.edu]]></EmailAddress>
<NSF_ID>000753861</NSF_ID>
<StartDate>04/26/2022</StartDate>
<EndDate/>
<RoleCode>Principal Investigator</RoleCode>
</Investigator>
<Investigator>
<FirstName>Ashley</FirstName>
<LastName>Iveland</LastName>
<PI_MID_INIT/>
<PI_SUFX_NAME/>
<PI_FULL_NAME>Ashley Iveland</PI_FULL_NAME>
<EmailAddress><![CDATA[aivelan@wested.org]]></EmailAddress>
<NSF_ID>000781840</NSF_ID>
<StartDate>04/26/2022</StartDate>
<EndDate/>
<RoleCode>Co-Principal Investigator</RoleCode>
</Investigator>
<Investigator>
<FirstName>Rebekah</FirstName>
<LastName>Hammack</LastName>
<PI_MID_INIT/>
<PI_SUFX_NAME/>
<PI_FULL_NAME>Rebekah Hammack</PI_FULL_NAME>
<EmailAddress><![CDATA[rebekah.hammack@montana.edu]]></EmailAddress>
<NSF_ID>000782958</NSF_ID>
<StartDate>04/26/2022</StartDate>
<EndDate/>
<RoleCode>Co-Principal Investigator</RoleCode>
</Investigator>
<Investigator>
<FirstName>Martha</FirstName>
<LastName>Inouye</LastName>
<PI_MID_INIT>C</PI_MID_INIT>
<PI_SUFX_NAME/>
<PI_FULL_NAME>Martha C Inouye</PI_FULL_NAME>
<EmailAddress><![CDATA[minouye@uwyo.edu]]></EmailAddress>
<NSF_ID>000813981</NSF_ID>
<StartDate>04/26/2022</StartDate>
<EndDate/>
<RoleCode>Co-Principal Investigator</RoleCode>
</Investigator>
<Institution>
<Name>University of North Dakota Main Campus</Name>
<CityName>GRAND FORKS</CityName>
<ZipCode>582026059</ZipCode>
<PhoneNumber>7017774151</PhoneNumber>
<StreetAddress>264 CENTENNIAL DR</StreetAddress>
<StreetAddress2/>
<CountryName>United States</CountryName>
<StateName>North Dakota</StateName>
<StateCode>ND</StateCode>
<CONGRESSDISTRICT>00</CONGRESSDISTRICT>
<CONGRESS_DISTRICT_ORG>ND00</CONGRESS_DISTRICT_ORG>
<ORG_UEI_NUM>RSWNKK6J8CF3</ORG_UEI_NUM>
<ORG_LGL_BUS_NAME>UNIVERSITY OF NORTH DAKOTA</ORG_LGL_BUS_NAME>
<ORG_PRNT_UEI_NUM>RSWNKK6J8CF3</ORG_PRNT_UEI_NUM>
</Institution>
<Performance_Institution>
<Name><![CDATA[University of North Dakota Main Campus]]></Name>
<CityName>Grand Forks</CityName>
<StateCode>ND</StateCode>
<ZipCode>582027306</ZipCode>
<StreetAddress><![CDATA[264 Centennial Dr Stop 7306]]></StreetAddress>
<CountryCode>US</CountryCode>
<CountryName>United States</CountryName>
<StateName>North Dakota</StateName>
<CountryFlag>1</CountryFlag>
<CONGRESSDISTRICT>00</CONGRESSDISTRICT>
<CONGRESS_DISTRICT_PERF>ND00</CONGRESS_DISTRICT_PERF>
</Performance_Institution>
<ProgramElement>
<Code>7645</Code>
<Text>Discovery Research K-12</Text>
</ProgramElement>
<FUND_OBLG>2022~1467932</FUND_OBLG>
</Award>
</rootTag>
