<?xml version="1.0" encoding="UTF-8"?>
<rootTag>
<Award>
<AwardTitle>CC* Integration-Large: An Extensible Internet for Science Applications and Beyond</AwardTitle>
<AGENCY>NSF</AGENCY>
<AwardEffectiveDate>04/01/2022</AwardEffectiveDate>
<AwardExpirationDate>03/31/2024</AwardExpirationDate>
<AwardTotalIntnAmount>997908.00</AwardTotalIntnAmount>
<AwardAmount>997908</AwardAmount>
<AwardInstrument>
<Value>Standard Grant</Value>
</AwardInstrument>
<Organization>
<Code>05090000</Code>
<Directorate>
<Abbreviation>CSE</Abbreviation>
<LongName>Direct For Computer &amp; Info Scie &amp; Enginr</LongName>
</Directorate>
<Division>
<Abbreviation>OAC</Abbreviation>
<LongName>Office of Advanced Cyberinfrastructure (OAC)</LongName>
</Division>
</Organization>
<ProgramOfficer>
<SignBlockName>Deepankar Medhi</SignBlockName>
<PO_EMAI>dmedhi@nsf.gov</PO_EMAI>
<PO_PHON>7032922935</PO_PHON>
</ProgramOfficer>
<AbstractNarration>Modern scientific research often involves huge datasets and many geographically distributed collaborators. The collaborative sharing of data in such research efforts requires rapid, flexible, and automated data transfers between sites. These sites have different computational and networking infrastructures, and are managed by different entities. To provide a uniform and extensible set of data sharing tools to such collaborations, the network should serve as a Data Valet for collaborating scientific institutions.&lt;br/&gt;&lt;br/&gt;This main technical challenge in achieving this goal lies not in each individual piece of data-sharing functionality. Rather, it lies in how one builds an extensible architecture where current data-handling features can synergistically coexist and new ones can be seamlessly incorporated. To meet this challenge, this effort will leverage a design called the Extensible Internet (EI). EI allows network operators to insert new data processing functionality in a way that (i) any host that is aware of the new functionality can use it and (ii) hosts that are unaware of the new functionality can continue to function. This system will be deployed on ESnet, which is a high-performance network optimized for large-scale science, interconnecting the National Laboratory System in the United States.&lt;br/&gt;&lt;br/&gt;The National Laboratory System pursues research in a wide array of fields. The work described here will facilitate any National Laboratory effort that involves the sharing of large datasets among geographically distributed collaborators. Potential opportunities for impact range from the biological sciences (e.g., genomic research) to the environmental sciences (e.g., climate research) to the physical sciences (e.g., Large Hadron Collider) to the energy sciences (e.g., National Synchrotron Light Source).&lt;br/&gt;&lt;br/&gt;This collaborative effort brings together researchers from Mount Holyoke College, New York University, the University of Washington, and the University of California at Berkeley. All source code, data, papers, documentation, and course materials produced as a part of the proposed work will be available from http://extensibleinternet.org/ . All material will remain available for at least five years after the end of this project or five years after publication, whichever is later. All source code will be released under a permissive license.&lt;br/&gt;&lt;br/&gt;This award reflects NSF's statutory mission and has been deemed worthy of support through evaluation using the Foundation's intellectual merit and broader impacts review criteria.</AbstractNarration>
<MinAmdLetterDate>03/15/2022</MinAmdLetterDate>
<MaxAmdLetterDate>03/15/2022</MaxAmdLetterDate>
<ARRAAmount/>
<TRAN_TYPE>Grant</TRAN_TYPE>
<CFDA_NUM>47.070</CFDA_NUM>
<NSF_PAR_USE_FLAG>1</NSF_PAR_USE_FLAG>
<FUND_AGCY_CODE>4900</FUND_AGCY_CODE>
<AWDG_AGCY_CODE>4900</AWDG_AGCY_CODE>
<AwardID>2201489</AwardID>
</Award>
</rootTag>
