<?xml version="1.0" encoding="UTF-8"?>
<rootTag>
<Award>
<AwardTitle>Collaborative Research: Droplet breakup in homogenous turbulence: model validation through experiments and direct numerical simulations</AwardTitle>
<AGENCY>NSF</AGENCY>
<AwardEffectiveDate>02/15/2022</AwardEffectiveDate>
<AwardExpirationDate>01/31/2025</AwardExpirationDate>
<AwardTotalIntnAmount>406601.00</AwardTotalIntnAmount>
<AwardAmount>406601</AwardAmount>
<AwardInstrument>
<Value>Standard Grant</Value>
</AwardInstrument>
<Organization>
<Code>07020000</Code>
<Directorate>
<Abbreviation>ENG</Abbreviation>
<LongName>Directorate For Engineering</LongName>
</Directorate>
<Division>
<Abbreviation>CBET</Abbreviation>
<LongName>Div Of Chem, Bioeng, Env, &amp; Transp Sys</LongName>
</Division>
</Organization>
<ProgramOfficer>
<SignBlockName>William Olbricht</SignBlockName>
<PO_EMAI>wolbrich@nsf.gov</PO_EMAI>
<PO_PHON>7032924842</PO_PHON>
</ProgramOfficer>
<AbstractNarration>The breakage of liquid droplets in a turbulent fluid flow is an important phenomenon in numerous engineering, scientific, and environmental applications.  For example, many chemical and pharmaceutical processing techniques involve droplets breaking as components mix and react. Droplet breakage is also important in environmental applications such as the dynamics of oil spills and their cleanup, and in the leakage of underground storage tanks into water sources.  Scientists and engineers have worked to develop computational techniques to predict complex fluid processes such as those listed above. A key component of these computational techniques are models that accurately describe droplet breakage and its dependence on flow parameters such as turbulence intensity and droplet properties such as viscosity, surface tension, diameter, and density.  This project will conduct a series of experiments to measure droplet breakage under highly controlled conditions.  Data from the experiments will be used to improve droplet breakage models.&lt;br/&gt;&lt;br/&gt;This project will investigate effects of turbulence intensity and fluid properties on droplet breakage by performing detailed experiments and using these data to improve and validate droplet breakage models. In the experiments, individual droplets will be injected into a flow chamber that has been designed to generate a uniform turbulent field. The turbulent field will be characterized using particle image velocimetry.  High-speed movies will be captured of the droplet as it is deformed and then broken by the turbulence. The experiments will be repeated for different droplet diameters and fluids, and large ensembles of droplet breakage movies will be analyzed statistically to yield data on the droplet breakup process, including droplet size and shape. Moreover, because the timing of successive images in the movies will be known, droplet breakage event timings and frequencies can be determined by analyzing each image sequence. Graduate and undergraduate students will work on this project. Local high-school students will be recruited to participate as part of the research team through the Ames (Iowa) High School Enhanced Learning Program.&lt;br/&gt;&lt;br/&gt;This award reflects NSF's statutory mission and has been deemed worthy of support through evaluation using the Foundation's intellectual merit and broader impacts review criteria.</AbstractNarration>
<MinAmdLetterDate>01/26/2022</MinAmdLetterDate>
<MaxAmdLetterDate>01/26/2022</MaxAmdLetterDate>
<ARRAAmount/>
<TRAN_TYPE>Grant</TRAN_TYPE>
<CFDA_NUM>47.041</CFDA_NUM>
<NSF_PAR_USE_FLAG>1</NSF_PAR_USE_FLAG>
<FUND_AGCY_CODE>4900</FUND_AGCY_CODE>
<AWDG_AGCY_CODE>4900</AWDG_AGCY_CODE>
<AwardID>2201707</AwardID>
<Investigator>
<FirstName>Rodney</FirstName>
<LastName>Fox</LastName>
<PI_MID_INIT>O</PI_MID_INIT>
<PI_SUFX_NAME/>
<PI_FULL_NAME>Rodney O Fox</PI_FULL_NAME>
<EmailAddress>rofox@iastate.edu</EmailAddress>
<PI_PHON>5152949104</PI_PHON>
<NSF_ID>000406507</NSF_ID>
<StartDate>01/26/2022</StartDate>
<EndDate/>
<RoleCode>Co-Principal Investigator</RoleCode>
</Investigator>
<Investigator>
<FirstName>R. Dennis</FirstName>
<LastName>Vigil</LastName>
<PI_MID_INIT/>
<PI_SUFX_NAME/>
<PI_FULL_NAME>R. Dennis Vigil</PI_FULL_NAME>
<EmailAddress>vigil@iastate.edu</EmailAddress>
<PI_PHON>5152946438</PI_PHON>
<NSF_ID>000420243</NSF_ID>
<StartDate>01/26/2022</StartDate>
<EndDate/>
<RoleCode>Co-Principal Investigator</RoleCode>
</Investigator>
<Investigator>
<FirstName>Michael</FirstName>
<LastName>Olsen</LastName>
<PI_MID_INIT/>
<PI_SUFX_NAME/>
<PI_FULL_NAME>Michael Olsen</PI_FULL_NAME>
<EmailAddress>mgolsen@iastate.edu</EmailAddress>
<PI_PHON>5152940073</PI_PHON>
<NSF_ID>000193677</NSF_ID>
<StartDate>01/26/2022</StartDate>
<EndDate/>
<RoleCode>Principal Investigator</RoleCode>
</Investigator>
<Institution>
<Name>Iowa State University</Name>
<CityName>AMES</CityName>
<ZipCode>500112105</ZipCode>
<PhoneNumber>5152945225</PhoneNumber>
<StreetAddress>515 MORRILL RD, 1350 BEARDSHEAR</StreetAddress>
<StreetAddress2/>
<CountryName>United States</CountryName>
<StateName>Iowa</StateName>
<StateCode>IA</StateCode>
<CONGRESSDISTRICT>04</CONGRESSDISTRICT>
<CONGRESS_DISTRICT_ORG>IA04</CONGRESS_DISTRICT_ORG>
<ORG_UEI_NUM>DQDBM7FGJPC5</ORG_UEI_NUM>
<ORG_LGL_BUS_NAME>IOWA STATE UNIVERSITY OF SCIENCE AND TECHNOLOGY</ORG_LGL_BUS_NAME>
<ORG_PRNT_UEI_NUM>DQDBM7FGJPC5</ORG_PRNT_UEI_NUM>
</Institution>
<Performance_Institution>
<Name><![CDATA[Iowa State University]]></Name>
<CityName>Ames</CityName>
<StateCode>IA</StateCode>
<ZipCode>500112103</ZipCode>
<StreetAddress><![CDATA[2008 Black Engineering]]></StreetAddress>
<CountryCode>US</CountryCode>
<CountryName>United States</CountryName>
<StateName>Iowa</StateName>
<CountryFlag>1</CountryFlag>
<CONGRESSDISTRICT>04</CONGRESSDISTRICT>
<CONGRESS_DISTRICT_PERF>IA04</CONGRESS_DISTRICT_PERF>
</Performance_Institution>
<ProgramElement>
<Code>1415</Code>
<Text>PMP-Particul&amp;MultiphaseProcess</Text>
</ProgramElement>
<ProgramReference>
<Code>9150</Code>
<Text>EXP PROG TO STIM COMP RES</Text>
</ProgramReference>
<FUND_OBLG>2022~406601</FUND_OBLG>
</Award>
</rootTag>
