<?xml version="1.0" encoding="UTF-8"?>
<rootTag>
<Award>
<AwardTitle>Singularities in Arbitrary Characteristic and Positivity</AwardTitle>
<AGENCY>NSF</AGENCY>
<AwardEffectiveDate>09/01/2022</AwardEffectiveDate>
<AwardExpirationDate>08/31/2025</AwardExpirationDate>
<AwardTotalIntnAmount>183426.00</AwardTotalIntnAmount>
<AwardAmount>183426</AwardAmount>
<AwardInstrument>
<Value>Standard Grant</Value>
</AwardInstrument>
<Organization>
<Code>03040000</Code>
<Directorate>
<Abbreviation>MPS</Abbreviation>
<LongName>Direct For Mathematical &amp; Physical Scien</LongName>
</Directorate>
<Division>
<Abbreviation>DMS</Abbreviation>
<LongName>Division Of Mathematical Sciences</LongName>
</Division>
</Organization>
<ProgramOfficer>
<SignBlockName>Sandra Spiroff</SignBlockName>
<PO_EMAI>sspiroff@nsf.gov</PO_EMAI>
<PO_PHON>7032928069</PO_PHON>
</ProgramOfficer>
<AbstractNarration>The project concerns questions in algebraic geometry and commutative algebra. Algebraic geometry is the study of algebraic varieties, which are solution sets for systems of polynomial equations. For example, in the xy-plane, the solutions for y=0 consist of all points along the x-axis, while the solutions for xy=0 consist of all points along both coordinate axes. Since the tangent line at the origin (0,0) is not defined for the algebraic variety defined by xy=0, we say that this variety has a singularity at the origin (0,0). The first goal of the present project is to further develop the theory of singularities of algebraic varieties and more general objects. The second goal is to build the tools and techniques necessary for this research program, which would have applications to other fundamental open questions in algebraic geometry and commutative algebra.&lt;br/&gt;&lt;br/&gt;The research will investigate singularities of algebraic varieties over arbitrary fields, or more generally of arbitrary Noetherian rings and schemes. Even when the primary interest is in non-singular complex algebraic varieties, working in this much more general context is often unavoidable. A major focus in the present project is to build the foundations necessary for birational geometry and the minimal model program for schemes of arbitrary characteristic. In previous work, the PI proved that Kodaira-type vanishing theorems hold for schemes in equal characteristic zero of arbitrary dimension and developed new methods to replace Kodaira-type vanishing theorems in positive characteristic. In the present project, the PI will apply the techniques from this previous work to study the behavior of singularities under flat morphisms. The PI will also investigate inversion of adjunction-type results for various classes of singularities. Finally, the PI plans to extend techniques in positive characteristic to study positivity of line bundles on algebraic varieties over arbitrary fields.&lt;br/&gt;&lt;br/&gt;This award reflects NSF's statutory mission and has been deemed worthy of support through evaluation using the Foundation's intellectual merit and broader impacts review criteria.</AbstractNarration>
<MinAmdLetterDate>04/29/2022</MinAmdLetterDate>
<MaxAmdLetterDate>04/29/2022</MaxAmdLetterDate>
<ARRAAmount/>
<TRAN_TYPE>Grant</TRAN_TYPE>
<CFDA_NUM>47.049</CFDA_NUM>
<NSF_PAR_USE_FLAG>1</NSF_PAR_USE_FLAG>
<FUND_AGCY_CODE>4900</FUND_AGCY_CODE>
<AWDG_AGCY_CODE>4900</AWDG_AGCY_CODE>
<AwardID>2201251</AwardID>
<Investigator>
<FirstName>Takumi</FirstName>
<LastName>Murayama</LastName>
<PI_MID_INIT/>
<PI_SUFX_NAME/>
<PI_FULL_NAME>Takumi Murayama</PI_FULL_NAME>
<EmailAddress>tmurayama@gmail.com</EmailAddress>
<PI_PHON>5102926470</PI_PHON>
<NSF_ID>000786298</NSF_ID>
<StartDate>04/29/2022</StartDate>
<EndDate/>
<RoleCode>Principal Investigator</RoleCode>
</Investigator>
<Institution>
<Name>Purdue University</Name>
<CityName>WEST LAFAYETTE</CityName>
<ZipCode>479061332</ZipCode>
<PhoneNumber>7654941055</PhoneNumber>
<StreetAddress>2550 NORTHWESTERN AVE STE 1900</StreetAddress>
<StreetAddress2/>
<CountryName>United States</CountryName>
<StateName>Indiana</StateName>
<StateCode>IN</StateCode>
<CONGRESSDISTRICT>04</CONGRESSDISTRICT>
<CONGRESS_DISTRICT_ORG>IN04</CONGRESS_DISTRICT_ORG>
<ORG_UEI_NUM>YRXVL4JYCEF5</ORG_UEI_NUM>
<ORG_LGL_BUS_NAME>PURDUE UNIVERSITY</ORG_LGL_BUS_NAME>
<ORG_PRNT_UEI_NUM>YRXVL4JYCEF5</ORG_PRNT_UEI_NUM>
</Institution>
<Performance_Institution>
<Name><![CDATA[Purdue University]]></Name>
<CityName>West Lafayette</CityName>
<StateCode>IN</StateCode>
<ZipCode>479061332</ZipCode>
<StreetAddress/>
<CountryCode>US</CountryCode>
<CountryName>United States</CountryName>
<StateName>Indiana</StateName>
<CountryFlag>1</CountryFlag>
<CONGRESSDISTRICT>04</CONGRESSDISTRICT>
<CONGRESS_DISTRICT_PERF>IN04</CONGRESS_DISTRICT_PERF>
</Performance_Institution>
<ProgramElement>
<Code>1264</Code>
<Text>ALGEBRA,NUMBER THEORY,AND COM</Text>
</ProgramElement>
<FUND_OBLG>2022~183426</FUND_OBLG>
</Award>
</rootTag>
