<?xml version="1.0" encoding="UTF-8"?>
<rootTag>
<Award>
<AwardTitle>CC* Planning: Fostering Data Driven STEM Research and Education Through Cyberinfrastructure at Illinois State University</AwardTitle>
<AGENCY>NSF</AGENCY>
<AwardEffectiveDate>05/01/2022</AwardEffectiveDate>
<AwardExpirationDate>04/30/2023</AwardExpirationDate>
<AwardTotalIntnAmount>99939.00</AwardTotalIntnAmount>
<AwardAmount>99939</AwardAmount>
<AwardInstrument>
<Value>Standard Grant</Value>
</AwardInstrument>
<Organization>
<Code>05090000</Code>
<Directorate>
<Abbreviation>CSE</Abbreviation>
<LongName>Direct For Computer &amp; Info Scie &amp; Enginr</LongName>
</Directorate>
<Division>
<Abbreviation>OAC</Abbreviation>
<LongName>Office of Advanced Cyberinfrastructure (OAC)</LongName>
</Division>
</Organization>
<ProgramOfficer>
<SignBlockName>Kevin Thompson</SignBlockName>
<PO_EMAI>kthompso@nsf.gov</PO_EMAI>
<PO_PHON>7032924220</PO_PHON>
</ProgramOfficer>
<AbstractNarration>Illinois State University (ISU) is creating a comprehensive blueprint for improving its cyberinfrastructure (CI) to foster data-driven research and education. The goal of this planning project is to design a logical, reproducible, and defensible Science DMZ for ISU via a systematic approach called Analysis-Architecture-Design. The partnership and structure between campus IT staff and the research community, especially faculty in computer networking discipline, presents a model for consolidating the ecosystem of CI and integrating new network technologies into an existing framework. The design and prototype of an Intent-based Software Defined Science DMZ with high performance computing clusters are a novel extension of capabilities that are not commonly in place today.&lt;br/&gt;&lt;br/&gt;This planning project produces a profound impact on the STEM community at ISU to increase their awareness of the availability and scales of computation, data, and the related data analytic tools and expertise. The increased awareness is emitted from ISU as a hub to the local community, the region, and many connected institutions nationally. The adopted Analysis-Architecture-Design methodology is beneficial to many similar institutions that want to revitalize their campus cyberinfrastructure.&lt;br/&gt;&lt;br/&gt;This award reflects NSF's statutory mission and has been deemed worthy of support through evaluation using the Foundation's intellectual merit and broader impacts review criteria.</AbstractNarration>
<MinAmdLetterDate>04/07/2022</MinAmdLetterDate>
<MaxAmdLetterDate>04/07/2022</MaxAmdLetterDate>
<ARRAAmount/>
<TRAN_TYPE>Grant</TRAN_TYPE>
<CFDA_NUM>47.070</CFDA_NUM>
<NSF_PAR_USE_FLAG>1</NSF_PAR_USE_FLAG>
<FUND_AGCY_CODE>4900</FUND_AGCY_CODE>
<AWDG_AGCY_CODE>4900</AWDG_AGCY_CODE>
<AwardID>2201478</AwardID>
<Investigator>
<FirstName>Yongning</FirstName>
<LastName>Tang</LastName>
<PI_MID_INIT/>
<PI_SUFX_NAME/>
<PI_FULL_NAME>Yongning Tang</PI_FULL_NAME>
<EmailAddress>ytang@IllinoisState.edu</EmailAddress>
<PI_PHON>3094388002</PI_PHON>
<NSF_ID>000530875</NSF_ID>
<StartDate>04/07/2022</StartDate>
<EndDate/>
<RoleCode>Principal Investigator</RoleCode>
</Investigator>
<Investigator>
<FirstName>Shaoen</FirstName>
<LastName>Wu</LastName>
<PI_MID_INIT/>
<PI_SUFX_NAME/>
<PI_FULL_NAME>Shaoen Wu</PI_FULL_NAME>
<EmailAddress>swu1235@ilstu.edu</EmailAddress>
<PI_PHON>3094383240</PI_PHON>
<NSF_ID>000562895</NSF_ID>
<StartDate>04/07/2022</StartDate>
<EndDate/>
<RoleCode>Co-Principal Investigator</RoleCode>
</Investigator>
<Investigator>
<FirstName>Charles</FirstName>
<LastName>Edamala</LastName>
<PI_MID_INIT>J</PI_MID_INIT>
<PI_SUFX_NAME/>
<PI_FULL_NAME>Charles J Edamala</PI_FULL_NAME>
<EmailAddress>cmedama@ilstu.edu</EmailAddress>
<PI_PHON>3094388990</PI_PHON>
<NSF_ID>000865616</NSF_ID>
<StartDate>04/07/2022</StartDate>
<EndDate/>
<RoleCode>Co-Principal Investigator</RoleCode>
</Investigator>
<Institution>
<Name>Board of Trustees of Illinois State University</Name>
<CityName>NORMAL</CityName>
<ZipCode>617900001</ZipCode>
<PhoneNumber>3094382528</PhoneNumber>
<StreetAddress>302 HOVEY HALL</StreetAddress>
<StreetAddress2/>
<CountryName>United States</CountryName>
<StateName>Illinois</StateName>
<StateCode>IL</StateCode>
<CONGRESSDISTRICT>13</CONGRESSDISTRICT>
<CONGRESS_DISTRICT_ORG>IL13</CONGRESS_DISTRICT_ORG>
<ORG_UEI_NUM>V6WTL4T5FFJ3</ORG_UEI_NUM>
<ORG_LGL_BUS_NAME>BOARD OF TRUSTEES OF ILLINOIS STATE UNIVERSITY</ORG_LGL_BUS_NAME>
<ORG_PRNT_UEI_NUM>V6WTL4T5FFJ3</ORG_PRNT_UEI_NUM>
</Institution>
<Performance_Institution>
<Name><![CDATA[Illinois State University]]></Name>
<CityName>Normal</CityName>
<StateCode>IL</StateCode>
<ZipCode>617905150</ZipCode>
<StreetAddress><![CDATA[100 N. University St.]]></StreetAddress>
<CountryCode>US</CountryCode>
<CountryName>United States</CountryName>
<StateName>Illinois</StateName>
<CountryFlag>1</CountryFlag>
<CONGRESSDISTRICT>13</CONGRESSDISTRICT>
<CONGRESS_DISTRICT_PERF>IL13</CONGRESS_DISTRICT_PERF>
</Performance_Institution>
<ProgramElement>
<Code>8080</Code>
<Text>Campus Cyberinfrastructure</Text>
</ProgramElement>
<FUND_OBLG>2022~99939</FUND_OBLG>
</Award>
</rootTag>
