<?xml version="1.0" encoding="UTF-8"?>
<rootTag>
<Award>
<AwardTitle><![CDATA[Collaborative Research: RUI: P2C2--Medieval to Modern Climate Variability and Climate Change in the Great Plains]]></AwardTitle>
<AGENCY>NSF</AGENCY>
<AwardEffectiveDate>07/01/2022</AwardEffectiveDate>
<AwardExpirationDate>06/30/2025</AwardExpirationDate>
<AwardTotalIntnAmount>189851.00</AwardTotalIntnAmount>
<AwardAmount>189851</AwardAmount>
<AwardInstrument>
<Value>Standard Grant</Value>
</AwardInstrument>
<Organization>
<Code>06020100</Code>
<Directorate>
<Abbreviation>GEO</Abbreviation>
<LongName>Directorate For Geosciences</LongName>
</Directorate>
<Division>
<Abbreviation>AGS</Abbreviation>
<LongName>Div Atmospheric &amp; Geospace Sciences</LongName>
</Division>
</Organization>
<ProgramOfficer>
<SignBlockName>David Verardo</SignBlockName>
<PO_EMAI>dverardo@nsf.gov</PO_EMAI>
<PO_PHON>7032924695</PO_PHON>
</ProgramOfficer>
<AbstractNarration><![CDATA[The general goal of the research is to develop moisture sensitive tree-ring chronologies from old-growth populations of Juniperus, Pinus, and Taxodium trees from within or near the Great Plains for in situ reconstructions of seasonal precipitation and the long-term soil moisture balance that together will constitute the Great Plains Drought Atlas (GPDA). Five gridded reconstructions that span the Great Plains at 0.5 degree resolution will be developed, including the Standardized Precipitation Index (SPI) for the spring and summer seasons, precipitation totals for spring and summer, and the summer Palmer Drought Severity Index (PDSI). The reconstructions will be designed for maximum length, with the goal of extending the moisture estimates into the Medieval Period when the climate appears to have been much warmer and drier. The GPDA will be used to test hypotheses concerning the magnitude of Great Plains drought and pluvial, the anthropogenic imprint on recent moisture trends in the Great Plains, and the possible multi-decadal regimes in the frequency of rapid-onset spring to summer flash drought over the Great Plains during the past 500- to 1000-years.&lt;br/&gt;&lt;br/&gt;The highest agricultural production in the United States occurs in the Great Plains, a region also subject to frequent drought, including the flash drought of 2012 that resulted in $30 billion in losses. Proxy tree ring and lake sediment data suggest that the instrumental record of precipitation and soil moisture may not be representative of the natural variability of severe droughts and prolonged wet intervals over the past millennium. Anthropogenic climate change may be contributing to wetter conditions in the Northern Plains and increasing dryness over the Southern Plains, a possible expression of the drying symptomatic of the expansion of the Hadley Cell and the weakening of the jet stream predicted by many climate models. These human-induced changes threaten to disrupt agriculture, energy production, and water use, and may be magnified by recurrent decadal moisture extremes witnessed in instrumental and paleoclimate records. Very few exactly dated, annual tree-ring chronologies are available from the mostly treeless Great Plains. The lack of data adds considerable uncertainty to the available reconstructions of moisture anomalies for this region. This project seeks to reduce the uncertainty by developing long tree-ring chronologies within and along the boundaries of the Great Plains to aid reconstruction of past drought and wetness in this critical agricultural region.&lt;br/&gt;&lt;br/&gt;The potential Broader Impacts (B.I.) include improvement in understanding climate processes involving drought and extreme events in the Great Plains regions that impact the highest agricultural production in the United States.  Importantly, the project includes researchers and students from a regional Primarily Undergraduate Institution (PUI) which has strong ties to affected agricultural and tribal communities.&lt;br/&gt;&lt;br/&gt;This award reflects NSF's statutory mission and has been deemed worthy of support through evaluation using the Foundation's intellectual merit and broader impacts review criteria.]]></AbstractNarration>
<MinAmdLetterDate>06/28/2022</MinAmdLetterDate>
<MaxAmdLetterDate>06/28/2022</MaxAmdLetterDate>
<ARRAAmount/>
<TRAN_TYPE>Grant</TRAN_TYPE>
<CFDA_NUM>47.050</CFDA_NUM>
<NSF_PAR_USE_FLAG>1</NSF_PAR_USE_FLAG>
<FUND_AGCY_CODE>4900</FUND_AGCY_CODE>
<AWDG_AGCY_CODE>4900</AWDG_AGCY_CODE>
<AwardID>2201352</AwardID>
<Investigator>
<FirstName>Evan</FirstName>
<LastName>Larson</LastName>
<PI_MID_INIT>R</PI_MID_INIT>
<PI_SUFX_NAME/>
<PI_FULL_NAME>Evan R Larson</PI_FULL_NAME>
<EmailAddress><![CDATA[larsonev@uwplatt.edu]]></EmailAddress>
<NSF_ID>000381701</NSF_ID>
<StartDate>06/28/2022</StartDate>
<EndDate/>
<RoleCode>Principal Investigator</RoleCode>
</Investigator>
<Institution>
<Name>University of Wisconsin-Platteville</Name>
<CityName>PLATTEVILLE</CityName>
<ZipCode>538183001</ZipCode>
<PhoneNumber>6083421261</PhoneNumber>
<StreetAddress>1 UNIVERSITY PLZ STOP 1</StreetAddress>
<StreetAddress2/>
<CountryName>United States</CountryName>
<StateName>Wisconsin</StateName>
<StateCode>WI</StateCode>
<CONGRESSDISTRICT>03</CONGRESSDISTRICT>
<CONGRESS_DISTRICT_ORG>WI03</CONGRESS_DISTRICT_ORG>
<ORG_UEI_NUM>EARPJJ6CMFG7</ORG_UEI_NUM>
<ORG_LGL_BUS_NAME>UNIVERSITY OF WISCONSIN SYSTEM</ORG_LGL_BUS_NAME>
<ORG_PRNT_UEI_NUM>QAFKGG7YY396</ORG_PRNT_UEI_NUM>
</Institution>
<Performance_Institution>
<Name><![CDATA[University of Wisconsin-Platteville]]></Name>
<CityName>Platteville</CityName>
<StateCode>WI</StateCode>
<ZipCode>538183099</ZipCode>
<StreetAddress><![CDATA[1 University Plaza]]></StreetAddress>
<CountryCode>US</CountryCode>
<CountryName>United States</CountryName>
<StateName>Wisconsin</StateName>
<CountryFlag>1</CountryFlag>
<CONGRESSDISTRICT>03</CONGRESSDISTRICT>
<CONGRESS_DISTRICT_PERF>WI03</CONGRESS_DISTRICT_PERF>
</Performance_Institution>
<ProgramElement>
<Code>1530</Code>
<Text>Paleoclimate</Text>
</ProgramElement>
<ProgramReference>
<Code>7754</Code>
<Text>CLIMATE VARIABILITY &amp; CHANGE</Text>
</ProgramReference>
<ProgramReference>
<Code>8070</Code>
<Text>P2C2 Proposals</Text>
</ProgramReference>
<Appropriation>
<Code/>
<Name/>
<APP_SYMB_ID/>
</Appropriation>
<Fund>
<Code>01002223DB</Code>
<Name><![CDATA[NSF RESEARCH & RELATED ACTIVIT]]></Name>
<FUND_SYMB_ID>040100</FUND_SYMB_ID>
</Fund>
<FUND_OBLG>2022~189851</FUND_OBLG>
</Award>
</rootTag>
