<?xml version="1.0" encoding="UTF-8"?>
<rootTag>
<Award>
<AwardTitle><![CDATA[Irrationality of Periods and Arithmetic of Abelian Varieties]]></AwardTitle>
<AGENCY>NSF</AGENCY>
<AwardEffectiveDate>07/01/2022</AwardEffectiveDate>
<AwardExpirationDate>06/30/2025</AwardExpirationDate>
<AwardTotalIntnAmount>201000.00</AwardTotalIntnAmount>
<AwardAmount>201000</AwardAmount>
<AwardInstrument>
<Value>Standard Grant</Value>
</AwardInstrument>
<Organization>
<Code>03040000</Code>
<Directorate>
<Abbreviation>MPS</Abbreviation>
<LongName>Direct For Mathematical &amp; Physical Scien</LongName>
</Directorate>
<Division>
<Abbreviation>DMS</Abbreviation>
<LongName>Division Of Mathematical Sciences</LongName>
</Division>
</Organization>
<ProgramOfficer>
<SignBlockName>Adriana Salerno</SignBlockName>
<PO_EMAI>asalerno@nsf.gov</PO_EMAI>
<PO_PHON>7032922271</PO_PHON>
</ProgramOfficer>
<AbstractNarration><![CDATA[This research project concerns work in Diophantine geometry and arithmetic geometry, which are essentially ways to understand solutions of families of polynomial equations. The first part of the project studies irrationality in Diophantine geometry. A classical way to prove a number is irrational is by showing that there exists a sequence of rational numbers that approximate this number very well. There are many interesting (conjecturally) irrational numbers in the literature with approximations by rational numbers that are not good enough to apply the classical methods. The principal investigator and collaborators will develop a new framework to explore the properties of certain power series constructed from these approximations in order to prove the conjectured irrationality in some important cases. The second part of the project studies the arithmetic of abelian varieties, which are higher dimensional analogues of elliptic curves. These geometric objects can be defined by polynomial equations over the integers. The principal investigator and collaborators will study the behavior of certain abelian varieties modulo different prime numbers. The proposed work includes the training of undergraduate and graduate students. &lt;br/&gt; &lt;br/&gt;For the first part, the classical way of proving irrationality can be formulated as studying the convergence radii of the power series associated to the rational approximations and comparing them to the denominator type of the power series. In earlier studies of rationality and algebraicity criterion of power series, the convergence radii have been replaced by many variants, which are numerically larger; therefore, there are rational approximations whose convergence radii are too small compared to the denominator type while these variants are large enough. The PI and collaborators expect to explore these larger radii variants to solve some irrationality questions. For the second part, the PI and collaborators expect to generalize Elkies’s theorem on infinitude of supersingular reductions of elliptic curves to certain abelian varieties parametrized by genus 0 Shimura curves.&lt;br/&gt;&lt;br/&gt;This award reflects NSF's statutory mission and has been deemed worthy of support through evaluation using the Foundation's intellectual merit and broader impacts review criteria.]]></AbstractNarration>
<MinAmdLetterDate>04/11/2022</MinAmdLetterDate>
<MaxAmdLetterDate>04/11/2022</MaxAmdLetterDate>
<ARRAAmount/>
<TRAN_TYPE>Grant</TRAN_TYPE>
<CFDA_NUM>47.049</CFDA_NUM>
<NSF_PAR_USE_FLAG>1</NSF_PAR_USE_FLAG>
<FUND_AGCY_CODE>4900</FUND_AGCY_CODE>
<AWDG_AGCY_CODE>4900</AWDG_AGCY_CODE>
<AwardID>2201124</AwardID>
<Investigator>
<FirstName>Yunqing</FirstName>
<LastName>Tang</LastName>
<PI_MID_INIT/>
<PI_SUFX_NAME/>
<PI_FULL_NAME>Yunqing Tang</PI_FULL_NAME>
<EmailAddress><![CDATA[yunqing.tang@berkeley.edu]]></EmailAddress>
<NSF_ID>000758673</NSF_ID>
<StartDate>04/11/2022</StartDate>
<EndDate/>
<RoleCode>Principal Investigator</RoleCode>
</Investigator>
<Institution>
<Name>Princeton University</Name>
<CityName>PRINCETON</CityName>
<ZipCode>085442001</ZipCode>
<PhoneNumber>6092583090</PhoneNumber>
<StreetAddress>1 NASSAU HALL</StreetAddress>
<StreetAddress2/>
<CountryName>United States</CountryName>
<StateName>New Jersey</StateName>
<StateCode>NJ</StateCode>
<CONGRESSDISTRICT>12</CONGRESSDISTRICT>
<CONGRESS_DISTRICT_ORG>NJ12</CONGRESS_DISTRICT_ORG>
<ORG_UEI_NUM>NJ1YPQXQG7U5</ORG_UEI_NUM>
<ORG_LGL_BUS_NAME>TRUSTEES OF PRINCETON UNIVERSITY, THE</ORG_LGL_BUS_NAME>
<ORG_PRNT_UEI_NUM>NJ1YPQXQG7U5</ORG_PRNT_UEI_NUM>
</Institution>
<Performance_Institution>
<Name><![CDATA[Princeton University]]></Name>
<CityName>Princeton</CityName>
<StateCode>NJ</StateCode>
<ZipCode>085442020</ZipCode>
<StreetAddress><![CDATA[P.O. Box36]]></StreetAddress>
<CountryCode>US</CountryCode>
<CountryName>United States</CountryName>
<StateName>New Jersey</StateName>
<CountryFlag>1</CountryFlag>
<CONGRESSDISTRICT>12</CONGRESSDISTRICT>
<CONGRESS_DISTRICT_PERF>NJ12</CONGRESS_DISTRICT_PERF>
</Performance_Institution>
<ProgramElement>
<Code>1264</Code>
<Text>ALGEBRA,NUMBER THEORY,AND COM</Text>
</ProgramElement>
<FUND_OBLG>2022~201000</FUND_OBLG>
</Award>
</rootTag>
