<?xml version="1.0" encoding="UTF-8"?>
<rootTag>
<Award>
<AwardTitle>Summer School on the Langlands Program</AwardTitle>
<AGENCY>NSF</AGENCY>
<AwardEffectiveDate>06/01/2022</AwardEffectiveDate>
<AwardExpirationDate>05/31/2023</AwardExpirationDate>
<AwardTotalIntnAmount>50000.00</AwardTotalIntnAmount>
<AwardAmount>50000</AwardAmount>
<AwardInstrument>
<Value>Standard Grant</Value>
</AwardInstrument>
<Organization>
<Code>03040000</Code>
<Directorate>
<Abbreviation>MPS</Abbreviation>
<LongName>Direct For Mathematical &amp; Physical Scien</LongName>
</Directorate>
<Division>
<Abbreviation>DMS</Abbreviation>
<LongName>Division Of Mathematical Sciences</LongName>
</Division>
</Organization>
<ProgramOfficer>
<SignBlockName>Andrew Pollington</SignBlockName>
<PO_EMAI>adpollin@nsf.gov</PO_EMAI>
<PO_PHON>7032924878</PO_PHON>
</ProgramOfficer>
<AbstractNarration>This award will fund US-based graduate students and postdocs to participate at the Summer School on the Langlands program, to be held in July 2022 at the Institut des hautes études scientifiques (IHES) in France. The Langlands program is one of the most expansive and consequential research programs in today's mathematics, spanning a breathtaking range of topics, from number theory to mathematical physics, and the summer school aims to highlight connections between various subfields, and train future researchers in this demanding and multifaceted area. At its heart, the Langlands program aims to understand solutions of diophantine equations (polynomial equations with integer coefficients) by establishing connections with the frequencies of certain higher-dimensional "drums" called "arithmetic manifolds." The modularity conjecture, which led to the proof of Fermat's "last theorem," is one of the instances of such connections. Many of the world's foremost experts on the subject will be speaking in the summer school; the event is taking place 45 years after a historic summer school in Corvallis, Oregon, where the experts of the time set the agenda of the Langlands program for several decades. Meeting website: https://indico.math.cnrs.fr/event/6909/&lt;br/&gt;&lt;br/&gt;Although the Langlands program has expanded too much to be covered in its entirety, the summer school will highlight connections between the representation-theoretic, arithmetic, and geometric aspects of it. On the analytic side, there will be updates on the status of endoscopy and beyond, trace formulas, the theory of periods of automorphic forms and L-functions, and explicit methods for proving functoriality. On the geometric side, developments around local and global Shimura varieties and shtukas will be covered, together with recent breakthroughs on the Langlands conjectures over function fields, the local Langlands conjectures, and relations to the geometric Langlands program. On the arithmetic side, new geometric insights on moduli spaces of Langlands parameters and Galois representations will be discussed, together with their connections to modularity lifting theorems and derived structures&lt;br/&gt;&lt;br/&gt;This award reflects NSF's statutory mission and has been deemed worthy of support through evaluation using the Foundation's intellectual merit and broader impacts review criteria.</AbstractNarration>
<MinAmdLetterDate>03/24/2022</MinAmdLetterDate>
<MaxAmdLetterDate>03/24/2022</MaxAmdLetterDate>
<ARRAAmount/>
<TRAN_TYPE>Grant</TRAN_TYPE>
<CFDA_NUM>47.049</CFDA_NUM>
<NSF_PAR_USE_FLAG>1</NSF_PAR_USE_FLAG>
<FUND_AGCY_CODE>4900</FUND_AGCY_CODE>
<AWDG_AGCY_CODE>4900</AWDG_AGCY_CODE>
<AwardID>2201510</AwardID>
<Investigator>
<FirstName>Ioannis</FirstName>
<LastName>Sakellaridis</LastName>
<PI_MID_INIT/>
<PI_SUFX_NAME/>
<PI_FULL_NAME>Ioannis Sakellaridis</PI_FULL_NAME>
<EmailAddress>sakellar@jhu.edu</EmailAddress>
<PI_PHON>4105167397</PI_PHON>
<NSF_ID>000575138</NSF_ID>
<StartDate>03/24/2022</StartDate>
<EndDate/>
<RoleCode>Co-Principal Investigator</RoleCode>
</Investigator>
<Investigator>
<FirstName>Tasho</FirstName>
<LastName>Kaletha</LastName>
<PI_MID_INIT/>
<PI_SUFX_NAME/>
<PI_FULL_NAME>Tasho Kaletha</PI_FULL_NAME>
<EmailAddress>kaletha@umich.edu</EmailAddress>
<PI_PHON>7347640335</PI_PHON>
<NSF_ID>000601160</NSF_ID>
<StartDate>03/24/2022</StartDate>
<EndDate/>
<RoleCode>Principal Investigator</RoleCode>
</Investigator>
<Institution>
<Name>Regents of the University of Michigan - Ann Arbor</Name>
<CityName>ANN ARBOR</CityName>
<ZipCode>481091340</ZipCode>
<PhoneNumber>7347636438</PhoneNumber>
<StreetAddress>503 THOMPSON ST</StreetAddress>
<StreetAddress2/>
<CountryName>United States</CountryName>
<StateName>Michigan</StateName>
<StateCode>MI</StateCode>
<CONGRESSDISTRICT>12</CONGRESSDISTRICT>
<CONGRESS_DISTRICT_ORG>MI12</CONGRESS_DISTRICT_ORG>
<ORG_UEI_NUM>GNJ7BBP73WE9</ORG_UEI_NUM>
<ORG_LGL_BUS_NAME>REGENTS OF THE UNIVERSITY OF MICHIGAN</ORG_LGL_BUS_NAME>
<ORG_PRNT_UEI_NUM>GNJ7BBP73WE9</ORG_PRNT_UEI_NUM>
</Institution>
<Performance_Institution>
<Name><![CDATA[Regents of the University of Michigan - Ann Arbor]]></Name>
<CityName>Ann Arbor</CityName>
<StateCode>MI</StateCode>
<ZipCode>481091274</ZipCode>
<StreetAddress><![CDATA[3003 S. State Street]]></StreetAddress>
<CountryCode>US</CountryCode>
<CountryName>United States</CountryName>
<StateName>Michigan</StateName>
<CountryFlag>1</CountryFlag>
<CONGRESSDISTRICT>12</CONGRESSDISTRICT>
<CONGRESS_DISTRICT_PERF>MI12</CONGRESS_DISTRICT_PERF>
</Performance_Institution>
<ProgramElement>
<Code>1264</Code>
<Text>ALGEBRA,NUMBER THEORY,AND COM</Text>
</ProgramElement>
<ProgramReference>
<Code>7556</Code>
<Text>CONFERENCE AND WORKSHOPS</Text>
</ProgramReference>
<FUND_OBLG>2022~50000</FUND_OBLG>
</Award>
</rootTag>
