<?xml version="1.0" encoding="UTF-8"?>
<rootTag>
<Award>
<AwardTitle>Exploring K-2 Children Understandings of Visual Representations in Algebraic Reasoning</AwardTitle>
<AGENCY>NSF</AGENCY>
<AwardEffectiveDate>09/01/2022</AwardEffectiveDate>
<AwardExpirationDate>08/31/2024</AwardExpirationDate>
<AwardTotalIntnAmount>449998.00</AwardTotalIntnAmount>
<AwardAmount>449998</AwardAmount>
<AwardInstrument>
<Value>Standard Grant</Value>
</AwardInstrument>
<Organization>
<Code>11090000</Code>
<Directorate>
<Abbreviation>EHR</Abbreviation>
<LongName>Direct For Education and Human Resources</LongName>
</Directorate>
<Division>
<Abbreviation>DRL</Abbreviation>
<LongName>Division Of Research On Learning</LongName>
</Division>
</Organization>
<ProgramOfficer>
<SignBlockName>Margret Hjalmarson</SignBlockName>
<PO_EMAI>mhjalmar@nsf.gov</PO_EMAI>
<PO_PHON>7032925186</PO_PHON>
</ProgramOfficer>
<AbstractNarration>Algebra is a foundational topic in mathematics and STEM. As research has demonstrated how arithmetic is connected to algebra, there is more need to explore how K-2 children understand and use visual representations such as graphs and tables. This project will explore how children in grades K-2 understand visual representations of algebraic concepts. For instance, children might create tables or graphs to organize information about the relationship between two quantities. They might use graphs and diagrams to explain their mathematical thinking and develop their understanding of relationships in numbers and operations. The project will use data gathered in K-2 classrooms and via interviews with children to describe their use of the visual representations. &lt;br/&gt;&lt;br/&gt;This exploratory project aims to develop learning trajectories as cognitive models of how children in grades K–2 understand visual representations for algebraic relationships. Generalized arithmetic involves generalizing arithmetic relationships and reasoning explicitly with these generalizations. These relationships include field properties of number and operations (e.g., the Commutative Property of Addition) as well as relationships on classes of numbers, such as evens and odds. It entails reasoning about the structure of arithmetic expressions and equations rather than their computational value. The project has three guiding research questions. First, what are trajectories of learning in how grades K–2 children understand visual representations such as tables, graphs, and diagrams of algebraic relationships? Second, what features of tasks or instruction facilitate movement in students’ thinking within the trajectories? Third, what are similarities and differences in how children understand visual representations of algebraic relationships across the content dimensions of functional thinking and generalized arithmetic? The study will use a design-based research methodological framework to organize data collection via classroom teaching experiments, semi-clinical interviews, classroom observations, and children’s written work. The research will produce cognitive models that can be used to design further interventions for algebra learning in grades K-2.   &lt;br/&gt;&lt;br/&gt;&lt;br/&gt;The Discovery Research preK-12 program (DRK-12) seeks to significantly enhance the learning and teaching of science, technology, engineering and mathematics (STEM) by preK-12 students and teachers, through research and development of innovative resources, models and tools. Projects in the DRK-12 program build on fundamental research in STEM education and prior research and development efforts that provide theoretical and empirical justification for proposed projects. &lt;br/&gt;&lt;br/&gt;This award reflects NSF's statutory mission and has been deemed worthy of support through evaluation using the Foundation's intellectual merit and broader impacts review criteria.</AbstractNarration>
<MinAmdLetterDate>05/03/2022</MinAmdLetterDate>
<MaxAmdLetterDate>05/03/2022</MaxAmdLetterDate>
<ARRAAmount/>
<TRAN_TYPE>Grant</TRAN_TYPE>
<CFDA_NUM>47.076</CFDA_NUM>
<NSF_PAR_USE_FLAG>1</NSF_PAR_USE_FLAG>
<FUND_AGCY_CODE>4900</FUND_AGCY_CODE>
<AWDG_AGCY_CODE>4900</AWDG_AGCY_CODE>
<AwardID>2201095</AwardID>
<Investigator>
<FirstName>Angela</FirstName>
<LastName>Gardiner</LastName>
<PI_MID_INIT/>
<PI_SUFX_NAME/>
<PI_FULL_NAME>Angela Gardiner</PI_FULL_NAME>
<EmailAddress>Angela_Gardiner@terc.edu</EmailAddress>
<PI_PHON/>
<NSF_ID>000712718</NSF_ID>
<StartDate>05/03/2022</StartDate>
<EndDate/>
<RoleCode>Co-Principal Investigator</RoleCode>
</Investigator>
<Investigator>
<FirstName>Maria</FirstName>
<LastName>Blanton</LastName>
<PI_MID_INIT/>
<PI_SUFX_NAME/>
<PI_FULL_NAME>Maria Blanton</PI_FULL_NAME>
<EmailAddress>Maria_Blanton@terc.edu</EmailAddress>
<PI_PHON>6178739640</PI_PHON>
<NSF_ID>000249776</NSF_ID>
<StartDate>05/03/2022</StartDate>
<EndDate/>
<RoleCode>Co-Principal Investigator</RoleCode>
</Investigator>
<Investigator>
<FirstName>Barbara</FirstName>
<LastName>Brizuela</LastName>
<PI_MID_INIT>M</PI_MID_INIT>
<PI_SUFX_NAME/>
<PI_FULL_NAME>Barbara M Brizuela</PI_FULL_NAME>
<EmailAddress>barbara.brizuela@tufts.edu</EmailAddress>
<PI_PHON>6176274721</PI_PHON>
<NSF_ID>000234169</NSF_ID>
<StartDate>05/03/2022</StartDate>
<EndDate/>
<RoleCode>Principal Investigator</RoleCode>
</Investigator>
<Institution>
<Name>Tufts University</Name>
<CityName>SOMERVILLE</CityName>
<ZipCode>021442401</ZipCode>
<PhoneNumber>6176273696</PhoneNumber>
<StreetAddress>169 HOLLAND ST FL 3</StreetAddress>
<StreetAddress2/>
<CountryName>United States</CountryName>
<StateName>Massachusetts</StateName>
<StateCode>MA</StateCode>
<CONGRESSDISTRICT>07</CONGRESSDISTRICT>
<CONGRESS_DISTRICT_ORG>MA07</CONGRESS_DISTRICT_ORG>
<ORG_UEI_NUM>WL9FLBRVPJJ7</ORG_UEI_NUM>
<ORG_LGL_BUS_NAME>TRUSTEES OF TUFTS COLLEGE INC</ORG_LGL_BUS_NAME>
<ORG_PRNT_UEI_NUM>WL9FLBRVPJJ7</ORG_PRNT_UEI_NUM>
</Institution>
<Performance_Institution>
<Name><![CDATA[Tufts University]]></Name>
<CityName>Boston</CityName>
<StateCode>MA</StateCode>
<ZipCode>021111817</ZipCode>
<StreetAddress><![CDATA[136 Harrison Ave]]></StreetAddress>
<CountryCode>US</CountryCode>
<CountryName>United States</CountryName>
<StateName>Massachusetts</StateName>
<CountryFlag>1</CountryFlag>
<CONGRESSDISTRICT>07</CONGRESSDISTRICT>
<CONGRESS_DISTRICT_PERF>MA07</CONGRESS_DISTRICT_PERF>
</Performance_Institution>
<ProgramElement>
<Code>7645</Code>
<Text>Discovery Research K-12</Text>
</ProgramElement>
<FUND_OBLG>2022~449998</FUND_OBLG>
</Award>
</rootTag>
