<?xml version="1.0" encoding="UTF-8"?>
<rootTag>
<Award>
<AwardTitle><![CDATA[Creating Relevant, Effective, and Accessible Technical Education for Electrical Skilled Trades]]></AwardTitle>
<AGENCY>NSF</AGENCY>
<AwardEffectiveDate>06/15/2022</AwardEffectiveDate>
<AwardExpirationDate>05/31/2025</AwardExpirationDate>
<AwardTotalIntnAmount>349535.00</AwardTotalIntnAmount>
<AwardAmount>349535</AwardAmount>
<AwardInstrument>
<Value>Standard Grant</Value>
</AwardInstrument>
<Organization>
<Code>11040100</Code>
<Directorate>
<Abbreviation>EHR</Abbreviation>
<LongName>Direct For Education and Human Resources</LongName>
</Directorate>
<Division>
<Abbreviation>DUE</Abbreviation>
<LongName>Division Of Undergraduate Education</LongName>
</Division>
</Organization>
<ProgramOfficer>
<SignBlockName>Michael Davis</SignBlockName>
<PO_EMAI>mdavis@nsf.gov</PO_EMAI>
<PO_PHON>7032927166</PO_PHON>
</ProgramOfficer>
<AbstractNarration><![CDATA[An Ohio community needs assessment with 240 respondents showed 21% of manufacturers in Northwest Ohio have unfilled skilled positions, due to a regional skills gap. This challenge has highlighted the importance of skilled Electrical Maintenance Technicians to Ohio industries. This project will collaborate with industry partners, aligning the curriculum of a Programmable Logic Control (PLC) certificate to meet their current and future needs.  This will facilitate and expedite both upskilling and employment for students at Terra State Community College. Over the three years of the project, 110 students will complete the PLC Certificate, providing them an advanced understanding of Industrial Electricity and employment in this high-demand field. A Business and Industry Leadership Team (BILT) will guide this project to define, align and embed key competencies into the certificate. Faculty associated with the project will benefit from professional development, capitalizing on new concepts and technologies to enhance and implement a competency-based hybrid classroom model. This structure will utilize mobile access to online learning modules, a new assessment model, and competency-based outcomes.  Each of these concepts will combine, creating an environment where improved student learning occurs. This flexible curriculum provides greater opportunities for students struggling to balance family and work responsibilities by providing online learning with open lab access. On a broad scale, this project has the potential to improve the diversity of the industry by providing increased access for all students, including underserved populations (e.g., women, minorities, and veterans), as they pursue high-demand, family-sustaining occupations in the technical workforce.&lt;br/&gt;&lt;br/&gt;The goal of the project is to better prepare students to enter the STEM workforce with relevant classwork and industry experience. Approximately 110 students are expected to complete this certificate over three years.  Between four to six faculty will be trained in Competency-Based Education (CBE) during summer learning experiences. The project will create a series of critical skills assessments to ensure success in the introductory courses, by providing students the requisite technical abilities. Students completing ten electrical courses (and four Gen Ed courses) will qualify for the PLC Certificate which includes two industry credentials. The Business and Industry Leadership Team will demonstrate the scope of skills and knowledge essential to skilled Electrical Maintenance Technicians in manufacturing.  This project is funded by the Advanced Technological Education program that focuses on the education of technicians for the advanced-technology fields that drive the Nation's economy.&lt;br/&gt;&lt;br/&gt;This award reflects NSF's statutory mission and has been deemed worthy of support through evaluation using the Foundation's intellectual merit and broader impacts review criteria.]]></AbstractNarration>
<MinAmdLetterDate>06/14/2022</MinAmdLetterDate>
<MaxAmdLetterDate>06/14/2022</MaxAmdLetterDate>
<ARRAAmount/>
<TRAN_TYPE>Grant</TRAN_TYPE>
<CFDA_NUM>47.076</CFDA_NUM>
<NSF_PAR_USE_FLAG>1</NSF_PAR_USE_FLAG>
<FUND_AGCY_CODE>4900</FUND_AGCY_CODE>
<AWDG_AGCY_CODE>4900</AWDG_AGCY_CODE>
<AwardID>2201982</AwardID>
<Investigator>
<FirstName>Jeffery</FirstName>
<LastName>Hamilton</LastName>
<PI_MID_INIT/>
<PI_SUFX_NAME/>
<PI_FULL_NAME>Jeffery Hamilton</PI_FULL_NAME>
<EmailAddress><![CDATA[jhamilton01@terra.edu]]></EmailAddress>
<NSF_ID>000655192</NSF_ID>
<StartDate>06/14/2022</StartDate>
<EndDate/>
<RoleCode>Co-Principal Investigator</RoleCode>
</Investigator>
<Investigator>
<FirstName>Michael</FirstName>
<LastName>Holewinski</LastName>
<PI_MID_INIT>A</PI_MID_INIT>
<PI_SUFX_NAME/>
<PI_FULL_NAME>Michael A Holewinski</PI_FULL_NAME>
<EmailAddress><![CDATA[mholewinski@terra.edu]]></EmailAddress>
<NSF_ID>000808960</NSF_ID>
<StartDate>06/14/2022</StartDate>
<EndDate/>
<RoleCode>Principal Investigator</RoleCode>
</Investigator>
<Investigator>
<FirstName>Scott</FirstName>
<LastName>Krohn</LastName>
<PI_MID_INIT/>
<PI_SUFX_NAME/>
<PI_FULL_NAME>Scott Krohn</PI_FULL_NAME>
<EmailAddress><![CDATA[skrohn01@terra.edu]]></EmailAddress>
<NSF_ID>000811713</NSF_ID>
<StartDate>06/14/2022</StartDate>
<EndDate/>
<RoleCode>Co-Principal Investigator</RoleCode>
</Investigator>
<Investigator>
<FirstName>James</FirstName>
<LastName>Mumaw</LastName>
<PI_MID_INIT>D</PI_MID_INIT>
<PI_SUFX_NAME/>
<PI_FULL_NAME>James D Mumaw</PI_FULL_NAME>
<EmailAddress><![CDATA[jmumaw@terra.edu]]></EmailAddress>
<NSF_ID>000859042</NSF_ID>
<StartDate>06/14/2022</StartDate>
<EndDate/>
<RoleCode>Co-Principal Investigator</RoleCode>
</Investigator>
<Investigator>
<FirstName>Ronald</FirstName>
<LastName>King</LastName>
<PI_MID_INIT>A</PI_MID_INIT>
<PI_SUFX_NAME/>
<PI_FULL_NAME>Ronald A King</PI_FULL_NAME>
<EmailAddress><![CDATA[Rking01@terra.edu]]></EmailAddress>
<NSF_ID>000866569</NSF_ID>
<StartDate>06/14/2022</StartDate>
<EndDate/>
<RoleCode>Co-Principal Investigator</RoleCode>
</Investigator>
<Institution>
<Name>Terra State Community College</Name>
<CityName>FREMONT</CityName>
<ZipCode>434209600</ZipCode>
<PhoneNumber>4195592301</PhoneNumber>
<StreetAddress>2830 NAPOLEON RD</StreetAddress>
<StreetAddress2/>
<CountryName>United States</CountryName>
<StateName>Ohio</StateName>
<StateCode>OH</StateCode>
<CONGRESSDISTRICT>04</CONGRESSDISTRICT>
<CONGRESS_DISTRICT_ORG>OH04</CONGRESS_DISTRICT_ORG>
<ORG_UEI_NUM>CKZFN7NVGH73</ORG_UEI_NUM>
<ORG_LGL_BUS_NAME>TERRA COMMUNITY COLLEGE</ORG_LGL_BUS_NAME>
<ORG_PRNT_UEI_NUM/>
</Institution>
<Performance_Institution>
<Name><![CDATA[Terra State Community College]]></Name>
<CityName>Fremont</CityName>
<StateCode>OH</StateCode>
<ZipCode>434208839</ZipCode>
<StreetAddress><![CDATA[2830 Napoleon Rd.]]></StreetAddress>
<CountryCode>US</CountryCode>
<CountryName>United States</CountryName>
<StateName>Ohio</StateName>
<CountryFlag>1</CountryFlag>
<CONGRESSDISTRICT>04</CONGRESSDISTRICT>
<CONGRESS_DISTRICT_PERF>OH04</CONGRESS_DISTRICT_PERF>
</Performance_Institution>
<ProgramElement>
<Code>7412</Code>
<Text>Advanced Tech Education Prog</Text>
</ProgramElement>
<ProgramReference>
<Code>1032</Code>
<Text>ADVANCED TECHNOLOGY EDUCATION</Text>
</ProgramReference>
<ProgramReference>
<Code>9178</Code>
<Text>UNDERGRADUATE EDUCATION</Text>
</ProgramReference>
<ProgramReference>
<Code>SMET</Code>
<Text>SCIENCE, MATH, ENG &amp; TECH EDUCATION</Text>
</ProgramReference>
<FUND_OBLG>2022~349535</FUND_OBLG>
</Award>
</rootTag>
