<?xml version="1.0" encoding="UTF-8"?>
<rootTag>
<Award>
<AwardTitle><![CDATA[Symmetries and Statistics in Arithmetic]]></AwardTitle>
<AGENCY>NSF</AGENCY>
<AwardEffectiveDate>07/01/2022</AwardEffectiveDate>
<AwardExpirationDate>06/30/2025</AwardExpirationDate>
<AwardTotalIntnAmount>162566.00</AwardTotalIntnAmount>
<AwardAmount>162566</AwardAmount>
<AwardInstrument>
<Value>Standard Grant</Value>
</AwardInstrument>
<Organization>
<Code>03040000</Code>
<Directorate>
<Abbreviation>MPS</Abbreviation>
<LongName>Direct For Mathematical &amp; Physical Scien</LongName>
</Directorate>
<Division>
<Abbreviation>DMS</Abbreviation>
<LongName>Division Of Mathematical Sciences</LongName>
</Division>
</Organization>
<ProgramOfficer>
<SignBlockName>Adriana Salerno</SignBlockName>
<PO_EMAI>asalerno@nsf.gov</PO_EMAI>
<PO_PHON>7032922271</PO_PHON>
</ProgramOfficer>
<AbstractNarration><![CDATA[Number fields, algebraic structures associated with the roots of polynomials, are important objects in algebraic number theory. A crucial component in studying these algebraic structures is to understand interesting invariants of it, and the symmetry of the number field heavily influences the behavior of these invariants. More precisely, although the invariants can be mysterious and random for a single number field, as in a family, their statistics obey certain distributions determined by this symmetry. The goal of this project is to study these invariants utilizing their symmetry from a statistical point of view. In particular, this research will prove new results on invariants for number fields with special symmetry, discover new phenomena in arithmetic structures motivated by statistical results, and propose new statistical measurements of these invariants. This project will also include research opportunities for graduates, undergraduates and postdocs, and will facilitate in-depth conversations between the analytic and algebraic sides of number theory. &lt;br/&gt;&lt;br/&gt;More concretely, this project will investigate distribution results for discriminants and class groups of global fields with a fixed Galois group, using tools from algebraic number theory and analytic number theory. For the distribution of discriminants, this project will prove new asymptotic distribution, upper bound and lower bound using relative invariants and inductive ideas. It will also include discussions of global fields with different characters and symmetry. For the distribution of class groups, this project will study both extremal behavior for a single number field and statistical behavior for a family of number fields. It includes investigating new existence-type arithmetic questions and representation theory questions suggested by distribution problems. On the other hand, this project will propose and study generalizations and variations of the class number problems. Finally, this project will also address fundamental questions on the distribution of roots of polynomials. This includes giving sharp inequalities leading to equidistribution results and constructing optimal root distributions with respect to various functionals.&lt;br/&gt;&lt;br/&gt;This award reflects NSF's statutory mission and has been deemed worthy of support through evaluation using the Foundation's intellectual merit and broader impacts review criteria.]]></AbstractNarration>
<MinAmdLetterDate>06/13/2022</MinAmdLetterDate>
<MaxAmdLetterDate>06/13/2022</MaxAmdLetterDate>
<ARRAAmount/>
<TRAN_TYPE>Grant</TRAN_TYPE>
<CFDA_NUM>47.049</CFDA_NUM>
<NSF_PAR_USE_FLAG>1</NSF_PAR_USE_FLAG>
<FUND_AGCY_CODE>4900</FUND_AGCY_CODE>
<AWDG_AGCY_CODE>4900</AWDG_AGCY_CODE>
<AwardID>2201346</AwardID>
<Investigator>
<FirstName>Jiuya</FirstName>
<LastName>Wang</LastName>
<PI_MID_INIT/>
<PI_SUFX_NAME/>
<PI_FULL_NAME>Jiuya Wang</PI_FULL_NAME>
<EmailAddress><![CDATA[jiuya.wang@uga.edu]]></EmailAddress>
<NSF_ID>000811942</NSF_ID>
<StartDate>06/13/2022</StartDate>
<EndDate/>
<RoleCode>Principal Investigator</RoleCode>
</Investigator>
<Institution>
<Name>University of Georgia Research Foundation Inc</Name>
<CityName>ATHENS</CityName>
<ZipCode>306021589</ZipCode>
<PhoneNumber>7065425939</PhoneNumber>
<StreetAddress>310 EAST CAMPUS RD TUCKER HALL R</StreetAddress>
<StreetAddress2/>
<CountryName>United States</CountryName>
<StateName>Georgia</StateName>
<StateCode>GA</StateCode>
<CONGRESSDISTRICT>10</CONGRESSDISTRICT>
<CONGRESS_DISTRICT_ORG>GA10</CONGRESS_DISTRICT_ORG>
<ORG_UEI_NUM>NMJHD63STRC5</ORG_UEI_NUM>
<ORG_LGL_BUS_NAME>UNIVERSITY OF GEORGIA RESEARCH FOUNDATION, INC.</ORG_LGL_BUS_NAME>
<ORG_PRNT_UEI_NUM/>
</Institution>
<Performance_Institution>
<Name><![CDATA[University of Georgia]]></Name>
<CityName>ATHENS</CityName>
<StateCode>GA</StateCode>
<ZipCode>306021589</ZipCode>
<StreetAddress><![CDATA[310 East Campus Rd]]></StreetAddress>
<CountryCode>US</CountryCode>
<CountryName>United States</CountryName>
<StateName>Georgia</StateName>
<CountryFlag>1</CountryFlag>
<CONGRESSDISTRICT>10</CONGRESSDISTRICT>
<CONGRESS_DISTRICT_PERF>GA10</CONGRESS_DISTRICT_PERF>
</Performance_Institution>
<ProgramElement>
<Code>1264</Code>
<Text>ALGEBRA,NUMBER THEORY,AND COM</Text>
</ProgramElement>
<FUND_OBLG>2022~162566</FUND_OBLG>
</Award>
</rootTag>
