<?xml version="1.0" encoding="UTF-8"?>
<rootTag>
<Award>
<AwardTitle>CC* Networking Infrastructure: Improving the University of the Virgin Islands’ Scientific Research Data Movement Infrastructure and Network Capacity</AwardTitle>
<AGENCY>NSF</AGENCY>
<AwardEffectiveDate>06/01/2022</AwardEffectiveDate>
<AwardExpirationDate>05/31/2024</AwardExpirationDate>
<AwardTotalIntnAmount>500000.00</AwardTotalIntnAmount>
<AwardAmount>500000</AwardAmount>
<AwardInstrument>
<Value>Standard Grant</Value>
</AwardInstrument>
<Organization>
<Code>05090000</Code>
<Directorate>
<Abbreviation>CSE</Abbreviation>
<LongName>Direct For Computer &amp; Info Scie &amp; Enginr</LongName>
</Directorate>
<Division>
<Abbreviation>OAC</Abbreviation>
<LongName>Office of Advanced Cyberinfrastructure (OAC)</LongName>
</Division>
</Organization>
<ProgramOfficer>
<SignBlockName>Kevin Thompson</SignBlockName>
<PO_EMAI>kthompso@nsf.gov</PO_EMAI>
<PO_PHON>7032924220</PO_PHON>
</ProgramOfficer>
<AbstractNarration>This award is funded in whole or in part under the American Rescue Plan Act of 2021 (Public Law 117-2).&lt;br/&gt;&lt;br/&gt;The University of the Virgin Islands (UVI), through its Information Services and Institutional Assessment department and in collaboration with Virgin Islands Established Program to Stimulate Competitive Research, aims to upgrade campus network switching electronics, implementing a Science DMZ (a perimeter network), and providing training opportunities for undergraduate students. The project will deliver increased network capacity and redundancy required to enable the movement of scientific data to conduct various network-based research activities, permit advanced computing, and take advantage of public cloud computing and storage resources. These improvements will increase UVI’s ability to support ongoing scientific research and teaching and attract new researchers. &lt;br/&gt;&lt;br/&gt;Network switching upgrades from 10/100BASE transmission speeds to high performing multigigabit network switches allow for increased network capacity and redundancy required to enable the movement of scientific data to conduct various research activities, permit advanced computing, take advantage of public cloud computing and storage resources, and also support the Internet of Things (IoT). These network improvements will build upon past NSF cyberinfrastructure investments, support UVI-based marine and environmental research that informs federal and territorial natural resources managers focused on marine ecosystems health, increase data sharing between researchers and collaborators, and help to facilitate time-sensitive environmental monitoring and real-time model validation. UVI's Science DMZ will offer a network environment tailored to the needs of high-performance science applications, including large data transfers, remote experiment control, data visualization, and addresses network performance problems that occur when large research data sets traverse through firewalls. It also will enable faster processing of data for UVI’s collaborating partner, the National Radio Astronomy Observatory, a radio telescope facility used by the international scientific community. Additionally, computer science and computational biology undergraduate students from groups traditionally underrepresented in STEM will be provided opportunities for hands-on training and work experience. This project has potential to facilitate professional development, help build high-demand technical capacity within the university and across the Territory, and make a sound and long-term investment in campus-wide research and education at UVI.&lt;br/&gt;&lt;br/&gt;This project is funded through the collaborative efforts of the Office of Advanced Cyberinfrastructure (OAC) and the Established Program to Stimulate Competitive Research (EPSCoR).&lt;br/&gt;&lt;br/&gt;This award reflects NSF's statutory mission and has been deemed worthy of support through evaluation using the Foundation's intellectual merit and broader impacts review criteria.</AbstractNarration>
<MinAmdLetterDate>05/17/2022</MinAmdLetterDate>
<MaxAmdLetterDate>05/17/2022</MaxAmdLetterDate>
<ARRAAmount/>
<TRAN_TYPE>Grant</TRAN_TYPE>
<CFDA_NUM>47.083</CFDA_NUM>
<NSF_PAR_USE_FLAG>1</NSF_PAR_USE_FLAG>
<FUND_AGCY_CODE>4900</FUND_AGCY_CODE>
<AWDG_AGCY_CODE>4900</AWDG_AGCY_CODE>
<AwardID>2201481</AwardID>
<Investigator>
<FirstName>Kim</FirstName>
<LastName>Waddell</LastName>
<PI_MID_INIT/>
<PI_SUFX_NAME/>
<PI_FULL_NAME>Kim Waddell</PI_FULL_NAME>
<EmailAddress>kim.waddell@uvi.edu</EmailAddress>
<PI_PHON>3406921628</PI_PHON>
<NSF_ID>000548807</NSF_ID>
<StartDate>05/17/2022</StartDate>
<EndDate/>
<RoleCode>Principal Investigator</RoleCode>
</Investigator>
<Investigator>
<FirstName>Sharlene</FirstName>
<LastName>Harris</LastName>
<PI_MID_INIT/>
<PI_SUFX_NAME/>
<PI_FULL_NAME>Sharlene Harris</PI_FULL_NAME>
<EmailAddress>sharris@uvi.edu</EmailAddress>
<PI_PHON>3406931361</PI_PHON>
<NSF_ID>000865962</NSF_ID>
<StartDate>05/17/2022</StartDate>
<EndDate/>
<RoleCode>Co-Principal Investigator</RoleCode>
</Investigator>
<Institution>
<Name>University of The Virgin Islands</Name>
<CityName>Charlotte Amalie</CityName>
<ZipCode>008026004</ZipCode>
<PhoneNumber>3406931202</PhoneNumber>
<StreetAddress>#2 John Brewers Bay</StreetAddress>
<StreetAddress2/>
<CountryName>United States</CountryName>
<StateName>Virgin Islands</StateName>
<StateCode>VI</StateCode>
<CONGRESSDISTRICT>00</CONGRESSDISTRICT>
<CONGRESS_DISTRICT_ORG>VI00</CONGRESS_DISTRICT_ORG>
<ORG_UEI_NUM>JTFKX11JLHS8</ORG_UEI_NUM>
<ORG_LGL_BUS_NAME>UNIVERSITY OF THE VIRGIN ISLANDS</ORG_LGL_BUS_NAME>
<ORG_PRNT_UEI_NUM>JTFKX11JLHS8</ORG_PRNT_UEI_NUM>
</Institution>
<Performance_Institution>
<Name><![CDATA[University of The Virgin Islands]]></Name>
<CityName>St. Thomas</CityName>
<StateCode>VI</StateCode>
<ZipCode>008026004</ZipCode>
<StreetAddress><![CDATA[#2 John Brewers Bay]]></StreetAddress>
<CountryCode>VQ</CountryCode>
<CountryName>Virgin Islands, U.S.</CountryName>
<StateName>Virgin Islands</StateName>
<CountryFlag>0</CountryFlag>
<CONGRESSDISTRICT>00</CONGRESSDISTRICT>
<CONGRESS_DISTRICT_PERF>VI00</CONGRESS_DISTRICT_PERF>
</Performance_Institution>
<ProgramElement>
<Code>9150</Code>
<Text>EPSCoR Co-Funding</Text>
</ProgramElement>
<ProgramReference>
<Code>9102</Code>
<Text>WOMEN, MINORITY, DISABLED, NEC</Text>
</ProgramReference>
<ProgramReference>
<Code>9150</Code>
<Text>EXP PROG TO STIM COMP RES</Text>
</ProgramReference>
<FUND_OBLG>2022~500000</FUND_OBLG>
</Award>
</rootTag>
