<?xml version="1.0" encoding="UTF-8"?>
<rootTag>
<Award>
<AwardTitle>Examining the Mechanisms of the Math Anxiety-Math Achievement Link through a School-Based Grades 2-3 Intervention</AwardTitle>
<AGENCY>NSF</AGENCY>
<AwardEffectiveDate>07/01/2022</AwardEffectiveDate>
<AwardExpirationDate>06/30/2025</AwardExpirationDate>
<AwardTotalIntnAmount>1498140.00</AwardTotalIntnAmount>
<AwardAmount>1050183</AwardAmount>
<AwardInstrument>
<Value>Continuing Grant</Value>
</AwardInstrument>
<Organization>
<Code>11090000</Code>
<Directorate>
<Abbreviation>EHR</Abbreviation>
<LongName>Direct For Education and Human Resources</LongName>
</Directorate>
<Division>
<Abbreviation>DRL</Abbreviation>
<LongName>Division Of Research On Learning</LongName>
</Division>
</Organization>
<ProgramOfficer>
<SignBlockName>Eric Knuth</SignBlockName>
<PO_EMAI>eknuth@nsf.gov</PO_EMAI>
<PO_PHON>7032928402</PO_PHON>
</ProgramOfficer>
<AbstractNarration>Many children, adolescents, and adults experience math anxiety. Research has shown that math-anxious children typically continue to experience math anxiety as they get older. People with math anxiety tend to perform more poorly in math and are less likely to take advanced math courses or pursue science, technology, engineering, and mathematics (STEM) careers. Thus, tackling math anxiety early on is important for mitigating negative impacts later in life. This project will develop and test a school-based intervention to decrease children’s math anxiety. Researchers have suggested that math anxiety leads to lower math achievement because it leads people to avoid math, and because anxious thoughts use the limited cognitive resources in working memory, which are required for solving math problems. Therefore, this project will test whether any reduction in math anxiety from the intervention leads children to avoid math less, have better working memory skills, and perform better in math. This project will produce intervention materials that can be used to alleviate children’s math anxiety and help to better understand long-term effects of math anxiety on math avoidance, working memory, and math achievement.&lt;br/&gt;&lt;br/&gt;The first goal of this project is to develop the math anxiety intervention. This intervention will adapt an existing classroom-based intervention and add exposure components from cognitive behavioral therapy interventions, which are effective for children with other anxiety-related disorders. The work will involve developing a child workbook, facilitator session guides, and facilitator training materials. During this process, intervention components will be tested with 24-39 children to inform revisions to the materials. The second goal is to test the effect of the intervention on math anxiety and whether any effect leads to changes in working memory and math avoidance, and subsequently math achievement. Second- and third-grade classrooms will be randomly assigned within schools to have their students with high math anxiety (140 students total) participate in the small-group intervention or be in a business-as-usual control group (140 students total). Children’s math anxiety, avoidance, working memory, and math achievement will be assessed before and after the intervention, as well as 3 and 6 months later. Results will be used to test the theory that intervention-induced changes in math anxiety relate to increased working memory and decreased math avoidance, which relate to improved math achievement. The findings from this project will have implications for understanding the role of math anxiety in math achievement, and have the potential to lead to long-term increases in STEM workforce participation.&lt;br/&gt;&lt;br/&gt;This project is supported by NSF's EHR Core Research (ECR) program. The ECR program emphasizes fundamental STEM education research that generates foundational knowledge in the field. Investments are made in critical areas that are essential, broad and enduring: STEM learning and STEM learning environments, broadening participation in STEM, and STEM workforce development. The program supports the accumulation of robust evidence to inform efforts to understand, build theory to explain, and suggest intervention and innovations to address persistent challenges in education.&lt;br/&gt;&lt;br/&gt;This award reflects NSF's statutory mission and has been deemed worthy of support through evaluation using the Foundation's intellectual merit and broader impacts review criteria.</AbstractNarration>
<MinAmdLetterDate>05/06/2022</MinAmdLetterDate>
<MaxAmdLetterDate>05/06/2022</MaxAmdLetterDate>
<ARRAAmount/>
<TRAN_TYPE>Grant</TRAN_TYPE>
<CFDA_NUM>47.076</CFDA_NUM>
<NSF_PAR_USE_FLAG>1</NSF_PAR_USE_FLAG>
<FUND_AGCY_CODE>4900</FUND_AGCY_CODE>
<AWDG_AGCY_CODE>4900</AWDG_AGCY_CODE>
<AwardID>2201832</AwardID>
<Investigator>
<FirstName>Colleen</FirstName>
<LastName>Ganley</LastName>
<PI_MID_INIT/>
<PI_SUFX_NAME/>
<PI_FULL_NAME>Colleen Ganley</PI_FULL_NAME>
<EmailAddress>ganley@psy.fsu.edu</EmailAddress>
<PI_PHON>8506450271</PI_PHON>
<NSF_ID>000611900</NSF_ID>
<StartDate>05/06/2022</StartDate>
<EndDate/>
<RoleCode>Principal Investigator</RoleCode>
</Investigator>
<Investigator>
<FirstName>Sara</FirstName>
<LastName>Hart</LastName>
<PI_MID_INIT>A</PI_MID_INIT>
<PI_SUFX_NAME/>
<PI_FULL_NAME>Sara A Hart</PI_FULL_NAME>
<EmailAddress>hart@psy.fsu.edu</EmailAddress>
<PI_PHON>8506445260</PI_PHON>
<NSF_ID>000661406</NSF_ID>
<StartDate>05/06/2022</StartDate>
<EndDate/>
<RoleCode>Co-Principal Investigator</RoleCode>
</Investigator>
<Investigator>
<FirstName>Alexandria</FirstName>
<LastName>Meyer</LastName>
<PI_MID_INIT/>
<PI_SUFX_NAME/>
<PI_FULL_NAME>Alexandria Meyer</PI_FULL_NAME>
<EmailAddress>meyer@psy.fsu.edu</EmailAddress>
<PI_PHON>8506445260</PI_PHON>
<NSF_ID>000757862</NSF_ID>
<StartDate>05/06/2022</StartDate>
<EndDate/>
<RoleCode>Co-Principal Investigator</RoleCode>
</Investigator>
<Investigator>
<FirstName>Maria Chiara</FirstName>
<LastName>Passolunghi</LastName>
<PI_MID_INIT/>
<PI_SUFX_NAME/>
<PI_FULL_NAME>Maria Chiara Passolunghi</PI_FULL_NAME>
<EmailAddress>mcpmarzo@gmail.com</EmailAddress>
<PI_PHON>3904055888</PI_PHON>
<NSF_ID>000865861</NSF_ID>
<StartDate>05/06/2022</StartDate>
<EndDate/>
<RoleCode>Co-Principal Investigator</RoleCode>
</Investigator>
<Institution>
<Name>Florida State University</Name>
<CityName>TALLAHASSEE</CityName>
<ZipCode>323060001</ZipCode>
<PhoneNumber>8506445260</PhoneNumber>
<StreetAddress>874 TRADITIONS WAY</StreetAddress>
<StreetAddress2/>
<CountryName>United States</CountryName>
<StateName>Florida</StateName>
<StateCode>FL</StateCode>
<CONGRESSDISTRICT>02</CONGRESSDISTRICT>
<CONGRESS_DISTRICT_ORG>FL02</CONGRESS_DISTRICT_ORG>
<ORG_UEI_NUM>JF2BLNN4PJC3</ORG_UEI_NUM>
<ORG_LGL_BUS_NAME>FLORIDA STATE UNIVERSITY</ORG_LGL_BUS_NAME>
<ORG_PRNT_UEI_NUM>D4GCCCMXR1H3</ORG_PRNT_UEI_NUM>
</Institution>
<Performance_Institution>
<Name><![CDATA[Florida State University]]></Name>
<CityName>TALLAHASSEE</CityName>
<StateCode>FL</StateCode>
<ZipCode>323064166</ZipCode>
<StreetAddress><![CDATA[874 Traditions Way, 3rd Floor]]></StreetAddress>
<CountryCode>US</CountryCode>
<CountryName>United States</CountryName>
<StateName>Florida</StateName>
<CountryFlag>1</CountryFlag>
<CONGRESSDISTRICT>02</CONGRESSDISTRICT>
<CONGRESS_DISTRICT_PERF>FL02</CONGRESS_DISTRICT_PERF>
</Performance_Institution>
<ProgramElement>
<Code>7980</Code>
<Text>ECR-EHR Core Research</Text>
</ProgramElement>
<ProgramReference>
<Code>8817</Code>
<Text>STEM Learning &amp; Learning Environments</Text>
</ProgramReference>
<FUND_OBLG>2022~1050183</FUND_OBLG>
</Award>
</rootTag>
