<?xml version="1.0" encoding="UTF-8"?>
<rootTag>
<Award>
<AwardTitle>A Comprehensive Approach for Preparing Community College Career Programs to Support the Vehicle to Grid Transition</AwardTitle>
<AGENCY>NSF</AGENCY>
<AwardEffectiveDate>05/01/2022</AwardEffectiveDate>
<AwardExpirationDate>04/30/2025</AwardExpirationDate>
<AwardTotalIntnAmount>350000.00</AwardTotalIntnAmount>
<AwardAmount>350000</AwardAmount>
<AwardInstrument>
<Value>Standard Grant</Value>
</AwardInstrument>
<Organization>
<Code>11040100</Code>
<Directorate>
<Abbreviation>EHR</Abbreviation>
<LongName>Direct For Education and Human Resources</LongName>
</Directorate>
<Division>
<Abbreviation>DUE</Abbreviation>
<LongName>Division Of Undergraduate Education</LongName>
</Division>
</Organization>
<ProgramOfficer>
<SignBlockName>Michael Davis</SignBlockName>
<PO_EMAI>mdavis@nsf.gov</PO_EMAI>
<PO_PHON>7032927166</PO_PHON>
</ProgramOfficer>
<AbstractNarration>Market analyses show that battery electric vehicles (BEV) will make up over 25% of the automotive and light vehicle fleet in the United States by 2030.  The global BEV market share is expected to exceed 30% of all vehicles on the road.  The increased power demand generated by this growth will require greater efficiency in the generation and delivery of electricity to the US market.  Central to this efficiency will be the vehicle-to-grid interface (V2G) commonly referred to as the “electric vehicle charging station”.  Energy producers, government entities, and industry will all require employees with an understanding of the impact of BEVs on the electrical supply grid and the impact of the supply grid on the operation of BEVs.  This project at Hudson Valley Community College (HVCC) seeks to address the critical need for electricians and technicians with applicable knowledge of the V2G interface.  The project will meet this need by (1) developing educational modules to train electricians in the theory and operation of BEV charging systems, and (2) training automotive/light truck technicians in the theory and operation of electrical generation and supply grids.  HVCC will develop BEV charging system educational modules that can be easily and efficiently integrated into existing degree programs, and make these training modules widely available for implementation by other educational institutions throughout the country.  The project team expects that addressing the knowledge gaps in V2G theory and operation will greatly increase the population of technicians prepared to perform the critical services necessary to support the country’s transition to electric vehicles.&lt;br/&gt;&lt;br/&gt;This project will enable HVCC to develop training modules that will address significant knowledge gaps in trades critical to the country’s transition to a BEV fleet.  An estimated 200 students will complete degree programs in areas directly impacted by V2G, including automotive repair, electrical construction and maintenance, and green technology management.  Additionally, 14 high school, community college, and trade educators serving students in traditionally underserved communities will be trained in V2G theory and operation.  The educational modules developed through this project will be shared with educational programs throughout the country through existing NSF/ATE supported conferences and data bases, the State University of New York system, and professional trade and industry conferences.  This project is funded by the Advanced Technology Education program that focuses on the education of technicians for the advanced-technology fields that drive the Nation’s economy.&lt;br/&gt;&lt;br/&gt;This award reflects NSF's statutory mission and has been deemed worthy of support through evaluation using the Foundation's intellectual merit and broader impacts review criteria.</AbstractNarration>
<MinAmdLetterDate>04/13/2022</MinAmdLetterDate>
<MaxAmdLetterDate>04/13/2022</MaxAmdLetterDate>
<ARRAAmount/>
<TRAN_TYPE>Grant</TRAN_TYPE>
<CFDA_NUM>47.076</CFDA_NUM>
<NSF_PAR_USE_FLAG>1</NSF_PAR_USE_FLAG>
<FUND_AGCY_CODE>4900</FUND_AGCY_CODE>
<AWDG_AGCY_CODE>4900</AWDG_AGCY_CODE>
<AwardID>2202062</AwardID>
<Investigator>
<FirstName>Christopher</FirstName>
<LastName>McNally</LastName>
<PI_MID_INIT/>
<PI_SUFX_NAME/>
<PI_FULL_NAME>Christopher McNally</PI_FULL_NAME>
<EmailAddress>c.mcnally@hvcc.edu</EmailAddress>
<PI_PHON>5186297996</PI_PHON>
<NSF_ID>000854517</NSF_ID>
<StartDate>04/13/2022</StartDate>
<EndDate/>
<RoleCode>Principal Investigator</RoleCode>
</Investigator>
<Investigator>
<FirstName>James</FirstName>
<LastName>Countryman</LastName>
<PI_MID_INIT>S</PI_MID_INIT>
<PI_SUFX_NAME>Jr</PI_SUFX_NAME>
<PI_FULL_NAME>James S Countryman</PI_FULL_NAME>
<EmailAddress>j.countryman@hvcc.edu</EmailAddress>
<PI_PHON>5186297207</PI_PHON>
<NSF_ID>000864931</NSF_ID>
<StartDate>04/13/2022</StartDate>
<EndDate/>
<RoleCode>Co-Principal Investigator</RoleCode>
</Investigator>
<Institution>
<Name>Hudson Valley Community College</Name>
<CityName>TROY</CityName>
<ZipCode>121806037</ZipCode>
<PhoneNumber>5186298177</PhoneNumber>
<StreetAddress>80 VANDENBURGH AVE</StreetAddress>
<StreetAddress2/>
<CountryName>United States</CountryName>
<StateName>New York</StateName>
<StateCode>NY</StateCode>
<CONGRESSDISTRICT>20</CONGRESSDISTRICT>
<CONGRESS_DISTRICT_ORG>NY20</CONGRESS_DISTRICT_ORG>
<ORG_UEI_NUM>LELKBMKKMWN4</ORG_UEI_NUM>
<ORG_LGL_BUS_NAME>HUDSON VALLEY COMMUNITY COLLEGE</ORG_LGL_BUS_NAME>
<ORG_PRNT_UEI_NUM>DKBAJQ45GQS8</ORG_PRNT_UEI_NUM>
</Institution>
<Performance_Institution>
<Name><![CDATA[Hudson Valley Community College]]></Name>
<CityName>Troy</CityName>
<StateCode>NY</StateCode>
<ZipCode>121806025</ZipCode>
<StreetAddress><![CDATA[80 Vandenburgh Avenue]]></StreetAddress>
<CountryCode>US</CountryCode>
<CountryName>United States</CountryName>
<StateName>New York</StateName>
<CountryFlag>1</CountryFlag>
<CONGRESSDISTRICT>20</CONGRESSDISTRICT>
<CONGRESS_DISTRICT_PERF>NY20</CONGRESS_DISTRICT_PERF>
</Performance_Institution>
<ProgramElement>
<Code>7412</Code>
<Text>Advanced Tech Education Prog</Text>
</ProgramElement>
<ProgramReference>
<Code>1032</Code>
<Text>ADVANCED TECHNOLOGY EDUCATION</Text>
</ProgramReference>
<ProgramReference>
<Code>9178</Code>
<Text>UNDERGRADUATE EDUCATION</Text>
</ProgramReference>
<ProgramReference>
<Code>SMET</Code>
<Text>SCIENCE, MATH, ENG &amp; TECH EDUCATION</Text>
</ProgramReference>
<FUND_OBLG>2022~350000</FUND_OBLG>
</Award>
</rootTag>
