<?xml version="1.0" encoding="UTF-8"?>
<rootTag>
<Award>
<AwardTitle>CDS&amp;E: Excited-state properties and the impact of random defects in quantum materials</AwardTitle>
<AGENCY>NSF</AGENCY>
<AwardEffectiveDate>05/01/2022</AwardEffectiveDate>
<AwardExpirationDate>04/30/2025</AwardExpirationDate>
<AwardTotalIntnAmount>318775.00</AwardTotalIntnAmount>
<AwardAmount>318775</AwardAmount>
<AwardInstrument>
<Value>Standard Grant</Value>
</AwardInstrument>
<Organization>
<Code>03070000</Code>
<Directorate>
<Abbreviation>MPS</Abbreviation>
<LongName>Direct For Mathematical &amp; Physical Scien</LongName>
</Directorate>
<Division>
<Abbreviation>DMR</Abbreviation>
<LongName>Division Of Materials Research</LongName>
</Division>
</Organization>
<ProgramOfficer>
<SignBlockName>Serdar Ogut</SignBlockName>
<PO_EMAI>sogut@nsf.gov</PO_EMAI>
<PO_PHON>7032920000</PO_PHON>
</ProgramOfficer>
<AbstractNarration>NONTECHNICAL SUMMARY&lt;br/&gt;&lt;br/&gt;This award supports theoretical and computational research and education on techniques that will enhance and expand our current scientific knowledge of the properties of realistic two-dimensional (2D) materials, which consist of a single layer of atoms. Just as the discovery of semiconductors revolutionized computation and information storage, functional 2D materials and materials formed by vertically stacking 2D materials have the potential to revolutionize every aspect of our lives. They are actively being explored for both fundamental research and modern device applications, including efficient generation, storing, and transporting power across the national grid with minimal losses, ultrasensitive sensors capable of synchronous monitoring, and efficient disease detection and diagnosis. Critical to actualizing these novel and transformative technological applications is a fundamental understanding of the interplay between the exotic phases that abound in 2D materials.  Due to the complexity of electron-electron interactions coupled with materials' inhomogeneities, standard computational modeling approaches suitable for perfect bulk materials often become unreliable for modeling 2D materials. The PI and his team will develop and employ advanced theoretical and computational techniques that will account for strong electron-electron interaction and inhomogeneous nature of 2D materials to explore physical properties and phenomena that could potentially be harnessed for technological advances.&lt;br/&gt;&lt;br/&gt;This award also supports various education and outreach activities. The PI will (1) train both undergraduate and graduate students in computational physics, data science, and materials science research, (2) deliver corresponding interdisciplinary hands-on materials modeling courses by integrating research with teaching, and (3) perform educational outreach with the potential to enhance science education and increased public scientific awareness and literacy within the Lehigh Valley.&lt;br/&gt;&lt;br/&gt;&lt;br/&gt;TECHNICAL SUMMARY&lt;br/&gt;&lt;br/&gt;This award supports theoretical and computational research and education on techniques that will enhance and expand our current scientific knowledge of the properties of two-dimensional (2D) materials beyond idealistic models of perfectly ordered or structurally averaged materials. To tackle the challenges of studying moderately correlated realistic 2D materials, the PI will develop and employ advanced numerical and theoretical techniques accounting for Coulomb interactions, random disorder, complete orbital structure, and the presence of dielectric screening within the material. Several open questions that have come into focus due to recent experimental discoveries in 2D-based quantum materials will be addressed, such as (1) What is the physical nature of the nanoscale phase coexistence between material’s imperfection, spatial correlations, and Coulomb interactions? (2) What is the fate of Coulomb and exciton interactions, and quantum criticality near broken symmetry states in the presence of material imperfection? (3) Can the defect-induced broken symmetry state, e.g., Mott physics and metal-insulator quantum transition be harnessed through band-engineering? The PI will exploit the potential to realize defect-induced transitions between the various broken-symmetry states.&lt;br/&gt;&lt;br/&gt;This award also supports various education and outreach activities. The PI will (1) train both undergraduate and graduate students in computational physics, data science, and materials science research, (2) deliver corresponding interdisciplinary hands-on materials modeling courses by integrating research with teaching, and (3) perform educational outreach with the potential to enhance STEM education and increased public scientific awareness and literacy within the Lehigh Valley.&lt;br/&gt;&lt;br/&gt;This award reflects NSF's statutory mission and has been deemed worthy of support through evaluation using the Foundation's intellectual merit and broader impacts review criteria.</AbstractNarration>
<MinAmdLetterDate>04/11/2022</MinAmdLetterDate>
<MaxAmdLetterDate>04/11/2022</MaxAmdLetterDate>
<ARRAAmount/>
<TRAN_TYPE>Grant</TRAN_TYPE>
<CFDA_NUM>47.049</CFDA_NUM>
<NSF_PAR_USE_FLAG>1</NSF_PAR_USE_FLAG>
<FUND_AGCY_CODE>4900</FUND_AGCY_CODE>
<AWDG_AGCY_CODE>4900</AWDG_AGCY_CODE>
<AwardID>2202101</AwardID>
<Investigator>
<FirstName>Chinedu</FirstName>
<LastName>Ekuma</LastName>
<PI_MID_INIT>E</PI_MID_INIT>
<PI_SUFX_NAME/>
<PI_FULL_NAME>Chinedu E Ekuma</PI_FULL_NAME>
<EmailAddress>che218@lehigh.edu</EmailAddress>
<PI_PHON>6107583930</PI_PHON>
<NSF_ID>000786037</NSF_ID>
<StartDate>04/11/2022</StartDate>
<EndDate/>
<RoleCode>Principal Investigator</RoleCode>
</Investigator>
<Institution>
<Name>Lehigh University</Name>
<CityName>BETHLEHEM</CityName>
<ZipCode>180153008</ZipCode>
<PhoneNumber>6107583021</PhoneNumber>
<StreetAddress>526 BRODHEAD AVE</StreetAddress>
<StreetAddress2/>
<CountryName>United States</CountryName>
<StateName>Pennsylvania</StateName>
<StateCode>PA</StateCode>
<CONGRESSDISTRICT>07</CONGRESSDISTRICT>
<CONGRESS_DISTRICT_ORG>PA07</CONGRESS_DISTRICT_ORG>
<ORG_UEI_NUM>E13MDBKHLDB5</ORG_UEI_NUM>
<ORG_LGL_BUS_NAME>LEHIGH UNIVERSITY</ORG_LGL_BUS_NAME>
<ORG_PRNT_UEI_NUM>EXS6JMRJHJ38</ORG_PRNT_UEI_NUM>
</Institution>
<Performance_Institution>
<Name><![CDATA[Lehigh University]]></Name>
<CityName>Bethlehem</CityName>
<StateCode>PA</StateCode>
<ZipCode>180153005</ZipCode>
<StreetAddress><![CDATA[Alumni Building 27]]></StreetAddress>
<CountryCode>US</CountryCode>
<CountryName>United States</CountryName>
<StateName>Pennsylvania</StateName>
<CountryFlag>1</CountryFlag>
<CONGRESSDISTRICT>07</CONGRESSDISTRICT>
<CONGRESS_DISTRICT_PERF>PA07</CONGRESS_DISTRICT_PERF>
</Performance_Institution>
<ProgramElement>
<Code>1765</Code>
<Text>CONDENSED MATTER &amp; MAT THEORY</Text>
</ProgramElement>
<ProgramReference>
<Code>094Z</Code>
<Text>Materials Data</Text>
</ProgramReference>
<ProgramReference>
<Code>095Z</Code>
<Text>Materials AI</Text>
</ProgramReference>
<ProgramReference>
<Code>6863</Code>
<Text>SEBML-MOORE'S LAW</Text>
</ProgramReference>
<ProgramReference>
<Code>7569</Code>
<Text>CYBERINFRASTRUCTURE/SCIENCE</Text>
</ProgramReference>
<ProgramReference>
<Code>8084</Code>
<Text>CDS&amp;E</Text>
</ProgramReference>
<ProgramReference>
<Code>9216</Code>
<Text>ADVANCED SOFTWARE TECH &amp; ALGOR</Text>
</ProgramReference>
<FUND_OBLG>2022~318775</FUND_OBLG>
</Award>
</rootTag>
