<?xml version="1.0" encoding="UTF-8"?>
<rootTag>
<Award>
<AwardTitle>Collaborative Research: On the Intensity and Size Relationship of Tropical Cyclones</AwardTitle>
<AGENCY>NSF</AGENCY>
<AwardEffectiveDate>05/01/2022</AwardEffectiveDate>
<AwardExpirationDate>04/30/2025</AwardExpirationDate>
<AwardTotalIntnAmount>372445.00</AwardTotalIntnAmount>
<AwardAmount>120417</AwardAmount>
<AwardInstrument>
<Value>Continuing Grant</Value>
</AwardInstrument>
<Organization>
<Code>06020105</Code>
<Directorate>
<Abbreviation>GEO</Abbreviation>
<LongName>Directorate For Geosciences</LongName>
</Directorate>
<Division>
<Abbreviation>AGS</Abbreviation>
<LongName>Div Atmospheric &amp; Geospace Sciences</LongName>
</Division>
</Organization>
<ProgramOfficer>
<SignBlockName>Yu Gu</SignBlockName>
<PO_EMAI>ygu@nsf.gov</PO_EMAI>
<PO_PHON>7032928796</PO_PHON>
</ProgramOfficer>
<AbstractNarration>Tropical cyclones (TCs) are the most destructive natural phenomena, causing many casualties and enormous economic loss every year. Their intensity and size are the two most important matrics for assessing TC severity and potential hazards but their relation is not well understood and challenging to be predicted. The improved understanding of TC intensity-size relation will shed insights into how operational forecasts for TC intensity and size could be further improved. These improvements will in turn help coastal communities to prepare for the maximum potential damage and lead to saving lives and minimizing the losses of properties. This project will train two Ph.D. students and a postdoc in fields of atmospheric dynamics, modeling, and data science, and support STEM education by working with an undergraduate student to launch experimental forecasts for TC intensity and size based on the knowledge gained from the project. The research findings and experimental forecasts will be communicated to the science community via peer-reviewed publications, to college students via classroom teaching and curriculum development, and to general public via website and twitter accounts. &lt;br/&gt;&lt;br/&gt;This project is built on the knowledge and insights gained from a previously NSF-funded EAGER project, which put forward a radial invariant model of “effective absolute angular momentum” (eAAM) for radial profiles of TC surface winds by combining the absolute angular momentum (AAM) and the loss of AAM due to surface drags. The main goal of this project is to explore the dependencies of radial loss of AAM and eAAM values on environment factors so that the eAAM model would better explain the observed complexity and rich diversity of TC intensity-size relation. This research is guided by the central hypothesis substantiated by three process-based working hypotheses. Under this framework, different eAAM values result from differences in the inward radial loss of AAM that depends environment conditions. The central question of how the inward radial loss rate of AAM and eAAM are related to environment conditions is investigated through 6 sets of A-B series numerical experiments using the Cloud Model Version 1 (CM1) model for the A-series and cloud-permitting version of the Weather Research and Forecast (WRF) model for the B-series. The resultant environment-dependent eAAM model will be validated by requiring that both the eAAM-predicted TC winds using observed size information and the eAAM-predicted TC sizes using observed wind information are highly in agreement (within observation uncertainties) with their observational counterparts&lt;br/&gt;&lt;br/&gt;This award reflects NSF's statutory mission and has been deemed worthy of support through evaluation using the Foundation's intellectual merit and broader impacts review criteria.</AbstractNarration>
<MinAmdLetterDate>04/21/2022</MinAmdLetterDate>
<MaxAmdLetterDate>04/21/2022</MaxAmdLetterDate>
<ARRAAmount/>
<TRAN_TYPE>Grant</TRAN_TYPE>
<CFDA_NUM>47.050</CFDA_NUM>
<NSF_PAR_USE_FLAG>1</NSF_PAR_USE_FLAG>
<FUND_AGCY_CODE>4900</FUND_AGCY_CODE>
<AWDG_AGCY_CODE>4900</AWDG_AGCY_CODE>
<AwardID>2202766</AwardID>
<Investigator>
<FirstName>Da-Lin</FirstName>
<LastName>Zhang</LastName>
<PI_MID_INIT/>
<PI_SUFX_NAME/>
<PI_FULL_NAME>Da-Lin Zhang</PI_FULL_NAME>
<EmailAddress>dalin@atmos.umd.edu</EmailAddress>
<PI_PHON>3014052018</PI_PHON>
<NSF_ID>000213641</NSF_ID>
<StartDate>04/21/2022</StartDate>
<EndDate/>
<RoleCode>Principal Investigator</RoleCode>
</Investigator>
<Institution>
<Name>University of Maryland, College Park</Name>
<CityName>COLLEGE PARK</CityName>
<ZipCode>207420001</ZipCode>
<PhoneNumber>3014056269</PhoneNumber>
<StreetAddress>3112 LEE BLDG 7809 REGENTS DR</StreetAddress>
<StreetAddress2/>
<CountryName>United States</CountryName>
<StateName>Maryland</StateName>
<StateCode>MD</StateCode>
<CONGRESSDISTRICT>05</CONGRESSDISTRICT>
<CONGRESS_DISTRICT_ORG>MD05</CONGRESS_DISTRICT_ORG>
<ORG_UEI_NUM>NPU8ULVAAS23</ORG_UEI_NUM>
<ORG_LGL_BUS_NAME>UNIVERSITY OF MARYLAND, COLLEGE PARK</ORG_LGL_BUS_NAME>
<ORG_PRNT_UEI_NUM>KMGEN62NKEM9</ORG_PRNT_UEI_NUM>
</Institution>
<Performance_Institution>
<Name><![CDATA[University of Maryland]]></Name>
<CityName>College Park</CityName>
<StateCode>MD</StateCode>
<ZipCode>207421000</ZipCode>
<StreetAddress><![CDATA[4254 Stadium Drive]]></StreetAddress>
<CountryCode>US</CountryCode>
<CountryName>United States</CountryName>
<StateName>Maryland</StateName>
<CountryFlag>1</CountryFlag>
<CONGRESSDISTRICT>05</CONGRESSDISTRICT>
<CONGRESS_DISTRICT_PERF>MD05</CONGRESS_DISTRICT_PERF>
</Performance_Institution>
<ProgramElement>
<Code>1525</Code>
<Text>Physical &amp; Dynamic Meteorology</Text>
</ProgramElement>
<FUND_OBLG>2022~120417</FUND_OBLG>
</Award>
</rootTag>
