<?xml version="1.0" encoding="UTF-8"?>
<rootTag>
<Award>
<AwardTitle><![CDATA[CDS&amp;E: Enabling Quantum Technology Design Optimization Using Large-Scale Quantum Information Preserving Computational Electromagnetics Methods]]></AwardTitle>
<AGENCY>NSF</AGENCY>
<AwardEffectiveDate>06/01/2022</AwardEffectiveDate>
<AwardExpirationDate>05/31/2025</AwardExpirationDate>
<AwardTotalIntnAmount>415000.00</AwardTotalIntnAmount>
<AwardAmount>415000</AwardAmount>
<AwardInstrument>
<Value>Standard Grant</Value>
</AwardInstrument>
<Organization>
<Code>07010000</Code>
<Directorate>
<Abbreviation>ENG</Abbreviation>
<LongName>Directorate For Engineering</LongName>
</Directorate>
<Division>
<Abbreviation>ECCS</Abbreviation>
<LongName>Div Of Electrical, Commun &amp; Cyber Sys</LongName>
</Division>
</Organization>
<ProgramOfficer>
<SignBlockName>Jenshan Lin</SignBlockName>
<PO_EMAI>jenlin@nsf.gov</PO_EMAI>
<PO_PHON>7032927360</PO_PHON>
</ProgramOfficer>
<AbstractNarration><![CDATA[This project explores the development of first-of-their-kind rigorous numerical modeling techniques that can leverage large-scale scientific computing resources to improve the design process of quantum electromagnetic devices used in quantum sensing and quantum computing systems. Numerical modeling has revolutionized the design and performance of classical electromagnetic devices, like antennas and high-speed analog and digital circuits, which have contributed to revolutionary advancements in wireless communication, remote sensing, and computing systems that impact many aspects of daily life. Similarly, it is expected that advanced numerical modeling will play a key role in designing quantum sensors and quantum computers that achieve their much-anticipated potential in a broad range of areas. This includes improving individual’s well-being through faster pharmaceutical discovery and increasing national security through better logistics and encryption breaking. The developed numerical modeling techniques will support these goals by being able to explicitly account for realistic material properties and complicated physical structures of devices being designed, which has not been possible with existing state-of-the-art methods. By addressing this modeling gap, designers will be able to perform virtual prototyping and engineering optimization of practical quantum devices prior to fabrication, reducing the time and cost it will take to overcome current technical limitations. This project will also engage undergraduate and graduate students in a vertically integrated project structure that has been shown to contribute to the development of a diverse STEM workforce better than traditional research structures. This will help fill the human resource gap in the area of quantum technologies, which has been identified as an urgent national need by many government and industry groups in the United States. &lt;br/&gt;&lt;br/&gt;The new class of numerical modeling techniques developed in this research build on  quantum information preserving computational electromagnetics methods. These methods describe an electromagnetic system of interest in the Hamiltonian framework to derive a continuum generalized Hermitian eigenvalue problem. Computational electromagnetics methods project the continuum one into a finite-dimensional linear system to find numerical eigenmodes. The resulting numerical eigenmodes are then used in the subsequent canonical quantization procedure and the quantum state equation to evaluate properties of non-classical photon states. These methods are theoretically and numerically well-grounded for analyzing systems with arbitrary physical layouts with the use of more sophisticated computational electromagnetics tools. This project extends these numerical methods to include interactions between quantized electromagnetic fields and various kinds of qubits (e.g., atoms or superconducting circuits), and the effects of dissipative materials on quantum coherence. These physical processes are fundamental to the operation of many experimentally popular quantum sensing and quantum computing systems. However, existing state-of-the-art modeling methods are predominantly analytical and rely on numerous approximations that involve omitting many practical features of a design to maintain a tractable theoretical model. As a result, there has been a significant knowledge gap in the design of practical quantum electromagnetic devices due in part to an inability to accurately analyze practical systems. By developing rigorous numerical modeling techniques applicable to real-world devices, this research will gain new physical insight into the performance of realistic quantum electromagnetic technologies. The outcomes of this project will help spur new developments in this important field, while also providing a set of tools for the optimization of quantum system designs.&lt;br/&gt;&lt;br/&gt;This award reflects NSF's statutory mission and has been deemed worthy of support through evaluation using the Foundation's intellectual merit and broader impacts review criteria.]]></AbstractNarration>
<MinAmdLetterDate>06/22/2022</MinAmdLetterDate>
<MaxAmdLetterDate>06/22/2022</MaxAmdLetterDate>
<ARRAAmount/>
<TRAN_TYPE>Grant</TRAN_TYPE>
<CFDA_NUM>47.041</CFDA_NUM>
<NSF_PAR_USE_FLAG>1</NSF_PAR_USE_FLAG>
<FUND_AGCY_CODE>4900</FUND_AGCY_CODE>
<AWDG_AGCY_CODE>4900</AWDG_AGCY_CODE>
<AwardID>2202389</AwardID>
<Investigator>
<FirstName>Weng</FirstName>
<LastName>Chew</LastName>
<PI_MID_INIT>C</PI_MID_INIT>
<PI_SUFX_NAME/>
<PI_FULL_NAME>Weng C Chew</PI_FULL_NAME>
<EmailAddress><![CDATA[wcchew@purdue.edu]]></EmailAddress>
<NSF_ID>000105398</NSF_ID>
<StartDate>06/22/2022</StartDate>
<EndDate/>
<RoleCode>Principal Investigator</RoleCode>
</Investigator>
<Investigator>
<FirstName>Thomas</FirstName>
<LastName>Roth</LastName>
<PI_MID_INIT>E</PI_MID_INIT>
<PI_SUFX_NAME/>
<PI_FULL_NAME>Thomas E Roth</PI_FULL_NAME>
<EmailAddress><![CDATA[rothte@purdue.edu]]></EmailAddress>
<NSF_ID>000855091</NSF_ID>
<StartDate>06/22/2022</StartDate>
<EndDate/>
<RoleCode>Co-Principal Investigator</RoleCode>
</Investigator>
<Investigator>
<FirstName>Dogn-Yeop</FirstName>
<LastName>Na</LastName>
<PI_MID_INIT/>
<PI_SUFX_NAME/>
<PI_FULL_NAME>Dogn-Yeop Na</PI_FULL_NAME>
<EmailAddress><![CDATA[na32@purdue.edu]]></EmailAddress>
<NSF_ID>000864529</NSF_ID>
<StartDate>06/22/2022</StartDate>
<EndDate/>
<RoleCode>Co-Principal Investigator</RoleCode>
</Investigator>
<Institution>
<Name>Purdue University</Name>
<CityName>WEST LAFAYETTE</CityName>
<ZipCode>479061332</ZipCode>
<PhoneNumber>7654941055</PhoneNumber>
<StreetAddress>2550 NORTHWESTERN AVE STE 1900</StreetAddress>
<StreetAddress2/>
<CountryName>United States</CountryName>
<StateName>Indiana</StateName>
<StateCode>IN</StateCode>
<CONGRESSDISTRICT>04</CONGRESSDISTRICT>
<CONGRESS_DISTRICT_ORG>IN04</CONGRESS_DISTRICT_ORG>
<ORG_UEI_NUM>YRXVL4JYCEF5</ORG_UEI_NUM>
<ORG_LGL_BUS_NAME>PURDUE UNIVERSITY</ORG_LGL_BUS_NAME>
<ORG_PRNT_UEI_NUM>YRXVL4JYCEF5</ORG_PRNT_UEI_NUM>
</Institution>
<Performance_Institution>
<Name><![CDATA[Purdue University]]></Name>
<CityName>West Lafayette</CityName>
<StateCode>IN</StateCode>
<ZipCode>479072035</ZipCode>
<StreetAddress><![CDATA[Electrical Engineering Bldg]]></StreetAddress>
<CountryCode>US</CountryCode>
<CountryName>United States</CountryName>
<StateName>Indiana</StateName>
<CountryFlag>1</CountryFlag>
<CONGRESSDISTRICT>04</CONGRESSDISTRICT>
<CONGRESS_DISTRICT_PERF>IN04</CONGRESS_DISTRICT_PERF>
</Performance_Institution>
<ProgramElement>
<Code>8084</Code>
<Text>CDS&amp;E</Text>
</ProgramElement>
<ProgramReference>
<Code>098E</Code>
<Text>Antennas and Electromagnetics</Text>
</ProgramReference>
<ProgramReference>
<Code>7203</Code>
<Text>QUANTUM INFORMATION SCIENCE</Text>
</ProgramReference>
<ProgramReference>
<Code>8084</Code>
<Text>CDS&amp;E</Text>
</ProgramReference>
<Appropriation>
<Code/>
<Name/>
<APP_SYMB_ID/>
</Appropriation>
<Fund>
<Code>01002223DB</Code>
<Name><![CDATA[NSF RESEARCH & RELATED ACTIVIT]]></Name>
<FUND_SYMB_ID>040100</FUND_SYMB_ID>
</Fund>
<FUND_OBLG>2022~415000</FUND_OBLG>
</Award>
</rootTag>
