<?xml version="1.0" encoding="UTF-8"?>
<rootTag>
<Award>
<AwardTitle>Project mTEAM: Advancing Emergency Medicine Trainee Skills using Multimodal Debriefing System in Simulation-based Training</AwardTitle>
<AGENCY>NSF</AGENCY>
<AwardEffectiveDate>07/01/2022</AwardEffectiveDate>
<AwardExpirationDate>06/30/2025</AwardExpirationDate>
<AwardTotalIntnAmount>849170.00</AwardTotalIntnAmount>
<AwardAmount>849170</AwardAmount>
<AwardInstrument>
<Value>Standard Grant</Value>
</AwardInstrument>
<Organization>
<Code>05020000</Code>
<Directorate>
<Abbreviation>CSE</Abbreviation>
<LongName>Direct For Computer &amp; Info Scie &amp; Enginr</LongName>
</Directorate>
<Division>
<Abbreviation>IIS</Abbreviation>
<LongName>Div Of Information &amp; Intelligent Systems</LongName>
</Division>
</Organization>
<ProgramOfficer>
<SignBlockName>Fengfeng Ke</SignBlockName>
<PO_EMAI>fke@nsf.gov</PO_EMAI>
<PO_PHON>7032922411</PO_PHON>
</ProgramOfficer>
<AbstractNarration>With the United States population living longer and having more chronic health conditions, the incidence of sudden medical emergencies is continually growing. These acute events create a complex, high-stress environment that requires teams of healthcare professionals to act precisely and quickly to give patients the best chance of survival.  The need for knowledge about how to better prepare teams for work in fast-paced, acute care settings is more important than ever. Healthcare professionals need frequent, realistic training opportunities that offer meaningful feedback on the skills that are essential for quality team-based clinical care. The research team has developed a multi-user Virtual Reality (VR) platform for Cardiac Arrest Resuscitation. This platform is designed to create realistic time pressure and rapid workload changes for the training of healthcare professionals. However, existing healthcare simulation training, including VR and manikin–based learning, requires constant and real-time human observation. This limitation results in learners receiving feedback that is of variable quality - often generalized, inconsistent, and highly dependent on simulation instructors. With feedback being essential for learning and development, this limits the effectiveness and scalability of simulation training. To fill this gap, the research team will develop and evaluate a novel debriefing system that aims to capture and visualize multimodal data streams that evaluate learners’ cognitive (e.g., clinical decision-making) and behavioral (e.g., situational awareness, communication) processes to provide data-informed feedback focused on improving team-based care of patients who suffer sudden medical emergencies. &lt;br/&gt;&lt;br/&gt;Through this new multimodal debriefing system, instructors will be able to provide new insights and personalized feedback to clinicians during post-simulation debriefing sessions to allow for more meaningful reflection, targeted intervention, and rapid development of these complex skills. The project objectives are to: 1) conduct a human-centered design study with trainees and faculty to refine the concept of a multimodal debriefing system 2) engineer and evolve an unobtrusive multi-modal sensor-based data collection system; and 3) conduct a quasi-experimental study to evaluate the potential of this study’s debriefing system to improve clinical knowledge and teamwork skills. The proposed research not only provides a strong path forward to impact the way cardiac arrest training is carried out across institutions, but it will also create knowledge and systems that can be translated to develop data-informed, team-based training programs for other medical domains and other high-risk industries that rely on expert teams.&lt;br/&gt;&lt;br/&gt;This award reflects NSF's statutory mission and has been deemed worthy of support through evaluation using the Foundation's intellectual merit and broader impacts review criteria.</AbstractNarration>
<MinAmdLetterDate>05/26/2022</MinAmdLetterDate>
<MaxAmdLetterDate>05/26/2022</MaxAmdLetterDate>
<ARRAAmount/>
<TRAN_TYPE>Grant</TRAN_TYPE>
<CFDA_NUM>47.070</CFDA_NUM>
<NSF_PAR_USE_FLAG>1</NSF_PAR_USE_FLAG>
<FUND_AGCY_CODE>4900</FUND_AGCY_CODE>
<AWDG_AGCY_CODE>4900</AWDG_AGCY_CODE>
<AwardID>2202451</AwardID>
<Investigator>
<FirstName>Vitaliy</FirstName>
<LastName>Popov</LastName>
<PI_MID_INIT/>
<PI_SUFX_NAME/>
<PI_FULL_NAME>Vitaliy Popov</PI_FULL_NAME>
<EmailAddress>vipopov@med.umich.edu</EmailAddress>
<PI_PHON>7347636306</PI_PHON>
<NSF_ID>000718441</NSF_ID>
<StartDate>05/26/2022</StartDate>
<EndDate/>
<RoleCode>Principal Investigator</RoleCode>
</Investigator>
<Institution>
<Name>Regents of the University of Michigan - Ann Arbor</Name>
<CityName>ANN ARBOR</CityName>
<ZipCode>481091340</ZipCode>
<PhoneNumber>7347636438</PhoneNumber>
<StreetAddress>503 THOMPSON ST</StreetAddress>
<StreetAddress2/>
<CountryName>United States</CountryName>
<StateName>Michigan</StateName>
<StateCode>MI</StateCode>
<CONGRESSDISTRICT>12</CONGRESSDISTRICT>
<CONGRESS_DISTRICT_ORG>MI12</CONGRESS_DISTRICT_ORG>
<ORG_UEI_NUM>GNJ7BBP73WE9</ORG_UEI_NUM>
<ORG_LGL_BUS_NAME>REGENTS OF THE UNIVERSITY OF MICHIGAN</ORG_LGL_BUS_NAME>
<ORG_PRNT_UEI_NUM>GNJ7BBP73WE9</ORG_PRNT_UEI_NUM>
</Institution>
<Performance_Institution>
<Name><![CDATA[Regents of the University of Michigan - Ann Arbor]]></Name>
<CityName/>
<StateCode>MI</StateCode>
<ZipCode>481092054</ZipCode>
<StreetAddress/>
<CountryCode>US</CountryCode>
<CountryName>United States</CountryName>
<StateName>Michigan</StateName>
<CountryFlag>1</CountryFlag>
<CONGRESSDISTRICT>12</CONGRESSDISTRICT>
<CONGRESS_DISTRICT_PERF>MI12</CONGRESS_DISTRICT_PERF>
</Performance_Institution>
<ProgramElement>
<Code>8020</Code>
<Text>Cyberlearn &amp; Future Learn Tech</Text>
</ProgramElement>
<ProgramReference>
<Code>092Z</Code>
<Text>AI-Supported Learning</Text>
</ProgramReference>
<ProgramReference>
<Code>8045</Code>
<Text>Cyberlearn &amp; Future Learn Tech</Text>
</ProgramReference>
<FUND_OBLG>2022~849170</FUND_OBLG>
</Award>
</rootTag>
