<?xml version="1.0" encoding="UTF-8"?>
<rootTag>
<Award>
<AwardTitle><![CDATA[High Spatial Resolution Assessment of the Speleothem Magnetization Proxy]]></AwardTitle>
<AGENCY>NSF</AGENCY>
<AwardEffectiveDate>07/01/2022</AwardEffectiveDate>
<AwardExpirationDate>06/30/2025</AwardExpirationDate>
<AwardTotalIntnAmount>313105.00</AwardTotalIntnAmount>
<AwardAmount>313105</AwardAmount>
<AwardInstrument>
<Value>Standard Grant</Value>
</AwardInstrument>
<Organization>
<Code>06020100</Code>
<Directorate>
<Abbreviation>GEO</Abbreviation>
<LongName>Directorate For Geosciences</LongName>
</Directorate>
<Division>
<Abbreviation>AGS</Abbreviation>
<LongName>Div Atmospheric &amp; Geospace Sciences</LongName>
</Division>
</Organization>
<ProgramOfficer>
<SignBlockName>Soumaya Belmecheri</SignBlockName>
<PO_EMAI>sbelmech@nsf.gov</PO_EMAI>
<PO_PHON>7032920000</PO_PHON>
</ProgramOfficer>
<AbstractNarration><![CDATA[This research aims to quantify the reliability of magnetization in speleothems as an indicator of past rainfall. Specifically, the researchers aim to investigate the physical mechanism that link rainfall and the deposition of magnetic particles. The work will take advantage of recent technological advances that permit magnetic field imaging at high resolution using the quantum diamond microscope. Analyses of speleothems can provide well-dated, high-resolution records of ancient climate conditions. However, the most used proxies for past rainfall are influenced by multiple and competing effects, resulting in potentially ambiguous interpretations. Recent studies have shown that speleothem magnetism, specifically, the intensity of speleothem magnetization holds promise as an archive of local hydroclimate. However, multiple processes other than rainfall can lead to the enrichment of magnetic particles. Therefore, understanding how regional hydroclimate and cave hydrology impact the mechanism of magnetic particle enrichment in speleothem is a prerequisite for the broad usage of speleothem magnetism as a tracer of ancient precipitation. &lt;br/&gt;&lt;br/&gt;The research framework consists of three Tasks: 1) Direct evaluation of the rainfall-magnetization relationship using observational records; 2) Testing reproducibility of a precipitation signal using duplicate samples; and 3) Cave monitoring campaign to characterize fluxes of magnetic particles and their dependence on recorded hydrological conditions.&lt;br/&gt;&lt;br/&gt;The potential Broader Impacts include developing a new tracer of past rainfall variability to enhance paleoclimate reconstructions. The researchers will organize outreach activities that consist of Climate themed fieldtrips for high school students and their teachers.  The fieldtrips will include the climate exhibit at the Harvard Museum of Natural History and glacial features at the Great Esker Park in Weymouth, MA and Drumlin Farms in Lincoln, MA. The students will complete hands-on activities such as measuring the dimensions of the esker and drumlin. The outreach activities will also involve the students and their teachers in data analyses through the Harvard LabXchange initiative. The magnetic images generated by the quantum diamond microscope in this project will be made accessible for students and teachers to actively participate in the research activities of this project.&lt;br/&gt;&lt;br/&gt;This award reflects NSF's statutory mission and has been deemed worthy of support through evaluation using the Foundation's intellectual merit and broader impacts review criteria.]]></AbstractNarration>
<MinAmdLetterDate>05/06/2022</MinAmdLetterDate>
<MaxAmdLetterDate>05/06/2022</MaxAmdLetterDate>
<ARRAAmount/>
<TRAN_TYPE>Grant</TRAN_TYPE>
<CFDA_NUM>47.050</CFDA_NUM>
<NSF_PAR_USE_FLAG>1</NSF_PAR_USE_FLAG>
<FUND_AGCY_CODE>4900</FUND_AGCY_CODE>
<AWDG_AGCY_CODE>4900</AWDG_AGCY_CODE>
<AwardID>2202772</AwardID>
<Investigator>
<FirstName>Roger</FirstName>
<LastName>Fu</LastName>
<PI_MID_INIT/>
<PI_SUFX_NAME/>
<PI_FULL_NAME>Roger Fu</PI_FULL_NAME>
<EmailAddress><![CDATA[rogerfu@fas.harvard.edu]]></EmailAddress>
<NSF_ID>000711435</NSF_ID>
<StartDate>05/06/2022</StartDate>
<EndDate/>
<RoleCode>Principal Investigator</RoleCode>
</Investigator>
<Institution>
<Name>Harvard University</Name>
<CityName>CAMBRIDGE</CityName>
<ZipCode>021385369</ZipCode>
<PhoneNumber>6174955501</PhoneNumber>
<StreetAddress>1033 MASSACHUSETTS AVE 5TH FL</StreetAddress>
<StreetAddress2/>
<CountryName>United States</CountryName>
<StateName>Massachusetts</StateName>
<StateCode>MA</StateCode>
<CONGRESSDISTRICT>05</CONGRESSDISTRICT>
<CONGRESS_DISTRICT_ORG>MA05</CONGRESS_DISTRICT_ORG>
<ORG_UEI_NUM>LN53LCFJFL45</ORG_UEI_NUM>
<ORG_LGL_BUS_NAME>PRESIDENT AND FELLOWS OF HARVARD COLLEGE</ORG_LGL_BUS_NAME>
<ORG_PRNT_UEI_NUM>ML98SNHE8XL1</ORG_PRNT_UEI_NUM>
</Institution>
<Performance_Institution>
<Name><![CDATA[Harvard University]]></Name>
<CityName>Cambridge</CityName>
<StateCode>MA</StateCode>
<ZipCode>021385369</ZipCode>
<StreetAddress><![CDATA[1033 MASSACHUSETTS AVE]]></StreetAddress>
<CountryCode>US</CountryCode>
<CountryName>United States</CountryName>
<StateName>Massachusetts</StateName>
<CountryFlag>1</CountryFlag>
<CONGRESSDISTRICT>05</CONGRESSDISTRICT>
<CONGRESS_DISTRICT_PERF>MA05</CONGRESS_DISTRICT_PERF>
</Performance_Institution>
<ProgramElement>
<Code>1530</Code>
<Text>Paleoclimate</Text>
</ProgramElement>
<Appropriation>
<Code/>
<Name/>
<APP_SYMB_ID/>
</Appropriation>
<Fund>
<Code>01002223DB</Code>
<Name><![CDATA[NSF RESEARCH & RELATED ACTIVIT]]></Name>
<FUND_SYMB_ID>040100</FUND_SYMB_ID>
</Fund>
<FUND_OBLG>2022~313105</FUND_OBLG>
</Award>
</rootTag>
