<?xml version="1.0" encoding="UTF-8"?>
<rootTag>
<Award>
<AwardTitle><![CDATA[Incorporating a course-based research experience in high school and community college courses in Southeast Nebraska]]></AwardTitle>
<AGENCY>NSF</AGENCY>
<AwardEffectiveDate>07/01/2022</AwardEffectiveDate>
<AwardExpirationDate>06/30/2025</AwardExpirationDate>
<AwardTotalIntnAmount>617232.00</AwardTotalIntnAmount>
<AwardAmount>617232</AwardAmount>
<AwardInstrument>
<Value>Standard Grant</Value>
</AwardInstrument>
<Organization>
<Code>11040100</Code>
<Directorate>
<Abbreviation>EHR</Abbreviation>
<LongName>Direct For Education and Human Resources</LongName>
</Directorate>
<Division>
<Abbreviation>DUE</Abbreviation>
<LongName>Division Of Undergraduate Education</LongName>
</Division>
</Organization>
<ProgramOfficer>
<SignBlockName>Mary Crowe</SignBlockName>
<PO_EMAI>mcrowe@nsf.gov</PO_EMAI>
<PO_PHON>7032927177</PO_PHON>
</ProgramOfficer>
<AbstractNarration><![CDATA[Centered around an accessible and generally well-loved companion animal, dogs, this project will increase scientific literacy and engagement with science and technology by high school and college students and their teachers. A summer workshop for biology and agriculture teachers will focus on the content and training in laboratory techniques to implement the canine course-based research experience. Canine (K-9) kits containing all the supplies and equipment needed for the activity will be available for teachers to check out and use in their classrooms. To directly connect biotechnology to the student’s lives, students will collect DNA samples from their own pets as they engaged in the course-based research project aimed to examine the role a dog’s genes play in its social behavior. This project provides a model for supporting high school teachers, including those in resource-limited areas, as they incorporate new engaging curricula. It also serves as a model for partnering with industry and other organizations to increase awareness, knowledge, and skills related to biotechnology careers important to developing a competitive STEM workforce.&lt;br/&gt;&lt;br/&gt;This project will extend the capacity building and infrastructure established over the past five years that has led to Southeast Community College (SCC) offering three stackable credentials in biotechnology. Within the context of biotechnology, authentic research experiences developed in collaboration with industry have the potential to attract high school student interest in this high-growth field. This project will leverage existing partnerships with Nebraska’s regional bioscience industry and educational associations to expand implementation of such a research experience, offering insight into the rules of life in dogs. Ultimately, it is expected that outreach activities targeted to high school and SCC students will foster an interest in biotechnician careers in the region and greater Nebraska. Graduates from SCC’s biotechnology program will be prepared to work in a regulated environment and fill the need for middle-skilled technicians, critical to the Nebraska and global economy. This project is funded by the Advanced Technological Education program that focuses on the education of technicians for the advanced-technology fields that drive the nation's economy.&lt;br/&gt;&lt;br/&gt;This award reflects NSF's statutory mission and has been deemed worthy of support through evaluation using the Foundation's intellectual merit and broader impacts review criteria.]]></AbstractNarration>
<MinAmdLetterDate>06/22/2022</MinAmdLetterDate>
<MaxAmdLetterDate>06/22/2022</MaxAmdLetterDate>
<ARRAAmount/>
<TRAN_TYPE>Grant</TRAN_TYPE>
<CFDA_NUM>47.076</CFDA_NUM>
<NSF_PAR_USE_FLAG>1</NSF_PAR_USE_FLAG>
<FUND_AGCY_CODE>4900</FUND_AGCY_CODE>
<AWDG_AGCY_CODE>4900</AWDG_AGCY_CODE>
<AwardID>2202070</AwardID>
<Investigator>
<FirstName>Misty</FirstName>
<LastName>Wehling</LastName>
<PI_MID_INIT>D</PI_MID_INIT>
<PI_SUFX_NAME>Mrs.</PI_SUFX_NAME>
<PI_FULL_NAME>Misty D Wehling</PI_FULL_NAME>
<EmailAddress><![CDATA[mwehling@southeast.edu]]></EmailAddress>
<NSF_ID>000721845</NSF_ID>
<StartDate>06/22/2022</StartDate>
<EndDate/>
<RoleCode>Principal Investigator</RoleCode>
</Investigator>
<Investigator>
<FirstName>Tracy</FirstName>
<LastName>Niday</LastName>
<PI_MID_INIT/>
<PI_SUFX_NAME/>
<PI_FULL_NAME>Tracy Niday</PI_FULL_NAME>
<EmailAddress><![CDATA[TNiday@southeast.edu]]></EmailAddress>
<NSF_ID>000757449</NSF_ID>
<StartDate>06/22/2022</StartDate>
<EndDate/>
<RoleCode>Co-Principal Investigator</RoleCode>
</Investigator>
<Investigator>
<FirstName>Gabrielle</FirstName>
<LastName>Johnson</LastName>
<PI_MID_INIT>B</PI_MID_INIT>
<PI_SUFX_NAME/>
<PI_FULL_NAME>Gabrielle B Johnson</PI_FULL_NAME>
<EmailAddress><![CDATA[gjohnson@southeast.edu]]></EmailAddress>
<NSF_ID>000834662</NSF_ID>
<StartDate>06/22/2022</StartDate>
<EndDate/>
<RoleCode>Co-Principal Investigator</RoleCode>
</Investigator>
<Institution>
<Name>Southeast Community College</Name>
<CityName>LINCOLN</CityName>
<ZipCode>685102449</ZipCode>
<PhoneNumber>4023233410</PhoneNumber>
<StreetAddress>301 S 68TH ST PL</StreetAddress>
<StreetAddress2/>
<CountryName>United States</CountryName>
<StateName>Nebraska</StateName>
<StateCode>NE</StateCode>
<CONGRESSDISTRICT>01</CONGRESSDISTRICT>
<CONGRESS_DISTRICT_ORG>NE01</CONGRESS_DISTRICT_ORG>
<ORG_UEI_NUM>LWVJDK9QJM97</ORG_UEI_NUM>
<ORG_LGL_BUS_NAME>SOUTHEAST COMMUNITY COLLEGE</ORG_LGL_BUS_NAME>
<ORG_PRNT_UEI_NUM>LWVJDK9QJM97</ORG_PRNT_UEI_NUM>
</Institution>
<Performance_Institution>
<Name><![CDATA[Southeast Community College]]></Name>
<CityName>Lincoln</CityName>
<StateCode>NE</StateCode>
<ZipCode>685102449</ZipCode>
<StreetAddress><![CDATA[301 S 68th St Place]]></StreetAddress>
<CountryCode>US</CountryCode>
<CountryName>United States</CountryName>
<StateName>Nebraska</StateName>
<CountryFlag>1</CountryFlag>
<CONGRESSDISTRICT>01</CONGRESSDISTRICT>
<CONGRESS_DISTRICT_PERF>NE01</CONGRESS_DISTRICT_PERF>
</Performance_Institution>
<ProgramElement>
<Code>7412</Code>
<Text>Advanced Tech Education Prog</Text>
</ProgramElement>
<ProgramReference>
<Code>1032</Code>
<Text>ADVANCED TECHNOLOGY EDUCATION</Text>
</ProgramReference>
<ProgramReference>
<Code>9150</Code>
<Text>EXP PROG TO STIM COMP RES</Text>
</ProgramReference>
<ProgramReference>
<Code>9178</Code>
<Text>UNDERGRADUATE EDUCATION</Text>
</ProgramReference>
<ProgramReference>
<Code>SMET</Code>
<Text>SCIENCE, MATH, ENG &amp; TECH EDUCATION</Text>
</ProgramReference>
<Appropriation>
<Code/>
<Name/>
<APP_SYMB_ID/>
</Appropriation>
<Fund>
<Code>04002223DB</Code>
<Name><![CDATA[NSF Education & Human Resource]]></Name>
<FUND_SYMB_ID>040106</FUND_SYMB_ID>
</Fund>
<FUND_OBLG>2022~617232</FUND_OBLG>
</Award>
</rootTag>
