<?xml version="1.0" encoding="UTF-8"?>
<rootTag>
<Award>
<AwardTitle><![CDATA[Enhancing Active Learning in Additive Manufacturing Using a Bilingual, Assisted Virtual-Reality Platform]]></AwardTitle>
<AGENCY>NSF</AGENCY>
<AwardEffectiveDate>06/15/2022</AwardEffectiveDate>
<AwardExpirationDate>05/31/2025</AwardExpirationDate>
<AwardTotalIntnAmount>837138.00</AwardTotalIntnAmount>
<AwardAmount>837138</AwardAmount>
<AwardInstrument>
<Value>Standard Grant</Value>
</AwardInstrument>
<Organization>
<Code>05020000</Code>
<Directorate>
<Abbreviation>CSE</Abbreviation>
<LongName>Direct For Computer &amp; Info Scie &amp; Enginr</LongName>
</Directorate>
<Division>
<Abbreviation>IIS</Abbreviation>
<LongName>Div Of Information &amp; Intelligent Systems</LongName>
</Division>
</Organization>
<ProgramOfficer>
<SignBlockName>Jumoke Ladeji-Osias</SignBlockName>
<PO_EMAI>jladejio@nsf.gov</PO_EMAI>
<PO_PHON>7032927708</PO_PHON>
</ProgramOfficer>
<AbstractNarration><![CDATA[Technology is integrated into every aspect of today’s world; therefore, the education system needs to train students in the use of technology. Virtual reality is one method that can be incorporated as a part of the curriculum, as an instructional delivery system, an instrument to enhance the learning process, and a tool for evaluation. This project focuses on additive manufacturing and will leverage emerging technologies by using virtual reality to develop a bilingual (English/Spanish) immersive learning environment for engineering students. All students, including students with disabilities, will be given access to the cutting-edge learning modules within virtual environments. Additive manufacturing technologies play a critical role in future manufacturing; however, they pose high-level safety-related threats to workers and environments. Hence, workers who need to directly or indirectly work with these technologies must be professionally trained with hands-on experience to gain the specific certified skills needed. The learning platform developed during this project will transform traditional approaches of learning and teaching, and improve engineering education in additive manufacturing.&lt;br/&gt;&lt;br/&gt;The proposed project includes four distinct activities: (i) development of a virtual reality learning platform, (ii) design of course modules, (iii) development of software to track students’ interactions, and (iv) deployment of the developed software in the target courses. The learning platform will be a virtual additive manufacturing lab equipped with different types of 3D printers, a computer workstation, a station for hand tools, and a station for personal protective equipment. Students will be assigned operational or safety training projects, based on the printer chosen, with instructions to complete tasks in sequence. After the development of the learning platform and course modules, a pilot study will be performed to collect data on student interactions with the course modules. Students’ facial expressions and eye movements will be collected in real-time along with their interactions with the learning platform and course materials. Data from this study will enable us to develop a model to design assistive functionalities within the virtual platform. This model can create useful feedback and additional instructions or question students’ selections, substitute instructors’ supervision, and provide assistance. The outcomes of this project will be a novel bilingual learning and teaching platform with real-time assistance to significantly enhance student engagement and performance in active learning.&lt;br/&gt;&lt;br/&gt;This award reflects NSF's statutory mission and has been deemed worthy of support through evaluation using the Foundation's intellectual merit and broader impacts review criteria.]]></AbstractNarration>
<MinAmdLetterDate>06/14/2022</MinAmdLetterDate>
<MaxAmdLetterDate>06/14/2022</MaxAmdLetterDate>
<ARRAAmount/>
<TRAN_TYPE>Grant</TRAN_TYPE>
<CFDA_NUM>47.041, 47.076</CFDA_NUM>
<NSF_PAR_USE_FLAG>1</NSF_PAR_USE_FLAG>
<FUND_AGCY_CODE>4900</FUND_AGCY_CODE>
<AWDG_AGCY_CODE>4900</AWDG_AGCY_CODE>
<AwardID>2202598</AwardID>
<Investigator>
<FirstName>Yiran</FirstName>
<LastName>Yang</LastName>
<PI_MID_INIT/>
<PI_SUFX_NAME/>
<PI_FULL_NAME>Yiran Yang</PI_FULL_NAME>
<EmailAddress><![CDATA[yiran.yang@uta.edu]]></EmailAddress>
<NSF_ID>000819657</NSF_ID>
<StartDate>06/14/2022</StartDate>
<EndDate/>
<RoleCode>Co-Principal Investigator</RoleCode>
</Investigator>
<Investigator>
<FirstName>Shuchisnigdha</FirstName>
<LastName>Deb</LastName>
<PI_MID_INIT/>
<PI_SUFX_NAME/>
<PI_FULL_NAME>Shuchisnigdha Deb</PI_FULL_NAME>
<EmailAddress><![CDATA[shuchi.deb@uta.edu]]></EmailAddress>
<NSF_ID>000853421</NSF_ID>
<StartDate>06/14/2022</StartDate>
<EndDate/>
<RoleCode>Principal Investigator</RoleCode>
</Investigator>
<Investigator>
<FirstName>Amanda</FirstName>
<LastName>Olsen</LastName>
<PI_MID_INIT/>
<PI_SUFX_NAME/>
<PI_FULL_NAME>Amanda Olsen</PI_FULL_NAME>
<EmailAddress><![CDATA[amanda.olsen@uta.edu]]></EmailAddress>
<NSF_ID>000833183</NSF_ID>
<StartDate>06/14/2022</StartDate>
<EndDate/>
<RoleCode>Co-Principal Investigator</RoleCode>
</Investigator>
<Institution>
<Name>University of Texas at Arlington</Name>
<CityName>ARLINGTON</CityName>
<ZipCode>760190001</ZipCode>
<PhoneNumber>8172722105</PhoneNumber>
<StreetAddress>400 S CORN ST</StreetAddress>
<StreetAddress2/>
<CountryName>United States</CountryName>
<StateName>Texas</StateName>
<StateCode>TX</StateCode>
<CONGRESSDISTRICT>06</CONGRESSDISTRICT>
<CONGRESS_DISTRICT_ORG>TX06</CONGRESS_DISTRICT_ORG>
<ORG_UEI_NUM>LMLUKUPJJ9N3</ORG_UEI_NUM>
<ORG_LGL_BUS_NAME>UNIVERSITY OF TEXAS AT ARLINGTON</ORG_LGL_BUS_NAME>
<ORG_PRNT_UEI_NUM>X5NKD2NFF2V3</ORG_PRNT_UEI_NUM>
</Institution>
<Performance_Institution>
<Name><![CDATA[The University of Texas at Arlington]]></Name>
<CityName>Arlington</CityName>
<StateCode>TX</StateCode>
<ZipCode>760190145</ZipCode>
<StreetAddress><![CDATA[701 S. Nedderman Dr]]></StreetAddress>
<CountryCode>US</CountryCode>
<CountryName>United States</CountryName>
<StateName>Texas</StateName>
<CountryFlag>1</CountryFlag>
<CONGRESSDISTRICT>06</CONGRESSDISTRICT>
<CONGRESS_DISTRICT_PERF>TX06</CONGRESS_DISTRICT_PERF>
</Performance_Institution>
<ProgramElement>
<Code>1340</Code>
<Text>EngEd-Engineering Education</Text>
</ProgramElement>
<ProgramElement>
<Code>1998</Code>
<Text>IUSE</Text>
</ProgramElement>
<ProgramReference>
<Code>110E</Code>
<Text>EDUCATION RESEARCH</Text>
</ProgramReference>
<ProgramReference>
<Code>1340</Code>
<Text>ENGINEERING EDUCATION</Text>
</ProgramReference>
<ProgramReference>
<Code>8045</Code>
<Text>Cyberlearn &amp; Future Learn Tech</Text>
</ProgramReference>
<ProgramReference>
<Code>8209</Code>
<Text>Improv Undergrad STEM Ed(IUSE)</Text>
</ProgramReference>
<ProgramReference>
<Code>9178</Code>
<Text>UNDERGRADUATE EDUCATION</Text>
</ProgramReference>
<FUND_OBLG>2022~837138</FUND_OBLG>
</Award>
</rootTag>
