<?xml version="1.0" encoding="UTF-8"?>
<rootTag>
<Award>
<AwardTitle>RCN: LEAPS Realizing Inclusion in Societies for Environmental Biology (RISE)</AwardTitle>
<AGENCY>NSF</AGENCY>
<AwardEffectiveDate>04/01/2022</AwardEffectiveDate>
<AwardExpirationDate>03/31/2024</AwardExpirationDate>
<AwardTotalIntnAmount>199883.00</AwardTotalIntnAmount>
<AwardAmount>199883</AwardAmount>
<AwardInstrument>
<Value>Standard Grant</Value>
</AwardInstrument>
<Organization>
<Code>08080000</Code>
<Directorate>
<Abbreviation>BIO</Abbreviation>
<LongName>Direct For Biological Sciences</LongName>
</Directorate>
<Division>
<Abbreviation>DBI</Abbreviation>
<LongName>Div Of Biological Infrastructure</LongName>
</Division>
</Organization>
<ProgramOfficer>
<SignBlockName>Daniel Marenda</SignBlockName>
<PO_EMAI>dmarenda@nsf.gov</PO_EMAI>
<PO_PHON>7032922157</PO_PHON>
</ProgramOfficer>
<AbstractNarration>Professional scientific society efforts to improve diversity, equity and inclusion (DEI) in STEM have traditionally focused on programs for recruitment of individuals from underrepresented groups. While these programs have achieved some success, the demographics and culture of Environmental Biology societies remain largely unchanged. Therefore, the societies on this planning proposal will focus on leadership, examining the power structures within societies and exploring best practices to create inclusive environments. Society leaders will receive training and tools to help them identify and remove structural barriers in their societies to create cultural change. Through this collaborative proposal, each of the societies will bring insight from their past and current efforts, building towards a shared understanding and intellectual exchange around best practices for changing the culture of societies.&lt;br/&gt;&lt;br/&gt;This project aims to cultivate an inclusive environment in professional societies by building capacity of leaders of societies to identify and to dismantle structural barriers in societies. Participants in this project include three Environmental Biology societies (Ecological Society of America, Society for Freshwater Sciences, The Wildlife Society) and three societies dedicated to broadening participation of underrepresented groups in STEM (American Indian Higher Education Consortium; Society for Minorities in Agriculture, Natural Resources and Related Sciences; and the Society for Advancing Chicanos/Hispanics and Native Americans in Science). Leaders from these societies will participate in activities designed to strengthen collaborative relationships while building their capacity to identify and remove structural barriers to inclusion in professional societies, including: (1) Leadership Summits – regular convenings to build relationships and trust, to discuss successes and challenges, and to participate in training and identify synergies between existing programs, (2) Immersive Experiences at Partner Conferences –society leaders will actively contribute to conferences focused on broadening participation to strengthen society partnerships while boosting cultural competency of leaders, and (3) AAAS SEA Change STEMM Professional Societies DEI Self-Assessment – the societies will utilize this tool to identify policies and procedures that create barriers to inclusion in their programs and work together to develop solutions.&lt;br/&gt;&lt;br/&gt;This award reflects NSF's statutory mission and has been deemed worthy of support through evaluation using the Foundation's intellectual merit and broader impacts review criteria.</AbstractNarration>
<MinAmdLetterDate>03/20/2022</MinAmdLetterDate>
<MaxAmdLetterDate>03/20/2022</MaxAmdLetterDate>
<ARRAAmount/>
<TRAN_TYPE>Grant</TRAN_TYPE>
<CFDA_NUM>47.074</CFDA_NUM>
<NSF_PAR_USE_FLAG>1</NSF_PAR_USE_FLAG>
<FUND_AGCY_CODE>4900</FUND_AGCY_CODE>
<AWDG_AGCY_CODE>4900</AWDG_AGCY_CODE>
<AwardID>2202639</AwardID>
<Investigator>
<FirstName>Adrienne</FirstName>
<LastName>Sponberg</LastName>
<PI_MID_INIT>J</PI_MID_INIT>
<PI_SUFX_NAME/>
<PI_FULL_NAME>Adrienne J Sponberg</PI_FULL_NAME>
<EmailAddress>adrienne@esa.org</EmailAddress>
<PI_PHON>2028338773</PI_PHON>
<NSF_ID>000562451</NSF_ID>
<StartDate>03/20/2022</StartDate>
<EndDate/>
<RoleCode>Principal Investigator</RoleCode>
</Investigator>
<Institution>
<Name>Ecological Society of America</Name>
<CityName>WASHINGTON</CityName>
<ZipCode>200363404</ZipCode>
<PhoneNumber>2028338773</PhoneNumber>
<StreetAddress>1990 M ST NW STE 700</StreetAddress>
<StreetAddress2/>
<CountryName>United States</CountryName>
<StateName>District of Columbia</StateName>
<StateCode>DC</StateCode>
<CONGRESSDISTRICT>00</CONGRESSDISTRICT>
<CONGRESS_DISTRICT_ORG>DC00</CONGRESS_DISTRICT_ORG>
<ORG_UEI_NUM>DBRGTD7EY3M1</ORG_UEI_NUM>
<ORG_LGL_BUS_NAME>ECOLOGICAL SOCIETY OF AMERICA, INCORPORATED</ORG_LGL_BUS_NAME>
<ORG_PRNT_UEI_NUM>DBRGTD7EY3M1</ORG_PRNT_UEI_NUM>
</Institution>
<Performance_Institution>
<Name><![CDATA[Ecological Society of America]]></Name>
<CityName>Washington</CityName>
<StateCode>DC</StateCode>
<ZipCode>200363415</ZipCode>
<StreetAddress><![CDATA[1990 M Street NW]]></StreetAddress>
<CountryCode>US</CountryCode>
<CountryName>United States</CountryName>
<StateName>District of Columbia</StateName>
<CountryFlag>1</CountryFlag>
<CONGRESSDISTRICT>00</CONGRESSDISTRICT>
<CONGRESS_DISTRICT_PERF>DC00</CONGRESS_DISTRICT_PERF>
</Performance_Institution>
<ProgramElement>
<Code>209Y</Code>
<Text>LEAPS-Leading Cultural Change</Text>
</ProgramElement>
<FUND_OBLG>2022~199883</FUND_OBLG>
</Award>
</rootTag>
