<?xml version="1.0" encoding="UTF-8"?>
<rootTag>
<Award>
<AwardTitle><![CDATA[Using Augmented Reality to Enhance Attention in STEM Learning for Students with Executive Function Disabilities]]></AwardTitle>
<AGENCY>NSF</AGENCY>
<AwardEffectiveDate>09/01/2022</AwardEffectiveDate>
<AwardExpirationDate>08/31/2025</AwardExpirationDate>
<AwardTotalIntnAmount>849947.00</AwardTotalIntnAmount>
<AwardAmount>849947</AwardAmount>
<AwardInstrument>
<Value>Standard Grant</Value>
</AwardInstrument>
<Organization>
<Code>05020000</Code>
<Directorate>
<Abbreviation>CSE</Abbreviation>
<LongName>Direct For Computer &amp; Info Scie &amp; Enginr</LongName>
</Directorate>
<Division>
<Abbreviation>IIS</Abbreviation>
<LongName>Div Of Information &amp; Intelligent Systems</LongName>
</Division>
</Organization>
<ProgramOfficer>
<SignBlockName>Stephanie Teasley</SignBlockName>
<PO_EMAI>steasley@nsf.gov</PO_EMAI>
<PO_PHON>7032920000</PO_PHON>
</ProgramOfficer>
<AbstractNarration><![CDATA[Using Augmented Reality to Enhance Attention in Science, Technology, Engineering and Mathematics Learning for Students with Executive Function Disabilities&lt;br/&gt;&lt;br/&gt;Executive functioning represents a broad skill set that is central to STEM learning and academic success, including skills related to attention, persistence, emotion regulation, and inhibition control. For students with executive function difficulties, focusing during homework and other independent learning tasks is a challenge. Many existing assistive technologies supplementing a student’s organizational capabilities are expensive and exclusionary and rely on students’ ability to organize or initiate their own task monitoring. This project provides an innovative, scalable intervention that enables individuals who struggle with executive functioning to persist and thrive in academic and workplace settings by using Augmented Reality technology to support an individual’s ability to self-monitor their attention and re-engage with the content when they are off task. In the long term, the system has the potential to become a widely used learning technology that improves outcomes for students with and without executive functioning difficulties. The project will serve the public interest by increasing the participation of a population that is currently underrepresented in STEM education and the STEM workforce.&lt;br/&gt;&lt;br/&gt;This project will make a novel contribution to both the computer sciences and the learning sciences, achieved through two overarching project goals. First, using a temporal analysis of head position, head orientation, and gaze orientation, the project team will develop an open-source tool based on deep learning algorithms that can detect off-task behavior as undergraduate students work on math homework problems. Second, the team will use augmented reality to provide appropriate feedback to students in the form of redirection or breaks related to their own level of focus and distractibility. Development of this system will involve an iterative prototyping and testing process, and will conclude with an early efficacy study. To explore the most effective prompts, students with executive functioning issues will participate as co-designers of the system. The deep learning algorithm for the detection of off-task behavior is a novel contribution to the computer science field that has potential applications for other subject areas and other types of learning difficulties. Furthermore, the resultant self-monitoring and redirection prompts are a contribution to the learning sciences that can benefit most learners. Thus, this research will be a significant development in the application of augmented reality to learning as it explores the most productive means of student interaction with educational technology in a complex problem space.&lt;br/&gt;&lt;br/&gt;This award reflects NSF's statutory mission and has been deemed worthy of support through evaluation using the Foundation's intellectual merit and broader impacts review criteria.]]></AbstractNarration>
<MinAmdLetterDate>06/06/2022</MinAmdLetterDate>
<MaxAmdLetterDate>06/06/2022</MaxAmdLetterDate>
<ARRAAmount/>
<TRAN_TYPE>Grant</TRAN_TYPE>
<CFDA_NUM>47.075, 47.076</CFDA_NUM>
<NSF_PAR_USE_FLAG>1</NSF_PAR_USE_FLAG>
<FUND_AGCY_CODE>4900</FUND_AGCY_CODE>
<AWDG_AGCY_CODE>4900</AWDG_AGCY_CODE>
<AwardID>2202291</AwardID>
<Investigator>
<FirstName>Jodi</FirstName>
<LastName>Asbell-Clarke</LastName>
<PI_MID_INIT/>
<PI_SUFX_NAME/>
<PI_FULL_NAME>Jodi Asbell-Clarke</PI_FULL_NAME>
<EmailAddress><![CDATA[jodi_asbell-clarke@terc.edu]]></EmailAddress>
<NSF_ID>000117933</NSF_ID>
<StartDate>06/06/2022</StartDate>
<EndDate/>
<RoleCode>Co-Principal Investigator</RoleCode>
</Investigator>
<Investigator>
<FirstName>Ibrahim</FirstName>
<LastName>Dahlstrom-Hakki</LastName>
<PI_MID_INIT>H</PI_MID_INIT>
<PI_SUFX_NAME/>
<PI_FULL_NAME>Ibrahim H Dahlstrom-Hakki</PI_FULL_NAME>
<EmailAddress><![CDATA[idahlstromhakki@terc.edu]]></EmailAddress>
<NSF_ID>000584157</NSF_ID>
<StartDate>06/06/2022</StartDate>
<EndDate/>
<RoleCode>Co-Principal Investigator</RoleCode>
</Investigator>
<Investigator>
<FirstName>Zachary</FirstName>
<LastName>Alstad</LastName>
<PI_MID_INIT>G</PI_MID_INIT>
<PI_SUFX_NAME/>
<PI_FULL_NAME>Zachary G Alstad</PI_FULL_NAME>
<EmailAddress><![CDATA[zac_alstad@terc.edu]]></EmailAddress>
<NSF_ID>000838997</NSF_ID>
<StartDate>06/06/2022</StartDate>
<EndDate/>
<RoleCode>Principal Investigator</RoleCode>
</Investigator>
<Institution>
<Name>TERC Inc</Name>
<CityName>CAMBRIDGE</CityName>
<ZipCode>021401340</ZipCode>
<PhoneNumber>6178739600</PhoneNumber>
<StreetAddress>2067 MASSACHUSETTS AVE</StreetAddress>
<StreetAddress2/>
<CountryName>United States</CountryName>
<StateName>Massachusetts</StateName>
<StateCode>MA</StateCode>
<CONGRESSDISTRICT>05</CONGRESSDISTRICT>
<CONGRESS_DISTRICT_ORG>MA05</CONGRESS_DISTRICT_ORG>
<ORG_UEI_NUM>GSLCJ3M62XX1</ORG_UEI_NUM>
<ORG_LGL_BUS_NAME>TERC, INC.</ORG_LGL_BUS_NAME>
<ORG_PRNT_UEI_NUM/>
</Institution>
<Performance_Institution>
<Name><![CDATA[TERC Inc]]></Name>
<CityName>Cambridge</CityName>
<StateCode>MA</StateCode>
<ZipCode>021401339</ZipCode>
<StreetAddress><![CDATA[2067 Massachusetts Avenue]]></StreetAddress>
<CountryCode>US</CountryCode>
<CountryName>United States</CountryName>
<StateName>Massachusetts</StateName>
<CountryFlag>1</CountryFlag>
<CONGRESSDISTRICT>05</CONGRESSDISTRICT>
<CONGRESS_DISTRICT_PERF>MA05</CONGRESS_DISTRICT_PERF>
</Performance_Institution>
<ProgramElement>
<Code>7980</Code>
<Text>ECR-EHR Core Research</Text>
</ProgramElement>
<ProgramElement>
<Code>8020</Code>
<Text>Cyberlearn &amp; Future Learn Tech</Text>
</ProgramElement>
<ProgramReference>
<Code>075Z</Code>
<Text>Artificial Intelligence (AI)</Text>
</ProgramReference>
<ProgramReference>
<Code>092Z</Code>
<Text>AI-Supported Learning</Text>
</ProgramReference>
<ProgramReference>
<Code>8045</Code>
<Text>Cyberlearn &amp; Future Learn Tech</Text>
</ProgramReference>
<FUND_OBLG>2022~849947</FUND_OBLG>
</Award>
</rootTag>
