<?xml version="1.0" encoding="UTF-8"?>
<rootTag>
<Award>
<AwardTitle>Algebraic Framework of Compositional Functions for New Structure, Training and Explainability of Deep Learning</AwardTitle>
<AGENCY>NSF</AGENCY>
<AwardEffectiveDate>02/01/2022</AwardEffectiveDate>
<AwardExpirationDate>12/31/2024</AwardExpirationDate>
<AwardTotalIntnAmount>98916.00</AwardTotalIntnAmount>
<AwardAmount>98916</AwardAmount>
<AwardInstrument>
<Value>Interagency Agreement</Value>
</AwardInstrument>
<Organization>
<Code>05010000</Code>
<Directorate>
<Abbreviation>CSE</Abbreviation>
<LongName>Direct For Computer &amp; Info Scie &amp; Enginr</LongName>
</Directorate>
<Division>
<Abbreviation>CCF</Abbreviation>
<LongName>Division of Computing and Communication Foundations</LongName>
</Division>
</Organization>
<ProgramOfficer>
<SignBlockName>Phillip Regalia</SignBlockName>
<PO_EMAI>pregalia@nsf.gov</PO_EMAI>
<PO_PHON>7032922981</PO_PHON>
</ProgramOfficer>
<AbstractNarration/>
<MinAmdLetterDate>02/09/2022</MinAmdLetterDate>
<MaxAmdLetterDate>02/09/2022</MaxAmdLetterDate>
<ARRAAmount/>
<TRAN_TYPE>Grant</TRAN_TYPE>
<CFDA_NUM>47.070</CFDA_NUM>
<NSF_PAR_USE_FLAG>1</NSF_PAR_USE_FLAG>
<FUND_AGCY_CODE>4900</FUND_AGCY_CODE>
<AWDG_AGCY_CODE>4900</AWDG_AGCY_CODE>
<AwardID>2202668</AwardID>
<Investigator>
<FirstName>Wei</FirstName>
<LastName>Kang</LastName>
<PI_MID_INIT/>
<PI_SUFX_NAME/>
<PI_FULL_NAME>Wei Kang</PI_FULL_NAME>
<EmailAddress>wekang@ucsc.edu</EmailAddress>
<PI_PHON>4086076289</PI_PHON>
<NSF_ID>000392672</NSF_ID>
<StartDate>02/09/2022</StartDate>
<EndDate/>
<RoleCode>Principal Investigator</RoleCode>
</Investigator>
<Institution>
<Name>Naval Postgraduate School</Name>
<CityName>MONTEREY</CityName>
<ZipCode>939435098</ZipCode>
<PhoneNumber>8316562271</PhoneNumber>
<StreetAddress>1 UNIVERSITY CIR</StreetAddress>
<StreetAddress2/>
<CountryName>United States</CountryName>
<StateName>California</StateName>
<StateCode>CA</StateCode>
<CONGRESSDISTRICT>20</CONGRESSDISTRICT>
<CONGRESS_DISTRICT_ORG>CA20</CONGRESS_DISTRICT_ORG>
<ORG_UEI_NUM>CEPCN5K7EKU8</ORG_UEI_NUM>
<ORG_LGL_BUS_NAME>NAVAL POSTGRADUATE SCHOOL</ORG_LGL_BUS_NAME>
<ORG_PRNT_UEI_NUM>NW2RJN8TQQW1</ORG_PRNT_UEI_NUM>
</Institution>
<Performance_Institution>
<Name><![CDATA[Naval Postgraduate School]]></Name>
<CityName>Monterey</CityName>
<StateCode>CA</StateCode>
<ZipCode>939435019</ZipCode>
<StreetAddress><![CDATA[1 University Circle]]></StreetAddress>
<CountryCode>US</CountryCode>
<CountryName>United States</CountryName>
<StateName>California</StateName>
<CountryFlag>1</CountryFlag>
<CONGRESSDISTRICT>20</CONGRESSDISTRICT>
<CONGRESS_DISTRICT_PERF>CA20</CONGRESS_DISTRICT_PERF>
</Performance_Institution>
<ProgramElement>
<Code>7797</Code>
<Text>Comm &amp; Information Foundations</Text>
</ProgramElement>
<ProgramReference>
<Code>075Z</Code>
<Text>Artificial Intelligence (AI)</Text>
</ProgramReference>
<ProgramReference>
<Code>079Z</Code>
<Text>Machine Learning Theory</Text>
</ProgramReference>
<FUND_OBLG>2022~98916</FUND_OBLG>
</Award>
</rootTag>
