<?xml version="1.0" encoding="UTF-8"?>
<rootTag>
<Award>
<AwardTitle><![CDATA[Flexible Technology Education to Upskill/Reskill for a Vacuum Technician Career]]></AwardTitle>
<AGENCY>NSF</AGENCY>
<AwardEffectiveDate>06/01/2022</AwardEffectiveDate>
<AwardExpirationDate>05/31/2025</AwardExpirationDate>
<AwardTotalIntnAmount>649938.00</AwardTotalIntnAmount>
<AwardAmount>649938</AwardAmount>
<AwardInstrument>
<Value>Standard Grant</Value>
</AwardInstrument>
<Organization>
<Code>11040100</Code>
<Directorate>
<Abbreviation>EHR</Abbreviation>
<LongName>Direct For Education and Human Resources</LongName>
</Directorate>
<Division>
<Abbreviation>DUE</Abbreviation>
<LongName>Division Of Undergraduate Education</LongName>
</Division>
</Organization>
<ProgramOfficer>
<SignBlockName>Eric Sheppard</SignBlockName>
<PO_EMAI>esheppar@nsf.gov</PO_EMAI>
<PO_PHON>7032922589</PO_PHON>
</ProgramOfficer>
<AbstractNarration><![CDATA[This project aims to serve the national interest by improving curricula that address vacuum technology in a technician education program. Vacuum technology is a critical enabling technology that combines complex concepts in mathematics, chemistry and physics in support of advanced manufacturing and research. Vacuum systems remove air and water vapor from an enclosed environment to create a pressure condition many orders of magnitude less than atmospheric pressure. Although vacuum technology plays an integral role in fields such as semiconductor manufacturing and space technology and research, its significance is largely unrecognized by the public. Manufacturing and research organizations utilize expensive vacuum systems, equipment worth tens of millions of dollars, with expectations that the systems function around the clock. Unanticipated downtime due to a vacuum system malfunction is extremely costly. Organizations rely on technicians who possess the knowledge and skills to maintain and repair these systems. Technicians are responsible for quickly troubleshooting and correctly diagnosing issues with the vacuum system performance in order to minimize disruptions in system operation as well as preserve the integrity of the process and product affected by the system. This project will enhance the curricula in vacuum technology and create targeted support services to benefit students, especially incumbent workers, so they are motivated to persist in this program of study to develop the knowledge and skills valued by organizations that utilize vacuum systems. &lt;br/&gt;&lt;br/&gt;This project proposes a combination of activities in the areas of program development and improvement and curriculum and educational materials development. The disciplinary focus is vacuum technology, an area of study vital to semiconductor fabrication, nanotechnology, advanced manufacturing and research. The objectives of the project are to: 1) Incorporate cross-disciplinary learning opportunities into the curriculum to better prepare technicians for the future of work; 2) Offer shorter length modules with more entry points and provide more flexibility in the sequence of module completion; and 3) Implement student support strategies that increase student persistence and completion of a credential and successful transition to the workforce, particularly for nontraditional-aged students, individuals underrepresented in vacuum technologies, veterans, and dislocated workers. The project will advance knowledge and understanding of the cross-disciplinary STEM competencies required for vacuum technicians in the era of Industry 4.0. Offering the new modularized courses is a strategy to address some of the barriers to entering vacuum technology by opening up access to courses at times and durations better suited for nontraditional-aged learners. Individuals will be able to access courses through a combination of asynchronous and synchronous courses that can be offered virtually or face-to-face. The project will contribute to our understanding of how to provide technicians with just-enough instruction in cross-disciplinary STEM skills to allow them to transition into today’s workforce. This project is funded by the Advanced Technological Education program that focuses on the education of technicians for the advanced-technology fields that drive the Nation’s economy.&lt;br/&gt;&lt;br/&gt;This award reflects NSF's statutory mission and has been deemed worthy of support through evaluation using the Foundation's intellectual merit and broader impacts review criteria.]]></AbstractNarration>
<MinAmdLetterDate>05/11/2022</MinAmdLetterDate>
<MaxAmdLetterDate>05/11/2022</MaxAmdLetterDate>
<ARRAAmount/>
<TRAN_TYPE>Grant</TRAN_TYPE>
<CFDA_NUM>47.076</CFDA_NUM>
<NSF_PAR_USE_FLAG>1</NSF_PAR_USE_FLAG>
<FUND_AGCY_CODE>4900</FUND_AGCY_CODE>
<AWDG_AGCY_CODE>4900</AWDG_AGCY_CODE>
<AwardID>2202166</AwardID>
<Investigator>
<FirstName>Nancy</FirstName>
<LastName>Louwagie</LastName>
<PI_MID_INIT/>
<PI_SUFX_NAME/>
<PI_FULL_NAME>Nancy Louwagie</PI_FULL_NAME>
<EmailAddress><![CDATA[nancy.louwagie@normandale.edu]]></EmailAddress>
<NSF_ID>000545584</NSF_ID>
<StartDate>05/11/2022</StartDate>
<EndDate/>
<RoleCode>Principal Investigator</RoleCode>
</Investigator>
<Investigator>
<FirstName>Ruth</FirstName>
<LastName>Robinson</LastName>
<PI_MID_INIT/>
<PI_SUFX_NAME/>
<PI_FULL_NAME>Ruth Robinson</PI_FULL_NAME>
<EmailAddress><![CDATA[ruth.robinson@normandale.edu]]></EmailAddress>
<NSF_ID>000733530</NSF_ID>
<StartDate>05/11/2022</StartDate>
<EndDate/>
<RoleCode>Co-Principal Investigator</RoleCode>
</Investigator>
<Investigator>
<FirstName>Thomas</FirstName>
<LastName>Johnson</LastName>
<PI_MID_INIT>H</PI_MID_INIT>
<PI_SUFX_NAME/>
<PI_FULL_NAME>Thomas H Johnson</PI_FULL_NAME>
<EmailAddress><![CDATA[thomas.johnson@normandale.edu]]></EmailAddress>
<NSF_ID>000796788</NSF_ID>
<StartDate>05/11/2022</StartDate>
<EndDate/>
<RoleCode>Co-Principal Investigator</RoleCode>
</Investigator>
<Institution>
<Name>Normandale Community College</Name>
<CityName>MINNEAPOLIS</CityName>
<ZipCode>554314309</ZipCode>
<PhoneNumber>9523589045</PhoneNumber>
<StreetAddress>9700 FRANCE AVE S</StreetAddress>
<StreetAddress2/>
<CountryName>United States</CountryName>
<StateName>Minnesota</StateName>
<StateCode>MN</StateCode>
<CONGRESSDISTRICT>03</CONGRESSDISTRICT>
<CONGRESS_DISTRICT_ORG>MN03</CONGRESS_DISTRICT_ORG>
<ORG_UEI_NUM>JJA8W7NP7KQ9</ORG_UEI_NUM>
<ORG_LGL_BUS_NAME>MINNESOTA STATE COLLEGES AND UNIVERSITIES</ORG_LGL_BUS_NAME>
<ORG_PRNT_UEI_NUM>DJUBETXVGYD6</ORG_PRNT_UEI_NUM>
</Institution>
<Performance_Institution>
<Name><![CDATA[Normandale Community College]]></Name>
<CityName>Bloomington</CityName>
<StateCode>MN</StateCode>
<ZipCode>554314399</ZipCode>
<StreetAddress><![CDATA[9700 France Ave S]]></StreetAddress>
<CountryCode>US</CountryCode>
<CountryName>United States</CountryName>
<StateName>Minnesota</StateName>
<CountryFlag>1</CountryFlag>
<CONGRESSDISTRICT>03</CONGRESSDISTRICT>
<CONGRESS_DISTRICT_PERF>MN03</CONGRESS_DISTRICT_PERF>
</Performance_Institution>
<ProgramElement>
<Code>7412</Code>
<Text>Advanced Tech Education Prog</Text>
</ProgramElement>
<ProgramReference>
<Code>1032</Code>
<Text>ADVANCED TECHNOLOGY EDUCATION</Text>
</ProgramReference>
<ProgramReference>
<Code>9178</Code>
<Text>UNDERGRADUATE EDUCATION</Text>
</ProgramReference>
<ProgramReference>
<Code>SMET</Code>
<Text>SCIENCE, MATH, ENG &amp; TECH EDUCATION</Text>
</ProgramReference>
<Appropriation>
<Code/>
<Name/>
<APP_SYMB_ID/>
</Appropriation>
<Fund>
<Code>04002223DB</Code>
<Name><![CDATA[NSF Education & Human Resource]]></Name>
<FUND_SYMB_ID>040106</FUND_SYMB_ID>
</Fund>
<FUND_OBLG>2022~649938</FUND_OBLG>
</Award>
</rootTag>
