<?xml version="1.0" encoding="UTF-8"?>
<rootTag>
<Award>
<AwardTitle><![CDATA[Design Enhancement Through Advanced Integrative Learning]]></AwardTitle>
<AGENCY>NSF</AGENCY>
<AwardEffectiveDate>07/01/2022</AwardEffectiveDate>
<AwardExpirationDate>06/30/2025</AwardExpirationDate>
<AwardTotalIntnAmount>554550.00</AwardTotalIntnAmount>
<AwardAmount>554550</AwardAmount>
<AwardInstrument>
<Value>Standard Grant</Value>
</AwardInstrument>
<Organization>
<Code>11040100</Code>
<Directorate>
<Abbreviation>EHR</Abbreviation>
<LongName>Direct For Education and Human Resources</LongName>
</Directorate>
<Division>
<Abbreviation>DUE</Abbreviation>
<LongName>Division Of Undergraduate Education</LongName>
</Division>
</Organization>
<ProgramOfficer>
<SignBlockName>Jill Nelson</SignBlockName>
<PO_EMAI>jnelson@nsf.gov</PO_EMAI>
<PO_PHON>7032924359</PO_PHON>
</ProgramOfficer>
<AbstractNarration><![CDATA[Design for Manufacturing and Assembly (DFMA) is a critical part of the product development cycle in any manufacturing field. The idea behind DFMA is to design parts in a way that allows them to be easily manufactured. If an individual is designing parts with no understanding of what will be required to produce those parts, product flaws and costly redesigns can arise. Focusing on design optimization reduces the cost of manufacturing and is therefore critical to any manufacturing company. Regional stakeholders indicated the need for employees with experience in DFMA. To help regional stakeholders’ need for employees with knowledge of DFMA, Chippewa Valley Technical College (CVTC) will work with industry partners to develop Project Based Learning (PBL) activities that will provide secondary and post-secondary students opportunities to solve real-life DFMA problems. The project will leverage the CVTC Prototype Lab, developed through a previous NSF Advanced Technological Education award, to provide students and community members a space to take their designs from concept to reality. Increasing opportunities to experience the complex field of manufacturing through hands-on, contextualized problems will lead to increased enrollment in related post-secondary programs and subsequent entry into high-demand, high-skilled manufacturing careers. &lt;br/&gt;&lt;br/&gt;The goals of this project are to: (1) prepare technicians for manufacturing and engineering through applied education of DFMA processes and concepts, and (2) increase the capacity of rural secondary teachers to provide instruction in DFMA. Through completion of PBL activities and design workshops, students will demonstrate mastery of core competencies related to DFMA. PBL activities will be developed with direct assistance from industry partners and incorporated into various courses throughout the Mechanical Design Technology and Manufacturing Engineering Technologist programs. PBL activities will focus on a variety of topics, including simple machines, tool design, mechanisms, robotic tools, and surface design. During capstone experiences, post-secondary students will engage directly with industry partners as they respond to real-world business problems related to DFMA. Introduction at the secondary level will involve incorporation of PBL activities into several courses and a regional design competition. Specific professional development and mentoring geared toward high school faculty will benefit future students for years to come. The project will include evaluation by an external expert. Results of this evaluation could inform other institutions about effective approaches to recruiting and educating technicians for DFMA jobs. In addition, via an interactive website, project partners and community members will be kept apprised of project progress and success. This website will also provide a place for other institutions to access the PBL activities developed. The CVTC Prototype Lab will continue to provide a space to inspire makers and entrepreneurs from the community to turn their ideas into new products, creating a culture of innovation and invention in the Chippewa Valley. This project is funded by the Advanced Technological Education program that focuses on the education of technicians for the advanced-technology fields that drive the Nation's economy.&lt;br/&gt;&lt;br/&gt;This award reflects NSF's statutory mission and has been deemed worthy of support through evaluation using the Foundation's intellectual merit and broader impacts review criteria.]]></AbstractNarration>
<MinAmdLetterDate>06/08/2022</MinAmdLetterDate>
<MaxAmdLetterDate>06/08/2022</MaxAmdLetterDate>
<ARRAAmount/>
<TRAN_TYPE>Grant</TRAN_TYPE>
<CFDA_NUM>47.076</CFDA_NUM>
<NSF_PAR_USE_FLAG>1</NSF_PAR_USE_FLAG>
<FUND_AGCY_CODE>4900</FUND_AGCY_CODE>
<AWDG_AGCY_CODE>4900</AWDG_AGCY_CODE>
<AwardID>2202142</AwardID>
<Investigator>
<FirstName>Hans</FirstName>
<LastName>Mikelson</LastName>
<PI_MID_INIT>P</PI_MID_INIT>
<PI_SUFX_NAME/>
<PI_FULL_NAME>Hans P Mikelson</PI_FULL_NAME>
<EmailAddress><![CDATA[hmikelson@cvtc.edu]]></EmailAddress>
<NSF_ID>000336132</NSF_ID>
<StartDate>06/08/2022</StartDate>
<EndDate/>
<RoleCode>Co-Principal Investigator</RoleCode>
</Investigator>
<Investigator>
<FirstName>Mahmood</FirstName>
<LastName>Lahroodi</LastName>
<PI_MID_INIT/>
<PI_SUFX_NAME/>
<PI_FULL_NAME>Mahmood Lahroodi</PI_FULL_NAME>
<EmailAddress><![CDATA[mlahroodi@cvtc.edu]]></EmailAddress>
<NSF_ID>000789517</NSF_ID>
<StartDate>06/08/2022</StartDate>
<EndDate/>
<RoleCode>Principal Investigator</RoleCode>
</Investigator>
<Investigator>
<FirstName>Joe</FirstName>
<LastName>Vydrzal</LastName>
<PI_MID_INIT/>
<PI_SUFX_NAME/>
<PI_FULL_NAME>Joe Vydrzal</PI_FULL_NAME>
<EmailAddress><![CDATA[jvydrzal@cvtc.edu]]></EmailAddress>
<NSF_ID>000865718</NSF_ID>
<StartDate>06/08/2022</StartDate>
<EndDate/>
<RoleCode>Co-Principal Investigator</RoleCode>
</Investigator>
<Investigator>
<FirstName>Paul</FirstName>
<LastName>Girolamo</LastName>
<PI_MID_INIT/>
<PI_SUFX_NAME/>
<PI_FULL_NAME>Paul Girolamo</PI_FULL_NAME>
<EmailAddress><![CDATA[pgirolamo@cvtc.edu]]></EmailAddress>
<NSF_ID>000865720</NSF_ID>
<StartDate>06/08/2022</StartDate>
<EndDate/>
<RoleCode>Co-Principal Investigator</RoleCode>
</Investigator>
<Institution>
<Name>Chippewa Valley Technical College</Name>
<CityName>EAU CLAIRE</CityName>
<ZipCode>547016120</ZipCode>
<PhoneNumber>7158336419</PhoneNumber>
<StreetAddress>620 W CLAIREMONT AVE</StreetAddress>
<StreetAddress2/>
<CountryName>United States</CountryName>
<StateName>Wisconsin</StateName>
<StateCode>WI</StateCode>
<CONGRESSDISTRICT>03</CONGRESSDISTRICT>
<CONGRESS_DISTRICT_ORG>WI03</CONGRESS_DISTRICT_ORG>
<ORG_UEI_NUM>LQPJKZ61MJ89</ORG_UEI_NUM>
<ORG_LGL_BUS_NAME>CHIPPEWA VALLEY TECHNICAL COLLEGE</ORG_LGL_BUS_NAME>
<ORG_PRNT_UEI_NUM>LQPJKZ61MJ89</ORG_PRNT_UEI_NUM>
</Institution>
<Performance_Institution>
<Name><![CDATA[Chippewa Valley Technical College]]></Name>
<CityName>Eau Claire</CityName>
<StateCode>WI</StateCode>
<ZipCode>547016162</ZipCode>
<StreetAddress><![CDATA[620 W Clairemont Avenue]]></StreetAddress>
<CountryCode>US</CountryCode>
<CountryName>United States</CountryName>
<StateName>Wisconsin</StateName>
<CountryFlag>1</CountryFlag>
<CONGRESSDISTRICT>03</CONGRESSDISTRICT>
<CONGRESS_DISTRICT_PERF>WI03</CONGRESS_DISTRICT_PERF>
</Performance_Institution>
<ProgramElement>
<Code>7412</Code>
<Text>Advanced Tech Education Prog</Text>
</ProgramElement>
<ProgramReference>
<Code>1032</Code>
<Text>ADVANCED TECHNOLOGY EDUCATION</Text>
</ProgramReference>
<ProgramReference>
<Code>9178</Code>
<Text>UNDERGRADUATE EDUCATION</Text>
</ProgramReference>
<ProgramReference>
<Code>SMET</Code>
<Text>SCIENCE, MATH, ENG &amp; TECH EDUCATION</Text>
</ProgramReference>
<FUND_OBLG>2022~554550</FUND_OBLG>
</Award>
</rootTag>
