<?xml version="1.0" encoding="UTF-8"?>
<rootTag>
<Award>
<AwardTitle><![CDATA[An Initiative of Closing the Cloud Computing Skills Gap]]></AwardTitle>
<AGENCY>NSF</AGENCY>
<AwardEffectiveDate>07/01/2022</AwardEffectiveDate>
<AwardExpirationDate>06/30/2025</AwardExpirationDate>
<AwardTotalIntnAmount>491794.00</AwardTotalIntnAmount>
<AwardAmount>491794</AwardAmount>
<AwardInstrument>
<Value>Standard Grant</Value>
</AwardInstrument>
<Organization>
<Code>11040100</Code>
<Directorate>
<Abbreviation>EHR</Abbreviation>
<LongName>Direct For Education and Human Resources</LongName>
</Directorate>
<Division>
<Abbreviation>DUE</Abbreviation>
<LongName>Division Of Undergraduate Education</LongName>
</Division>
</Organization>
<ProgramOfficer>
<SignBlockName>Huihui Wang</SignBlockName>
<PO_EMAI>hhwang@nsf.gov</PO_EMAI>
<PO_PHON>7032924894</PO_PHON>
</ProgramOfficer>
<AbstractNarration><![CDATA[This project aims to serve the national interest by developing a cloud computing program to meet a regional workforce need. The cloud computing industry has grown exponentially at an unprecedented rate especially during the pandemic.  Community colleges nationwide, however, have not yet widely created curriculum and supporting materials to effectively train technicians in this rapidly growing field. There are widespread workforce gaps of cloud computing technicians. This project will develop new courses that will strengthen knowledge in cloud technologies, virtualization, storage, operating systems, networking, and cybersecurity. A collaboration with other institutions and industry partners has the potential to help program adoptions with curricula and best practices to jumpstart a workforce training pipeline in cloud computing. The project team intends to focus on the recruitment of women and students from underrepresented groups in order to meet the growing demands of cloud computing technicians in Tampa region. The project has the potential to advance knowledge of accelerating the development of cloud computing training programs.&lt;br/&gt;&lt;br/&gt;The primary goal is to develop a cloud computing curriculum with stackable courses towards a college-credit certificate and an associate degree. This goal will be met through four objectives: 1) Development of a clouding computing curriculum that will foster an environment of learning and success through hands-on experiences in cloud technology courses; 2) Acquisition of expertise and technical knowledge through a Business and Industry Leadership Team and a mentoring collaboration with the Cloud Computing Center at Miami Dade College; 3) Provision of opportunities to secondary and post-secondary faculty by taking cloud certifications; and 4) Recruitment activities including job preparations, and retention services. In addition, the project will provide an annual summer program of cloud computing for high school and college students in collaboration with local public schools. The project team plans to disseminate the proposed curriculum and practices in recruiting students from underrepresented groups at various national and regional conferences. This project is funded by the Advanced Technological Education program that focuses on the education of technicians for the advanced-technology fields that drive the Nation's economy.&lt;br/&gt;&lt;br/&gt;This award reflects NSF's statutory mission and has been deemed worthy of support through evaluation using the Foundation's intellectual merit and broader impacts review criteria.]]></AbstractNarration>
<MinAmdLetterDate>06/01/2022</MinAmdLetterDate>
<MaxAmdLetterDate>06/01/2022</MaxAmdLetterDate>
<ARRAAmount/>
<TRAN_TYPE>Grant</TRAN_TYPE>
<CFDA_NUM>47.076</CFDA_NUM>
<NSF_PAR_USE_FLAG>1</NSF_PAR_USE_FLAG>
<FUND_AGCY_CODE>4900</FUND_AGCY_CODE>
<AWDG_AGCY_CODE>4900</AWDG_AGCY_CODE>
<AwardID>2202105</AwardID>
<Investigator>
<FirstName>MUBARAK</FirstName>
<LastName>BANISAKHER</LastName>
<PI_MID_INIT/>
<PI_SUFX_NAME/>
<PI_FULL_NAME>MUBARAK BANISAKHER</PI_FULL_NAME>
<EmailAddress><![CDATA[mbanisakher@hccfl.edu]]></EmailAddress>
<NSF_ID>000864087</NSF_ID>
<StartDate>06/01/2022</StartDate>
<EndDate/>
<RoleCode>Principal Investigator</RoleCode>
</Investigator>
<Investigator>
<FirstName>Marilyn</FirstName>
<LastName>Carrasquillo</LastName>
<PI_MID_INIT/>
<PI_SUFX_NAME/>
<PI_FULL_NAME>Marilyn Carrasquillo</PI_FULL_NAME>
<EmailAddress><![CDATA[mcarrasquillo2@hccfl.edu]]></EmailAddress>
<NSF_ID>000866397</NSF_ID>
<StartDate>06/01/2022</StartDate>
<EndDate/>
<RoleCode>Co-Principal Investigator</RoleCode>
</Investigator>
<Institution>
<Name>Hillsborough Community College</Name>
<CityName>TAMPA</CityName>
<ZipCode>336063584</ZipCode>
<PhoneNumber>8132537005</PhoneNumber>
<StreetAddress>39 COLUMBIA DR</StreetAddress>
<StreetAddress2/>
<CountryName>United States</CountryName>
<StateName>Florida</StateName>
<StateCode>FL</StateCode>
<CONGRESSDISTRICT>14</CONGRESSDISTRICT>
<CONGRESS_DISTRICT_ORG>FL14</CONGRESS_DISTRICT_ORG>
<ORG_UEI_NUM>RL3WM66VHRM5</ORG_UEI_NUM>
<ORG_LGL_BUS_NAME>HILLSBOROUGH COMMUNITY COLLEGE</ORG_LGL_BUS_NAME>
<ORG_PRNT_UEI_NUM>NLCZMHXJ39H7</ORG_PRNT_UEI_NUM>
</Institution>
<Performance_Institution>
<Name><![CDATA[Hillsborough Community College]]></Name>
<CityName>Tampa</CityName>
<StateCode>FL</StateCode>
<ZipCode>336147810</ZipCode>
<StreetAddress><![CDATA[4001 W Tampa Bay Blvd.]]></StreetAddress>
<CountryCode>US</CountryCode>
<CountryName>United States</CountryName>
<StateName>Florida</StateName>
<CountryFlag>1</CountryFlag>
<CONGRESSDISTRICT>14</CONGRESSDISTRICT>
<CONGRESS_DISTRICT_PERF>FL14</CONGRESS_DISTRICT_PERF>
</Performance_Institution>
<ProgramElement>
<Code>7412</Code>
<Text>Advanced Tech Education Prog</Text>
</ProgramElement>
<ProgramReference>
<Code>1032</Code>
<Text>ADVANCED TECHNOLOGY EDUCATION</Text>
</ProgramReference>
<ProgramReference>
<Code>9178</Code>
<Text>UNDERGRADUATE EDUCATION</Text>
</ProgramReference>
<ProgramReference>
<Code>SMET</Code>
<Text>SCIENCE, MATH, ENG &amp; TECH EDUCATION</Text>
</ProgramReference>
<FUND_OBLG>2022~491794</FUND_OBLG>
</Award>
</rootTag>
