<?xml version="1.0" encoding="UTF-8"?>
<rootTag>
<Award>
<AwardTitle><![CDATA[Biofab Explorer: Designing A Dual Enrollment Pathway to Careers in Biofabrication]]></AwardTitle>
<AGENCY>NSF</AGENCY>
<AwardEffectiveDate>05/01/2022</AwardEffectiveDate>
<AwardExpirationDate>04/30/2025</AwardExpirationDate>
<AwardTotalIntnAmount>646526.00</AwardTotalIntnAmount>
<AwardAmount>646526</AwardAmount>
<AwardInstrument>
<Value>Standard Grant</Value>
</AwardInstrument>
<Organization>
<Code>11040100</Code>
<Directorate>
<Abbreviation>EHR</Abbreviation>
<LongName>Direct For Education and Human Resources</LongName>
</Directorate>
<Division>
<Abbreviation>DUE</Abbreviation>
<LongName>Division Of Undergraduate Education</LongName>
</Division>
</Organization>
<ProgramOfficer>
<SignBlockName>Mary Crowe</SignBlockName>
<PO_EMAI>mcrowe@nsf.gov</PO_EMAI>
<PO_PHON>7032927177</PO_PHON>
</ProgramOfficer>
<AbstractNarration><![CDATA[The project will develop biofabrication career guidance curriculum and materials, situate these within Career and Technical Education (CTE) classrooms that offer dual enrolment (i.e., college credit during high school), and provide professional development to educators on how to create inclusive and industry-aligned career guidance. Biofabrication refers to the production of human tissues from organic and synthetic sources. The project meets regional industry needs for STEM technicians by targeting the early stages of the biomanufacturing talent pipeline—high school CTE students, for whom internships can be scarce and who lack awareness of STEM technician roles in biomanufacturing. The project will provide career awareness for students and educators of the biofabrication industry, and support skill and knowledge development for a diverse group of students so they can build industry relevant skills, and increase access to STEM technician education in New Hampshire, Massachusetts, and North Carolina — all hubs for biomanufacturing. The project provides a model for aligning emerging areas of advanced manufacturing with education and career guidance and addresses critical gaps in career guidance by creating inclusive opportunities for a broad range of students to build self-efficacy beliefs, understand biomanufacturing, and demonstrate industry relevant skills and knowledge.&lt;br/&gt;&lt;br/&gt;The project brings together CAST, Manchester Community College, Great Bay Community College, Johnston Community College, secondary CTE centers—including guidance counselors, administrators, educators, and the Advanced Regenerative Manufacturing Institute (ARMI)/BioFab USA to accomplish three goals. First, the project will identify and validate Knowledge, Skills, and Abilities (KSAs) for STEM technician roles in biofabrication and create career guidance curriculum including a career guidance website, work-based learning simulations, and activities teachers can use to help students explore careers and develop and demonstrate industry skills. Working together, ARMI experts, the Business and Industry Leadership Team, and secondary and post-secondary educator will use Universal Design for Learning (UDL), an approach to designing learning environments and education technologies with all student needs in mind, for curriculum development. Second, Biofab Explorer and the eportfolio technologies developed by CAST will be piloted in two dual enrollment models, one in high school CTE settings taught by high school CTE teachers with community college faculty oversight (Manchester Community College and Great Bay Community College, NH) and one in a CTE secondary program taught by community college faculty and (Johnston Community College, NC). Third, professional development workshops for secondary and postsecondary educators will be delivered to 1) introduce the career guidance curriculum, Biofab Explorer, and the eportfolio, 2) identify ways these digital environments can increase knowledge of STEM technician opportunities, 3) provide hands-on skill building with Work Based Learning (WBL) simulations, and 4) model how UDL strategies can help recruit and support students underrepresented in STEM education and careers. A regional workshop will be offered to educators from across New Hampshire and Massachusetts and a second regional workshop will be offered to educators from across North Carolina. This project is funded by the Advanced Technological Education program that focuses on the education of technicians for the advanced-technology fields that drive the Nation's economy.&lt;br/&gt;&lt;br/&gt;This award reflects NSF's statutory mission and has been deemed worthy of support through evaluation using the Foundation's intellectual merit and broader impacts review criteria.]]></AbstractNarration>
<MinAmdLetterDate>03/30/2022</MinAmdLetterDate>
<MaxAmdLetterDate>03/30/2022</MaxAmdLetterDate>
<ARRAAmount/>
<TRAN_TYPE>Grant</TRAN_TYPE>
<CFDA_NUM>47.076</CFDA_NUM>
<NSF_PAR_USE_FLAG>1</NSF_PAR_USE_FLAG>
<FUND_AGCY_CODE>4900</FUND_AGCY_CODE>
<AWDG_AGCY_CODE>4900</AWDG_AGCY_CODE>
<AwardID>2202033</AwardID>
<Investigator>
<FirstName>Sam Catherine</FirstName>
<LastName>Johnston</LastName>
<PI_MID_INIT/>
<PI_SUFX_NAME/>
<PI_FULL_NAME>Sam Catherine Johnston</PI_FULL_NAME>
<EmailAddress><![CDATA[sjohnston@cast.org]]></EmailAddress>
<NSF_ID>000620437</NSF_ID>
<StartDate>03/30/2022</StartDate>
<EndDate/>
<RoleCode>Principal Investigator</RoleCode>
</Investigator>
<Investigator>
<FirstName>Daniel</FirstName>
<LastName>Larochelle</LastName>
<PI_MID_INIT>R</PI_MID_INIT>
<PI_SUFX_NAME/>
<PI_FULL_NAME>Daniel R Larochelle</PI_FULL_NAME>
<EmailAddress><![CDATA[dlarochelle@ccsnh.edu]]></EmailAddress>
<NSF_ID>000776484</NSF_ID>
<StartDate>03/30/2022</StartDate>
<EndDate/>
<RoleCode>Co-Principal Investigator</RoleCode>
</Investigator>
<Investigator>
<FirstName>Amanda</FirstName>
<LastName>Bastoni</LastName>
<PI_MID_INIT>A</PI_MID_INIT>
<PI_SUFX_NAME/>
<PI_FULL_NAME>Amanda A Bastoni</PI_FULL_NAME>
<EmailAddress><![CDATA[abastoni@cast.org]]></EmailAddress>
<NSF_ID>000833531</NSF_ID>
<StartDate>03/30/2022</StartDate>
<EndDate/>
<RoleCode>Co-Principal Investigator</RoleCode>
</Investigator>
<Institution>
<Name>CAST, Inc.</Name>
<CityName>WAKEFIELD</CityName>
<ZipCode>018803239</ZipCode>
<PhoneNumber>7812452212</PhoneNumber>
<StreetAddress>200 HARVARD MILL SQ STE 210</StreetAddress>
<StreetAddress2/>
<CountryName>United States</CountryName>
<StateName>Massachusetts</StateName>
<StateCode>MA</StateCode>
<CONGRESSDISTRICT>06</CONGRESSDISTRICT>
<CONGRESS_DISTRICT_ORG>MA06</CONGRESS_DISTRICT_ORG>
<ORG_UEI_NUM>JCCCG1N4R7P6</ORG_UEI_NUM>
<ORG_LGL_BUS_NAME>CAST, INC.</ORG_LGL_BUS_NAME>
<ORG_PRNT_UEI_NUM/>
</Institution>
<Performance_Institution>
<Name><![CDATA[CAST, Inc.]]></Name>
<CityName>Wakefield</CityName>
<StateCode>MA</StateCode>
<ZipCode>018803239</ZipCode>
<StreetAddress><![CDATA[40 Harvard Mills Square]]></StreetAddress>
<CountryCode>US</CountryCode>
<CountryName>United States</CountryName>
<StateName>Massachusetts</StateName>
<CountryFlag>1</CountryFlag>
<CONGRESSDISTRICT>06</CONGRESSDISTRICT>
<CONGRESS_DISTRICT_PERF>MA06</CONGRESS_DISTRICT_PERF>
</Performance_Institution>
<ProgramElement>
<Code>7412</Code>
<Text>Advanced Tech Education Prog</Text>
</ProgramElement>
<ProgramReference>
<Code>1032</Code>
<Text>ADVANCED TECHNOLOGY EDUCATION</Text>
</ProgramReference>
<ProgramReference>
<Code>9178</Code>
<Text>UNDERGRADUATE EDUCATION</Text>
</ProgramReference>
<ProgramReference>
<Code>SMET</Code>
<Text>SCIENCE, MATH, ENG &amp; TECH EDUCATION</Text>
</ProgramReference>
<FUND_OBLG>2022~646526</FUND_OBLG>
</Award>
</rootTag>
