<?xml version="1.0" encoding="UTF-8"?>
<rootTag>
<Award>
<AwardTitle>2022 Gordon Research Conference on Photosensory Receptors and Signal Transduction</AwardTitle>
<AGENCY>NSF</AGENCY>
<AwardEffectiveDate>02/01/2022</AwardEffectiveDate>
<AwardExpirationDate>01/31/2023</AwardExpirationDate>
<AwardTotalIntnAmount>4000.00</AwardTotalIntnAmount>
<AwardAmount>4000</AwardAmount>
<AwardInstrument>
<Value>Standard Grant</Value>
</AwardInstrument>
<Organization>
<Code>08070000</Code>
<Directorate>
<Abbreviation>BIO</Abbreviation>
<LongName>Direct For Biological Sciences</LongName>
</Directorate>
<Division>
<Abbreviation>MCB</Abbreviation>
<LongName>Div Of Molecular and Cellular Bioscience</LongName>
</Division>
</Organization>
<ProgramOfficer>
<SignBlockName>Steve Clouse</SignBlockName>
<PO_EMAI>sclouse@nsf.gov</PO_EMAI>
<PO_PHON>7032928440</PO_PHON>
</ProgramOfficer>
<AbstractNarration>The Gordon Research Conference (GRC) and Gordon Research Seminar (GRS) on Photosensory Receptors and Signal Transduction (PRST)  will be held in Ventura CA on March 26th, and March 27th, 2022, respectively.  The GRS, which is primarily attended by graduate students and postdocs, and the GRC, will bring together senior and junior researchers from broad ranging disciplines to discuss and advance our understanding of biological molecules and cellular systems that sense light. Light provides one of the primary environmental stimuli on our planet and Nature has evolved a remarkable palette of chromophore-containing molecules to provide specific responses to the specific wavelengths and intensities of electromagnetic radiation.  The chemistry and biophysics of these systems is rich, complex and bears on our ability to design new systems to harvest energy and control biology with light. Indeed, understanding how light signals are transmitted has the potential to improve crop yields through optimized photosynthesis and plant growth, allow the development of new molecular tools to study neuroscience and processes associated with vision loss and mood disorders. The themes of the GRC and GRS have been chosen to emphasize the most important, universal questions underlying these problems and to stimulate the exchange of ideas among diverse researchers to solve them. The training and engagement of junior scientists, both postdoctoral fellows and graduate students is a priority of the conference. As such, mentoring activities and professional development sessions are also planned as part of the meeting. NSF support will be used to defray registration fee and/or travel costs of participants from groups historically under-represented in these fields.&lt;br/&gt;&lt;br/&gt;The science presented at the 2022 PRST GRC and GRS will encompass the study of photosensory molecules from all domains of life. Mechanistic studies of light reception and signal propagation at the level of quantum behavior through macromolecular dynamics is a long-standing, central theme of the meeting. We will discuss the regulation of plant photobiology and the implications thereof for improving agriculture by increasing crop yields and developing more efficient biofuels. Optogenetics, the ability to program protein localization, trigger signaling networks, control neuronal activity and modulate gene expression with light is another key area to be highlighted.  Key scientific problems will drive technology development of x-ray lasers and modern synchrotrons, whose use will be underscored in several presentations. Understanding photosensory receptors in the broadest sense is critical to the advancement of many fields. Lessons learned are applicable to not just biology but as precedents for improving energy harvesting and storage and in photovoltaic and other devices. In health-related areas, studies of photoreceptors can be applied to the recovery of vision and rescue of retinal degenerative diseases.  Light entrainment of circadian rhythms impacts sleep, mood and mental health.  The talks and discussion groups hope to reveal how these processes function at the molecular level, thereby providing potential downstream avenues to address issues related to disruption of circadian rhythms such as depression, seasonal affected disorder and sleep abnormalities. The GRS presentations will be divided into two sessions: in which the most fundamental issues in photosensory signal transduction will be discussed: i) molecular mechanisms of phototransduction and ii) synthetic photobiology.&lt;br/&gt;&lt;br/&gt;This award reflects NSF's statutory mission and has been deemed worthy of support through evaluation using the Foundation's intellectual merit and broader impacts review criteria.</AbstractNarration>
<MinAmdLetterDate>12/16/2021</MinAmdLetterDate>
<MaxAmdLetterDate>12/16/2021</MaxAmdLetterDate>
<ARRAAmount/>
<TRAN_TYPE>Grant</TRAN_TYPE>
<CFDA_NUM>47.074</CFDA_NUM>
<NSF_PAR_USE_FLAG>1</NSF_PAR_USE_FLAG>
<FUND_AGCY_CODE>4900</FUND_AGCY_CODE>
<AWDG_AGCY_CODE>4900</AWDG_AGCY_CODE>
<AwardID>2202956</AwardID>
<Investigator>
<FirstName>Brian</FirstName>
<LastName>Crane</LastName>
<PI_MID_INIT>R</PI_MID_INIT>
<PI_SUFX_NAME/>
<PI_FULL_NAME>Brian R Crane</PI_FULL_NAME>
<EmailAddress>bc69@cornell.edu</EmailAddress>
<PI_PHON>6072548634</PI_PHON>
<NSF_ID>000489080</NSF_ID>
<StartDate>12/16/2021</StartDate>
<EndDate/>
<RoleCode>Principal Investigator</RoleCode>
</Investigator>
<Institution>
<Name>Gordon Research Conferences</Name>
<CityName>WEST KINGSTON</CityName>
<ZipCode>028921502</ZipCode>
<PhoneNumber>4017834011</PhoneNumber>
<StreetAddress>512 LIBERTY LN</StreetAddress>
<StreetAddress2/>
<CountryName>United States</CountryName>
<StateName>Rhode Island</StateName>
<StateCode>RI</StateCode>
<CONGRESSDISTRICT>02</CONGRESSDISTRICT>
<CONGRESS_DISTRICT_ORG>RI02</CONGRESS_DISTRICT_ORG>
<ORG_UEI_NUM>XL5ANMKWN557</ORG_UEI_NUM>
<ORG_LGL_BUS_NAME>GORDON RESEARCH CONFERENCES</ORG_LGL_BUS_NAME>
<ORG_PRNT_UEI_NUM/>
</Institution>
<Performance_Institution>
<Name><![CDATA[Gordon Research Conferences]]></Name>
<CityName>West Kingston</CityName>
<StateCode>RI</StateCode>
<ZipCode>028921502</ZipCode>
<StreetAddress><![CDATA[512 Liberty Lane]]></StreetAddress>
<CountryCode>US</CountryCode>
<CountryName>United States</CountryName>
<StateName>Rhode Island</StateName>
<CountryFlag>1</CountryFlag>
<CONGRESSDISTRICT>02</CONGRESSDISTRICT>
<CONGRESS_DISTRICT_PERF>RI02</CONGRESS_DISTRICT_PERF>
</Performance_Institution>
<ProgramElement>
<Code>1114</Code>
<Text>Cellular Dynamics and Function</Text>
</ProgramElement>
<ProgramReference>
<Code>7465</Code>
<Text>NANOSCALE BIO CORE</Text>
</ProgramReference>
<ProgramReference>
<Code>7556</Code>
<Text>CONFERENCE AND WORKSHOPS</Text>
</ProgramReference>
<FUND_OBLG>2022~4000</FUND_OBLG>
</Award>
</rootTag>
