<?xml version="1.0" encoding="UTF-8"?>
<rootTag>
<Award>
<AwardTitle><![CDATA[Collaborative Research: P2C2--Reconstructing Southern Rocky Mountains Warm Season Temperature for the Past 2000 Years]]></AwardTitle>
<AGENCY>NSF</AGENCY>
<AwardEffectiveDate>08/01/2022</AwardEffectiveDate>
<AwardExpirationDate>07/31/2025</AwardExpirationDate>
<AwardTotalIntnAmount>195264.00</AwardTotalIntnAmount>
<AwardAmount>195264</AwardAmount>
<AwardInstrument>
<Value>Standard Grant</Value>
</AwardInstrument>
<Organization>
<Code>06020100</Code>
<Directorate>
<Abbreviation>GEO</Abbreviation>
<LongName>Directorate For Geosciences</LongName>
</Directorate>
<Division>
<Abbreviation>AGS</Abbreviation>
<LongName>Div Atmospheric &amp; Geospace Sciences</LongName>
</Division>
</Organization>
<ProgramOfficer>
<SignBlockName>David Verardo</SignBlockName>
<PO_EMAI>dverardo@nsf.gov</PO_EMAI>
<PO_PHON>7032924695</PO_PHON>
</ProgramOfficer>
<AbstractNarration><![CDATA[The general goal of the research is to use bristlecone pine from the Rio Grande Headwaters region to develop a temperature reconstruction spanning 2,000 years, augmented with updated and new hydroclimate reconstructions, to evaluate long-term, regional temperature and hydroclimate relationships.&lt;br/&gt;&lt;br/&gt;Anomalously warm summer temperatures reduce runoff by increasing the rates of evapotranspiration and by decreasing soil moisture, which has a persistent effect into winter and the following summer. However, there is disagreement to the extent to which recent warming has influenced upper Rio Grande flows. This project will address changes in runoff efficiency (the proportion of precipitation that becomes runoff) over time using instrumental datasets, an updated Rio Grande streamflow reconstruction, and a local precipitation reconstruction to assess the role of temperature in modulating runoff efficiency during droughts and pluvials.&lt;br/&gt;&lt;br/&gt;The Rio Grande supplies surface water to over 2 million acres of agriculture and over 6 million people. Predominantly supporting agriculture and rural economies, the Rio Grande also serves urban centers including Albuquerque, El Paso, and Ciudad Juárez. Ongoing drought has led to severe water shortages, yet the Rio Grande has been understudied compared to the upper Colorado River basin, possibly due to the proportion of poorly-represented communities the river serves. &lt;br/&gt;&lt;br/&gt;This project moves toward placing paleoclimate information into practice by engaging with upper Rio Grande water stakeholders in order to understand their water supply and management concerns.&lt;br/&gt;&lt;br/&gt;The potential Broader Impacts include greater understanding of water resources in the southwestern United States, support for a post-doctoral researcher, and substantive interaction with water resource managers and stakeholders in the region.&lt;br/&gt;&lt;br/&gt;This award reflects NSF's statutory mission and has been deemed worthy of support through evaluation using the Foundation's intellectual merit and broader impacts review criteria.]]></AbstractNarration>
<MinAmdLetterDate>06/01/2022</MinAmdLetterDate>
<MaxAmdLetterDate>06/01/2022</MaxAmdLetterDate>
<ARRAAmount/>
<TRAN_TYPE>Grant</TRAN_TYPE>
<CFDA_NUM>47.050</CFDA_NUM>
<NSF_PAR_USE_FLAG>1</NSF_PAR_USE_FLAG>
<FUND_AGCY_CODE>4900</FUND_AGCY_CODE>
<AWDG_AGCY_CODE>4900</AWDG_AGCY_CODE>
<AwardID>2202400</AwardID>
<Investigator>
<FirstName>Cody</FirstName>
<LastName>Routson</LastName>
<PI_MID_INIT>C</PI_MID_INIT>
<PI_SUFX_NAME/>
<PI_FULL_NAME>Cody C Routson</PI_FULL_NAME>
<EmailAddress><![CDATA[Cody.Routson@nau.edu]]></EmailAddress>
<NSF_ID>000666980</NSF_ID>
<StartDate>06/01/2022</StartDate>
<EndDate/>
<RoleCode>Principal Investigator</RoleCode>
</Investigator>
<Institution>
<Name>Northern Arizona University</Name>
<CityName>FLAGSTAFF</CityName>
<ZipCode>860117034</ZipCode>
<PhoneNumber>9285230886</PhoneNumber>
<StreetAddress>601 S KNOLES DR ROOM 220</StreetAddress>
<StreetAddress2/>
<CountryName>United States</CountryName>
<StateName>Arizona</StateName>
<StateCode>AZ</StateCode>
<CONGRESSDISTRICT>01</CONGRESSDISTRICT>
<CONGRESS_DISTRICT_ORG>AZ01</CONGRESS_DISTRICT_ORG>
<ORG_UEI_NUM>MXHAS3AKPRN1</ORG_UEI_NUM>
<ORG_LGL_BUS_NAME>NORTHERN ARIZONA UNIVERSITY</ORG_LGL_BUS_NAME>
<ORG_PRNT_UEI_NUM>MXHAS3AKPRN1</ORG_PRNT_UEI_NUM>
</Institution>
<Performance_Institution>
<Name><![CDATA[Northern Arizona Universirty]]></Name>
<CityName>Flagstaff</CityName>
<StateCode>AZ</StateCode>
<ZipCode>860110001</ZipCode>
<StreetAddress><![CDATA[625 S Knoles Drive]]></StreetAddress>
<CountryCode>US</CountryCode>
<CountryName>United States</CountryName>
<StateName>Arizona</StateName>
<CountryFlag>1</CountryFlag>
<CONGRESSDISTRICT>01</CONGRESSDISTRICT>
<CONGRESS_DISTRICT_PERF>AZ01</CONGRESS_DISTRICT_PERF>
</Performance_Institution>
<ProgramElement>
<Code>1530</Code>
<Text>Paleoclimate</Text>
</ProgramElement>
<ProgramReference>
<Code>7754</Code>
<Text>CLIMATE VARIABILITY &amp; CHANGE</Text>
</ProgramReference>
<ProgramReference>
<Code>8070</Code>
<Text>P2C2 Proposals</Text>
</ProgramReference>
<FUND_OBLG>2022~195264</FUND_OBLG>
</Award>
</rootTag>
