<?xml version="1.0" encoding="UTF-8"?>
<rootTag>
<Award>
<AwardTitle><![CDATA[Increasing Student Retention and Recruitment through Alumni Programs, Speed Networking, and Industry Engagement]]></AwardTitle>
<AGENCY>NSF</AGENCY>
<AwardEffectiveDate>09/01/2022</AwardEffectiveDate>
<AwardExpirationDate>08/31/2025</AwardExpirationDate>
<AwardTotalIntnAmount>541118.00</AwardTotalIntnAmount>
<AwardAmount>541118</AwardAmount>
<AwardInstrument>
<Value>Standard Grant</Value>
</AwardInstrument>
<Organization>
<Code>11040100</Code>
<Directorate>
<Abbreviation>EHR</Abbreviation>
<LongName>Direct For Education and Human Resources</LongName>
</Directorate>
<Division>
<Abbreviation>DUE</Abbreviation>
<LongName>Division Of Undergraduate Education</LongName>
</Division>
</Organization>
<ProgramOfficer>
<SignBlockName>Mary Crowe</SignBlockName>
<PO_EMAI>mcrowe@nsf.gov</PO_EMAI>
<PO_PHON>7032927177</PO_PHON>
</ProgramOfficer>
<AbstractNarration><![CDATA[This project will drive community college student retention and recruitment in biotechnology fields by fostering mutually beneficial relationships between students, alumni, industry, and the community. The need for biotechnicians is increasing nationwide, requiring an ever-expanding pool of skilled biotechnicians. This project will focus on activities to develop and test methodologies to directly engage graduates of community college biotechnology programs in alumni networks and activities. These activities will expand awareness of biotechnology career pathways and build direct industry connections with community college biotechnology programs. These connections will be used to recruit and retain the next generation of skilled technicians. Methodologies will be tested and evaluated across three colleges from different regions of the United States: Austin Community College (TX), City College of San Francisco (CA) and Johnston Community College (NC). Over the 3 years of this project, the activities will include building connections between over 90 students and 45 industry professionals through alumni success stories and speed networking, to increase students’ sense of belonging, science identity, and career awareness. The project will document the career paths of the alumni to create career pathways for current students. These direct connections with industry will foster recruitment, retention, and placement of community college students in the biotechnology field. The methodologies and tools developed will be disseminated nationally to community college biotechnology programs and will likely be applicable to other disciplines.&lt;br/&gt;&lt;br/&gt;The goal of this project is to produce results-oriented methodologies and tools for recruitment and retention that focus on alumni engagement. This will be done through piloting speed networking events, creating “Scientist Spotlights'' and publishing “Alumni Success Stories” across the three colleges with different demographic, socio-economic and industry landscapes. To accomplish this, the project will 1) establish an alumni network to document alumni career pathways for the purpose of educating current and future students, and 2) develop employee and alumni outreach tools to increase alumni and industry engagement creating direct industry interactions between existing and potential community college students. Feedback from faculty and staff from all three colleges will be used to develop and embed these methodologies and tools into curricula. Community college biotechnology, biology, and chemistry students, as well as high school students, will be recruited to participate in the speed networking events to directly interact with alumni industry professionals. These events will provide current and future students relevant and relatable information that will encourage them to join and/or complete biotechnology programs. This will simultaneously provide alumni opportunities to re-engage with their program and give back to their community, creating a sustainable feedback loop for industry engagement with community college biotechnology programs. This project is funded by the Advanced Technological Education program that focuses on the education of technicians for the advanced-technology fields that drive the Nation's economy.&lt;br/&gt;&lt;br/&gt;This award reflects NSF's statutory mission and has been deemed worthy of support through evaluation using the Foundation's intellectual merit and broader impacts review criteria.]]></AbstractNarration>
<MinAmdLetterDate>03/18/2022</MinAmdLetterDate>
<MaxAmdLetterDate>03/18/2022</MaxAmdLetterDate>
<ARRAAmount/>
<TRAN_TYPE>Grant</TRAN_TYPE>
<CFDA_NUM>47.076</CFDA_NUM>
<NSF_PAR_USE_FLAG>1</NSF_PAR_USE_FLAG>
<FUND_AGCY_CODE>4900</FUND_AGCY_CODE>
<AWDG_AGCY_CODE>4900</AWDG_AGCY_CODE>
<AwardID>2202011</AwardID>
<Investigator>
<FirstName>Linnea</FirstName>
<LastName>Fletcher</LastName>
<PI_MID_INIT>A</PI_MID_INIT>
<PI_SUFX_NAME/>
<PI_FULL_NAME>Linnea A Fletcher</PI_FULL_NAME>
<EmailAddress><![CDATA[linneaf@austincc.edu]]></EmailAddress>
<NSF_ID>000456729</NSF_ID>
<StartDate>03/18/2022</StartDate>
<EndDate/>
<RoleCode>Co-Principal Investigator</RoleCode>
</Investigator>
<Investigator>
<FirstName>Karen</FirstName>
<LastName>Leung</LastName>
<PI_MID_INIT/>
<PI_SUFX_NAME/>
<PI_FULL_NAME>Karen Leung</PI_FULL_NAME>
<EmailAddress><![CDATA[karen.leung@mail.ccsf.edu]]></EmailAddress>
<NSF_ID>000759634</NSF_ID>
<StartDate>03/18/2022</StartDate>
<EndDate/>
<RoleCode>Co-Principal Investigator</RoleCode>
</Investigator>
<Investigator>
<FirstName>Golnar</FirstName>
<LastName>Afshar</LastName>
<PI_MID_INIT/>
<PI_SUFX_NAME/>
<PI_FULL_NAME>Golnar Afshar</PI_FULL_NAME>
<EmailAddress><![CDATA[gafshar@ccsf.edu]]></EmailAddress>
<NSF_ID>000836571</NSF_ID>
<StartDate>03/18/2022</StartDate>
<EndDate/>
<RoleCode>Co-Principal Investigator</RoleCode>
</Investigator>
<Investigator>
<FirstName>Melissa</FirstName>
<LastName>Robbins</LastName>
<PI_MID_INIT/>
<PI_SUFX_NAME/>
<PI_FULL_NAME>Melissa Robbins</PI_FULL_NAME>
<EmailAddress><![CDATA[mwrobbins@johnstoncc.edu]]></EmailAddress>
<NSF_ID>000855297</NSF_ID>
<StartDate>03/18/2022</StartDate>
<EndDate/>
<RoleCode>Co-Principal Investigator</RoleCode>
</Investigator>
<Investigator>
<FirstName>Poornima</FirstName>
<LastName>Rao</LastName>
<PI_MID_INIT>M</PI_MID_INIT>
<PI_SUFX_NAME/>
<PI_FULL_NAME>Poornima M Rao</PI_FULL_NAME>
<EmailAddress><![CDATA[poornima.rao@austincc.edu]]></EmailAddress>
<NSF_ID>000847434</NSF_ID>
<StartDate>03/18/2022</StartDate>
<EndDate/>
<RoleCode>Principal Investigator</RoleCode>
</Investigator>
<Institution>
<Name>Austin Community College</Name>
<CityName>AUSTIN</CityName>
<ZipCode>787544700</ZipCode>
<PhoneNumber>5122237000</PhoneNumber>
<StreetAddress>9101 TUSCANY WAY</StreetAddress>
<StreetAddress2/>
<CountryName>United States</CountryName>
<StateName>Texas</StateName>
<StateCode>TX</StateCode>
<CONGRESSDISTRICT>10</CONGRESSDISTRICT>
<CONGRESS_DISTRICT_ORG>TX10</CONGRESS_DISTRICT_ORG>
<ORG_UEI_NUM>ZSFBTJE461W5</ORG_UEI_NUM>
<ORG_LGL_BUS_NAME>AUSTIN COMMUNITY COLLEGE DISTRICT</ORG_LGL_BUS_NAME>
<ORG_PRNT_UEI_NUM/>
</Institution>
<Performance_Institution>
<Name><![CDATA[Austin Community College]]></Name>
<CityName>Austin</CityName>
<StateCode>TX</StateCode>
<ZipCode>787524341</ZipCode>
<StreetAddress><![CDATA[5930 Middle Fiskville Road]]></StreetAddress>
<CountryCode>US</CountryCode>
<CountryName>United States</CountryName>
<StateName>Texas</StateName>
<CountryFlag>1</CountryFlag>
<CONGRESSDISTRICT>10</CONGRESSDISTRICT>
<CONGRESS_DISTRICT_PERF>TX10</CONGRESS_DISTRICT_PERF>
</Performance_Institution>
<ProgramElement>
<Code>7412</Code>
<Text>Advanced Tech Education Prog</Text>
</ProgramElement>
<ProgramReference>
<Code>1032</Code>
<Text>ADVANCED TECHNOLOGY EDUCATION</Text>
</ProgramReference>
<ProgramReference>
<Code>9178</Code>
<Text>UNDERGRADUATE EDUCATION</Text>
</ProgramReference>
<ProgramReference>
<Code>SMET</Code>
<Text>SCIENCE, MATH, ENG &amp; TECH EDUCATION</Text>
</ProgramReference>
<Appropriation>
<Code/>
<Name/>
<APP_SYMB_ID/>
</Appropriation>
<Fund>
<Code>04002223DB</Code>
<Name><![CDATA[NSF Education & Human Resource]]></Name>
<FUND_SYMB_ID>040106</FUND_SYMB_ID>
</Fund>
<FUND_OBLG>2022~541118</FUND_OBLG>
</Award>
</rootTag>
