<?xml version="1.0" encoding="UTF-8"?>
<rootTag>
<Award>
<AwardTitle>RAPID: Measuring Uptake, Persistence, and Impact of Behavioral Interventions On Respiratory Viruses</AwardTitle>
<AGENCY>NSF</AGENCY>
<AwardEffectiveDate>02/01/2022</AwardEffectiveDate>
<AwardExpirationDate>01/31/2023</AwardExpirationDate>
<AwardTotalIntnAmount>200000.00</AwardTotalIntnAmount>
<AwardAmount>200000</AwardAmount>
<AwardInstrument>
<Value>Standard Grant</Value>
</AwardInstrument>
<Organization>
<Code>08010000</Code>
<Directorate>
<Abbreviation>BIO</Abbreviation>
<LongName>Direct For Biological Sciences</LongName>
</Directorate>
<Division>
<Abbreviation>DEB</Abbreviation>
<LongName>Division Of Environmental Biology</LongName>
</Division>
</Organization>
<ProgramOfficer>
<SignBlockName>Samuel Scheiner</SignBlockName>
<PO_EMAI>sscheine@nsf.gov</PO_EMAI>
<PO_PHON>7032927175</PO_PHON>
</ProgramOfficer>
<AbstractNarration>This study investigates the reasons for differences in disease transmission between populations as a result of behavioral changes chosen by individuals and separating those effects from top-down, mandated changes. Top-down behavioral interventions are used to reduce the transmission of pathogens when pharmaceutical treatments (e.g., drugs and vaccines) are not available. They are often designed to minimize movement and contacts and include school and workplace closures or event cancellations. In additionally, individuals may choose to temporarily change their behavior to reduce their risk of infection. Such individual changes are difficult to predict or measure, making it challenging to measure their effectiveness in reducing disease incidence and spread. The emergence of SARS-CoV-2 prompted widespread county-level restrictions alongside individual behavioral changes, such as staying at home and wearing masks. Despite experiencing the same county level restrictions, university students experienced very high rates of COVID-19 per capita, while non-students reported very few COVID-19 cases per capita. In contrast, neither population experienced seasonal influenza during the first winter of COVID-19. By comparing behaviors and disease incidence in these population, this research will help plan and design more effective and efficient outbreak management strategies for re-emerging or novel pathogens. This project supports training of early-career scientists. &lt;br/&gt;&lt;br/&gt;This study investigates the 1) uptake, 2) persistence over time, and 3) impact of top-down behavioral interventions and individual behavioral changes on COVID-19 and influenza incidence. By integrating passive and active data collection, researchers will quantify changes in behaviors in central Pennsylvania. Comparing behavioral changes during top-down interventions to other times helps disentangle mandated behavioral changes from individual choices. Longitudinal passive surveillance data will provide frequent measures of population-level movements before and after SARS-CoV-2 emerged. Traffic cameras will quantify vehicular and pedestrian traffic while mobile devices will provide proxy measures of total visits to points of interest, time spent outside the home, mixing between students and non-students, and so forth. This project also will longitudinally survey students (N=684) and non-students (N=1313) to measure individual adherence to top-down interventions and the voluntary adoption of other behavioral changes. Surveys will ask about movement, staying home, gatherings, masking, hand washing, vaccination, and so forth. At each time step, survey participants will provide blood for serological analyses to detect prior infection. Researchers will incorporate dynamic measures of behavioral interventions and individual behaviors into disease models to estimate the dynamics in the force of infection for COVID-19 and influenza in students and non-students. These models will measure the impacts of specific behaviors on disease transmission and will inform future interventions.&lt;br/&gt;&lt;br/&gt;This project was funded in collaboration with the CDC to support rapid-response research projects to further advance federal infectious disease modeling capabilities.&lt;br/&gt;&lt;br/&gt;This award reflects NSF's statutory mission and has been deemed worthy of support through evaluation using the Foundation's intellectual merit and broader impacts review criteria.</AbstractNarration>
<MinAmdLetterDate>01/28/2022</MinAmdLetterDate>
<MaxAmdLetterDate>01/28/2022</MaxAmdLetterDate>
<ARRAAmount/>
<TRAN_TYPE>Grant</TRAN_TYPE>
<CFDA_NUM>47.074</CFDA_NUM>
<NSF_PAR_USE_FLAG>1</NSF_PAR_USE_FLAG>
<FUND_AGCY_CODE>4900</FUND_AGCY_CODE>
<AWDG_AGCY_CODE>4900</AWDG_AGCY_CODE>
<AwardID>2202872</AwardID>
<Investigator>
<FirstName>Nita</FirstName>
<LastName>Bharti</LastName>
<PI_MID_INIT/>
<PI_SUFX_NAME/>
<PI_FULL_NAME>Nita Bharti</PI_FULL_NAME>
<EmailAddress>nita@psu.edu</EmailAddress>
<PI_PHON/>
<NSF_ID>000710189</NSF_ID>
<StartDate>01/28/2022</StartDate>
<EndDate/>
<RoleCode>Principal Investigator</RoleCode>
</Investigator>
<Institution>
<Name>Pennsylvania State Univ University Park</Name>
<CityName>University Park</CityName>
<ZipCode>168021503</ZipCode>
<PhoneNumber>8148651372</PhoneNumber>
<StreetAddress>201 Old Main</StreetAddress>
<StreetAddress2/>
<CountryName>United States</CountryName>
<StateName>Pennsylvania</StateName>
<StateCode>PA</StateCode>
<CONGRESSDISTRICT>12</CONGRESSDISTRICT>
<CONGRESS_DISTRICT_ORG>PA12</CONGRESS_DISTRICT_ORG>
<ORG_UEI_NUM>NPM2J7MSCF61</ORG_UEI_NUM>
<ORG_LGL_BUS_NAME>PENNSYLVANIA STATE UNIVERSITY, THE</ORG_LGL_BUS_NAME>
<ORG_PRNT_UEI_NUM>NPM2J7MSCF61</ORG_PRNT_UEI_NUM>
</Institution>
<Performance_Institution>
<Name><![CDATA[Pennsylvania State Univ University Park]]></Name>
<CityName>University Park</CityName>
<StateCode>PA</StateCode>
<ZipCode>168021503</ZipCode>
<StreetAddress><![CDATA[201 Old Main]]></StreetAddress>
<CountryCode>US</CountryCode>
<CountryName>United States</CountryName>
<StateName>Pennsylvania</StateName>
<CountryFlag>1</CountryFlag>
<CONGRESSDISTRICT>12</CONGRESSDISTRICT>
<CONGRESS_DISTRICT_PERF>PA12</CONGRESS_DISTRICT_PERF>
</Performance_Institution>
<ProgramElement>
<Code>V359</Code>
<Text/>
</ProgramElement>
<ProgramElement>
<Code>W102</Code>
<Text/>
</ProgramElement>
<ProgramReference>
<Code>096Z</Code>
<Text>COVID-19 Research</Text>
</ProgramReference>
<ProgramReference>
<Code>7914</Code>
<Text>RAPID</Text>
</ProgramReference>
<FUND_OBLG>2022~200000</FUND_OBLG>
</Award>
</rootTag>
