<?xml version="1.0" encoding="UTF-8"?>
<rootTag>
<Award>
<AwardTitle>Towards a Complete Understanding of Stellar Feedback in Massive Star Formation</AwardTitle>
<AGENCY>NSF</AGENCY>
<AwardEffectiveDate>09/01/2022</AwardEffectiveDate>
<AwardExpirationDate>08/31/2025</AwardExpirationDate>
<AwardTotalIntnAmount>300000.00</AwardTotalIntnAmount>
<AwardAmount>100000</AwardAmount>
<AwardInstrument>
<Value>Fellowship Award</Value>
</AwardInstrument>
<Organization>
<Code>03020000</Code>
<Directorate>
<Abbreviation>MPS</Abbreviation>
<LongName>Direct For Mathematical &amp; Physical Scien</LongName>
</Directorate>
<Division>
<Abbreviation>AST</Abbreviation>
<LongName>Division Of Astronomical Sciences</LongName>
</Division>
</Organization>
<ProgramOfficer>
<SignBlockName>Harshal Gupta</SignBlockName>
<PO_EMAI>hgupta@nsf.gov</PO_EMAI>
<PO_PHON>7032925039</PO_PHON>
</ProgramOfficer>
<AbstractNarration>Anna Rosen is awarded an NSF Astronomy and Astrophysics Fellowship to carry out a program of research and education at the University of California, San Diego.  Rosen will perform numerical simulations of how stellar feedback – the energy and momentum injected into the interstellar medium – from radiation, stellar winds, outflows, and cosmic rays affects the formation of massive stars and star clusters.  Results from the study will allow astronomers to better understand the role of feedback in the processes of star formation and galaxy formation.  Alongside this research, Rosen will conduct education and outreach activities centered around non-traditional and underrepresented community college students, providing research mentoring and professional development for incoming students at the University, and developing videos introducing computational astrophysics and scientific computing to community college students.&lt;br/&gt;&lt;br/&gt;Rosen will explore how various feedback mechanisms limit massive star formation on both the individual and cluster scales by performing a suite of radiation-magnetohydrodynamic simulations that follow the formation of individual massive stars within massive star clusters.  Using these simulations, she will determine the initial conditions required for massive star formation and the properties of the resulting HII regions.  Additionally, by including realistic dust physics and anisotropic cosmic ray diffusion into a new modeling framework, she will assess how stellar feedback limits stellar masses, controls star formation rates in molecular clouds, and potentially ejects gas over large scales.  Her results will lead to better feedback models that will be used in future cosmological simulations and aid multi-wavelength observations.&lt;br/&gt;&lt;br/&gt;This award reflects NSF's statutory mission and has been deemed worthy of support through evaluation using the Foundation's intellectual merit and broader impacts review criteria.</AbstractNarration>
<MinAmdLetterDate>05/02/2022</MinAmdLetterDate>
<MaxAmdLetterDate>05/02/2022</MaxAmdLetterDate>
<ARRAAmount/>
<TRAN_TYPE>Grant</TRAN_TYPE>
<CFDA_NUM>47.049</CFDA_NUM>
<NSF_PAR_USE_FLAG>1</NSF_PAR_USE_FLAG>
<FUND_AGCY_CODE>4900</FUND_AGCY_CODE>
<AWDG_AGCY_CODE>4900</AWDG_AGCY_CODE>
<AwardID>2202249</AwardID>
<Investigator>
<FirstName>Anna</FirstName>
<LastName>Rosen</LastName>
<PI_MID_INIT>L</PI_MID_INIT>
<PI_SUFX_NAME/>
<PI_FULL_NAME>Anna L Rosen</PI_FULL_NAME>
<EmailAddress/>
<PI_PHON>8189439690</PI_PHON>
<NSF_ID>000865985</NSF_ID>
<StartDate>05/02/2022</StartDate>
<EndDate/>
<RoleCode>Principal Investigator</RoleCode>
</Investigator>
<Institution>
<Name>Rosen, Anna L</Name>
<CityName>Cambridge</CityName>
<ZipCode>021381516</ZipCode>
<PhoneNumber/>
<StreetAddress/>
<StreetAddress2/>
<CountryName>United States</CountryName>
<StateName>Massachusetts</StateName>
<StateCode>MA</StateCode>
<CONGRESSDISTRICT>05</CONGRESSDISTRICT>
<CONGRESS_DISTRICT_ORG>MA05</CONGRESS_DISTRICT_ORG>
<ORG_UEI_NUM/>
<ORG_LGL_BUS_NAME/>
<ORG_PRNT_UEI_NUM/>
</Institution>
<Performance_Institution>
<Name><![CDATA[University of California, San Diego]]></Name>
<CityName>San Diego</CityName>
<StateCode>CA</StateCode>
<ZipCode>920935004</ZipCode>
<StreetAddress/>
<CountryCode>US</CountryCode>
<CountryName>United States</CountryName>
<StateName>California</StateName>
<CountryFlag>1</CountryFlag>
<CONGRESSDISTRICT>49</CONGRESSDISTRICT>
<CONGRESS_DISTRICT_PERF>CA49</CONGRESS_DISTRICT_PERF>
</Performance_Institution>
<ProgramElement>
<Code>1609</Code>
<Text>NSF ASTRON &amp; ASTROPHY PSTDC FE</Text>
</ProgramElement>
<ProgramReference>
<Code>1206</Code>
<Text>THEORETICAL &amp; COMPUTATIONAL ASTROPHYSICS</Text>
</ProgramReference>
<FUND_OBLG>2022~100000</FUND_OBLG>
</Award>
</rootTag>
