<?xml version="1.0" encoding="UTF-8"?>
<rootTag>
<Award>
<AwardTitle><![CDATA[Collaborative Research: The evolution of phenotypic plasticity in sleep across variable environments]]></AwardTitle>
<AGENCY>NSF</AGENCY>
<AwardEffectiveDate>10/01/2021</AwardEffectiveDate>
<AwardExpirationDate>10/31/2022</AwardExpirationDate>
<AwardTotalIntnAmount>426639.00</AwardTotalIntnAmount>
<AwardAmount>293447</AwardAmount>
<AwardInstrument>
<Value>Standard Grant</Value>
</AwardInstrument>
<Organization>
<Code>08090000</Code>
<Directorate>
<Abbreviation>BIO</Abbreviation>
<LongName>Direct For Biological Sciences</LongName>
</Directorate>
<Division>
<Abbreviation>IOS</Abbreviation>
<LongName>Division Of Integrative Organismal Systems</LongName>
</Division>
</Organization>
<ProgramOfficer>
<SignBlockName>Jodie Jawor</SignBlockName>
<PO_EMAI>jjawor@nsf.gov</PO_EMAI>
<PO_PHON>7032927887</PO_PHON>
</ProgramOfficer>
<AbstractNarration><![CDATA[While sleep is almost universal across the animal kingdom, sleep patterns and amount vary drastically between species. Further, individuals alter how much they sleep in response to their environments. While modulating sleep is likely important for an animal's survival, little is known about how this plasticity in sleeping behavior evolves. One ecological factor that affects how much an animal sleeps is food availability. Some species reduce sleep in response to a food-poor environment, presumably to increase the time available for foraging. However, others increase sleep under these conditions, which is likely a strategy to conserve energy when food is not available. This is referred to as sleep plasticity. This work examines the evolution of sleep plasticity using the blind Mexican cavefish as a focal species. By quantifying sleep in cavefish in their natural habitats across seasons, the researchers will connect naturally occurring, variable environmental conditions to the amount animals sleep. Further, sleep plasticity will be examined in crosses derived from cavefish and their surface fish counterparts, allowing for examination of the genetic basis of sleep plasticity. Together, these studies will provide unprecedented insight into how and why sleep plasticity has evolved, how sleep plasticity is impacted by environmental variables, and the underlying genetic influences on sleep plasticity. The captivating cavefish system will be leveraged to engage students through the development of a research-intensive course for undergraduates and a summer research mentoring program for high school students. Finally, a collaboration with FAU's Osher Lifelong Learning Institute will promote understanding of scientific research for retired citizens and provide research opportunities for local retirees.&lt;br/&gt;&lt;br/&gt;Organisms regulate sleep in response to environmental factors, displaying sleep plasticity.  One striking example of sleep plasticity is the change in sleep observed under different nutrient availability conditions. This project aims to understand the genetic basis of the evolution of sleep plasticity in the Mexican cavefish, Astyanax mexicanus. Cavefish sleep less than conspecific surface fish under ad libitum fed laboratory conditions. When starved, surface and cavefish have opposite responses: surface fish reduce sleep whereas cavefish increase sleep. This research program will test the hypothesis that cavefish have evolved sleep loss and altered sleep plasticity in response to a cave environment that strongly varies in food availability across seasons. The relationship between sleep plasticity and evolution in a variable environment are examined using three approaches: 1) surface-cave hybrids and cave-cave hybrids generated from multiple cave populations will be evaluated to elucidate the genetic architecture underlying sleep plasticity and to identify candidate genes for the evolution of this trait, 2) sleep, feeding, and food availability will be measured in the field across seasons in three different cavefish-containing caves to define these behaviors in natural habitats, and to determine the environmental conditions under which these behaviors have evolved, and 3) genomic and behavioral analyses will be performed on fish from different pools within the same cave that vary in food availability to uncover the genetic underpinnings of behavioral evolution within a single cave.&lt;br/&gt;&lt;br/&gt;This award reflects NSF's statutory mission and has been deemed worthy of support through evaluation using the Foundation's intellectual merit and broader impacts review criteria.]]></AbstractNarration>
<MinAmdLetterDate>10/25/2021</MinAmdLetterDate>
<MaxAmdLetterDate>10/26/2021</MaxAmdLetterDate>
<ARRAAmount/>
<TRAN_TYPE>Grant</TRAN_TYPE>
<CFDA_NUM>47.074</CFDA_NUM>
<NSF_PAR_USE_FLAG>1</NSF_PAR_USE_FLAG>
<FUND_AGCY_CODE>4900</FUND_AGCY_CODE>
<AWDG_AGCY_CODE>4900</AWDG_AGCY_CODE>
<AwardID>2202359</AwardID>
<Investigator>
<FirstName>Johanna</FirstName>
<LastName>Kowalko</LastName>
<PI_MID_INIT>E</PI_MID_INIT>
<PI_SUFX_NAME/>
<PI_FULL_NAME>Johanna E Kowalko</PI_FULL_NAME>
<EmailAddress><![CDATA[jok421@lehigh.edu]]></EmailAddress>
<NSF_ID>000689917</NSF_ID>
<StartDate>10/25/2021</StartDate>
<EndDate/>
<RoleCode>Principal Investigator</RoleCode>
</Investigator>
<Institution>
<Name>Lehigh University</Name>
<CityName>BETHLEHEM</CityName>
<ZipCode>180153008</ZipCode>
<PhoneNumber>6107583021</PhoneNumber>
<StreetAddress>526 BRODHEAD AVE</StreetAddress>
<StreetAddress2/>
<CountryName>United States</CountryName>
<StateName>Pennsylvania</StateName>
<StateCode>PA</StateCode>
<CONGRESSDISTRICT>07</CONGRESSDISTRICT>
<CONGRESS_DISTRICT_ORG>PA07</CONGRESS_DISTRICT_ORG>
<ORG_UEI_NUM>E13MDBKHLDB5</ORG_UEI_NUM>
<ORG_LGL_BUS_NAME>LEHIGH UNIVERSITY</ORG_LGL_BUS_NAME>
<ORG_PRNT_UEI_NUM/>
</Institution>
<Performance_Institution>
<Name><![CDATA[Lehigh University]]></Name>
<CityName/>
<StateCode>PA</StateCode>
<ZipCode>180153005</ZipCode>
<StreetAddress/>
<CountryCode>US</CountryCode>
<CountryName>United States</CountryName>
<StateName>Pennsylvania</StateName>
<CountryFlag>1</CountryFlag>
<CONGRESSDISTRICT>07</CONGRESSDISTRICT>
<CONGRESS_DISTRICT_PERF>PA07</CONGRESS_DISTRICT_PERF>
</Performance_Institution>
<ProgramElement>
<Code>7659</Code>
<Text>Animal Behavior</Text>
</ProgramElement>
<ProgramReference>
<Code>9178</Code>
<Text>UNDERGRADUATE EDUCATION</Text>
</ProgramReference>
<ProgramReference>
<Code>9179</Code>
<Text>GRADUATE INVOLVEMENT</Text>
</ProgramReference>
<Appropriation>
<Code/>
<Name/>
<APP_SYMB_ID/>
</Appropriation>
<Fund>
<Code>01001920DB</Code>
<Name><![CDATA[NSF RESEARCH & RELATED ACTIVIT]]></Name>
<FUND_SYMB_ID>040100</FUND_SYMB_ID>
</Fund>
<FUND_OBLG>2019~293447</FUND_OBLG>
</Award>
</rootTag>
