<?xml version="1.0" encoding="UTF-8"?>
<rootTag>
<Award>
<AwardTitle>PostDoctoral Research Fellowship</AwardTitle>
<AGENCY>NSF</AGENCY>
<AwardEffectiveDate>07/01/2022</AwardEffectiveDate>
<AwardExpirationDate>06/30/2026</AwardExpirationDate>
<AwardTotalIntnAmount>150000.00</AwardTotalIntnAmount>
<AwardAmount>150000</AwardAmount>
<AwardInstrument>
<Value>Fellowship Award</Value>
</AwardInstrument>
<Organization>
<Code>03040000</Code>
<Directorate>
<Abbreviation>MPS</Abbreviation>
<LongName>Direct For Mathematical &amp; Physical Scien</LongName>
</Directorate>
<Division>
<Abbreviation>DMS</Abbreviation>
<LongName>Division Of Mathematical Sciences</LongName>
</Division>
</Organization>
<ProgramOfficer>
<SignBlockName>Stefaan De Winter</SignBlockName>
<PO_EMAI>sgdewint@nsf.gov</PO_EMAI>
<PO_PHON>7032922599</PO_PHON>
</ProgramOfficer>
<AbstractNarration>This award is made as part of the FY 2022 Mathematical Sciences Postdoctoral Research Fellowships Program. Each of the fellowships supports a research and training project at a host institution in the mathematical sciences, including applications to other disciplines, under the mentorship of a sponsoring scientist.&lt;br/&gt;&lt;br/&gt;The title of the project for this fellowship to Alexander Rasmussen is "Hyperbolic Group Actions: Big Mapping Class Groups and Classification." The host institution for the fellowship is University of Utah, and the sponsoring scientist is Priyam Patel.&lt;br/&gt;&lt;br/&gt;This award reflects NSF's statutory mission and has been deemed worthy of support through evaluation using the Foundation's intellectual merit and broader impacts review criteria.</AbstractNarration>
<MinAmdLetterDate>03/21/2022</MinAmdLetterDate>
<MaxAmdLetterDate>03/21/2022</MaxAmdLetterDate>
<ARRAAmount/>
<TRAN_TYPE>Grant</TRAN_TYPE>
<CFDA_NUM>47.049</CFDA_NUM>
<NSF_PAR_USE_FLAG>1</NSF_PAR_USE_FLAG>
<FUND_AGCY_CODE>4900</FUND_AGCY_CODE>
<AWDG_AGCY_CODE>4900</AWDG_AGCY_CODE>
<AwardID>2202986</AwardID>
<Investigator>
<FirstName>Alexander</FirstName>
<LastName>Rasmussen</LastName>
<PI_MID_INIT>J</PI_MID_INIT>
<PI_SUFX_NAME/>
<PI_FULL_NAME>Alexander J Rasmussen</PI_FULL_NAME>
<EmailAddress/>
<PI_PHON>9788798940</PI_PHON>
<NSF_ID>000811529</NSF_ID>
<StartDate>03/21/2022</StartDate>
<EndDate/>
<RoleCode>Principal Investigator</RoleCode>
</Investigator>
<Institution>
<Name>Rasmussen, Alexander James</Name>
<CityName>Salt Lake City</CityName>
<ZipCode>841120090</ZipCode>
<PhoneNumber/>
<StreetAddress/>
<StreetAddress2/>
<CountryName>United States</CountryName>
<StateName>Utah</StateName>
<StateCode>UT</StateCode>
<CONGRESSDISTRICT>02</CONGRESSDISTRICT>
<CONGRESS_DISTRICT_ORG>UT02</CONGRESS_DISTRICT_ORG>
<ORG_UEI_NUM/>
<ORG_LGL_BUS_NAME/>
<ORG_PRNT_UEI_NUM/>
</Institution>
<Performance_Institution>
<Name><![CDATA[University of Utah]]></Name>
<CityName>Salt Lake City</CityName>
<StateCode>UT</StateCode>
<ZipCode>841120090</ZipCode>
<StreetAddress/>
<CountryCode>US</CountryCode>
<CountryName>United States</CountryName>
<StateName>Utah</StateName>
<CountryFlag>1</CountryFlag>
<CONGRESSDISTRICT>02</CONGRESSDISTRICT>
<CONGRESS_DISTRICT_PERF>UT02</CONGRESS_DISTRICT_PERF>
</Performance_Institution>
<ProgramElement>
<Code>060Y</Code>
<Text>Workforce (MSPRF) MathSciPDFel</Text>
</ProgramElement>
<ProgramReference>
<Code>9219</Code>
<Text>POSTDOCTORAL FELLOWSHIPS IN MATH SCIENCE</Text>
</ProgramReference>
<FUND_OBLG>2022~150000</FUND_OBLG>
</Award>
</rootTag>
