<?xml version="1.0" encoding="UTF-8"?>
<rootTag>
<Award>
<AwardTitle>CAS-MNP: Assessing the Controls of Plastic Photochemical Reactivity in the Surface Ocean</AwardTitle>
<AGENCY>NSF</AGENCY>
<AwardEffectiveDate>06/01/2022</AwardEffectiveDate>
<AwardExpirationDate>05/31/2025</AwardExpirationDate>
<AwardTotalIntnAmount>449385.00</AwardTotalIntnAmount>
<AwardAmount>449385</AwardAmount>
<AwardInstrument>
<Value>Standard Grant</Value>
</AwardInstrument>
<Organization>
<Code>03090000</Code>
<Directorate>
<Abbreviation>MPS</Abbreviation>
<LongName>Direct For Mathematical &amp; Physical Scien</LongName>
</Directorate>
<Division>
<Abbreviation>CHE</Abbreviation>
<LongName>Division Of Chemistry</LongName>
</Division>
</Organization>
<ProgramOfficer>
<SignBlockName>Anne-Marie Schmoltner</SignBlockName>
<PO_EMAI>aschmolt@nsf.gov</PO_EMAI>
<PO_PHON>7032924716</PO_PHON>
</ProgramOfficer>
<AbstractNarration>With support from the Environmental Chemical Sciences Program in the Division of Chemistry at NSF, Collin Ward and Taylor Nelson at the Woods Hole Oceanographic Institution (WHOI) will study the fate of plastics in the sunlit surface ocean. Despite sustained attention from stakeholders, the ultimate fate of consumer plastics in the ocean remains an open question. Exposure to sunlight is a key degradation process (i.e., photo-degradation) for most consumer plastics but the controls that affect the rates and extents of plastic photo-degradation in the ocean are not well understood. This study aims to determine the factors that control photochemical degradation of consumer plastics and thus their fate in the ocean. The basic knowledge gained from this research will inform fate and transport models that estimate the amount, location, and persistence of plastics in the ocean, as well as their potential impacts on ecosystem processes. This project supports engagement with the Lincoln Laboratory Beaver Works Summer Institute and the Build a CubeSat Challenge, opportunities for high school students across the country to learn about marine plastic pollution.  Moreover, numerous undergraduate, and graduate students will be trained and participate on this research project.&lt;br/&gt;&lt;br/&gt;It is widely understood that sunlight chemically transforms plastics in the ocean into a suite of polymer-, dissolved-, and gas-phase products. However, the governing controls of these photochemical processes are poorly constrained. This research will deconvolute the relative importance of varying controls on the photochemical reactivity of consumer plastics at sea, including particle size, plastic formulation (i.e., base polymer + inorganic additives such as titanium dioxide and zinc oxide), and sunlight wavelength. Specific measures to be tested include oxidation (molecular oxygen consumption), chain scission (decrease in molecular weight), and the production of dissolved organics. This project supports outreach activities with high school students, and the training of undergraduate and graduate students.&lt;br/&gt;&lt;br/&gt;This award reflects NSF's statutory mission and has been deemed worthy of support through evaluation using the Foundation's intellectual merit and broader impacts review criteria.</AbstractNarration>
<MinAmdLetterDate>05/04/2022</MinAmdLetterDate>
<MaxAmdLetterDate>05/04/2022</MaxAmdLetterDate>
<ARRAAmount/>
<TRAN_TYPE>Grant</TRAN_TYPE>
<CFDA_NUM>47.049</CFDA_NUM>
<NSF_PAR_USE_FLAG>1</NSF_PAR_USE_FLAG>
<FUND_AGCY_CODE>4900</FUND_AGCY_CODE>
<AWDG_AGCY_CODE>4900</AWDG_AGCY_CODE>
<AwardID>2202621</AwardID>
<Investigator>
<FirstName>Collin</FirstName>
<LastName>Ward</LastName>
<PI_MID_INIT/>
<PI_SUFX_NAME/>
<PI_FULL_NAME>Collin Ward</PI_FULL_NAME>
<EmailAddress>cward@whoi.edu</EmailAddress>
<PI_PHON>5082893452</PI_PHON>
<NSF_ID>000767372</NSF_ID>
<StartDate>05/04/2022</StartDate>
<EndDate/>
<RoleCode>Principal Investigator</RoleCode>
</Investigator>
<Investigator>
<FirstName>Taylor</FirstName>
<LastName>Nelson</LastName>
<PI_MID_INIT>F</PI_MID_INIT>
<PI_SUFX_NAME/>
<PI_FULL_NAME>Taylor F Nelson</PI_FULL_NAME>
<EmailAddress>tnelson@whoi.edu</EmailAddress>
<PI_PHON>6173060955</PI_PHON>
<NSF_ID>000858716</NSF_ID>
<StartDate>05/04/2022</StartDate>
<EndDate/>
<RoleCode>Co-Principal Investigator</RoleCode>
</Investigator>
<Institution>
<Name>Woods Hole Oceanographic Institution</Name>
<CityName>WOODS HOLE</CityName>
<ZipCode>025431536</ZipCode>
<PhoneNumber>5082893542</PhoneNumber>
<StreetAddress>266 WOODS HOLE RD</StreetAddress>
<StreetAddress2/>
<CountryName>United States</CountryName>
<StateName>Massachusetts</StateName>
<StateCode>MA</StateCode>
<CONGRESSDISTRICT>09</CONGRESSDISTRICT>
<CONGRESS_DISTRICT_ORG>MA09</CONGRESS_DISTRICT_ORG>
<ORG_UEI_NUM>GFKFBWG2TV98</ORG_UEI_NUM>
<ORG_LGL_BUS_NAME>WOODS HOLE OCEANOGRAPHIC INSTITUTION</ORG_LGL_BUS_NAME>
<ORG_PRNT_UEI_NUM>GFKFBWG2TV98</ORG_PRNT_UEI_NUM>
</Institution>
<Performance_Institution>
<Name><![CDATA[Woods Hole Oceanographic Institution]]></Name>
<CityName>Woods Hole</CityName>
<StateCode>MA</StateCode>
<ZipCode>025431535</ZipCode>
<StreetAddress><![CDATA[266 Woods Hole Rd MS#39]]></StreetAddress>
<CountryCode>US</CountryCode>
<CountryName>United States</CountryName>
<StateName>Massachusetts</StateName>
<CountryFlag>1</CountryFlag>
<CONGRESSDISTRICT>09</CONGRESSDISTRICT>
<CONGRESS_DISTRICT_PERF>MA09</CONGRESS_DISTRICT_PERF>
</Performance_Institution>
<ProgramElement>
<Code>6882</Code>
<Text>Environmental Chemical Science</Text>
</ProgramElement>
<ProgramReference>
<Code>090Z</Code>
<Text>CAS-Critical Aspects of Sustainability</Text>
</ProgramReference>
<FUND_OBLG>2022~449385</FUND_OBLG>
</Award>
</rootTag>
