<?xml version="1.0" encoding="UTF-8"?>
<rootTag>
<Award>
<AwardTitle>ICE-TI:  Master of Science in Biology</AwardTitle>
<AGENCY>NSF</AGENCY>
<AwardEffectiveDate>08/01/2022</AwardEffectiveDate>
<AwardExpirationDate>07/31/2027</AwardExpirationDate>
<AwardTotalIntnAmount>2500000.00</AwardTotalIntnAmount>
<AwardAmount>2000000</AwardAmount>
<AwardInstrument>
<Value>Continuing Grant</Value>
</AwardInstrument>
<Organization>
<Code>11060000</Code>
<Directorate>
<Abbreviation>EHR</Abbreviation>
<LongName>Direct For Education and Human Resources</LongName>
</Directorate>
<Division>
<Abbreviation>HRD</Abbreviation>
<LongName>Division Of Human Resource Development</LongName>
</Division>
</Organization>
<ProgramOfficer>
<SignBlockName>Regina Sievert</SignBlockName>
<PO_EMAI>rsievert@nsf.gov</PO_EMAI>
<PO_PHON>7032922808</PO_PHON>
</ProgramOfficer>
<AbstractNarration>A goal of the Tribal Colleges and Universities Program (TCUP) is to increase the science, technology, engineering, and mathematics (STEM) instructional and research capacities of specific institutions of higher education that serve the Nation's Indigenous students. Expanding the STEM curricular offerings at these institutions increases the opportunities for their students to pursue challenging, rewarding careers in STEM fields, provides for research studies in areas that may be culturally significant, and encourages a community and generational appreciation for science and mathematics education. This project, submitted by Diné College and titled “Master of Science in Biology” directly aligns with that goal. Through a collaborative effort, the project establishes a thesis-based Master of Science in Biology built on the solid foundation of the college’s multiple STEM BS degrees, including Biology, its faculty members’ expertise, the knowledge of local cultural experts, and the college’s substantive STEM infrastructure. The degree includes a rigorous slate of courses, including field and laboratory courses, focused on STEM content knowledge and research skills, as well as a strong cultural grounding to support the success of Indigenous students. The project advances the degree offerings at Diné College to include graduate study, enabling the matriculation of researchers prepared to work in STEM professions in diverse settings.&lt;br/&gt;&lt;br/&gt;The Master of Science in Biology degree at Diné College is designed to prepare Indigenous and other students with an advanced understanding of biology concepts, research techniques, and sub-discipline-specific expertise. Students will engage in the western graduate education process to expand their knowledge vertically and horizontally through both intellectual understanding and practical experience, enabling graduates to advance to higher levels of employment and educational opportunities. By also integrating Traditional Ecological Knowledge and developing their understanding of the significance of cultural knowledge in scientific and social realms, the program will have transformative effects, catalyzing graduates’ abilities to apply their learning and interpret their work in culturally sensitive ways. The project advances the degree offerings at Diné College to include graduate study, enabling the matriculation of researchers prepared to work in STEM professions in diverse settings.&lt;br/&gt;&lt;br/&gt;This award reflects NSF's statutory mission and has been deemed worthy of support through evaluation using the Foundation's intellectual merit and broader impacts review criteria.</AbstractNarration>
<MinAmdLetterDate>04/28/2022</MinAmdLetterDate>
<MaxAmdLetterDate>04/28/2022</MaxAmdLetterDate>
<ARRAAmount/>
<TRAN_TYPE>Grant</TRAN_TYPE>
<CFDA_NUM>47.076</CFDA_NUM>
<NSF_PAR_USE_FLAG>1</NSF_PAR_USE_FLAG>
<FUND_AGCY_CODE>4900</FUND_AGCY_CODE>
<AWDG_AGCY_CODE>4900</AWDG_AGCY_CODE>
<AwardID>2202023</AwardID>
<Investigator>
<FirstName>Donald</FirstName>
<LastName>Robinson</LastName>
<PI_MID_INIT>K</PI_MID_INIT>
<PI_SUFX_NAME/>
<PI_FULL_NAME>Donald K Robinson</PI_FULL_NAME>
<EmailAddress>dkrobinson@dinecollege.edu</EmailAddress>
<PI_PHON>9287246719</PI_PHON>
<NSF_ID>000676931</NSF_ID>
<StartDate>04/28/2022</StartDate>
<EndDate/>
<RoleCode>Principal Investigator</RoleCode>
</Investigator>
<Institution>
<Name>Dine College</Name>
<CityName>TSAILE</CityName>
<ZipCode>865569998</ZipCode>
<PhoneNumber>9287246670</PhoneNumber>
<StreetAddress>1 CIRCLE DR</StreetAddress>
<StreetAddress2/>
<CountryName>United States</CountryName>
<StateName>Arizona</StateName>
<StateCode>AZ</StateCode>
<CONGRESSDISTRICT>01</CONGRESSDISTRICT>
<CONGRESS_DISTRICT_ORG>AZ01</CONGRESS_DISTRICT_ORG>
<ORG_UEI_NUM>KAAMMFK1JJL8</ORG_UEI_NUM>
<ORG_LGL_BUS_NAME>NAVAJO NATION TRIBAL GOVERNMENT, THE</ORG_LGL_BUS_NAME>
<ORG_PRNT_UEI_NUM>KEBVZNK93W87</ORG_PRNT_UEI_NUM>
</Institution>
<Performance_Institution>
<Name><![CDATA[Dine College]]></Name>
<CityName>Tsaile</CityName>
<StateCode>AZ</StateCode>
<ZipCode>865565009</ZipCode>
<StreetAddress><![CDATA[P.O. Box 126]]></StreetAddress>
<CountryCode>US</CountryCode>
<CountryName>United States</CountryName>
<StateName>Arizona</StateName>
<CountryFlag>1</CountryFlag>
<CONGRESSDISTRICT>01</CONGRESSDISTRICT>
<CONGRESS_DISTRICT_PERF>AZ01</CONGRESS_DISTRICT_PERF>
</Performance_Institution>
<ProgramElement>
<Code>1744</Code>
<Text>Tribal College &amp; Univers Prog</Text>
</ProgramElement>
<FUND_OBLG>2022~2000000</FUND_OBLG>
</Award>
</rootTag>
