<?xml version="1.0" encoding="UTF-8"?>
<rootTag>
<Award>
<AwardTitle>Intergovernmental Personnel Act (IPA) Assignment</AwardTitle>
<AGENCY>NSF</AGENCY>
<AwardEffectiveDate>11/22/2021</AwardEffectiveDate>
<AwardExpirationDate>11/21/2022</AwardExpirationDate>
<AwardTotalIntnAmount>227683.00</AwardTotalIntnAmount>
<AwardAmount>227683</AwardAmount>
<AwardInstrument>
<Value>Intergovernmental Personnel Award</Value>
</AwardInstrument>
<Organization>
<Code>03020000</Code>
<Directorate>
<Abbreviation>MPS</Abbreviation>
<LongName>Direct For Mathematical &amp; Physical Scien</LongName>
</Directorate>
<Division>
<Abbreviation>AST</Abbreviation>
<LongName>Division Of Astronomical Sciences</LongName>
</Division>
</Organization>
<ProgramOfficer>
<SignBlockName>James Neff</SignBlockName>
<PO_EMAI>jneff@nsf.gov</PO_EMAI>
<PO_PHON>7032922475</PO_PHON>
</ProgramOfficer>
<AbstractNarration/>
<MinAmdLetterDate>11/18/2021</MinAmdLetterDate>
<MaxAmdLetterDate>11/18/2021</MaxAmdLetterDate>
<ARRAAmount/>
<TRAN_TYPE>Grant</TRAN_TYPE>
<CFDA_NUM>47.049</CFDA_NUM>
<NSF_PAR_USE_FLAG>1</NSF_PAR_USE_FLAG>
<FUND_AGCY_CODE>4900</FUND_AGCY_CODE>
<AWDG_AGCY_CODE>4900</AWDG_AGCY_CODE>
<AwardID>2202869</AwardID>
<Investigator>
<FirstName>Andrea</FirstName>
<LastName>Prestwich</LastName>
<PI_MID_INIT/>
<PI_SUFX_NAME/>
<PI_FULL_NAME>Andrea Prestwich</PI_FULL_NAME>
<EmailAddress>prestwich@cfa.harvard.edu</EmailAddress>
<PI_PHON>6174967576</PI_PHON>
<NSF_ID>000101898</NSF_ID>
<StartDate>11/18/2021</StartDate>
<EndDate/>
<RoleCode>Principal Investigator</RoleCode>
</Investigator>
<Institution>
<Name>Smithsonian Institution Astrophysical Observatory</Name>
<CityName>CAMBRIDGE</CityName>
<ZipCode>021381516</ZipCode>
<PhoneNumber>6174967923</PhoneNumber>
<StreetAddress>60 GARDEN ST</StreetAddress>
<StreetAddress2/>
<CountryName>United States</CountryName>
<StateName>Massachusetts</StateName>
<StateCode>MA</StateCode>
<CONGRESSDISTRICT>05</CONGRESSDISTRICT>
<CONGRESS_DISTRICT_ORG>MA05</CONGRESS_DISTRICT_ORG>
<ORG_UEI_NUM>Q7N8CH7NR418</ORG_UEI_NUM>
<ORG_LGL_BUS_NAME>SMITHSONIAN INSTITUTION</ORG_LGL_BUS_NAME>
<ORG_PRNT_UEI_NUM>NW2RJN8TQQW1</ORG_PRNT_UEI_NUM>
</Institution>
<Performance_Institution>
<Name/>
<CityName/>
<StateCode/>
<ZipCode/>
<StreetAddress/>
<CountryCode/>
<CountryName>RI REQUIRED</CountryName>
<StateName>RI REQUIRED</StateName>
<CountryFlag>0</CountryFlag>
<CONGRESSDISTRICT/>
<CONGRESS_DISTRICT_PERF>""</CONGRESS_DISTRICT_PERF>
</Performance_Institution>
<ProgramElement>
<Code>9199</Code>
<Text>Unallocated Program Costs</Text>
</ProgramElement>
<FUND_OBLG>2022~227683</FUND_OBLG>
</Award>
</rootTag>
