<?xml version="1.0" encoding="UTF-8"?>
<rootTag>
<Award>
<AwardTitle>Enabling a New Era of Cosmic Microwave Background Measurements</AwardTitle>
<AGENCY>NSF</AGENCY>
<AwardEffectiveDate>08/01/2022</AwardEffectiveDate>
<AwardExpirationDate>07/31/2025</AwardExpirationDate>
<AwardTotalIntnAmount>300000.00</AwardTotalIntnAmount>
<AwardAmount>100000</AwardAmount>
<AwardInstrument>
<Value>Fellowship Award</Value>
</AwardInstrument>
<Organization>
<Code>03020000</Code>
<Directorate>
<Abbreviation>MPS</Abbreviation>
<LongName>Direct For Mathematical &amp; Physical Scien</LongName>
</Directorate>
<Division>
<Abbreviation>AST</Abbreviation>
<LongName>Division Of Astronomical Sciences</LongName>
</Division>
</Organization>
<ProgramOfficer>
<SignBlockName>Harshal Gupta</SignBlockName>
<PO_EMAI>hgupta@nsf.gov</PO_EMAI>
<PO_PHON>7032925039</PO_PHON>
</ProgramOfficer>
<AbstractNarration>Eve Vavagiakis is awarded an NSF Astronomy and Astrophysics Fellowship to carry out a program of research and education at Cornell and Princeton universities.  Vavagiakis will undertake a program of data analysis and instrumentation development to advance the use of cosmic microwave background (CMB) anisotropies such as the Sunyaev-Zel'dovich (SZ) effect for cosmological measurements.  Results from the project will allow astronomers to understand properties of galaxy clusters and shed light on galaxy evolution and cosmology.  For the education component of this project, Vavagiakis will conduct astronomy outreach to local high schools, develop educational materials to accompany a children’s book series featuring modern NSF-funded experiments, and provide research mentoring for underserved and underrepresented students.&lt;br/&gt;&lt;br/&gt;This research project will enable the highest significance measurement of the pairwise kinetic SZ effect and advance future SZ measurements to constrain fundamental physics.  To achieve this goal, Vavagiakis will: analyze CMB maps from the Atacama Cosmology Telescope combined with data from the Dark Energy Spectroscopic Instrument; deploy a cryogenic array camera based on kinetic inductance detectors (KIDs) that she designed for early science with a new submillimeter telescope; and develop an extended multifrequency pipeline for SZ analyses for existing and planned CMB telescopes.   By demonstrating the background-limited sensitivity of KIDs, this project might help establish them as detectors of choice for future millimeter and submillimeter telescopes.&lt;br/&gt;&lt;br/&gt;This award reflects NSF's statutory mission and has been deemed worthy of support through evaluation using the Foundation's intellectual merit and broader impacts review criteria.</AbstractNarration>
<MinAmdLetterDate>05/02/2022</MinAmdLetterDate>
<MaxAmdLetterDate>05/02/2022</MaxAmdLetterDate>
<ARRAAmount/>
<TRAN_TYPE>Grant</TRAN_TYPE>
<CFDA_NUM>47.049</CFDA_NUM>
<NSF_PAR_USE_FLAG>1</NSF_PAR_USE_FLAG>
<FUND_AGCY_CODE>4900</FUND_AGCY_CODE>
<AWDG_AGCY_CODE>4900</AWDG_AGCY_CODE>
<AwardID>2202237</AwardID>
<Investigator>
<FirstName>Eve</FirstName>
<LastName>Vavagiakis</LastName>
<PI_MID_INIT>M</PI_MID_INIT>
<PI_SUFX_NAME/>
<PI_FULL_NAME>Eve M Vavagiakis</PI_FULL_NAME>
<EmailAddress/>
<PI_PHON>8455212757</PI_PHON>
<NSF_ID>000866452</NSF_ID>
<StartDate>05/02/2022</StartDate>
<EndDate/>
<RoleCode>Principal Investigator</RoleCode>
</Investigator>
<Institution>
<Name>Vavagiakis, Eve Marie</Name>
<CityName>Ithaca</CityName>
<ZipCode>148532501</ZipCode>
<PhoneNumber/>
<StreetAddress/>
<StreetAddress2/>
<CountryName>United States</CountryName>
<StateName>New York</StateName>
<StateCode>NY</StateCode>
<CONGRESSDISTRICT>23</CONGRESSDISTRICT>
<CONGRESS_DISTRICT_ORG>NY23</CONGRESS_DISTRICT_ORG>
<ORG_UEI_NUM/>
<ORG_LGL_BUS_NAME/>
<ORG_PRNT_UEI_NUM/>
</Institution>
<Performance_Institution>
<Name><![CDATA[Cornell University]]></Name>
<CityName>ITHACA</CityName>
<StateCode>NY</StateCode>
<ZipCode>148532501</ZipCode>
<StreetAddress/>
<CountryCode>US</CountryCode>
<CountryName>United States</CountryName>
<StateName>New York</StateName>
<CountryFlag>1</CountryFlag>
<CONGRESSDISTRICT>23</CONGRESSDISTRICT>
<CONGRESS_DISTRICT_PERF>NY23</CONGRESS_DISTRICT_PERF>
</Performance_Institution>
<ProgramElement>
<Code>1609</Code>
<Text>NSF ASTRON &amp; ASTROPHY PSTDC FE</Text>
</ProgramElement>
<ProgramReference>
<Code>1207</Code>
<Text>OBSERVATIONAL ASTRONOMY</Text>
</ProgramReference>
<ProgramReference>
<Code>7697</Code>
<Text>INSTRUMENTATION</Text>
</ProgramReference>
<FUND_OBLG>2022~100000</FUND_OBLG>
</Award>
</rootTag>
