<?xml version="1.0" encoding="UTF-8"?>
<rootTag>
<Award>
<AwardTitle>Engaging Rural Students in Advancement Opportunities through the  Field of Data Analytics</AwardTitle>
<AGENCY>NSF</AGENCY>
<AwardEffectiveDate>07/01/2022</AwardEffectiveDate>
<AwardExpirationDate>06/30/2025</AwardExpirationDate>
<AwardTotalIntnAmount>462135.00</AwardTotalIntnAmount>
<AwardAmount>462135</AwardAmount>
<AwardInstrument>
<Value>Standard Grant</Value>
</AwardInstrument>
<Organization>
<Code>11040100</Code>
<Directorate>
<Abbreviation>EHR</Abbreviation>
<LongName>Direct For Education and Human Resources</LongName>
</Directorate>
<Division>
<Abbreviation>DUE</Abbreviation>
<LongName>Division Of Undergraduate Education</LongName>
</Division>
</Organization>
<ProgramOfficer>
<SignBlockName>Huihui Wang</SignBlockName>
<PO_EMAI>hhwang@nsf.gov</PO_EMAI>
<PO_PHON>7032924894</PO_PHON>
</ProgramOfficer>
<AbstractNarration>The geographical region served by this project supports a large number of students from groups which have been historically underrepresented in STEM career pathways. This project will emphasize recruitment, retention, and graduation of students from groups underrepresented in STEM disciplines, thus providing women and Hispanics in Northark’s service area with increased access to well-paying careers in data analytics. The project will serve regional and national interests by developing an Associate of Applied Science (AAS) degree in Data Analytics. The proposed degree program will prepare graduates to quickly and effectively enter the workplace. The students will work on case studies using real-world data. The proposed project plans to integrate communication, collaboration, professional ethics, critical thinking, and employability skills into course content. Data sources for projects will include data from Oceans of Data, DataCamp and anonymized North Arkansas College data generated from undergraduate research projects. The project team will collaborate with an active and engaged Business and Industry Leadership Team (BILT). The key activities of this proposal has the potential to be scaled and adapted by other two-year colleges and applied to other STEM disciplines. &lt;br/&gt;&lt;br/&gt;The project team intends to (1) immerse students in case studies and real-world data, (2) integrate communication, collaboration, critical thinking, and employability skills into data analytics content, (3) collaborate with local industry using a BILT, and (4) focus on development of a more diverse STEM community. Coupled with a concurrent credit pathway for high school students, this project team will lead to an increase in the number and diversity of highly prepared data analytics technicians. Best practices from the National Center for Women in Technology will be adapted to recruit and retain women and other students from underrepresented groups into the data analytics fields. This project is funded by the Advanced Technological Education program that focuses on the education of technicians for the advanced-technology fields that drive the Nation's economy.&lt;br/&gt;&lt;br/&gt;This award reflects NSF's statutory mission and has been deemed worthy of support through evaluation using the Foundation's intellectual merit and broader impacts review criteria.</AbstractNarration>
<MinAmdLetterDate>03/14/2022</MinAmdLetterDate>
<MaxAmdLetterDate>03/14/2022</MaxAmdLetterDate>
<ARRAAmount/>
<TRAN_TYPE>Grant</TRAN_TYPE>
<CFDA_NUM>47.076</CFDA_NUM>
<NSF_PAR_USE_FLAG>1</NSF_PAR_USE_FLAG>
<FUND_AGCY_CODE>4900</FUND_AGCY_CODE>
<AWDG_AGCY_CODE>4900</AWDG_AGCY_CODE>
<AwardID>2202077</AwardID>
<Investigator>
<FirstName>Laura</FirstName>
<LastName>Berry</LastName>
<PI_MID_INIT>J</PI_MID_INIT>
<PI_SUFX_NAME/>
<PI_FULL_NAME>Laura J Berry</PI_FULL_NAME>
<EmailAddress>lberry@northark.edu</EmailAddress>
<PI_PHON>8703913280</PI_PHON>
<NSF_ID>000666680</NSF_ID>
<StartDate>03/14/2022</StartDate>
<EndDate/>
<RoleCode>Co-Principal Investigator</RoleCode>
</Investigator>
<Investigator>
<FirstName>Cheryl</FirstName>
<LastName>Keymer</LastName>
<PI_MID_INIT/>
<PI_SUFX_NAME/>
<PI_FULL_NAME>Cheryl Keymer</PI_FULL_NAME>
<EmailAddress>ckeymer@northark.edu</EmailAddress>
<PI_PHON>8703913225</PI_PHON>
<NSF_ID>000719489</NSF_ID>
<StartDate>03/14/2022</StartDate>
<EndDate/>
<RoleCode>Principal Investigator</RoleCode>
</Investigator>
<Investigator>
<FirstName>Janet</FirstName>
<LastName>McMurrin</LastName>
<PI_MID_INIT/>
<PI_SUFX_NAME/>
<PI_FULL_NAME>Janet McMurrin</PI_FULL_NAME>
<EmailAddress>jmcmurrin@northark.edu</EmailAddress>
<PI_PHON>8703913126</PI_PHON>
<NSF_ID>000857547</NSF_ID>
<StartDate>03/14/2022</StartDate>
<EndDate/>
<RoleCode>Co-Principal Investigator</RoleCode>
</Investigator>
<Investigator>
<FirstName>Melanie</FirstName>
<LastName>King</LastName>
<PI_MID_INIT/>
<PI_SUFX_NAME/>
<PI_FULL_NAME>Melanie King</PI_FULL_NAME>
<EmailAddress>melanie.king@northark.edu</EmailAddress>
<PI_PHON>8703913183</PI_PHON>
<NSF_ID>000861282</NSF_ID>
<StartDate>03/14/2022</StartDate>
<EndDate/>
<RoleCode>Co-Principal Investigator</RoleCode>
</Investigator>
<Institution>
<Name>North Arkansas College</Name>
<CityName>HARRISON</CityName>
<ZipCode>726015508</ZipCode>
<PhoneNumber>8703913280</PhoneNumber>
<StreetAddress>1515 PIONEER DR</StreetAddress>
<StreetAddress2/>
<CountryName>United States</CountryName>
<StateName>Arkansas</StateName>
<StateCode>AR</StateCode>
<CONGRESSDISTRICT>03</CONGRESSDISTRICT>
<CONGRESS_DISTRICT_ORG>AR03</CONGRESS_DISTRICT_ORG>
<ORG_UEI_NUM>QMHWYGPV2FN6</ORG_UEI_NUM>
<ORG_LGL_BUS_NAME>NORTH ARKANSAS COLLEGE</ORG_LGL_BUS_NAME>
<ORG_PRNT_UEI_NUM>QMHWYGPV2FN6</ORG_PRNT_UEI_NUM>
</Institution>
<Performance_Institution>
<Name><![CDATA[North Arkansas College]]></Name>
<CityName>Harrison</CityName>
<StateCode>AR</StateCode>
<ZipCode>726015599</ZipCode>
<StreetAddress><![CDATA[1515 Pioneer Drive]]></StreetAddress>
<CountryCode>US</CountryCode>
<CountryName>United States</CountryName>
<StateName>Arkansas</StateName>
<CountryFlag>1</CountryFlag>
<CONGRESSDISTRICT>03</CONGRESSDISTRICT>
<CONGRESS_DISTRICT_PERF>AR03</CONGRESS_DISTRICT_PERF>
</Performance_Institution>
<ProgramElement>
<Code>7412</Code>
<Text>Advanced Tech Education Prog</Text>
</ProgramElement>
<ProgramReference>
<Code>1032</Code>
<Text>ADVANCED TECHNOLOGY EDUCATION</Text>
</ProgramReference>
<ProgramReference>
<Code>9178</Code>
<Text>UNDERGRADUATE EDUCATION</Text>
</ProgramReference>
<ProgramReference>
<Code>SMET</Code>
<Text>SCIENCE, MATH, ENG &amp; TECH EDUCATION</Text>
</ProgramReference>
<FUND_OBLG>2022~462135</FUND_OBLG>
</Award>
</rootTag>
