<?xml version="1.0" encoding="UTF-8"?>
<rootTag>
<Award>
<AwardTitle>CAREER: NIC-Accelerated Active Messaging as a Generic Replacement for RDMA</AwardTitle>
<AGENCY>NSF</AGENCY>
<AwardEffectiveDate>10/01/2021</AwardEffectiveDate>
<AwardExpirationDate>01/31/2025</AwardExpirationDate>
<AwardTotalIntnAmount>500000.00</AwardTotalIntnAmount>
<AwardAmount>206343</AwardAmount>
<AwardInstrument>
<Value>Continuing Grant</Value>
</AwardInstrument>
<Organization>
<Code>05050000</Code>
<Directorate>
<Abbreviation>CSE</Abbreviation>
<LongName>Direct For Computer &amp; Info Scie &amp; Enginr</LongName>
</Directorate>
<Division>
<Abbreviation>CNS</Abbreviation>
<LongName>Division Of Computer and Network Systems</LongName>
</Division>
</Organization>
<ProgramOfficer>
<SignBlockName>Darleen Fisher</SignBlockName>
<PO_EMAI>dlfisher@nsf.gov</PO_EMAI>
<PO_PHON>7032928950</PO_PHON>
</ProgramOfficer>
<AbstractNarration>The cloud supports many important services. This includes the applications that have driven the growth of the web like search and mail as well as new emerging applications that require machine learning.  As the demand for these services continues to grow, there is also a need to scale the computation behind them.  In the cloud, this is done by distributing the computation across many processors communicating across a high-speed network.  Unfortunately, there is an increasing performance gap that is limiting our ability to scale these cloud applications.  Processor performance has stagnated, yet network performance continues to increase exponentially to 100Gbps and beyond.   As a result, in scaling these applications, existing networking stacks are struggling to fully utilize network resources because the computational costs of network communication are too high.&lt;br/&gt;&lt;br/&gt;This proposal aims to fundamentally rethink the design of server-side networking and develop new networking abstractions to address these problems.  To accomplish this goal, the plan is to develop Network Interface Card (NIC) Accelerated Active Messaging (NAAM), a new networking framework.  In NAAM, functions are written in a high-level language and then are compiled to a bytecode and verified before they are executed on a NIC.  Importantly, this new paradigm exposes the full capabilities of NICs to accelerate message processing and offload computation from the main processors while still providing a simple and expressive interface to application programmers.  The goal is to create a system that is easy to use for developers and operators while simultaneously ensuring security, performance, and scalability.&lt;br/&gt;&lt;br/&gt;This award reflects NSF's statutory mission and has been deemed worthy of support through evaluation using the Foundation's intellectual merit and broader impacts review criteria.</AbstractNarration>
<MinAmdLetterDate>12/06/2021</MinAmdLetterDate>
<MaxAmdLetterDate>12/06/2021</MaxAmdLetterDate>
<ARRAAmount/>
<TRAN_TYPE>Grant</TRAN_TYPE>
<CFDA_NUM>47.070</CFDA_NUM>
<NSF_PAR_USE_FLAG>1</NSF_PAR_USE_FLAG>
<FUND_AGCY_CODE>4900</FUND_AGCY_CODE>
<AWDG_AGCY_CODE>4900</AWDG_AGCY_CODE>
<AwardID>2202026</AwardID>
<Investigator>
<FirstName>Brent</FirstName>
<LastName>Stephens</LastName>
<PI_MID_INIT/>
<PI_SUFX_NAME/>
<PI_FULL_NAME>Brent Stephens</PI_FULL_NAME>
<EmailAddress>brent@cs.utah.edu</EmailAddress>
<PI_PHON>8015818224</PI_PHON>
<NSF_ID>000781448</NSF_ID>
<StartDate>12/06/2021</StartDate>
<EndDate/>
<RoleCode>Principal Investigator</RoleCode>
</Investigator>
<Institution>
<Name>University of Utah</Name>
<CityName>SALT LAKE CITY</CityName>
<ZipCode>841129049</ZipCode>
<PhoneNumber>8015816903</PhoneNumber>
<StreetAddress>201 PRESIDENTS CIR</StreetAddress>
<StreetAddress2/>
<CountryName>United States</CountryName>
<StateName>Utah</StateName>
<StateCode>UT</StateCode>
<CONGRESSDISTRICT>02</CONGRESSDISTRICT>
<CONGRESS_DISTRICT_ORG>UT02</CONGRESS_DISTRICT_ORG>
<ORG_UEI_NUM>LL8GLEVH6MG3</ORG_UEI_NUM>
<ORG_LGL_BUS_NAME>UNIVERSITY OF UTAH, THE</ORG_LGL_BUS_NAME>
<ORG_PRNT_UEI_NUM>LL8GLEVH6MG3</ORG_PRNT_UEI_NUM>
</Institution>
<Performance_Institution>
<Name><![CDATA[University of Utah]]></Name>
<CityName/>
<StateCode>UT</StateCode>
<ZipCode>841128930</ZipCode>
<StreetAddress/>
<CountryCode>US</CountryCode>
<CountryName>United States</CountryName>
<StateName>Utah</StateName>
<CountryFlag>1</CountryFlag>
<CONGRESSDISTRICT>02</CONGRESSDISTRICT>
<CONGRESS_DISTRICT_PERF>UT02</CONGRESS_DISTRICT_PERF>
</Performance_Institution>
<ProgramElement>
<Code>7363</Code>
<Text>Networking Technology and Syst</Text>
</ProgramElement>
<ProgramReference>
<Code>1045</Code>
<Text>CAREER-Faculty Erly Career Dev</Text>
</ProgramReference>
<FUND_OBLG>2020~117712</FUND_OBLG>
<FUND_OBLG>2021~88631</FUND_OBLG>
</Award>
</rootTag>
