<?xml version="1.0" encoding="UTF-8"?>
<rootTag>
<Award>
<AwardTitle>Preparing the Agricultural Workforce in Southwest Ohio</AwardTitle>
<AGENCY>NSF</AGENCY>
<AwardEffectiveDate>07/01/2022</AwardEffectiveDate>
<AwardExpirationDate>06/30/2025</AwardExpirationDate>
<AwardTotalIntnAmount>318011.00</AwardTotalIntnAmount>
<AwardAmount>318011</AwardAmount>
<AwardInstrument>
<Value>Standard Grant</Value>
</AwardInstrument>
<Organization>
<Code>11040100</Code>
<Directorate>
<Abbreviation>EHR</Abbreviation>
<LongName>Direct For Education and Human Resources</LongName>
</Directorate>
<Division>
<Abbreviation>DUE</Abbreviation>
<LongName>Division Of Undergraduate Education</LongName>
</Division>
</Organization>
<ProgramOfficer>
<SignBlockName>Kalyn Owens</SignBlockName>
<PO_EMAI>kowens@nsf.gov</PO_EMAI>
<PO_PHON>7032924615</PO_PHON>
</ProgramOfficer>
<AbstractNarration>Agriculture is the number one industry in the state of Ohio, contributing $107 billion a year to the state economy. As the population of farmers ages and a larger proportion of farmers switch to farming part-time, agriculture has emerged as the one of the top industries aiming to increase the skilled workforce in the Miami Valley region. Over its 3-year duration, the Preparing the Agricultural Workforce in Southwest Ohio project will expand and enhance Sinclair Community College’s Agricultural Sciences (AGR) degree program to build capacity and provide agricultural training that meets the workforce needs of both urban and rural communities. To accomplish this, Sinclair Community College will offer five additional program tracks within the agricultural sciences program and create learning environments that are conducive to hands-on and experiential learning. Extensive outreach efforts to K-12 students, teachers, formally incarcerated individuals and incumbent workers will expand pathways aimed at training the next generation of the agricultural workforce in the region. In alignment with the mission of the Advanced Technological Education (ATE) program, these new resources will supplement existing high-quality training offered at Sinclair to enrich student interest and skills in agriculture technology and enhance career pathways for incumbent workers. This work seeks to diversify the agricultural workforce and address larger societal challenges such as urban food deserts and helping formerly incarcerated individuals obtain stable and well-paying employment.&lt;br/&gt;&lt;br/&gt;The overall project goal will be to increase capacity of educational providers to meet agricultural workforce demands in Southwest Ohio. Five new short-term agriculture certificate tracks embedded within the associate degree program will be developed and implemented to support this goal. The five new certificate tracks (Greenhouse Management, Urban Agriculture, Agronomy, Large Animal Care &amp; Husbandry, and Food Science) create a stackable credential model that will provide incremental preparation steps for students and adults with entry-level backgrounds in these areas. This model will also provide connections to entry-level jobs, pathways to further education, short-term solutions for those needing to earn a credential to enter the job market quickly, and ultimately lead to economic stability and mobility. To grow and diversify the future agricultural workforce in the region, the project team will create pathways and conduct outreach activities that target K-12 students and teachers, formerly incarcerated individuals, and incumbent workers. It is expected that project outcomes will lead to increased access to high quality educational programming and hands-on training to prepare students for in-demand occupations across the state. Ultimately, this project will improve student learning and increase Sinclair’s capacity to meet regional workforce needs. The community of educators in agriculture education, along with the broader technician education community, will receive implementation information on the curriculum created. The broad reach of the dissemination plan will allow for replication and adaptation at other colleges and K-12 dual-enrollment institutions across the country seeking to enhance agricultural science pathways. This project is funded by the Advanced Technological Education program that focuses on the education of technicians for the advanced-technology fields that drive the Nation's economy.&lt;br/&gt;&lt;br/&gt;This award reflects NSF's statutory mission and has been deemed worthy of support through evaluation using the Foundation's intellectual merit and broader impacts review criteria.</AbstractNarration>
<MinAmdLetterDate>03/18/2022</MinAmdLetterDate>
<MaxAmdLetterDate>03/18/2022</MaxAmdLetterDate>
<ARRAAmount/>
<TRAN_TYPE>Grant</TRAN_TYPE>
<CFDA_NUM>47.076</CFDA_NUM>
<NSF_PAR_USE_FLAG>1</NSF_PAR_USE_FLAG>
<FUND_AGCY_CODE>4900</FUND_AGCY_CODE>
<AWDG_AGCY_CODE>4900</AWDG_AGCY_CODE>
<AwardID>2202183</AwardID>
<Investigator>
<FirstName>James</FirstName>
<LastName>Beaty</LastName>
<PI_MID_INIT>B</PI_MID_INIT>
<PI_SUFX_NAME/>
<PI_FULL_NAME>James B Beaty</PI_FULL_NAME>
<EmailAddress>james.beaty@sinclair.edu</EmailAddress>
<PI_PHON>9375122782</PI_PHON>
<NSF_ID>000864716</NSF_ID>
<StartDate>03/18/2022</StartDate>
<EndDate/>
<RoleCode>Co-Principal Investigator</RoleCode>
</Investigator>
<Investigator>
<FirstName>Dawn</FirstName>
<LastName>Allen</LastName>
<PI_MID_INIT>K</PI_MID_INIT>
<PI_SUFX_NAME/>
<PI_FULL_NAME>Dawn K Allen</PI_FULL_NAME>
<EmailAddress>dawn.allen2588@sinclair.edu</EmailAddress>
<PI_PHON>9375125192</PI_PHON>
<NSF_ID>000865184</NSF_ID>
<StartDate>03/18/2022</StartDate>
<EndDate/>
<RoleCode>Principal Investigator</RoleCode>
</Investigator>
<Institution>
<Name>Sinclair Community College</Name>
<CityName>DAYTON</CityName>
<ZipCode>454021421</ZipCode>
<PhoneNumber>9375124573</PhoneNumber>
<StreetAddress>444 W 3RD ST</StreetAddress>
<StreetAddress2/>
<CountryName>United States</CountryName>
<StateName>Ohio</StateName>
<StateCode>OH</StateCode>
<CONGRESSDISTRICT>10</CONGRESSDISTRICT>
<CONGRESS_DISTRICT_ORG>OH10</CONGRESS_DISTRICT_ORG>
<ORG_UEI_NUM>JKB8Q2AGCDD4</ORG_UEI_NUM>
<ORG_LGL_BUS_NAME>SINCLAIR COMMUNITY COLLEGE</ORG_LGL_BUS_NAME>
<ORG_PRNT_UEI_NUM>JKB8Q2AGCDD4</ORG_PRNT_UEI_NUM>
</Institution>
<Performance_Institution>
<Name><![CDATA[Sinclair Community College]]></Name>
<CityName>Dayton</CityName>
<StateCode>OH</StateCode>
<ZipCode>454021460</ZipCode>
<StreetAddress><![CDATA[444 W. Third St.]]></StreetAddress>
<CountryCode>US</CountryCode>
<CountryName>United States</CountryName>
<StateName>Ohio</StateName>
<CountryFlag>1</CountryFlag>
<CONGRESSDISTRICT>10</CONGRESSDISTRICT>
<CONGRESS_DISTRICT_PERF>OH10</CONGRESS_DISTRICT_PERF>
</Performance_Institution>
<ProgramElement>
<Code>7412</Code>
<Text>Advanced Tech Education Prog</Text>
</ProgramElement>
<ProgramReference>
<Code>1032</Code>
<Text>ADVANCED TECHNOLOGY EDUCATION</Text>
</ProgramReference>
<ProgramReference>
<Code>9178</Code>
<Text>UNDERGRADUATE EDUCATION</Text>
</ProgramReference>
<ProgramReference>
<Code>SMET</Code>
<Text>SCIENCE, MATH, ENG &amp; TECH EDUCATION</Text>
</ProgramReference>
<FUND_OBLG>2022~318011</FUND_OBLG>
</Award>
</rootTag>
