<?xml version="1.0" encoding="UTF-8"?>
<rootTag>
<Award>
<AwardTitle><![CDATA[I-Corps:  Biosymbiotic wearable biosensing devices]]></AwardTitle>
<AGENCY>NSF</AGENCY>
<AwardEffectiveDate>03/15/2022</AwardEffectiveDate>
<AwardExpirationDate>08/31/2023</AwardExpirationDate>
<AwardTotalIntnAmount>50000.00</AwardTotalIntnAmount>
<AwardAmount>50000</AwardAmount>
<AwardInstrument>
<Value>Standard Grant</Value>
</AwardInstrument>
<Organization>
<Code>15030000</Code>
<Directorate>
<Abbreviation>TIP</Abbreviation>
<LongName>Dir for Tech, Innovation, &amp; Partnerships</LongName>
</Directorate>
<Division>
<Abbreviation>TI</Abbreviation>
<LongName>Translational Impacts</LongName>
</Division>
</Organization>
<ProgramOfficer>
<SignBlockName>Ruth Shuman</SignBlockName>
<PO_EMAI>rshuman@nsf.gov</PO_EMAI>
<PO_PHON>7032922160</PO_PHON>
</ProgramOfficer>
<AbstractNarration><![CDATA[The broader impact/commercial potential of this I-Corps project is the development of a new class of wearable devices for investigation into long-term physiological processes. For many athletes, recovery, and training management are continuous processes that takes place daily and encompasses multiple processes such as training, sleep, and nutrition. Lack of proper load management and recovery may cause increased levels of stress hormones in the body and affect the athlete’s ability to perform at a high level. To provide holistic insight into recovery and health, continuous aggregation of multimodal information paired with a powerful analytics backend is an essential aspect of wearable devices. Many competitors in the market focus on limited sensing modalities and application locations. Additionally, these devices do not provide users with continuous measurement capabilities and need to be recharged periodically, leaving gaps in data, and reducing the accuracy of insights provided by data analytics. The proposed system addresses these problems by bridging the gaps between high-fidelity and long-term sensing capabilities. The proposed device enables sensing modalities such as sub-millikelvin resolution temperature, muscular strain, bioimpedance, PPG, ECG, movement, and sweat rate in to provide holistic insight into health parameters relevant to sports performance and recovery.&lt;br/&gt;&lt;br/&gt;This I-Corps project is based on the development of a new class of wearable devices called biosymbiotic devices that do not require recharging utilizing power casting technology and pre-existing commercial scalable fabrication techniques. The devices feature the first demonstration of a wireless and battery-free wearable device that may operate at long distances, is completely customized to the user, and is able to collect clinical-grade fidelity biosignals indefinitely. The devices utilize advances in electronics, materials, electromagnetics, and electromechanics to create an ultra-lightweight, conformal system that features multimodal sensors and wearability that is virtually imperceptible to the user, enabling long-term and continuous collection capabilities. Through this project, the goal is to establish product adoption criteria and validate commercialization plans through customer discovery. Specifically, the team will investigate a device configuration geared towards the target market of prosumer and professional sports athletes that want to optimize training and recovery through unique insight into their physiology. Additionally, the plan is to integrate sensing capabilities into the system while developing user-friendly performance analytics algorithms and interfaces to deliver these analytics.&lt;br/&gt;&lt;br/&gt;This award reflects NSF's statutory mission and has been deemed worthy of support through evaluation using the Foundation's intellectual merit and broader impacts review criteria.]]></AbstractNarration>
<MinAmdLetterDate>03/10/2022</MinAmdLetterDate>
<MaxAmdLetterDate>03/10/2022</MaxAmdLetterDate>
<ARRAAmount/>
<TRAN_TYPE>Grant</TRAN_TYPE>
<CFDA_NUM>47.041</CFDA_NUM>
<NSF_PAR_USE_FLAG>1</NSF_PAR_USE_FLAG>
<FUND_AGCY_CODE>4900</FUND_AGCY_CODE>
<AWDG_AGCY_CODE>4900</AWDG_AGCY_CODE>
<AwardID>2202259</AwardID>
<Investigator>
<FirstName>Philipp</FirstName>
<LastName>Gutruf</LastName>
<PI_MID_INIT/>
<PI_SUFX_NAME/>
<PI_FULL_NAME>Philipp Gutruf</PI_FULL_NAME>
<EmailAddress><![CDATA[pgutruf@email.arizona.edu]]></EmailAddress>
<NSF_ID>000795642</NSF_ID>
<StartDate>03/10/2022</StartDate>
<EndDate/>
<RoleCode>Principal Investigator</RoleCode>
</Investigator>
<Institution>
<Name>University of Arizona</Name>
<CityName>TUCSON</CityName>
<ZipCode>857194824</ZipCode>
<PhoneNumber>5206266000</PhoneNumber>
<StreetAddress>888 N EUCLID AVE RM 510</StreetAddress>
<StreetAddress2/>
<CountryName>United States</CountryName>
<StateName>Arizona</StateName>
<StateCode>AZ</StateCode>
<CONGRESSDISTRICT>03</CONGRESSDISTRICT>
<CONGRESS_DISTRICT_ORG>AZ03</CONGRESS_DISTRICT_ORG>
<ORG_UEI_NUM>ED44Y3W6P7B9</ORG_UEI_NUM>
<ORG_LGL_BUS_NAME>UNIVERSITY OF ARIZONA</ORG_LGL_BUS_NAME>
<ORG_PRNT_UEI_NUM>RC5JBKFSQPM6</ORG_PRNT_UEI_NUM>
</Institution>
<Performance_Institution>
<Name><![CDATA[University of Arizona]]></Name>
<CityName>Tucson</CityName>
<StateCode>AZ</StateCode>
<ZipCode>857210020</ZipCode>
<StreetAddress><![CDATA[1127 E. James E. Rogers Way]]></StreetAddress>
<CountryCode>US</CountryCode>
<CountryName>United States</CountryName>
<StateName>Arizona</StateName>
<CountryFlag>1</CountryFlag>
<CONGRESSDISTRICT>03</CONGRESSDISTRICT>
<CONGRESS_DISTRICT_PERF>AZ03</CONGRESS_DISTRICT_PERF>
</Performance_Institution>
<ProgramElement>
<Code>8023</Code>
<Text>I-Corps</Text>
</ProgramElement>
<ProgramReference>
<Code>8018</Code>
<Text>Smart and Connected Health</Text>
</ProgramReference>
<FUND_OBLG>2022~50000</FUND_OBLG>
</Award>
</rootTag>
