<?xml version="1.0" encoding="UTF-8"?>
<rootTag>
<Award>
<AwardTitle>Collaborative Research: Revolutionizing Electric Vehicle Education</AwardTitle>
<AGENCY>NSF</AGENCY>
<AwardEffectiveDate>05/15/2022</AwardEffectiveDate>
<AwardExpirationDate>04/30/2025</AwardExpirationDate>
<AwardTotalIntnAmount>389297.00</AwardTotalIntnAmount>
<AwardAmount>389297</AwardAmount>
<AwardInstrument>
<Value>Standard Grant</Value>
</AwardInstrument>
<Organization>
<Code>11040100</Code>
<Directorate>
<Abbreviation>EHR</Abbreviation>
<LongName>Direct For Education and Human Resources</LongName>
</Directorate>
<Division>
<Abbreviation>DUE</Abbreviation>
<LongName>Division Of Undergraduate Education</LongName>
</Division>
</Organization>
<ProgramOfficer>
<SignBlockName>Virginia Carter</SignBlockName>
<PO_EMAI>vccarter@nsf.gov</PO_EMAI>
<PO_PHON>7032924651</PO_PHON>
</ProgramOfficer>
<AbstractNarration>The United States is facing an unprecedented need for a new generation of technological talent to respond to international competition for an automotive workforce with diverse, up-to-date skill sets driven by electric vehicles (EV), autonomous vehicles (AV), and the cybersecurity associated with software-driven vehicles. The internal combustion engine is being phased out and replaced by electricity, setting the stage for an increased demand for autonomous and EV technologies. This changing technological climate and the resultant concurrent global competition necessitate transformation at every level of automotive development – from EV designers to EV technicians. The demand for skilled EV manufacturing and service industry technicians is substantial and is predicted to increase at a rate where demand outpaces quantity. Workers aging out of the workforce, the lack of advanced STEM skills for those currently in the workforce, and increased economic expansion are contributing factors to this deficit. Collaboration among educators and employers must occur to advance the understanding of workforce challenges and opportunities. To meet the need, a faculty-driven consortium of two-year Institutions of Higher Education (IHEs), other ATE projects and centers, and industry will collaborate to address the next generation cross-disciplinary workforce needs of the Electric Vehicle (EV) manufacturing and service industry through an innovative hybrid virtual and augmented reality (VR/AR) education approach. &lt;br/&gt;&lt;br/&gt;The consortium project partners include: Volvo, Daimler, BMW, Proterra, Bosch, Duke Energy, Michelin, the Upstate SC Alliance, the South Carolina Manufacturing Extension Partnership, the South Carolina Technical College System, the National Center for Autonomous Technologies, the National Cybersecurity Training and Education Center, the Regional Center for Nuclear Education, and the Northwest Engineering and Vehicle Technology Exchange. The project goals will address current and future EV manufacturing and service industry needs for both two-year college students and incumbent workers. Goal 1: Identify current and future education and workforce needs required by the migration of the transportation industry from traditional fuels to battery-powered electric vehicles. Goal 2: Create, deploy, and assess an innovative, creative, and informed cross- disciplinary EV manufacturing and service industry technician education hybrid curricula incorporating classroom, virtual, and experiential learning. Strategies will be implemented to support participation and persistence in EV manufacturing and service technician education for students including those who are rural, veterans, and those historically underserved in STEM career pathways. Goal 3: Develop and/or strengthen partnerships with consortium members, ATE projects and centers, and industry to leverage and share expertise and best practices for maximum impact and sustainability within and across fields and institutions. Goal 4: Provide professional development addressing the new EV curricula to ensure widespread use, dissemination, and faculty leadership development. This project is funded by the Advanced Technological Education program that focuses on the education of technicians for the advanced-technology fields that drive the Nation's economy.&lt;br/&gt;&lt;br/&gt;This award reflects NSF's statutory mission and has been deemed worthy of support through evaluation using the Foundation's intellectual merit and broader impacts review criteria.</AbstractNarration>
<MinAmdLetterDate>04/26/2022</MinAmdLetterDate>
<MaxAmdLetterDate>04/26/2022</MaxAmdLetterDate>
<ARRAAmount/>
<TRAN_TYPE>Grant</TRAN_TYPE>
<CFDA_NUM>47.076</CFDA_NUM>
<NSF_PAR_USE_FLAG>1</NSF_PAR_USE_FLAG>
<FUND_AGCY_CODE>4900</FUND_AGCY_CODE>
<AWDG_AGCY_CODE>4900</AWDG_AGCY_CODE>
<AwardID>2202098</AwardID>
<Investigator>
<FirstName>Joseph</FirstName>
<LastName>Santaniello</LastName>
<PI_MID_INIT>A</PI_MID_INIT>
<PI_SUFX_NAME/>
<PI_FULL_NAME>Joseph A Santaniello</PI_FULL_NAME>
<EmailAddress>santanielloj@sccsc.edu</EmailAddress>
<PI_PHON>8645924656</PI_PHON>
<NSF_ID>000776120</NSF_ID>
<StartDate>04/26/2022</StartDate>
<EndDate/>
<RoleCode>Principal Investigator</RoleCode>
</Investigator>
<Institution>
<Name>Spartanburg Community College</Name>
<CityName>SPARTANBURG</CityName>
<ZipCode>293034759</ZipCode>
<PhoneNumber>8645924471</PhoneNumber>
<StreetAddress>107 COMMUNITY COLLEGE DR</StreetAddress>
<StreetAddress2/>
<CountryName>United States</CountryName>
<StateName>South Carolina</StateName>
<StateCode>SC</StateCode>
<CONGRESSDISTRICT>04</CONGRESSDISTRICT>
<CONGRESS_DISTRICT_ORG>SC04</CONGRESS_DISTRICT_ORG>
<ORG_UEI_NUM>Z1JEZBEACEK9</ORG_UEI_NUM>
<ORG_LGL_BUS_NAME>SPARTANBURG COMMUNITY COLLEGE</ORG_LGL_BUS_NAME>
<ORG_PRNT_UEI_NUM>Z1JEZBEACEK9</ORG_PRNT_UEI_NUM>
</Institution>
<Performance_Institution>
<Name><![CDATA[Spartanburg Community College Foundation]]></Name>
<CityName>Spartanburg</CityName>
<StateCode>SC</StateCode>
<ZipCode>293034759</ZipCode>
<StreetAddress><![CDATA[107 Community College Dr.]]></StreetAddress>
<CountryCode>US</CountryCode>
<CountryName>United States</CountryName>
<StateName>South Carolina</StateName>
<CountryFlag>1</CountryFlag>
<CONGRESSDISTRICT>04</CONGRESSDISTRICT>
<CONGRESS_DISTRICT_PERF>SC04</CONGRESS_DISTRICT_PERF>
</Performance_Institution>
<ProgramElement>
<Code>7412</Code>
<Text>Advanced Tech Education Prog</Text>
</ProgramElement>
<ProgramReference>
<Code>1032</Code>
<Text>ADVANCED TECHNOLOGY EDUCATION</Text>
</ProgramReference>
<ProgramReference>
<Code>9150</Code>
<Text>EXP PROG TO STIM COMP RES</Text>
</ProgramReference>
<ProgramReference>
<Code>9178</Code>
<Text>UNDERGRADUATE EDUCATION</Text>
</ProgramReference>
<ProgramReference>
<Code>SMET</Code>
<Text>SCIENCE, MATH, ENG &amp; TECH EDUCATION</Text>
</ProgramReference>
<FUND_OBLG>2022~389297</FUND_OBLG>
</Award>
</rootTag>
