<?xml version="1.0" encoding="UTF-8"?>
<rootTag>
<Award>
<AwardTitle>Conference: Energy Access Educators Workshop</AwardTitle>
<AGENCY>NSF</AGENCY>
<AwardEffectiveDate>02/15/2022</AwardEffectiveDate>
<AwardExpirationDate>10/31/2022</AwardExpirationDate>
<AwardTotalIntnAmount>36291.00</AwardTotalIntnAmount>
<AwardAmount>36291</AwardAmount>
<AwardInstrument>
<Value>Standard Grant</Value>
</AwardInstrument>
<Organization>
<Code>07050000</Code>
<Directorate>
<Abbreviation>ENG</Abbreviation>
<LongName>Directorate For Engineering</LongName>
</Directorate>
<Division>
<Abbreviation>EEC</Abbreviation>
<LongName>Div Of Engineering Education and Centers</LongName>
</Division>
</Organization>
<ProgramOfficer>
<SignBlockName>Jumoke Ladeji-Osias</SignBlockName>
<PO_EMAI>jladejio@nsf.gov</PO_EMAI>
<PO_PHON>7032927708</PO_PHON>
</ProgramOfficer>
<AbstractNarration>Attracting and retaining undergraduate engineering students is a difficult problem, and one of national interest. One effective way to increase engineering student recruitment and retention, particularly among underrepresented groups, is by incorporating humanitarian engineering themes and projects into curricular, co-curricular, and extra-curricular activities. Students are more likely to show interest in and persist in engineering if they are exposed to the application of engineering to improve the lives and livelihoods of people in marginalized, under-resourced, or at-risk communities. However, student participation in humanitarian engineering activities varies unevenly by discipline. While civil and mechanical engineering students may easily see their disciplines reflected in the more common humanitarian engineering activities such as clean water and shelter projects, electrical engineering students are less likely to see the connection of their discipline and serving humanity. An underutilized entry point for electrical engineering students to engage with humanitarian engineering is in the field of electricity access. Electricity access is concerned with providing electricity to the 800 million people presently without it. Unfortunately, the number of faculty active in this area is relatively small, and there is no venue, professional association or infrastructure dedicated to serving these educators. This limits the quality and quantity of humanitarian engineering experiences available to electrical engineering students, and stifles community building, academic exchange and opportunities for collaboration among the faculty. This project will create a first-of-its-kind workshop dedicated solely to enhancing and expanding undergraduate engineering education in electricity access.&lt;br/&gt;&lt;br/&gt;The project will convene approximately 25 energy access educators and stakeholders from industry, government, and non-profit organizations for a two-day workshop. The workshop agenda includes targeted discussion, panel and networking sessions. In these sessions, participants will share best practices, lessons learned, and innovative ideas for curricular, co-curricular, and extra-curricular activities as well as identify gaps and challenges such as identifying educational materials, establishing local partnerships, and acquiring funding. Pre- and post-workshop surveys will be given to create a preliminary snapshot of the state of electricity access education, shape the workshop agenda, and assess the success of the workshop in meeting its aims. The key findings of the workshop will be synthesized and disseminated through publications and presentations. The workshop will lead to the development a roadmap of future activities and infrastructure, such as additional workshops, email lists, sharing of course materials and resources, and collaborative pedagogical or applied research. The workshop participants will be recruited from a variety of higher education institutions, with particular emphasis on Primarily Undergraduate Institutions, Tribal Colleges and Universities, and Historically Black Colleges and Universities.&lt;br/&gt;&lt;br/&gt;This award reflects NSF's statutory mission and has been deemed worthy of support through evaluation using the Foundation's intellectual merit and broader impacts review criteria.</AbstractNarration>
<MinAmdLetterDate>02/07/2022</MinAmdLetterDate>
<MaxAmdLetterDate>02/07/2022</MaxAmdLetterDate>
<ARRAAmount/>
<TRAN_TYPE>Grant</TRAN_TYPE>
<CFDA_NUM>47.041</CFDA_NUM>
<NSF_PAR_USE_FLAG>1</NSF_PAR_USE_FLAG>
<FUND_AGCY_CODE>4900</FUND_AGCY_CODE>
<AWDG_AGCY_CODE>4900</AWDG_AGCY_CODE>
<AwardID>2202428</AwardID>
<Investigator>
<FirstName>Henry</FirstName>
<LastName>Louie</LastName>
<PI_MID_INIT/>
<PI_SUFX_NAME/>
<PI_FULL_NAME>Henry Louie</PI_FULL_NAME>
<EmailAddress>louieh@seattleu.edu</EmailAddress>
<PI_PHON/>
<NSF_ID>000675857</NSF_ID>
<StartDate>02/07/2022</StartDate>
<EndDate/>
<RoleCode>Principal Investigator</RoleCode>
</Investigator>
<Institution>
<Name>Seattle University</Name>
<CityName>SEATTLE</CityName>
<ZipCode>981224411</ZipCode>
<PhoneNumber>2062966161</PhoneNumber>
<StreetAddress>901 12TH AVE</StreetAddress>
<StreetAddress2/>
<CountryName>United States</CountryName>
<StateName>Washington</StateName>
<StateCode>WA</StateCode>
<CONGRESSDISTRICT>09</CONGRESSDISTRICT>
<CONGRESS_DISTRICT_ORG>WA09</CONGRESS_DISTRICT_ORG>
<ORG_UEI_NUM>LCYLGVGSEQE3</ORG_UEI_NUM>
<ORG_LGL_BUS_NAME>SEATTLE UNIVERSITY</ORG_LGL_BUS_NAME>
<ORG_PRNT_UEI_NUM>LCYLGVGSEQE3</ORG_PRNT_UEI_NUM>
</Institution>
<Performance_Institution>
<Name><![CDATA[Seattle University]]></Name>
<CityName>Seattle</CityName>
<StateCode>WA</StateCode>
<ZipCode>981224411</ZipCode>
<StreetAddress><![CDATA[901 12th Ave, Bannan 219]]></StreetAddress>
<CountryCode>US</CountryCode>
<CountryName>United States</CountryName>
<StateName>Washington</StateName>
<CountryFlag>1</CountryFlag>
<CONGRESSDISTRICT>09</CONGRESSDISTRICT>
<CONGRESS_DISTRICT_PERF>WA09</CONGRESS_DISTRICT_PERF>
</Performance_Institution>
<ProgramElement>
<Code>1340</Code>
<Text>EngEd-Engineering Education</Text>
</ProgramElement>
<ProgramReference>
<Code>110E</Code>
<Text>EDUCATION RESEARCH</Text>
</ProgramReference>
<ProgramReference>
<Code>1340</Code>
<Text>ENGINEERING EDUCATION</Text>
</ProgramReference>
<ProgramReference>
<Code>7556</Code>
<Text>CONFERENCE AND WORKSHOPS</Text>
</ProgramReference>
<FUND_OBLG>2022~36291</FUND_OBLG>
</Award>
</rootTag>
