<?xml version="1.0" encoding="UTF-8"?>
<rootTag>
<Award>
<AwardTitle>Preparing students for cybersecurity professions using real-world experiences</AwardTitle>
<AGENCY>NSF</AGENCY>
<AwardEffectiveDate>04/01/2022</AwardEffectiveDate>
<AwardExpirationDate>03/31/2025</AwardExpirationDate>
<AwardTotalIntnAmount>350000.00</AwardTotalIntnAmount>
<AwardAmount>350000</AwardAmount>
<AwardInstrument>
<Value>Standard Grant</Value>
</AwardInstrument>
<Organization>
<Code>11040100</Code>
<Directorate>
<Abbreviation>EHR</Abbreviation>
<LongName>Direct For Education and Human Resources</LongName>
</Directorate>
<Division>
<Abbreviation>DUE</Abbreviation>
<LongName>Division Of Undergraduate Education</LongName>
</Division>
</Organization>
<ProgramOfficer>
<SignBlockName>Paul Tymann</SignBlockName>
<PO_EMAI>ptymann@nsf.gov</PO_EMAI>
<PO_PHON>7032922832</PO_PHON>
</ProgramOfficer>
<AbstractNarration>Cybersecurity is critical to the protection of computer systems and networks. Many businesses and organizations need to hire cybersecurity professionals to protect their cyberinfrastructure from persistent and increasingly sophisticated cyberattacks. Although the global cybersecurity skills shortage has fallen, the size of the workforce is still 65% below what it needs to be. This project will study how to create seamless continuity from the classroom to the cybersecurity workforce by integrating cybersecurity competitions and job-readiness modules into existing coursework and providing opportunities for students to apply cybersecurity skills learned in their courses in real-world settings. The project leverages a partnership with the Information Technology Disaster Resource Center (ITDRC), a national non-profit entity with a presence in Orange County, to provide students with the opportunity to join the ITDRC and be involved with specific disaster pre-planning activities and potential disaster recovery efforts. &lt;br/&gt;&lt;br/&gt;The project will create an incident response cybersecurity program aligned with critical business and federal requirements by integrating FEMA courses related to disaster response and incident command structure into existing coursework. Mapping the curriculum to federal standards will help position Santa Ana College to become a Center of Academic Excellence in Cyber Defense (CAE-CD). Students will take part in in rigorous job-readiness and work-based learning that will result in employment through partnerships with committed industry and community partners. Project evaluation will consist of an analysis of quantitative and qualitative data to provide a structured review of program implementation to ensure that the project is progressing as planned and to analyze the level of attainment of project objectives, targets, and goals. This project has the potential to increase program enrollment, retention, and completion of an Associate of Science Degree in IT Cybersecurity Operations, especially among students from populations underrepresented in the cybersecurity workforce. &lt;br/&gt;&lt;br/&gt;This project is funded by the Advanced Technological Education program that focuses on the education of technicians for the advanced-technology fields that drive the Nation's economy.&lt;br/&gt;&lt;br/&gt;This award reflects NSF's statutory mission and has been deemed worthy of support through evaluation using the Foundation's intellectual merit and broader impacts review criteria.</AbstractNarration>
<MinAmdLetterDate>03/29/2022</MinAmdLetterDate>
<MaxAmdLetterDate>03/29/2022</MaxAmdLetterDate>
<ARRAAmount/>
<TRAN_TYPE>Grant</TRAN_TYPE>
<CFDA_NUM>47.076</CFDA_NUM>
<NSF_PAR_USE_FLAG>1</NSF_PAR_USE_FLAG>
<FUND_AGCY_CODE>4900</FUND_AGCY_CODE>
<AWDG_AGCY_CODE>4900</AWDG_AGCY_CODE>
<AwardID>2202231</AwardID>
<Investigator>
<FirstName>Hugh</FirstName>
<LastName>Nguyen</LastName>
<PI_MID_INIT/>
<PI_SUFX_NAME/>
<PI_FULL_NAME>Hugh Nguyen</PI_FULL_NAME>
<EmailAddress>nguyen_hugh@sac.edu</EmailAddress>
<PI_PHON>7145646777</PI_PHON>
<NSF_ID>000862944</NSF_ID>
<StartDate>03/29/2022</StartDate>
<EndDate/>
<RoleCode>Principal Investigator</RoleCode>
</Investigator>
<Investigator>
<FirstName>Steven</FirstName>
<LastName>Linthicum</LastName>
<PI_MID_INIT>W</PI_MID_INIT>
<PI_SUFX_NAME/>
<PI_FULL_NAME>Steven W Linthicum</PI_FULL_NAME>
<EmailAddress>linthicum_steve@sac.edu</EmailAddress>
<PI_PHON>9163007602</PI_PHON>
<NSF_ID>000863940</NSF_ID>
<StartDate>03/29/2022</StartDate>
<EndDate/>
<RoleCode>Co-Principal Investigator</RoleCode>
</Investigator>
<Investigator>
<FirstName>Jason</FirstName>
<LastName>Sim</LastName>
<PI_MID_INIT>S</PI_MID_INIT>
<PI_SUFX_NAME/>
<PI_FULL_NAME>Jason S Sim</PI_FULL_NAME>
<EmailAddress>sim_jason@sac.edu</EmailAddress>
<PI_PHON>2013285561</PI_PHON>
<NSF_ID>000863939</NSF_ID>
<StartDate>03/29/2022</StartDate>
<EndDate/>
<RoleCode>Co-Principal Investigator</RoleCode>
</Investigator>
<Institution>
<Name>Rancho Santiago Community College District</Name>
<CityName>SANTA ANA</CityName>
<ZipCode>927061606</ZipCode>
<PhoneNumber>7144807450</PhoneNumber>
<StreetAddress>2323 N BROADWAY FL 4</StreetAddress>
<StreetAddress2/>
<CountryName>United States</CountryName>
<StateName>California</StateName>
<StateCode>CA</StateCode>
<CONGRESSDISTRICT>46</CONGRESSDISTRICT>
<CONGRESS_DISTRICT_ORG>CA46</CONGRESS_DISTRICT_ORG>
<ORG_UEI_NUM>TQPJL16WX253</ORG_UEI_NUM>
<ORG_LGL_BUS_NAME>RANCHO SANTIAGO COMMUNITY COLLEGE DISTRICT</ORG_LGL_BUS_NAME>
<ORG_PRNT_UEI_NUM>TQPJL16WX253</ORG_PRNT_UEI_NUM>
</Institution>
<Performance_Institution>
<Name><![CDATA[Santa Ana College]]></Name>
<CityName>Santa Ana</CityName>
<StateCode>CA</StateCode>
<ZipCode>927063398</ZipCode>
<StreetAddress><![CDATA[1530 West 17th Street]]></StreetAddress>
<CountryCode>US</CountryCode>
<CountryName>United States</CountryName>
<StateName>California</StateName>
<CountryFlag>1</CountryFlag>
<CONGRESSDISTRICT>46</CONGRESSDISTRICT>
<CONGRESS_DISTRICT_PERF>CA46</CONGRESS_DISTRICT_PERF>
</Performance_Institution>
<ProgramElement>
<Code>7412</Code>
<Text>Advanced Tech Education Prog</Text>
</ProgramElement>
<ProgramReference>
<Code>1032</Code>
<Text>ADVANCED TECHNOLOGY EDUCATION</Text>
</ProgramReference>
<ProgramReference>
<Code>9178</Code>
<Text>UNDERGRADUATE EDUCATION</Text>
</ProgramReference>
<ProgramReference>
<Code>SMET</Code>
<Text>SCIENCE, MATH, ENG &amp; TECH EDUCATION</Text>
</ProgramReference>
<FUND_OBLG>2022~350000</FUND_OBLG>
</Award>
</rootTag>
