<?xml version="1.0" encoding="UTF-8"?>
<rootTag>
<Award>
<AwardTitle><![CDATA[Collaborative Research: Seeing Science: Using Computer Vision to Explore the Scientific Principles Behind Everyday Objects]]></AwardTitle>
<AGENCY>NSF</AGENCY>
<AwardEffectiveDate>07/01/2022</AwardEffectiveDate>
<AwardExpirationDate>06/30/2025</AwardExpirationDate>
<AwardTotalIntnAmount>425000.00</AwardTotalIntnAmount>
<AwardAmount>425000</AwardAmount>
<AwardInstrument>
<Value>Standard Grant</Value>
</AwardInstrument>
<Organization>
<Code>05020000</Code>
<Directorate>
<Abbreviation>CSE</Abbreviation>
<LongName>Direct For Computer &amp; Info Scie &amp; Enginr</LongName>
</Directorate>
<Division>
<Abbreviation>IIS</Abbreviation>
<LongName>Div Of Information &amp; Intelligent Systems</LongName>
</Division>
</Organization>
<ProgramOfficer>
<SignBlockName>Lori Takeuchi</SignBlockName>
<PO_EMAI>ltakeuch@nsf.gov</PO_EMAI>
<PO_PHON>7032922190</PO_PHON>
</ProgramOfficer>
<AbstractNarration><![CDATA[Understanding science is critical for preparing students to make sense of the world around them, make informed decisions, and participate in civic society and in the workforce. However, for many youth, science is a mysterious body of knowledge that feels disconnected from their lives. This project aims to bring science into middle school students’ homes, allowing them to see the science behind everyday objects and transforming lived environments into engaging learning spaces. Students will work on inquiry-based learning units on mobile phones that explore STEM phenomena topics like diffusion, electricity, and simple machines that are present in their kitchens, bedrooms, and local parks. They will be able to take photos and videos of their home and neighborhood, and computer vision algorithms will augment these images with diagrams, models, and simulations that illustrate the principles and mechanisms that explain the STEM phenomena. These overlays will allow students to observe, experiment with, and make predictions for phenomena such as tea diffusing in hot water or heat traveling through walls. The project will capitalize on existing technological devices, such as camera phones, to create “lenses” which enable students to see the science that is all around them.&lt;br/&gt; &lt;br/&gt;By committing to such low-cost solutions, the project aims to make science education accessible to more students, and enable at-home learning while avoiding undue pressures on family resources. Operating in diverse, low-resource environments motivates fundamental advances in computer vision: First, algorithms must automatically build up a 3D and temporal representation of a scene of a given physical phenomenon. Second, the system must expose hooks for educators to decide which graphics should be overlaid at which time and in which place atop this scene. Further, the project will engage in human-centered design to bring cutting-edge technologies to youth in ways that are accessible, easy to use, and achieve educational goals. Investigators will conduct extensive interviews with parents, students, and teachers about the aspects of students’ out-of-school lives that they would be willing to share with researchers, peers, and teachers. These data will enable the team to realize the benefits of equitable science education that builds on students’ lives and cultures. This research will help foster the development of a more agentic, inclusive way of engaging in science inquiry at home, encouraging students to have a personal connection with science from a young age. This is particularly important for students most at risk to perceive science as disconnected from their lives, and whom can benefit most from seeing science at work in their lives and community.&lt;br/&gt;&lt;br/&gt;This award reflects NSF's statutory mission and has been deemed worthy of support through evaluation using the Foundation's intellectual merit and broader impacts review criteria.]]></AbstractNarration>
<MinAmdLetterDate>06/14/2022</MinAmdLetterDate>
<MaxAmdLetterDate>06/14/2022</MaxAmdLetterDate>
<ARRAAmount/>
<TRAN_TYPE>Grant</TRAN_TYPE>
<CFDA_NUM>47.076</CFDA_NUM>
<NSF_PAR_USE_FLAG>1</NSF_PAR_USE_FLAG>
<FUND_AGCY_CODE>4900</FUND_AGCY_CODE>
<AWDG_AGCY_CODE>4900</AWDG_AGCY_CODE>
<AwardID>2202578</AwardID>
<Investigator>
<FirstName>Carl</FirstName>
<LastName>Vondrick</LastName>
<PI_MID_INIT>M</PI_MID_INIT>
<PI_SUFX_NAME/>
<PI_FULL_NAME>Carl M Vondrick</PI_FULL_NAME>
<EmailAddress><![CDATA[cv2428@columbia.edu]]></EmailAddress>
<NSF_ID>000755733</NSF_ID>
<StartDate>06/14/2022</StartDate>
<EndDate/>
<RoleCode>Co-Principal Investigator</RoleCode>
</Investigator>
<Investigator>
<FirstName>Lydia</FirstName>
<LastName>Chilton</LastName>
<PI_MID_INIT>B</PI_MID_INIT>
<PI_SUFX_NAME/>
<PI_FULL_NAME>Lydia B Chilton</PI_FULL_NAME>
<EmailAddress><![CDATA[chilton@cs.columbia.edu]]></EmailAddress>
<NSF_ID>000776634</NSF_ID>
<StartDate>06/14/2022</StartDate>
<EndDate/>
<RoleCode>Principal Investigator</RoleCode>
</Investigator>
<Institution>
<Name>Columbia University</Name>
<CityName>NEW YORK</CityName>
<ZipCode>10027</ZipCode>
<PhoneNumber>2128546851</PhoneNumber>
<StreetAddress>202 LOW LIBRARY 535 W 116 ST MC</StreetAddress>
<StreetAddress2/>
<CountryName>United States</CountryName>
<StateName>New York</StateName>
<StateCode>NY</StateCode>
<CONGRESSDISTRICT>10</CONGRESSDISTRICT>
<CONGRESS_DISTRICT_ORG>NY10</CONGRESS_DISTRICT_ORG>
<ORG_UEI_NUM>F4N1QNPB95M4</ORG_UEI_NUM>
<ORG_LGL_BUS_NAME>TRUSTEES OF COLUMBIA UNIVERSITY IN THE CITY OF NEW YORK, THE</ORG_LGL_BUS_NAME>
<ORG_PRNT_UEI_NUM>F4N1QNPB95M4</ORG_PRNT_UEI_NUM>
</Institution>
<Performance_Institution>
<Name><![CDATA[Columbia University]]></Name>
<CityName>NEW YORK</CityName>
<StateCode>NY</StateCode>
<ZipCode>100276902</ZipCode>
<StreetAddress><![CDATA[2960 Broadway]]></StreetAddress>
<CountryCode>US</CountryCode>
<CountryName>United States</CountryName>
<StateName>New York</StateName>
<CountryFlag>1</CountryFlag>
<CONGRESSDISTRICT>10</CONGRESSDISTRICT>
<CONGRESS_DISTRICT_PERF>NY10</CONGRESS_DISTRICT_PERF>
</Performance_Institution>
<ProgramElement>
<Code>7227</Code>
<Text>ITEST-Inov Tech Exp Stu &amp; Teac</Text>
</ProgramElement>
<ProgramReference>
<Code>093Z</Code>
<Text>AI Education/Workforce Develop</Text>
</ProgramReference>
<ProgramReference>
<Code>8045</Code>
<Text>Cyberlearn &amp; Future Learn Tech</Text>
</ProgramReference>
<FUND_OBLG>2022~425000</FUND_OBLG>
</Award>
</rootTag>
