<?xml version="1.0" encoding="UTF-8"?>
<rootTag>
<Award>
<AwardTitle>CyberTech: Expanding Opportunities in Cybersecurity</AwardTitle>
<AGENCY>NSF</AGENCY>
<AwardEffectiveDate>06/01/2022</AwardEffectiveDate>
<AwardExpirationDate>05/31/2025</AwardExpirationDate>
<AwardTotalIntnAmount>324191.00</AwardTotalIntnAmount>
<AwardAmount>324191</AwardAmount>
<AwardInstrument>
<Value>Standard Grant</Value>
</AwardInstrument>
<Organization>
<Code>11040100</Code>
<Directorate>
<Abbreviation>EHR</Abbreviation>
<LongName>Direct For Education and Human Resources</LongName>
</Directorate>
<Division>
<Abbreviation>DUE</Abbreviation>
<LongName>Division Of Undergraduate Education</LongName>
</Division>
</Organization>
<ProgramOfficer>
<SignBlockName>Paul Tymann</SignBlockName>
<PO_EMAI>ptymann@nsf.gov</PO_EMAI>
<PO_PHON>7032922832</PO_PHON>
</ProgramOfficer>
<AbstractNarration>The US Bureau of Labor Statistics projects an increase of 31% in job openings in cybersecurity between 2019 and 2029. Even though the state of Florida has the fourth highest employment level in cybersecurity in the Nation, educational options for Florida students who wish to prepare for and pursue employment in the cybersecurity field are limited. The goal of this project is to increase access for low-income students, and underrepresented students to cybersecurity technician training while increasing overall graduation rates. This project will make use of a co-teaching model where faculty and cybersecurity graduate students work together to ensure the relevancy of the curriculum in the cybersecurity program. Graduate students will co-teach classes with faculty bringing the latest knowledge of cybersecurity threats and security breaches to the classroom. Partnerships with industry, universities, community colleges, and secondary schools will help ensure project success and alignment with the rapidly changing needs of the industry. This project will support regional workforce needs by providing local employers with a larger and better trained supply of cybersecurity technicians.&lt;br/&gt;&lt;br/&gt;This project will respond to local industry needs while supplying broader insight into effectiveness of the co-teaching model on technician enrollment, retention, and certification acquisition. The program will pair cybersecurity instructors with cybersecurity graduate students through a co-teaching collaboration that will offer students near-peer support, access to current cybersecurity research, and a competency-based framework with recognition for prior learning. Project objectives include: 1) Increasing enrollment in cybersecurity courses; 2) Increasing fall-to-fall retention in cybersecurity courses; and 3) Increasing the number of credentials earned by students participating in the program. The evaluation plan will study the impact of the program on the target audience and the program’s potential for benefiting others. The evaluation design includes clear and specific student performance objectives with measurable qualities; use of multiple measures; use of project documents, records, and results for formative evaluation.&lt;br/&gt;&lt;br/&gt;This project is funded by the Advanced Technological Education program that focuses on the education of technicians for the advanced-technology fields that drive the Nation's economy.&lt;br/&gt;&lt;br/&gt;This award reflects NSF's statutory mission and has been deemed worthy of support through evaluation using the Foundation's intellectual merit and broader impacts review criteria.</AbstractNarration>
<MinAmdLetterDate>03/21/2022</MinAmdLetterDate>
<MaxAmdLetterDate>03/21/2022</MaxAmdLetterDate>
<ARRAAmount/>
<TRAN_TYPE>Grant</TRAN_TYPE>
<CFDA_NUM>47.076</CFDA_NUM>
<NSF_PAR_USE_FLAG>1</NSF_PAR_USE_FLAG>
<FUND_AGCY_CODE>4900</FUND_AGCY_CODE>
<AWDG_AGCY_CODE>4900</AWDG_AGCY_CODE>
<AwardID>2202122</AwardID>
<Investigator>
<FirstName>John</FirstName>
<LastName>Hadley</LastName>
<PI_MID_INIT/>
<PI_SUFX_NAME/>
<PI_FULL_NAME>John Hadley</PI_FULL_NAME>
<EmailAddress>hadleyj@palmbeachstate.edu</EmailAddress>
<PI_PHON>5613709693</PI_PHON>
<NSF_ID>000839290</NSF_ID>
<StartDate>03/21/2022</StartDate>
<EndDate/>
<RoleCode>Co-Principal Investigator</RoleCode>
</Investigator>
<Investigator>
<FirstName>Luis</FirstName>
<LastName>Pentzke</LastName>
<PI_MID_INIT>A</PI_MID_INIT>
<PI_SUFX_NAME/>
<PI_FULL_NAME>Luis A Pentzke</PI_FULL_NAME>
<EmailAddress>lpentzke@broward.edu</EmailAddress>
<PI_PHON>9542012292</PI_PHON>
<NSF_ID>000811943</NSF_ID>
<StartDate>03/21/2022</StartDate>
<EndDate/>
<RoleCode>Principal Investigator</RoleCode>
</Investigator>
<Institution>
<Name>Broward College</Name>
<CityName>FORT LAUDERDALE</CityName>
<ZipCode>333012298</ZipCode>
<PhoneNumber>9542017410</PhoneNumber>
<StreetAddress>111 E LAS OLAS BLVD</StreetAddress>
<StreetAddress2/>
<CountryName>United States</CountryName>
<StateName>Florida</StateName>
<StateCode>FL</StateCode>
<CONGRESSDISTRICT>22</CONGRESSDISTRICT>
<CONGRESS_DISTRICT_ORG>FL22</CONGRESS_DISTRICT_ORG>
<ORG_UEI_NUM>G95LD67WQ8N5</ORG_UEI_NUM>
<ORG_LGL_BUS_NAME>BROWARD COLLEGE</ORG_LGL_BUS_NAME>
<ORG_PRNT_UEI_NUM>NLCZMHXJ39H7</ORG_PRNT_UEI_NUM>
</Institution>
<Performance_Institution>
<Name><![CDATA[Broward College]]></Name>
<CityName>Coconut Creek</CityName>
<StateCode>FL</StateCode>
<ZipCode>330661615</ZipCode>
<StreetAddress><![CDATA[1000 Coconut Creek Boulevard]]></StreetAddress>
<CountryCode>US</CountryCode>
<CountryName>United States</CountryName>
<StateName>Florida</StateName>
<CountryFlag>1</CountryFlag>
<CONGRESSDISTRICT>22</CONGRESSDISTRICT>
<CONGRESS_DISTRICT_PERF>FL22</CONGRESS_DISTRICT_PERF>
</Performance_Institution>
<ProgramElement>
<Code>7412</Code>
<Text>Advanced Tech Education Prog</Text>
</ProgramElement>
<ProgramReference>
<Code>1032</Code>
<Text>ADVANCED TECHNOLOGY EDUCATION</Text>
</ProgramReference>
<ProgramReference>
<Code>9178</Code>
<Text>UNDERGRADUATE EDUCATION</Text>
</ProgramReference>
<ProgramReference>
<Code>SMET</Code>
<Text>SCIENCE, MATH, ENG &amp; TECH EDUCATION</Text>
</ProgramReference>
<FUND_OBLG>2022~324191</FUND_OBLG>
</Award>
</rootTag>
