<?xml version="1.0" encoding="UTF-8"?>
<rootTag>
<Award>
<AwardTitle>PostDoctoral Research Fellowship</AwardTitle>
<AGENCY>NSF</AGENCY>
<AwardEffectiveDate>09/01/2022</AwardEffectiveDate>
<AwardExpirationDate>08/31/2026</AwardExpirationDate>
<AwardTotalIntnAmount>150000.00</AwardTotalIntnAmount>
<AwardAmount>150000</AwardAmount>
<AwardInstrument>
<Value>Fellowship Award</Value>
</AwardInstrument>
<Organization>
<Code>03040000</Code>
<Directorate>
<Abbreviation>MPS</Abbreviation>
<LongName>Direct For Mathematical &amp; Physical Scien</LongName>
</Directorate>
<Division>
<Abbreviation>DMS</Abbreviation>
<LongName>Division Of Mathematical Sciences</LongName>
</Division>
</Organization>
<ProgramOfficer>
<SignBlockName>Stefaan De Winter</SignBlockName>
<PO_EMAI>sgdewint@nsf.gov</PO_EMAI>
<PO_PHON>7032922599</PO_PHON>
</ProgramOfficer>
<AbstractNarration>This award is funded in whole or in part under the American Rescue Plan Act of 2021 (Public Law 117-2). This award is made as part of the FY 2022 Mathematical Sciences Postdoctoral Research Fellowships Program. Each of the fellowships supports a research and training project at a host institution in the mathematical sciences, including applications to other disciplines, under the mentorship of a sponsoring scientist.&lt;br/&gt;&lt;br/&gt;The title of the project for this fellowship to Sam Spiro is "Extremal Problems for Random Objects". The host institution for the fellowship is Rutgers University, and the sponsoring scientist is Bhargav Narayanan.&lt;br/&gt;&lt;br/&gt;This award reflects NSF's statutory mission and has been deemed worthy of support through evaluation using the Foundation's intellectual merit and broader impacts review criteria.</AbstractNarration>
<MinAmdLetterDate>03/17/2022</MinAmdLetterDate>
<MaxAmdLetterDate>03/17/2022</MaxAmdLetterDate>
<ARRAAmount/>
<TRAN_TYPE>Grant</TRAN_TYPE>
<CFDA_NUM>47.049</CFDA_NUM>
<NSF_PAR_USE_FLAG>1</NSF_PAR_USE_FLAG>
<FUND_AGCY_CODE>4900</FUND_AGCY_CODE>
<AWDG_AGCY_CODE>4900</AWDG_AGCY_CODE>
<AwardID>2202730</AwardID>
<Investigator>
<FirstName>Sam</FirstName>
<LastName>Spiro</LastName>
<PI_MID_INIT/>
<PI_SUFX_NAME/>
<PI_FULL_NAME>Sam Spiro</PI_FULL_NAME>
<EmailAddress/>
<PI_PHON>5612127045</PI_PHON>
<NSF_ID>000791000</NSF_ID>
<StartDate>03/17/2022</StartDate>
<EndDate/>
<RoleCode>Principal Investigator</RoleCode>
</Investigator>
<Institution>
<Name>Spiro, Sam</Name>
<CityName>La Jolla</CityName>
<ZipCode>92037</ZipCode>
<PhoneNumber/>
<StreetAddress/>
<StreetAddress2/>
<CountryName>United States</CountryName>
<StateName>California</StateName>
<StateCode>CA</StateCode>
<CONGRESSDISTRICT>53</CONGRESSDISTRICT>
<CONGRESS_DISTRICT_ORG>CA53</CONGRESS_DISTRICT_ORG>
<ORG_UEI_NUM/>
<ORG_LGL_BUS_NAME/>
<ORG_PRNT_UEI_NUM/>
</Institution>
<Performance_Institution>
<Name><![CDATA[Rutgers University]]></Name>
<CityName>Piscataway</CityName>
<StateCode>NJ</StateCode>
<ZipCode>088548019</ZipCode>
<StreetAddress/>
<CountryCode>US</CountryCode>
<CountryName>United States</CountryName>
<StateName>New Jersey</StateName>
<CountryFlag>1</CountryFlag>
<CONGRESSDISTRICT>06</CONGRESSDISTRICT>
<CONGRESS_DISTRICT_PERF>NJ06</CONGRESS_DISTRICT_PERF>
</Performance_Institution>
<ProgramElement>
<Code>060Y</Code>
<Text>Workforce (MSPRF) MathSciPDFel</Text>
</ProgramElement>
<ProgramReference>
<Code>102Z</Code>
<Text>COVID-Disproportionate Impcts Inst-Indiv</Text>
</ProgramReference>
<ProgramReference>
<Code>9219</Code>
<Text>POSTDOCTORAL FELLOWSHIPS IN MATH SCIENCE</Text>
</ProgramReference>
<FUND_OBLG>2022~150000</FUND_OBLG>
</Award>
</rootTag>
