<?xml version="1.0" encoding="UTF-8"?>
<rootTag>
<Award>
<AwardTitle><![CDATA[International Conference on Design of Experiments 2022]]></AwardTitle>
<AGENCY>NSF</AGENCY>
<AwardEffectiveDate>07/01/2022</AwardEffectiveDate>
<AwardExpirationDate>06/30/2023</AwardExpirationDate>
<AwardTotalIntnAmount>9900.00</AwardTotalIntnAmount>
<AwardAmount>9900</AwardAmount>
<AwardInstrument>
<Value>Standard Grant</Value>
</AwardInstrument>
<Organization>
<Code>03040000</Code>
<Directorate>
<Abbreviation>MPS</Abbreviation>
<LongName>Direct For Mathematical &amp; Physical Scien</LongName>
</Directorate>
<Division>
<Abbreviation>DMS</Abbreviation>
<LongName>Division Of Mathematical Sciences</LongName>
</Division>
</Organization>
<ProgramOfficer>
<SignBlockName>Yulia Gel</SignBlockName>
<PO_EMAI>ygel@nsf.gov</PO_EMAI>
<PO_PHON>7032927888</PO_PHON>
</ProgramOfficer>
<AbstractNarration><![CDATA[This award supports participation of junior researchers in the 6th International Conference on the Design of Experiments (ICODOE 2022) held at the University of Memphis during May 8-11, 2022. The principles of design and analysis of experiments form a fundamental part of research and development in areas as diverse as medical trials, pharmaceuticals, manufacturing, engineering, market research, agriculture, and many other fields. The conference will enable vital interaction between outstanding researchers in academia and industry who are advancing experimental design methodology with a view to improving systems for everyday life, from food delivery to cancer treatment. In addition, the conference will have a significant impact on the education of the next generation of researchers in experimental design, both junior researchers and those from underrepresented groups, by introducing them to innovative new methodology and new application areas, and by providing ample opportunity for these new researchers to interact with established researchers. &lt;br/&gt;&lt;br/&gt;In the 21st century, the uses of experimental design have multiplied considerably. For example, the Design of Experiments (DOE), the science of pursuing knowledge through the process of efficient data collection, can enable progress in the search for more efficient and speedy artificial intelligence (AI) learning, which underpins the so-called "fourth industrial revolution." The techniques and principles that are fundamental to DOE have already found use in testing new algorithms. Sessions on reinforcement learning and machine learning at the ICODOE conference will introduce these topic areas to the DOE community and help to bridge knowledge between these communities. Other new developments in experimental design include its use in on-line experiments within networks, where lack of independence between treated and control groups is being tackled. Important advances on the design of experiments in the pharmaceutical industry have been made; conference sessions will present recent research dealing with COVID trial recruitment, oncology dose finding, and adaptive designs for use in clinical trials. In industry, the design of computer experiments and model calibration remain of high importance. Related to this is screening to determine the factors that most affect a response, and the use of sampling to analyze enormous data sets. In addition, traditional areas such as optimal design are being adapted to practitioner needs without losing efficiency. With sessions devoted to all these topics, the ICODOE conference will provide multiple unique interdisciplinary opportunities for early career researchers to form networks for future collaboration and will also actively bolster participation of underrepresented groups in mathematical and data sciences. Details on ICODOE 2022 can be found at https://www.memphis.edu/msci/icodoe22.&lt;br/&gt;&lt;br/&gt;This award reflects NSF's statutory mission and has been deemed worthy of support through evaluation using the Foundation's intellectual merit and broader impacts review criteria.]]></AbstractNarration>
<MinAmdLetterDate>06/16/2022</MinAmdLetterDate>
<MaxAmdLetterDate>06/16/2022</MaxAmdLetterDate>
<ARRAAmount/>
<TRAN_TYPE>Grant</TRAN_TYPE>
<CFDA_NUM>47.049</CFDA_NUM>
<NSF_PAR_USE_FLAG>1</NSF_PAR_USE_FLAG>
<FUND_AGCY_CODE>4900</FUND_AGCY_CODE>
<AWDG_AGCY_CODE>4900</AWDG_AGCY_CODE>
<AwardID>2202327</AwardID>
<Investigator>
<FirstName>E Olusegun</FirstName>
<LastName>George</LastName>
<PI_MID_INIT/>
<PI_SUFX_NAME/>
<PI_FULL_NAME>E Olusegun George</PI_FULL_NAME>
<EmailAddress><![CDATA[eogeorge@memphis.edu]]></EmailAddress>
<NSF_ID>000160730</NSF_ID>
<StartDate>06/16/2022</StartDate>
<EndDate/>
<RoleCode>Co-Principal Investigator</RoleCode>
</Investigator>
<Investigator>
<FirstName>Manohar</FirstName>
<LastName>Aggarwal</LastName>
<PI_MID_INIT>L</PI_MID_INIT>
<PI_SUFX_NAME/>
<PI_FULL_NAME>Manohar L Aggarwal</PI_FULL_NAME>
<EmailAddress><![CDATA[maggarwl@memphis.edu]]></EmailAddress>
<NSF_ID>000088102</NSF_ID>
<StartDate>06/16/2022</StartDate>
<EndDate/>
<RoleCode>Principal Investigator</RoleCode>
</Investigator>
<Investigator>
<FirstName>Dale</FirstName>
<LastName>Bowman</LastName>
<PI_MID_INIT/>
<PI_SUFX_NAME/>
<PI_FULL_NAME>Dale Bowman</PI_FULL_NAME>
<EmailAddress><![CDATA[ddbowman@memphis.edu]]></EmailAddress>
<NSF_ID>000661181</NSF_ID>
<StartDate>06/16/2022</StartDate>
<EndDate/>
<RoleCode>Co-Principal Investigator</RoleCode>
</Investigator>
<Institution>
<Name>University of Memphis</Name>
<CityName>MEMPHIS</CityName>
<ZipCode>381523520</ZipCode>
<PhoneNumber>9016783251</PhoneNumber>
<StreetAddress>101 WILDER TOWER</StreetAddress>
<StreetAddress2/>
<CountryName>United States</CountryName>
<StateName>Tennessee</StateName>
<StateCode>TN</StateCode>
<CONGRESSDISTRICT>09</CONGRESSDISTRICT>
<CONGRESS_DISTRICT_ORG>TN09</CONGRESS_DISTRICT_ORG>
<ORG_UEI_NUM>F2VSMAKDH8Z7</ORG_UEI_NUM>
<ORG_LGL_BUS_NAME>UNIVERSITY OF MEMPHIS, THE</ORG_LGL_BUS_NAME>
<ORG_PRNT_UEI_NUM>JBG7T7RXQ2B7</ORG_PRNT_UEI_NUM>
</Institution>
<Performance_Institution>
<Name><![CDATA[University of Memphis]]></Name>
<CityName>Memphis</CityName>
<StateCode>TN</StateCode>
<ZipCode>381523370</ZipCode>
<StreetAddress><![CDATA[315 Administration Building]]></StreetAddress>
<CountryCode>US</CountryCode>
<CountryName>United States</CountryName>
<StateName>Tennessee</StateName>
<CountryFlag>1</CountryFlag>
<CONGRESSDISTRICT>09</CONGRESSDISTRICT>
<CONGRESS_DISTRICT_PERF>TN09</CONGRESS_DISTRICT_PERF>
</Performance_Institution>
<ProgramElement>
<Code>1269</Code>
<Text>STATISTICS</Text>
</ProgramElement>
<ProgramReference>
<Code>7556</Code>
<Text>CONFERENCE AND WORKSHOPS</Text>
</ProgramReference>
<FUND_OBLG>2022~9900</FUND_OBLG>
</Award>
</rootTag>
