<?xml version="1.0" encoding="UTF-8"?>
<rootTag>
<Award>
<AwardTitle>Galactic HII Regions &amp; Milky Way Structure</AwardTitle>
<AGENCY>NSF</AGENCY>
<AwardEffectiveDate>09/01/2022</AwardEffectiveDate>
<AwardExpirationDate>08/31/2025</AwardExpirationDate>
<AwardTotalIntnAmount>300000.00</AwardTotalIntnAmount>
<AwardAmount>100000</AwardAmount>
<AwardInstrument>
<Value>Fellowship Award</Value>
</AwardInstrument>
<Organization>
<Code>03020000</Code>
<Directorate>
<Abbreviation>MPS</Abbreviation>
<LongName>Direct For Mathematical &amp; Physical Scien</LongName>
</Directorate>
<Division>
<Abbreviation>AST</Abbreviation>
<LongName>Division Of Astronomical Sciences</LongName>
</Division>
</Organization>
<ProgramOfficer>
<SignBlockName>Harshal Gupta</SignBlockName>
<PO_EMAI>hgupta@nsf.gov</PO_EMAI>
<PO_PHON>7032925039</PO_PHON>
</ProgramOfficer>
<AbstractNarration>Trey Wenger is awarded an NSF Astronomy and Astrophysics Fellowship to carry out a program of research and education at the University of Wisconsin.  Wenger will use large high-quality observational surveys of H II regions – the bubbles of ionized gas around young hot stars – to create the most comprehensive map of the chemical and morphological structure of the Milky Way galaxy.  Results from the study will advance our understanding of how the Galaxy formed and evolved.  For the educational component of this project, Wenger will develop materials to broaden the use of small radio telescopes as an instructional tool for non-major astronomy courses and public outreach.&lt;br/&gt;&lt;br/&gt;Using existing and new observations of H I absorption, radio recombination lines, and radio continuum, this research project will yield the most comprehensive picture of the Milky Way’s present day morphological and chemical structure.  To achieve that goal, the investigator will: (1) determine the origin of apparent ionized gas velocity gradients serendipitously discovered in hundreds of Galactic H II regions; (2) resolve the kinematic distance ambiguity for approximately 100 newly discovered H II regions; (3) create the first Galaxy-wide map of H II region metallicities; and (4) apply a novel machine learning technique to infer the morphological structure of the Milky Way’s high-mass star-forming region population.&lt;br/&gt;&lt;br/&gt;This award reflects NSF's statutory mission and has been deemed worthy of support through evaluation using the Foundation's intellectual merit and broader impacts review criteria.</AbstractNarration>
<MinAmdLetterDate>05/12/2022</MinAmdLetterDate>
<MaxAmdLetterDate>05/12/2022</MaxAmdLetterDate>
<ARRAAmount/>
<TRAN_TYPE>Grant</TRAN_TYPE>
<CFDA_NUM>47.049</CFDA_NUM>
<NSF_PAR_USE_FLAG>1</NSF_PAR_USE_FLAG>
<FUND_AGCY_CODE>4900</FUND_AGCY_CODE>
<AWDG_AGCY_CODE>4900</AWDG_AGCY_CODE>
<AwardID>2202340</AwardID>
<Investigator>
<FirstName>Trey</FirstName>
<LastName>Wenger</LastName>
<PI_MID_INIT>V</PI_MID_INIT>
<PI_SUFX_NAME/>
<PI_FULL_NAME>Trey V Wenger</PI_FULL_NAME>
<EmailAddress/>
<PI_PHON>2504972353</PI_PHON>
<NSF_ID>000790078</NSF_ID>
<StartDate>05/12/2022</StartDate>
<EndDate/>
<RoleCode>Principal Investigator</RoleCode>
</Investigator>
<Institution>
<Name>Wenger, Trey Vaughn</Name>
<CityName>Kaleden, BC</CityName>
<ZipCode>V2A4H2</ZipCode>
<PhoneNumber/>
<StreetAddress/>
<StreetAddress2/>
<CountryName>Canada</CountryName>
<StateName/>
<StateCode/>
<CONGRESSDISTRICT/>
<CONGRESS_DISTRICT_ORG/>
<ORG_UEI_NUM/>
<ORG_LGL_BUS_NAME/>
<ORG_PRNT_UEI_NUM/>
</Institution>
<Performance_Institution>
<Name><![CDATA[University of Wisconsin-Madison]]></Name>
<CityName>Madison</CityName>
<StateCode>WI</StateCode>
<ZipCode>537061507</ZipCode>
<StreetAddress/>
<CountryCode>US</CountryCode>
<CountryName>United States</CountryName>
<StateName>Wisconsin</StateName>
<CountryFlag>1</CountryFlag>
<CONGRESSDISTRICT>02</CONGRESSDISTRICT>
<CONGRESS_DISTRICT_PERF/>
</Performance_Institution>
<ProgramElement>
<Code>1609</Code>
<Text>NSF ASTRON &amp; ASTROPHY PSTDC FE</Text>
</ProgramElement>
<ProgramReference>
<Code>075Z</Code>
<Text>Artificial Intelligence (AI)</Text>
</ProgramReference>
<ProgramReference>
<Code>1207</Code>
<Text>OBSERVATIONAL ASTRONOMY</Text>
</ProgramReference>
<FUND_OBLG>2022~100000</FUND_OBLG>
</Award>
</rootTag>
