<?xml version="1.0" encoding="UTF-8"?>
<rootTag>
<Award>
<AwardTitle>Multiphase Circumgalactic Gas Flow and the Growth of the Galactic Disk</AwardTitle>
<AGENCY>NSF</AGENCY>
<AwardEffectiveDate>09/01/2022</AwardEffectiveDate>
<AwardExpirationDate>08/31/2025</AwardExpirationDate>
<AwardTotalIntnAmount>300000.00</AwardTotalIntnAmount>
<AwardAmount>100000</AwardAmount>
<AwardInstrument>
<Value>Fellowship Award</Value>
</AwardInstrument>
<Organization>
<Code>03020000</Code>
<Directorate>
<Abbreviation>MPS</Abbreviation>
<LongName>Direct For Mathematical &amp; Physical Scien</LongName>
</Directorate>
<Division>
<Abbreviation>AST</Abbreviation>
<LongName>Division Of Astronomical Sciences</LongName>
</Division>
</Organization>
<ProgramOfficer>
<SignBlockName>Harshal Gupta</SignBlockName>
<PO_EMAI>hgupta@nsf.gov</PO_EMAI>
<PO_PHON>7032925039</PO_PHON>
</ProgramOfficer>
<AbstractNarration>Stephanie Ho is awarded an NSF Astronomy and Astrophysics Fellowship to carry out a program of research and education at New Mexico State University.  Ho will conduct observations and simulations of the circumgalactic medium (CGM) of nearby galaxies to study how gas flows in and out of galaxies.  Results from this project will elucidate how gas accretes onto galaxies, fuels star formation, and grows galactic disks.  Ho will also conduct outreach activities to increase awareness among underrepresented youth about astronomy as a possible career path. &lt;br/&gt;&lt;br/&gt;This research project will examine the interplay between the cool CGM, the warm-hot CGM, and the galactic disk.  Ho will incorporate galaxy disk orientation into physical models of circumgalatic gas flow to explain the origin of the cool and warm-hot CGM.  Ho will also analyze mock absorption spectra generated using cosmological simulations to understand the observed kinematic misalignment between the cool and warm-hot phases of the CGM.  Finally, she will combine spectroscopic observations of emission lines and circumgalactic absorption lines toward nearby galaxies to analyze gas flow and understand the role of accretion in disk growth.&lt;br/&gt;&lt;br/&gt;This award reflects NSF's statutory mission and has been deemed worthy of support through evaluation using the Foundation's intellectual merit and broader impacts review criteria.</AbstractNarration>
<MinAmdLetterDate>05/12/2022</MinAmdLetterDate>
<MaxAmdLetterDate>05/12/2022</MaxAmdLetterDate>
<ARRAAmount/>
<TRAN_TYPE>Grant</TRAN_TYPE>
<CFDA_NUM>47.049</CFDA_NUM>
<NSF_PAR_USE_FLAG>1</NSF_PAR_USE_FLAG>
<FUND_AGCY_CODE>4900</FUND_AGCY_CODE>
<AWDG_AGCY_CODE>4900</AWDG_AGCY_CODE>
<AwardID>2202328</AwardID>
<Investigator>
<FirstName>Stephanie</FirstName>
<LastName>Ho</LastName>
<PI_MID_INIT>H</PI_MID_INIT>
<PI_SUFX_NAME/>
<PI_FULL_NAME>Stephanie H Ho</PI_FULL_NAME>
<EmailAddress/>
<PI_PHON>8055700823</PI_PHON>
<NSF_ID>000864807</NSF_ID>
<StartDate>05/12/2022</StartDate>
<EndDate/>
<RoleCode>Principal Investigator</RoleCode>
</Investigator>
<Institution>
<Name>Ho, Stephanie H</Name>
<CityName>College Station</CityName>
<ZipCode>77843</ZipCode>
<PhoneNumber/>
<StreetAddress/>
<StreetAddress2/>
<CountryName>United States</CountryName>
<StateName>Texas</StateName>
<StateCode>TX</StateCode>
<CONGRESSDISTRICT>31</CONGRESSDISTRICT>
<CONGRESS_DISTRICT_ORG>TX31</CONGRESS_DISTRICT_ORG>
<ORG_UEI_NUM/>
<ORG_LGL_BUS_NAME/>
<ORG_PRNT_UEI_NUM/>
</Institution>
<Performance_Institution>
<Name><![CDATA[New Mexico State University]]></Name>
<CityName>Las Cruces</CityName>
<StateCode>NM</StateCode>
<ZipCode>880038001</ZipCode>
<StreetAddress/>
<CountryCode>US</CountryCode>
<CountryName>United States</CountryName>
<StateName>New Mexico</StateName>
<CountryFlag>1</CountryFlag>
<CONGRESSDISTRICT>02</CONGRESSDISTRICT>
<CONGRESS_DISTRICT_PERF>NM02</CONGRESS_DISTRICT_PERF>
</Performance_Institution>
<ProgramElement>
<Code>1609</Code>
<Text>NSF ASTRON &amp; ASTROPHY PSTDC FE</Text>
</ProgramElement>
<ProgramReference>
<Code>1206</Code>
<Text>THEORETICAL &amp; COMPUTATIONAL ASTROPHYSICS</Text>
</ProgramReference>
<ProgramReference>
<Code>1207</Code>
<Text>OBSERVATIONAL ASTRONOMY</Text>
</ProgramReference>
<FUND_OBLG>2022~100000</FUND_OBLG>
</Award>
</rootTag>
