<?xml version="1.0" encoding="UTF-8"?>
<rootTag>
<Award>
<AwardTitle><![CDATA[Providing Opportunities for Women in Next Generation Electric Vehicle Technologies]]></AwardTitle>
<AGENCY>NSF</AGENCY>
<AwardEffectiveDate>07/01/2022</AwardEffectiveDate>
<AwardExpirationDate>06/30/2025</AwardExpirationDate>
<AwardTotalIntnAmount>504839.00</AwardTotalIntnAmount>
<AwardAmount>504839</AwardAmount>
<AwardInstrument>
<Value>Standard Grant</Value>
</AwardInstrument>
<Organization>
<Code>11040100</Code>
<Directorate>
<Abbreviation>EHR</Abbreviation>
<LongName>Direct For Education and Human Resources</LongName>
</Directorate>
<Division>
<Abbreviation>DUE</Abbreviation>
<LongName>Division Of Undergraduate Education</LongName>
</Division>
</Organization>
<ProgramOfficer>
<SignBlockName>Jill Nelson</SignBlockName>
<PO_EMAI>jnelson@nsf.gov</PO_EMAI>
<PO_PHON>7032924359</PO_PHON>
</ProgramOfficer>
<AbstractNarration><![CDATA[This project serves the national interest by developing a new Women’s Academy called Providing Opportunities for Women in Next Generation Electric Vehicle Technologies (WINGS-EV). WINGS-EV, as a learning community model, is industry-driven, standards-centered, and STEM-based, and will result in the development of new educational materials, curricula, coursework, lab exercises, internship opportunities, and comprehensive student support services.  Even as the automotive industry moves forward with electric mobility and self-driving cars, it is held back by a deepening talent crisis. Today, women account for only 27 percent of the US auto manufacturing workforce as compared to roughly 47 percent of the overall labor force. Rio Hondo College’s WINGS-EV Women’s Academy will extend current research on barriers faced by women desiring to enter the electric vehicle technician workforce and barriers that arise in transitioning from high school to a community college (especially those that serve underserved communities) to baccalaureate-granting institutions. &lt;br/&gt;&lt;br/&gt;As a learning community model, WINGS-EV intentionally links together courses or coursework to provide greater curricular coherence, more opportunities for active teaming, and interaction between students, faculty, and industry partners. There are two overarching goals of WINGS-EV:  1) to meet the workforce needs of employers who require trained, qualified, and experienced technicians; and 2) to increase the number of female students in the hydrogen and electric battery technicians’ program. The broad impacts of WINGS-EV include integrating the high-performance electronics, computer management skills, customer management, and advanced technology diagnostic skills that ready participating students for employment. At the same time WINGS-EV will assist diverse high school populations by encouraging female students to enroll in dual enrollment, thereby attaining two- and/or four-year technology degrees more quickly. By focusing on recruitment, retention, and support strategies required to increase female enrollment for one specific automotive subject (EV technicians), future growth can be accommodated by adopting the same strategies for other interdisciplinary STEM fields within technology education programs. This project is funded by the Advanced Technological Education program that focuses on the education of technicians for the advanced-technology fields that drive the Nation’s economy.&lt;br/&gt;&lt;br/&gt;This award reflects NSF's statutory mission and has been deemed worthy of support through evaluation using the Foundation's intellectual merit and broader impacts review criteria.]]></AbstractNarration>
<MinAmdLetterDate>06/13/2022</MinAmdLetterDate>
<MaxAmdLetterDate>06/13/2022</MaxAmdLetterDate>
<ARRAAmount/>
<TRAN_TYPE>Grant</TRAN_TYPE>
<CFDA_NUM>47.076</CFDA_NUM>
<NSF_PAR_USE_FLAG>1</NSF_PAR_USE_FLAG>
<FUND_AGCY_CODE>4900</FUND_AGCY_CODE>
<AWDG_AGCY_CODE>4900</AWDG_AGCY_CODE>
<AwardID>2202236</AwardID>
<Investigator>
<FirstName>John</FirstName>
<LastName>Frala</LastName>
<PI_MID_INIT/>
<PI_SUFX_NAME/>
<PI_FULL_NAME>John Frala</PI_FULL_NAME>
<EmailAddress><![CDATA[JFrala@riohondo.edu]]></EmailAddress>
<NSF_ID>000575091</NSF_ID>
<StartDate>06/13/2022</StartDate>
<EndDate/>
<RoleCode>Principal Investigator</RoleCode>
</Investigator>
<Institution>
<Name>Rio Hondo College</Name>
<CityName>CITY OF INDUSTRY</CityName>
<ZipCode>906011616</ZipCode>
<PhoneNumber>5624637368</PhoneNumber>
<StreetAddress>3600 WORKMAN MILL RD</StreetAddress>
<StreetAddress2/>
<CountryName>United States</CountryName>
<StateName>California</StateName>
<StateCode>CA</StateCode>
<CONGRESSDISTRICT>38</CONGRESSDISTRICT>
<CONGRESS_DISTRICT_ORG>CA38</CONGRESS_DISTRICT_ORG>
<ORG_UEI_NUM>JQP9BUWF5DN9</ORG_UEI_NUM>
<ORG_LGL_BUS_NAME>RIO HONDO COMMUNITY COLLEGE DISTRICT</ORG_LGL_BUS_NAME>
<ORG_PRNT_UEI_NUM>JQP9BUWF5DN9</ORG_PRNT_UEI_NUM>
</Institution>
<Performance_Institution>
<Name><![CDATA[Rio Hondo college]]></Name>
<CityName>WHITTIER</CityName>
<StateCode>CA</StateCode>
<ZipCode>906011616</ZipCode>
<StreetAddress><![CDATA[3600 WORKMAN-MILL RD, SAME]]></StreetAddress>
<CountryCode>US</CountryCode>
<CountryName>United States</CountryName>
<StateName>California</StateName>
<CountryFlag>1</CountryFlag>
<CONGRESSDISTRICT>38</CONGRESSDISTRICT>
<CONGRESS_DISTRICT_PERF>CA38</CONGRESS_DISTRICT_PERF>
</Performance_Institution>
<ProgramElement>
<Code>7412</Code>
<Text>Advanced Tech Education Prog</Text>
</ProgramElement>
<ProgramReference>
<Code>1032</Code>
<Text>ADVANCED TECHNOLOGY EDUCATION</Text>
</ProgramReference>
<ProgramReference>
<Code>9178</Code>
<Text>UNDERGRADUATE EDUCATION</Text>
</ProgramReference>
<ProgramReference>
<Code>SMET</Code>
<Text>SCIENCE, MATH, ENG &amp; TECH EDUCATION</Text>
</ProgramReference>
<FUND_OBLG>2022~504839</FUND_OBLG>
</Award>
</rootTag>
