<?xml version="1.0" encoding="UTF-8"?>
<rootTag>
<Award>
<AwardTitle><![CDATA[Collaborative Research: P2C2--Continental Temperature Variability during Greenland Stadials and Interstadials from Subaqueous Speleothems]]></AwardTitle>
<AGENCY>NSF</AGENCY>
<AwardEffectiveDate>07/15/2022</AwardEffectiveDate>
<AwardExpirationDate>06/30/2025</AwardExpirationDate>
<AwardTotalIntnAmount>393452.00</AwardTotalIntnAmount>
<AwardAmount>393452</AwardAmount>
<AwardInstrument>
<Value>Standard Grant</Value>
</AwardInstrument>
<Organization>
<Code>06020100</Code>
<Directorate>
<Abbreviation>GEO</Abbreviation>
<LongName>Directorate For Geosciences</LongName>
</Directorate>
<Division>
<Abbreviation>AGS</Abbreviation>
<LongName>Div Atmospheric &amp; Geospace Sciences</LongName>
</Division>
</Organization>
<ProgramOfficer>
<SignBlockName>Soumaya Belmecheri</SignBlockName>
<PO_EMAI>sbelmech@nsf.gov</PO_EMAI>
<PO_PHON>7032920000</PO_PHON>
</ProgramOfficer>
<AbstractNarration><![CDATA[The lack of temperature information for past episodes of climate change remains a major hinderance to narrowing uncertainties of future climate projections. This project aims to measure absolute paleo-surface temperatures for important past climate periods in both the southwestern and northern regions of the United States based on novel temperature indicators measured in cave records (speleothems). The newly generated temperature data for the late Pleistocene and Holocene can potentially provide useful constraints for climate models.&lt;br/&gt;&lt;br/&gt;Specifically, the researchers aim to provide temperature information for a large region of the North American continent using dual clumped isotope and strontium isotopes. The new temperature records will be used to address the following questions: 1) what was the extent of Holocene temperature variability in and across the continental interior of North America?  To what extent does the covariation between Greenland and continental proxy-records (e.g., southwestern United States), reflect temperature changes and not water isotope variability. The researchers have already the samples in hand collected from several caves (Carlsbad Cavern-NM, Lechuguilla Cave-NM, Wind Cave-SD, Mammoth Cave-KY, Mystery Cave-MN, Hollyhock Hollow caves-NY, and lesser-known caves in these areas) extending from the Laurentide ice sheet to the Desert southwest.&lt;br/&gt; &lt;br/&gt;Accurate uranium-series dating of multiple subsample powders (~200 mg) from selected samples will provide suitable subsample powders for clumped and Sr isotope analyses of the more important time periods (e.g., Middle Holocene, Younger Dryas, Extrapolar Climate Reversal (Mystery Interval), Last Glacial Maximum, the Last Interglacial). This work will also characterize temperature gradients between the southwestern United States and the more northern sites for these periods.&lt;br/&gt;&lt;br/&gt;The potential Broader Impacts include new paleotemperature records that can be used to benchmark climate models and to evaluate the impact of temperature on hydroclimate and water resources. Additionally, the research with the application of dual clumped isotopes and strontium data can yield novel methodological approaches for quantitative paleoclimate reconstructions.&lt;br/&gt;&lt;br/&gt;The project will provide research training for two graduate students at the universities of New Mexico and Michigan. The results of this work will be disseminated to the broader public via outreach and media coverage.&lt;br/&gt;&lt;br/&gt;This award reflects NSF's statutory mission and has been deemed worthy of support through evaluation using the Foundation's intellectual merit and broader impacts review criteria.]]></AbstractNarration>
<MinAmdLetterDate>06/27/2022</MinAmdLetterDate>
<MaxAmdLetterDate>06/27/2022</MaxAmdLetterDate>
<ARRAAmount/>
<TRAN_TYPE>Grant</TRAN_TYPE>
<CFDA_NUM>47.050</CFDA_NUM>
<NSF_PAR_USE_FLAG>1</NSF_PAR_USE_FLAG>
<FUND_AGCY_CODE>4900</FUND_AGCY_CODE>
<AWDG_AGCY_CODE>4900</AWDG_AGCY_CODE>
<AwardID>2202644</AwardID>
<Investigator>
<FirstName>Yemane</FirstName>
<LastName>Asmerom</LastName>
<PI_MID_INIT/>
<PI_SUFX_NAME/>
<PI_FULL_NAME>Yemane Asmerom</PI_FULL_NAME>
<EmailAddress><![CDATA[asmerom@unm.edu]]></EmailAddress>
<NSF_ID>000398828</NSF_ID>
<StartDate>06/27/2022</StartDate>
<EndDate/>
<RoleCode>Co-Principal Investigator</RoleCode>
</Investigator>
<Investigator>
<FirstName>Victor</FirstName>
<LastName>Polyak</LastName>
<PI_MID_INIT>J</PI_MID_INIT>
<PI_SUFX_NAME/>
<PI_FULL_NAME>Victor J Polyak</PI_FULL_NAME>
<EmailAddress><![CDATA[polyak@unm.edu]]></EmailAddress>
<NSF_ID>000365733</NSF_ID>
<StartDate>06/27/2022</StartDate>
<EndDate/>
<RoleCode>Principal Investigator</RoleCode>
</Investigator>
<Institution>
<Name>University of New Mexico</Name>
<CityName>ALBUQUERQUE</CityName>
<ZipCode>871063837</ZipCode>
<PhoneNumber>5052774186</PhoneNumber>
<StreetAddress>1700 LOMAS BLVD NE STE 2200</StreetAddress>
<StreetAddress2/>
<CountryName>United States</CountryName>
<StateName>New Mexico</StateName>
<StateCode>NM</StateCode>
<CONGRESSDISTRICT>01</CONGRESSDISTRICT>
<CONGRESS_DISTRICT_ORG>NM01</CONGRESS_DISTRICT_ORG>
<ORG_UEI_NUM>F6XLTRUQJEN4</ORG_UEI_NUM>
<ORG_LGL_BUS_NAME>UNIVERSITY OF NEW MEXICO, THE</ORG_LGL_BUS_NAME>
<ORG_PRNT_UEI_NUM>C16BGHA4MLJ6</ORG_PRNT_UEI_NUM>
</Institution>
<Performance_Institution>
<Name><![CDATA[University of New Mexico]]></Name>
<CityName>Albuquerque</CityName>
<StateCode>NM</StateCode>
<ZipCode>871310001</ZipCode>
<StreetAddress><![CDATA[221 Yale Ave, Northrop Hall]]></StreetAddress>
<CountryCode>US</CountryCode>
<CountryName>United States</CountryName>
<StateName>New Mexico</StateName>
<CountryFlag>1</CountryFlag>
<CONGRESSDISTRICT>01</CONGRESSDISTRICT>
<CONGRESS_DISTRICT_PERF>NM01</CONGRESS_DISTRICT_PERF>
</Performance_Institution>
<ProgramElement>
<Code>1530</Code>
<Text>Paleoclimate</Text>
</ProgramElement>
<ProgramReference>
<Code>7754</Code>
<Text>CLIMATE VARIABILITY &amp; CHANGE</Text>
</ProgramReference>
<ProgramReference>
<Code>8070</Code>
<Text>P2C2 Proposals</Text>
</ProgramReference>
<ProgramReference>
<Code>9150</Code>
<Text>EXP PROG TO STIM COMP RES</Text>
</ProgramReference>
<Appropriation>
<Code/>
<Name/>
<APP_SYMB_ID/>
</Appropriation>
<Fund>
<Code>01002223DB</Code>
<Name><![CDATA[NSF RESEARCH & RELATED ACTIVIT]]></Name>
<FUND_SYMB_ID>040100</FUND_SYMB_ID>
</Fund>
<FUND_OBLG>2022~393452</FUND_OBLG>
</Award>
</rootTag>
