<?xml version="1.0" encoding="UTF-8"?>
<rootTag>
<Award>
<AwardTitle>NSF-ANR: DynamoLINC: Dynamics, Nanoscale Organization and Modeling of LINC Under Mechanical Stress</AwardTitle>
<AGENCY>NSF</AGENCY>
<AwardEffectiveDate>01/01/2022</AwardEffectiveDate>
<AwardExpirationDate>12/31/2024</AwardExpirationDate>
<AwardTotalIntnAmount>687449.00</AwardTotalIntnAmount>
<AwardAmount>687449</AwardAmount>
<AwardInstrument>
<Value>Standard Grant</Value>
</AwardInstrument>
<Organization>
<Code>08070000</Code>
<Directorate>
<Abbreviation>BIO</Abbreviation>
<LongName>Direct For Biological Sciences</LongName>
</Directorate>
<Division>
<Abbreviation>MCB</Abbreviation>
<LongName>Div Of Molecular and Cellular Bioscience</LongName>
</Division>
</Organization>
<ProgramOfficer>
<SignBlockName>Charles Cunningham</SignBlockName>
<PO_EMAI>chacunni@nsf.gov</PO_EMAI>
<PO_PHON>7032922283</PO_PHON>
</ProgramOfficer>
<AbstractNarration>In response to mechanical cues and forces, cells deform their nucleus to perform critical functions such as migration, gene expression or cell fate decision, but the fundamental biophysical mechanisms underlying force sensing and adaptive nuclear shape deformation remain elusive. This project integrates state-of-the-art microscopies, molecular force measurements and theoretical biophysics to quantitatively measure and model the nanoscale processes allowing the cell nucleus to respond and adapt to mechanical forces. The research is expected to yield novel insights into nuclear mechanics and original optical tools to measure cellular forces for a broad range of research applications. Training of diverse early career scientists is central to the proposed project, providing Ph.D. students, undergraduate and STEM high-school students with a unique interdisciplinary training experience at the intersection of physics and biology and with expertise in studying the patterns in living systems.&lt;br/&gt;&lt;br/&gt;The project will establish the nanoscale structural and molecular organizations of the Linker of Nucleoskeleton and Cytoskeleton (LINC) complexes, which serve as crucial mechanotransducing hubs within the nuclear envelope in cells. It will also involve the development of novel optical force sensors to quantitatively define the architectural adaptability of LINC complexes in response to specific forces at the nuclear membrane. It will additionally provide physical models of LINC complex functions as force-sensing centers, via a close interplay of theory and experiments. The research will be implemented through a highly multidisciplinary approach that integrates super-resolution and lifetime microscopy imaging, nanomanipulation, engineering of biomaterials to mechanically challenge cells and their nucleus, the development of novel sensor for mechanobiology and theoretical modeling. It will generate fundamental insights into the mechanisms underlying normal and defective nuclear functions and will yield quantitative descriptions of the LINC complex as a force sensing and force transducing apparatus. &lt;br/&gt;&lt;br/&gt;This collaborative US/France project is supported by the US National Science Foundation and the French Agence Nationale de la Recherche, where NSF funds the US investigator and ANR funds the partners in France.&lt;br/&gt;&lt;br/&gt;This award reflects NSF's statutory mission and has been deemed worthy of support through evaluation using the Foundation's intellectual merit and broader impacts review criteria.</AbstractNarration>
<MinAmdLetterDate>12/28/2021</MinAmdLetterDate>
<MaxAmdLetterDate>12/28/2021</MaxAmdLetterDate>
<ARRAAmount/>
<TRAN_TYPE>Grant</TRAN_TYPE>
<CFDA_NUM>47.049, 47.074</CFDA_NUM>
<NSF_PAR_USE_FLAG>1</NSF_PAR_USE_FLAG>
<FUND_AGCY_CODE>4900</FUND_AGCY_CODE>
<AWDG_AGCY_CODE>4900</AWDG_AGCY_CODE>
<AwardID>2202087</AwardID>
<Investigator>
<FirstName>Fabien</FirstName>
<LastName>Pinaud</LastName>
<PI_MID_INIT/>
<PI_SUFX_NAME/>
<PI_FULL_NAME>Fabien Pinaud</PI_FULL_NAME>
<EmailAddress>pinaud@usc.edu</EmailAddress>
<PI_PHON>2137402262</PI_PHON>
<NSF_ID>000599014</NSF_ID>
<StartDate>12/28/2021</StartDate>
<EndDate/>
<RoleCode>Principal Investigator</RoleCode>
</Investigator>
<Investigator>
<FirstName>Christoph</FirstName>
<LastName>Haselwandter</LastName>
<PI_MID_INIT/>
<PI_SUFX_NAME/>
<PI_FULL_NAME>Christoph Haselwandter</PI_FULL_NAME>
<EmailAddress>cah77@usc.edu</EmailAddress>
<PI_PHON>2137401115</PI_PHON>
<NSF_ID>000602588</NSF_ID>
<StartDate>12/28/2021</StartDate>
<EndDate/>
<RoleCode>Co-Principal Investigator</RoleCode>
</Investigator>
<Institution>
<Name>University of Southern California</Name>
<CityName>LOS ANGELES</CityName>
<ZipCode>900074304</ZipCode>
<PhoneNumber>2137407762</PhoneNumber>
<StreetAddress>3720 S FLOWER ST FL 3</StreetAddress>
<StreetAddress2/>
<CountryName>United States</CountryName>
<StateName>California</StateName>
<StateCode>CA</StateCode>
<CONGRESSDISTRICT>37</CONGRESSDISTRICT>
<CONGRESS_DISTRICT_ORG>CA37</CONGRESS_DISTRICT_ORG>
<ORG_UEI_NUM>G88KLJR3KYT5</ORG_UEI_NUM>
<ORG_LGL_BUS_NAME>UNIVERSITY OF SOUTHERN CALIFORNIA</ORG_LGL_BUS_NAME>
<ORG_PRNT_UEI_NUM>G88KLJR3KYT5</ORG_PRNT_UEI_NUM>
</Institution>
<Performance_Institution>
<Name><![CDATA[University of Southern California]]></Name>
<CityName>Los Angeles</CityName>
<StateCode>CA</StateCode>
<ZipCode>900892910</ZipCode>
<StreetAddress><![CDATA[1050 Childs Way]]></StreetAddress>
<CountryCode>US</CountryCode>
<CountryName>United States</CountryName>
<StateName>California</StateName>
<CountryFlag>1</CountryFlag>
<CONGRESSDISTRICT>37</CONGRESSDISTRICT>
<CONGRESS_DISTRICT_PERF>CA37</CONGRESS_DISTRICT_PERF>
</Performance_Institution>
<ProgramElement>
<Code>1114</Code>
<Text>Cellular Dynamics and Function</Text>
</ProgramElement>
<ProgramElement>
<Code>7246</Code>
<Text>PHYSICS OF LIVING SYSTEMS</Text>
</ProgramElement>
<ProgramReference>
<Code>5918</Code>
<Text>FRANCE</Text>
</ProgramReference>
<ProgramReference>
<Code>7465</Code>
<Text>NANOSCALE BIO CORE</Text>
</ProgramReference>
<FUND_OBLG>2022~687449</FUND_OBLG>
</Award>
</rootTag>
