<?xml version="1.0" encoding="UTF-8"?>
<rootTag>
<Award>
<AwardTitle>Geospatial Technical Education: Bridging Classroom to GIS Technician Careers</AwardTitle>
<AGENCY>NSF</AGENCY>
<AwardEffectiveDate>06/15/2022</AwardEffectiveDate>
<AwardExpirationDate>05/31/2025</AwardExpirationDate>
<AwardTotalIntnAmount>349804.00</AwardTotalIntnAmount>
<AwardAmount>349804</AwardAmount>
<AwardInstrument>
<Value>Standard Grant</Value>
</AwardInstrument>
<Organization>
<Code>11040100</Code>
<Directorate>
<Abbreviation>EHR</Abbreviation>
<LongName>Direct For Education and Human Resources</LongName>
</Directorate>
<Division>
<Abbreviation>DUE</Abbreviation>
<LongName>Division Of Undergraduate Education</LongName>
</Division>
</Organization>
<ProgramOfficer>
<SignBlockName>Paul Tymann</SignBlockName>
<PO_EMAI>ptymann@nsf.gov</PO_EMAI>
<PO_PHON>7032922832</PO_PHON>
</ProgramOfficer>
<AbstractNarration>Geospatial Information Science (GIS) is a rapidly growing field of employment for which a significant workforce gap exists in Central Wyoming. There are not enough workforce-ready geospatial employees trained at the technician level to satisfy employment needs in the region. The goal of this project is to increase the recruitment, retention, and graduation rates of students in GIS at Central Wyoming College (CWC). The project will place specific emphasis on increasing the participation of students from groups underrepresented in GIS with a focus on American Indian students. An overall increase in the number of students participating in the GIS program, combined with innovative scheduling and course formatting will increase student completion rates and help CWC to graduate more workforce-ready GIS technicians. The resulting GIS program will include opportunities for field-based research, internships, and work experience that will enhance student learning and provide economic support to help with program retention and completion.&lt;br/&gt;&lt;br/&gt;The project has three key objectives: the expansion of recruitment and retention efforts to increase the number of students graduating from GIS programs; the modification of existing GIS programs to create an innovative industry-appropriate curriculum; and the development of partnerships to better include hands-on GIS experiences for students. The project will leverage CWC’s American Indian Services Coordinator and CWC’s partnership with the Tribal Historic Preservation Offices of the Eastern Shoshone and Northern Arapaho tribes to increase recruitment, retention, diversity, and overall program completion. Long-standing professional, government and academic relationships will be engaged to create more paid internship opportunities, ensure program quality, and facilitate student transfer into the workforce and to 4-year institutions. Project evaluation will use mixed methods, primarily descriptive and qualitative, supplemented by interrupted-time series (ITS) models. &lt;br/&gt;&lt;br/&gt;This project is funded by the Advanced Technological Education program that focuses on the education of technicians for the advanced-technology fields that drive the Nation's economy.&lt;br/&gt;&lt;br/&gt;This award reflects NSF's statutory mission and has been deemed worthy of support through evaluation using the Foundation's intellectual merit and broader impacts review criteria.</AbstractNarration>
<MinAmdLetterDate>04/11/2022</MinAmdLetterDate>
<MaxAmdLetterDate>04/11/2022</MaxAmdLetterDate>
<ARRAAmount/>
<TRAN_TYPE>Grant</TRAN_TYPE>
<CFDA_NUM>47.076</CFDA_NUM>
<NSF_PAR_USE_FLAG>1</NSF_PAR_USE_FLAG>
<FUND_AGCY_CODE>4900</FUND_AGCY_CODE>
<AWDG_AGCY_CODE>4900</AWDG_AGCY_CODE>
<AwardID>2202230</AwardID>
<Investigator>
<FirstName>Jaquelyn</FirstName>
<LastName>Klancher</LastName>
<PI_MID_INIT>E</PI_MID_INIT>
<PI_SUFX_NAME/>
<PI_FULL_NAME>Jaquelyn E Klancher</PI_FULL_NAME>
<EmailAddress>jklanche@cwc.edu</EmailAddress>
<PI_PHON>3078552055</PI_PHON>
<NSF_ID>000630527</NSF_ID>
<StartDate>04/11/2022</StartDate>
<EndDate/>
<RoleCode>Principal Investigator</RoleCode>
</Investigator>
<Investigator>
<FirstName>Todd</FirstName>
<LastName>Guenther</LastName>
<PI_MID_INIT/>
<PI_SUFX_NAME/>
<PI_FULL_NAME>Todd Guenther</PI_FULL_NAME>
<EmailAddress>tguenther@cwc.edu</EmailAddress>
<PI_PHON>3078552142</PI_PHON>
<NSF_ID>000830374</NSF_ID>
<StartDate>04/11/2022</StartDate>
<EndDate/>
<RoleCode>Co-Principal Investigator</RoleCode>
</Investigator>
<Institution>
<Name>Central Wyoming College</Name>
<CityName>RIVERTON</CityName>
<ZipCode>825012215</ZipCode>
<PhoneNumber>3078552048</PhoneNumber>
<StreetAddress>2660 PECK AVE</StreetAddress>
<StreetAddress2/>
<CountryName>United States</CountryName>
<StateName>Wyoming</StateName>
<StateCode>WY</StateCode>
<CONGRESSDISTRICT>00</CONGRESSDISTRICT>
<CONGRESS_DISTRICT_ORG>WY00</CONGRESS_DISTRICT_ORG>
<ORG_UEI_NUM>TXKNZEBHGGG3</ORG_UEI_NUM>
<ORG_LGL_BUS_NAME>CENTRAL WYOMING COLLEGE</ORG_LGL_BUS_NAME>
<ORG_PRNT_UEI_NUM>TXKNZEBHGGG3</ORG_PRNT_UEI_NUM>
</Institution>
<Performance_Institution>
<Name><![CDATA[Central Wyoming College]]></Name>
<CityName>Riverton</CityName>
<StateCode>WY</StateCode>
<ZipCode>825012215</ZipCode>
<StreetAddress><![CDATA[2660 Peck Ave]]></StreetAddress>
<CountryCode>US</CountryCode>
<CountryName>United States</CountryName>
<StateName>Wyoming</StateName>
<CountryFlag>1</CountryFlag>
<CONGRESSDISTRICT>00</CONGRESSDISTRICT>
<CONGRESS_DISTRICT_PERF>WY00</CONGRESS_DISTRICT_PERF>
</Performance_Institution>
<ProgramElement>
<Code>7412</Code>
<Text>Advanced Tech Education Prog</Text>
</ProgramElement>
<ProgramReference>
<Code>1032</Code>
<Text>ADVANCED TECHNOLOGY EDUCATION</Text>
</ProgramReference>
<ProgramReference>
<Code>9150</Code>
<Text>EXP PROG TO STIM COMP RES</Text>
</ProgramReference>
<ProgramReference>
<Code>9178</Code>
<Text>UNDERGRADUATE EDUCATION</Text>
</ProgramReference>
<ProgramReference>
<Code>SMET</Code>
<Text>SCIENCE, MATH, ENG &amp; TECH EDUCATION</Text>
</ProgramReference>
<FUND_OBLG>2022~349804</FUND_OBLG>
</Award>
</rootTag>
