<?xml version="1.0" encoding="UTF-8"?>
<rootTag>
<Award>
<AwardTitle>Collaborative Research: Nanoscale structure and dynamics of a cell-cell adhesion complex</AwardTitle>
<AGENCY>NSF</AGENCY>
<AwardEffectiveDate>06/01/2022</AwardEffectiveDate>
<AwardExpirationDate>05/31/2026</AwardExpirationDate>
<AwardTotalIntnAmount>1010148.00</AwardTotalIntnAmount>
<AwardAmount>774036</AwardAmount>
<AwardInstrument>
<Value>Continuing Grant</Value>
</AwardInstrument>
<Organization>
<Code>08070000</Code>
<Directorate>
<Abbreviation>BIO</Abbreviation>
<LongName>Direct For Biological Sciences</LongName>
</Directorate>
<Division>
<Abbreviation>MCB</Abbreviation>
<LongName>Div Of Molecular and Cellular Bioscience</LongName>
</Division>
</Organization>
<ProgramOfficer>
<SignBlockName>Jaroslaw Majewski</SignBlockName>
<PO_EMAI>jmajewsk@nsf.gov</PO_EMAI>
<PO_PHON>7032927278</PO_PHON>
</ProgramOfficer>
<AbstractNarration>The sensing and transducing of mechanical forces by cells influence fundamental processes in biology like cell adhesion, embryo development, tissue repair. Transducing mechanical forces is also essential for senses like touch and hearing. However, the molecular mechanisms by which the cellular protein machineries operate to sense and transduce mechanical forces remain to be elucidated.  The cell-cell adhesion adherens junction (AJ) macromolecular complexes serve as mechanosensing hubs between neighboring cells in multicellular organisms.  Because the AJ complexes are highly flexible, determining their structure and dynamics poses a challenge to molecular biophysics.  This project aims to elucidate the mechanosensing mechanism of the AJ core complex by a novel integrative structural biology approach. Given its interdisciplinary nature, the collaborative research provides multidisciplinary training opportunities for graduate and undergraduate students.  Moreover, this research contributes to the development of next generation world class national infrastructure for neutron scattering, and to the community outreach programs to broaden participations in STEM education and research.   &lt;br/&gt;&lt;br/&gt;Specifically, this project will employ cutting edge static and dynamic neutron scattering, theoretical physics and molecular simulation to determine the structure and dynamics of the mechanosensitive core complex of the AJ.  With the aid of selective deuteration, neutron scattering, particularly neutron spin echo spectroscopy, can probe the dynamics of macromolecular complexes on nanometer length scales and on nanosecond to microsecond timescales, which fills a largely unexplored spatial-temporal niche between cell biophysics/single molecule spectroscopy and high-resolution structural biology.  The uniquely integrated approach will provide new insight into the mechanism underlying AJ macromolecular mechanosensing.&lt;br/&gt;&lt;br/&gt;This award reflects NSF's statutory mission and has been deemed worthy of support through evaluation using the Foundation's intellectual merit and broader impacts review criteria.</AbstractNarration>
<MinAmdLetterDate>05/10/2022</MinAmdLetterDate>
<MaxAmdLetterDate>05/10/2022</MaxAmdLetterDate>
<ARRAAmount/>
<TRAN_TYPE>Grant</TRAN_TYPE>
<CFDA_NUM>47.074</CFDA_NUM>
<NSF_PAR_USE_FLAG>1</NSF_PAR_USE_FLAG>
<FUND_AGCY_CODE>4900</FUND_AGCY_CODE>
<AWDG_AGCY_CODE>4900</AWDG_AGCY_CODE>
<AwardID>2202202</AwardID>
<Investigator>
<FirstName>Zimei</FirstName>
<LastName>Bu</LastName>
<PI_MID_INIT/>
<PI_SUFX_NAME/>
<PI_FULL_NAME>Zimei Bu</PI_FULL_NAME>
<EmailAddress>zbu@ccny.cuny.edu</EmailAddress>
<PI_PHON>2126508169</PI_PHON>
<NSF_ID>000573385</NSF_ID>
<StartDate>05/10/2022</StartDate>
<EndDate/>
<RoleCode>Principal Investigator</RoleCode>
</Investigator>
<Institution>
<Name>CUNY City College</Name>
<CityName>NEW YORK</CityName>
<ZipCode>100319101</ZipCode>
<PhoneNumber>2126505418</PhoneNumber>
<StreetAddress>160 CONVENT AVE</StreetAddress>
<StreetAddress2/>
<CountryName>United States</CountryName>
<StateName>New York</StateName>
<StateCode>NY</StateCode>
<CONGRESSDISTRICT>13</CONGRESSDISTRICT>
<CONGRESS_DISTRICT_ORG>NY13</CONGRESS_DISTRICT_ORG>
<ORG_UEI_NUM>L952KGDMSLV5</ORG_UEI_NUM>
<ORG_LGL_BUS_NAME>RESEARCH FOUNDATION OF THE CITY UNIVERSITY OF NEW YORK</ORG_LGL_BUS_NAME>
<ORG_PRNT_UEI_NUM>U7WPB7AFN7M2</ORG_PRNT_UEI_NUM>
</Institution>
<Performance_Institution>
<Name><![CDATA[CUNY City College]]></Name>
<CityName>New York</CityName>
<StateCode>NY</StateCode>
<ZipCode>100319101</ZipCode>
<StreetAddress><![CDATA[Convent Ave at 138th St]]></StreetAddress>
<CountryCode>US</CountryCode>
<CountryName>United States</CountryName>
<StateName>New York</StateName>
<CountryFlag>1</CountryFlag>
<CONGRESSDISTRICT>13</CONGRESSDISTRICT>
<CONGRESS_DISTRICT_PERF>NY13</CONGRESS_DISTRICT_PERF>
</Performance_Institution>
<ProgramElement>
<Code>1144</Code>
<Text>Molecular Biophysics</Text>
</ProgramElement>
<ProgramReference>
<Code>5918</Code>
<Text>FRANCE</Text>
</ProgramReference>
<ProgramReference>
<Code>7465</Code>
<Text>NANOSCALE BIO CORE</Text>
</ProgramReference>
<FUND_OBLG>2022~774036</FUND_OBLG>
</Award>
</rootTag>
