<?xml version="1.0" encoding="UTF-8"?>
<rootTag>
<Award>
<AwardTitle><![CDATA[Developing New Academic Pathways for the Advanced Manufacturing Technician Workforce]]></AwardTitle>
<AGENCY>NSF</AGENCY>
<AwardEffectiveDate>06/15/2022</AwardEffectiveDate>
<AwardExpirationDate>05/31/2025</AwardExpirationDate>
<AwardTotalIntnAmount>571769.00</AwardTotalIntnAmount>
<AwardAmount>571769</AwardAmount>
<AwardInstrument>
<Value>Standard Grant</Value>
</AwardInstrument>
<Organization>
<Code>11040100</Code>
<Directorate>
<Abbreviation>EHR</Abbreviation>
<LongName>Direct For Education and Human Resources</LongName>
</Directorate>
<Division>
<Abbreviation>DUE</Abbreviation>
<LongName>Division Of Undergraduate Education</LongName>
</Division>
</Organization>
<ProgramOfficer>
<SignBlockName>John Jackman</SignBlockName>
<PO_EMAI>jjackman@nsf.gov</PO_EMAI>
<PO_PHON>7032924816</PO_PHON>
</ProgramOfficer>
<AbstractNarration><![CDATA[Advanced manufacturing technician programs provide pathways for students to pursue technical careers in manufacturing companies that are adopting new automation and robotics technologies. The demand for manufacturing technicians in the central Missouri region continues to grow. However, the supply of qualified technicians with skills in advanced manufacturing technologies has not kept pace with this demand. This project addresses the need to increase the number of students entering and successfully completing technician degree and certificate programs in advanced manufacturing. In collaboration with regional industry, the project team will develop a foundational course in advanced manufacturing and revise existing courses in multiple technology degree programs. Students will have the opportunity to obtain nationally recognized certifications. The project will provide rural high school students in the region with new technical education opportunities including new advanced manufacturing courses that can be taken at high schools and hands-on training with new advanced manufacturing equipment. Workshops and mentoring for secondary school teachers will be provided so that teachers can integrate advanced manufacturing concepts in their high school courses. Students from rural areas in central Missouri will have a new pathway to help them pursue a technical career in manufacturing that improves their economic situation.&lt;br/&gt;&lt;br/&gt;The goal of this project is to increase the number of students in advanced manufacturing technician pathways to meet the demand for skilled technicians in regional industry. This project will: (1) enhance educational certificates and technician degrees that lead to advanced manufacturing technician careers, (2) engage secondary students in activities to raise awareness of technician career opportunities, (3) build capacity for offering dual enrollment courses by training high school teachers, and (4) encourage persistence and completion of educational certificates in advanced manufacturing. Regional industry advisors will provide guidance on which industry certifications are needed by students and which Industry 4.0 concepts and skills should be integrated in the technician degree programs. The project will provide creative hands-on learning opportunities such as summer camps for secondary students to engage them in technical careers. High school teachers will receive training and certifications through workshops that include hands-on training with advanced manufacturing technologies. Dual enrollment courses will be offered by high school teachers to help secondary students enter advanced manufacturing technician pathways. Using institutional data and student surveys, the project team will assess the impact of the project activities on student completion of certifications and the number of students who enter the technician workforce. This project is funded by the Advanced Technological Education program that focuses on the education of technicians for the advanced-technology fields that drive the Nation's economy.&lt;br/&gt;&lt;br/&gt;This award reflects NSF's statutory mission and has been deemed worthy of support through evaluation using the Foundation's intellectual merit and broader impacts review criteria.]]></AbstractNarration>
<MinAmdLetterDate>06/07/2022</MinAmdLetterDate>
<MaxAmdLetterDate>06/07/2022</MaxAmdLetterDate>
<ARRAAmount/>
<TRAN_TYPE>Grant</TRAN_TYPE>
<CFDA_NUM>47.076</CFDA_NUM>
<NSF_PAR_USE_FLAG>1</NSF_PAR_USE_FLAG>
<FUND_AGCY_CODE>4900</FUND_AGCY_CODE>
<AWDG_AGCY_CODE>4900</AWDG_AGCY_CODE>
<AwardID>2202182</AwardID>
<Investigator>
<FirstName>Amanda</FirstName>
<LastName>Stoecklein</LastName>
<PI_MID_INIT/>
<PI_SUFX_NAME/>
<PI_FULL_NAME>Amanda Stoecklein</PI_FULL_NAME>
<EmailAddress><![CDATA[astoecklein1@sfccmo.edu]]></EmailAddress>
<NSF_ID>000671106</NSF_ID>
<StartDate>06/07/2022</StartDate>
<EndDate/>
<RoleCode>Principal Investigator</RoleCode>
</Investigator>
<Investigator>
<FirstName>Daniel</FirstName>
<LastName>So</LastName>
<PI_MID_INIT/>
<PI_SUFX_NAME/>
<PI_FULL_NAME>Daniel So</PI_FULL_NAME>
<EmailAddress><![CDATA[dso@sfccmo.edu]]></EmailAddress>
<NSF_ID>000865968</NSF_ID>
<StartDate>06/07/2022</StartDate>
<EndDate/>
<RoleCode>Co-Principal Investigator</RoleCode>
</Investigator>
<Institution>
<Name>State Fair Community College</Name>
<CityName>SEDALIA</CityName>
<ZipCode>653012199</ZipCode>
<PhoneNumber>6605967379</PhoneNumber>
<StreetAddress>3201 W 16TH ST</StreetAddress>
<StreetAddress2/>
<CountryName>United States</CountryName>
<StateName>Missouri</StateName>
<StateCode>MO</StateCode>
<CONGRESSDISTRICT>04</CONGRESSDISTRICT>
<CONGRESS_DISTRICT_ORG>MO04</CONGRESS_DISTRICT_ORG>
<ORG_UEI_NUM>LRKQSF5B7518</ORG_UEI_NUM>
<ORG_LGL_BUS_NAME>STATE FAIR COMMUNITY COLLEGE</ORG_LGL_BUS_NAME>
<ORG_PRNT_UEI_NUM>LRKQSF5B7518</ORG_PRNT_UEI_NUM>
</Institution>
<Performance_Institution>
<Name><![CDATA[State Fair Community College]]></Name>
<CityName>Sedalia</CityName>
<StateCode>MO</StateCode>
<ZipCode>653012199</ZipCode>
<StreetAddress><![CDATA[3201 W 16th Street]]></StreetAddress>
<CountryCode>US</CountryCode>
<CountryName>United States</CountryName>
<StateName>Missouri</StateName>
<CountryFlag>1</CountryFlag>
<CONGRESSDISTRICT>04</CONGRESSDISTRICT>
<CONGRESS_DISTRICT_PERF>MO04</CONGRESS_DISTRICT_PERF>
</Performance_Institution>
<ProgramElement>
<Code>7412</Code>
<Text>Advanced Tech Education Prog</Text>
</ProgramElement>
<ProgramReference>
<Code>1032</Code>
<Text>ADVANCED TECHNOLOGY EDUCATION</Text>
</ProgramReference>
<ProgramReference>
<Code>9178</Code>
<Text>UNDERGRADUATE EDUCATION</Text>
</ProgramReference>
<ProgramReference>
<Code>SMET</Code>
<Text>SCIENCE, MATH, ENG &amp; TECH EDUCATION</Text>
</ProgramReference>
<FUND_OBLG>2022~571769</FUND_OBLG>
</Award>
</rootTag>
