<?xml version="1.0" encoding="UTF-8"?>
<rootTag>
<Award>
<AwardTitle>Collaborative Research: Improving speech technology for better learning outcomes: the case of AAE child speakers</AwardTitle>
<AGENCY>NSF</AGENCY>
<AwardEffectiveDate>05/01/2022</AwardEffectiveDate>
<AwardExpirationDate>04/30/2025</AwardExpirationDate>
<AwardTotalIntnAmount>178992.00</AwardTotalIntnAmount>
<AwardAmount>178992</AwardAmount>
<AwardInstrument>
<Value>Standard Grant</Value>
</AwardInstrument>
<Organization>
<Code>05020000</Code>
<Directorate>
<Abbreviation>CSE</Abbreviation>
<LongName>Direct For Computer &amp; Info Scie &amp; Enginr</LongName>
</Directorate>
<Division>
<Abbreviation>IIS</Abbreviation>
<LongName>Div Of Information &amp; Intelligent Systems</LongName>
</Division>
</Organization>
<ProgramOfficer>
<SignBlockName>Tatiana Korelsky</SignBlockName>
<PO_EMAI>tkorelsk@nsf.gov</PO_EMAI>
<PO_PHON>7032928729</PO_PHON>
</ProgramOfficer>
<AbstractNarration>The lack of reading proficiency seen in children of underserved school districts has lasting impacts on students’ performances in various subjects. Low literacy is an especially pressing issue for African American students.  Interactive spoken language systems offer the possibility of a powerful tool for assisting in early childhood education, freeing up teachers’ time, and engaging students in repeated opportunities for learning. These systems involve both Automatic Speech Recognition and Text-to-Speech Systems. The goal of this research is to improve the performance of such systems for young speakers of African American English (AAE) such that automated oral literacy assessment can be developed. The research has important societal and technological impacts. It will enhance the usability of speech technology in early education for AAE speaking children, providing a model for better supporting students with diverse dialects. Many under-resourced children do not have access to adequate reading and language assessments, and the proposed work will address these issues by creating methods for adapting spoken language technology to AAE children, increasing fairness in speech technology on a broader scale. The work has strong outreach and dissemination programs and will train undergraduate and graduate students in interdisciplinary research in Electrical and Computer Engineering, Linguistics, Education, and Psychology.&lt;br/&gt;&lt;br/&gt; &lt;br/&gt;Challenges facing children’s Automatic Speech Recognition (ASR) are due to (1) lack of child speech data and, hence, current models used for recognition are trained using data collected from adult speakers, and (2) children display a wider range of intra- and inter- speaker variability than adults.  ASR performance is especially poor for children who are non-native English speakers or those who at times transition into dialects such as AAE that are different from what ASR systems are typically trained on.  In addition, most dialog systems built on text-to-speech (TTS) technology are designed using General American English (GAE) voices, which minority children may not identify with. In the high-stakes area of education, these considerations impact the effectiveness of technology for different groups. The work will utilize a new and continuously developing database of AAE children's speech to research the impact of spoken language systems on children’s learning outcomes. On the learning side, the research will highlight the impact of dialect on literacy assessment. On the technology side, the work will yield novel machine learning algorithms for low-resource tasks.  Specifically, this project will develop data augmentation techniques that can increase the amount of training data available for low-resource tasks, and data normalization techniques so that ASR performance is improved for AAE child speakers. The work on TTS will explore new methods of disentangling speaker and dialect impacts on spectral realization of phrases that model dialect density (rather than treating dialect as a categorical variable) and separately accounting for pronunciation and prosodic factors.  Methods found to be effective for TTS will be leveraged in the data augmentation work for ASR and explored as a diagnostic in literacy assessment.&lt;br/&gt;&lt;br/&gt;This award reflects NSF's statutory mission and has been deemed worthy of support through evaluation using the Foundation's intellectual merit and broader impacts review criteria.</AbstractNarration>
<MinAmdLetterDate>04/26/2022</MinAmdLetterDate>
<MaxAmdLetterDate>04/26/2022</MaxAmdLetterDate>
<ARRAAmount/>
<TRAN_TYPE>Grant</TRAN_TYPE>
<CFDA_NUM>47.070</CFDA_NUM>
<NSF_PAR_USE_FLAG>1</NSF_PAR_USE_FLAG>
<FUND_AGCY_CODE>4900</FUND_AGCY_CODE>
<AWDG_AGCY_CODE>4900</AWDG_AGCY_CODE>
<AwardID>2202467</AwardID>
<Investigator>
<FirstName>Robin</FirstName>
<LastName>Morris</LastName>
<PI_MID_INIT>D</PI_MID_INIT>
<PI_SUFX_NAME/>
<PI_FULL_NAME>Robin D Morris</PI_FULL_NAME>
<EmailAddress>robinmorris@gsu.edu</EmailAddress>
<PI_PHON>4044132502</PI_PHON>
<NSF_ID>000266775</NSF_ID>
<StartDate>04/26/2022</StartDate>
<EndDate/>
<RoleCode>Principal Investigator</RoleCode>
</Investigator>
<Institution>
<Name>Georgia State University Research Foundation, Inc.</Name>
<CityName>ATLANTA</CityName>
<ZipCode>303032921</ZipCode>
<PhoneNumber>4044133570</PhoneNumber>
<StreetAddress>58 EDGEWOOD AVE NE 3RD FL</StreetAddress>
<StreetAddress2/>
<CountryName>United States</CountryName>
<StateName>Georgia</StateName>
<StateCode>GA</StateCode>
<CONGRESSDISTRICT>05</CONGRESSDISTRICT>
<CONGRESS_DISTRICT_ORG>GA05</CONGRESS_DISTRICT_ORG>
<ORG_UEI_NUM>MNS7B9CVKDN7</ORG_UEI_NUM>
<ORG_LGL_BUS_NAME>GEORGIA STATE UNIVERSITY RESEARCH FOUNDATION, INC.</ORG_LGL_BUS_NAME>
<ORG_PRNT_UEI_NUM/>
</Institution>
<Performance_Institution>
<Name><![CDATA[Georgia State University]]></Name>
<CityName>Atlanta</CityName>
<StateCode>GA</StateCode>
<ZipCode>303023999</ZipCode>
<StreetAddress><![CDATA[P.O. Box 3999]]></StreetAddress>
<CountryCode>US</CountryCode>
<CountryName>United States</CountryName>
<StateName>Georgia</StateName>
<CountryFlag>1</CountryFlag>
<CONGRESSDISTRICT>05</CONGRESSDISTRICT>
<CONGRESS_DISTRICT_PERF>GA05</CONGRESS_DISTRICT_PERF>
</Performance_Institution>
<ProgramElement>
<Code>8020</Code>
<Text>Cyberlearn &amp; Future Learn Tech</Text>
</ProgramElement>
<ProgramReference>
<Code>8045</Code>
<Text>Cyberlearn &amp; Future Learn Tech</Text>
</ProgramReference>
<FUND_OBLG>2022~178992</FUND_OBLG>
</Award>
</rootTag>
