<?xml version="1.0" encoding="UTF-8"?>
<rootTag>
<Award>
<AwardTitle>Workforce for Water</AwardTitle>
<AGENCY>NSF</AGENCY>
<AwardEffectiveDate>07/01/2022</AwardEffectiveDate>
<AwardExpirationDate>06/30/2025</AwardExpirationDate>
<AwardTotalIntnAmount>1153803.00</AwardTotalIntnAmount>
<AwardAmount>1153803</AwardAmount>
<AwardInstrument>
<Value>Standard Grant</Value>
</AwardInstrument>
<Organization>
<Code>11040100</Code>
<Directorate>
<Abbreviation>EHR</Abbreviation>
<LongName>Direct For Education and Human Resources</LongName>
</Directorate>
<Division>
<Abbreviation>DUE</Abbreviation>
<LongName>Division Of Undergraduate Education</LongName>
</Division>
</Organization>
<ProgramOfficer>
<SignBlockName>Virginia Carter</SignBlockName>
<PO_EMAI>vccarter@nsf.gov</PO_EMAI>
<PO_PHON>7032924651</PO_PHON>
</ProgramOfficer>
<AbstractNarration>This project will support wastewater technician training, aligning education to the rural technician needs across Hawai‘i and nationwide as the wastewater treatment industry moves towards new and efficient technologies that protect public health and the global environment. Traditional Pacific Island identity is deeply rooted in sustainable water management, and a central focus of this project is to build on the growing unique mālama ‘āina movement in Hawai’i, a culture-based strategy for addressing environmental issues through land stewardship. The project will address the critical technician workforce shortage required to replace 88,000 cesspools with individual wastewater systems (IWS) by 2050, as mandated by the Hawai‘i state legislature Act 125. Hawai‘i’s cesspools release over 53 million gallons of sewage into the ground daily, threatening public health by contaminating the islands’ groundwater – the primary source of Hawaii’s drinking water.  Moreover, contaminated groundwater leaches out into the ocean, disrupting coastal ecosystems that are a fundamental part of Hawaiian cultural and economic identity.&lt;br/&gt;&lt;br/&gt;Hawai‘i Community College (Hawai‘i CC) and the University of Hawai’I Maui College (UHMC) will leverage alliances with 16 industry associations, employers and policy advocacy groups, two ATE Centers, and three local and mainland ATE projects with similar foci, to collaboratively develop an Advanced Professional Certificate (30 credit hours) in wastewater management, effectively building and supporting a sustainable talent pipeline in the recession-resilient emerging skilled trades and technology sectors related to Individual Wastewater Systems (IWS). The project will: 1) improve understanding of sustainable wastewater management systems in unique contexts, 2) encourage industry collaboration and engagement in solving wastewater problems, 3) integrate learning approaches that together enhance the existing knowledge base on wastewater management education, 4) increase recruitment, retention, and completion of students from groups underrepresented in wastewater management education programs, including Native Hawaiians, and 5) strengthen the available pool of skilled workers to meet the technical demand for IWS implementation. This project is funded by the Advanced Technological Education program that focuses on the education of technicians for the advanced-technology fields that drive the Nation's economy.&lt;br/&gt;&lt;br/&gt;This award reflects NSF's statutory mission and has been deemed worthy of support through evaluation using the Foundation's intellectual merit and broader impacts review criteria.</AbstractNarration>
<MinAmdLetterDate>04/13/2022</MinAmdLetterDate>
<MaxAmdLetterDate>04/13/2022</MaxAmdLetterDate>
<ARRAAmount/>
<TRAN_TYPE>Grant</TRAN_TYPE>
<CFDA_NUM>47.076</CFDA_NUM>
<NSF_PAR_USE_FLAG>1</NSF_PAR_USE_FLAG>
<FUND_AGCY_CODE>4900</FUND_AGCY_CODE>
<AWDG_AGCY_CODE>4900</AWDG_AGCY_CODE>
<AwardID>2202225</AwardID>
<Investigator>
<FirstName>Meagan</FirstName>
<LastName>Jones</LastName>
<PI_MID_INIT/>
<PI_SUFX_NAME/>
<PI_FULL_NAME>Meagan Jones</PI_FULL_NAME>
<EmailAddress>meaganj@hawaii.edu</EmailAddress>
<PI_PHON>8089843709</PI_PHON>
<NSF_ID>000568812</NSF_ID>
<StartDate>04/13/2022</StartDate>
<EndDate/>
<RoleCode>Co-Principal Investigator</RoleCode>
</Investigator>
<Investigator>
<FirstName>Sean</FirstName>
<LastName>Calder</LastName>
<PI_MID_INIT/>
<PI_SUFX_NAME/>
<PI_FULL_NAME>Sean Calder</PI_FULL_NAME>
<EmailAddress>scalder@hawaii.edu</EmailAddress>
<PI_PHON>8089843220</PI_PHON>
<NSF_ID>000669003</NSF_ID>
<StartDate>04/13/2022</StartDate>
<EndDate/>
<RoleCode>Co-Principal Investigator</RoleCode>
</Investigator>
<Investigator>
<FirstName>Donna</FirstName>
<LastName>De Silva</LastName>
<PI_MID_INIT/>
<PI_SUFX_NAME/>
<PI_FULL_NAME>Donna De Silva</PI_FULL_NAME>
<EmailAddress>deluz@hawaii.edu</EmailAddress>
<PI_PHON>8089342670</PI_PHON>
<NSF_ID>000863725</NSF_ID>
<StartDate>04/13/2022</StartDate>
<EndDate/>
<RoleCode>Co-Principal Investigator</RoleCode>
</Investigator>
<Investigator>
<FirstName>Debra</FirstName>
<LastName>Weeks</LastName>
<PI_MID_INIT/>
<PI_SUFX_NAME/>
<PI_FULL_NAME>Debra Weeks</PI_FULL_NAME>
<EmailAddress>daweeks@hawaii.edu</EmailAddress>
<PI_PHON>8089342821</PI_PHON>
<NSF_ID>000864385</NSF_ID>
<StartDate>04/13/2022</StartDate>
<EndDate/>
<RoleCode>Principal Investigator</RoleCode>
</Investigator>
<Institution>
<Name>University of Hawaii</Name>
<CityName>HONOLULU</CityName>
<ZipCode>96822</ZipCode>
<PhoneNumber>8089567800</PhoneNumber>
<StreetAddress>2425 CAMPUS RD SINCLAIR RM 1</StreetAddress>
<StreetAddress2/>
<CountryName>United States</CountryName>
<StateName>Hawaii</StateName>
<StateCode>HI</StateCode>
<CONGRESSDISTRICT>01</CONGRESSDISTRICT>
<CONGRESS_DISTRICT_ORG>HI01</CONGRESS_DISTRICT_ORG>
<ORG_UEI_NUM>NSCKLFSSABF2</ORG_UEI_NUM>
<ORG_LGL_BUS_NAME>UNIVERSITY OF HAWAII SYSTEMS</ORG_LGL_BUS_NAME>
<ORG_PRNT_UEI_NUM>KDVFJN7FXQC6</ORG_PRNT_UEI_NUM>
</Institution>
<Performance_Institution>
<Name><![CDATA[Hawaii Community College]]></Name>
<CityName>Hilo</CityName>
<StateCode>HI</StateCode>
<ZipCode>967205096</ZipCode>
<StreetAddress><![CDATA[1175 Manono Street]]></StreetAddress>
<CountryCode>US</CountryCode>
<CountryName>United States</CountryName>
<StateName>Hawaii</StateName>
<CountryFlag>1</CountryFlag>
<CONGRESSDISTRICT>02</CONGRESSDISTRICT>
<CONGRESS_DISTRICT_PERF>HI02</CONGRESS_DISTRICT_PERF>
</Performance_Institution>
<ProgramElement>
<Code>7412</Code>
<Text>Advanced Tech Education Prog</Text>
</ProgramElement>
<ProgramReference>
<Code>1032</Code>
<Text>ADVANCED TECHNOLOGY EDUCATION</Text>
</ProgramReference>
<ProgramReference>
<Code>9150</Code>
<Text>EXP PROG TO STIM COMP RES</Text>
</ProgramReference>
<ProgramReference>
<Code>9178</Code>
<Text>UNDERGRADUATE EDUCATION</Text>
</ProgramReference>
<ProgramReference>
<Code>SMET</Code>
<Text>SCIENCE, MATH, ENG &amp; TECH EDUCATION</Text>
</ProgramReference>
<FUND_OBLG>2022~1153803</FUND_OBLG>
</Award>
</rootTag>
