<?xml version="1.0" encoding="UTF-8"?>
<rootTag>
<Award>
<AwardTitle>2022 Cytoskeletal Motors Molecular Machines: From Biophysics To Physiology To Disease</AwardTitle>
<AGENCY>NSF</AGENCY>
<AwardEffectiveDate>05/01/2022</AwardEffectiveDate>
<AwardExpirationDate>04/30/2023</AwardExpirationDate>
<AwardTotalIntnAmount>25000.00</AwardTotalIntnAmount>
<AwardAmount>25000</AwardAmount>
<AwardInstrument>
<Value>Standard Grant</Value>
</AwardInstrument>
<Organization>
<Code>08070000</Code>
<Directorate>
<Abbreviation>BIO</Abbreviation>
<LongName>Direct For Biological Sciences</LongName>
</Directorate>
<Division>
<Abbreviation>MCB</Abbreviation>
<LongName>Div Of Molecular and Cellular Bioscience</LongName>
</Division>
</Organization>
<ProgramOfficer>
<SignBlockName>Matt Buechner</SignBlockName>
<PO_EMAI>mbuechne@nsf.gov</PO_EMAI>
<PO_PHON>7032924675</PO_PHON>
</ProgramOfficer>
<AbstractNarration>The Gordon Research Conference (GRC) and Gordon Research Seminar (GRS) on Cytoskeletal Motors will be held in Dover, VT on July 9-10, and July 10-15, respectively. The GRS is primarily attended by graduate students and postdoctoral fellows, and is designed to provide a supportive environment for trainees to present their scientific findings and network.  This will be followed by the GRC which in addition to trainees, will also bring together senior and junior scientists from broad ranging disciplines to discuss and advance our understanding of the molecular motors—cellular machines that drive many essential biological functions, including movement of chromosomes during cell division, movement of subcellular organelles, such as mitochondria, and movement of cells, such as occurs during development as well as in diseases.  The diversity and range of molecular motors is enormous, and understanding of how these different cellular machines operate and are regulated is essential to understanding of how cells travel, grow and change shape, and divide.  The application of novel microscope and biophysical techniques, together with advances in computer simulations, has greatly increased our understanding of the function of these cell motors, and a conference to share these results will disseminate this knowledge rapidly to increase basic knowledge of cell motor function to allow its use in cellular manufacturing as well as medicine.  The training and engagement of junior scientists (graduate students, postdoctoral fellows, and beginning assistant professors) is a priority of the conference.  Mentoring activities and professional development sessions are also planned as part of both the GRC and GRS.  NSF support will be used to defray registration fee and/or travel costs to allow attendance of participants from these early stages of their careers, especially for women and other members of groups that have been historically under-represented in this field.&lt;br/&gt;The science presented at the 2022 Molecular Motors GRC and GRS will cover all areas of the biophysics, biochemistry, and cell biology of the wide variety of these critical machines, including myosins, kinesins, and dyneins.  Leading researchers will present and discuss recent findings on the structure of these proteins, computational modeling of changes to motor structure during function, the forces these motors apply in the cells, the effects of these motors on cell components, from movement of chromosomes in mitosis to plasma membrane cortical tension to cell morphology, and the effects these motors have both in normal cells as well as in cells where motor function is deranged.  GRS presentations will be divided into two scientific sessions: in which the most fundamental issues in motor function will be discussed: i) molecular motor interaction with their tracks (actin and microtubules); and ii) the effects of motor dysfunction.  GRC presentations will be divided into eight scientific sessions ranging in topics from single molecule biophysics of motors and their tracks to motor structure, regulation, and involvement of cell physiology.&lt;br/&gt;&lt;br/&gt;This award reflects NSF's statutory mission and has been deemed worthy of support through evaluation using the Foundation's intellectual merit and broader impacts review criteria.</AbstractNarration>
<MinAmdLetterDate>04/22/2022</MinAmdLetterDate>
<MaxAmdLetterDate>04/22/2022</MaxAmdLetterDate>
<ARRAAmount/>
<TRAN_TYPE>Grant</TRAN_TYPE>
<CFDA_NUM>47.074</CFDA_NUM>
<NSF_PAR_USE_FLAG>1</NSF_PAR_USE_FLAG>
<FUND_AGCY_CODE>4900</FUND_AGCY_CODE>
<AWDG_AGCY_CODE>4900</AWDG_AGCY_CODE>
<AwardID>2202955</AwardID>
<Investigator>
<FirstName>Steven</FirstName>
<LastName>Rosenfeld</LastName>
<PI_MID_INIT>S</PI_MID_INIT>
<PI_SUFX_NAME/>
<PI_FULL_NAME>Steven S Rosenfeld</PI_FULL_NAME>
<EmailAddress>rosen2341@gmail.com</EmailAddress>
<PI_PHON>9044175247</PI_PHON>
<NSF_ID>000861247</NSF_ID>
<StartDate>04/22/2022</StartDate>
<EndDate/>
<RoleCode>Principal Investigator</RoleCode>
</Investigator>
<Institution>
<Name>Gordon Research Conferences</Name>
<CityName>WEST KINGSTON</CityName>
<ZipCode>028921502</ZipCode>
<PhoneNumber>4017834011</PhoneNumber>
<StreetAddress>512 LIBERTY LN</StreetAddress>
<StreetAddress2/>
<CountryName>United States</CountryName>
<StateName>Rhode Island</StateName>
<StateCode>RI</StateCode>
<CONGRESSDISTRICT>02</CONGRESSDISTRICT>
<CONGRESS_DISTRICT_ORG>RI02</CONGRESS_DISTRICT_ORG>
<ORG_UEI_NUM>XL5ANMKWN557</ORG_UEI_NUM>
<ORG_LGL_BUS_NAME>GORDON RESEARCH CONFERENCES</ORG_LGL_BUS_NAME>
<ORG_PRNT_UEI_NUM/>
</Institution>
<Performance_Institution>
<Name><![CDATA[Gordon Research Conferences]]></Name>
<CityName>West Kingston</CityName>
<StateCode>RI</StateCode>
<ZipCode>028921502</ZipCode>
<StreetAddress><![CDATA[512 Liberty Lane]]></StreetAddress>
<CountryCode>US</CountryCode>
<CountryName>United States</CountryName>
<StateName>Rhode Island</StateName>
<CountryFlag>1</CountryFlag>
<CONGRESSDISTRICT>02</CONGRESSDISTRICT>
<CONGRESS_DISTRICT_PERF>RI02</CONGRESS_DISTRICT_PERF>
</Performance_Institution>
<ProgramElement>
<Code>1114</Code>
<Text>Cellular Dynamics and Function</Text>
</ProgramElement>
<ProgramReference>
<Code>7465</Code>
<Text>NANOSCALE BIO CORE</Text>
</ProgramReference>
<ProgramReference>
<Code>7556</Code>
<Text>CONFERENCE AND WORKSHOPS</Text>
</ProgramReference>
<ProgramReference>
<Code>9150</Code>
<Text>EXP PROG TO STIM COMP RES</Text>
</ProgramReference>
<FUND_OBLG>2022~25000</FUND_OBLG>
</Award>
</rootTag>
