<?xml version="1.0" encoding="UTF-8"?>
<rootTag>
<Award>
<AwardTitle><![CDATA[Building a data driven pathway in data science leading to student success]]></AwardTitle>
<AGENCY>NSF</AGENCY>
<AwardEffectiveDate>07/01/2022</AwardEffectiveDate>
<AwardExpirationDate>06/30/2025</AwardExpirationDate>
<AwardTotalIntnAmount>349534.00</AwardTotalIntnAmount>
<AwardAmount>349534</AwardAmount>
<AwardInstrument>
<Value>Standard Grant</Value>
</AwardInstrument>
<Organization>
<Code>11040100</Code>
<Directorate>
<Abbreviation>EHR</Abbreviation>
<LongName>Direct For Education and Human Resources</LongName>
</Directorate>
<Division>
<Abbreviation>DUE</Abbreviation>
<LongName>Division Of Undergraduate Education</LongName>
</Division>
</Organization>
<ProgramOfficer>
<SignBlockName>Paul Tymann</SignBlockName>
<PO_EMAI>ptymann@nsf.gov</PO_EMAI>
<PO_PHON>7032922832</PO_PHON>
</ProgramOfficer>
<AbstractNarration><![CDATA[Businesses of all types recognize the transformational value of “big data” in decision making and planning and are facing a growing need to hire employees with data analytic skills. Guided by the expertise of industry leaders in the areas of big data, data science, and data analytics, Los Angeles Harbor College (LAHC) will create two stackable Data Analyst certificates designed to provide technician-level skills for entry-level employment to address the demand for employees with “big data” skills. Educational pathways will be developed that will integrate several established traditional and non-traditional STEM degrees, such as business, psychology, biology, and education, allowing community college students to acquire a foundation in data analytics, increasing entry level employability, and allowing them to work in sectors with “big data” needs. In addition to preparing students for technician-level employment, the use of credit-bearing, transferable coursework will allow LAHC to establish a data science transfer pathway to a growing number of baccalaureate institutions offering data science programs.&lt;br/&gt;&lt;br/&gt;The project will create a Data Analyst certificate designed to provide foundational data science and analysis skills that will increase the employability of any LAHC student. The objectives of the project include: (1) identifying the knowledge and skill set needed for employment in high demand data analytics technician jobs, (2) developing a new industry-focused Data Analyst Certificate using existing, credit-bearing courses to create new, industry-focused STEM pathway for students at LAHC, and (3) recruiting and enrolling current and new students into the program to complete the Data Analyst Certificate. A Data Science Advisory Board will be formed to develop the learning outcomes for the program and to identify internship sites to provide industry-based learning opportunities. To ensure the courses and data analyst technician program objectives and outcomes align with the current need in the industry, a data science analyst skills assessment will be conducted. The evaluation plan will use a mixed methods approach, matching the method to the outcome.&lt;br/&gt;&lt;br/&gt;This project is funded by the Advanced Technological Education program that focuses on the education of technicians for the advanced-technology fields that drive the Nation's economy.&lt;br/&gt;&lt;br/&gt;This award reflects NSF's statutory mission and has been deemed worthy of support through evaluation using the Foundation's intellectual merit and broader impacts review criteria.]]></AbstractNarration>
<MinAmdLetterDate>06/01/2022</MinAmdLetterDate>
<MaxAmdLetterDate>06/01/2022</MaxAmdLetterDate>
<ARRAAmount/>
<TRAN_TYPE>Grant</TRAN_TYPE>
<CFDA_NUM>47.076</CFDA_NUM>
<NSF_PAR_USE_FLAG>1</NSF_PAR_USE_FLAG>
<FUND_AGCY_CODE>4900</FUND_AGCY_CODE>
<AWDG_AGCY_CODE>4900</AWDG_AGCY_CODE>
<AwardID>2202226</AwardID>
<Investigator>
<FirstName>Joachin</FirstName>
<LastName>Arias</LastName>
<PI_MID_INIT/>
<PI_SUFX_NAME/>
<PI_FULL_NAME>Joachin Arias</PI_FULL_NAME>
<EmailAddress><![CDATA[ariasjj@lahc.edu]]></EmailAddress>
<NSF_ID>000865567</NSF_ID>
<StartDate>06/01/2022</StartDate>
<EndDate/>
<RoleCode>Principal Investigator</RoleCode>
</Investigator>
<Investigator>
<FirstName>Lorrie</FirstName>
<LastName>Kato</LastName>
<PI_MID_INIT/>
<PI_SUFX_NAME/>
<PI_FULL_NAME>Lorrie Kato</PI_FULL_NAME>
<EmailAddress><![CDATA[katoln@laccd.edu]]></EmailAddress>
<NSF_ID>000865892</NSF_ID>
<StartDate>06/01/2022</StartDate>
<EndDate/>
<RoleCode>Co-Principal Investigator</RoleCode>
</Investigator>
<Institution>
<Name>Los Angeles Harbor College</Name>
<CityName>WILMINGTON</CityName>
<ZipCode>907442311</ZipCode>
<PhoneNumber>3102334041</PhoneNumber>
<StreetAddress>1111 FIGUEROA PLACE</StreetAddress>
<StreetAddress2/>
<CountryName>United States</CountryName>
<StateName>California</StateName>
<StateCode>CA</StateCode>
<CONGRESSDISTRICT>33</CONGRESSDISTRICT>
<CONGRESS_DISTRICT_ORG>CA33</CONGRESS_DISTRICT_ORG>
<ORG_UEI_NUM>UCB7M1EMEHJ4</ORG_UEI_NUM>
<ORG_LGL_BUS_NAME>LOS ANGELES COMMUNITY COLLEGE DISTRICT</ORG_LGL_BUS_NAME>
<ORG_PRNT_UEI_NUM>Y9SWL6BWDM85</ORG_PRNT_UEI_NUM>
</Institution>
<Performance_Institution>
<Name><![CDATA[Los Angeles Harbor College]]></Name>
<CityName>Wilmington</CityName>
<StateCode>CA</StateCode>
<ZipCode>907442397</ZipCode>
<StreetAddress><![CDATA[1111 Figueroa Pl]]></StreetAddress>
<CountryCode>US</CountryCode>
<CountryName>United States</CountryName>
<StateName>California</StateName>
<CountryFlag>1</CountryFlag>
<CONGRESSDISTRICT>33</CONGRESSDISTRICT>
<CONGRESS_DISTRICT_PERF>CA33</CONGRESS_DISTRICT_PERF>
</Performance_Institution>
<ProgramElement>
<Code>7412</Code>
<Text>Advanced Tech Education Prog</Text>
</ProgramElement>
<ProgramReference>
<Code>1032</Code>
<Text>ADVANCED TECHNOLOGY EDUCATION</Text>
</ProgramReference>
<ProgramReference>
<Code>9178</Code>
<Text>UNDERGRADUATE EDUCATION</Text>
</ProgramReference>
<ProgramReference>
<Code>SMET</Code>
<Text>SCIENCE, MATH, ENG &amp; TECH EDUCATION</Text>
</ProgramReference>
<FUND_OBLG>2022~349534</FUND_OBLG>
</Award>
</rootTag>
