<?xml version="1.0" encoding="UTF-8"?>
<rootTag>
<Award>
<AwardTitle>Improving and Modernizing Machinist Training and Education for Machining Workforce Preparation in the Finger Lakes Region of New York</AwardTitle>
<AGENCY>NSF</AGENCY>
<AwardEffectiveDate>07/01/2022</AwardEffectiveDate>
<AwardExpirationDate>06/30/2025</AwardExpirationDate>
<AwardTotalIntnAmount>649257.00</AwardTotalIntnAmount>
<AwardAmount>649257</AwardAmount>
<AwardInstrument>
<Value>Standard Grant</Value>
</AwardInstrument>
<Organization>
<Code>11040100</Code>
<Directorate>
<Abbreviation>EHR</Abbreviation>
<LongName>Direct For Education and Human Resources</LongName>
</Directorate>
<Division>
<Abbreviation>DUE</Abbreviation>
<LongName>Division Of Undergraduate Education</LongName>
</Division>
</Organization>
<ProgramOfficer>
<SignBlockName>Michael Davis</SignBlockName>
<PO_EMAI>mdavis@nsf.gov</PO_EMAI>
<PO_PHON>7032927166</PO_PHON>
</ProgramOfficer>
<AbstractNarration>Machining is an essential component of the manufacturing process that has played a significant role in every industrial revolution. Machinists, as machine tool operators, are important members of the skilled technical workforce, and require long-term and professional training or education. As many new concepts and technologies are being introduced in the machining industry to satisfy the requirements of Industry 4.0, the corresponding revision of machinist training must also take place. This project will improve and modernize existing machinist training and education in response to the new requirements of the machining industry in the era of Industry 4.0. It is expected that the local machining industry, an important economic pillar of the Finger Lakes region in New York State, will benefit significantly from increasing the pool of available skilled workers and meeting the new demands of machining knowledge and skills.&lt;br/&gt;&lt;br/&gt;The overall goals of this project are to 1) improve existing machining training and education programs in response to the skill and knowledge requirements of 21st century interdisciplinary themes, 2) modernize existing machinist training and education using innovative methods and advanced technologies to improve trainee engagement and learning efficiency, 3) expand the machining workforce by increasing the accessibility and flexibility of machinist training and education to various stakeholders, and 4) facilitate machinist training/education interworking and resource sharing among training providers. All project results will be disseminated throughout New York State as well as the entire United States through collaborations with New York Manufacturing Extension Partnership (NY MEP) and Boards of Cooperative Educational Services (BOCES) of New York State to maximize their impact. This project is funded by the Advanced Technological Education program that focuses on the education of technicians for the advanced-technology fields that drive the Nation's economy.&lt;br/&gt;&lt;br/&gt;This award reflects NSF's statutory mission and has been deemed worthy of support through evaluation using the Foundation's intellectual merit and broader impacts review criteria.</AbstractNarration>
<MinAmdLetterDate>04/19/2022</MinAmdLetterDate>
<MaxAmdLetterDate>04/19/2022</MaxAmdLetterDate>
<ARRAAmount/>
<TRAN_TYPE>Grant</TRAN_TYPE>
<CFDA_NUM>47.076</CFDA_NUM>
<NSF_PAR_USE_FLAG>1</NSF_PAR_USE_FLAG>
<FUND_AGCY_CODE>4900</FUND_AGCY_CODE>
<AWDG_AGCY_CODE>4900</AWDG_AGCY_CODE>
<AwardID>2202179</AwardID>
<Investigator>
<FirstName>Rui</FirstName>
<LastName>Liu</LastName>
<PI_MID_INIT/>
<PI_SUFX_NAME/>
<PI_FULL_NAME>Rui Liu</PI_FULL_NAME>
<EmailAddress>rleme@rit.edu</EmailAddress>
<PI_PHON>5854756819</PI_PHON>
<NSF_ID>000743012</NSF_ID>
<StartDate>04/19/2022</StartDate>
<EndDate/>
<RoleCode>Principal Investigator</RoleCode>
</Investigator>
<Investigator>
<FirstName>YUNBO</FirstName>
<LastName>ZHANG</LastName>
<PI_MID_INIT/>
<PI_SUFX_NAME/>
<PI_FULL_NAME>YUNBO ZHANG</PI_FULL_NAME>
<EmailAddress>ywzeie@rit.edu</EmailAddress>
<PI_PHON>5854755571</PI_PHON>
<NSF_ID>000823255</NSF_ID>
<StartDate>04/19/2022</StartDate>
<EndDate/>
<RoleCode>Co-Principal Investigator</RoleCode>
</Investigator>
<Investigator>
<FirstName>John</FirstName>
<LastName>Troy</LastName>
<PI_MID_INIT>M</PI_MID_INIT>
<PI_SUFX_NAME/>
<PI_FULL_NAME>John M Troy</PI_FULL_NAME>
<EmailAddress>jtroy@monroecc.edu</EmailAddress>
<PI_PHON>5856856172</PI_PHON>
<NSF_ID>000865497</NSF_ID>
<StartDate>04/19/2022</StartDate>
<EndDate/>
<RoleCode>Co-Principal Investigator</RoleCode>
</Investigator>
<Institution>
<Name>Rochester Institute of Tech</Name>
<CityName>ROCHESTER</CityName>
<ZipCode>146235603</ZipCode>
<PhoneNumber>5854757987</PhoneNumber>
<StreetAddress>1 LOMB MEMORIAL DR</StreetAddress>
<StreetAddress2/>
<CountryName>United States</CountryName>
<StateName>New York</StateName>
<StateCode>NY</StateCode>
<CONGRESSDISTRICT>25</CONGRESSDISTRICT>
<CONGRESS_DISTRICT_ORG>NY25</CONGRESS_DISTRICT_ORG>
<ORG_UEI_NUM>J6TWTRKC1X14</ORG_UEI_NUM>
<ORG_LGL_BUS_NAME>ROCHESTER INSTITUTE OF TECHNOLOGY (INC)</ORG_LGL_BUS_NAME>
<ORG_PRNT_UEI_NUM>J6TWTRKC1X14</ORG_PRNT_UEI_NUM>
</Institution>
<Performance_Institution>
<Name><![CDATA[Rochester Institute of Tech]]></Name>
<CityName>Rochester</CityName>
<StateCode>NY</StateCode>
<ZipCode>146235603</ZipCode>
<StreetAddress><![CDATA[1 Lomb Memorial Drive]]></StreetAddress>
<CountryCode>US</CountryCode>
<CountryName>United States</CountryName>
<StateName>New York</StateName>
<CountryFlag>1</CountryFlag>
<CONGRESSDISTRICT>25</CONGRESSDISTRICT>
<CONGRESS_DISTRICT_PERF>NY25</CONGRESS_DISTRICT_PERF>
</Performance_Institution>
<ProgramElement>
<Code>7412</Code>
<Text>Advanced Tech Education Prog</Text>
</ProgramElement>
<ProgramReference>
<Code>1032</Code>
<Text>ADVANCED TECHNOLOGY EDUCATION</Text>
</ProgramReference>
<ProgramReference>
<Code>9178</Code>
<Text>UNDERGRADUATE EDUCATION</Text>
</ProgramReference>
<ProgramReference>
<Code>SMET</Code>
<Text>SCIENCE, MATH, ENG &amp; TECH EDUCATION</Text>
</ProgramReference>
<FUND_OBLG>2022~649257</FUND_OBLG>
</Award>
</rootTag>
