<?xml version="1.0" encoding="UTF-8"?>
<rootTag>
<Award>
<AwardTitle>Improving Advanced Manufacturing Technician Education Using Industry Partnerships</AwardTitle>
<AGENCY>NSF</AGENCY>
<AwardEffectiveDate>06/01/2022</AwardEffectiveDate>
<AwardExpirationDate>05/31/2025</AwardExpirationDate>
<AwardTotalIntnAmount>464846.00</AwardTotalIntnAmount>
<AwardAmount>464846</AwardAmount>
<AwardInstrument>
<Value>Standard Grant</Value>
</AwardInstrument>
<Organization>
<Code>11040100</Code>
<Directorate>
<Abbreviation>EHR</Abbreviation>
<LongName>Direct For Education and Human Resources</LongName>
</Directorate>
<Division>
<Abbreviation>DUE</Abbreviation>
<LongName>Division Of Undergraduate Education</LongName>
</Division>
</Organization>
<ProgramOfficer>
<SignBlockName>John Jackman</SignBlockName>
<PO_EMAI>jjackman@nsf.gov</PO_EMAI>
<PO_PHON>7032924816</PO_PHON>
</ProgramOfficer>
<AbstractNarration>There is growing demand from industry for technicians with advanced manufacturing skills in the central Virginia region. Building partnerships between academia, industry, non-profits, and economic agencies is an effective approach to improving educational pathways and leveraging local resources to help train students to meet this demand. The project team will work with industry partners to identify the skills that are needed so that students will be successful in the technician workforce. Community colleges rely heavily on adjunct instructors from industry to train students. Courses in advanced manufacturing technician degree programs require adjunct faculty with current and applied knowledge and skills which are continually changing in the rapidly automating manufacturing environment. This project will help industry employees engage in technician education programs as adjunct instructors, providing qualified educators for these programs. Better industry partnerships will help support recruitment and retention of students to produce more advanced manufacturing technicians. Industry employees will serve as adjuncts in the classroom to improve student competencies and outside the classroom to engage secondary and underrepresented students in advanced manufacturing. This project will advance understanding of the effectiveness of industry-academic partnerships in leveraging local resources and growing the advanced manufacturing workforce.&lt;br/&gt;&lt;br/&gt;The goal of this project is to improve advanced manufacturing technician training by: (1) growing industry partnerships to improve instruction and curriculum content, (2) training industry professionals to serve as faculty in technical education degree programs, and (3) strengthening career pathways for students through partnerships between industry, local economic agencies, and non-profits. This project will organize multiple Collaborative Working Groups for different industry sectors that have representatives from regional advanced manufacturing companies that currently have or will need technicians. These groups will review technical degree programs and make recommendations, participate in student outreach activities, and develop internship opportunities for students. A new online training course will be developed to provide training for industry adjunct faculty on effective teaching practices, the use of instructional technology, and communicating with students. This project will provide opportunities for secondary students to learn about technician careers in advanced manufacturing by bringing students to campus to participate in hands-on learning activities in the lab facilities. The project team will work with an ATE center and an ATE Coordination Network to disseminate project results including presentations and open educational resources. This project is funded by the Advanced Technological Education program that focuses on the education of technicians for the advanced-technology fields that drive the nation's economy.&lt;br/&gt;&lt;br/&gt;This award reflects NSF's statutory mission and has been deemed worthy of support through evaluation using the Foundation's intellectual merit and broader impacts review criteria.</AbstractNarration>
<MinAmdLetterDate>03/29/2022</MinAmdLetterDate>
<MaxAmdLetterDate>03/29/2022</MaxAmdLetterDate>
<ARRAAmount/>
<TRAN_TYPE>Grant</TRAN_TYPE>
<CFDA_NUM>47.076</CFDA_NUM>
<NSF_PAR_USE_FLAG>1</NSF_PAR_USE_FLAG>
<FUND_AGCY_CODE>4900</FUND_AGCY_CODE>
<AWDG_AGCY_CODE>4900</AWDG_AGCY_CODE>
<AwardID>2202015</AwardID>
<Investigator>
<FirstName>Marcella</FirstName>
<LastName>Gale</LastName>
<PI_MID_INIT/>
<PI_SUFX_NAME/>
<PI_FULL_NAME>Marcella Gale</PI_FULL_NAME>
<EmailAddress>galem@centralvirginia.edu</EmailAddress>
<PI_PHON>4348327619</PI_PHON>
<NSF_ID>000758429</NSF_ID>
<StartDate>03/29/2022</StartDate>
<EndDate/>
<RoleCode>Principal Investigator</RoleCode>
</Investigator>
<Investigator>
<FirstName>Jesse</FirstName>
<LastName>Thorpe</LastName>
<PI_MID_INIT/>
<PI_SUFX_NAME/>
<PI_FULL_NAME>Jesse Thorpe</PI_FULL_NAME>
<EmailAddress>thorpej@centralvirginia.edu</EmailAddress>
<PI_PHON>5704525993</PI_PHON>
<NSF_ID>000866100</NSF_ID>
<StartDate>03/29/2022</StartDate>
<EndDate/>
<RoleCode>Co-Principal Investigator</RoleCode>
</Investigator>
<Investigator>
<FirstName>William</FirstName>
<LastName>Murphy</LastName>
<PI_MID_INIT>D</PI_MID_INIT>
<PI_SUFX_NAME/>
<PI_FULL_NAME>William D Murphy</PI_FULL_NAME>
<EmailAddress>MurphyW@centralvirginia.edu</EmailAddress>
<PI_PHON>4349442223</PI_PHON>
<NSF_ID>000789416</NSF_ID>
<StartDate>03/29/2022</StartDate>
<EndDate/>
<RoleCode>Co-Principal Investigator</RoleCode>
</Investigator>
<Institution>
<Name>Central Virginia Community College</Name>
<CityName>LYNCHBURG</CityName>
<ZipCode>245022448</ZipCode>
<PhoneNumber>4348327641</PhoneNumber>
<StreetAddress>3506 WARDS RD</StreetAddress>
<StreetAddress2/>
<CountryName>United States</CountryName>
<StateName>Virginia</StateName>
<StateCode>VA</StateCode>
<CONGRESSDISTRICT>06</CONGRESSDISTRICT>
<CONGRESS_DISTRICT_ORG>VA06</CONGRESS_DISTRICT_ORG>
<ORG_UEI_NUM>X4J7XMJVDLE1</ORG_UEI_NUM>
<ORG_LGL_BUS_NAME>VIRGINIA COMMUNITY COLLEGE SYSTEM OFFICE</ORG_LGL_BUS_NAME>
<ORG_PRNT_UEI_NUM>GMQLHKD9TQR7</ORG_PRNT_UEI_NUM>
</Institution>
<Performance_Institution>
<Name><![CDATA[Central Virginia Community College]]></Name>
<CityName>Lynchburg</CityName>
<StateCode>VA</StateCode>
<ZipCode>245022448</ZipCode>
<StreetAddress><![CDATA[3506 Wards Road]]></StreetAddress>
<CountryCode>US</CountryCode>
<CountryName>United States</CountryName>
<StateName>Virginia</StateName>
<CountryFlag>1</CountryFlag>
<CONGRESSDISTRICT>06</CONGRESSDISTRICT>
<CONGRESS_DISTRICT_PERF>VA06</CONGRESS_DISTRICT_PERF>
</Performance_Institution>
<ProgramElement>
<Code>7412</Code>
<Text>Advanced Tech Education Prog</Text>
</ProgramElement>
<ProgramReference>
<Code>1032</Code>
<Text>ADVANCED TECHNOLOGY EDUCATION</Text>
</ProgramReference>
<ProgramReference>
<Code>9178</Code>
<Text>UNDERGRADUATE EDUCATION</Text>
</ProgramReference>
<ProgramReference>
<Code>SMET</Code>
<Text>SCIENCE, MATH, ENG &amp; TECH EDUCATION</Text>
</ProgramReference>
<FUND_OBLG>2022~464846</FUND_OBLG>
</Award>
</rootTag>
