<?xml version="1.0" encoding="UTF-8"?>
<rootTag>
<Award>
<AwardTitle><![CDATA[Collaborative Research:  P2C2--Assessing Climate and Stochastic Forcing of North Atlantic Tropical Cyclone Activity over the Past Millennium]]></AwardTitle>
<AGENCY>NSF</AGENCY>
<AwardEffectiveDate>09/01/2022</AwardEffectiveDate>
<AwardExpirationDate>08/31/2024</AwardExpirationDate>
<AwardTotalIntnAmount>126436.00</AwardTotalIntnAmount>
<AwardAmount>126436</AwardAmount>
<AwardInstrument>
<Value>Standard Grant</Value>
</AwardInstrument>
<Organization>
<Code>06020100</Code>
<Directorate>
<Abbreviation>GEO</Abbreviation>
<LongName>Directorate For Geosciences</LongName>
</Directorate>
<Division>
<Abbreviation>AGS</Abbreviation>
<LongName>Div Atmospheric &amp; Geospace Sciences</LongName>
</Division>
</Organization>
<ProgramOfficer>
<SignBlockName>Soumaya Belmecheri</SignBlockName>
<PO_EMAI>sbelmech@nsf.gov</PO_EMAI>
<PO_PHON>7032920000</PO_PHON>
</ProgramOfficer>
<AbstractNarration><![CDATA[This project aims to improve model predictions of tropical cyclones in coastal North America by combining past records of Atlantic hurricanes with tropical cyclone models of the North Atlantic. The U.S. coastal communities are susceptible to tropical cyclone (TC) damages, with urban infrastructure that is ill-equipped for TC-induced flooding. Recent active Atlantic hurricane seasons (i.e., 2020) have cast justified attention on the role of climate change in altering TCs in the North Atlantic. However, a robust analysis of the influence of longer-time scale climate variability on the frequency and trajectories of TC is hindered by the short observation datasets (~ 50 years available from satellite records). Past records of hurricanes (proxy records) can extend the record of TC statistics to thousands of years beyond observational data. But these records tend to capture only close-moving and intense storms which make it difficult to ascertain whether past records of hurricanes are related to climate variability or randomness (stochasticity). Therefore, this project proposes to rigorously assess uncertainties associated with past hurricane records (paleohurricanes) by analyzing existing proxies of TCs from the North Atlantic and comparing them to new TC model simulations of the past millennium. These data-model comparisons will then be used to both investigate the sensitivity of Atlantic TCs to changing climate drivers and feedbacks in a model world, and to test the ability of individual and networks of paleohurricane records in capturing TC climate in the real world. The potential Broader Impacts include a better understanding of the processes driving changes in tropical cyclones activity in the Atlantic and a potential improvement of the ability to predict future tropical cyclones risk for coastal communities&lt;br/&gt;&lt;br/&gt;Specifically, the researchers will: 1) Generate North Atlantic TC datasets spanning multiple model simulations of the last millennium; 2) Investigate relationships between the past response of modeled TCs and climatic drivers (such as the North Atlantic Subtropical High and El Niño Southern Oscillation); 3) Integrate new TC simulations with existing records of past hurricanes spanning the past millennium to quantify the climate signal captured in individual records compared to local noise; and 4) Develop methodology for combining reconstructions of past hurricanes to maximize regional-to-basin-wide climate signal. This project will potentially expand the dataset of landfalling TCs to better quantify local risks and robustly assess the role for climate variability in driving TC activity. A storm dataset spanning the last 1000 years will be developed and available to the broader scientific community and stakeholders. This project will provide research experience and support for two early-career scientists, including research support for one postdoctoral fellow and undergraduate students at Rice University. The researchers will leverage undergraduate summer research projects through Rice’s anticipated 2020-2022 REU which recruits historically black college and community college students. Further, the researchers at Rice University will work with leaders of Girl Scouts San Jacinto Council to plan events focused on hurricane science and preparedness, including sessions that will engage the participants of the Girl Scout Global Leadership Conference, attended by 250 scouts and 150 troop leaders. The project will also support summer research experiences for high school students through collaboration with the Rice Design, Connect, Create (DCC). The 4-week summer program engages 35-60 minority participants in applied physics including climate, but also establishes networks and mentoring for participants across critical transitions in STEM career pathways – from high school, to graduate school, and beyond – known to be critical to retaining scientists in STEM fields. The outcome of this research project will be disseminated to thousands of students in Houston public schools through the Rice Research Experience for Teachers (RET) and Applied Math Program (AMP!).&lt;br/&gt;&lt;br/&gt;This award reflects NSF's statutory mission and has been deemed worthy of support through evaluation using the Foundation's intellectual merit and broader impacts review criteria.]]></AbstractNarration>
<MinAmdLetterDate>05/10/2022</MinAmdLetterDate>
<MaxAmdLetterDate>05/10/2022</MaxAmdLetterDate>
<ARRAAmount/>
<TRAN_TYPE>Grant</TRAN_TYPE>
<CFDA_NUM>47.050</CFDA_NUM>
<NSF_PAR_USE_FLAG>1</NSF_PAR_USE_FLAG>
<FUND_AGCY_CODE>4900</FUND_AGCY_CODE>
<AWDG_AGCY_CODE>4900</AWDG_AGCY_CODE>
<AwardID>2202784</AwardID>
<Investigator>
<FirstName>Gabriel</FirstName>
<LastName>Vecchi</LastName>
<PI_MID_INIT>A</PI_MID_INIT>
<PI_SUFX_NAME/>
<PI_FULL_NAME>Gabriel A Vecchi</PI_FULL_NAME>
<EmailAddress><![CDATA[gvecchi@princeton.edu]]></EmailAddress>
<NSF_ID>000626545</NSF_ID>
<StartDate>05/10/2022</StartDate>
<EndDate/>
<RoleCode>Principal Investigator</RoleCode>
</Investigator>
<Investigator>
<FirstName>Wenchang</FirstName>
<LastName>Yang</LastName>
<PI_MID_INIT/>
<PI_SUFX_NAME/>
<PI_FULL_NAME>Wenchang Yang</PI_FULL_NAME>
<EmailAddress><![CDATA[wenchang@princeton.edu]]></EmailAddress>
<NSF_ID>000866087</NSF_ID>
<StartDate>05/10/2022</StartDate>
<EndDate/>
<RoleCode>Co-Principal Investigator</RoleCode>
</Investigator>
<Institution>
<Name>Princeton University</Name>
<CityName>PRINCETON</CityName>
<ZipCode>085442001</ZipCode>
<PhoneNumber>6092583090</PhoneNumber>
<StreetAddress>1 NASSAU HALL</StreetAddress>
<StreetAddress2/>
<CountryName>United States</CountryName>
<StateName>New Jersey</StateName>
<StateCode>NJ</StateCode>
<CONGRESSDISTRICT>12</CONGRESSDISTRICT>
<CONGRESS_DISTRICT_ORG>NJ12</CONGRESS_DISTRICT_ORG>
<ORG_UEI_NUM>NJ1YPQXQG7U5</ORG_UEI_NUM>
<ORG_LGL_BUS_NAME>TRUSTEES OF PRINCETON UNIVERSITY, THE</ORG_LGL_BUS_NAME>
<ORG_PRNT_UEI_NUM>NJ1YPQXQG7U5</ORG_PRNT_UEI_NUM>
</Institution>
<Performance_Institution>
<Name><![CDATA[Princeton University]]></Name>
<CityName>Princeton</CityName>
<StateCode>NJ</StateCode>
<ZipCode>085442020</ZipCode>
<StreetAddress><![CDATA[Off. of Research & Proj. Admin.]]></StreetAddress>
<CountryCode>US</CountryCode>
<CountryName>United States</CountryName>
<StateName>New Jersey</StateName>
<CountryFlag>1</CountryFlag>
<CONGRESSDISTRICT>12</CONGRESSDISTRICT>
<CONGRESS_DISTRICT_PERF>NJ12</CONGRESS_DISTRICT_PERF>
</Performance_Institution>
<ProgramElement>
<Code>1530</Code>
<Text>Paleoclimate</Text>
</ProgramElement>
<ProgramReference>
<Code>7754</Code>
<Text>CLIMATE VARIABILITY &amp; CHANGE</Text>
</ProgramReference>
<ProgramReference>
<Code>8070</Code>
<Text>P2C2 Proposals</Text>
</ProgramReference>
<Appropriation>
<Code/>
<Name/>
<APP_SYMB_ID/>
</Appropriation>
<Fund>
<Code>01002223DB</Code>
<Name><![CDATA[NSF RESEARCH & RELATED ACTIVIT]]></Name>
<FUND_SYMB_ID>040100</FUND_SYMB_ID>
</Fund>
<FUND_OBLG>2022~126436</FUND_OBLG>
</Award>
</rootTag>
