<?xml version="1.0" encoding="UTF-8"?>
<rootTag>
<Award>
<AwardTitle>How Are Dynamos Born And How Do They Die? Characterizing Stellar Magnetism During Spin-Down</AwardTitle>
<AGENCY>NSF</AGENCY>
<AwardEffectiveDate>10/01/2022</AwardEffectiveDate>
<AwardExpirationDate>09/30/2025</AwardExpirationDate>
<AwardTotalIntnAmount>300000.00</AwardTotalIntnAmount>
<AwardAmount>100000</AwardAmount>
<AwardInstrument>
<Value>Fellowship Award</Value>
</AwardInstrument>
<Organization>
<Code>03020000</Code>
<Directorate>
<Abbreviation>MPS</Abbreviation>
<LongName>Direct For Mathematical &amp; Physical Scien</LongName>
</Directorate>
<Division>
<Abbreviation>AST</Abbreviation>
<LongName>Division Of Astronomical Sciences</LongName>
</Division>
</Organization>
<ProgramOfficer>
<SignBlockName>Harshal Gupta</SignBlockName>
<PO_EMAI>hgupta@nsf.gov</PO_EMAI>
<PO_PHON>7032925039</PO_PHON>
</ProgramOfficer>
<AbstractNarration>Loren Matilsky is awarded an NSF Astronomy and Astrophysics Fellowship to carry out a program of research and education at the University of California, Santa Cruz.  Matilsky will perform supercomputer simulations of magnetized, rotating shells to characterize global dynamos in stars.  Results from this project will allow astronomers to better understand stellar dynamos, a critical step in modeling “space weather” – violent magnetic eruptions such as stellar flares and coronal mass ejections – that influences planetary habitability.  Matilsky will also establish a peer mentoring program that will help students and postdoctoral researchers gain the skills to navigate research and teaching.&lt;br/&gt;&lt;br/&gt;Dynamos in stars other than the Sun are poorly understood and have yet to be adequately explored.  Matilsky will address this knowledge gap by implementing a suite of simulations for two main stellar geometries – a Sun-like star with a tachocline and a fully convective M-dwarf with no tachocline – spanning the full range of rotation rates achieved during spin-down.  This work will advance our understanding of the observed activity-rotation relation in low mass stars and determine whether the nature of the dynamo changes fundamentally during a star’s life.&lt;br/&gt;&lt;br/&gt;This award reflects NSF's statutory mission and has been deemed worthy of support through evaluation using the Foundation's intellectual merit and broader impacts review criteria.</AbstractNarration>
<MinAmdLetterDate>05/19/2022</MinAmdLetterDate>
<MaxAmdLetterDate>05/19/2022</MaxAmdLetterDate>
<ARRAAmount/>
<TRAN_TYPE>Grant</TRAN_TYPE>
<CFDA_NUM>47.049</CFDA_NUM>
<NSF_PAR_USE_FLAG>1</NSF_PAR_USE_FLAG>
<FUND_AGCY_CODE>4900</FUND_AGCY_CODE>
<AWDG_AGCY_CODE>4900</AWDG_AGCY_CODE>
<AwardID>2202253</AwardID>
<Investigator>
<FirstName>Loren</FirstName>
<LastName>Matilsky</LastName>
<PI_MID_INIT/>
<PI_SUFX_NAME/>
<PI_FULL_NAME>Loren Matilsky</PI_FULL_NAME>
<EmailAddress/>
<PI_PHON>7328414061</PI_PHON>
<NSF_ID>000838544</NSF_ID>
<StartDate>05/19/2022</StartDate>
<EndDate/>
<RoleCode>Principal Investigator</RoleCode>
</Investigator>
<Institution>
<Name>Matilsky, Loren</Name>
<CityName>Boulder</CityName>
<ZipCode>803090440</ZipCode>
<PhoneNumber/>
<StreetAddress/>
<StreetAddress2/>
<CountryName>United States</CountryName>
<StateName>Colorado</StateName>
<StateCode>CO</StateCode>
<CONGRESSDISTRICT>02</CONGRESSDISTRICT>
<CONGRESS_DISTRICT_ORG>CO02</CONGRESS_DISTRICT_ORG>
<ORG_UEI_NUM/>
<ORG_LGL_BUS_NAME/>
<ORG_PRNT_UEI_NUM/>
</Institution>
<Performance_Institution>
<Name><![CDATA[Baskin School of Engineering]]></Name>
<CityName>Santa Cruz</CityName>
<StateCode>CA</StateCode>
<ZipCode>950641077</ZipCode>
<StreetAddress/>
<CountryCode>US</CountryCode>
<CountryName>United States</CountryName>
<StateName>California</StateName>
<CountryFlag>1</CountryFlag>
<CONGRESSDISTRICT>20</CONGRESSDISTRICT>
<CONGRESS_DISTRICT_PERF>CA20</CONGRESS_DISTRICT_PERF>
</Performance_Institution>
<ProgramElement>
<Code>1609</Code>
<Text>NSF ASTRON &amp; ASTROPHY PSTDC FE</Text>
</ProgramElement>
<ProgramReference>
<Code>1206</Code>
<Text>THEORETICAL &amp; COMPUTATIONAL ASTROPHYSICS</Text>
</ProgramReference>
<FUND_OBLG>2022~100000</FUND_OBLG>
</Award>
</rootTag>
