<?xml version="1.0" encoding="UTF-8"?>
<rootTag>
<Award>
<AwardTitle>Chemically Tunable Acoustic Phonons in 2D Materials</AwardTitle>
<AGENCY>NSF</AGENCY>
<AwardEffectiveDate>09/01/2022</AwardEffectiveDate>
<AwardExpirationDate>08/31/2025</AwardExpirationDate>
<AwardTotalIntnAmount>325441.00</AwardTotalIntnAmount>
<AwardAmount>325441</AwardAmount>
<AwardInstrument>
<Value>Standard Grant</Value>
</AwardInstrument>
<Organization>
<Code>03070000</Code>
<Directorate>
<Abbreviation>MPS</Abbreviation>
<LongName>Direct For Mathematical &amp; Physical Scien</LongName>
</Directorate>
<Division>
<Abbreviation>DMR</Abbreviation>
<LongName>Division Of Materials Research</LongName>
</Division>
</Organization>
<ProgramOfficer>
<SignBlockName>Robert Meulenberg</SignBlockName>
<PO_EMAI>rmeulenb@nsf.gov</PO_EMAI>
<PO_PHON>7032927106</PO_PHON>
</ProgramOfficer>
<AbstractNarration>NON-TECHNICAL SUMMARY&lt;br/&gt;&lt;br/&gt;Acoustic phonons are sound waves that move in materials and control important properties like stiffness, heat conduction, and how materials work in electronic devices. With this project, supported by the Solid State and Materials Chemistry program in the Division of Materials Research, Professor Kristie Koski at the University of California, Davis, will study acoustic phonons in new two-dimensional (2D) materials that are only a few atoms thick, where the behavior of phonons is very unusual and not well understood. 2D materials are exciting for a wide range of applications from electronics to energy to sensors. To fully realize these applications requires understanding and controlling material properties. This project uses precise laser-light spectroscopy measurements to map out the phonon behavior in detail, and it also explores how to modify and customize the phonon behavior using chemistry to produce 2D materials that have never before existed. This is the kind of knowledge needed to design 2D materials optimized for future devices, energy systems, and industries serving the national interest.  Educational and broader outreach goals include an online Brillouin spectroscopy database for the scientific and broader public communities. US Military Veterans are recruited for participation in this research effort. Undergraduate students, with targeted recruitment of women and minorities, are trained for careers in science and engineering.&lt;br/&gt;&lt;br/&gt;TECHNICAL SUMMARY&lt;br/&gt;&lt;br/&gt;As 2D materials become integrated into new technologies, and material dimensions reach quantum limits, acoustic phonon effects alter material mechanical properties, affect heat transport, and impact electronic transport. In this project, supported by the Solid State and Materials Chemistry program in the Division of Materials Research, aims to understand acoustic phonons in 2D materials, filling a major gap in fundamental knowledge while addressing the outstanding question: Where is the cross-over from bulk to quantum acoustic phonon behavior in a 2D material? This effort develops a transformative set of solid-state chemistry techniques to synthesize and chemically control the fundamental acoustic phonon behavior of 2D oxide and chalcogenide (S, Se, Te-based) materials. These materials are generated using new synthetic routes to heterostructures and new zero-valent intercalation chemistries. Brillouin laser light scattering spectroscopy is used to measure and understand acoustic phonons in 2D layered materials. Measurements give complete acoustic phonon dispersion relations, sound velocities, refractive indices, mechanical properties, and stiffness coefficients of 2D materials from the bulk to a monolayer. This effort lays critical foundation for the fundamental understanding and chemical control of phonons in 2D materials for future application. This work develops, enhances, and expands upon an online Brillouin spectroscopy database complementing similarly available databases in Raman and X-ray Diffraction. This work trains undergraduates in research with emphasis on recruitment of women and minorities. Military Veterans are recruited for participation in research through the UC Davis Veteran Success Center.&lt;br/&gt;&lt;br/&gt;This award reflects NSF's statutory mission and has been deemed worthy of support through evaluation using the Foundation's intellectual merit and broader impacts review criteria.</AbstractNarration>
<MinAmdLetterDate>04/05/2022</MinAmdLetterDate>
<MaxAmdLetterDate>04/05/2022</MaxAmdLetterDate>
<ARRAAmount/>
<TRAN_TYPE>Grant</TRAN_TYPE>
<CFDA_NUM>47.049</CFDA_NUM>
<NSF_PAR_USE_FLAG>1</NSF_PAR_USE_FLAG>
<FUND_AGCY_CODE>4900</FUND_AGCY_CODE>
<AWDG_AGCY_CODE>4900</AWDG_AGCY_CODE>
<AwardID>2202472</AwardID>
<Investigator>
<FirstName>Kristie</FirstName>
<LastName>Koski</LastName>
<PI_MID_INIT>J</PI_MID_INIT>
<PI_SUFX_NAME/>
<PI_FULL_NAME>Kristie J Koski</PI_FULL_NAME>
<EmailAddress>Koski@ucdavis.edu</EmailAddress>
<PI_PHON>3077607732</PI_PHON>
<NSF_ID>000528402</NSF_ID>
<StartDate>04/05/2022</StartDate>
<EndDate/>
<RoleCode>Principal Investigator</RoleCode>
</Investigator>
<Institution>
<Name>University of California-Davis</Name>
<CityName>DAVIS</CityName>
<ZipCode>956186153</ZipCode>
<PhoneNumber>5307547700</PhoneNumber>
<StreetAddress>1850 RESEARCH PARK DR, STE 300</StreetAddress>
<StreetAddress2/>
<CountryName>United States</CountryName>
<StateName>California</StateName>
<StateCode>CA</StateCode>
<CONGRESSDISTRICT>03</CONGRESSDISTRICT>
<CONGRESS_DISTRICT_ORG>CA03</CONGRESS_DISTRICT_ORG>
<ORG_UEI_NUM>TX2DAGQPENZ5</ORG_UEI_NUM>
<ORG_LGL_BUS_NAME>UNIVERSITY OF CALIFORNIA, DAVIS</ORG_LGL_BUS_NAME>
<ORG_PRNT_UEI_NUM>NUDGYLBB4S99</ORG_PRNT_UEI_NUM>
</Institution>
<Performance_Institution>
<Name><![CDATA[University of California-Davis]]></Name>
<CityName>Davis</CityName>
<StateCode>CA</StateCode>
<ZipCode>956186134</ZipCode>
<StreetAddress><![CDATA[1850 Research Park Dr., Ste 300]]></StreetAddress>
<CountryCode>US</CountryCode>
<CountryName>United States</CountryName>
<StateName>California</StateName>
<CountryFlag>1</CountryFlag>
<CONGRESSDISTRICT>03</CONGRESSDISTRICT>
<CONGRESS_DISTRICT_PERF>CA03</CONGRESS_DISTRICT_PERF>
</Performance_Institution>
<ProgramElement>
<Code>1762</Code>
<Text>SOLID STATE &amp; MATERIALS CHEMIS</Text>
</ProgramElement>
<FUND_OBLG>2022~325441</FUND_OBLG>
</Award>
</rootTag>
