<?xml version="1.0" encoding="UTF-8"?>
<rootTag>
<Award>
<AwardTitle>I-Corps:  Airborne and Surface Disinfection Using Narrow Band Ultraviolet Light-Emitting Diodes</AwardTitle>
<AGENCY>NSF</AGENCY>
<AwardEffectiveDate>03/15/2022</AwardEffectiveDate>
<AwardExpirationDate>08/31/2022</AwardExpirationDate>
<AwardTotalIntnAmount>50000.00</AwardTotalIntnAmount>
<AwardAmount>50000</AwardAmount>
<AwardInstrument>
<Value>Standard Grant</Value>
</AwardInstrument>
<Organization>
<Code>15030000</Code>
<Directorate>
<Abbreviation>TIP</Abbreviation>
<LongName>Dir for Tech, Innovation, &amp; Partnerships</LongName>
</Directorate>
<Division>
<Abbreviation>TI</Abbreviation>
<LongName>Translational Impacts</LongName>
</Division>
</Organization>
<ProgramOfficer>
<SignBlockName>Ruth Shuman</SignBlockName>
<PO_EMAI>rshuman@nsf.gov</PO_EMAI>
<PO_PHON>7032922160</PO_PHON>
</ProgramOfficer>
<AbstractNarration>The broader impact/commercial potential of this I-Corps project is the development of airborne and surface disinfection using narrow band ultraviolet light-emitting diodes (UV LEDs). UV emitters have a wide range of applications in airborne and surface disinfection, bio-medical and analytical instrumentation, fluorescence sensing, curing, and phototherapy. The traditional sources of UV lamps contain either mercury, xenon, argon, deuterium, or an excimer. All are considered unsatisfactory as they are bulky, fragile, expensive, low efficiency, have a limited life span, toxic, and only capable of emitting at a few specific wavelengths. Another alternative is the UV LED, which combines compactness with a nontoxic material composition, a lower power consumption, a quick response time, a long lifetime, and tunable emission across the entire UV region. Additionally, the nanowire form factor is ideal for integrating the light-emitter within the filter fabric for enhancing antibacterial and particulate filtration in air/surface purification and disinfection systems. Broad benefits to society including the new technologies, socioeconomic and environmental impacts as well as commercial potential are expected for such nanowire emitters.&lt;br/&gt;&lt;br/&gt;This I-Corps project is based on the development of high-performance narrow band UV LEDs for airborne and surface disinfection. The disinfection UV LED technology aims at inactivating the spreading of microorganisms living in indoor spaces otherwise people are at risk of infection. The current common disinfectants include chemical sprays and hand and body washing. These approaches fail to kill viruses, bacteria, fungi, and microbes in real time. The chemical substances usually contain contaminants and raise health concerns. Disinfection UVC LEDs, however, are a rapid tool for inactivation, and environmentally friendly. The narrow band UVC LEDs are produced using the following steps: 1) synthesizing nanowire UVC LED structures using molecular beam epitaxy; 2) integrating optical bandpass filters into the LEDs to attain narrow band LEDs; and 3) combining nanowire UVC LEDs with current white-light LEDs to form a smart disinfection lighting-system. Like visible color LEDs that have revolutionized lighting and display, UVC LEDs are set to provide disinfection solutions in both air and on surfaces.&lt;br/&gt;&lt;br/&gt;This award reflects NSF's statutory mission and has been deemed worthy of support through evaluation using the Foundation's intellectual merit and broader impacts review criteria.</AbstractNarration>
<MinAmdLetterDate>03/10/2022</MinAmdLetterDate>
<MaxAmdLetterDate>03/10/2022</MaxAmdLetterDate>
<ARRAAmount/>
<TRAN_TYPE>Grant</TRAN_TYPE>
<CFDA_NUM>47.041</CFDA_NUM>
<NSF_PAR_USE_FLAG>1</NSF_PAR_USE_FLAG>
<FUND_AGCY_CODE>4900</FUND_AGCY_CODE>
<AWDG_AGCY_CODE>4900</AWDG_AGCY_CODE>
<AwardID>2202054</AwardID>
<Investigator>
<FirstName>Hieu</FirstName>
<LastName>Nguyen</LastName>
<PI_MID_INIT>P</PI_MID_INIT>
<PI_SUFX_NAME/>
<PI_FULL_NAME>Hieu P Nguyen</PI_FULL_NAME>
<EmailAddress>hieu.p.nguyen@njit.edu</EmailAddress>
<PI_PHON>9735963523</PI_PHON>
<NSF_ID>000677899</NSF_ID>
<StartDate>03/10/2022</StartDate>
<EndDate/>
<RoleCode>Principal Investigator</RoleCode>
</Investigator>
<Institution>
<Name>New Jersey Institute of Technology</Name>
<CityName>NEWARK</CityName>
<ZipCode>071021824</ZipCode>
<PhoneNumber>9735965275</PhoneNumber>
<StreetAddress>323 DR MARTIN LUTHER KING JR BLV</StreetAddress>
<StreetAddress2/>
<CountryName>United States</CountryName>
<StateName>New Jersey</StateName>
<StateCode>NJ</StateCode>
<CONGRESSDISTRICT>10</CONGRESSDISTRICT>
<CONGRESS_DISTRICT_ORG>NJ10</CONGRESS_DISTRICT_ORG>
<ORG_UEI_NUM>SGBMHQ7VXNH5</ORG_UEI_NUM>
<ORG_LGL_BUS_NAME>NEW JERSEY INSTITUTE OF TECHNOLOGY</ORG_LGL_BUS_NAME>
<ORG_PRNT_UEI_NUM>SGBMHQ7VXNH5</ORG_PRNT_UEI_NUM>
</Institution>
<Performance_Institution>
<Name><![CDATA[New Jersey Institute of Technology]]></Name>
<CityName>Newark</CityName>
<StateCode>NJ</StateCode>
<ZipCode>071021982</ZipCode>
<StreetAddress><![CDATA[323 Dr Martin Luther King Jr Blv]]></StreetAddress>
<CountryCode>US</CountryCode>
<CountryName>United States</CountryName>
<StateName>New Jersey</StateName>
<CountryFlag>1</CountryFlag>
<CONGRESSDISTRICT>10</CONGRESSDISTRICT>
<CONGRESS_DISTRICT_PERF>NJ10</CONGRESS_DISTRICT_PERF>
</Performance_Institution>
<ProgramElement>
<Code>8023</Code>
<Text>I-Corps</Text>
</ProgramElement>
<ProgramReference>
<Code>8990</Code>
<Text>Optics and Photonics</Text>
</ProgramReference>
<FUND_OBLG>2022~50000</FUND_OBLG>
</Award>
</rootTag>
