<?xml version="1.0" encoding="UTF-8"?>
<rootTag>
<Award>
<AwardTitle>Preparing Students for the Industry 4.0 Technician Workforce</AwardTitle>
<AGENCY>NSF</AGENCY>
<AwardEffectiveDate>07/01/2022</AwardEffectiveDate>
<AwardExpirationDate>06/30/2025</AwardExpirationDate>
<AwardTotalIntnAmount>520783.00</AwardTotalIntnAmount>
<AwardAmount>520783</AwardAmount>
<AwardInstrument>
<Value>Standard Grant</Value>
</AwardInstrument>
<Organization>
<Code>11040100</Code>
<Directorate>
<Abbreviation>EHR</Abbreviation>
<LongName>Direct For Education and Human Resources</LongName>
</Directorate>
<Division>
<Abbreviation>DUE</Abbreviation>
<LongName>Division Of Undergraduate Education</LongName>
</Division>
</Organization>
<ProgramOfficer>
<SignBlockName>John Jackman</SignBlockName>
<PO_EMAI>jjackman@nsf.gov</PO_EMAI>
<PO_PHON>7032924816</PO_PHON>
</ProgramOfficer>
<AbstractNarration>Manufacturers are implementing new Industry 4.0 technologies to improve the performance of their production systems and supply chain. Highly skilled technicians are essential for designing, programming, and maintaining software and hardware used in these technologies. Technical education programs need to keep pace with the new technologies that students will encounter when they enter the workforce. This project will develop an Industry 4.0 hands-on training program to prepare students in five technology degree programs for multiple career pathways. Students will learn skills that cut across multiple disciplines such as troubleshooting, preventative maintenance, and project management. The project team will conduct an industry survey to determine what skills are needed in an Industry 4.0 environment. Based on the survey results, a set of six technology courses will be revised to create a new certificate program with industry certifications. A new Industry 4.0 laboratory will be developed to provide hands-on training on Industry 4.0 technologies. The project team will implement best practices in recruiting strategies for students from traditionally underrepresented groups to broaden participation in the technical workforce. &lt;br/&gt;&lt;br/&gt;The project goals are to: (1) identify skills needed for Industry 4.0 in collaboration with industry and existing ATE centers, (2) revise six courses across multiple degree programs to create a new certificate program, and (3) increase the number of students from underrepresented groups in five technician degree programs. The project team will collect data from industry in the region and two ATE centers using a skills survey that is focused on Industry 4.0 technologies. Survey results will be used to identify new skills requirements and revise six courses used in multiple degree programs, namely, Programmable Logic Controllers, Environmental Health and Safety, Introduction to Mechatronics, Circuit Analysis, Introduction to Maintenance Procedures, and Bioprocess Equipment Maintenance. A new Industry 4.0 certificate program will be created using this set of courses. An Industry 4.0 laboratory will be developed with input from industry and two ATE centers. The laboratory will provide hands-on learning experiences for students with multiple automation stations that include the sensors, actuators, and controller necessary for automating a process. The project team will implement effective advising strategies for recruiting and retaining students from underrepresented groups. The survey results, curriculum, and educational materials from this project will be disseminated across the North Carolina Community College System and at national technical education conferences. This project is funded by the Advanced Technological Education program that focuses on the education of technicians for the advanced-technology fields that drive the Nation's economy.&lt;br/&gt;&lt;br/&gt;This award reflects NSF's statutory mission and has been deemed worthy of support through evaluation using the Foundation's intellectual merit and broader impacts review criteria.</AbstractNarration>
<MinAmdLetterDate>03/15/2022</MinAmdLetterDate>
<MaxAmdLetterDate>03/15/2022</MaxAmdLetterDate>
<ARRAAmount/>
<TRAN_TYPE>Grant</TRAN_TYPE>
<CFDA_NUM>47.076</CFDA_NUM>
<NSF_PAR_USE_FLAG>1</NSF_PAR_USE_FLAG>
<FUND_AGCY_CODE>4900</FUND_AGCY_CODE>
<AWDG_AGCY_CODE>4900</AWDG_AGCY_CODE>
<AwardID>2202007</AwardID>
<Investigator>
<FirstName>Edward</FirstName>
<LastName>Garner</LastName>
<PI_MID_INIT/>
<PI_SUFX_NAME/>
<PI_FULL_NAME>Edward Garner</PI_FULL_NAME>
<EmailAddress>epgarner@waketech.edu</EmailAddress>
<PI_PHON>9198665338</PI_PHON>
<NSF_ID>000864255</NSF_ID>
<StartDate>03/15/2022</StartDate>
<EndDate/>
<RoleCode>Principal Investigator</RoleCode>
</Investigator>
<Investigator>
<FirstName>Juan</FirstName>
<LastName>Benitez</LastName>
<PI_MID_INIT/>
<PI_SUFX_NAME/>
<PI_FULL_NAME>Juan Benitez</PI_FULL_NAME>
<EmailAddress>jabenitez@waketech.edu</EmailAddress>
<PI_PHON>9198665163</PI_PHON>
<NSF_ID>000864257</NSF_ID>
<StartDate>03/15/2022</StartDate>
<EndDate/>
<RoleCode>Co-Principal Investigator</RoleCode>
</Investigator>
<Investigator>
<FirstName>Christopher</FirstName>
<LastName>Irwin</LastName>
<PI_MID_INIT/>
<PI_SUFX_NAME/>
<PI_FULL_NAME>Christopher Irwin</PI_FULL_NAME>
<EmailAddress>ctirwin@waketech.edu</EmailAddress>
<PI_PHON>9198665356</PI_PHON>
<NSF_ID>000864258</NSF_ID>
<StartDate>03/15/2022</StartDate>
<EndDate/>
<RoleCode>Co-Principal Investigator</RoleCode>
</Investigator>
<Investigator>
<FirstName>Hessam</FirstName>
<LastName>Ghassemi</LastName>
<PI_MID_INIT/>
<PI_SUFX_NAME/>
<PI_FULL_NAME>Hessam Ghassemi</PI_FULL_NAME>
<EmailAddress>hghassemi@waketech.edu</EmailAddress>
<PI_PHON>9198665158</PI_PHON>
<NSF_ID>000864256</NSF_ID>
<StartDate>03/15/2022</StartDate>
<EndDate/>
<RoleCode>Co-Principal Investigator</RoleCode>
</Investigator>
<Institution>
<Name>Wake Technical Community College</Name>
<CityName>RALEIGH</CityName>
<ZipCode>276035655</ZipCode>
<PhoneNumber>9198665076</PhoneNumber>
<StreetAddress>9101 FAYETTEVILLE RD</StreetAddress>
<StreetAddress2/>
<CountryName>United States</CountryName>
<StateName>North Carolina</StateName>
<StateCode>NC</StateCode>
<CONGRESSDISTRICT>02</CONGRESSDISTRICT>
<CONGRESS_DISTRICT_ORG>NC02</CONGRESS_DISTRICT_ORG>
<ORG_UEI_NUM>HQFXKP7VKDL3</ORG_UEI_NUM>
<ORG_LGL_BUS_NAME>WAKE TECHNICAL COMMUNITY COLLEGE</ORG_LGL_BUS_NAME>
<ORG_PRNT_UEI_NUM/>
</Institution>
<Performance_Institution>
<Name><![CDATA[Wake Technical Community College]]></Name>
<CityName>Raleigh</CityName>
<StateCode>NC</StateCode>
<ZipCode>276035655</ZipCode>
<StreetAddress><![CDATA[9101 Fayetteville Road]]></StreetAddress>
<CountryCode>US</CountryCode>
<CountryName>United States</CountryName>
<StateName>North Carolina</StateName>
<CountryFlag>1</CountryFlag>
<CONGRESSDISTRICT>02</CONGRESSDISTRICT>
<CONGRESS_DISTRICT_PERF>NC02</CONGRESS_DISTRICT_PERF>
</Performance_Institution>
<ProgramElement>
<Code>7412</Code>
<Text>Advanced Tech Education Prog</Text>
</ProgramElement>
<ProgramReference>
<Code>1032</Code>
<Text>ADVANCED TECHNOLOGY EDUCATION</Text>
</ProgramReference>
<ProgramReference>
<Code>9178</Code>
<Text>UNDERGRADUATE EDUCATION</Text>
</ProgramReference>
<ProgramReference>
<Code>SMET</Code>
<Text>SCIENCE, MATH, ENG &amp; TECH EDUCATION</Text>
</ProgramReference>
<FUND_OBLG>2022~520783</FUND_OBLG>
</Award>
</rootTag>
