<?xml version="1.0" encoding="UTF-8"?>
<rootTag>
<Award>
<AwardTitle><![CDATA[Impact of Utilizing Immersive Virtual Reality and Dynamic Assessment on Mining Engineering Education from the Community of Inquiry Perspective]]></AwardTitle>
<AGENCY>NSF</AGENCY>
<AwardEffectiveDate>08/15/2022</AwardEffectiveDate>
<AwardExpirationDate>07/31/2025</AwardExpirationDate>
<AwardTotalIntnAmount>849689.00</AwardTotalIntnAmount>
<AwardAmount>849689</AwardAmount>
<AwardInstrument>
<Value>Standard Grant</Value>
</AwardInstrument>
<Organization>
<Code>05020000</Code>
<Directorate>
<Abbreviation>CSE</Abbreviation>
<LongName>Direct For Computer &amp; Info Scie &amp; Enginr</LongName>
</Directorate>
<Division>
<Abbreviation>IIS</Abbreviation>
<LongName>Div Of Information &amp; Intelligent Systems</LongName>
</Division>
</Organization>
<ProgramOfficer>
<SignBlockName>Jumoke Ladeji-Osias</SignBlockName>
<PO_EMAI>jladejio@nsf.gov</PO_EMAI>
<PO_PHON>7032927708</PO_PHON>
</ProgramOfficer>
<AbstractNarration><![CDATA[A qualified workforce for domestic mining production of critical minerals is essential to a clean energy transition. However, current U.S. mining engineering education programs are not adequately producing mining graduates with the desired qualifications. A lack of in-depth understanding of the scientific principles involved in mining engineering is one the primary factors prohibiting mining engineers from excelling in their duties. To improve the situation, innovations are needed to transform traditional mining engineering education. This project will study the application of immersive virtual reality (IVR) technology as an innovative tool to improve mining engineering education, with froth flotation as a test topic. Froth flotation is a complex three-phase mineral separation process that relies on interactions between physics, chemistry, and the flotation machine to recover valuable minerals. The project takes an interdisciplinary approach, with experts in mining engineering, computer science and engineering, cognitive psychology, learning analytics, and chemistry, working alongside multi-national mining companies to develop an IVR based platform for froth flotation education. Although the primary focus is on froth flotation, the IVR platform can be applied to a broad range of learning domains by substituting new content. The project also collaborates with the University Libraries @Reality Virtual + Augmented Reality Lab at the University of Nevada, Reno to promote learning with emerging technologies for a wide range of visitors, including university students and educators, Northern Nevada residents with their young children, and local K-12 students. &lt;br/&gt;&lt;br/&gt;The project will be conducted with the community of inquiry (CoI) as the pedagogical framework and a dynamic assessment approach as a measurement tool. Three objectives will be achieved: 1) determining the implications of the CoI framework in an IVR environment in the context of froth flotation education, 2) developing dynamic assessment models to predict students’ learning outcomes using the CoI indicators measured in the IVR environment, and 3) demonstrating to what extent the application of IVR observed within the CoI framework and augmented by dynamic assessment can enhance froth flotation education. The research outcomes can potentially advance the current state-of-the-art in three areas: 1) improving froth flotation education by adopting an innovative teaching and learning platform, 2) adding new knowledge to the science of education by understanding how the integration of the CoI framework and dynamic assessment can impact the efficacy of the IVR application, and 3) advancing IVR software engineering in terms of software specification, design and implementation, usability, and testing and evaluation. This project is a critical first step in addressing gaps in the preparation of a U.S. workforce for domestic mining of critical minerals.&lt;br/&gt;&lt;br/&gt;This award reflects NSF's statutory mission and has been deemed worthy of support through evaluation using the Foundation's intellectual merit and broader impacts review criteria.]]></AbstractNarration>
<MinAmdLetterDate>06/07/2022</MinAmdLetterDate>
<MaxAmdLetterDate>06/07/2022</MaxAmdLetterDate>
<ARRAAmount/>
<TRAN_TYPE>Grant</TRAN_TYPE>
<CFDA_NUM>47.041, 47.076</CFDA_NUM>
<NSF_PAR_USE_FLAG>1</NSF_PAR_USE_FLAG>
<FUND_AGCY_CODE>4900</FUND_AGCY_CODE>
<AWDG_AGCY_CODE>4900</AWDG_AGCY_CODE>
<AwardID>2202640</AwardID>
<Investigator>
<FirstName>Sergiu</FirstName>
<LastName>Dascalu</LastName>
<PI_MID_INIT>M</PI_MID_INIT>
<PI_SUFX_NAME/>
<PI_FULL_NAME>Sergiu M Dascalu</PI_FULL_NAME>
<EmailAddress><![CDATA[dascalus@cse.unr.edu]]></EmailAddress>
<NSF_ID>000494467</NSF_ID>
<StartDate>06/07/2022</StartDate>
<EndDate/>
<RoleCode>Co-Principal Investigator</RoleCode>
</Investigator>
<Investigator>
<FirstName>Leping</FirstName>
<LastName>Liu</LastName>
<PI_MID_INIT/>
<PI_SUFX_NAME/>
<PI_FULL_NAME>Leping Liu</PI_FULL_NAME>
<EmailAddress><![CDATA[liu@unr.edu]]></EmailAddress>
<NSF_ID>000293802</NSF_ID>
<StartDate>06/07/2022</StartDate>
<EndDate/>
<RoleCode>Co-Principal Investigator</RoleCode>
</Investigator>
<Investigator>
<FirstName>Li-Ting</FirstName>
<LastName>Chen</LastName>
<PI_MID_INIT/>
<PI_SUFX_NAME/>
<PI_FULL_NAME>Li-Ting Chen</PI_FULL_NAME>
<EmailAddress><![CDATA[litingc@unr.edu]]></EmailAddress>
<NSF_ID>000761681</NSF_ID>
<StartDate>06/07/2022</StartDate>
<EndDate/>
<RoleCode>Co-Principal Investigator</RoleCode>
</Investigator>
<Investigator>
<FirstName>Ying</FirstName>
<LastName>Yang</LastName>
<PI_MID_INIT/>
<PI_SUFX_NAME/>
<PI_FULL_NAME>Ying Yang</PI_FULL_NAME>
<EmailAddress><![CDATA[yingy@unr.edu]]></EmailAddress>
<NSF_ID>000808142</NSF_ID>
<StartDate>06/07/2022</StartDate>
<EndDate/>
<RoleCode>Co-Principal Investigator</RoleCode>
</Investigator>
<Investigator>
<FirstName>Pengbo</FirstName>
<LastName>Chu</LastName>
<PI_MID_INIT/>
<PI_SUFX_NAME/>
<PI_FULL_NAME>Pengbo Chu</PI_FULL_NAME>
<EmailAddress><![CDATA[pengboc@unr.edu]]></EmailAddress>
<NSF_ID>000846377</NSF_ID>
<StartDate>06/07/2022</StartDate>
<EndDate/>
<RoleCode>Principal Investigator</RoleCode>
</Investigator>
<Institution>
<Name>Board of Regents, NSHE, obo University of Nevada, Reno</Name>
<CityName>RENO</CityName>
<ZipCode>895570001</ZipCode>
<PhoneNumber>7757844040</PhoneNumber>
<StreetAddress>1664 N VIRGINIA ST</StreetAddress>
<StreetAddress2/>
<CountryName>United States</CountryName>
<StateName>Nevada</StateName>
<StateCode>NV</StateCode>
<CONGRESSDISTRICT>02</CONGRESSDISTRICT>
<CONGRESS_DISTRICT_ORG>NV02</CONGRESS_DISTRICT_ORG>
<ORG_UEI_NUM>WLDGTNCFFJZ3</ORG_UEI_NUM>
<ORG_LGL_BUS_NAME>NEVADA SYSTEM OF HIGHER EDUCATION</ORG_LGL_BUS_NAME>
<ORG_PRNT_UEI_NUM>E2N7LVJCNCW8</ORG_PRNT_UEI_NUM>
</Institution>
<Performance_Institution>
<Name><![CDATA[Board of Regents, NSHE, obo University of Nevada, Reno]]></Name>
<CityName>Reno</CityName>
<StateCode>NV</StateCode>
<ZipCode>895570001</ZipCode>
<StreetAddress><![CDATA[1664 North Virginia Street]]></StreetAddress>
<CountryCode>US</CountryCode>
<CountryName>United States</CountryName>
<StateName>Nevada</StateName>
<CountryFlag>1</CountryFlag>
<CONGRESSDISTRICT>02</CONGRESSDISTRICT>
<CONGRESS_DISTRICT_PERF>NV02</CONGRESS_DISTRICT_PERF>
</Performance_Institution>
<ProgramElement>
<Code>1340</Code>
<Text>EngEd-Engineering Education</Text>
</ProgramElement>
<ProgramElement>
<Code>1998</Code>
<Text>IUSE</Text>
</ProgramElement>
<ProgramReference>
<Code>110E</Code>
<Text>EDUCATION RESEARCH</Text>
</ProgramReference>
<ProgramReference>
<Code>1340</Code>
<Text>ENGINEERING EDUCATION</Text>
</ProgramReference>
<ProgramReference>
<Code>8045</Code>
<Text>Cyberlearn &amp; Future Learn Tech</Text>
</ProgramReference>
<ProgramReference>
<Code>8209</Code>
<Text>Improv Undergrad STEM Ed(IUSE)</Text>
</ProgramReference>
<ProgramReference>
<Code>9178</Code>
<Text>UNDERGRADUATE EDUCATION</Text>
</ProgramReference>
<FUND_OBLG>2022~849689</FUND_OBLG>
</Award>
</rootTag>
