<?xml version="1.0" encoding="UTF-8"?>
<rootTag>
<Award>
<AwardTitle><![CDATA[The Langlands Program for 3-Manifolds]]></AwardTitle>
<AGENCY>NSF</AGENCY>
<AwardEffectiveDate>06/15/2022</AwardEffectiveDate>
<AwardExpirationDate>05/31/2025</AwardExpirationDate>
<AwardTotalIntnAmount>280445.00</AwardTotalIntnAmount>
<AwardAmount>280445</AwardAmount>
<AwardInstrument>
<Value>Standard Grant</Value>
</AwardInstrument>
<Organization>
<Code>03040000</Code>
<Directorate>
<Abbreviation>MPS</Abbreviation>
<LongName>Direct For Mathematical &amp; Physical Scien</LongName>
</Directorate>
<Division>
<Abbreviation>DMS</Abbreviation>
<LongName>Division Of Mathematical Sciences</LongName>
</Division>
</Organization>
<ProgramOfficer>
<SignBlockName>James Matthew Douglass</SignBlockName>
<PO_EMAI>mdouglas@nsf.gov</PO_EMAI>
<PO_PHON>7032922467</PO_PHON>
</ProgramOfficer>
<AbstractNarration><![CDATA[The Langlands program is a vast network of ideas, theorems, and conjectures in number theory, algebra, geometry, and physics. At the heart of the program is a duality principle (a form of electric-magnetic duality in physics), which predicts surprising connections between a priori unrelated mathematical objects. Understanding the nature of this duality is a fundamental problem in mathematics and physics. Rather than study these phenomena in the traditional contexts of number fields or algebraic curves, the PI sets the Langlands program in the realm of 3-dimensional topology - a rich and active area of research in its own right. In this setting, these deep ideas become much more accessible than was previously possible. For example, one component of the project is about observing Langlands phenomena by comparing different ways to count knots in a given 3-dimensional space. Such methods open up the Langlands program to a wider mathematical world and provide pathways to involve a new generation of students in this fundamental research area. This project provides research and training opportunities for students.&lt;br/&gt; &lt;br/&gt;In more detail, the PI will define (mathematically) and study the space of states associated to a 3-manifold in the family of geometric Langlands topological quantum field theories of Kapustin and Witten. The proposed research is broadly in the realm of geometric representation theory, intersecting with concepts and tools from gauge theory, quantum topology (skein theory), and derived algebraic geometry. Some particular goals of the research include: formulating a duality conjecture for the dimensions of skein modules, as well as tools to explicitly verify in a number of important cases; a proof of the Betti and de Rham geometric Langlands conjecture for elliptic curves at generic level by developing an elliptic/quantum variant of generalized Springer theory; a refined construction of the state space of the B-model using tools from derived algebraic geometry; and a computation of the homology of gauge groups of 3-manifolds in terms of the Langlands dual spectral Whittaker theory. This project is jointly funded by the Algebra and Number Theory program in the Division of Mathematical Sciences, the Established Program to Stimulate Competitive Research (EPSCoR), and the Topology program in the Division of Mathematical Sciences.&lt;br/&gt;&lt;br/&gt;This award reflects NSF's statutory mission and has been deemed worthy of support through evaluation using the Foundation's intellectual merit and broader impacts review criteria.]]></AbstractNarration>
<MinAmdLetterDate>06/07/2022</MinAmdLetterDate>
<MaxAmdLetterDate>06/07/2022</MaxAmdLetterDate>
<ARRAAmount/>
<TRAN_TYPE>Grant</TRAN_TYPE>
<CFDA_NUM>47.049, 47.083</CFDA_NUM>
<NSF_PAR_USE_FLAG>1</NSF_PAR_USE_FLAG>
<FUND_AGCY_CODE>4900</FUND_AGCY_CODE>
<AWDG_AGCY_CODE>4900</AWDG_AGCY_CODE>
<AwardID>2202363</AwardID>
<Investigator>
<FirstName>Sam</FirstName>
<LastName>Gunningham</LastName>
<PI_MID_INIT/>
<PI_SUFX_NAME/>
<PI_FULL_NAME>Sam Gunningham</PI_FULL_NAME>
<EmailAddress><![CDATA[sam.gunningham@montana.edu]]></EmailAddress>
<NSF_ID>000706580</NSF_ID>
<StartDate>06/07/2022</StartDate>
<EndDate/>
<RoleCode>Principal Investigator</RoleCode>
</Investigator>
<Institution>
<Name>Montana State University</Name>
<CityName>BOZEMAN</CityName>
<ZipCode>59717</ZipCode>
<PhoneNumber>4069942381</PhoneNumber>
<StreetAddress>216 MONTANA HALL</StreetAddress>
<StreetAddress2/>
<CountryName>United States</CountryName>
<StateName>Montana</StateName>
<StateCode>MT</StateCode>
<CONGRESSDISTRICT>00</CONGRESSDISTRICT>
<CONGRESS_DISTRICT_ORG>MT00</CONGRESS_DISTRICT_ORG>
<ORG_UEI_NUM>EJ3UF7TK8RT5</ORG_UEI_NUM>
<ORG_LGL_BUS_NAME>MONTANA STATE UNIVERSITY</ORG_LGL_BUS_NAME>
<ORG_PRNT_UEI_NUM>HD5YDTPGA865</ORG_PRNT_UEI_NUM>
</Institution>
<Performance_Institution>
<Name><![CDATA[Montana State University]]></Name>
<CityName>BOZEMAN</CityName>
<StateCode>MT</StateCode>
<ZipCode>597172470</ZipCode>
<StreetAddress><![CDATA[328 MONTANA HALL]]></StreetAddress>
<CountryCode>US</CountryCode>
<CountryName>United States</CountryName>
<StateName>Montana</StateName>
<CountryFlag>1</CountryFlag>
<CONGRESSDISTRICT>00</CONGRESSDISTRICT>
<CONGRESS_DISTRICT_PERF>MT00</CONGRESS_DISTRICT_PERF>
</Performance_Institution>
<ProgramElement>
<Code>1264</Code>
<Text>ALGEBRA,NUMBER THEORY,AND COM</Text>
</ProgramElement>
<ProgramElement>
<Code>1267</Code>
<Text>TOPOLOGY</Text>
</ProgramElement>
<ProgramElement>
<Code>9150</Code>
<Text>EPSCoR Co-Funding</Text>
</ProgramElement>
<ProgramReference>
<Code>9150</Code>
<Text>EXP PROG TO STIM COMP RES</Text>
</ProgramReference>
<Appropriation>
<Code/>
<Name/>
<APP_SYMB_ID/>
</Appropriation>
<Fund>
<Code>01002223DB</Code>
<Name><![CDATA[NSF RESEARCH & RELATED ACTIVIT]]></Name>
<FUND_SYMB_ID>040100</FUND_SYMB_ID>
</Fund>
<FUND_OBLG>2022~280445</FUND_OBLG>
</Award>
</rootTag>
