<?xml version="1.0" encoding="UTF-8"?>
<rootTag>
<Award>
<AwardTitle>I-Corps:  CO2 hydrate production for large-scale CO2 sequestration</AwardTitle>
<AGENCY>NSF</AGENCY>
<AwardEffectiveDate>03/15/2022</AwardEffectiveDate>
<AwardExpirationDate>08/31/2023</AwardExpirationDate>
<AwardTotalIntnAmount>50000.00</AwardTotalIntnAmount>
<AwardAmount>50000</AwardAmount>
<AwardInstrument>
<Value>Standard Grant</Value>
</AwardInstrument>
<Organization>
<Code>15030000</Code>
<Directorate>
<Abbreviation>TIP</Abbreviation>
<LongName>Dir for Tech, Innovation, &amp; Partnerships</LongName>
</Directorate>
<Division>
<Abbreviation>TI</Abbreviation>
<LongName>Translational Impacts</LongName>
</Division>
</Organization>
<ProgramOfficer>
<SignBlockName>Ruth Shuman</SignBlockName>
<PO_EMAI>rshuman@nsf.gov</PO_EMAI>
<PO_PHON>7032922160</PO_PHON>
</ProgramOfficer>
<AbstractNarration>The broader impact/commercial potential of this I-Corps project is the development of technology to sequester carbon dioxide (CO2) as CO2 hydrates. CO2 hydrates are ice-like solids, consisting of CO2 and water. Stable CO2 hydrates form at ~0 ̊C, and at moderate pressures (~450 psi) from a mixture of CO2 and water. CO2 hydrates can be safely sequestered long-term via multiple options (under seabed, under permafrost, depleted gas fields). This I-Corps project targets eventual commercialization of CO2 hydrates-based carbon capture and sequestration (CCS). Many commercialization partners exist among process industries, oil-gas industry, and utilities. A likely post-project scenario involves establishing a startup company as the commercialization vehicle (which develops sector-specific CCS solutions). Successful commercialization may lead to significant employment opportunities, and contribute to positioning the US as a leader in this field. Most importantly, it will augment the portfolio of technological and geoengineering solutions to tackle climate change. This project also will stimulate other applications of gas hydrates including desalination, gas separation and hydrogen storage.&lt;br/&gt;&lt;br/&gt;This I-Corps project is based on the development of technology to rapidly form CO2 hydrates from a mixture of CO2 and water. Key technological challenges underlying artificial synthesis of hydrates have been very slow growth rates, and low conversion rates of gas to hydrates. State of the art technology to speed up hydrate formation includes the use of chemical promoters, which are expensive and environmentally friendly. The team at UT Austin has made several scientific discoveries and developed multiple novel approaches to speed up growth of hydrates, which may cumulatively speed up hydrate formation by an order of magnitude faster than state-of-the-art. Specific novel advancements integrated in the proposed technology include recently discovered hydrate nucleation promoters, a technique to enhance gas-liquid interfacial area and convection, and the use of high thermal conductivity materials to speed up heat transfer. Cumulatively, these advancements may enable rapid, on-demand CO2 hydrate production without the use of chemical promoters. The intellectual merit of this project lies in the integration of multiple fundamental advancements to realize rapid hydrate formation in reactor configurations commonly used by the chemicals processing industry.&lt;br/&gt;&lt;br/&gt;This award reflects NSF's statutory mission and has been deemed worthy of support through evaluation using the Foundation's intellectual merit and broader impacts review criteria.</AbstractNarration>
<MinAmdLetterDate>03/10/2022</MinAmdLetterDate>
<MaxAmdLetterDate>03/10/2022</MaxAmdLetterDate>
<ARRAAmount/>
<TRAN_TYPE>Grant</TRAN_TYPE>
<CFDA_NUM>47.041</CFDA_NUM>
<NSF_PAR_USE_FLAG>1</NSF_PAR_USE_FLAG>
<FUND_AGCY_CODE>4900</FUND_AGCY_CODE>
<AWDG_AGCY_CODE>4900</AWDG_AGCY_CODE>
<AwardID>2202071</AwardID>
<Investigator>
<FirstName>Vaibhav</FirstName>
<LastName>Bahadur</LastName>
<PI_MID_INIT/>
<PI_SUFX_NAME/>
<PI_FULL_NAME>Vaibhav Bahadur</PI_FULL_NAME>
<EmailAddress>vb@austin.utexas.edu</EmailAddress>
<PI_PHON>5124716424</PI_PHON>
<NSF_ID>000650774</NSF_ID>
<StartDate>03/10/2022</StartDate>
<EndDate/>
<RoleCode>Principal Investigator</RoleCode>
</Investigator>
<Institution>
<Name>University of Texas at Austin</Name>
<CityName>AUSTIN</CityName>
<ZipCode>787121139</ZipCode>
<PhoneNumber>5124716424</PhoneNumber>
<StreetAddress>110 INNER CAMPUS DR</StreetAddress>
<StreetAddress2/>
<CountryName>United States</CountryName>
<StateName>Texas</StateName>
<StateCode>TX</StateCode>
<CONGRESSDISTRICT>25</CONGRESSDISTRICT>
<CONGRESS_DISTRICT_ORG>TX25</CONGRESS_DISTRICT_ORG>
<ORG_UEI_NUM>V6AFQPN18437</ORG_UEI_NUM>
<ORG_LGL_BUS_NAME>UNIVERSITY OF TEXAS AT AUSTIN</ORG_LGL_BUS_NAME>
<ORG_PRNT_UEI_NUM>X5NKD2NFF2V3</ORG_PRNT_UEI_NUM>
</Institution>
<Performance_Institution>
<Name><![CDATA[University of Texas at Austin]]></Name>
<CityName/>
<StateCode>TX</StateCode>
<ZipCode>787121532</ZipCode>
<StreetAddress/>
<CountryCode>US</CountryCode>
<CountryName>United States</CountryName>
<StateName>Texas</StateName>
<CountryFlag>1</CountryFlag>
<CONGRESSDISTRICT>25</CONGRESSDISTRICT>
<CONGRESS_DISTRICT_PERF>TX25</CONGRESS_DISTRICT_PERF>
</Performance_Institution>
<ProgramElement>
<Code>8023</Code>
<Text>I-Corps</Text>
</ProgramElement>
<ProgramReference>
<Code>9223</Code>
<Text>ENVIRON BENIGN CHEMICAL SYNTH &amp; PROCESS</Text>
</ProgramReference>
<FUND_OBLG>2022~50000</FUND_OBLG>
</Award>
</rootTag>
