<?xml version="1.0" encoding="UTF-8"?>
<rootTag>
<Award>
<AwardTitle><![CDATA[Enhancing Programming and Machine Learning Education for Students with Visual Impairments through the Use of Compilers, AI and Cloud Technologies]]></AwardTitle>
<AGENCY>NSF</AGENCY>
<AwardEffectiveDate>06/15/2022</AwardEffectiveDate>
<AwardExpirationDate>05/31/2025</AwardExpirationDate>
<AwardTotalIntnAmount>770939.00</AwardTotalIntnAmount>
<AwardAmount>770939</AwardAmount>
<AwardInstrument>
<Value>Standard Grant</Value>
</AwardInstrument>
<Organization>
<Code>05020000</Code>
<Directorate>
<Abbreviation>CSE</Abbreviation>
<LongName>Direct For Computer &amp; Info Scie &amp; Enginr</LongName>
</Directorate>
<Division>
<Abbreviation>IIS</Abbreviation>
<LongName>Div Of Information &amp; Intelligent Systems</LongName>
</Division>
</Organization>
<ProgramOfficer>
<SignBlockName>Wu He</SignBlockName>
<PO_EMAI>wuhe@nsf.gov</PO_EMAI>
<PO_PHON>7032927593</PO_PHON>
</ProgramOfficer>
<AbstractNarration><![CDATA[Attractive high-paying and highly flexible Computer Science careers should be more readily accessible for people with blindness or visual impairments (BVI). Unfortunately, teaching the required computer programming and data science skills to students with BVI is extremely challenging due to two major difficulties. The first difficulty comes from the limited capability of current screen readers to properly read computer codes that are a mix of English letters, digits, and punctuation marks. The specialized set of keystrokes used in programming is also not conveniently read by screen readers (e.g., spaces and tabs). The second difficulty comes from time-consuming and frustrating code navigation, whereby students with BVI must repeatedly use screen readers to read every line to locate the desired line for editing. Partnering with San Antonio Lighthouse for the Blind and Vision Impaired, the project will develop new accessibility tools, including a program syntax- and semantics-aware screen reader and a voice-command-based code navigation framework to address the above two difficulties. These accessibility tools will be offered through cloud-based web interfaces to provide nationwide access to students and educators. The success of this project will improve the effectiveness of teaching computer programming and data science to students with BVI, which in turn will increase accessibility for more individuals with BVI to participate in Computing Science with high-paying career opportunities and could lead to a more-diverse Computer Science workforce. &lt;br/&gt; &lt;br/&gt;These accessibility tools will use compilers, Artificial Intelligence (AI), and cloud technologies to read computer code statements based on their meanings, rather than only reading one character at a time. The screen reader will articulate the necessary information that beginning coders need and help them more easily understand the lexicon and semantics used in computer programming and data science. The voice-command-based code navigation will employ speech recognition and natural language processing so that students will be able to use their voice to easily locate a specific statement (e.g., a variable declaration) within their code. These accessibility tools will be integrated into Jupyter notebook and offered through the cloud which will give nationwide access to students and educators. This cloud-based solution will also allow sophisticated AI models to be employed without requiring the students to have powerful and expensive computers to run these accessibility tools. The project will conduct a systematic evaluation of these accessibility tools using single-case research design to deepen the understanding of how technologies, including compilers, AI, and cloud computing, can be applied to teaching Computer Science skills to students with BVI. The evaluation will also provide feedback on the effectiveness of different speech styles and provide additional feedback for future improvements of these accessibility tools.&lt;br/&gt;&lt;br/&gt;This award reflects NSF's statutory mission and has been deemed worthy of support through evaluation using the Foundation's intellectual merit and broader impacts review criteria.]]></AbstractNarration>
<MinAmdLetterDate>06/07/2022</MinAmdLetterDate>
<MaxAmdLetterDate>06/07/2022</MaxAmdLetterDate>
<ARRAAmount/>
<TRAN_TYPE>Grant</TRAN_TYPE>
<CFDA_NUM>47.076</CFDA_NUM>
<NSF_PAR_USE_FLAG>1</NSF_PAR_USE_FLAG>
<FUND_AGCY_CODE>4900</FUND_AGCY_CODE>
<AWDG_AGCY_CODE>4900</AWDG_AGCY_CODE>
<AwardID>2202632</AwardID>
<Investigator>
<FirstName>Wei</FirstName>
<LastName>Wang</LastName>
<PI_MID_INIT/>
<PI_SUFX_NAME/>
<PI_FULL_NAME>Wei Wang</PI_FULL_NAME>
<EmailAddress><![CDATA[wei.wang@utsa.edu]]></EmailAddress>
<NSF_ID>000723590</NSF_ID>
<StartDate>06/07/2022</StartDate>
<EndDate/>
<RoleCode>Principal Investigator</RoleCode>
</Investigator>
<Investigator>
<FirstName>Leslie</FirstName>
<LastName>Neely</LastName>
<PI_MID_INIT/>
<PI_SUFX_NAME/>
<PI_FULL_NAME>Leslie Neely</PI_FULL_NAME>
<EmailAddress><![CDATA[leslie.neely@utsa.edu]]></EmailAddress>
<NSF_ID>000866534</NSF_ID>
<StartDate>06/07/2022</StartDate>
<EndDate/>
<RoleCode>Co-Principal Investigator</RoleCode>
</Investigator>
<Investigator>
<FirstName>Kathy</FirstName>
<LastName>Ewoldt</LastName>
<PI_MID_INIT>B</PI_MID_INIT>
<PI_SUFX_NAME/>
<PI_FULL_NAME>Kathy B Ewoldt</PI_FULL_NAME>
<EmailAddress><![CDATA[kathy.ewoldt@utsa.edu]]></EmailAddress>
<NSF_ID>000866547</NSF_ID>
<StartDate>06/07/2022</StartDate>
<EndDate/>
<RoleCode>Co-Principal Investigator</RoleCode>
</Investigator>
<Institution>
<Name>University of Texas at San Antonio</Name>
<CityName>SAN ANTONIO</CityName>
<ZipCode>782491644</ZipCode>
<PhoneNumber>2104584340</PhoneNumber>
<StreetAddress>1 UTSA CIRCLE</StreetAddress>
<StreetAddress2/>
<CountryName>United States</CountryName>
<StateName>Texas</StateName>
<StateCode>TX</StateCode>
<CONGRESSDISTRICT>20</CONGRESSDISTRICT>
<CONGRESS_DISTRICT_ORG>TX20</CONGRESS_DISTRICT_ORG>
<ORG_UEI_NUM>U44ZMVYU52U6</ORG_UEI_NUM>
<ORG_LGL_BUS_NAME>UNIVERSITY OF TEXAS AT SAN ANTONIO, THE</ORG_LGL_BUS_NAME>
<ORG_PRNT_UEI_NUM>X5NKD2NFF2V3</ORG_PRNT_UEI_NUM>
</Institution>
<Performance_Institution>
<Name><![CDATA[University of Texas at San Antonio]]></Name>
<CityName>San Antonio</CityName>
<StateCode>TX</StateCode>
<ZipCode>782491644</ZipCode>
<StreetAddress><![CDATA[One UTSA Circle]]></StreetAddress>
<CountryCode>US</CountryCode>
<CountryName>United States</CountryName>
<StateName>Texas</StateName>
<CountryFlag>1</CountryFlag>
<CONGRESSDISTRICT>20</CONGRESSDISTRICT>
<CONGRESS_DISTRICT_PERF>TX20</CONGRESS_DISTRICT_PERF>
</Performance_Institution>
<ProgramElement>
<Code>7227</Code>
<Text>ITEST-Inov Tech Exp Stu &amp; Teac</Text>
</ProgramElement>
<ProgramReference>
<Code>093Z</Code>
<Text>AI Education/Workforce Develop</Text>
</ProgramReference>
<ProgramReference>
<Code>113Z</Code>
<Text>Persons w Disabilities Engagement&amp;Access</Text>
</ProgramReference>
<ProgramReference>
<Code>8045</Code>
<Text>Cyberlearn &amp; Future Learn Tech</Text>
</ProgramReference>
<FUND_OBLG>2022~770939</FUND_OBLG>
</Award>
</rootTag>
