<?xml version="1.0" encoding="UTF-8"?>
<rootTag>
<Award>
<AwardTitle>Ligand Dynamics and Chemistry on Locally Curved Metallic Nanoparticle Surfaces</AwardTitle>
<AGENCY>NSF</AGENCY>
<AwardEffectiveDate>08/15/2022</AwardEffectiveDate>
<AwardExpirationDate>07/31/2025</AwardExpirationDate>
<AwardTotalIntnAmount>487098.00</AwardTotalIntnAmount>
<AwardAmount>487098</AwardAmount>
<AwardInstrument>
<Value>Standard Grant</Value>
</AwardInstrument>
<Organization>
<Code>03090000</Code>
<Directorate>
<Abbreviation>MPS</Abbreviation>
<LongName>Direct For Mathematical &amp; Physical Scien</LongName>
</Directorate>
<Division>
<Abbreviation>CHE</Abbreviation>
<LongName>Division Of Chemistry</LongName>
</Division>
</Organization>
<ProgramOfficer>
<SignBlockName>Suk-Wah Tam-Chang</SignBlockName>
<PO_EMAI>stamchan@nsf.gov</PO_EMAI>
<PO_PHON>7032928684</PO_PHON>
</ProgramOfficer>
<AbstractNarration>With the support of the Macromolecular, Supramolecular and Nanochemistry Program in the Division of Chemistry, Dr. Hui Wang of University of South Carolina aims at developing quantitative understanding of the dynamic interactions between molecular ligands and nanoparticle surfaces as well as surface curvature-dependent ligand chemistry and photochemistry. The inorganic cores and the organic ligand shells are two structurally distinct but strongly interplaying components that synergistically determine the collective optical, electronic, and catalytic properties of the nanoparticles. The insights to be gained from this research project will serve as a central knowledge framework that guides the rational optimization of the surface functionalities of colloidal nanoparticles toward targeted applications in catalysis, photocatalysis, photonics, sensing, and biomedicine. This project will create valuable research training opportunities for students at various levels and will be further integrated with outreach activity development. Specifically, Dr. Wang will develop a highly interdisciplinary research and education program on nanoparticle surface chemistry involving broad participation of graduate, undergraduate, and high school students. In addition, Dr. Wang and his students will collaborate with Benedict College, a Historically Black College and University (HBCU) in South Carolina, to develop a long-term partnership on both research and education. Furthermore, the Wang group will work closely with the Electron Microscopy Center at the University of South Carolina on developing educational outreach activities that specifically target the students from local public schools and the participants of the South Carolina State Science Fair.&lt;br/&gt;&lt;br/&gt;Virtually all chemically synthesized inorganic colloidal nanoparticles, regardless of their dimensions, crystalline structures, and chemical compositions, are coated with a thin layer of organic molecular ligands. This research project involves systematic comparative studies of several deliberately selected nanoparticle-ligand systems to investigate the interfacial dynamics and chemical/photochemical transformations of molecular adsorbates on locally curved metallic nanoparticle surfaces through integrated experimental and computational research efforts. Dr. Wang and his research team will utilize surface-enhanced Raman spectroscopy (SERS) as an ultrasensitive plasmon-enhanced spectroscopic tool to quantitatively correlate the interfacial ligand dynamics with detailed molecular structures under a diverse set of ligand adsorption, desorption, and exchange conditions. SERS will also be used as an in situ spectroscopic tool to fine-revolve detailed structural evolution of the transforming molecular adsorbates on structurally tailored metallic nanoparticle surfaces in real time during chemical and photochemical reactions. The thermodynamic and kinetic results obtained through deliberately designed SERS measurements will be further corroborated by density functional theory calculations to fully unravel how the chemical nature of nanoparticle-adsorbate interactions and the local curvature of nanoparticle surfaces profoundly influence the dynamic interfacial behaviors and the chemical/photochemical reactivities of various types of surface-bound ligand molecules, such as organothiols, isocyanide compounds, terminal alkynes, and diazonium-derived aryl ligands.&lt;br/&gt;&lt;br/&gt;This award reflects NSF's statutory mission and has been deemed worthy of support through evaluation using the Foundation's intellectual merit and broader impacts review criteria.</AbstractNarration>
<MinAmdLetterDate>05/06/2022</MinAmdLetterDate>
<MaxAmdLetterDate>05/06/2022</MaxAmdLetterDate>
<ARRAAmount/>
<TRAN_TYPE>Grant</TRAN_TYPE>
<CFDA_NUM>47.049</CFDA_NUM>
<NSF_PAR_USE_FLAG>1</NSF_PAR_USE_FLAG>
<FUND_AGCY_CODE>4900</FUND_AGCY_CODE>
<AWDG_AGCY_CODE>4900</AWDG_AGCY_CODE>
<AwardID>2202928</AwardID>
<Investigator>
<FirstName>Hui</FirstName>
<LastName>Wang</LastName>
<PI_MID_INIT/>
<PI_SUFX_NAME/>
<PI_FULL_NAME>Hui Wang</PI_FULL_NAME>
<EmailAddress>wang344@mailbox.sc.edu</EmailAddress>
<PI_PHON>8037772203</PI_PHON>
<NSF_ID>000624071</NSF_ID>
<StartDate>05/06/2022</StartDate>
<EndDate/>
<RoleCode>Principal Investigator</RoleCode>
</Investigator>
<Institution>
<Name>University of South Carolina at Columbia</Name>
<CityName>COLUMBIA</CityName>
<ZipCode>292083403</ZipCode>
<PhoneNumber>8037777093</PhoneNumber>
<StreetAddress>1600 HAMPTON ST # 414</StreetAddress>
<StreetAddress2/>
<CountryName>United States</CountryName>
<StateName>South Carolina</StateName>
<StateCode>SC</StateCode>
<CONGRESSDISTRICT>06</CONGRESSDISTRICT>
<CONGRESS_DISTRICT_ORG>SC06</CONGRESS_DISTRICT_ORG>
<ORG_UEI_NUM>J22LNTMEDP73</ORG_UEI_NUM>
<ORG_LGL_BUS_NAME>UNIVERSITY OF SOUTH CAROLINA</ORG_LGL_BUS_NAME>
<ORG_PRNT_UEI_NUM>J22LNTMEDP73</ORG_PRNT_UEI_NUM>
</Institution>
<Performance_Institution>
<Name><![CDATA[University of South Carolina at Columbia]]></Name>
<CityName/>
<StateCode>SC</StateCode>
<ZipCode>292080001</ZipCode>
<StreetAddress/>
<CountryCode>US</CountryCode>
<CountryName>United States</CountryName>
<StateName>South Carolina</StateName>
<CountryFlag>1</CountryFlag>
<CONGRESSDISTRICT>06</CONGRESSDISTRICT>
<CONGRESS_DISTRICT_PERF>SC06</CONGRESS_DISTRICT_PERF>
</Performance_Institution>
<ProgramElement>
<Code>6885</Code>
<Text>Macromolec/Supramolec/Nano</Text>
</ProgramElement>
<ProgramReference>
<Code>7237</Code>
<Text>NANO NON-SOLIC SCI &amp; ENG AWD</Text>
</ProgramReference>
<ProgramReference>
<Code>8084</Code>
<Text>CDS&amp;E</Text>
</ProgramReference>
<ProgramReference>
<Code>9150</Code>
<Text>EXP PROG TO STIM COMP RES</Text>
</ProgramReference>
<ProgramReference>
<Code>9263</Code>
<Text>COMPUTATIONAL SCIENCE &amp; ENGING</Text>
</ProgramReference>
<FUND_OBLG>2022~487098</FUND_OBLG>
</Award>
</rootTag>
