<?xml version="1.0" encoding="UTF-8"?>
<rootTag>
<Award>
<AwardTitle>Partially Wrapped Fukaya Categories and Functoriality in Mirror Symmetry</AwardTitle>
<AGENCY>NSF</AGENCY>
<AwardEffectiveDate>07/01/2022</AwardEffectiveDate>
<AwardExpirationDate>06/30/2025</AwardExpirationDate>
<AwardTotalIntnAmount>539063.00</AwardTotalIntnAmount>
<AwardAmount>174851</AwardAmount>
<AwardInstrument>
<Value>Continuing Grant</Value>
</AwardInstrument>
<Organization>
<Code>03040000</Code>
<Directorate>
<Abbreviation>MPS</Abbreviation>
<LongName>Direct For Mathematical &amp; Physical Scien</LongName>
</Directorate>
<Division>
<Abbreviation>DMS</Abbreviation>
<LongName>Division Of Mathematical Sciences</LongName>
</Division>
</Organization>
<ProgramOfficer>
<SignBlockName>Swatee Naik</SignBlockName>
<PO_EMAI>snaik@nsf.gov</PO_EMAI>
<PO_PHON>7032924876</PO_PHON>
</ProgramOfficer>
<AbstractNarration>In modern geometry it is often useful to think of spaces in non-local terms rather than relying on classical concepts such as position. This is especially true of symplectic geometry -- the geometry of phase spaces of classical mechanics, where points are "too small" to be relevant, and it is more natural to consider objects called Lagrangian submanifolds. These objects and their interactions are encoded by an algebraic structure (or "non-commutative space") called the Fukaya category. A remarkable mathematical conjecture inspired by ideas from theoretical physics, "homological mirror symmetry", asserts that Fukaya categories are in fact often equivalent to honest (commutative) spaces of the sort studied in algebraic geometry. This research project studies versions of Fukaya categories for symplectic manifolds equipped with one or more (commuting) functions and/or relative to certain directions at infinity. The rich structure of these categories, coming from the additional data, yields new ways of understanding the effect of various geometric constructions on the Fukaya category of a symplectic manifold; this in turn should greatly extend the range of settings in which homological mirror symmetry can be verified. The project will also provide research opportunities for several graduate students and generally aim to make this research area more accessible to the broader mathematical community.&lt;br/&gt;&lt;br/&gt; From a technical standpoint, the first goal of this project is to develop a better geometric setup for partially wrapped Fukaya categories as they arise in mirror symmetry, to arrive at a formulation where computations are possible and the expected structural features are manifest. The other main goal is to use these foundations to give a general proof of homological mirror symmetry for (not necessarily Calabi-Yau) complete intersections in toric varieties, and to study canonical bases of their coordinate rings. Finally, this project will also bring conceptual clarity to the field by unifying different proposed constructions of partially wrapped Fukaya categories, finding new instances of functoriality in mirror symmetry, and studying the interplay between geometric constructions and categorical ones.&lt;br/&gt;&lt;br/&gt;This award reflects NSF's statutory mission and has been deemed worthy of support through evaluation using the Foundation's intellectual merit and broader impacts review criteria.</AbstractNarration>
<MinAmdLetterDate>04/29/2022</MinAmdLetterDate>
<MaxAmdLetterDate>04/29/2022</MaxAmdLetterDate>
<ARRAAmount/>
<TRAN_TYPE>Grant</TRAN_TYPE>
<CFDA_NUM>47.049</CFDA_NUM>
<NSF_PAR_USE_FLAG>1</NSF_PAR_USE_FLAG>
<FUND_AGCY_CODE>4900</FUND_AGCY_CODE>
<AWDG_AGCY_CODE>4900</AWDG_AGCY_CODE>
<AwardID>2202984</AwardID>
<Investigator>
<FirstName>Denis</FirstName>
<LastName>Auroux</LastName>
<PI_MID_INIT/>
<PI_SUFX_NAME/>
<PI_FULL_NAME>Denis Auroux</PI_FULL_NAME>
<EmailAddress>auroux@math.harvard.edu</EmailAddress>
<PI_PHON>6174955487</PI_PHON>
<NSF_ID>000544461</NSF_ID>
<StartDate>04/29/2022</StartDate>
<EndDate/>
<RoleCode>Principal Investigator</RoleCode>
</Investigator>
<Institution>
<Name>Harvard University</Name>
<CityName>CAMBRIDGE</CityName>
<ZipCode>021385369</ZipCode>
<PhoneNumber>6174955501</PhoneNumber>
<StreetAddress>1033 MASSACHUSETTS AVE 5TH FL</StreetAddress>
<StreetAddress2/>
<CountryName>United States</CountryName>
<StateName>Massachusetts</StateName>
<StateCode>MA</StateCode>
<CONGRESSDISTRICT>05</CONGRESSDISTRICT>
<CONGRESS_DISTRICT_ORG>MA05</CONGRESS_DISTRICT_ORG>
<ORG_UEI_NUM>LN53LCFJFL45</ORG_UEI_NUM>
<ORG_LGL_BUS_NAME>PRESIDENT AND FELLOWS OF HARVARD COLLEGE</ORG_LGL_BUS_NAME>
<ORG_PRNT_UEI_NUM>ML98SNHE8XL1</ORG_PRNT_UEI_NUM>
</Institution>
<Performance_Institution>
<Name><![CDATA[Harvard University]]></Name>
<CityName>Cambridge</CityName>
<StateCode>MA</StateCode>
<ZipCode>021385369</ZipCode>
<StreetAddress><![CDATA[1 Oxford Street]]></StreetAddress>
<CountryCode>US</CountryCode>
<CountryName>United States</CountryName>
<StateName>Massachusetts</StateName>
<CountryFlag>1</CountryFlag>
<CONGRESSDISTRICT>05</CONGRESSDISTRICT>
<CONGRESS_DISTRICT_PERF>MA05</CONGRESS_DISTRICT_PERF>
</Performance_Institution>
<ProgramElement>
<Code>1265</Code>
<Text>GEOMETRIC ANALYSIS</Text>
</ProgramElement>
<ProgramElement>
<Code>1267</Code>
<Text>TOPOLOGY</Text>
</ProgramElement>
<FUND_OBLG>2022~174851</FUND_OBLG>
</Award>
</rootTag>
