<?xml version="1.0" encoding="UTF-8"?>
<rootTag>
<Award>
<AwardTitle><![CDATA[Research on the Use of Real-Time Tracking and Eye-Tracking Technology for Integrating Metacognition and Augmented Reality into Undergraduate Engineering Laboratories]]></AwardTitle>
<AGENCY>NSF</AGENCY>
<AwardEffectiveDate>07/01/2022</AwardEffectiveDate>
<AwardExpirationDate>06/30/2025</AwardExpirationDate>
<AwardTotalIntnAmount>850000.00</AwardTotalIntnAmount>
<AwardAmount>850000</AwardAmount>
<AwardInstrument>
<Value>Standard Grant</Value>
</AwardInstrument>
<Organization>
<Code>05020000</Code>
<Directorate>
<Abbreviation>CSE</Abbreviation>
<LongName>Direct For Computer &amp; Info Scie &amp; Enginr</LongName>
</Directorate>
<Division>
<Abbreviation>IIS</Abbreviation>
<LongName>Div Of Information &amp; Intelligent Systems</LongName>
</Division>
</Organization>
<ProgramOfficer>
<SignBlockName>Jumoke Ladeji-Osias</SignBlockName>
<PO_EMAI>jladejio@nsf.gov</PO_EMAI>
<PO_PHON>7032927708</PO_PHON>
</ProgramOfficer>
<AbstractNarration><![CDATA[This project aims to innovate Augmented Reality (AR) learning platforms in an undergraduate engineering laboratory. Recently, due to the COVID-19 pandemic, in-person engineering laboratories faced significant challenges in providing hands-on exercise. AR technology might be a solution to the current challenge. Unlike virtual reality, AR does not cover a physical world but mixes 3D virtual objects into physical objects to improve students’ laboratory experiences and spatial awareness. However, students faced difficulties navigating the AR device and have experienced a mismatch between computer-generated 3D images and physical objects while learning in an AR environment. To transform AR learning from a static and isolated experience into a dynamic self-study, this project includes research on using a real-time tracking sensor with a 3D full-body motion capture system to improve AR usability and detect student’s premature termination of learning using metacognitive monitoring feedback and eye-tracking technology.  &lt;br/&gt;&lt;br/&gt;The primary goal of this project is to integrate real-time 3D motion and location tracking systems to meet a series of objectives to gain insight into scientific development and technological innovation in a location-based AR environment. The first objective is to create the next generation of an AR learning platform by integrating state-of-the-art indoor real-time location technology and a 3D full-body motion capture system. The second objective is to detect the early termination of learning by using metacognitive monitoring feedback and eye movement data. The researchers will apply advanced gaze behavior metrics, such as fractal analysis of pupil dilation and eye inter-fixation duration, to identify significant eye gaze behavior representing student’s premature termination of learning. The last objective is to implement the research findings to promote instructional improvement in an engineering laboratory on the impact of receiving metacognitive feedback on learning performance. The current project will address integrated research and education activities to enhance our knowledge of effective undergraduate engineering laboratory education using real-time 3D motion and location tracking capabilities.&lt;br/&gt;&lt;br/&gt;This award reflects NSF's statutory mission and has been deemed worthy of support through evaluation using the Foundation's intellectual merit and broader impacts review criteria.]]></AbstractNarration>
<MinAmdLetterDate>06/22/2022</MinAmdLetterDate>
<MaxAmdLetterDate>06/22/2022</MaxAmdLetterDate>
<ARRAAmount/>
<TRAN_TYPE>Grant</TRAN_TYPE>
<CFDA_NUM>47.070, 47.076</CFDA_NUM>
<NSF_PAR_USE_FLAG>1</NSF_PAR_USE_FLAG>
<FUND_AGCY_CODE>4900</FUND_AGCY_CODE>
<AWDG_AGCY_CODE>4900</AWDG_AGCY_CODE>
<AwardID>2202108</AwardID>
<Investigator>
<FirstName>Jung Hyup</FirstName>
<LastName>Kim</LastName>
<PI_MID_INIT/>
<PI_SUFX_NAME/>
<PI_FULL_NAME>Jung Hyup Kim</PI_FULL_NAME>
<EmailAddress><![CDATA[kijung@missouri.edu]]></EmailAddress>
<NSF_ID>000665974</NSF_ID>
<StartDate>06/22/2022</StartDate>
<EndDate/>
<RoleCode>Principal Investigator</RoleCode>
</Investigator>
<Investigator>
<FirstName>Danielle</FirstName>
<LastName>Oprean</LastName>
<PI_MID_INIT>M</PI_MID_INIT>
<PI_SUFX_NAME/>
<PI_FULL_NAME>Danielle M Oprean</PI_FULL_NAME>
<EmailAddress><![CDATA[opreand@missouri.edu]]></EmailAddress>
<NSF_ID>000738429</NSF_ID>
<StartDate>06/22/2022</StartDate>
<EndDate/>
<RoleCode>Co-Principal Investigator</RoleCode>
</Investigator>
<Investigator>
<FirstName>Kangwon</FirstName>
<LastName>Seo</LastName>
<PI_MID_INIT/>
<PI_SUFX_NAME/>
<PI_FULL_NAME>Kangwon Seo</PI_FULL_NAME>
<EmailAddress><![CDATA[seoka@missouri.edu]]></EmailAddress>
<NSF_ID>000760589</NSF_ID>
<StartDate>06/22/2022</StartDate>
<EndDate/>
<RoleCode>Co-Principal Investigator</RoleCode>
</Investigator>
<Institution>
<Name>University of Missouri-Columbia</Name>
<CityName>COLUMBIA</CityName>
<ZipCode>652113020</ZipCode>
<PhoneNumber>5738827560</PhoneNumber>
<StreetAddress>316 UNIVERSITY HALL</StreetAddress>
<StreetAddress2/>
<CountryName>United States</CountryName>
<StateName>Missouri</StateName>
<StateCode>MO</StateCode>
<CONGRESSDISTRICT>04</CONGRESSDISTRICT>
<CONGRESS_DISTRICT_ORG>MO04</CONGRESS_DISTRICT_ORG>
<ORG_UEI_NUM>SZPJL5ZRCLF4</ORG_UEI_NUM>
<ORG_LGL_BUS_NAME>UNIVERSITY OF MISSOURI SYSTEM</ORG_LGL_BUS_NAME>
<ORG_PRNT_UEI_NUM>LBFJB8N7LME3</ORG_PRNT_UEI_NUM>
</Institution>
<Performance_Institution>
<Name><![CDATA[The Curators of the University of Missouri]]></Name>
<CityName>Columbia</CityName>
<StateCode>MO</StateCode>
<ZipCode>652110001</ZipCode>
<StreetAddress><![CDATA[115 Business Loop 70 W]]></StreetAddress>
<CountryCode>US</CountryCode>
<CountryName>United States</CountryName>
<StateName>Missouri</StateName>
<CountryFlag>1</CountryFlag>
<CONGRESSDISTRICT>04</CONGRESSDISTRICT>
<CONGRESS_DISTRICT_PERF>MO04</CONGRESS_DISTRICT_PERF>
</Performance_Institution>
<ProgramElement>
<Code>7980</Code>
<Text>ECR-EHR Core Research</Text>
</ProgramElement>
<ProgramElement>
<Code>8020</Code>
<Text>Cyberlearn &amp; Future Learn Tech</Text>
</ProgramElement>
<ProgramReference>
<Code>110E</Code>
<Text>EDUCATION RESEARCH</Text>
</ProgramReference>
<ProgramReference>
<Code>1340</Code>
<Text>ENGINEERING EDUCATION</Text>
</ProgramReference>
<ProgramReference>
<Code>8045</Code>
<Text>Cyberlearn &amp; Future Learn Tech</Text>
</ProgramReference>
<Appropriation>
<Code/>
<Name/>
<APP_SYMB_ID/>
</Appropriation>
<Appropriation>
<Code/>
<Name/>
<APP_SYMB_ID/>
</Appropriation>
<Fund>
<Code>01002223DB</Code>
<Name><![CDATA[NSF RESEARCH & RELATED ACTIVIT]]></Name>
<FUND_SYMB_ID>040100</FUND_SYMB_ID>
</Fund>
<Fund>
<Code>04002223DB</Code>
<Name><![CDATA[NSF Education & Human Resource]]></Name>
<FUND_SYMB_ID>040106</FUND_SYMB_ID>
</Fund>
<FUND_OBLG>2022~850000</FUND_OBLG>
</Award>
</rootTag>
