<?xml version="1.0" encoding="UTF-8"?>
<rootTag>
<Award>
<AwardTitle>Summer Topology Conferences 2022</AwardTitle>
<AGENCY>NSF</AGENCY>
<AwardEffectiveDate>04/01/2022</AwardEffectiveDate>
<AwardExpirationDate>03/31/2023</AwardExpirationDate>
<AwardTotalIntnAmount>28650.00</AwardTotalIntnAmount>
<AwardAmount>28650</AwardAmount>
<AwardInstrument>
<Value>Standard Grant</Value>
</AwardInstrument>
<Organization>
<Code>03040000</Code>
<Directorate>
<Abbreviation>MPS</Abbreviation>
<LongName>Direct For Mathematical &amp; Physical Scien</LongName>
</Directorate>
<Division>
<Abbreviation>DMS</Abbreviation>
<LongName>Division Of Mathematical Sciences</LongName>
</Division>
</Organization>
<ProgramOfficer>
<SignBlockName>Tomek Bartoszynski</SignBlockName>
<PO_EMAI>tbartosz@nsf.gov</PO_EMAI>
<PO_PHON>7032924885</PO_PHON>
</ProgramOfficer>
<AbstractNarration>This grant supports US-based participants, especially junior researchers and graduate students, who attend either the 36th Summer Topology Conference (SUMTOPO) meeting hosted at the University of Vienna, Austria, from July 18-22, 2022, or the Prague Symposium on General Topology and its Relations to Modern Analysis and Algebra (TOPOSYM) held July 25-29, 2022, in Prague, Czech Republic. Because of their close geographic and temporal proximity and disjoint lists of plenary speakers, these meetings provide a special opportunity for US researchers to participate in one or both and to meet colleagues in Europe, share their research, start new collaborations, and continue old ones. The primary goal of these conferences is to aid in the dissemination of knowledge of experts in the field of topology. In addition to this, collecting such a group of experts at a meeting will inevitably lead to new collaborations and the furthering of basic research in the field of topology.&lt;br/&gt;&lt;br/&gt;SUMTOPO is an annual conference in its 36th installment, which has been hosted both in the US and abroad in recent years, including in South Africa, Ireland, and England. The TOPOSYM conference is held in Prague, Czech Republic in a five-year cycle since 1961. Both meetings have long served as a geographic and intellectual meeting point, and both have a large attendance from both North America (the US in particular) and from Europe. Both conferences cover a broad range of topics on the more analytical side of topology: general and set-theoretic topology, descriptive set theory, continuum theory, topological dynamics, topology in functional analysis and algebra, and categorical topology. They will feature plenary lectures by many leaders in these fields.&lt;br/&gt;&lt;br/&gt;More information can be found on the webpages: &lt;br/&gt;SUMTOPO:  https://www.univie.ac.at/projektservice-mathematik/e/index.php?event=stc22 &lt;br/&gt;TOPOSYM:  http://www.toposym.cz/&lt;br/&gt;&lt;br/&gt;This award reflects NSF's statutory mission and has been deemed worthy of support through evaluation using the Foundation's intellectual merit and broader impacts review criteria.</AbstractNarration>
<MinAmdLetterDate>03/18/2022</MinAmdLetterDate>
<MaxAmdLetterDate>03/24/2022</MaxAmdLetterDate>
<ARRAAmount/>
<TRAN_TYPE>Grant</TRAN_TYPE>
<CFDA_NUM>47.049</CFDA_NUM>
<NSF_PAR_USE_FLAG>1</NSF_PAR_USE_FLAG>
<FUND_AGCY_CODE>4900</FUND_AGCY_CODE>
<AWDG_AGCY_CODE>4900</AWDG_AGCY_CODE>
<AwardID>2202452</AwardID>
<Investigator>
<FirstName>Vera</FirstName>
<LastName>Fischer</LastName>
<PI_MID_INIT/>
<PI_SUFX_NAME/>
<PI_FULL_NAME>Vera Fischer</PI_FULL_NAME>
<EmailAddress>vera.fischer@univie.ac.at</EmailAddress>
<PI_PHON>1427750520</PI_PHON>
<NSF_ID>000794763</NSF_ID>
<StartDate>03/18/2022</StartDate>
<EndDate/>
<RoleCode>Co-Principal Investigator</RoleCode>
</Investigator>
<Investigator>
<FirstName>Justin</FirstName>
<LastName>Moore</LastName>
<PI_MID_INIT>T</PI_MID_INIT>
<PI_SUFX_NAME/>
<PI_FULL_NAME>Justin T Moore</PI_FULL_NAME>
<EmailAddress>justin@math.cornell.edu</EmailAddress>
<PI_PHON>6072554185</PI_PHON>
<NSF_ID>000274863</NSF_ID>
<StartDate>03/18/2022</StartDate>
<EndDate/>
<RoleCode>Principal Investigator</RoleCode>
</Investigator>
<Institution>
<Name>Cornell University</Name>
<CityName>ITHACA</CityName>
<ZipCode>148502820</ZipCode>
<PhoneNumber>6072555014</PhoneNumber>
<StreetAddress>341 PINE TREE RD</StreetAddress>
<StreetAddress2/>
<CountryName>United States</CountryName>
<StateName>New York</StateName>
<StateCode>NY</StateCode>
<CONGRESSDISTRICT>23</CONGRESSDISTRICT>
<CONGRESS_DISTRICT_ORG>NY23</CONGRESS_DISTRICT_ORG>
<ORG_UEI_NUM>G56PUALJ3KT5</ORG_UEI_NUM>
<ORG_LGL_BUS_NAME>CORNELL UNIVERSITY</ORG_LGL_BUS_NAME>
<ORG_PRNT_UEI_NUM>EQA8NBEN9WD5</ORG_PRNT_UEI_NUM>
</Institution>
<Performance_Institution>
<Name><![CDATA[University of Vienna]]></Name>
<CityName>Vienna</CityName>
<StateCode/>
<ZipCode/>
<StreetAddress/>
<CountryCode>AU</CountryCode>
<CountryName>Austria</CountryName>
<StateName>RI REQUIRED</StateName>
<CountryFlag>0</CountryFlag>
<CONGRESSDISTRICT/>
<CONGRESS_DISTRICT_PERF>""</CONGRESS_DISTRICT_PERF>
</Performance_Institution>
<ProgramElement>
<Code>1267</Code>
<Text>TOPOLOGY</Text>
</ProgramElement>
<ProgramElement>
<Code>1268</Code>
<Text>FOUNDATIONS</Text>
</ProgramElement>
<ProgramReference>
<Code>7556</Code>
<Text>CONFERENCE AND WORKSHOPS</Text>
</ProgramReference>
<FUND_OBLG>2022~28650</FUND_OBLG>
</Award>
</rootTag>
