<?xml version="1.0" encoding="UTF-8"?>
<rootTag>
<Award>
<AwardTitle><![CDATA[Technician Training for Advanced Manufacturing and Materials]]></AwardTitle>
<AGENCY>NSF</AGENCY>
<AwardEffectiveDate>07/01/2022</AwardEffectiveDate>
<AwardExpirationDate>06/30/2025</AwardExpirationDate>
<AwardTotalIntnAmount>569635.00</AwardTotalIntnAmount>
<AwardAmount>569635</AwardAmount>
<AwardInstrument>
<Value>Standard Grant</Value>
</AwardInstrument>
<Organization>
<Code>11040100</Code>
<Directorate>
<Abbreviation>EHR</Abbreviation>
<LongName>Direct For Education and Human Resources</LongName>
</Directorate>
<Division>
<Abbreviation>DUE</Abbreviation>
<LongName>Division Of Undergraduate Education</LongName>
</Division>
</Organization>
<ProgramOfficer>
<SignBlockName>John Jackman</SignBlockName>
<PO_EMAI>jjackman@nsf.gov</PO_EMAI>
<PO_PHON>7032924816</PO_PHON>
</ProgramOfficer>
<AbstractNarration><![CDATA[Recent advances in advanced manufacturing technologies have led to new capabilities in manufacturing. Technicians who have a better understanding of these new technologies and the advanced engineering materials used in these processes will be able to implement them in manufacturing facilities. Traditional technical education for manufacturing technicians needs to keep pace with these technology trends in industry. To address this need, this project will introduce new content for existing design, manufacturing, and materials science courses including virtual and hands-on experiential learning exercises as well as tutorials on specific topics. A Business and Industry Leadership Team will provide feedback on course content so that the courses are aligned with the needs of industry. A summer training program will provide an opportunity for students to learn professional skills that will help them be successful in the technician workforce.  To complement the training program, students will have the option to participate in an entrepreneurial student competition in which student teams address an industry problem or develop a new product.&lt;br/&gt;&lt;br/&gt;The goal of this project is to address industry’s workforce needs for skilled technicians who have training in advanced manufacturing technologies including computer-aided design, additive manufacturing, and engineering materials. This project will use the Business and Industry Leadership Team model to collaborate with industry to develop course content that addresses the knowledge, skills, and abilities that manufacturers need to implement and maintain these technologies. In addition to classroom instruction, students will have experiential learning opportunities using a combination of virtual and hands-on activities. Virtual training software will help students earn certificates corresponding to a specific set of skills. A new summer training program will provide training on professional skills including communication, teamwork, and time management skills. This program will also help students develop better problem-solving skills and learn how to conduct experiments and analyze data to obtain meaningful results. The project team will assess the impact of project activities on student learning and retention using student surveys, assessments of student work, and student interviews. This project is funded by the Advanced Technological Education program that focuses on the education of technicians for the advanced-technology fields that drive the nation's economy.&lt;br/&gt;&lt;br/&gt;This award reflects NSF's statutory mission and has been deemed worthy of support through evaluation using the Foundation's intellectual merit and broader impacts review criteria.]]></AbstractNarration>
<MinAmdLetterDate>06/13/2022</MinAmdLetterDate>
<MaxAmdLetterDate>06/13/2022</MaxAmdLetterDate>
<ARRAAmount/>
<TRAN_TYPE>Grant</TRAN_TYPE>
<CFDA_NUM>47.076</CFDA_NUM>
<NSF_PAR_USE_FLAG>1</NSF_PAR_USE_FLAG>
<FUND_AGCY_CODE>4900</FUND_AGCY_CODE>
<AWDG_AGCY_CODE>4900</AWDG_AGCY_CODE>
<AwardID>2202154</AwardID>
<Investigator>
<FirstName>sidi</FirstName>
<LastName>berri</LastName>
<PI_MID_INIT/>
<PI_SUFX_NAME/>
<PI_FULL_NAME>sidi berri</PI_FULL_NAME>
<EmailAddress><![CDATA[sberri@citytech.cuny.edu]]></EmailAddress>
<NSF_ID>000185569</NSF_ID>
<StartDate>06/13/2022</StartDate>
<EndDate/>
<RoleCode>Co-Principal Investigator</RoleCode>
</Investigator>
<Investigator>
<FirstName>Gaffar</FirstName>
<LastName>Gailani</LastName>
<PI_MID_INIT>B</PI_MID_INIT>
<PI_SUFX_NAME/>
<PI_FULL_NAME>Gaffar B Gailani</PI_FULL_NAME>
<EmailAddress><![CDATA[ggailani@citytech.cuny.edu]]></EmailAddress>
<NSF_ID>000540425</NSF_ID>
<StartDate>06/13/2022</StartDate>
<EndDate/>
<RoleCode>Principal Investigator</RoleCode>
</Investigator>
<Investigator>
<FirstName>Akm</FirstName>
<LastName>Rahman</LastName>
<PI_MID_INIT/>
<PI_SUFX_NAME/>
<PI_FULL_NAME>Akm Rahman</PI_FULL_NAME>
<EmailAddress><![CDATA[asrahman@citytech.cuny.edu]]></EmailAddress>
<NSF_ID>000769370</NSF_ID>
<StartDate>06/13/2022</StartDate>
<EndDate/>
<RoleCode>Co-Principal Investigator</RoleCode>
</Investigator>
<Investigator>
<FirstName>Angran</FirstName>
<LastName>Xiao</LastName>
<PI_MID_INIT/>
<PI_SUFX_NAME/>
<PI_FULL_NAME>Angran Xiao</PI_FULL_NAME>
<EmailAddress><![CDATA[axiao@citytech.cuny.edu]]></EmailAddress>
<NSF_ID>000782554</NSF_ID>
<StartDate>06/13/2022</StartDate>
<EndDate/>
<RoleCode>Co-Principal Investigator</RoleCode>
</Investigator>
<Investigator>
<FirstName>Denise</FirstName>
<LastName>Sutton</LastName>
<PI_MID_INIT>H</PI_MID_INIT>
<PI_SUFX_NAME/>
<PI_FULL_NAME>Denise H Sutton</PI_FULL_NAME>
<EmailAddress><![CDATA[dsutton@citytech.cuny.edu]]></EmailAddress>
<NSF_ID>000789073</NSF_ID>
<StartDate>06/13/2022</StartDate>
<EndDate/>
<RoleCode>Co-Principal Investigator</RoleCode>
</Investigator>
<Institution>
<Name>CUNY New York City College of Technology</Name>
<CityName>BROOKLYN</CityName>
<ZipCode>112011909</ZipCode>
<PhoneNumber>7182605560</PhoneNumber>
<StreetAddress>300 JAY ST</StreetAddress>
<StreetAddress2/>
<CountryName>United States</CountryName>
<StateName>New York</StateName>
<StateCode>NY</StateCode>
<CONGRESSDISTRICT>07</CONGRESSDISTRICT>
<CONGRESS_DISTRICT_ORG>NY07</CONGRESS_DISTRICT_ORG>
<ORG_UEI_NUM>DD5KCJHVVCV7</ORG_UEI_NUM>
<ORG_LGL_BUS_NAME>RESEARCH FOUNDATION OF THE CITY UNIVERSITY OF NEW YORK</ORG_LGL_BUS_NAME>
<ORG_PRNT_UEI_NUM>U7WPB7AFN7M2</ORG_PRNT_UEI_NUM>
</Institution>
<Performance_Institution>
<Name><![CDATA[CUNY New York City College of Technology]]></Name>
<CityName>BROOKLYN</CityName>
<StateCode>NY</StateCode>
<ZipCode>112012902</ZipCode>
<StreetAddress><![CDATA[300 JAY ST]]></StreetAddress>
<CountryCode>US</CountryCode>
<CountryName>United States</CountryName>
<StateName>New York</StateName>
<CountryFlag>1</CountryFlag>
<CONGRESSDISTRICT>07</CONGRESSDISTRICT>
<CONGRESS_DISTRICT_PERF>NY07</CONGRESS_DISTRICT_PERF>
</Performance_Institution>
<ProgramElement>
<Code>7412</Code>
<Text>Advanced Tech Education Prog</Text>
</ProgramElement>
<ProgramReference>
<Code>1032</Code>
<Text>ADVANCED TECHNOLOGY EDUCATION</Text>
</ProgramReference>
<ProgramReference>
<Code>9178</Code>
<Text>UNDERGRADUATE EDUCATION</Text>
</ProgramReference>
<ProgramReference>
<Code>SMET</Code>
<Text>SCIENCE, MATH, ENG &amp; TECH EDUCATION</Text>
</ProgramReference>
<FUND_OBLG>2022~569635</FUND_OBLG>
</Award>
</rootTag>
