<?xml version="1.0" encoding="UTF-8"?>
<rootTag>
<Award>
<AwardTitle>Integrating Electric Vehicle Technology in Legacy Automotive Programs</AwardTitle>
<AGENCY>NSF</AGENCY>
<AwardEffectiveDate>07/01/2022</AwardEffectiveDate>
<AwardExpirationDate>06/30/2025</AwardExpirationDate>
<AwardTotalIntnAmount>349340.00</AwardTotalIntnAmount>
<AwardAmount>349340</AwardAmount>
<AwardInstrument>
<Value>Standard Grant</Value>
</AwardInstrument>
<Organization>
<Code>11040100</Code>
<Directorate>
<Abbreviation>EHR</Abbreviation>
<LongName>Direct For Education and Human Resources</LongName>
</Directorate>
<Division>
<Abbreviation>DUE</Abbreviation>
<LongName>Division Of Undergraduate Education</LongName>
</Division>
</Organization>
<ProgramOfficer>
<SignBlockName>Michael Davis</SignBlockName>
<PO_EMAI>mdavis@nsf.gov</PO_EMAI>
<PO_PHON>7032927166</PO_PHON>
</ProgramOfficer>
<AbstractNarration>Tennessee ranks first in the Southeastern United States for electric vehicle (EV) manufacturing, with more than 162,000 electric vehicles manufactured in the state since 2013. General Motors and Ford have both announced major new investments in EV production in Tennessee since 2020. As EV technology continues to advance at a rapid pace and the number of electric vehicles on the road continues to increase, it will be necessary to establish multiple training programs throughout the state, including stand-alone programs and those that are integrated into legacy automotive programs.  This will address the growing need for EV maintenance and repair technicians statewide and beyond. Northeast State Community College has trained automotive technicians for more than fifty years, enrolling an average of sixty students each year in its Automotive Service Technology program. This project will study the effectiveness of and document the unique challenges associated with integrating EV technology into a legacy automotive training program.  Outcomes of this effort will include faculty professional development, a job skills analysis, and curricular revisions, all of which will improve outcomes for students in this high need area.&lt;br/&gt;&lt;br/&gt;Northeast State will leverage existing relationships with industry partners and a recent partnership with the National Electric Vehicle Consortium (NEVC) to secure faculty professional development, conduct a job tasks analysis to identify critical EV maintenance and repair skills and competencies, review existing EV maintenance and repair curriculum, develop curriculum to address gaps, pilot the curriculum, and conduct targeted recruitment to increase representation of women in the program. This project is funded by the Advanced Technological Education program that focuses on the education of technicians for the advanced-technology fields that drive the Nation's economy.&lt;br/&gt;&lt;br/&gt;This award reflects NSF's statutory mission and has been deemed worthy of support through evaluation using the Foundation's intellectual merit and broader impacts review criteria.</AbstractNarration>
<MinAmdLetterDate>05/03/2022</MinAmdLetterDate>
<MaxAmdLetterDate>05/03/2022</MaxAmdLetterDate>
<ARRAAmount/>
<TRAN_TYPE>Grant</TRAN_TYPE>
<CFDA_NUM>47.076</CFDA_NUM>
<NSF_PAR_USE_FLAG>1</NSF_PAR_USE_FLAG>
<FUND_AGCY_CODE>4900</FUND_AGCY_CODE>
<AWDG_AGCY_CODE>4900</AWDG_AGCY_CODE>
<AwardID>2202003</AwardID>
<Investigator>
<FirstName>Nathanial</FirstName>
<LastName>Weber</LastName>
<PI_MID_INIT/>
<PI_SUFX_NAME/>
<PI_FULL_NAME>Nathanial Weber</PI_FULL_NAME>
<EmailAddress>noweber@northeaststate.edu</EmailAddress>
<PI_PHON>4235527588</PI_PHON>
<NSF_ID>000745553</NSF_ID>
<StartDate>05/03/2022</StartDate>
<EndDate/>
<RoleCode>Co-Principal Investigator</RoleCode>
</Investigator>
<Investigator>
<FirstName>Ernie</FirstName>
<LastName>Morelock</LastName>
<PI_MID_INIT/>
<PI_SUFX_NAME/>
<PI_FULL_NAME>Ernie Morelock</PI_FULL_NAME>
<EmailAddress>elmorelock@northeaststate.edu</EmailAddress>
<PI_PHON>4233542401</PI_PHON>
<NSF_ID>000862994</NSF_ID>
<StartDate>05/03/2022</StartDate>
<EndDate/>
<RoleCode>Co-Principal Investigator</RoleCode>
</Investigator>
<Investigator>
<FirstName>Donna</FirstName>
<LastName>Farrell</LastName>
<PI_MID_INIT/>
<PI_SUFX_NAME/>
<PI_FULL_NAME>Donna Farrell</PI_FULL_NAME>
<EmailAddress>dsfarrell@northeaststate.edu</EmailAddress>
<PI_PHON/>
<NSF_ID>000772566</NSF_ID>
<StartDate>05/03/2022</StartDate>
<EndDate/>
<RoleCode>Principal Investigator</RoleCode>
</Investigator>
<Investigator>
<FirstName>Nichole</FirstName>
<LastName>Manz-Young</LastName>
<PI_MID_INIT/>
<PI_SUFX_NAME/>
<PI_FULL_NAME>Nichole Manz-Young</PI_FULL_NAME>
<EmailAddress>lnmanzyoung@northeaststate.edu</EmailAddress>
<PI_PHON>4233545253</PI_PHON>
<NSF_ID>000758214</NSF_ID>
<StartDate>05/03/2022</StartDate>
<EndDate/>
<RoleCode>Co-Principal Investigator</RoleCode>
</Investigator>
<Institution>
<Name>Northeast State Technical Community College</Name>
<CityName>BLOUNTVILLE</CityName>
<ZipCode>376176350</ZipCode>
<PhoneNumber>4233233191</PhoneNumber>
<StreetAddress>2425 HWY 75</StreetAddress>
<StreetAddress2/>
<CountryName>United States</CountryName>
<StateName>Tennessee</StateName>
<StateCode>TN</StateCode>
<CONGRESSDISTRICT>01</CONGRESSDISTRICT>
<CONGRESS_DISTRICT_ORG>TN01</CONGRESS_DISTRICT_ORG>
<ORG_UEI_NUM>CEHKMDKZS293</ORG_UEI_NUM>
<ORG_LGL_BUS_NAME>NORTHEAST STATE COMMUNITY COLLEGE</ORG_LGL_BUS_NAME>
<ORG_PRNT_UEI_NUM>JBG7T7RXQ2B7</ORG_PRNT_UEI_NUM>
</Institution>
<Performance_Institution>
<Name><![CDATA[Northeast State Technical Community College]]></Name>
<CityName>Blountville</CityName>
<StateCode>TN</StateCode>
<ZipCode>376176350</ZipCode>
<StreetAddress><![CDATA[PO Box 246]]></StreetAddress>
<CountryCode>US</CountryCode>
<CountryName>United States</CountryName>
<StateName>Tennessee</StateName>
<CountryFlag>1</CountryFlag>
<CONGRESSDISTRICT>01</CONGRESSDISTRICT>
<CONGRESS_DISTRICT_PERF>TN01</CONGRESS_DISTRICT_PERF>
</Performance_Institution>
<ProgramElement>
<Code>7412</Code>
<Text>Advanced Tech Education Prog</Text>
</ProgramElement>
<ProgramReference>
<Code>1032</Code>
<Text>ADVANCED TECHNOLOGY EDUCATION</Text>
</ProgramReference>
<ProgramReference>
<Code>9178</Code>
<Text>UNDERGRADUATE EDUCATION</Text>
</ProgramReference>
<ProgramReference>
<Code>SMET</Code>
<Text>SCIENCE, MATH, ENG &amp; TECH EDUCATION</Text>
</ProgramReference>
<FUND_OBLG>2022~349340</FUND_OBLG>
</Award>
</rootTag>
