<?xml version="1.0" encoding="UTF-8"?>
<rootTag>
<Award>
<AwardTitle><![CDATA[Workshop on Quantum Computing, Information, Science, and Engineering]]></AwardTitle>
<AGENCY>NSF</AGENCY>
<AwardEffectiveDate>06/15/2022</AwardEffectiveDate>
<AwardExpirationDate>05/31/2023</AwardExpirationDate>
<AwardTotalIntnAmount>99680.00</AwardTotalIntnAmount>
<AwardAmount>99680</AwardAmount>
<AwardInstrument>
<Value>Standard Grant</Value>
</AwardInstrument>
<Organization>
<Code>01060100</Code>
<Directorate>
<Abbreviation>O/D</Abbreviation>
<LongName>Office Of The Director</LongName>
</Directorate>
<Division>
<Abbreviation>OIA</Abbreviation>
<LongName>OIA-Office of Integrative Activities</LongName>
</Division>
</Organization>
<ProgramOfficer>
<SignBlockName>Subrata Acharya</SignBlockName>
<PO_EMAI>acharyas@nsf.gov</PO_EMAI>
<PO_PHON>7032922451</PO_PHON>
</ProgramOfficer>
<AbstractNarration><![CDATA[Quantum computing and quantum information science and engineering is one of the most critical and emerging worldwide technological fields.  The importance of both the quantum research endeavors and the equally important training of a quantum-ready workforce were stressed in the National Quantum Initiative Act of 2019.  This workshop brings together researchers and administrators from the Established Program to Stimulate Competitive Research (EPSCoR) states and territories to identify how their institutions can better contribute to field of quantum computing and quantum information science and engineering.  The workshop involves attendees learning about the current state of select quantum computing and quantum information science and engineering topics. The workshop has two main Intellectual Merit goals. First, it seeks to provide a platform for collaborative research. Also, the workshop aims to act as a litmus test to determine the state of affairs related to quantum computing and quantum information science and engineering within the EPSCoR states and jurisdictions. &lt;br/&gt;&lt;br/&gt;The broader impact of this workshop is to facilitate academic institutions to better understand why they should and examples of how they might contribute to the education of their undergraduate and graduate students for entry into the quantum ready workforce.  This workshop will directly impact over 50 attendees.  By learning about other quantum researchers and institutions, it is expected that organically new and stronger collaborations will emerge to realize the vision of the National Quantum Initiative Act and the vision of the Established Program to Stimulate Competitive Research. The tangible outcome of the workshop in the form of a publicly available report will on its own have potential to have an enormous impact not only on the current quantum computing and quantum information science and engineering researchers but also on the next generation of researchers that look for guidance and reassurances.&lt;br/&gt;&lt;br/&gt;This award reflects NSF's statutory mission and has been deemed worthy of support through evaluation using the Foundation's intellectual merit and broader impacts review criteria.]]></AbstractNarration>
<MinAmdLetterDate>06/15/2022</MinAmdLetterDate>
<MaxAmdLetterDate>06/15/2022</MaxAmdLetterDate>
<ARRAAmount/>
<TRAN_TYPE>Grant</TRAN_TYPE>
<CFDA_NUM>47.083</CFDA_NUM>
<NSF_PAR_USE_FLAG>1</NSF_PAR_USE_FLAG>
<FUND_AGCY_CODE>4900</FUND_AGCY_CODE>
<AWDG_AGCY_CODE>4900</AWDG_AGCY_CODE>
<AwardID>2202377</AwardID>
<Investigator>
<FirstName>Mark</FirstName>
<LastName>Novotny</LastName>
<PI_MID_INIT>A</PI_MID_INIT>
<PI_SUFX_NAME/>
<PI_FULL_NAME>Mark A Novotny</PI_FULL_NAME>
<EmailAddress><![CDATA[man40@msstate.edu]]></EmailAddress>
<NSF_ID>000401506</NSF_ID>
<StartDate>06/15/2022</StartDate>
<EndDate/>
<RoleCode>Co-Principal Investigator</RoleCode>
</Investigator>
<Investigator>
<FirstName>Samee</FirstName>
<LastName>Khan</LastName>
<PI_MID_INIT>U</PI_MID_INIT>
<PI_SUFX_NAME/>
<PI_FULL_NAME>Samee U Khan</PI_FULL_NAME>
<EmailAddress><![CDATA[skhan@ece.msstate.edu]]></EmailAddress>
<NSF_ID>000502483</NSF_ID>
<StartDate>06/15/2022</StartDate>
<EndDate/>
<RoleCode>Principal Investigator</RoleCode>
</Investigator>
<Institution>
<Name>Mississippi State University</Name>
<CityName>MISSISSIPPI STATE</CityName>
<ZipCode>39762</ZipCode>
<PhoneNumber>6623257404</PhoneNumber>
<StreetAddress>245 BARR AVE MCARTHUR HALL</StreetAddress>
<StreetAddress2/>
<CountryName>United States</CountryName>
<StateName>Mississippi</StateName>
<StateCode>MS</StateCode>
<CONGRESSDISTRICT>03</CONGRESSDISTRICT>
<CONGRESS_DISTRICT_ORG>MS03</CONGRESS_DISTRICT_ORG>
<ORG_UEI_NUM>NTXJM52SHKS7</ORG_UEI_NUM>
<ORG_LGL_BUS_NAME>MISSISSIPPI STATE UNIVERSITY</ORG_LGL_BUS_NAME>
<ORG_PRNT_UEI_NUM>NTXJM52SHKS7</ORG_PRNT_UEI_NUM>
</Institution>
<Performance_Institution>
<Name><![CDATA[Mississippi State University]]></Name>
<CityName/>
<StateCode>MS</StateCode>
<ZipCode>397629662</ZipCode>
<StreetAddress/>
<CountryCode>US</CountryCode>
<CountryName>United States</CountryName>
<StateName>Mississippi</StateName>
<CountryFlag>1</CountryFlag>
<CONGRESSDISTRICT>03</CONGRESSDISTRICT>
<CONGRESS_DISTRICT_PERF>MS03</CONGRESS_DISTRICT_PERF>
</Performance_Institution>
<ProgramElement>
<Code>9168</Code>
<Text>EPSCoR Outreach and Workshops</Text>
</ProgramElement>
<ProgramReference>
<Code>7715</Code>
<Text>BROADENING PARTICIPATION</Text>
</ProgramReference>
<ProgramReference>
<Code>9150</Code>
<Text>EXP PROG TO STIM COMP RES</Text>
</ProgramReference>
<ProgramReference>
<Code>9168</Code>
<Text>EPSCOR OUTREACH</Text>
</ProgramReference>
<ProgramReference>
<Code>SMET</Code>
<Text>SCIENCE, MATH, ENG &amp; TECH EDUCATION</Text>
</ProgramReference>
<FUND_OBLG>2022~99680</FUND_OBLG>
</Award>
</rootTag>
