<?xml version="1.0" encoding="UTF-8"?>
<rootTag>
<Award>
<AwardTitle><![CDATA[EPM: Engineering Transparent Conducting Superlattices from Liquid Metal Printed 2D Oxides]]></AwardTitle>
<AGENCY>NSF</AGENCY>
<AwardEffectiveDate>07/01/2022</AwardEffectiveDate>
<AwardExpirationDate>06/30/2025</AwardExpirationDate>
<AwardTotalIntnAmount>487727.00</AwardTotalIntnAmount>
<AwardAmount>487727</AwardAmount>
<AwardInstrument>
<Value>Standard Grant</Value>
</AwardInstrument>
<Organization>
<Code>03070000</Code>
<Directorate>
<Abbreviation>MPS</Abbreviation>
<LongName>Direct For Mathematical &amp; Physical Scien</LongName>
</Directorate>
<Division>
<Abbreviation>DMR</Abbreviation>
<LongName>Division Of Materials Research</LongName>
</Division>
</Organization>
<ProgramOfficer>
<SignBlockName>James H. Edgar</SignBlockName>
<PO_EMAI>jedgar@nsf.gov</PO_EMAI>
<PO_PHON>7032922053</PO_PHON>
</ProgramOfficer>
<AbstractNarration><![CDATA[Nontechnical Description: &lt;br/&gt;Two-dimensional (2D), atomically thin materials have unique optical and electronic properties that could enable emerging technologies, from chemical sensors to low power microelectronics. However, fabricating atomically thin layers at a large-scale while&lt;br/&gt;controlling their electrical properties remains challenging. This project seeks to harness a new class of ultrathin oxide layers formed on the surface of the molten metals gallium and indium to efficiently fabricate highly conductive and ultra-transparent nanosheets. The primary goal of this work is to thoroughly understand and precisely control the nanoscale atomic composition, crystallinity, and electron transport properties of these 2D oxide materials by stacking multiple layers and by engineering the oxidation of liquid metal alloys formed from tin, zinc, and gallium. These methods enhance the electron mobility and light transmittance, as well as tuning of the electron concentration in these materials for enabling applications to photodetectors, solar cells, and displays. Integrated with the research efforts, this plan builds on practices that have successfully engaged undergraduate students from underrepresented groups in research to train a diverse and inclusive engineering workforce. The education plan involves development of remote deployable liquid metal science demonstrations for experiential learning by undergraduates and K-12 students. This project also includes efforts to broaden graduate level STEM participation via the principal investigator’s organization and hosting of a panel discussion series in collaboration with diverse engineering student groups.&lt;br/&gt;&lt;br/&gt;Technical Description: &lt;br/&gt;The overarching goal of this project is to develop a new paradigm of ultra-transparent, highly flexible, and optoelectronically tunable 2D metal oxides via superlattice engineering. These high-performance transparent conducting materials leverage a fundamentally new synthetic strategy for printing 2D oxide nanosheets from the solid oxide skin of liquid metals. Initial studies of 2D oxides reveal their unique overlapping grain morphologies, quantum-confined electronic structure, and ultrahigh electron mobility. This work identifies the nanoscale material origins of these exceptional optoelectronic properties and controls the composition, crystallinity, and conductivity of multicomponent 2D oxides by engineering the physics of liquid metal surface oxidation. These studies specifically investigate how metal alloy composition impacts the logarithmic growth kinetics of surface oxidation and then connect this process physics with 2D oxides’ chemical composition through detailed material characterization. These experiments test the hypothesis that surface-driven defect modulation doping from type-II heterojunctions with insulating wide bandgap oxides (e.g. gallium oxide) can directly enhance the conductivity of 2D metal oxides. Extracting the electronic density of states in combination with optical absorption spectroscopy can also quantitatively link alloy composition with the surface oxides’ electronic structure. These studies are of broad significance because this fundamental knowledge unlocks emerging applications in flexible electronic devices including low-power emissive displays, electrochromic smart windows, and high-efficiency solar cells that demand high-performing semiconductors and transparent electrodes with tunable properties.&lt;br/&gt;&lt;br/&gt;This project is jointly funded by the Electronic and Photonic Materials program and the Established Program to Stimulate Competitive Research (EPSCoR).&lt;br/&gt;&lt;br/&gt;This award reflects NSF's statutory mission and has been deemed worthy of support through evaluation using the Foundation's intellectual merit and broader impacts review criteria.]]></AbstractNarration>
<MinAmdLetterDate>05/23/2022</MinAmdLetterDate>
<MaxAmdLetterDate>05/23/2022</MaxAmdLetterDate>
<ARRAAmount/>
<TRAN_TYPE>Grant</TRAN_TYPE>
<CFDA_NUM>47.049, 47.083</CFDA_NUM>
<NSF_PAR_USE_FLAG>1</NSF_PAR_USE_FLAG>
<FUND_AGCY_CODE>4900</FUND_AGCY_CODE>
<AWDG_AGCY_CODE>4900</AWDG_AGCY_CODE>
<AwardID>2202501</AwardID>
<Investigator>
<FirstName>William</FirstName>
<LastName>Scheideler</LastName>
<PI_MID_INIT>J</PI_MID_INIT>
<PI_SUFX_NAME/>
<PI_FULL_NAME>William J Scheideler</PI_FULL_NAME>
<EmailAddress><![CDATA[William.J.Scheideler@dartmouth.edu]]></EmailAddress>
<NSF_ID>000815312</NSF_ID>
<StartDate>05/23/2022</StartDate>
<EndDate/>
<RoleCode>Principal Investigator</RoleCode>
</Investigator>
<Institution>
<Name>Dartmouth College</Name>
<CityName>HANOVER</CityName>
<ZipCode>037552170</ZipCode>
<PhoneNumber>6036463007</PhoneNumber>
<StreetAddress>7 LEBANON ST</StreetAddress>
<StreetAddress2/>
<CountryName>United States</CountryName>
<StateName>New Hampshire</StateName>
<StateCode>NH</StateCode>
<CONGRESSDISTRICT>02</CONGRESSDISTRICT>
<CONGRESS_DISTRICT_ORG>NH02</CONGRESS_DISTRICT_ORG>
<ORG_UEI_NUM>EB8ASJBCFER9</ORG_UEI_NUM>
<ORG_LGL_BUS_NAME>TRUSTEES OF DARTMOUTH COLLEGE</ORG_LGL_BUS_NAME>
<ORG_PRNT_UEI_NUM>EB8ASJBCFER9</ORG_PRNT_UEI_NUM>
</Institution>
<Performance_Institution>
<Name><![CDATA[Dartmouth College]]></Name>
<CityName>HANOVER</CityName>
<StateCode>NH</StateCode>
<ZipCode>037554401</ZipCode>
<StreetAddress><![CDATA[Thayer School of Engineering]]></StreetAddress>
<CountryCode>US</CountryCode>
<CountryName>United States</CountryName>
<StateName>New Hampshire</StateName>
<CountryFlag>1</CountryFlag>
<CONGRESSDISTRICT>02</CONGRESSDISTRICT>
<CONGRESS_DISTRICT_PERF>NH02</CONGRESS_DISTRICT_PERF>
</Performance_Institution>
<ProgramElement>
<Code>1775</Code>
<Text>ELECTRONIC/PHOTONIC MATERIALS</Text>
</ProgramElement>
<ProgramElement>
<Code>9150</Code>
<Text>EPSCoR Co-Funding</Text>
</ProgramElement>
<ProgramReference>
<Code>106Z</Code>
<Text>Semiconductors and Microelectronics</Text>
</ProgramReference>
<ProgramReference>
<Code>7237</Code>
<Text>NANO NON-SOLIC SCI &amp; ENG AWD</Text>
</ProgramReference>
<ProgramReference>
<Code>8614</Code>
<Text>Nanomaterials</Text>
</ProgramReference>
<ProgramReference>
<Code>8990</Code>
<Text>Optics and Photonics</Text>
</ProgramReference>
<FUND_OBLG>2022~487727</FUND_OBLG>
</Award>
</rootTag>
