<?xml version="1.0" encoding="UTF-8"?>
<rootTag>
<Award>
<AwardTitle>Collaborative Research: Development of Natural Language Processing Techniques to Improve Students' Revision of Evidence Use in Argument Writing</AwardTitle>
<AGENCY>NSF</AGENCY>
<AwardEffectiveDate>06/01/2022</AwardEffectiveDate>
<AwardExpirationDate>05/31/2025</AwardExpirationDate>
<AwardTotalIntnAmount>679907.00</AwardTotalIntnAmount>
<AwardAmount>679907</AwardAmount>
<AwardInstrument>
<Value>Standard Grant</Value>
</AwardInstrument>
<Organization>
<Code>05020000</Code>
<Directorate>
<Abbreviation>CSE</Abbreviation>
<LongName>Direct For Computer &amp; Info Scie &amp; Enginr</LongName>
</Directorate>
<Division>
<Abbreviation>IIS</Abbreviation>
<LongName>Div Of Information &amp; Intelligent Systems</LongName>
</Division>
</Organization>
<ProgramOfficer>
<SignBlockName>Tatiana Korelsky</SignBlockName>
<PO_EMAI>tkorelsk@nsf.gov</PO_EMAI>
<PO_PHON>7032928729</PO_PHON>
</ProgramOfficer>
<AbstractNarration>Writing is foundational to learning in multiple disciplines. It is a critical process by which students make sense of ideas – particularly from source texts – and bring them to bear to demonstrate their emerging understanding of concepts and to make sound arguments. Recognizing the importance of argumentative writing, multiple educational technologies driven by natural language processing (NLP) have been developed to support students and teachers in these processes. However, evidence is modest that such systems improve writing skills, and this is especially the case for younger students. One reason is that NLP technologies have only recently matured to the point that it is possible to provide feedback keyed to the content of students’ writing. A second reason is that many students lack the strategic knowledge and skills needed to revise their essays even after receiving writing feedback. An educational technology that assesses students’ skill at revising their writing and that provides feedback on their revision attempts would support the development of this critical skill, while placing no additional burden on teachers. Such a technology has the potential to prepare a new generation of students for productively writing and revising argumentative essays, a skill they will need in order to be prepared for the educational and workplace settings of the future.&lt;br/&gt;&lt;br/&gt;To address the limitations of existing educational technologies for writing, the research team will develop a system that leverages NLP to provide students with formative feedback on the quality of their revisions. The team will 1) develop and establish the reliability and validity of new measures of revision quality in response to formative feedback on evidence use, 2) use NLP to automate the scoring of revisions using these measures, 3) provide formative feedback to students based on the automated revision scoring, and 4) evaluate the utility of this feedback in improving student writing and revision in classroom settings. The team hypothesizes that such a system will improve students’ implementation of feedback messages on text-based argument writing, leading toward more successful revision and ultimately more successful writing. For learning researchers and educators, the revision quality measures will provide detailed information about how students implement formative feedback. Few summative or formative assessments currently exist that provide this type of information. For technology researchers, the automated revision scoring will extend prior writing analysis research in novel ways, e.g., by assessing the quality of revisions between essay drafts and by incorporating alignment with prior formative feedback into the assessment. Multiple types of NLP models will be developed to examine tradeoffs between model type and differing evaluation dimensions such as reliability, transparency, and fairness.&lt;br/&gt;&lt;br/&gt;This award reflects NSF's statutory mission and has been deemed worthy of support through evaluation using the Foundation's intellectual merit and broader impacts review criteria.</AbstractNarration>
<MinAmdLetterDate>04/25/2022</MinAmdLetterDate>
<MaxAmdLetterDate>04/25/2022</MaxAmdLetterDate>
<ARRAAmount/>
<TRAN_TYPE>Grant</TRAN_TYPE>
<CFDA_NUM>47.070</CFDA_NUM>
<NSF_PAR_USE_FLAG>1</NSF_PAR_USE_FLAG>
<FUND_AGCY_CODE>4900</FUND_AGCY_CODE>
<AWDG_AGCY_CODE>4900</AWDG_AGCY_CODE>
<AwardID>2202347</AwardID>
<Investigator>
<FirstName>Richard</FirstName>
<LastName>Correnti</LastName>
<PI_MID_INIT>J</PI_MID_INIT>
<PI_SUFX_NAME/>
<PI_FULL_NAME>Richard J Correnti</PI_FULL_NAME>
<EmailAddress>rcorrent@pitt.edu</EmailAddress>
<PI_PHON>4126247400</PI_PHON>
<NSF_ID>000523006</NSF_ID>
<StartDate>04/25/2022</StartDate>
<EndDate/>
<RoleCode>Co-Principal Investigator</RoleCode>
</Investigator>
<Investigator>
<FirstName>Lindsay Clare</FirstName>
<LastName>Matsumura</LastName>
<PI_MID_INIT/>
<PI_SUFX_NAME/>
<PI_FULL_NAME>Lindsay Clare Matsumura</PI_FULL_NAME>
<EmailAddress>lclare@pitt.edu</EmailAddress>
<PI_PHON>4126246944</PI_PHON>
<NSF_ID>000608594</NSF_ID>
<StartDate>04/25/2022</StartDate>
<EndDate/>
<RoleCode>Co-Principal Investigator</RoleCode>
</Investigator>
<Investigator>
<FirstName>Diane</FirstName>
<LastName>Litman</LastName>
<PI_MID_INIT>J</PI_MID_INIT>
<PI_SUFX_NAME/>
<PI_FULL_NAME>Diane J Litman</PI_FULL_NAME>
<EmailAddress>litman@cs.pitt.edu</EmailAddress>
<PI_PHON>4126241261</PI_PHON>
<NSF_ID>000233759</NSF_ID>
<StartDate>04/25/2022</StartDate>
<EndDate/>
<RoleCode>Principal Investigator</RoleCode>
</Investigator>
<Institution>
<Name>University of Pittsburgh</Name>
<CityName>PITTSBURGH</CityName>
<ZipCode>152600001</ZipCode>
<PhoneNumber>4126247400</PhoneNumber>
<StreetAddress>4200 5TH AVE</StreetAddress>
<StreetAddress2/>
<CountryName>United States</CountryName>
<StateName>Pennsylvania</StateName>
<StateCode>PA</StateCode>
<CONGRESSDISTRICT>18</CONGRESSDISTRICT>
<CONGRESS_DISTRICT_ORG>PA18</CONGRESS_DISTRICT_ORG>
<ORG_UEI_NUM>MKAGLD59JRL1</ORG_UEI_NUM>
<ORG_LGL_BUS_NAME>UNIVERSITY OF PITTSBURGH, THE</ORG_LGL_BUS_NAME>
<ORG_PRNT_UEI_NUM>MKAGLD59JRL1</ORG_PRNT_UEI_NUM>
</Institution>
<Performance_Institution>
<Name><![CDATA[University of Pittsburgh]]></Name>
<CityName/>
<StateCode>PA</StateCode>
<ZipCode>152600001</ZipCode>
<StreetAddress/>
<CountryCode>US</CountryCode>
<CountryName>United States</CountryName>
<StateName>Pennsylvania</StateName>
<CountryFlag>1</CountryFlag>
<CONGRESSDISTRICT>18</CONGRESSDISTRICT>
<CONGRESS_DISTRICT_PERF>PA18</CONGRESS_DISTRICT_PERF>
</Performance_Institution>
<ProgramElement>
<Code>8020</Code>
<Text>Cyberlearn &amp; Future Learn Tech</Text>
</ProgramElement>
<ProgramReference>
<Code>8045</Code>
<Text>Cyberlearn &amp; Future Learn Tech</Text>
</ProgramReference>
<FUND_OBLG>2022~679907</FUND_OBLG>
</Award>
</rootTag>
