<?xml version="1.0" encoding="UTF-8"?>
<rootTag>
<Award>
<AwardTitle>Decadal Survey for Solar and Space Physics 2024-2033</AwardTitle>
<AGENCY>NSF</AGENCY>
<AwardEffectiveDate>02/01/2022</AwardEffectiveDate>
<AwardExpirationDate>07/31/2024</AwardExpirationDate>
<AwardTotalIntnAmount>500000.00</AwardTotalIntnAmount>
<AwardAmount>500000</AwardAmount>
<AwardInstrument>
<Value>Standard Grant</Value>
</AwardInstrument>
<Organization>
<Code>06020200</Code>
<Directorate>
<Abbreviation>GEO</Abbreviation>
<LongName>Directorate For Geosciences</LongName>
</Directorate>
<Division>
<Abbreviation>AGS</Abbreviation>
<LongName>Div Atmospheric &amp; Geospace Sciences</LongName>
</Division>
</Organization>
<ProgramOfficer>
<SignBlockName>Lisa Winter</SignBlockName>
<PO_EMAI>lwinter@nsf.gov</PO_EMAI>
<PO_PHON>7032928519</PO_PHON>
</ProgramOfficer>
<AbstractNarration>The National Academies’ decadal surveys in space science have been widely praised for having a positive impact on federal agency planning and decision-making, in addition to promoting unity within the space science community. Decadal surveys are notable in their ability to sample thoroughly the research interest, aspirations, and needs of a scientific community. Through a rigorous process, a primary survey committee and thematic panels of community members construct a prioritized program of science goals and objectives and define a strategy that can achieve these objectives given anticipated budgetary and technical resources. As with past decadal surveys, the next solar and space physics decadal survey is designed to draw widespread community participation, engage the community in consensus-building, and set specific discipline-specific science targets and priorities for the coming decade. The study will provide scientific direction for the field of solar and space physics; organize the scientific community and the relevant agencies, particularly NASA, NSF, and NOAA; inform other decision-makers in the legislative and executive branches (particularly OMB and OSTP); document the needs for a scientifically- and technically-trained workforce in solar and space physics; and communicate the societal benefits of solar and space physics (e.g., interdisciplinary connections, education, workforce training, public outreach). The survey report will also contribute to the general public’s greater understanding of recent accomplishments and future goals in solar and space physics. The new decadal survey will update and extend the 2013 decadal survey that resulted in the report, Solar and Space Physics, A Science for a Technological Society. &lt;br/&gt;&lt;br/&gt;This project funds the Space Studies Board (SSB) of the National Academies of Sciences, Engineering, and Medicine to establish a decadal survey committee to develop a comprehensive science and mission strategy for solar and space physics (heliophysics) research for a ten-year period beginning in approximately 2024. The Survey Committee, numbering approximately 18 members and constituted according to Academy guidelines for expertise and diversity along a number of axes, will be responsible for the overall organization and execution of the study, as well as the production of a final consensus report that will undergo the usual National Academies review processes. The Committee will be informed in its work by up to six specialized study panels—each with 12-14 members—with allocation of the domain of study among them to be determined by the Survey Committee and the Space Studies Board. The proposed activity will be used by NSF and other federal agencies in formulating plans for future investments in solar and space physics-research and observational capabilities.&lt;br/&gt;&lt;br/&gt;This award reflects NSF's statutory mission and has been deemed worthy of support through evaluation using the Foundation's intellectual merit and broader impacts review criteria.</AbstractNarration>
<MinAmdLetterDate>01/28/2022</MinAmdLetterDate>
<MaxAmdLetterDate>01/28/2022</MaxAmdLetterDate>
<ARRAAmount/>
<TRAN_TYPE>Grant</TRAN_TYPE>
<CFDA_NUM>47.049, 47.050</CFDA_NUM>
<NSF_PAR_USE_FLAG>1</NSF_PAR_USE_FLAG>
<FUND_AGCY_CODE>4900</FUND_AGCY_CODE>
<AWDG_AGCY_CODE>4900</AWDG_AGCY_CODE>
<AwardID>2202035</AwardID>
<Investigator>
<FirstName>Colleen</FirstName>
<LastName>Hartman</LastName>
<PI_MID_INIT>N</PI_MID_INIT>
<PI_SUFX_NAME/>
<PI_FULL_NAME>Colleen N Hartman</PI_FULL_NAME>
<EmailAddress>chartman@nas.edu</EmailAddress>
<PI_PHON>2023342627</PI_PHON>
<NSF_ID>000830349</NSF_ID>
<StartDate>01/28/2022</StartDate>
<EndDate/>
<RoleCode>Principal Investigator</RoleCode>
</Investigator>
<Institution>
<Name>National Academy of Sciences</Name>
<CityName>WASHINGTON</CityName>
<ZipCode>204180007</ZipCode>
<PhoneNumber>2023342254</PhoneNumber>
<StreetAddress>2101 CONSTITUTION AVE NW</StreetAddress>
<StreetAddress2/>
<CountryName>United States</CountryName>
<StateName>District of Columbia</StateName>
<StateCode>DC</StateCode>
<CONGRESSDISTRICT>00</CONGRESSDISTRICT>
<CONGRESS_DISTRICT_ORG>DC00</CONGRESS_DISTRICT_ORG>
<ORG_UEI_NUM>PKFJZHG2MLG9</ORG_UEI_NUM>
<ORG_LGL_BUS_NAME>NATIONAL ACADEMY OF SCIENCES</ORG_LGL_BUS_NAME>
<ORG_PRNT_UEI_NUM>PKFJZHG2MLG9</ORG_PRNT_UEI_NUM>
</Institution>
<Performance_Institution>
<Name><![CDATA[National Academy of Sciences]]></Name>
<CityName>Washington</CityName>
<StateCode>DC</StateCode>
<ZipCode>200012736</ZipCode>
<StreetAddress><![CDATA[500 5th St., NW]]></StreetAddress>
<CountryCode>US</CountryCode>
<CountryName>United States</CountryName>
<StateName>District of Columbia</StateName>
<CountryFlag>1</CountryFlag>
<CONGRESSDISTRICT>00</CONGRESSDISTRICT>
<CONGRESS_DISTRICT_PERF>DC00</CONGRESS_DISTRICT_PERF>
</Performance_Institution>
<ProgramElement>
<Code>1798</Code>
<Text/>
</ProgramElement>
<ProgramElement>
<Code>5750</Code>
<Text>MAGNETOSPHERIC PHYSICS</Text>
</ProgramElement>
<ProgramReference>
<Code>1798</Code>
<Text>Special Projects (AST)</Text>
</ProgramReference>
<ProgramReference>
<Code>4444</Code>
<Text>INTERDISCIPLINARY PROPOSALS</Text>
</ProgramReference>
<ProgramReference>
<Code>5750</Code>
<Text>MAGNETOSPHERIC PHYSICS</Text>
</ProgramReference>
<FUND_OBLG>2022~500000</FUND_OBLG>
</Award>
</rootTag>
