<?xml version="1.0" encoding="UTF-8"?>
<rootTag>
<Award>
<AwardTitle>EAGER: Mechanistic Study of Extracellular Vesicle Production by Marine Microalgae using Advanced Imaging Technologies</AwardTitle>
<AGENCY>NSF</AGENCY>
<AwardEffectiveDate>01/01/2022</AwardEffectiveDate>
<AwardExpirationDate>12/31/2023</AwardExpirationDate>
<AwardTotalIntnAmount>294467.00</AwardTotalIntnAmount>
<AwardAmount>294467</AwardAmount>
<AwardInstrument>
<Value>Standard Grant</Value>
</AwardInstrument>
<Organization>
<Code>06040300</Code>
<Directorate>
<Abbreviation>GEO</Abbreviation>
<LongName>Directorate For Geosciences</LongName>
</Directorate>
<Division>
<Abbreviation>OCE</Abbreviation>
<LongName>Division Of Ocean Sciences</LongName>
</Division>
</Organization>
<ProgramOfficer>
<SignBlockName>Michael Sieracki</SignBlockName>
<PO_EMAI>msierack@nsf.gov</PO_EMAI>
<PO_PHON>7032927585</PO_PHON>
</ProgramOfficer>
<AbstractNarration>This EAGER project is a proof-of-concept study on the composition, origins, and dynamics of extracellular vesicles (EVs) produced by marine microalgae in response to various environmental and biotic stressors. EVs are microscopic lipid-encased particles that are released naturally from almost all cell types and are vehicles for a variety of cargo, including genetic material (RNA, DNA), proteins, and lipids. EVs have been variously postulated to serve as a defense against viral attack, a waste disposal mechanism, a stress response, or a means of cell-to-cell communication. Marine microalgae are pivotal players in the global carbon cycle. By better understanding processes that govern their population dynamics and responses to environmental changes, we can develop better predictive models of responses to global climate change. The need to understand these mechanisms is becoming increasingly urgent as climate change becomes more manifest. Very recent findings suggest that EVs play a key role in marine phytoplankton population regulation, but our understanding of their function(s) in planktonic systems is severely limited and fragmentary. This project addresses significant knowledge gaps and explores the potential complexities of marine planktonic EV production. This project provides support and training to a female graduate and undergraduate marine sciences students, who are receiving unique opportunities to master new experimental approaches and state-of-the-art research tools that are extremely rare in marine sciences programs. The project supports high school students in marine sciences studies as a part of the summer science camp (www.sigmacamp.org). A female postdoc is also being trained on the project.&lt;br/&gt;&lt;br/&gt;Using the cosmopolitan and geochemically-important microalga E. huxleyi as a model system, this project tests three major hypotheses to enhance our understanding of the purpose(s) of microalgal EV production. (1) Microalgae produce distinctive types of EVs (ectosomes or exosomes) in response to different environmental conditions, and EV types have definitive functions (stress response, viral defense, intercellular communication, waste disposal). (2) EVs’ cargo is diverse, so their production and release reflect a complex intercellular communication mechanism. (3) Exosome genesis is a multistage process, and its stages are separated in time. Therefore, algal cells may contain a pool of pre-formed EVs loaded with different cargo that are stored internally, and when induced by a sudden change in external conditions are released through the outer membrane. To adequately test these hypotheses requires using single particle analytical methods in addition to ensemble measurements. The investigators are using an assortment of recently developed methods and original experimental approaches developed by our group to investigate EV compositional variability under selected stress conditions. They use single particle Raman microspectroscopy, pulse-chase Stable Isotope Probing, and LC-MSMS for compositional analysis of EVs, and Cryo-EM and AFM for morphological analyses. If experimental data confirm our suspicions, then phytoplankton EVs represent a novel and essentially overlooked mechanism of extracellular interactions that potentially govern a wide range of globally-important processes.&lt;br/&gt;&lt;br/&gt;This award reflects NSF's statutory mission and has been deemed worthy of support through evaluation using the Foundation's intellectual merit and broader impacts review criteria.</AbstractNarration>
<MinAmdLetterDate>12/02/2021</MinAmdLetterDate>
<MaxAmdLetterDate>12/02/2021</MaxAmdLetterDate>
<ARRAAmount/>
<TRAN_TYPE>Grant</TRAN_TYPE>
<CFDA_NUM>47.050, 47.074</CFDA_NUM>
<NSF_PAR_USE_FLAG>1</NSF_PAR_USE_FLAG>
<FUND_AGCY_CODE>4900</FUND_AGCY_CODE>
<AWDG_AGCY_CODE>4900</AWDG_AGCY_CODE>
<AwardID>2202723</AwardID>
<Investigator>
<FirstName>Gordon</FirstName>
<LastName>Taylor</LastName>
<PI_MID_INIT>T</PI_MID_INIT>
<PI_SUFX_NAME/>
<PI_FULL_NAME>Gordon T Taylor</PI_FULL_NAME>
<EmailAddress>gordon.taylor@stonybrook.edu</EmailAddress>
<PI_PHON>6316328688</PI_PHON>
<NSF_ID>000169523</NSF_ID>
<StartDate>12/02/2021</StartDate>
<EndDate/>
<RoleCode>Principal Investigator</RoleCode>
</Investigator>
<Institution>
<Name>SUNY at Stony Brook</Name>
<CityName>STONY BROOK</CityName>
<ZipCode>117940001</ZipCode>
<PhoneNumber>6316329949</PhoneNumber>
<StreetAddress>WEST 5510 FRANKS MELVILLE MEMORI</StreetAddress>
<StreetAddress2/>
<CountryName>United States</CountryName>
<StateName>New York</StateName>
<StateCode>NY</StateCode>
<CONGRESSDISTRICT>01</CONGRESSDISTRICT>
<CONGRESS_DISTRICT_ORG>NY01</CONGRESS_DISTRICT_ORG>
<ORG_UEI_NUM>M746VC6XMNH9</ORG_UEI_NUM>
<ORG_LGL_BUS_NAME>RESEARCH FOUNDATION FOR THE STATE UNIVERSITY OF NEW YORK, THE</ORG_LGL_BUS_NAME>
<ORG_PRNT_UEI_NUM>GMZUKXFDJMA9</ORG_PRNT_UEI_NUM>
</Institution>
<Performance_Institution>
<Name><![CDATA[SUNY STONY BROOK]]></Name>
<CityName>STONY BROOK</CityName>
<StateCode>NY</StateCode>
<ZipCode>117940001</ZipCode>
<StreetAddress><![CDATA[SoMAS]]></StreetAddress>
<CountryCode>US</CountryCode>
<CountryName>United States</CountryName>
<StateName>New York</StateName>
<CountryFlag>1</CountryFlag>
<CONGRESSDISTRICT>01</CONGRESSDISTRICT>
<CONGRESS_DISTRICT_PERF>NY01</CONGRESS_DISTRICT_PERF>
</Performance_Institution>
<ProgramElement>
<Code>1114</Code>
<Text>Cellular Dynamics and Function</Text>
</ProgramElement>
<ProgramElement>
<Code>1650</Code>
<Text>BIOLOGICAL OCEANOGRAPHY</Text>
</ProgramElement>
<ProgramReference>
<Code>006Z</Code>
<Text>Multiple Environmental Stressors</Text>
</ProgramReference>
<ProgramReference>
<Code>1114</Code>
<Text>CELLULAR SYSTEMS</Text>
</ProgramReference>
<ProgramReference>
<Code>1650</Code>
<Text>BIOLOGICAL OCEANOGRAPHY</Text>
</ProgramReference>
<ProgramReference>
<Code>4444</Code>
<Text>INTERDISCIPLINARY PROPOSALS</Text>
</ProgramReference>
<ProgramReference>
<Code>7465</Code>
<Text>NANOSCALE BIO CORE</Text>
</ProgramReference>
<ProgramReference>
<Code>7916</Code>
<Text>EAGER</Text>
</ProgramReference>
<ProgramReference>
<Code>8811</Code>
<Text>Marine Microbial Ecology</Text>
</ProgramReference>
<ProgramReference>
<Code>9117</Code>
<Text>MARINE BIOTECHNOLOGY</Text>
</ProgramReference>
<FUND_OBLG>2022~294467</FUND_OBLG>
</Award>
</rootTag>
