<?xml version="1.0" encoding="UTF-8"?>
<rootTag>
<Award>
<AwardTitle>Static and Dynamic Properties of Magnetic Skyrmions and Their Applications</AwardTitle>
<AGENCY>NSF</AGENCY>
<AwardEffectiveDate>07/01/2022</AwardEffectiveDate>
<AwardExpirationDate>06/30/2025</AwardExpirationDate>
<AwardTotalIntnAmount>651300.00</AwardTotalIntnAmount>
<AwardAmount>651300</AwardAmount>
<AwardInstrument>
<Value>Standard Grant</Value>
</AwardInstrument>
<Organization>
<Code>03070000</Code>
<Directorate>
<Abbreviation>MPS</Abbreviation>
<LongName>Direct For Mathematical &amp; Physical Scien</LongName>
</Directorate>
<Division>
<Abbreviation>DMR</Abbreviation>
<LongName>Division Of Materials Research</LongName>
</Division>
</Organization>
<ProgramOfficer>
<SignBlockName>Elizabeth Mann</SignBlockName>
<PO_EMAI>elmann@nsf.gov</PO_EMAI>
<PO_PHON>7032924821</PO_PHON>
</ProgramOfficer>
<AbstractNarration>Nontechnical Abstract&lt;br/&gt;&lt;br/&gt;This award supports experimental research and education to advance basic knowledge in spintronics and magnetism. Spintronics uses electron spin to construct highly performing electronic devices beyond the conventional semiconductor chips. The magnetic entities or particles that the research team investigates are called magnetic skyrmions, tiny magnetic swirls that arise in two-dimensional materials that can be used for computing and information storage.  Through the research efforts, the team can effectively control the motion of skyrmions and construct skyrmionic devices, thereby providing a research platform to train the next generation of scientists in spintronics. The principal investigator (PI) plans to develop new fabrication processes and characterization techniques that could lead to revolutionary computing, security, and sensing devices. The PI uses the most sophisticated high resolution magnetic imaging and electronic measurement techniques to uncover new spin-based physical phenomena. The PI plans to train diverse groups of students in materials/devices processing and characterization. The research team strives to make a lasting contribution to the science education of the public and young people. Research on nanoscale physics and devices has positive impacts on our society in areas of computing, information storage and processing, quantum sensing, and medical diagnostics. Skyrmion-enabled devices consume low power or less expensive materials, which mitigates climate change. With great potential in discovery and invention, this research project furthers the United States’ competitive edge in the electronics industry and help maintain leadership in advanced research, manufacturing, and innovation. &lt;br/&gt;&lt;br/&gt;Technical Abstract&lt;br/&gt;&lt;br/&gt;The objective of this project is to understand the static and dynamic properties of magnetic skyrmions in magnetic multilayers, by exploring the interactions between skyrmions and various excitations including the magnetic field and spin current. The PI aims to achieve an understanding of the static, global and local dynamic behavior of skyrmions, both individually and collectively as clusters. The experimental approach utilizes state-of-the-art sample fabrication, submicron lithography, advanced imaging techniques and highly sensitive electronic measurements. The research team relies on micromagnetic simulations, electron magnetotransport theory, and condensed matter physics on spin-orbit coupling. The team plans to develop new device paradigms with advantages over existing designs in non-volatility of information, probabilistic computing, low power consumption, nanoscale scalability, ultrafast operation, and thermal stability. The project advances basic knowledge in spintronics and physics of topological magnetism. The team plans to develop understanding about single-skyrmion behavior, skyrmion-skyrmion interactions and their interactions with external controls and local variations in the spatial energy landscape. Through the research efforts, the team can effectively control skyrmions and construct skyrmionic devices, providing a research platform to train the next generation of scientists in the critical technological area of spintronics. The PI plans to train and educate diverse groups of students in their acquisition of condensed matter physics knowledge and experimental skills in materials/devices processing and characterization.&lt;br/&gt;&lt;br/&gt;This award reflects NSF's statutory mission and has been deemed worthy of support through evaluation using the Foundation's intellectual merit and broader impacts review criteria.</AbstractNarration>
<MinAmdLetterDate>04/13/2022</MinAmdLetterDate>
<MaxAmdLetterDate>04/13/2022</MaxAmdLetterDate>
<ARRAAmount/>
<TRAN_TYPE>Grant</TRAN_TYPE>
<CFDA_NUM>47.049</CFDA_NUM>
<NSF_PAR_USE_FLAG>1</NSF_PAR_USE_FLAG>
<FUND_AGCY_CODE>4900</FUND_AGCY_CODE>
<AWDG_AGCY_CODE>4900</AWDG_AGCY_CODE>
<AwardID>2202514</AwardID>
<Investigator>
<FirstName>Gang</FirstName>
<LastName>Xiao</LastName>
<PI_MID_INIT/>
<PI_SUFX_NAME/>
<PI_FULL_NAME>Gang Xiao</PI_FULL_NAME>
<EmailAddress>Gang_Xiao@brown.edu</EmailAddress>
<PI_PHON>4013691932</PI_PHON>
<NSF_ID>000228387</NSF_ID>
<StartDate>04/13/2022</StartDate>
<EndDate/>
<RoleCode>Principal Investigator</RoleCode>
</Investigator>
<Institution>
<Name>Brown University</Name>
<CityName>PROVIDENCE</CityName>
<ZipCode>029129127</ZipCode>
<PhoneNumber>4018632777</PhoneNumber>
<StreetAddress>1 PROSPECT ST</StreetAddress>
<StreetAddress2/>
<CountryName>United States</CountryName>
<StateName>Rhode Island</StateName>
<StateCode>RI</StateCode>
<CONGRESSDISTRICT>01</CONGRESSDISTRICT>
<CONGRESS_DISTRICT_ORG>RI01</CONGRESS_DISTRICT_ORG>
<ORG_UEI_NUM>E3FDXZ6TBHW3</ORG_UEI_NUM>
<ORG_LGL_BUS_NAME>BROWN UNIVERSITY</ORG_LGL_BUS_NAME>
<ORG_PRNT_UEI_NUM>E3FDXZ6TBHW3</ORG_PRNT_UEI_NUM>
</Institution>
<Performance_Institution>
<Name><![CDATA[Brown University]]></Name>
<CityName>Providence</CityName>
<StateCode>RI</StateCode>
<ZipCode>029129002</ZipCode>
<StreetAddress><![CDATA[350 Eddy Street]]></StreetAddress>
<CountryCode>US</CountryCode>
<CountryName>United States</CountryName>
<StateName>Rhode Island</StateName>
<CountryFlag>1</CountryFlag>
<CONGRESSDISTRICT>01</CONGRESSDISTRICT>
<CONGRESS_DISTRICT_PERF>RI01</CONGRESS_DISTRICT_PERF>
</Performance_Institution>
<ProgramElement>
<Code>1710</Code>
<Text>CONDENSED MATTER PHYSICS</Text>
</ProgramElement>
<ProgramElement>
<Code>1775</Code>
<Text>ELECTRONIC/PHOTONIC MATERIALS</Text>
</ProgramElement>
<ProgramReference>
<Code>106Z</Code>
<Text>Semiconductors and Microelectronics</Text>
</ProgramReference>
<ProgramReference>
<Code>7203</Code>
<Text>QUANTUM INFORMATION SCIENCE</Text>
</ProgramReference>
<ProgramReference>
<Code>7237</Code>
<Text>NANO NON-SOLIC SCI &amp; ENG AWD</Text>
</ProgramReference>
<ProgramReference>
<Code>8614</Code>
<Text>Nanomaterials</Text>
</ProgramReference>
<FUND_OBLG>2022~651300</FUND_OBLG>
</Award>
</rootTag>
