<?xml version="1.0" encoding="UTF-8"?>
<rootTag>
<Award>
<AwardTitle>Intergovernmental Personnel Award</AwardTitle>
<AGENCY>NSF</AGENCY>
<AwardEffectiveDate>10/12/2021</AwardEffectiveDate>
<AwardExpirationDate>10/11/2022</AwardExpirationDate>
<AwardTotalIntnAmount>255723.00</AwardTotalIntnAmount>
<AwardAmount>255723</AwardAmount>
<AwardInstrument>
<Value>Intergovernmental Personnel Award</Value>
</AwardInstrument>
<Organization>
<Code>03010000</Code>
<Directorate>
<Abbreviation>MPS</Abbreviation>
<LongName>Direct For Mathematical &amp; Physical Scien</LongName>
</Directorate>
<Division>
<Abbreviation>PHY</Abbreviation>
<LongName>Division Of Physics</LongName>
</Division>
</Organization>
<ProgramOfficer>
<SignBlockName>Jean Allen</SignBlockName>
<PO_EMAI>jcallen@nsf.gov</PO_EMAI>
<PO_PHON>7032928783</PO_PHON>
</ProgramOfficer>
<AbstractNarration/>
<MinAmdLetterDate>10/22/2021</MinAmdLetterDate>
<MaxAmdLetterDate>10/22/2021</MaxAmdLetterDate>
<ARRAAmount/>
<TRAN_TYPE>Grant</TRAN_TYPE>
<CFDA_NUM>47.049</CFDA_NUM>
<NSF_PAR_USE_FLAG>1</NSF_PAR_USE_FLAG>
<FUND_AGCY_CODE>4900</FUND_AGCY_CODE>
<AWDG_AGCY_CODE>4900</AWDG_AGCY_CODE>
<AwardID>2202654</AwardID>
<Investigator>
<FirstName>Alfredo</FirstName>
<LastName>Galindo-Uribarri</LastName>
<PI_MID_INIT/>
<PI_SUFX_NAME/>
<PI_FULL_NAME>Alfredo Galindo-Uribarri</PI_FULL_NAME>
<EmailAddress>uribarri@ornl.gov</EmailAddress>
<PI_PHON>8655746124</PI_PHON>
<NSF_ID>000867080</NSF_ID>
<StartDate>10/22/2021</StartDate>
<EndDate/>
<RoleCode>Principal Investigator</RoleCode>
</Investigator>
<Institution>
<Name>Oak Ridge National Laboratory</Name>
<CityName>OAK RIDGE</CityName>
<ZipCode>378308050</ZipCode>
<PhoneNumber>8655745807</PhoneNumber>
<StreetAddress>1 BETHEL VALLEY RD</StreetAddress>
<StreetAddress2/>
<CountryName>United States</CountryName>
<StateName>Tennessee</StateName>
<StateCode>TN</StateCode>
<CONGRESSDISTRICT>03</CONGRESSDISTRICT>
<CONGRESS_DISTRICT_ORG>TN03</CONGRESS_DISTRICT_ORG>
<ORG_UEI_NUM>ZLHJJ57QA2H8</ORG_UEI_NUM>
<ORG_LGL_BUS_NAME>UT-BATTELLE, LLC</ORG_LGL_BUS_NAME>
<ORG_PRNT_UEI_NUM/>
</Institution>
<Performance_Institution>
<Name/>
<CityName/>
<StateCode/>
<ZipCode/>
<StreetAddress/>
<CountryCode/>
<CountryName>RI REQUIRED</CountryName>
<StateName>RI REQUIRED</StateName>
<CountryFlag>0</CountryFlag>
<CONGRESSDISTRICT/>
<CONGRESS_DISTRICT_PERF>""</CONGRESS_DISTRICT_PERF>
</Performance_Institution>
<ProgramElement>
<Code>9199</Code>
<Text>Unallocated Program Costs</Text>
</ProgramElement>
<FUND_OBLG>2022~255723</FUND_OBLG>
</Award>
</rootTag>
