<?xml version="1.0" encoding="UTF-8"?>
<rootTag>
<Award>
<AwardTitle>I-Corps:  Next-generation Microfluidics-based Drug Testing Platform</AwardTitle>
<AGENCY>NSF</AGENCY>
<AwardEffectiveDate>04/01/2022</AwardEffectiveDate>
<AwardExpirationDate>09/30/2022</AwardExpirationDate>
<AwardTotalIntnAmount>50000.00</AwardTotalIntnAmount>
<AwardAmount>50000</AwardAmount>
<AwardInstrument>
<Value>Standard Grant</Value>
</AwardInstrument>
<Organization>
<Code>15030000</Code>
<Directorate>
<Abbreviation>TIP</Abbreviation>
<LongName>Dir for Tech, Innovation, &amp; Partnerships</LongName>
</Directorate>
<Division>
<Abbreviation>TI</Abbreviation>
<LongName>Translational Impacts</LongName>
</Division>
</Organization>
<ProgramOfficer>
<SignBlockName>Ruth Shuman</SignBlockName>
<PO_EMAI>rshuman@nsf.gov</PO_EMAI>
<PO_PHON>7032922160</PO_PHON>
</ProgramOfficer>
<AbstractNarration>The broader impact/commercial potential of this I-Corps project is the development of a microfluidics-based diagnostic device that facilitates lab-quality analytics in a compact platform that may be operated outside of the laboratory environment. The proposed technology is especially ideal for roadside drug detection, first responders, emergency medicine, sports anti-doping, pain management, rehab centers, onsite workforce drug testing and other applications. The drug abuse testing market is projected to be $11.83B globally by 2025. The legalization of marijuana for medical and recreational use, the opioid crisis, and emerging dangerous designer drugs have generated high interest in technologies that reduce the economic impact and public health burden of drug abuse in the US and abroad. The initial target market is law enforcement drug testing, which has minimal regulatory burden, immediate need and high growth potential, with planned expansion into workforce and clinical drug testing market segments over time. This technology also has utility in the wider point-of-care diagnostics market, which is projected to be more than $50B globally by 2026. &lt;br/&gt;&lt;br/&gt;This I-Corps project is based on the development of a microfluidics device that facilitates the recirculation of fluid in a microfluidic channel. The proposed approach is key to detecting low abundance targets in small volumes of fluid. Recirculation is achieved by a pump incorporated into the disposable microfluidic device that is actuated by a stepper motor in the reader. Depression and withdrawal of the actuator creates a pulsatile flow across a biosensor. Sample, reagents, and wash buffers may be recirculated at the desired rate and time interval needed for optimal assay performance. The proposed recirculation flow method is packaged into a fully integrated lab-on-a-chip device capable of processing small volumes of whole blood, oral fluid, and other biological matrices. The fluidic layout facilitates processing complex multistep immunoassay sequences. The lab-on-a-chip device is outfitted with a high-density microarray biosensor for unparalleled multiplexing capability. In addition, the platform includes a compact, highly portable, battery-powered reader to work with the cartridge. Fluorescent images of the sensor response are captured by a CCD inside the instrument. Data is automatically analyzed and reported to the user on screen on the instrument and transmitted to a mobile App.&lt;br/&gt;&lt;br/&gt;This award reflects NSF's statutory mission and has been deemed worthy of support through evaluation using the Foundation's intellectual merit and broader impacts review criteria.</AbstractNarration>
<MinAmdLetterDate>03/22/2022</MinAmdLetterDate>
<MaxAmdLetterDate>03/22/2022</MaxAmdLetterDate>
<ARRAAmount/>
<TRAN_TYPE>Grant</TRAN_TYPE>
<CFDA_NUM>47.041</CFDA_NUM>
<NSF_PAR_USE_FLAG>1</NSF_PAR_USE_FLAG>
<FUND_AGCY_CODE>4900</FUND_AGCY_CODE>
<AWDG_AGCY_CODE>4900</AWDG_AGCY_CODE>
<AwardID>2202039</AwardID>
<Investigator>
<FirstName>John</FirstName>
<LastName>McDevitt</LastName>
<PI_MID_INIT>T</PI_MID_INIT>
<PI_SUFX_NAME/>
<PI_FULL_NAME>John T McDevitt</PI_FULL_NAME>
<EmailAddress>mcdevitt@nyu.edu</EmailAddress>
<PI_PHON>5126530105</PI_PHON>
<NSF_ID>000866113</NSF_ID>
<StartDate>03/22/2022</StartDate>
<EndDate/>
<RoleCode>Principal Investigator</RoleCode>
</Investigator>
<Institution>
<Name>New York University</Name>
<CityName>NEW YORK</CityName>
<ZipCode>100121019</ZipCode>
<PhoneNumber>2129982121</PhoneNumber>
<StreetAddress>70 WASHINGTON SQ S</StreetAddress>
<StreetAddress2/>
<CountryName>United States</CountryName>
<StateName>New York</StateName>
<StateCode>NY</StateCode>
<CONGRESSDISTRICT>10</CONGRESSDISTRICT>
<CONGRESS_DISTRICT_ORG>NY10</CONGRESS_DISTRICT_ORG>
<ORG_UEI_NUM>NX9PXMKW5KW8</ORG_UEI_NUM>
<ORG_LGL_BUS_NAME>NEW YORK UNIVERSITY</ORG_LGL_BUS_NAME>
<ORG_PRNT_UEI_NUM>NX9PXMKW5KW8</ORG_PRNT_UEI_NUM>
</Institution>
<Performance_Institution>
<Name><![CDATA[New York University]]></Name>
<CityName>NEW YORK</CityName>
<StateCode>NY</StateCode>
<ZipCode>100104086</ZipCode>
<StreetAddress><![CDATA[433 1st Avenue]]></StreetAddress>
<CountryCode>US</CountryCode>
<CountryName>United States</CountryName>
<StateName>New York</StateName>
<CountryFlag>1</CountryFlag>
<CONGRESSDISTRICT>12</CONGRESSDISTRICT>
<CONGRESS_DISTRICT_PERF>NY12</CONGRESS_DISTRICT_PERF>
</Performance_Institution>
<ProgramElement>
<Code>8023</Code>
<Text>I-Corps</Text>
</ProgramElement>
<ProgramReference>
<Code>066E</Code>
<Text>INSTRUMENTATION &amp; DIAGNOSTICS</Text>
</ProgramReference>
<FUND_OBLG>2022~50000</FUND_OBLG>
</Award>
</rootTag>
