<?xml version="1.0" encoding="UTF-8"?>
<rootTag>
<Award>
<AwardTitle>EAGER: Mining a Useable Past: Perspectives, Paradoxes, and Possibilities with Security and Privacy</AwardTitle>
<AGENCY>NSF</AGENCY>
<AwardEffectiveDate>05/01/2022</AwardEffectiveDate>
<AwardExpirationDate>04/30/2024</AwardExpirationDate>
<AwardTotalIntnAmount>299978.00</AwardTotalIntnAmount>
<AwardAmount>299978</AwardAmount>
<AwardInstrument>
<Value>Standard Grant</Value>
</AwardInstrument>
<Organization>
<Code>05050000</Code>
<Directorate>
<Abbreviation>CSE</Abbreviation>
<LongName>Direct For Computer &amp; Info Scie &amp; Enginr</LongName>
</Directorate>
<Division>
<Abbreviation>CNS</Abbreviation>
<LongName>Division Of Computer and Network Systems</LongName>
</Division>
</Organization>
<ProgramOfficer>
<SignBlockName>Jeremy Epstein</SignBlockName>
<PO_EMAI>jepstein@nsf.gov</PO_EMAI>
<PO_PHON>7032928338</PO_PHON>
</ProgramOfficer>
<AbstractNarration>Rapid evolution of digital and mobile technologies is simultaneously eroding personal privacy and creating a permanent need for increasingly secure systems, with major underlying shifts in the social, economic, and technical relationships between security and privacy that have been unfolding for four decades. Time is running out to record and preserve the histories of the pioneers who transformed privacy and security into interconnected, essential, and highly profitable ventures. This project aims to record and permanently preserve these pioneers’ histories by conducting and publishing thirty research-grade oral histories that will be permanently archived at the Charles Babbage Institute for Computing, Information, &amp; Culture (CBI). &lt;br/&gt;&lt;br/&gt;The oral histories that will be recorded identify the intersectional forces that have shaped privacy and security today, by examining the technical, policy, and societal factors that have shaped the academic and industrial fields.  The research creates a long-term infrastructure for future research in the history of privacy and security, which the project will achieve by publishing and permanently archiving the interviews at the online databases and physical holdings of CBI, world’s leading archive in the history of computing.   Additionally, a book will synthesize the research, with a goal of being highly accessible and structured for widespread use as a course text in many fields—including history, sociology, computer science, STS, social informatics, communication, and legal studies—as well as to appeal to the general educated reader.&lt;br/&gt;&lt;br/&gt;This award reflects NSF's statutory mission and has been deemed worthy of support through evaluation using the Foundation's intellectual merit and broader impacts review criteria.</AbstractNarration>
<MinAmdLetterDate>01/24/2022</MinAmdLetterDate>
<MaxAmdLetterDate>01/24/2022</MaxAmdLetterDate>
<ARRAAmount/>
<TRAN_TYPE>Grant</TRAN_TYPE>
<CFDA_NUM>47.070, 47.075</CFDA_NUM>
<NSF_PAR_USE_FLAG>1</NSF_PAR_USE_FLAG>
<FUND_AGCY_CODE>4900</FUND_AGCY_CODE>
<AWDG_AGCY_CODE>4900</AWDG_AGCY_CODE>
<AwardID>2202484</AwardID>
<Investigator>
<FirstName>Jeffrey</FirstName>
<LastName>Yost</LastName>
<PI_MID_INIT>R</PI_MID_INIT>
<PI_SUFX_NAME/>
<PI_FULL_NAME>Jeffrey R Yost</PI_FULL_NAME>
<EmailAddress>yostx003@tc.umn.edu</EmailAddress>
<PI_PHON>6126245050</PI_PHON>
<NSF_ID>000404032</NSF_ID>
<StartDate>01/24/2022</StartDate>
<EndDate/>
<RoleCode>Principal Investigator</RoleCode>
</Investigator>
<Investigator>
<FirstName>Gerardo</FirstName>
<LastName>Con Diaz</LastName>
<PI_MID_INIT/>
<PI_SUFX_NAME/>
<PI_FULL_NAME>Gerardo Con Diaz</PI_FULL_NAME>
<EmailAddress>condiaz@ucdavis.edu</EmailAddress>
<PI_PHON>2039030663</PI_PHON>
<NSF_ID>000830135</NSF_ID>
<StartDate>01/24/2022</StartDate>
<EndDate/>
<RoleCode>Co-Principal Investigator</RoleCode>
</Investigator>
<Institution>
<Name>University of Minnesota-Twin Cities</Name>
<CityName>MINNEAPOLIS</CityName>
<ZipCode>554552009</ZipCode>
<PhoneNumber>6126245599</PhoneNumber>
<StreetAddress>200 OAK ST SE # 224</StreetAddress>
<StreetAddress2/>
<CountryName>United States</CountryName>
<StateName>Minnesota</StateName>
<StateCode>MN</StateCode>
<CONGRESSDISTRICT>05</CONGRESSDISTRICT>
<CONGRESS_DISTRICT_ORG>MN05</CONGRESS_DISTRICT_ORG>
<ORG_UEI_NUM>KABJZBBJ4B54</ORG_UEI_NUM>
<ORG_LGL_BUS_NAME>REGENTS OF THE UNIVERSITY OF MINNESOTA</ORG_LGL_BUS_NAME>
<ORG_PRNT_UEI_NUM>CB47L9C9MDX1</ORG_PRNT_UEI_NUM>
</Institution>
<Performance_Institution>
<Name><![CDATA[Charles Babbage Institute]]></Name>
<CityName>Minneapolis</CityName>
<StateCode>MN</StateCode>
<ZipCode>554552070</ZipCode>
<StreetAddress><![CDATA[222 21st Ave South]]></StreetAddress>
<CountryCode>US</CountryCode>
<CountryName>United States</CountryName>
<StateName>Minnesota</StateName>
<CountryFlag>1</CountryFlag>
<CONGRESSDISTRICT>05</CONGRESSDISTRICT>
<CONGRESS_DISTRICT_PERF>MN05</CONGRESS_DISTRICT_PERF>
</Performance_Institution>
<ProgramElement>
<Code>124Y</Code>
<Text>Science &amp; Technology Studies</Text>
</ProgramElement>
<ProgramElement>
<Code>8060</Code>
<Text>Secure &amp;Trustworthy Cyberspace</Text>
</ProgramElement>
<ProgramReference>
<Code>025Z</Code>
<Text>SaTC: Secure and Trustworthy Cyberspace</Text>
</ProgramReference>
<ProgramReference>
<Code>7916</Code>
<Text>EAGER</Text>
</ProgramReference>
<FUND_OBLG>2022~299978</FUND_OBLG>
</Award>
</rootTag>
