<?xml version="1.0" encoding="UTF-8"?>
<rootTag>
<Award>
<AwardTitle>The Geometry of Hyperbolic 3-Manifolds</AwardTitle>
<AGENCY>NSF</AGENCY>
<AwardEffectiveDate>09/01/2022</AwardEffectiveDate>
<AwardExpirationDate>08/31/2025</AwardExpirationDate>
<AwardTotalIntnAmount>435018.00</AwardTotalIntnAmount>
<AwardAmount>203970</AwardAmount>
<AwardInstrument>
<Value>Continuing Grant</Value>
</AwardInstrument>
<Organization>
<Code>03040000</Code>
<Directorate>
<Abbreviation>MPS</Abbreviation>
<LongName>Direct For Mathematical &amp; Physical Scien</LongName>
</Directorate>
<Division>
<Abbreviation>DMS</Abbreviation>
<LongName>Division Of Mathematical Sciences</LongName>
</Division>
</Organization>
<ProgramOfficer>
<SignBlockName>Krishnan Shankar</SignBlockName>
<PO_EMAI>kshankar@nsf.gov</PO_EMAI>
<PO_PHON>7032924703</PO_PHON>
</ProgramOfficer>
<AbstractNarration>Surfaces are fundamental objects in geometry and typically come in three flavors: flat, round, or saddle shaped, geometries more technically referred to as Euclidean, spherical, or hyperbolic. Three-dimensional objects, too, typically come in one of a few flavors, including Euclidean, spherical, and hyperbolic, plus a few others. In both two and three dimensions, the hyperbolic geometries are the most common and currently the most studied. This project is concerned with the geometry of 3-dimensional hyperbolic spaces. Its broad aim is to build complete models of the geometry from fundamental building blocks, completing a long line of inquiry in the subject. In addition to its core research objectives, the project serves the profession and the advancement of science through plans for continued mentoring of students, advocacy for underrepresented groups, and several outreach and service activities.&lt;br/&gt; &lt;br/&gt;The project is concerned with the geometry of hyperbolic 3-manifolds and their deformations. The project is centered on a study of Thurston's skinning map, which is a holomorphic function on the Teichmüller space associated to a hyperbolic 3-manifold of infinite volume. The size and shape of the image of this map has implications for the underlying geometry of the hyperbolic manifold, and the project aims to bound the size of the image in terms of the topology of the underlying manifold's boundary, without any dependence on the topology of the underlying manifold. Using this, the project aims to construct uniform models of hyperbolic 3-manifolds. The techniques involved in the approach are of wider interest, and the project aims to use these techniques to establish new theorems on the geometric inflexibility of hyperbolic manifolds. The project also aims to establish new universal hyperbolic Dehn filling theorems. The project's new techniques will also be aimed at establishing the existence of hyperbolic integral homology spheres of large injectivity radius.&lt;br/&gt;&lt;br/&gt;This award reflects NSF's statutory mission and has been deemed worthy of support through evaluation using the Foundation's intellectual merit and broader impacts review criteria.</AbstractNarration>
<MinAmdLetterDate>05/06/2022</MinAmdLetterDate>
<MaxAmdLetterDate>05/06/2022</MaxAmdLetterDate>
<ARRAAmount/>
<TRAN_TYPE>Grant</TRAN_TYPE>
<CFDA_NUM>47.049</CFDA_NUM>
<NSF_PAR_USE_FLAG>1</NSF_PAR_USE_FLAG>
<FUND_AGCY_CODE>4900</FUND_AGCY_CODE>
<AWDG_AGCY_CODE>4900</AWDG_AGCY_CODE>
<AwardID>2202718</AwardID>
<Investigator>
<FirstName>AUTUMN</FirstName>
<LastName>KENT</LastName>
<PI_MID_INIT>E</PI_MID_INIT>
<PI_SUFX_NAME>IV</PI_SUFX_NAME>
<PI_FULL_NAME>AUTUMN E KENT</PI_FULL_NAME>
<EmailAddress>kent@math.wisc.edu</EmailAddress>
<PI_PHON>6082635064</PI_PHON>
<NSF_ID>000256627</NSF_ID>
<StartDate>05/06/2022</StartDate>
<EndDate/>
<RoleCode>Principal Investigator</RoleCode>
</Investigator>
<Institution>
<Name>University of Wisconsin-Madison</Name>
<CityName>MADISON</CityName>
<ZipCode>537151218</ZipCode>
<PhoneNumber>6082623822</PhoneNumber>
<StreetAddress>21 N PARK ST STE 6301</StreetAddress>
<StreetAddress2/>
<CountryName>United States</CountryName>
<StateName>Wisconsin</StateName>
<StateCode>WI</StateCode>
<CONGRESSDISTRICT>02</CONGRESSDISTRICT>
<CONGRESS_DISTRICT_ORG>WI02</CONGRESS_DISTRICT_ORG>
<ORG_UEI_NUM>LCLSJAGTNZQ7</ORG_UEI_NUM>
<ORG_LGL_BUS_NAME>UNIVERSITY OF WISCONSIN SYSTEM</ORG_LGL_BUS_NAME>
<ORG_PRNT_UEI_NUM>QAFKGG7YY396</ORG_PRNT_UEI_NUM>
</Institution>
<Performance_Institution>
<Name><![CDATA[University of Wisconsin-Madison]]></Name>
<CityName>MADISON</CityName>
<StateCode>WI</StateCode>
<ZipCode>537151218</ZipCode>
<StreetAddress><![CDATA[21 North Park Street]]></StreetAddress>
<CountryCode>US</CountryCode>
<CountryName>United States</CountryName>
<StateName>Wisconsin</StateName>
<CountryFlag>1</CountryFlag>
<CONGRESSDISTRICT>02</CONGRESSDISTRICT>
<CONGRESS_DISTRICT_PERF>WI02</CONGRESS_DISTRICT_PERF>
</Performance_Institution>
<ProgramElement>
<Code>1265</Code>
<Text>GEOMETRIC ANALYSIS</Text>
</ProgramElement>
<FUND_OBLG>2022~203970</FUND_OBLG>
</Award>
</rootTag>
