<?xml version="1.0" encoding="UTF-8"?>
<rootTag>
<Award>
<AwardTitle>Student and Postdoc Travel Support for DNA28</AwardTitle>
<AGENCY>NSF</AGENCY>
<AwardEffectiveDate>03/01/2022</AwardEffectiveDate>
<AwardExpirationDate>02/28/2023</AwardExpirationDate>
<AwardTotalIntnAmount>20000.00</AwardTotalIntnAmount>
<AwardAmount>20000</AwardAmount>
<AwardInstrument>
<Value>Standard Grant</Value>
</AwardInstrument>
<Organization>
<Code>05010000</Code>
<Directorate>
<Abbreviation>CSE</Abbreviation>
<LongName>Direct For Computer &amp; Info Scie &amp; Enginr</LongName>
</Directorate>
<Division>
<Abbreviation>CCF</Abbreviation>
<LongName>Division of Computing and Communication Foundations</LongName>
</Division>
</Organization>
<ProgramOfficer>
<SignBlockName>Mitra Basu</SignBlockName>
<PO_EMAI>mbasu@nsf.gov</PO_EMAI>
<PO_PHON>7032928649</PO_PHON>
</ProgramOfficer>
<AbstractNarration>This award provides student travel support for the 28th International Conference on DNA Computing and Molecular Programming (DNA28), held at the University of New Mexico, Albuquerque, August 8-12, 2022. This support will enable a new generation of student researchers to attend the conference, present their work, learn from leading experts in the field, and interact with students at other institutions, fostering a sense of worldwide community of scientific enquiry.  This conference emphasizes topics that bridge computation, biology, and nanotechnology and attracts top researchers in the fields of computer science, mathematics, chemistry, molecular biology, and nanotechnology.  The scope of topics includes control of molecular folding and self-assembly to construct nanostructures; demonstration of switches, gates, devices, and circuits with biomolecules; molecular motors and molecular robotics; computational processes in vitro and in vivo; studies of fault-tolerance and error correction; synthetic biology and in vitro evolution; DNA data storage; software tools for analysis, simulation, and design of molecular systems; a range of applications in engineering, physics, chemistry, biology, and especially medicine (including approaches to smart therapeutics with cell-specific, programmable, drug delivery).&lt;br/&gt;&lt;br/&gt;Conference organizers plan to support up to 20 successful student applicants, who are either US citizens or students at US institutions. Emphasis will be placed on students whose institutions are under-resourced and would otherwise not be able to send them to the conference, and students presenting their research results at the conference.  Conference organizers will invite applications in regular conference announcements.  A diverse committee of conference organizers and external referees will then make the selection from the received applications.  The awards will provide support toward registration, travel, and accommodation.  The availability of this support will encourage the participation of members of groups underrepresented in molecular computing research, especially those who are delivering oral or poster presentations at the conference, and graduate and undergraduate students who are otherwise unable to afford attending this conference. As this is the first in-person DNA conference planned for several years, this support will be vital to enable a vibrant and diverse conference.&lt;br/&gt;&lt;br/&gt;This award reflects NSF's statutory mission and has been deemed worthy of support through evaluation using the Foundation's intellectual merit and broader impacts review criteria.</AbstractNarration>
<MinAmdLetterDate>01/27/2022</MinAmdLetterDate>
<MaxAmdLetterDate>01/27/2022</MaxAmdLetterDate>
<ARRAAmount/>
<TRAN_TYPE>Grant</TRAN_TYPE>
<CFDA_NUM>47.070</CFDA_NUM>
<NSF_PAR_USE_FLAG>1</NSF_PAR_USE_FLAG>
<FUND_AGCY_CODE>4900</FUND_AGCY_CODE>
<AWDG_AGCY_CODE>4900</AWDG_AGCY_CODE>
<AwardID>2202396</AwardID>
<Investigator>
<FirstName>Darko</FirstName>
<LastName>Stefanovic</LastName>
<PI_MID_INIT/>
<PI_SUFX_NAME/>
<PI_FULL_NAME>Darko Stefanovic</PI_FULL_NAME>
<EmailAddress>darko@cs.unm.edu</EmailAddress>
<PI_PHON>5052776561</PI_PHON>
<NSF_ID>000090220</NSF_ID>
<StartDate>01/27/2022</StartDate>
<EndDate/>
<RoleCode>Principal Investigator</RoleCode>
</Investigator>
<Investigator>
<FirstName>Matthew</FirstName>
<LastName>Lakin</LastName>
<PI_MID_INIT>R</PI_MID_INIT>
<PI_SUFX_NAME/>
<PI_FULL_NAME>Matthew R Lakin</PI_FULL_NAME>
<EmailAddress>mlakin@unm.edu</EmailAddress>
<PI_PHON>5052774186</PI_PHON>
<NSF_ID>000686577</NSF_ID>
<StartDate>01/27/2022</StartDate>
<EndDate/>
<RoleCode>Co-Principal Investigator</RoleCode>
</Investigator>
<Institution>
<Name>University of New Mexico</Name>
<CityName>ALBUQUERQUE</CityName>
<ZipCode>871063837</ZipCode>
<PhoneNumber>5052774186</PhoneNumber>
<StreetAddress>1700 LOMAS BLVD NE STE 2200</StreetAddress>
<StreetAddress2/>
<CountryName>United States</CountryName>
<StateName>New Mexico</StateName>
<StateCode>NM</StateCode>
<CONGRESSDISTRICT>01</CONGRESSDISTRICT>
<CONGRESS_DISTRICT_ORG>NM01</CONGRESS_DISTRICT_ORG>
<ORG_UEI_NUM>F6XLTRUQJEN4</ORG_UEI_NUM>
<ORG_LGL_BUS_NAME>UNIVERSITY OF NEW MEXICO, THE</ORG_LGL_BUS_NAME>
<ORG_PRNT_UEI_NUM>C16BGHA4MLJ6</ORG_PRNT_UEI_NUM>
</Institution>
<Performance_Institution>
<Name><![CDATA[University of New Mexico]]></Name>
<CityName>Albuquerque</CityName>
<StateCode>NM</StateCode>
<ZipCode>871310001</ZipCode>
<StreetAddress><![CDATA[MSC01 1130, 1 University of New]]></StreetAddress>
<CountryCode>US</CountryCode>
<CountryName>United States</CountryName>
<StateName>New Mexico</StateName>
<CountryFlag>1</CountryFlag>
<CONGRESSDISTRICT>01</CONGRESSDISTRICT>
<CONGRESS_DISTRICT_PERF>NM01</CONGRESS_DISTRICT_PERF>
</Performance_Institution>
<ProgramElement>
<Code>089Y</Code>
<Text>FET-Fndtns of Emerging Tech</Text>
</ProgramElement>
<ProgramReference>
<Code>7556</Code>
<Text>CONFERENCE AND WORKSHOPS</Text>
</ProgramReference>
<ProgramReference>
<Code>7946</Code>
<Text>BIO COMPUTING</Text>
</ProgramReference>
<ProgramReference>
<Code>9150</Code>
<Text>EXP PROG TO STIM COMP RES</Text>
</ProgramReference>
<FUND_OBLG>2022~20000</FUND_OBLG>
</Award>
</rootTag>
