<?xml version="1.0" encoding="UTF-8"?>
<rootTag>
<Award>
<AwardTitle>SaTC: CORE: Large: Collaborative: Investigating the Susceptibility of the Internet  Topology to Country-level Connectivity Disruption and Manipulation</AwardTitle>
<AGENCY>NSF</AGENCY>
<AwardEffectiveDate>10/01/2021</AwardEffectiveDate>
<AwardExpirationDate>07/31/2022</AwardExpirationDate>
<AwardTotalIntnAmount>1026666.00</AwardTotalIntnAmount>
<AwardAmount>219064</AwardAmount>
<AwardInstrument>
<Value>Continuing Grant</Value>
</AwardInstrument>
<Organization>
<Code>05050000</Code>
<Directorate>
<Abbreviation>CSE</Abbreviation>
<LongName>Direct For Computer &amp; Info Scie &amp; Enginr</LongName>
</Directorate>
<Division>
<Abbreviation>CNS</Abbreviation>
<LongName>Division Of Computer and Network Systems</LongName>
</Division>
</Organization>
<ProgramOfficer>
<SignBlockName>Alexander Sprintson</SignBlockName>
<PO_EMAI>asprints@nsf.gov</PO_EMAI>
<PO_PHON>7032922170</PO_PHON>
</ProgramOfficer>
<AbstractNarration>Malicious actors such as hackers, terrorists or nation-states can disrupt, intercept or manipulate the Internet traffic of entire countries or regions by targeting structural weaknesses of the Internet. Strategic physical locations exist in the Internet topology. Despite much recent interest and a large body of research on cyber-attack vectors and mechanisms, we lack rigorous tools to reason about how the Internet topology of a country or region exposes its critical communication infrastructure to compromise through targeted attacks. This project develops methodologies to identify potential topological weaknesses of the Internet infrastructure, especially from the perspective of an attacker, and to quantify the potential impact if attackers were to compromise these critical elements. The broader impacts of this project are substantial: understanding structural weaknesses in the Internet topology of countries or regions is of significant interest not just to the research and operational communities, but also to everyday Internet users and policy bodies. More generally, it will secure the critical Internet infrastructure on which our daily activities depend.&lt;br/&gt;&lt;br/&gt;This project is a two-phase project. In the first phase, the goal is identifying important components of the Internet topology of a country and region --- Autonomous Systems, Internet Exchange Points, colocation facilities, and physical cable systems that represent key locations of the Internet. The project will undertake a novel multi-layer mapping effort, developing measurement and analysis techniques to discover these components and the relationships between them. The second phase of the project utilizes the multi-layer map and develops methods to identify components that represent potential topological weaknesses, i.e., compromising a few such components would allow an attacker to disrupt, manipulate, or eavesdrop on a large fraction of Internet traffic of that country. The multi-layer view of the system will enable an assessment of weaknesses holistically as well as at specific layers, under various assumptions about the capabilities and knowledge of attackers. Geographic annotations will enable a consideration of risks related to the geographic distribution of critical components of the communication infrastructure.</AbstractNarration>
<MinAmdLetterDate>11/30/2021</MinAmdLetterDate>
<MaxAmdLetterDate>11/30/2021</MaxAmdLetterDate>
<ARRAAmount/>
<TRAN_TYPE>Grant</TRAN_TYPE>
<CFDA_NUM>47.070</CFDA_NUM>
<NSF_PAR_USE_FLAG>1</NSF_PAR_USE_FLAG>
<FUND_AGCY_CODE>4900</FUND_AGCY_CODE>
<AWDG_AGCY_CODE>4900</AWDG_AGCY_CODE>
<AwardID>2202288</AwardID>
<Investigator>
<FirstName>Alberto</FirstName>
<LastName>Dainotti</LastName>
<PI_MID_INIT/>
<PI_SUFX_NAME/>
<PI_FULL_NAME>Alberto Dainotti</PI_FULL_NAME>
<EmailAddress>adainotti6@gatech.edu</EmailAddress>
<PI_PHON>8583362155</PI_PHON>
<NSF_ID>000645127</NSF_ID>
<StartDate>11/30/2021</StartDate>
<EndDate/>
<RoleCode>Principal Investigator</RoleCode>
</Investigator>
<Institution>
<Name>Georgia Tech Research Corporation</Name>
<CityName>ATLANTA</CityName>
<ZipCode>30332</ZipCode>
<PhoneNumber>4048944819</PhoneNumber>
<StreetAddress>926 DALNEY ST NW</StreetAddress>
<StreetAddress2/>
<CountryName>United States</CountryName>
<StateName>Georgia</StateName>
<StateCode>GA</StateCode>
<CONGRESSDISTRICT>05</CONGRESSDISTRICT>
<CONGRESS_DISTRICT_ORG>GA05</CONGRESS_DISTRICT_ORG>
<ORG_UEI_NUM>EMW9FC8J3HN4</ORG_UEI_NUM>
<ORG_LGL_BUS_NAME>GEORGIA TECH RESEARCH CORPORATION</ORG_LGL_BUS_NAME>
<ORG_PRNT_UEI_NUM>EMW9FC8J3HN4</ORG_PRNT_UEI_NUM>
</Institution>
<Performance_Institution>
<Name><![CDATA[Georgia Tech Research Corporation]]></Name>
<CityName>Altlanta</CityName>
<StateCode>GA</StateCode>
<ZipCode>303320420</ZipCode>
<StreetAddress/>
<CountryCode>US</CountryCode>
<CountryName>United States</CountryName>
<StateName>Georgia</StateName>
<CountryFlag>1</CountryFlag>
<CONGRESSDISTRICT>05</CONGRESSDISTRICT>
<CONGRESS_DISTRICT_PERF>GA05</CONGRESS_DISTRICT_PERF>
</Performance_Institution>
<ProgramElement>
<Code>1714</Code>
<Text>Special Projects - CNS</Text>
</ProgramElement>
<ProgramElement>
<Code>8060</Code>
<Text>Secure &amp;Trustworthy Cyberspace</Text>
</ProgramElement>
<ProgramReference>
<Code>025Z</Code>
<Text>SaTC: Secure and Trustworthy Cyberspace</Text>
</ProgramReference>
<ProgramReference>
<Code>065Z</Code>
<Text>Human factors for security research</Text>
</ProgramReference>
<ProgramReference>
<Code>7434</Code>
<Text>CNCI</Text>
</ProgramReference>
<ProgramReference>
<Code>7925</Code>
<Text>LARGE PROJECT</Text>
</ProgramReference>
<ProgramReference>
<Code>9178</Code>
<Text>UNDERGRADUATE EDUCATION</Text>
</ProgramReference>
<ProgramReference>
<Code>9251</Code>
<Text>REU SUPP-Res Exp for Ugrd Supp</Text>
</ProgramReference>
<FUND_OBLG>2019~203064</FUND_OBLG>
<FUND_OBLG>2020~16000</FUND_OBLG>
</Award>
</rootTag>
