<?xml version="1.0" encoding="UTF-8"?>
<rootTag>
<Award>
<AwardTitle>The First Multi-Messenger Study of Supermassive Black Hole Growth</AwardTitle>
<AGENCY>NSF</AGENCY>
<AwardEffectiveDate>06/01/2022</AwardEffectiveDate>
<AwardExpirationDate>05/31/2025</AwardExpirationDate>
<AwardTotalIntnAmount>300000.00</AwardTotalIntnAmount>
<AwardAmount>300000</AwardAmount>
<AwardInstrument>
<Value>Fellowship Award</Value>
</AwardInstrument>
<Organization>
<Code>03020000</Code>
<Directorate>
<Abbreviation>MPS</Abbreviation>
<LongName>Direct For Mathematical &amp; Physical Scien</LongName>
</Directorate>
<Division>
<Abbreviation>AST</Abbreviation>
<LongName>Division Of Astronomical Sciences</LongName>
</Division>
</Organization>
<ProgramOfficer>
<SignBlockName>Harshal Gupta</SignBlockName>
<PO_EMAI>hgupta@nsf.gov</PO_EMAI>
<PO_PHON>7032925039</PO_PHON>
</ProgramOfficer>
<AbstractNarration>Joseph Simon is awarded an NSF Astronomy and Astrophysics Fellowship to carry out a program of research and education at the University of Colorado.  Combining pulsar timing array (PTA) measurements of the gravitational wave (GW) background with electromagnetic observations of galaxy mergers, Simon will model how black holes (BH) merge to form supermassive black holes (SMBH).  Results from this project will allow astronomers to better understand how SMBH grow in mass.   Simon will also provide research mentoring to undergraduate students and engage them in a program of outreach activities to local middle schools and high schools serving under resourced communities. &lt;br/&gt;&lt;br/&gt;Hints of the GW background emerging in PTA data appear inconsistent with theoretical predictions neglecting the contributions from BH-BH mergers and imply that SMBHs are more massive, or merge more frequently than previously thought.  In this project, Simon will incorporate the best available observations of galaxy mergers and the SMBH mass function alongside a new prescription for the binary evolution timescale into his modeling framework for the binary SMBH population and the GW background. He will first use his refined models to extract the binary evolution timescale from PTA data. He will then combine the electromagnetic observations of galaxy mergers and the SMBH mass function with PTA observations to conduct the first multi-messenger measurement of SMBH mass growth due to BH-BH mergers.  This project advances the goals of the NSF Windows on the Universe Big Idea.&lt;br/&gt;&lt;br/&gt;This award reflects NSF's statutory mission and has been deemed worthy of support through evaluation using the Foundation's intellectual merit and broader impacts review criteria.</AbstractNarration>
<MinAmdLetterDate>05/17/2022</MinAmdLetterDate>
<MaxAmdLetterDate>05/17/2022</MaxAmdLetterDate>
<ARRAAmount/>
<TRAN_TYPE>Grant</TRAN_TYPE>
<CFDA_NUM>47.049</CFDA_NUM>
<NSF_PAR_USE_FLAG>1</NSF_PAR_USE_FLAG>
<FUND_AGCY_CODE>4900</FUND_AGCY_CODE>
<AWDG_AGCY_CODE>4900</AWDG_AGCY_CODE>
<AwardID>2202388</AwardID>
<Investigator>
<FirstName>Joseph</FirstName>
<LastName>Simon</LastName>
<PI_MID_INIT/>
<PI_SUFX_NAME/>
<PI_FULL_NAME>Joseph Simon</PI_FULL_NAME>
<EmailAddress/>
<PI_PHON>3204963977</PI_PHON>
<NSF_ID>000733510</NSF_ID>
<StartDate>05/17/2022</StartDate>
<EndDate/>
<RoleCode>Principal Investigator</RoleCode>
</Investigator>
<Institution>
<Name>Simon                   Joseph</Name>
<CityName>Milwaukee</CityName>
<ZipCode>532010413</ZipCode>
<PhoneNumber/>
<StreetAddress/>
<StreetAddress2/>
<CountryName>United States</CountryName>
<StateName>Wisconsin</StateName>
<StateCode>WI</StateCode>
<CONGRESSDISTRICT>04</CONGRESSDISTRICT>
<CONGRESS_DISTRICT_ORG>WI04</CONGRESS_DISTRICT_ORG>
<ORG_UEI_NUM/>
<ORG_LGL_BUS_NAME/>
<ORG_PRNT_UEI_NUM/>
</Institution>
<Performance_Institution>
<Name><![CDATA[University of Colorado Boulder]]></Name>
<CityName>Boulder</CityName>
<StateCode>CO</StateCode>
<ZipCode>803090391</ZipCode>
<StreetAddress/>
<CountryCode>US</CountryCode>
<CountryName>United States</CountryName>
<StateName>Colorado</StateName>
<CountryFlag>1</CountryFlag>
<CONGRESSDISTRICT>02</CONGRESSDISTRICT>
<CONGRESS_DISTRICT_PERF>CO02</CONGRESS_DISTRICT_PERF>
</Performance_Institution>
<ProgramElement>
<Code>107Y</Code>
<Text>WoU-Windows on the Universe: T</Text>
</ProgramElement>
<ProgramReference>
<Code>1206</Code>
<Text>THEORETICAL &amp; COMPUTATIONAL ASTROPHYSICS</Text>
</ProgramReference>
<ProgramReference>
<Code>7480</Code>
<Text>ARCHIVAL DATA ANALYSIS</Text>
</ProgramReference>
<FUND_OBLG>2022~300000</FUND_OBLG>
</Award>
</rootTag>
