<?xml version="1.0" encoding="UTF-8"?>
<rootTag>
<Award>
<AwardTitle><![CDATA[CAS-Climate: Workshop on Resilience Research and Practice in the Gulf Region]]></AwardTitle>
<AGENCY>NSF</AGENCY>
<AwardEffectiveDate>01/01/2022</AwardEffectiveDate>
<AwardExpirationDate>07/31/2022</AwardExpirationDate>
<AwardTotalIntnAmount>50000.00</AwardTotalIntnAmount>
<AwardAmount>50000</AwardAmount>
<AwardInstrument>
<Value>Standard Grant</Value>
</AwardInstrument>
<Organization>
<Code>07020000</Code>
<Directorate>
<Abbreviation>ENG</Abbreviation>
<LongName>Directorate For Engineering</LongName>
</Directorate>
<Division>
<Abbreviation>CBET</Abbreviation>
<LongName>Div Of Chem, Bioeng, Env, &amp; Transp Sys</LongName>
</Division>
</Organization>
<ProgramOfficer>
<SignBlockName>Bruce Hamilton</SignBlockName>
<PO_EMAI>bhamilto@nsf.gov</PO_EMAI>
<PO_PHON>7032920000</PO_PHON>
</ProgramOfficer>
<AbstractNarration><![CDATA[This grant is in support of a three-day workshop to bring together scholars and stakeholders for the purpose of building a community of practice focused on climate resilience research and practice in the Gulf Region. Climate change is affecting the lives and livelihoods of millions of people in the Gulf Region, from the tip of Florida to the Texas coast. Across this vast swath, urban centers such as Houston, the fourth largest and one of the most diverse cities of the US, and small coastal towns, are all nested within one of the planet’s most biodiverse and productive ecosystems. The Gulf Region also contains a disproportionate number of people who are considered socially vulnerable to disasters. These chronic stressors are worsened by climate change, evolving population dynamics, aging infrastructure capacity and condition, and rapid industrial and technological change. The Gulf Coast region will be bellwether of change, providing either successful or failed adaptation examples for the entire nation as climate impacts increase. The workshop provides an opportunity for researchers, policymakers, and communities to work together towards: 1) shaping research to undertake co-design and research translation so that needs of community stakeholders are prioritized, and 2) moving research findings into actionable knowledge.&lt;br/&gt;&lt;br/&gt;Workshop cross-disciplinary interactions will help identify needs in the research community and at the intersection of research and practice. There are many researchers in the STEM and humanities disciplines that are focused on questions relating to climate resilience in the Gulf Coast region. They are not, however, linked in region-specific interdisciplinary or research-to-action networks. This means that there is lack of awareness among researchers about work other researchers might be doing that is relevant to their own, and there is lack of coordination among research thrusts such that stakeholders might be able to more efficiently interact and use the knowledge outputs of resilience research. Moreover, the Gulf Coast region is uniquely diverse in its interfaces between urban centers and rural areas, and resilience research must address these challenges, among other major gaps that exist in the understanding of the interactions of human and natural systems in this region. Workshop sessions target engendering meaningful communication and allowing for focused discussion of ideas presented by leaders in a range of relevant disciplines, to result in a convergent prospectus of resilience research initiatives at the interface of environmental and urban systems. This workshop will initiate transdisciplinary research relationships through: 1) Professional development of early career faculty and city/state level and policy professionals in introductory socio- environmental modeling, 2) Meeting the increasing demand for workers with interdisciplinary training in navigating the complex interplay between rapid climate change and resulting stresses in ecosystem and engineered services, 3) Developing of a network of scholars, government representatives, and community organizations focused on building resilience across the Gulf Region.&lt;br/&gt;&lt;br/&gt;This award reflects NSF's statutory mission and has been deemed worthy of support through evaluation using the Foundation's intellectual merit and broader impacts review criteria.]]></AbstractNarration>
<MinAmdLetterDate>12/21/2021</MinAmdLetterDate>
<MaxAmdLetterDate>12/21/2021</MaxAmdLetterDate>
<ARRAAmount/>
<TRAN_TYPE>Grant</TRAN_TYPE>
<CFDA_NUM>47.041</CFDA_NUM>
<NSF_PAR_USE_FLAG>1</NSF_PAR_USE_FLAG>
<FUND_AGCY_CODE>4900</FUND_AGCY_CODE>
<AWDG_AGCY_CODE>4900</AWDG_AGCY_CODE>
<AwardID>2202061</AwardID>
<Investigator>
<FirstName>Fernanda</FirstName>
<LastName>Leite</LastName>
<PI_MID_INIT/>
<PI_SUFX_NAME/>
<PI_FULL_NAME>Fernanda Leite</PI_FULL_NAME>
<EmailAddress><![CDATA[fernanda.leite@austin.utexas.edu]]></EmailAddress>
<NSF_ID>000550414</NSF_ID>
<StartDate>12/21/2021</StartDate>
<EndDate/>
<RoleCode>Principal Investigator</RoleCode>
</Investigator>
<Investigator>
<FirstName>Michelle</FirstName>
<LastName>Meyer</LastName>
<PI_MID_INIT>A</PI_MID_INIT>
<PI_SUFX_NAME/>
<PI_FULL_NAME>Michelle A Meyer</PI_FULL_NAME>
<EmailAddress><![CDATA[michelle.meyer@tamu.edu]]></EmailAddress>
<NSF_ID>000646942</NSF_ID>
<StartDate>12/21/2021</StartDate>
<EndDate/>
<RoleCode>Co-Principal Investigator</RoleCode>
</Investigator>
<Investigator>
<FirstName>Eren</FirstName>
<LastName>Ozguven</LastName>
<PI_MID_INIT>E</PI_MID_INIT>
<PI_SUFX_NAME/>
<PI_FULL_NAME>Eren E Ozguven</PI_FULL_NAME>
<EmailAddress><![CDATA[eozguven@eng.famu.fsu.edu]]></EmailAddress>
<NSF_ID>000667403</NSF_ID>
<StartDate>12/21/2021</StartDate>
<EndDate/>
<RoleCode>Co-Principal Investigator</RoleCode>
</Investigator>
<Investigator>
<FirstName>Katherine</FirstName>
<LastName>Lieberknecht</LastName>
<PI_MID_INIT/>
<PI_SUFX_NAME/>
<PI_FULL_NAME>Katherine Lieberknecht</PI_FULL_NAME>
<EmailAddress><![CDATA[klieberknecht@utexas.edu]]></EmailAddress>
<NSF_ID>000668602</NSF_ID>
<StartDate>12/21/2021</StartDate>
<EndDate/>
<RoleCode>Co-Principal Investigator</RoleCode>
</Investigator>
<Investigator>
<FirstName>Maria</FirstName>
<LastName>Koliou</LastName>
<PI_MID_INIT/>
<PI_SUFX_NAME/>
<PI_FULL_NAME>Maria Koliou</PI_FULL_NAME>
<EmailAddress><![CDATA[maria.koliou@tamu.edu]]></EmailAddress>
<NSF_ID>000755960</NSF_ID>
<StartDate>12/21/2021</StartDate>
<EndDate/>
<RoleCode>Co-Principal Investigator</RoleCode>
</Investigator>
<Institution>
<Name>University of Texas at Austin</Name>
<CityName>AUSTIN</CityName>
<ZipCode>787121139</ZipCode>
<PhoneNumber>5124716424</PhoneNumber>
<StreetAddress>110 INNER CAMPUS DR</StreetAddress>
<StreetAddress2/>
<CountryName>United States</CountryName>
<StateName>Texas</StateName>
<StateCode>TX</StateCode>
<CONGRESSDISTRICT>25</CONGRESSDISTRICT>
<CONGRESS_DISTRICT_ORG>TX25</CONGRESS_DISTRICT_ORG>
<ORG_UEI_NUM>V6AFQPN18437</ORG_UEI_NUM>
<ORG_LGL_BUS_NAME>UNIVERSITY OF TEXAS AT AUSTIN</ORG_LGL_BUS_NAME>
<ORG_PRNT_UEI_NUM>X5NKD2NFF2V3</ORG_PRNT_UEI_NUM>
</Institution>
<Performance_Institution>
<Name><![CDATA[University of Texas at Austin]]></Name>
<CityName/>
<StateCode>TX</StateCode>
<ZipCode>787121532</ZipCode>
<StreetAddress/>
<CountryCode>US</CountryCode>
<CountryName>United States</CountryName>
<StateName>Texas</StateName>
<CountryFlag>1</CountryFlag>
<CONGRESSDISTRICT>25</CONGRESSDISTRICT>
<CONGRESS_DISTRICT_PERF>TX25</CONGRESS_DISTRICT_PERF>
</Performance_Institution>
<ProgramElement>
<Code>7643</Code>
<Text>EnvS-Environmtl Sustainability</Text>
</ProgramElement>
<ProgramReference>
<Code>090Z</Code>
<Text>CAS-Critical Aspects of Sustainability</Text>
</ProgramReference>
<ProgramReference>
<Code>7556</Code>
<Text>CONFERENCE AND WORKSHOPS</Text>
</ProgramReference>
<FUND_OBLG>2022~50000</FUND_OBLG>
</Award>
</rootTag>
