<?xml version="1.0" encoding="UTF-8"?>
<rootTag>
<Award>
<AwardTitle>Sheaf-Theoretic Methods in Modular Representation Theory</AwardTitle>
<AGENCY>NSF</AGENCY>
<AwardEffectiveDate>09/01/2022</AwardEffectiveDate>
<AwardExpirationDate>08/31/2025</AwardExpirationDate>
<AwardTotalIntnAmount>240000.00</AwardTotalIntnAmount>
<AwardAmount>240000</AwardAmount>
<AwardInstrument>
<Value>Standard Grant</Value>
</AwardInstrument>
<Organization>
<Code>03040000</Code>
<Directorate>
<Abbreviation>MPS</Abbreviation>
<LongName>Direct For Mathematical &amp; Physical Scien</LongName>
</Directorate>
<Division>
<Abbreviation>DMS</Abbreviation>
<LongName>Division Of Mathematical Sciences</LongName>
</Division>
</Organization>
<ProgramOfficer>
<SignBlockName>James Matthew Douglass</SignBlockName>
<PO_EMAI>mdouglas@nsf.gov</PO_EMAI>
<PO_PHON>7032922467</PO_PHON>
</ProgramOfficer>
<AbstractNarration>A "matrix group" is a set of invertible square matrices that contains all products and inverses of its members.  Typical examples include SU(2), the group of 2x2 unitary complex matrices, and O(3,R), the group of orthogonal 3x3 matrices with real entries.  Broadly speaking, the subject of representation theory deals with how such groups can act on a complex vector space via linear transformations.  One can then ask what happens if we replace the complex numbers by a finite field (or the algebraic closure of a finite field).  Modular representation theory is concerned with matrix groups with entries in such a field, acting on vector spaces over the same field.  This research will use geometric methods to make advances in modular representation theory. Many of the anticipated results are motivated by known facts in complex representation theory, but new tools and techniques must be developed in the modular case.  In connection with this research, the P.I. will also undertake research-training activities aimed at Ph.D. students and other early-career researchers. &lt;br/&gt; &lt;br/&gt;The past few years have seen the emergence of powerful new tools for applying geometric methods to the representation theory of algebraic groups in positive characteristic, including "parity sheaves" and the "mixed modular derived category." This research will build on these developments with projects on three different topics: (i) the topology of global Schubert varieties; (ii) Kazhdan-Lusztig cells, tensor ideals, and tilting modules; and (iii) "silting" complexes of coherent sheaves. Topic (i) has connections to number theory and to a potential "modular ramified Satake equivalence".  Topic (ii) has the most direct links to classical questions in representation theory, while topic (iii) is expected to lead to new avenues of research in K-theory and categorification, for instance in the context of symmetric spaces.&lt;br/&gt;&lt;br/&gt;This award reflects NSF's statutory mission and has been deemed worthy of support through evaluation using the Foundation's intellectual merit and broader impacts review criteria.</AbstractNarration>
<MinAmdLetterDate>04/04/2022</MinAmdLetterDate>
<MaxAmdLetterDate>04/04/2022</MaxAmdLetterDate>
<ARRAAmount/>
<TRAN_TYPE>Grant</TRAN_TYPE>
<CFDA_NUM>47.049</CFDA_NUM>
<NSF_PAR_USE_FLAG>1</NSF_PAR_USE_FLAG>
<FUND_AGCY_CODE>4900</FUND_AGCY_CODE>
<AWDG_AGCY_CODE>4900</AWDG_AGCY_CODE>
<AwardID>2202012</AwardID>
<Investigator>
<FirstName>Pramod</FirstName>
<LastName>Achar</LastName>
<PI_MID_INIT>N</PI_MID_INIT>
<PI_SUFX_NAME/>
<PI_FULL_NAME>Pramod N Achar</PI_FULL_NAME>
<EmailAddress>pramod@lsu.edu</EmailAddress>
<PI_PHON>2255787990</PI_PHON>
<NSF_ID>000207284</NSF_ID>
<StartDate>04/04/2022</StartDate>
<EndDate/>
<RoleCode>Principal Investigator</RoleCode>
</Investigator>
<Institution>
<Name>Louisiana State University</Name>
<CityName>BATON ROUGE</CityName>
<ZipCode>708030001</ZipCode>
<PhoneNumber>2255782760</PhoneNumber>
<StreetAddress>202 HIMES HALL</StreetAddress>
<StreetAddress2/>
<CountryName>United States</CountryName>
<StateName>Louisiana</StateName>
<StateCode>LA</StateCode>
<CONGRESSDISTRICT>06</CONGRESSDISTRICT>
<CONGRESS_DISTRICT_ORG>LA06</CONGRESS_DISTRICT_ORG>
<ORG_UEI_NUM>ECQEYCHRNKJ4</ORG_UEI_NUM>
<ORG_LGL_BUS_NAME>LOUISIANA STATE UNIVERSITY</ORG_LGL_BUS_NAME>
<ORG_PRNT_UEI_NUM>Z7ZNZH7LJ778</ORG_PRNT_UEI_NUM>
</Institution>
<Performance_Institution>
<Name><![CDATA[Louisiana State University]]></Name>
<CityName/>
<StateCode>LA</StateCode>
<ZipCode>708032701</ZipCode>
<StreetAddress/>
<CountryCode>US</CountryCode>
<CountryName>United States</CountryName>
<StateName>Louisiana</StateName>
<CountryFlag>1</CountryFlag>
<CONGRESSDISTRICT>06</CONGRESSDISTRICT>
<CONGRESS_DISTRICT_PERF>LA06</CONGRESS_DISTRICT_PERF>
</Performance_Institution>
<ProgramElement>
<Code>1264</Code>
<Text>ALGEBRA,NUMBER THEORY,AND COM</Text>
</ProgramElement>
<ProgramReference>
<Code>9150</Code>
<Text>EXP PROG TO STIM COMP RES</Text>
</ProgramReference>
<FUND_OBLG>2022~240000</FUND_OBLG>
</Award>
</rootTag>
