<?xml version="1.0" encoding="UTF-8"?>
<rootTag>
<Award>
<AwardTitle><![CDATA[Developing PLC and Robotic Automation Technician Training for Service Industries]]></AwardTitle>
<AGENCY>NSF</AGENCY>
<AwardEffectiveDate>06/15/2022</AwardEffectiveDate>
<AwardExpirationDate>05/31/2025</AwardExpirationDate>
<AwardTotalIntnAmount>284549.00</AwardTotalIntnAmount>
<AwardAmount>284549</AwardAmount>
<AwardInstrument>
<Value>Standard Grant</Value>
</AwardInstrument>
<Organization>
<Code>11040100</Code>
<Directorate>
<Abbreviation>EHR</Abbreviation>
<LongName>Direct For Education and Human Resources</LongName>
</Directorate>
<Division>
<Abbreviation>DUE</Abbreviation>
<LongName>Division Of Undergraduate Education</LongName>
</Division>
</Organization>
<ProgramOfficer>
<SignBlockName>Jill Nelson</SignBlockName>
<PO_EMAI>jnelson@nsf.gov</PO_EMAI>
<PO_PHON>7032924359</PO_PHON>
</ProgramOfficer>
<AbstractNarration><![CDATA[This project aims to serve the national interest by addressing the shortage of technicians with the skills to maintain the programable logic controllers (PLCs) and robots in the service industries. The project at Vaughn College of Aeronautics and Technology provides a PLC and Robotic Automation (PRA) Technician certificate program to address this shortage in the service industries in the greater New York City (NYC) area. As a Hispanic-Serving Institution, Vaughn has embraced students from low-income and first-generation college families, as well as from underrepresented racial and ethnic groups. The one-year certificate program reduces the financial and time commitments for students who want to pursue education to improve their upward mobility. Providing this additional pathway not only meets the needs of service industries but also increases diversity in PRA technicians. &lt;br/&gt;&lt;br/&gt;The goal of the project is to create a one-year 24-credit program to provide PRA technicians with the skills they need for employment in service industries. To ensure graduates of the program have the desired qualifications, the project (a) collaborates with its Business and Industry Leadership Team to determine the service industry needs and develop curriculum to meet them; (b) supports faculty to obtain certifications; (c) recruits both high-school students and incumbent workers using newly developed informational materials; and (d) increases diversity in the PRA technician workforce by partnering with Vaughn’s existing programs to recruit students from groups underrepresented in the technician workforce including women and racial and ethnic minorities. Additionally, advancements in the understanding of technical education for service industries are shared through ATE Central and at regional and national conferences. This project is funded by the Advanced Technological Education program that focuses on the education of technicians for the advanced-technology fields that drive the Nation’s economy.&lt;br/&gt;&lt;br/&gt;This award reflects NSF's statutory mission and has been deemed worthy of support through evaluation using the Foundation's intellectual merit and broader impacts review criteria.]]></AbstractNarration>
<MinAmdLetterDate>06/03/2022</MinAmdLetterDate>
<MaxAmdLetterDate>06/03/2022</MaxAmdLetterDate>
<ARRAAmount/>
<TRAN_TYPE>Grant</TRAN_TYPE>
<CFDA_NUM>47.076</CFDA_NUM>
<NSF_PAR_USE_FLAG>1</NSF_PAR_USE_FLAG>
<FUND_AGCY_CODE>4900</FUND_AGCY_CODE>
<AWDG_AGCY_CODE>4900</AWDG_AGCY_CODE>
<AwardID>2202107</AwardID>
<Investigator>
<FirstName>Douglas</FirstName>
<LastName>Jahnke</LastName>
<PI_MID_INIT/>
<PI_SUFX_NAME/>
<PI_FULL_NAME>Douglas Jahnke</PI_FULL_NAME>
<EmailAddress><![CDATA[douglas.jahnke@vaughn.edu]]></EmailAddress>
<NSF_ID>000776023</NSF_ID>
<StartDate>06/03/2022</StartDate>
<EndDate/>
<RoleCode>Co-Principal Investigator</RoleCode>
</Investigator>
<Investigator>
<FirstName>Shouling</FirstName>
<LastName>He</LastName>
<PI_MID_INIT/>
<PI_SUFX_NAME/>
<PI_FULL_NAME>Shouling He</PI_FULL_NAME>
<EmailAddress><![CDATA[shouling.he@vaughn.edu]]></EmailAddress>
<NSF_ID>000776019</NSF_ID>
<StartDate>06/03/2022</StartDate>
<EndDate/>
<RoleCode>Principal Investigator</RoleCode>
</Investigator>
<Institution>
<Name>Vaughn College of Aeronautics and Technology</Name>
<CityName>EAST ELMHURST</CityName>
<ZipCode>113691037</ZipCode>
<PhoneNumber>7184296600</PhoneNumber>
<StreetAddress>86-01 23RD AVE</StreetAddress>
<StreetAddress2/>
<CountryName>United States</CountryName>
<StateName>New York</StateName>
<StateCode>NY</StateCode>
<CONGRESSDISTRICT>14</CONGRESSDISTRICT>
<CONGRESS_DISTRICT_ORG>NY14</CONGRESS_DISTRICT_ORG>
<ORG_UEI_NUM>F6PRFZC29131</ORG_UEI_NUM>
<ORG_LGL_BUS_NAME>VAUGHN COLLEGE OF AERONAUTICS AND TECHNOLOGY</ORG_LGL_BUS_NAME>
<ORG_PRNT_UEI_NUM>F6PRFZC29131</ORG_PRNT_UEI_NUM>
</Institution>
<Performance_Institution>
<Name><![CDATA[Vaughn College]]></Name>
<CityName>Flushing</CityName>
<StateCode>NY</StateCode>
<ZipCode>113691000</ZipCode>
<StreetAddress><![CDATA[86-01 23rd Avenue]]></StreetAddress>
<CountryCode>US</CountryCode>
<CountryName>United States</CountryName>
<StateName>New York</StateName>
<CountryFlag>1</CountryFlag>
<CONGRESSDISTRICT>14</CONGRESSDISTRICT>
<CONGRESS_DISTRICT_PERF>NY14</CONGRESS_DISTRICT_PERF>
</Performance_Institution>
<ProgramElement>
<Code>7412</Code>
<Text>Advanced Tech Education Prog</Text>
</ProgramElement>
<ProgramReference>
<Code>1032</Code>
<Text>ADVANCED TECHNOLOGY EDUCATION</Text>
</ProgramReference>
<ProgramReference>
<Code>9178</Code>
<Text>UNDERGRADUATE EDUCATION</Text>
</ProgramReference>
<ProgramReference>
<Code>SMET</Code>
<Text>SCIENCE, MATH, ENG &amp; TECH EDUCATION</Text>
</ProgramReference>
<FUND_OBLG>2022~284549</FUND_OBLG>
</Award>
</rootTag>
