<?xml version="1.0" encoding="UTF-8"?>
<rootTag>
<Award>
<AwardTitle>Computational Studies on the Modulation of Peptide-lipid Interactions by Glycosaminoglycans</AwardTitle>
<AGENCY>NSF</AGENCY>
<AwardEffectiveDate>07/01/2022</AwardEffectiveDate>
<AwardExpirationDate>06/30/2025</AwardExpirationDate>
<AwardTotalIntnAmount>384000.00</AwardTotalIntnAmount>
<AwardAmount>256000</AwardAmount>
<AwardInstrument>
<Value>Continuing Grant</Value>
</AwardInstrument>
<Organization>
<Code>03090000</Code>
<Directorate>
<Abbreviation>MPS</Abbreviation>
<LongName>Direct For Mathematical &amp; Physical Scien</LongName>
</Directorate>
<Division>
<Abbreviation>CHE</Abbreviation>
<LongName>Division Of Chemistry</LongName>
</Division>
</Organization>
<ProgramOfficer>
<SignBlockName>Pablo Sobrado</SignBlockName>
<PO_EMAI>psobrado@nsf.gov</PO_EMAI>
<PO_PHON>7032922394</PO_PHON>
</ProgramOfficer>
<AbstractNarration>With the support of the Chemistry of Life Processes  (CLP) program in the Chemistry Division, Silvina Matysiak from the University of Maryland will investigate the molecular  conditions that promote or impede amyloid formation in an environment mimicking the extracellular matrix. The extracellular matrix is a complex mesh of proteins and carbohydrates, and it is connected to the cells it surrounds, holding them together to form a tissue. Amyloids are proteinaceous deposits/aggregates. Amyloid formation is a critical factor in many normal biological processes and in neurodegenerative diseases, such as Alzheimer's disease. The importance of carbohydrates and the surface of cell membranes in modulating amyloid formation have been recognized by the scientific community. However, it has been challenging to isolate and quantify how specific intermolecular interactions influence or nucleate the formation of particular amyloid aggregation states. The proposed research will exploit and extend computational models, developed over the last few years in Dr. Matysiak’s lab, that now enable the Matysiak group to pursue this type of research. This research will also allow graduate and undergraduate students to acquire specialized training in multiscale computational modeling. The new computational models will be used in the redesigning of a computational modeling course using a course-based undergraduate research experience (CURE) approach.&lt;br/&gt;&lt;br/&gt;This research project seeks to characterize the effects of glycosaminoglycans (GAGs) in peptide-membrane interactions and peptide aggregation by the usage of coarse-grained and atomistic models. The aggregation of several amyloidogenic peptides (functional or toxic) will be studied under various conditions. Stepping through mixed bilayers of different compositions and in the presence of different specific polysaccharide structures will help the Maryland team to ascertain what interactions can enhance or suppress peptide folding/misfolding and aggregation. Information from this study is expected to provide new insight into how peptide-lipid, peptide-oligosaccharide, and oligosaccharide-lipid interactions tune the emergence of specific amyloid peptide aggregation morphologies and into the kinetics of these aggregation processes.&lt;br/&gt;&lt;br/&gt;This award reflects NSF's statutory mission and has been deemed worthy of support through evaluation using the Foundation's intellectual merit and broader impacts review criteria.</AbstractNarration>
<MinAmdLetterDate>05/16/2022</MinAmdLetterDate>
<MaxAmdLetterDate>05/16/2022</MaxAmdLetterDate>
<ARRAAmount/>
<TRAN_TYPE>Grant</TRAN_TYPE>
<CFDA_NUM>47.049</CFDA_NUM>
<NSF_PAR_USE_FLAG>1</NSF_PAR_USE_FLAG>
<FUND_AGCY_CODE>4900</FUND_AGCY_CODE>
<AWDG_AGCY_CODE>4900</AWDG_AGCY_CODE>
<AwardID>2202281</AwardID>
<Investigator>
<FirstName>Silvina</FirstName>
<LastName>Matysiak</LastName>
<PI_MID_INIT/>
<PI_SUFX_NAME/>
<PI_FULL_NAME>Silvina Matysiak</PI_FULL_NAME>
<EmailAddress>matysiak@umd.edu</EmailAddress>
<PI_PHON>3014050313</PI_PHON>
<NSF_ID>000586118</NSF_ID>
<StartDate>05/16/2022</StartDate>
<EndDate/>
<RoleCode>Principal Investigator</RoleCode>
</Investigator>
<Institution>
<Name>University of Maryland, College Park</Name>
<CityName>COLLEGE PARK</CityName>
<ZipCode>207420001</ZipCode>
<PhoneNumber>3014056269</PhoneNumber>
<StreetAddress>3112 LEE BLDG 7809 REGENTS DR</StreetAddress>
<StreetAddress2/>
<CountryName>United States</CountryName>
<StateName>Maryland</StateName>
<StateCode>MD</StateCode>
<CONGRESSDISTRICT>05</CONGRESSDISTRICT>
<CONGRESS_DISTRICT_ORG>MD05</CONGRESS_DISTRICT_ORG>
<ORG_UEI_NUM>NPU8ULVAAS23</ORG_UEI_NUM>
<ORG_LGL_BUS_NAME>UNIVERSITY OF MARYLAND, COLLEGE PARK</ORG_LGL_BUS_NAME>
<ORG_PRNT_UEI_NUM>KMGEN62NKEM9</ORG_PRNT_UEI_NUM>
</Institution>
<Performance_Institution>
<Name><![CDATA[University of Maryland, College Park]]></Name>
<CityName>College Park</CityName>
<StateCode>MD</StateCode>
<ZipCode>207421000</ZipCode>
<StreetAddress><![CDATA[4220 A. James Clark Hall 8278 PA]]></StreetAddress>
<CountryCode>US</CountryCode>
<CountryName>United States</CountryName>
<StateName>Maryland</StateName>
<CountryFlag>1</CountryFlag>
<CONGRESSDISTRICT>05</CONGRESSDISTRICT>
<CONGRESS_DISTRICT_PERF>MD05</CONGRESS_DISTRICT_PERF>
</Performance_Institution>
<ProgramElement>
<Code>6883</Code>
<Text>Chemistry of Life Processes</Text>
</ProgramElement>
<ProgramReference>
<Code>8038</Code>
<Text>Biotechnology</Text>
</ProgramReference>
<ProgramReference>
<Code>9263</Code>
<Text>COMPUTATIONAL SCIENCE &amp; ENGING</Text>
</ProgramReference>
<FUND_OBLG>2022~256000</FUND_OBLG>
</Award>
</rootTag>
