<?xml version="1.0" encoding="UTF-8"?>
<rootTag>
<Award>
<AwardTitle>RAPID: Quantifying Wetland Root Structure, Strength, and Uprooting due to Hurricane Ida</AwardTitle>
<AGENCY>NSF</AGENCY>
<AwardEffectiveDate>12/01/2021</AwardEffectiveDate>
<AwardExpirationDate>11/30/2022</AwardExpirationDate>
<AwardTotalIntnAmount>49770.00</AwardTotalIntnAmount>
<AwardAmount>49770</AwardAmount>
<AwardInstrument>
<Value>Standard Grant</Value>
</AwardInstrument>
<Organization>
<Code>06030000</Code>
<Directorate>
<Abbreviation>GEO</Abbreviation>
<LongName>Directorate For Geosciences</LongName>
</Directorate>
<Division>
<Abbreviation>EAR</Abbreviation>
<LongName>Division Of Earth Sciences</LongName>
</Division>
</Organization>
<ProgramOfficer>
<SignBlockName>Richard Yuretich</SignBlockName>
<PO_EMAI>ryuretic@nsf.gov</PO_EMAI>
<PO_PHON>7032924744</PO_PHON>
</ProgramOfficer>
<AbstractNarration>Coastal wetlands are valuable ecosystems. They improve water quality, provide wildlife habitat and biodiversity, store organic carbon, and protect coastal communities from storms by dampening waves and reducing storm surge heights. Yet, severe storms are one of the most common natural drivers of coastal wetland loss. For coastal Louisiana, the combined impacts of Hurricanes Katrina and Rita (2005) and then Hurricanes Gustav and Ike (2008) converted nearly the area of New York City into open water. As a result, predicting wetland loss due to hurricanes is an important goal because of the significant consequences with respect to coastal populations. This RAPID award will allow timely field testing and core sampling to quantify wetland root strength and structure in the Barataria basin of coastal Louisiana, which experienced extreme land loss from Hurricane Ida. This information will help inform the scientific community and public on how the wetlands are eroded, what controls erosional resistance, why some hurricanes are more damaging than others, and what potential is for long-term recovery.  &lt;br/&gt;&lt;br/&gt;&lt;br/&gt;Hurricane Ida made landfall on the southeastern Louisiana coast, bringing storm surge and waves of approximately 4.5 m above the normal water level that caused immense damage to the natural and built environment, specifically undermining the wetland root systems and removing much of the marsh platform. Current knowledge of the ability of the wetland platform to withstand hurricane-induced uprooting is limited, and the roles of wetland root structure, biomass volume, and strength need further research. The objective of this RAPID research is to collect perishable data of wetland uprooting, including (i) quantifying the micro-scale live biomass, necromass, root structure, pore structure, and sediment density using X-ray Computed Tomography (XCT) scans; (ii) measuring the macro-scale field strength of root systems using cone penetrometer tests (CPTs); and (iii) assessing the resilience of wetland vegetation and root systems to recover from a disturbance. This award will develop new knowledge concerning how the wetland platform withstands storm surge and waves, how these systems could evolve over space and time (particularly in the face of sea level rise, restoration activities, and recovery after an extreme event), and how these changes could alter their ability to protect the coastline from further damage.&lt;br/&gt;&lt;br/&gt;This award reflects NSF's statutory mission and has been deemed worthy of support through evaluation using the Foundation's intellectual merit and broader impacts review criteria.</AbstractNarration>
<MinAmdLetterDate>11/30/2021</MinAmdLetterDate>
<MaxAmdLetterDate>11/30/2021</MaxAmdLetterDate>
<ARRAAmount/>
<TRAN_TYPE>Grant</TRAN_TYPE>
<CFDA_NUM>47.050</CFDA_NUM>
<NSF_PAR_USE_FLAG>1</NSF_PAR_USE_FLAG>
<FUND_AGCY_CODE>4900</FUND_AGCY_CODE>
<AWDG_AGCY_CODE>4900</AWDG_AGCY_CODE>
<AwardID>2202313</AwardID>
<Investigator>
<FirstName>Navid</FirstName>
<LastName>Jafari</LastName>
<PI_MID_INIT/>
<PI_SUFX_NAME/>
<PI_FULL_NAME>Navid Jafari</PI_FULL_NAME>
<EmailAddress>njafari@lsu.edu</EmailAddress>
<PI_PHON>2255788475</PI_PHON>
<NSF_ID>000702106</NSF_ID>
<StartDate>11/30/2021</StartDate>
<EndDate/>
<RoleCode>Principal Investigator</RoleCode>
</Investigator>
<Institution>
<Name>Louisiana State University</Name>
<CityName>BATON ROUGE</CityName>
<ZipCode>708030001</ZipCode>
<PhoneNumber>2255782760</PhoneNumber>
<StreetAddress>202 HIMES HALL</StreetAddress>
<StreetAddress2/>
<CountryName>United States</CountryName>
<StateName>Louisiana</StateName>
<StateCode>LA</StateCode>
<CONGRESSDISTRICT>06</CONGRESSDISTRICT>
<CONGRESS_DISTRICT_ORG>LA06</CONGRESS_DISTRICT_ORG>
<ORG_UEI_NUM>ECQEYCHRNKJ4</ORG_UEI_NUM>
<ORG_LGL_BUS_NAME>LOUISIANA STATE UNIVERSITY</ORG_LGL_BUS_NAME>
<ORG_PRNT_UEI_NUM>Z7ZNZH7LJ778</ORG_PRNT_UEI_NUM>
</Institution>
<Performance_Institution>
<Name><![CDATA[Louisiana State University]]></Name>
<CityName>Baton Rouge</CityName>
<StateCode>LA</StateCode>
<ZipCode>708032701</ZipCode>
<StreetAddress><![CDATA[202 Himes Hall]]></StreetAddress>
<CountryCode>US</CountryCode>
<CountryName>United States</CountryName>
<StateName>Louisiana</StateName>
<CountryFlag>1</CountryFlag>
<CONGRESSDISTRICT>06</CONGRESSDISTRICT>
<CONGRESS_DISTRICT_PERF>LA06</CONGRESS_DISTRICT_PERF>
</Performance_Institution>
<ProgramElement>
<Code>7222</Code>
<Text>XC-Crosscutting Activities Pro</Text>
</ProgramElement>
<ProgramElement>
<Code>7458</Code>
<Text>Geomorphology &amp; Land-use Dynam</Text>
</ProgramElement>
<ProgramReference>
<Code>7458</Code>
<Text>GEOMORPHOLOGY &amp; LAND USE DYNAM</Text>
</ProgramReference>
<ProgramReference>
<Code>7914</Code>
<Text>RAPID</Text>
</ProgramReference>
<FUND_OBLG>2022~49770</FUND_OBLG>
</Award>
</rootTag>
