<?xml version="1.0" encoding="UTF-8"?>
<rootTag>
<Award>
<AwardTitle><![CDATA[Navigating Students to In-Demand Tech Careers in Secure Mobile Programming in the NYC Region]]></AwardTitle>
<AGENCY>NSF</AGENCY>
<AwardEffectiveDate>07/01/2022</AwardEffectiveDate>
<AwardExpirationDate>06/30/2025</AwardExpirationDate>
<AwardTotalIntnAmount>615608.00</AwardTotalIntnAmount>
<AwardAmount>615608</AwardAmount>
<AwardInstrument>
<Value>Standard Grant</Value>
</AwardInstrument>
<Organization>
<Code>11040100</Code>
<Directorate>
<Abbreviation>EHR</Abbreviation>
<LongName>Direct For Education and Human Resources</LongName>
</Directorate>
<Division>
<Abbreviation>DUE</Abbreviation>
<LongName>Division Of Undergraduate Education</LongName>
</Division>
</Organization>
<ProgramOfficer>
<SignBlockName>Huihui Wang</SignBlockName>
<PO_EMAI>hhwang@nsf.gov</PO_EMAI>
<PO_PHON>7032924894</PO_PHON>
</ProgramOfficer>
<AbstractNarration><![CDATA[This project aims to serve the national interest by establishing a pipeline program for students from historically underrepresented groups to gain technical skills in the high demand field of advanced mobile programming, with an emphasis on cybersecurity and secure programming. As the cybersecurity risks to mobile applications proliferate, there is a persistent shortage of secure mobile application development talents in both the regional and national workforce. In addition, the information technology field has not reflected the diverse population of New York City (NYC) or the Nation. Borough of Manhattan Community College (BMCC) is a minority serving institution in NYC. As a minority serving institution, BMCC has an important role to play in increasing access to technical careers for students from groups underrepresented in STEM and specifically cybersecurity careers. BMCC will partner with Manhattan Bridges High School as well as several NYC local IT companies to foster diversity, inclusion, and excellence for the local next generation advanced technology workforce. The proposed core pedagogical innovation has the potential to become a model for associate degree granting institutions nationally.&lt;br/&gt;&lt;br/&gt;The project team intends to : (1) improve faculty development and students' learning in the rapidly growing field of secure mobile programming at a  high school and a community college in NYC; (2) support students in gaining both technical programming skills and core competencies around critical thinking, collaboration, and design; (3) build, expand and sustain industry partnerships that will provide students with professional internship opportunities in the secure mobile computing industry in NYC, thus paving the way for students to secure high quality jobs. The project has the potential to fill a critical local workforce gap. An external evaluator will lead the project evaluation including both formative and summative assessments. Both quantitative and qualitative tools will be used to evaluate the objectives of the project. The project team plans to share findings and project results at technical colloquia and seminars, Advanced Technology Education conferences and other networking platforms. This project is funded by the Advanced Technological Education program that focuses on the education of technicians for the advanced-technology fields that drive the Nation's economy.&lt;br/&gt;&lt;br/&gt;This award reflects NSF's statutory mission and has been deemed worthy of support through evaluation using the Foundation's intellectual merit and broader impacts review criteria.]]></AbstractNarration>
<MinAmdLetterDate>06/09/2022</MinAmdLetterDate>
<MaxAmdLetterDate>06/09/2022</MaxAmdLetterDate>
<ARRAAmount/>
<TRAN_TYPE>Grant</TRAN_TYPE>
<CFDA_NUM>47.076</CFDA_NUM>
<NSF_PAR_USE_FLAG>1</NSF_PAR_USE_FLAG>
<FUND_AGCY_CODE>4900</FUND_AGCY_CODE>
<AWDG_AGCY_CODE>4900</AWDG_AGCY_CODE>
<AwardID>2202043</AwardID>
<Investigator>
<FirstName>Ching-Song</FirstName>
<LastName>Wei</LastName>
<PI_MID_INIT>D</PI_MID_INIT>
<PI_SUFX_NAME/>
<PI_FULL_NAME>Ching-Song D Wei</PI_FULL_NAME>
<EmailAddress><![CDATA[cswei1231@gmail.com]]></EmailAddress>
<NSF_ID>000515386</NSF_ID>
<StartDate>06/09/2022</StartDate>
<EndDate/>
<RoleCode>Co-Principal Investigator</RoleCode>
</Investigator>
<Investigator>
<FirstName>Hao</FirstName>
<LastName>Tang</LastName>
<PI_MID_INIT/>
<PI_SUFX_NAME/>
<PI_FULL_NAME>Hao Tang</PI_FULL_NAME>
<EmailAddress><![CDATA[htang@bmcc.cuny.edu]]></EmailAddress>
<NSF_ID>000719838</NSF_ID>
<StartDate>06/09/2022</StartDate>
<EndDate/>
<RoleCode>Co-Principal Investigator</RoleCode>
</Investigator>
<Investigator>
<FirstName>Tamer</FirstName>
<LastName>Avcilar</LastName>
<PI_MID_INIT/>
<PI_SUFX_NAME/>
<PI_FULL_NAME>Tamer Avcilar</PI_FULL_NAME>
<EmailAddress><![CDATA[tavcilar@bmcc.cuny.edu]]></EmailAddress>
<NSF_ID>000834187</NSF_ID>
<StartDate>06/09/2022</StartDate>
<EndDate/>
<RoleCode>Principal Investigator</RoleCode>
</Investigator>
<Investigator>
<FirstName>Maryam</FirstName>
<LastName>Vatankhah</LastName>
<PI_MID_INIT/>
<PI_SUFX_NAME/>
<PI_FULL_NAME>Maryam Vatankhah</PI_FULL_NAME>
<EmailAddress><![CDATA[mvatankhah@bmcc.cuny.edu]]></EmailAddress>
<NSF_ID>000816644</NSF_ID>
<StartDate>06/09/2022</StartDate>
<EndDate/>
<RoleCode>Co-Principal Investigator</RoleCode>
</Investigator>
<Institution>
<Name>CUNY Borough of Manhattan Community College</Name>
<CityName>NEW YORK</CityName>
<ZipCode>100071044</ZipCode>
<PhoneNumber>2122208010</PhoneNumber>
<StreetAddress>199 CHAMBERS ST</StreetAddress>
<StreetAddress2/>
<CountryName>United States</CountryName>
<StateName>New York</StateName>
<StateCode>NY</StateCode>
<CONGRESSDISTRICT>10</CONGRESSDISTRICT>
<CONGRESS_DISTRICT_ORG>NY10</CONGRESS_DISTRICT_ORG>
<ORG_UEI_NUM>GDM4E6DB2L75</ORG_UEI_NUM>
<ORG_LGL_BUS_NAME>RESEARCH FOUNDATION OF THE CITY UNIVERSITY OF NEW YORK</ORG_LGL_BUS_NAME>
<ORG_PRNT_UEI_NUM>U7WPB7AFN7M2</ORG_PRNT_UEI_NUM>
</Institution>
<Performance_Institution>
<Name><![CDATA[CUNY - Borough of Manhattan Community College]]></Name>
<CityName>New York</CityName>
<StateCode>NY</StateCode>
<ZipCode>100071079</ZipCode>
<StreetAddress><![CDATA[199 Chambers Street]]></StreetAddress>
<CountryCode>US</CountryCode>
<CountryName>United States</CountryName>
<StateName>New York</StateName>
<CountryFlag>1</CountryFlag>
<CONGRESSDISTRICT>10</CONGRESSDISTRICT>
<CONGRESS_DISTRICT_PERF>NY10</CONGRESS_DISTRICT_PERF>
</Performance_Institution>
<ProgramElement>
<Code>7412</Code>
<Text>Advanced Tech Education Prog</Text>
</ProgramElement>
<ProgramReference>
<Code>1032</Code>
<Text>ADVANCED TECHNOLOGY EDUCATION</Text>
</ProgramReference>
<ProgramReference>
<Code>9178</Code>
<Text>UNDERGRADUATE EDUCATION</Text>
</ProgramReference>
<ProgramReference>
<Code>SMET</Code>
<Text>SCIENCE, MATH, ENG &amp; TECH EDUCATION</Text>
</ProgramReference>
<FUND_OBLG>2022~615608</FUND_OBLG>
</Award>
</rootTag>
