<?xml version="1.0" encoding="UTF-8"?>
<rootTag>
<Award>
<AwardTitle><![CDATA[Collaborative Proposal: Tectonic degassing as a possible solution to the Miocene climate enigma]]></AwardTitle>
<AGENCY>NSF</AGENCY>
<AwardEffectiveDate>07/01/2022</AwardEffectiveDate>
<AwardExpirationDate>06/30/2025</AwardExpirationDate>
<AwardTotalIntnAmount>425904.00</AwardTotalIntnAmount>
<AwardAmount>425904</AwardAmount>
<AwardInstrument>
<Value>Standard Grant</Value>
</AwardInstrument>
<Organization>
<Code>06040200</Code>
<Directorate>
<Abbreviation>GEO</Abbreviation>
<LongName>Directorate For Geosciences</LongName>
</Directorate>
<Division>
<Abbreviation>OCE</Abbreviation>
<LongName>Division Of Ocean Sciences</LongName>
</Division>
</Organization>
<ProgramOfficer>
<SignBlockName>Daniel McCorkle</SignBlockName>
<PO_EMAI>dmccorkl@nsf.gov</PO_EMAI>
<PO_PHON>7032924543</PO_PHON>
</ProgramOfficer>
<AbstractNarration><![CDATA[About 20 million years ago, the Earth was much warmer than today and the Antarctic was nearly ice-free. However, a mysterious climatic transition happened around 14 million years ago and the Earth went through a series of cooling events since then. The persistent cooling over millions of years ultimately led to the emergence of the bi-polar icehouse climate of today. Scientists have long been puzzled about what processes could have caused the cooling. One idea is that the rise of the Himalayas mountains may have sped up erosion and increased the rate of chemical weathering, a process that draws down atmospheric carbon dioxide. Other scientists suggest that the cooling may have been caused by a slowdown in the supply of carbon dioxide from deep inside the earth. The idea is that the formation rate of oceanic crustal rocks decelerated about 14 million years ago. That would have caused a decrease in the release of carbon dioxide from the Earth's interior into the atmosphere. The decrease in the supply of that greenhouse gas then led to the decrease in global temperatures. This study will help address this cooling mystery by providing improved estimates of past global temperatures. Those estimates will come from analyses of organic molecules preserved in deep-sea sediments and from climate model simulations. The new global temperature reconstruction will help determine the relative contributions of mountain building and carbon dioxide release from the Earth's interior to changes in the carbon cycle. The study will provide a better picture of how tectonic processes on Earth, both on land and at the sea floor, influence long-term global climate. The project broader impacts include support for a postdoctoral researcher at both institutions, support for a graduate student and undergraduate researchers at Brown University, and support for K-12 focused outreach activity through an existing program at Brown University.&lt;br/&gt;&lt;br/&gt;Beginning in the Middle Miocene (~14 Ma), the Earth experienced sustained cooling of 10-12 degrees C that ended the generally warm climate that had prevailed since the Mesozoic. A major enigma about this Miocene climate transition is whether it is driven by reduced carbon dioxide degassing (source) or enhanced weathering removal (sink). Assuming a relatively constant seafloor spreading rate over time, previous studies suggest that the carbon dioxide drawdown (and the global cooling) was caused by enhanced chemical weathering. That could have been due to either the uplift of the Himalayas or the emergence of the tropical maritime continent, which exposed easily weathered volcanic material in one of the warmest, wettest areas of the world. Recent sea surface temperature reconstructions, however, reveal that the Middle Miocene was much warmer than previously thought, raising the puzzle of whether reduced weathering alone is sufficient to sustain the large warming; an enhanced carbon dioxide flux is probably required to balance the expected weathering sink of carbon dioxide under warm Middle Miocene conditions. This study is motivated by a challenge to the weathering hypothesis based on recent evidence of a ~30% reduction in global crustal production rate since 15 Ma. This project will generate new biomarker sea surface temperature estimates with global coverage for the Miocene, filling temporal and spatial gaps of current datasets. Along with proxy analysis, the study will also develop new Miocene climate simulations sampling a wide range of model physics and boundary conditions to reproduce the Miocene large-scale temperature and hydrological cycle. The model simulations will be used to probe source/sink configurations compatible with Miocene temperatures and mass balance in the carbon cycle. By synthesizing the model-data information, the project will develop an improved reconstruction of the Miocene climate which will ultimately allow for estimation of the relative contribution of different source-sink terms (i.e., the Himalayas, the maritime continent, and the carbon dioxide degassing associated with seafloor spreading) in driving the Miocene temperature and atmospheric carbon dioxide evolution.&lt;br/&gt;&lt;br/&gt;This award reflects NSF's statutory mission and has been deemed worthy of support through evaluation using the Foundation's intellectual merit and broader impacts review criteria.]]></AbstractNarration>
<MinAmdLetterDate>06/23/2022</MinAmdLetterDate>
<MaxAmdLetterDate>06/23/2022</MaxAmdLetterDate>
<ARRAAmount/>
<TRAN_TYPE>Grant</TRAN_TYPE>
<CFDA_NUM>47.050</CFDA_NUM>
<NSF_PAR_USE_FLAG>1</NSF_PAR_USE_FLAG>
<FUND_AGCY_CODE>4900</FUND_AGCY_CODE>
<AWDG_AGCY_CODE>4900</AWDG_AGCY_CODE>
<AwardID>2202777</AwardID>
<Investigator>
<FirstName>Jiang</FirstName>
<LastName>Zhu</LastName>
<PI_MID_INIT/>
<PI_SUFX_NAME/>
<PI_FULL_NAME>Jiang Zhu</PI_FULL_NAME>
<EmailAddress><![CDATA[jiangzhu@ucar.edu]]></EmailAddress>
<NSF_ID>000813306</NSF_ID>
<StartDate>06/23/2022</StartDate>
<EndDate/>
<RoleCode>Principal Investigator</RoleCode>
</Investigator>
<Institution>
<Name>University Corporation For Atmospheric Res</Name>
<CityName>BOULDER</CityName>
<ZipCode>803012252</ZipCode>
<PhoneNumber>3034971000</PhoneNumber>
<StreetAddress>3090 CENTER GREEN DR</StreetAddress>
<StreetAddress2/>
<CountryName>United States</CountryName>
<StateName>Colorado</StateName>
<StateCode>CO</StateCode>
<CONGRESSDISTRICT>02</CONGRESSDISTRICT>
<CONGRESS_DISTRICT_ORG>CO02</CONGRESS_DISTRICT_ORG>
<ORG_UEI_NUM>YEZEE8W5JKA3</ORG_UEI_NUM>
<ORG_LGL_BUS_NAME>UNIVERSITY CORPORATION FOR ATMOSPHERIC RESEARCH</ORG_LGL_BUS_NAME>
<ORG_PRNT_UEI_NUM>YEZEE8W5JKA3</ORG_PRNT_UEI_NUM>
</Institution>
<Performance_Institution>
<Name><![CDATA[National Center for Atmospheric Research]]></Name>
<CityName>Boulder</CityName>
<StateCode>CO</StateCode>
<ZipCode>803055602</ZipCode>
<StreetAddress><![CDATA[1850 Table Mesa Drive]]></StreetAddress>
<CountryCode>US</CountryCode>
<CountryName>United States</CountryName>
<StateName>Colorado</StateName>
<CountryFlag>1</CountryFlag>
<CONGRESSDISTRICT>02</CONGRESSDISTRICT>
<CONGRESS_DISTRICT_PERF>CO02</CONGRESS_DISTRICT_PERF>
</Performance_Institution>
<ProgramElement>
<Code>1577</Code>
<Text>GLOBAL CHANGE</Text>
</ProgramElement>
<ProgramElement>
<Code>1620</Code>
<Text>Marine Geology and Geophysics</Text>
</ProgramElement>
<ProgramReference>
<Code>1304</Code>
<Text>EARTH SYSTEM HISTORY</Text>
</ProgramReference>
<ProgramReference>
<Code>1389</Code>
<Text>CARBON CYCLE RESEARCH</Text>
</ProgramReference>
<ProgramReference>
<Code>1620</Code>
<Text>MARINE GEOLOGY AND GEOPHYSICS</Text>
</ProgramReference>
<ProgramReference>
<Code>4444</Code>
<Text>INTERDISCIPLINARY PROPOSALS</Text>
</ProgramReference>
<ProgramReference>
<Code>5720</Code>
<Text>OCEAN DRILLING PROGRAM</Text>
</ProgramReference>
<ProgramReference>
<Code>8070</Code>
<Text>P2C2 Proposals</Text>
</ProgramReference>
<ProgramReference>
<Code>9150</Code>
<Text>EXP PROG TO STIM COMP RES</Text>
</ProgramReference>
<Appropriation>
<Code/>
<Name/>
<APP_SYMB_ID/>
</Appropriation>
<Fund>
<Code>01002223DB</Code>
<Name><![CDATA[NSF RESEARCH & RELATED ACTIVIT]]></Name>
<FUND_SYMB_ID>040100</FUND_SYMB_ID>
</Fund>
<FUND_OBLG>2022~425904</FUND_OBLG>
</Award>
</rootTag>
