<?xml version="1.0" encoding="UTF-8"?>
<rootTag>
<Award>
<AwardTitle><![CDATA[Collaborative Research: P2C2--Extending Tree-Ring Based Reconstructions of Atlantic Gulf Basin Hydroclimate over the Common Era Using Old-Growth Sinker Wood]]></AwardTitle>
<AGENCY>NSF</AGENCY>
<AwardEffectiveDate>07/15/2022</AwardEffectiveDate>
<AwardExpirationDate>06/30/2025</AwardExpirationDate>
<AwardTotalIntnAmount>400335.00</AwardTotalIntnAmount>
<AwardAmount>400335</AwardAmount>
<AwardInstrument>
<Value>Standard Grant</Value>
</AwardInstrument>
<Organization>
<Code>06020100</Code>
<Directorate>
<Abbreviation>GEO</Abbreviation>
<LongName>Directorate For Geosciences</LongName>
</Directorate>
<Division>
<Abbreviation>AGS</Abbreviation>
<LongName>Div Atmospheric &amp; Geospace Sciences</LongName>
</Division>
</Organization>
<ProgramOfficer>
<SignBlockName>David Verardo</SignBlockName>
<PO_EMAI>dverardo@nsf.gov</PO_EMAI>
<PO_PHON>7032924695</PO_PHON>
</ProgramOfficer>
<AbstractNarration><![CDATA[The general goal of the research is to collect old-growth bald cypress and longleaf pine samples from trees that were cut in the late 19th and early 20th century to extend existing bald cypress tree-ring chronologies over the full Common Era.&lt;br/&gt;&lt;br/&gt;Baldcypress is one of the key tree species for tree-ring based climate reconstruction in the southeastern United States (U.S.), because of its longevity and its distinct sensitivity to spring and summer precipitation variability. Even though it has widespread applications in regional and continental-scale high-resolution paleoclimate research, the full spatiotemporal extent of its dendroclimatic potential is yet to be explored. The lack of remnant old-growth bald cypress stands with long-lived trees, in particular, contributes to the dearth of millennium-length chronologies in the Atlantic Gulf Basin (AGB). In the 19th and 20th century, old-growth forests, including bald cypress and longleaf pine stands, throughout the AGB were excessively exploited for the booming construction industry and few forests survived. During this commercial exploitation period, many logs were lost, stuck in river bends, in transport from the swamp harvest location to the mill sites. A century later, caches of such long-lived ‘sinker wood’ can be found on the bottoms of many AGB rivers and slips, forming the only reliable source of old-growth timber and a unique source for expanding the spatiotemporal reach of AGB dendrochronology.&lt;br/&gt;&lt;br/&gt;The researchers aim to use the extended chronologies to develop regional and seasonal AGB hydroclimate reconstructions that span the entire Common Era (1CE-present). On the interannual to decadal time scales best captured by bald cypress-based reconstructions, summer AGB hydroclimate variability is primarily influenced by Atlantic Multidecadal Variability (AMV). The resulting AGB hydroclimate reconstruction will build upon existing reconstructions of past AMV in three important ways: (a) temporal extension, (b) spatial extension, and (c) sub-seasonal resolution. Common Era-length reconstructions could improve the understanding of the regional expression of past periods of global-scale climate variability, specifically the Late Antique Little Ice Age (ca. 536-660 CE) and the Roman Climate Optimum (ca. 300 BCE -400 CE). Moreover, AGB reconstructions would provide important anchor points in the subtropics, a region typically underrepresented in terrestrial proxy networks. Furthermore, by developing independent earlywood and latewood width chronologies, the research team plans to reconstruct AGB hydroclimate variability at sub-seasonal resolution, which can help improve the understanding of the dynamical nature of large-scale ocean-atmosphere forcing of climate.&lt;br/&gt;&lt;br/&gt;The potential Broader Impacts include greater understanding of water resources in the southeastern United States, support for a post-doctoral researcher, a project-based undergraduate research experience course at the University of Arizona aimed at attracting under-represented students to scientific research, and outreach and field trips to the for local schools.&lt;br/&gt;&lt;br/&gt;This award reflects NSF's statutory mission and has been deemed worthy of support through evaluation using the Foundation's intellectual merit and broader impacts review criteria.]]></AbstractNarration>
<MinAmdLetterDate>06/01/2022</MinAmdLetterDate>
<MaxAmdLetterDate>06/01/2022</MaxAmdLetterDate>
<ARRAAmount/>
<TRAN_TYPE>Grant</TRAN_TYPE>
<CFDA_NUM>47.050</CFDA_NUM>
<NSF_PAR_USE_FLAG>1</NSF_PAR_USE_FLAG>
<FUND_AGCY_CODE>4900</FUND_AGCY_CODE>
<AWDG_AGCY_CODE>4900</AWDG_AGCY_CODE>
<AwardID>2202857</AwardID>
<Investigator>
<FirstName>Valerie</FirstName>
<LastName>Trouet</LastName>
<PI_MID_INIT/>
<PI_SUFX_NAME/>
<PI_FULL_NAME>Valerie Trouet</PI_FULL_NAME>
<EmailAddress><![CDATA[trouet@ltrr.arizona.edu]]></EmailAddress>
<NSF_ID>000601836</NSF_ID>
<StartDate>06/01/2022</StartDate>
<EndDate/>
<RoleCode>Principal Investigator</RoleCode>
</Investigator>
<Institution>
<Name>University of Arizona</Name>
<CityName>TUCSON</CityName>
<ZipCode>857194824</ZipCode>
<PhoneNumber>5206266000</PhoneNumber>
<StreetAddress>888 N EUCLID AVE RM 510</StreetAddress>
<StreetAddress2/>
<CountryName>United States</CountryName>
<StateName>Arizona</StateName>
<StateCode>AZ</StateCode>
<CONGRESSDISTRICT>03</CONGRESSDISTRICT>
<CONGRESS_DISTRICT_ORG>AZ03</CONGRESS_DISTRICT_ORG>
<ORG_UEI_NUM>ED44Y3W6P7B9</ORG_UEI_NUM>
<ORG_LGL_BUS_NAME>UNIVERSITY OF ARIZONA</ORG_LGL_BUS_NAME>
<ORG_PRNT_UEI_NUM>RC5JBKFSQPM6</ORG_PRNT_UEI_NUM>
</Institution>
<Performance_Institution>
<Name><![CDATA[University of Arizona]]></Name>
<CityName>Tucson</CityName>
<StateCode>AZ</StateCode>
<ZipCode>857210400</ZipCode>
<StreetAddress><![CDATA[1215 E Lowell Street]]></StreetAddress>
<CountryCode>US</CountryCode>
<CountryName>United States</CountryName>
<StateName>Arizona</StateName>
<CountryFlag>1</CountryFlag>
<CONGRESSDISTRICT>03</CONGRESSDISTRICT>
<CONGRESS_DISTRICT_PERF>AZ03</CONGRESS_DISTRICT_PERF>
</Performance_Institution>
<ProgramElement>
<Code>1530</Code>
<Text>Paleoclimate</Text>
</ProgramElement>
<ProgramReference>
<Code>7754</Code>
<Text>CLIMATE VARIABILITY &amp; CHANGE</Text>
</ProgramReference>
<ProgramReference>
<Code>8070</Code>
<Text>P2C2 Proposals</Text>
</ProgramReference>
<FUND_OBLG>2022~400335</FUND_OBLG>
</Award>
</rootTag>
