<?xml version="1.0" encoding="UTF-8"?>
<rootTag>
<Award>
<AwardTitle><![CDATA[Expanding Pathways and Support for Transportation Technology Education and Careers at an Urban Minority Serving Institution]]></AwardTitle>
<AGENCY>NSF</AGENCY>
<AwardEffectiveDate>07/01/2022</AwardEffectiveDate>
<AwardExpirationDate>06/30/2025</AwardExpirationDate>
<AwardTotalIntnAmount>546538.00</AwardTotalIntnAmount>
<AwardAmount>546538</AwardAmount>
<AwardInstrument>
<Value>Standard Grant</Value>
</AwardInstrument>
<Organization>
<Code>11040100</Code>
<Directorate>
<Abbreviation>EHR</Abbreviation>
<LongName>Direct For Education and Human Resources</LongName>
</Directorate>
<Division>
<Abbreviation>DUE</Abbreviation>
<LongName>Division Of Undergraduate Education</LongName>
</Division>
</Organization>
<ProgramOfficer>
<SignBlockName>Jill Nelson</SignBlockName>
<PO_EMAI>jnelson@nsf.gov</PO_EMAI>
<PO_PHON>7032924359</PO_PHON>
</ProgramOfficer>
<AbstractNarration><![CDATA[This Community College of Philadelphia ATE project will redesign outreach and recruitment strategies to attract, recruit and enroll more female students in the Transportation Technologies (T-Tech) programs. This will create a “Learn and Earn” approach to successfully close the gender gap for women in technology and train and place more technicians into sustainable employment. As a designated Minority Serving Institution and Predominantly Black Institution where the majority of students are low-income; this project focuses on supporting the completion of short-term training and work-based learning experiences where students can earn higher wages and advance within their chosen career path while still enrolled in school. This project has the potential to broaden the participation of underrepresented groups in STEM majors and STEM fields while encouraging more women to choose career paths that provide higher wages and growth potential. &lt;br/&gt;&lt;br/&gt;This project will advance knowledge and understanding within T-Tech education and technical STEM education through an integrated approach that synergistically addresses industry and student needs. Program design accesses both college and industry resources and expertise to provide a program for students that effectively supports them from enrollment through completion and transition to sustainable jobs in the workforce, meeting industry needs for entry-level and advanced technicians. This ATE project is designed to broaden the participation of women in the T-Tech program and support all enrolled students both academically and professionally as they complete the program. In partnership with the National Institute for Women in Trades, Technology &amp; Science (IWITTS), the Community College of Philadelphia will engage more female students in T-Tech and create recruitment, retention, and job placement plans that can be replicated and scaled to improve overall student success in STEM. This project is funded by the Advanced Technological Education program that focuses on the education of technicians for the advanced-technology fields that drive the Nation's economy.&lt;br/&gt;&lt;br/&gt;This award reflects NSF's statutory mission and has been deemed worthy of support through evaluation using the Foundation's intellectual merit and broader impacts review criteria.]]></AbstractNarration>
<MinAmdLetterDate>06/16/2022</MinAmdLetterDate>
<MaxAmdLetterDate>06/16/2022</MaxAmdLetterDate>
<ARRAAmount/>
<TRAN_TYPE>Grant</TRAN_TYPE>
<CFDA_NUM>47.076</CFDA_NUM>
<NSF_PAR_USE_FLAG>1</NSF_PAR_USE_FLAG>
<FUND_AGCY_CODE>4900</FUND_AGCY_CODE>
<AWDG_AGCY_CODE>4900</AWDG_AGCY_CODE>
<AwardID>2202008</AwardID>
<Investigator>
<FirstName>Richard</FirstName>
<LastName>Saxton</LastName>
<PI_MID_INIT/>
<PI_SUFX_NAME/>
<PI_FULL_NAME>Richard Saxton</PI_FULL_NAME>
<EmailAddress><![CDATA[rsaxton@ccp.edu]]></EmailAddress>
<NSF_ID>000705845</NSF_ID>
<StartDate>06/16/2022</StartDate>
<EndDate/>
<RoleCode>Principal Investigator</RoleCode>
</Investigator>
<Investigator>
<FirstName>Pam</FirstName>
<LastName>Carter</LastName>
<PI_MID_INIT/>
<PI_SUFX_NAME/>
<PI_FULL_NAME>Pam Carter</PI_FULL_NAME>
<EmailAddress><![CDATA[pcarter@ccp.edu]]></EmailAddress>
<NSF_ID>000866331</NSF_ID>
<StartDate>06/16/2022</StartDate>
<EndDate/>
<RoleCode>Co-Principal Investigator</RoleCode>
</Investigator>
<Institution>
<Name>Community College of Philadelphia</Name>
<CityName>PHILADELPHIA</CityName>
<ZipCode>191303936</ZipCode>
<PhoneNumber>2157518010</PhoneNumber>
<StreetAddress>1700 SPRING GARDEN ST</StreetAddress>
<StreetAddress2/>
<CountryName>United States</CountryName>
<StateName>Pennsylvania</StateName>
<StateCode>PA</StateCode>
<CONGRESSDISTRICT>03</CONGRESSDISTRICT>
<CONGRESS_DISTRICT_ORG>PA03</CONGRESS_DISTRICT_ORG>
<ORG_UEI_NUM>YSEBLJRJ6R66</ORG_UEI_NUM>
<ORG_LGL_BUS_NAME>COMMUNITY COLLEGE OF PHILADELPHIA</ORG_LGL_BUS_NAME>
<ORG_PRNT_UEI_NUM>YSEBLJRJ6R66</ORG_PRNT_UEI_NUM>
</Institution>
<Performance_Institution>
<Name><![CDATA[Community College of Philadelphia]]></Name>
<CityName>Philadelphia</CityName>
<StateCode>PA</StateCode>
<ZipCode>191303936</ZipCode>
<StreetAddress><![CDATA[1700 Spring Garden Street]]></StreetAddress>
<CountryCode>US</CountryCode>
<CountryName>United States</CountryName>
<StateName>Pennsylvania</StateName>
<CountryFlag>1</CountryFlag>
<CONGRESSDISTRICT>03</CONGRESSDISTRICT>
<CONGRESS_DISTRICT_PERF>PA03</CONGRESS_DISTRICT_PERF>
</Performance_Institution>
<ProgramElement>
<Code>7412</Code>
<Text>Advanced Tech Education Prog</Text>
</ProgramElement>
<ProgramReference>
<Code>1032</Code>
<Text>ADVANCED TECHNOLOGY EDUCATION</Text>
</ProgramReference>
<ProgramReference>
<Code>9178</Code>
<Text>UNDERGRADUATE EDUCATION</Text>
</ProgramReference>
<ProgramReference>
<Code>SMET</Code>
<Text>SCIENCE, MATH, ENG &amp; TECH EDUCATION</Text>
</ProgramReference>
<FUND_OBLG>2022~546538</FUND_OBLG>
</Award>
</rootTag>
