<?xml version="1.0" encoding="UTF-8"?>
<rootTag>
<Award>
<AwardTitle>Collaborative Research: Single Photon Emission in Lanthanide-Doped 2D Materials &amp; Devices</AwardTitle>
<AGENCY>NSF</AGENCY>
<AwardEffectiveDate>06/15/2022</AwardEffectiveDate>
<AwardExpirationDate>05/31/2025</AwardExpirationDate>
<AwardTotalIntnAmount>196201.00</AwardTotalIntnAmount>
<AwardAmount>196201</AwardAmount>
<AwardInstrument>
<Value>Standard Grant</Value>
</AwardInstrument>
<Organization>
<Code>07010000</Code>
<Directorate>
<Abbreviation>ENG</Abbreviation>
<LongName>Directorate For Engineering</LongName>
</Directorate>
<Division>
<Abbreviation>ECCS</Abbreviation>
<LongName>Div Of Electrical, Commun &amp; Cyber Sys</LongName>
</Division>
</Organization>
<ProgramOfficer>
<SignBlockName>Dominique Dagenais</SignBlockName>
<PO_EMAI>ddagenai@nsf.gov</PO_EMAI>
<PO_PHON>7032922980</PO_PHON>
</ProgramOfficer>
<AbstractNarration>Technologies are being developed at a much greater pace than ever using the quantum properties of materials. These peculiar behaviors, which for many decades were just an intellectual curiosity, are now set to transform the technologies we use in our daily lives. At the forefront of this is the development of light sources that can produce individual photons “on demand”, known as single-photon emitters (SPE). Rare-earth elements, such as cerium and erbium, embedded into two-dimensional (2D) semiconductors, such as molybdenum disulfide (MoS2), could enable a quantum optical platform that matches the requirements for direct insertion into traditional optical communication infrastructure. Therefore, the principal investigators will evaluate the impact of incorporating rare-earth elements into 2D semiconductors and explore how to tune their properties for controllable light generation. Beyond the scientific impact, this collaborative project will provide interdisciplinary research training for female and underrepresented minority graduate students, which directly impacts the need to broaden participation in STEM programs. Finally, this program will enable them to participate in a range of outreach activities that connect their research and training to the educational mission of the Universities.&lt;br/&gt;&lt;br/&gt;Technical Description. Quantum communication technologies are advancing at a continually increasing pace and are now set to transform the technologies we use in our daily lives. A key building block for this advancement is the single-photon emitter (SPE). Solid-state SPEs based on point defects, especially those with energies that match telecommunication requirements (i.e., near infrared (NIR): 1320-1550 nm), could dramatically change how we connect to one another in the future. The utilization of lanthanide (Ln) (rare-earth) elements as SPEs could enable a quantum optical platform that matches the requirements for direct insertion into traditional optical communication infrastructure. The principal investigators will employ a closely coupled combination of experimental methods to understand light emission from Ln-doped 2D semiconductor structures. They will evaluate the impact of 2D/substrate interface properties, element choice, and compound transformation processes on the 2D photonic and electronic properties through a series of interlocking objectives that include controlled doping of Ln elements in semiconducting 2D materials and correlating this with atomic-scale structural defects, semiconductor band structure, optical emission, and charge transport properties. Ultimately, the project aims to demonstrate electrically driven SPE devices based on Ln-doped 2D layer p/n homojunctions and benchmark optoelectronic performance. The success of this work will establish an understanding of the physical phenomena that enables controlled optical emission in 2D layers in the NIR, laying the groundwork for engineered 2D photonic crystals that are compatible with current semiconductor fabrication and optical communication technologies.&lt;br/&gt;&lt;br/&gt;This award reflects NSF's statutory mission and has been deemed worthy of support through evaluation using the Foundation's intellectual merit and broader impacts review criteria.</AbstractNarration>
<MinAmdLetterDate>04/22/2022</MinAmdLetterDate>
<MaxAmdLetterDate>04/22/2022</MaxAmdLetterDate>
<ARRAAmount/>
<TRAN_TYPE>Grant</TRAN_TYPE>
<CFDA_NUM>47.041</CFDA_NUM>
<NSF_PAR_USE_FLAG>1</NSF_PAR_USE_FLAG>
<FUND_AGCY_CODE>4900</FUND_AGCY_CODE>
<AWDG_AGCY_CODE>4900</AWDG_AGCY_CODE>
<AwardID>2202278</AwardID>
<Investigator>
<FirstName>Anton</FirstName>
<LastName>Malko</LastName>
<PI_MID_INIT/>
<PI_SUFX_NAME/>
<PI_FULL_NAME>Anton Malko</PI_FULL_NAME>
<EmailAddress>anton.malko@utdallas.edu</EmailAddress>
<PI_PHON>9728832313</PI_PHON>
<NSF_ID>000515853</NSF_ID>
<StartDate>04/22/2022</StartDate>
<EndDate/>
<RoleCode>Principal Investigator</RoleCode>
</Investigator>
<Institution>
<Name>University of Texas at Dallas</Name>
<CityName>RICHARDSON</CityName>
<ZipCode>750801407</ZipCode>
<PhoneNumber>9728832313</PhoneNumber>
<StreetAddress>800 W CAMPBELL RD</StreetAddress>
<StreetAddress2/>
<CountryName>United States</CountryName>
<StateName>Texas</StateName>
<StateCode>TX</StateCode>
<CONGRESSDISTRICT>03</CONGRESSDISTRICT>
<CONGRESS_DISTRICT_ORG>TX03</CONGRESS_DISTRICT_ORG>
<ORG_UEI_NUM>EJCVPNN1WFS5</ORG_UEI_NUM>
<ORG_LGL_BUS_NAME>UNIVERSITY OF TEXAS AT DALLAS</ORG_LGL_BUS_NAME>
<ORG_PRNT_UEI_NUM>X5NKD2NFF2V3</ORG_PRNT_UEI_NUM>
</Institution>
<Performance_Institution>
<Name><![CDATA[The University of Texas at Dallas]]></Name>
<CityName>Richardson</CityName>
<StateCode>TX</StateCode>
<ZipCode>750803021</ZipCode>
<StreetAddress><![CDATA[800 W. Campbell Rd.]]></StreetAddress>
<CountryCode>US</CountryCode>
<CountryName>United States</CountryName>
<StateName>Texas</StateName>
<CountryFlag>1</CountryFlag>
<CONGRESSDISTRICT>32</CONGRESSDISTRICT>
<CONGRESS_DISTRICT_PERF>TX32</CONGRESS_DISTRICT_PERF>
</Performance_Institution>
<ProgramElement>
<Code>1517</Code>
<Text>EPMD-ElectrnPhoton&amp;MagnDevices</Text>
</ProgramElement>
<ProgramReference>
<Code>091E</Code>
<Text>Light generation &amp; detection</Text>
</ProgramReference>
<ProgramReference>
<Code>094E</Code>
<Text>Optoelectronic devices</Text>
</ProgramReference>
<ProgramReference>
<Code>7203</Code>
<Text>QUANTUM INFORMATION SCIENCE</Text>
</ProgramReference>
<FUND_OBLG>2022~196201</FUND_OBLG>
</Award>
</rootTag>
