<?xml version="1.0" encoding="UTF-8"?>
<rootTag>
<Award>
<AwardTitle>Expanding the Cell Science and Immunological Testing Workforce by Developing a Diverse and Inclusive Credentialed Biotechnology Program</AwardTitle>
<AGENCY>NSF</AGENCY>
<AwardEffectiveDate>07/01/2022</AwardEffectiveDate>
<AwardExpirationDate>06/30/2025</AwardExpirationDate>
<AwardTotalIntnAmount>348925.00</AwardTotalIntnAmount>
<AwardAmount>348925</AwardAmount>
<AwardInstrument>
<Value>Standard Grant</Value>
</AwardInstrument>
<Organization>
<Code>11040100</Code>
<Directorate>
<Abbreviation>EHR</Abbreviation>
<LongName>Direct For Education and Human Resources</LongName>
</Directorate>
<Division>
<Abbreviation>DUE</Abbreviation>
<LongName>Division Of Undergraduate Education</LongName>
</Division>
</Organization>
<ProgramOfficer>
<SignBlockName>Michael Davis</SignBlockName>
<PO_EMAI>mdavis@nsf.gov</PO_EMAI>
<PO_PHON>7032927166</PO_PHON>
</ProgramOfficer>
<AbstractNarration>The life sciences/biotechnology sector has continued to remain resilient during the COVID-19 pandemic, with the Los Angeles region generating $60.8 billion in economic activity in 2020 and hosting more than 1,000 life science innovation companies. It is projected that 16,000 regional technical jobs will be added to this rapidly growing sector within the next three years. The acceleration of the widening supply-and-demand gap, along with the growing awareness that community colleges produce competitive and highly skilled technicians, emphasizes the necessity to develop projects that focus on life sciences/biotechnology technician education to prepare students to become the next generation of highly skilled workers in this dynamic sector. Therefore, this project focusing on Cell Science and Immunological Testing will recruit and train 30 students from diverse and traditionally untapped pools of talent, including system impacted and justice involved students, resulting in 30 industry internship matches and award up to 60 certificates that are part of a career education pathway consisting of two stackable certificates. The project will align academic offerings with industry needs based on the input from an advisory council. Students will be trained in a curriculum that focuses on essential knowledge, state-of-the-art technical skills, and industry-required soft skills. Students will also receive an introduction to nanobiotechnology concepts and their applications in the cell science/gene therapy and immunological testing industries.&lt;br/&gt;&lt;br/&gt;In this project, Santa Monica College (SMC) will: 1) produce two stackable certificates that will enable students to successfully enter the rapidly growing life sciences/biotechnology industries in the greater Los Angeles region, 2) expand outreach, recruitment, and retention efforts to students from traditionally untapped pools of talent and communities, and 3) grow a diverse and talented workforce while reducing the training, mentorship, and employment equity gaps often associated with the life science/biotechnology industry. Students benefiting from this project will complete 22 units (5 courses) to earn their first stackable certificate and can opt to complete 15 additional units (4 courses) to obtain a second certificate. Regardless of their academic pathway, all participating students will receive an industry appointed mentor and complete an internship. The scope of this project also aims to inform 40 SMC students from special counseling programs, 150 pre-college educators, and four full-time SMC career and academic counselors about the biotechnology industry through planned outreach activities. Finally, mobile biotechnology exploration days will provide 210 pre-college students who are justice-involved or from low-income communities with hands-on activities, information about this project, and employment opportunities available to them in the life sciences/biotechnology sector. The results generated from this project will be disseminated through regional and national conferences, NSF ATE Center platforms, and the California Community College network. This project is funded by the Advanced Technological Education program that focuses on the education of technicians for the advanced-technology fields that drive the Nation's economy.&lt;br/&gt;&lt;br/&gt;This award reflects NSF's statutory mission and has been deemed worthy of support through evaluation using the Foundation's intellectual merit and broader impacts review criteria.</AbstractNarration>
<MinAmdLetterDate>03/21/2022</MinAmdLetterDate>
<MaxAmdLetterDate>03/21/2022</MaxAmdLetterDate>
<ARRAAmount/>
<TRAN_TYPE>Grant</TRAN_TYPE>
<CFDA_NUM>47.076</CFDA_NUM>
<NSF_PAR_USE_FLAG>1</NSF_PAR_USE_FLAG>
<FUND_AGCY_CODE>4900</FUND_AGCY_CODE>
<AWDG_AGCY_CODE>4900</AWDG_AGCY_CODE>
<AwardID>2202150</AwardID>
<Investigator>
<FirstName>Thomas</FirstName>
<LastName>Chen</LastName>
<PI_MID_INIT/>
<PI_SUFX_NAME/>
<PI_FULL_NAME>Thomas Chen</PI_FULL_NAME>
<EmailAddress>chen_thomas@smc.edu</EmailAddress>
<PI_PHON>3104343515</PI_PHON>
<NSF_ID>000265396</NSF_ID>
<StartDate>03/21/2022</StartDate>
<EndDate/>
<RoleCode>Co-Principal Investigator</RoleCode>
</Investigator>
<Investigator>
<FirstName>Andria</FirstName>
<LastName>Denmon</LastName>
<PI_MID_INIT>P</PI_MID_INIT>
<PI_SUFX_NAME/>
<PI_FULL_NAME>Andria P Denmon</PI_FULL_NAME>
<EmailAddress>denmon_andria@smc.edu</EmailAddress>
<PI_PHON>3104344917</PI_PHON>
<NSF_ID>000856157</NSF_ID>
<StartDate>03/21/2022</StartDate>
<EndDate/>
<RoleCode>Principal Investigator</RoleCode>
</Investigator>
<Institution>
<Name>Santa Monica College</Name>
<CityName>SANTA MONICA</CityName>
<ZipCode>904051644</ZipCode>
<PhoneNumber>3104344616</PhoneNumber>
<StreetAddress>1900 PICO BLVD</StreetAddress>
<StreetAddress2/>
<CountryName>United States</CountryName>
<StateName>California</StateName>
<StateCode>CA</StateCode>
<CONGRESSDISTRICT>33</CONGRESSDISTRICT>
<CONGRESS_DISTRICT_ORG>CA33</CONGRESS_DISTRICT_ORG>
<ORG_UEI_NUM>R6K7H1TA34V8</ORG_UEI_NUM>
<ORG_LGL_BUS_NAME>SANTA MONICA COMMUNITY COLLEGE DISTRICT</ORG_LGL_BUS_NAME>
<ORG_PRNT_UEI_NUM/>
</Institution>
<Performance_Institution>
<Name><![CDATA[Santa Monica College]]></Name>
<CityName>Santa Monica</CityName>
<StateCode>CA</StateCode>
<ZipCode>904051628</ZipCode>
<StreetAddress><![CDATA[1900 Pico Boulevard]]></StreetAddress>
<CountryCode>US</CountryCode>
<CountryName>United States</CountryName>
<StateName>California</StateName>
<CountryFlag>1</CountryFlag>
<CONGRESSDISTRICT>33</CONGRESSDISTRICT>
<CONGRESS_DISTRICT_PERF>CA33</CONGRESS_DISTRICT_PERF>
</Performance_Institution>
<ProgramElement>
<Code>7412</Code>
<Text>Advanced Tech Education Prog</Text>
</ProgramElement>
<ProgramReference>
<Code>1032</Code>
<Text>ADVANCED TECHNOLOGY EDUCATION</Text>
</ProgramReference>
<ProgramReference>
<Code>9178</Code>
<Text>UNDERGRADUATE EDUCATION</Text>
</ProgramReference>
<ProgramReference>
<Code>SMET</Code>
<Text>SCIENCE, MATH, ENG &amp; TECH EDUCATION</Text>
</ProgramReference>
<FUND_OBLG>2022~348925</FUND_OBLG>
</Award>
</rootTag>
