<?xml version="1.0" encoding="UTF-8"?>
<rootTag>
<Award>
<AwardTitle><![CDATA[Building Efficiency for a sustainable Tomorrow (BEST) Center]]></AwardTitle>
<AGENCY>NSF</AGENCY>
<AwardEffectiveDate>10/01/2022</AwardEffectiveDate>
<AwardExpirationDate>09/30/2025</AwardExpirationDate>
<AwardTotalIntnAmount>1650000.00</AwardTotalIntnAmount>
<AwardAmount>1650000</AwardAmount>
<AwardInstrument>
<Value>Standard Grant</Value>
</AwardInstrument>
<Organization>
<Code>11040100</Code>
<Directorate>
<Abbreviation>EHR</Abbreviation>
<LongName>Direct For Education and Human Resources</LongName>
</Directorate>
<Division>
<Abbreviation>DUE</Abbreviation>
<LongName>Division Of Undergraduate Education</LongName>
</Division>
</Organization>
<ProgramOfficer>
<SignBlockName>Virginia Carter</SignBlockName>
<PO_EMAI>vccarter@nsf.gov</PO_EMAI>
<PO_PHON>7032924651</PO_PHON>
</ProgramOfficer>
<AbstractNarration><![CDATA[Commercial buildings are a predominant feature of U.S. cities. Such buildings form the physical infra-structure for people working in many economic sectors. The technicians who operate these buildings are largely invisible to building occupants, occasionally seen responding to a complaint about room temperature or repairing equipment. Climate change, the COVID-19 pandemic, and new digital technologies are creating a new dynamic for the work of building technicians, increasing the importance of their role, expanding the knowledge and skills required of them, and raising expectations about the quality of their work. Today’s building technicians must be prepared to manage the complex building automation, data analytics, and energy management systems of the high-performance “sustainable” buildings of the future. This project will support the BEST Center transitioning to a Resource Center to continue to serve the community for the collection, dissemination, and adoption of programs, courses, lab applications, and innovative instructional methods for the advanced technological education of building systems technicians. &lt;br/&gt;&lt;br/&gt;The BEST Resource Center will support the development of building technician education programs at community and technical colleges nationwide, engage industry to support this effort, and strengthen the national STEM pipeline. The Center will have 3 goals: 1) Transform the instructional capacity of community colleges in the field of building technician education, with an emphasis on High Performance Building Operations Technical-Professional (HPBOT-P) and Building Automation Specialist (BAS) curriculum alignment and certification; 2) Engage industry stakeholders and research partners in a national collaboration with community colleges to support high-quality building science instructional programs; and 3) Strengthen the national STEM pipeline for building technicians through outreach to high school students, women, and populations traditionally underrepresented in building science. This project is funded by the Advanced Technological Education program that focuses on the education of technicians for the advanced-technology fields that drive the Nation's economy.&lt;br/&gt;&lt;br/&gt;This award reflects NSF's statutory mission and has been deemed worthy of support through evaluation using the Foundation's intellectual merit and broader impacts review criteria.]]></AbstractNarration>
<MinAmdLetterDate>04/13/2022</MinAmdLetterDate>
<MaxAmdLetterDate>04/13/2022</MaxAmdLetterDate>
<ARRAAmount/>
<TRAN_TYPE>Grant</TRAN_TYPE>
<CFDA_NUM>47.076</CFDA_NUM>
<NSF_PAR_USE_FLAG>1</NSF_PAR_USE_FLAG>
<FUND_AGCY_CODE>4900</FUND_AGCY_CODE>
<AWDG_AGCY_CODE>4900</AWDG_AGCY_CODE>
<AwardID>2202180</AwardID>
<Investigator>
<FirstName>Peter</FirstName>
<LastName>Crabtree</LastName>
<PI_MID_INIT>L</PI_MID_INIT>
<PI_SUFX_NAME/>
<PI_FULL_NAME>Peter L Crabtree</PI_FULL_NAME>
<EmailAddress><![CDATA[plcrabtree@berkeley.edu]]></EmailAddress>
<NSF_ID>000444397</NSF_ID>
<StartDate>04/13/2022</StartDate>
<EndDate/>
<RoleCode>Principal Investigator</RoleCode>
</Investigator>
<Investigator>
<FirstName>Mary Ann</FirstName>
<LastName>Piette</LastName>
<PI_MID_INIT/>
<PI_SUFX_NAME/>
<PI_FULL_NAME>Mary Ann Piette</PI_FULL_NAME>
<EmailAddress><![CDATA[mapiette@lbl.gov]]></EmailAddress>
<NSF_ID>000604395</NSF_ID>
<StartDate>04/13/2022</StartDate>
<EndDate/>
<RoleCode>Co-Principal Investigator</RoleCode>
</Investigator>
<Investigator>
<FirstName>Theodore</FirstName>
<LastName>Wilinski</LastName>
<PI_MID_INIT/>
<PI_SUFX_NAME/>
<PI_FULL_NAME>Theodore Wilinski</PI_FULL_NAME>
<EmailAddress><![CDATA[wilinskt@matc.edu]]></EmailAddress>
<NSF_ID>000699208</NSF_ID>
<StartDate>04/13/2022</StartDate>
<EndDate/>
<RoleCode>Co-Principal Investigator</RoleCode>
</Investigator>
<Investigator>
<FirstName>Robert</FirstName>
<LastName>Nirenberg</LastName>
<PI_MID_INIT/>
<PI_SUFX_NAME/>
<PI_FULL_NAME>Robert Nirenberg</PI_FULL_NAME>
<EmailAddress><![CDATA[rtnirenberg@mccneb.edu]]></EmailAddress>
<NSF_ID>000858323</NSF_ID>
<StartDate>04/13/2022</StartDate>
<EndDate/>
<RoleCode>Co-Principal Investigator</RoleCode>
</Investigator>
<Institution>
<Name>University of California-Berkeley</Name>
<CityName>BERKELEY</CityName>
<ZipCode>947101749</ZipCode>
<PhoneNumber>5106433891</PhoneNumber>
<StreetAddress>1608 4TH ST STE 201</StreetAddress>
<StreetAddress2/>
<CountryName>United States</CountryName>
<StateName>California</StateName>
<StateCode>CA</StateCode>
<CONGRESSDISTRICT>13</CONGRESSDISTRICT>
<CONGRESS_DISTRICT_ORG>CA13</CONGRESS_DISTRICT_ORG>
<ORG_UEI_NUM>GS3YEVSS12N6</ORG_UEI_NUM>
<ORG_LGL_BUS_NAME>REGENTS OF THE UNIVERSITY OF CALIFORNIA, THE</ORG_LGL_BUS_NAME>
<ORG_PRNT_UEI_NUM>NUDGYLBB4S99</ORG_PRNT_UEI_NUM>
</Institution>
<Performance_Institution>
<Name><![CDATA[University of California-Berkeley]]></Name>
<CityName>Berkeley</CityName>
<StateCode>CA</StateCode>
<ZipCode>947101749</ZipCode>
<StreetAddress><![CDATA[1608 Fourth Street, Suite 220]]></StreetAddress>
<CountryCode>US</CountryCode>
<CountryName>United States</CountryName>
<StateName>California</StateName>
<CountryFlag>1</CountryFlag>
<CONGRESSDISTRICT>13</CONGRESSDISTRICT>
<CONGRESS_DISTRICT_PERF>CA13</CONGRESS_DISTRICT_PERF>
</Performance_Institution>
<ProgramElement>
<Code>7412</Code>
<Text>Advanced Tech Education Prog</Text>
</ProgramElement>
<ProgramReference>
<Code>1032</Code>
<Text>ADVANCED TECHNOLOGY EDUCATION</Text>
</ProgramReference>
<ProgramReference>
<Code>9178</Code>
<Text>UNDERGRADUATE EDUCATION</Text>
</ProgramReference>
<ProgramReference>
<Code>SMET</Code>
<Text>SCIENCE, MATH, ENG &amp; TECH EDUCATION</Text>
</ProgramReference>
<FUND_OBLG>2022~1650000</FUND_OBLG>
</Award>
</rootTag>
