<?xml version="1.0" encoding="UTF-8"?>
<rootTag>
<Award>
<AwardTitle>Advancing Precision Agriculture in the Urban Environment</AwardTitle>
<AGENCY>NSF</AGENCY>
<AwardEffectiveDate>07/01/2022</AwardEffectiveDate>
<AwardExpirationDate>06/30/2025</AwardExpirationDate>
<AwardTotalIntnAmount>545016.00</AwardTotalIntnAmount>
<AwardAmount>545016</AwardAmount>
<AwardInstrument>
<Value>Standard Grant</Value>
</AwardInstrument>
<Organization>
<Code>11040100</Code>
<Directorate>
<Abbreviation>EHR</Abbreviation>
<LongName>Direct For Education and Human Resources</LongName>
</Directorate>
<Division>
<Abbreviation>DUE</Abbreviation>
<LongName>Division Of Undergraduate Education</LongName>
</Division>
</Organization>
<ProgramOfficer>
<SignBlockName>Kalyn Owens</SignBlockName>
<PO_EMAI>kowens@nsf.gov</PO_EMAI>
<PO_PHON>7032924615</PO_PHON>
</ProgramOfficer>
<AbstractNarration>The agriculture industry has seen rapid advances through the development and application of precision agriculture techniques. Horticulture-based jobs are now utilizing these advances such as drones, water-sensing technology, and automated weeding systems. Combining precision agriculture with horticulture in the emerging field of urban agriculture is therefore an expanding filed that needs a skilled workforce. This is particularly true in Nebraska, where one in four jobs is connected to agriculture and many are found in an urban and/or horticulture setting.  This project unites the fields of precision agriculture and horticulture to create a technical education program at a two-year college that provides a pathway to urban agriculture careers. Over its 3-year duration, current programming will be expanded to provide micro-credentialed courses related to urban agriculture technology, summer workshops for high school agriculture educators, and continuing education workshops for incumbent workers. These new resources will improve existing high-quality training to enrich student interest and skills in horticulture technology and enhance career pathways for incumbent workers.  &lt;br/&gt;&lt;br/&gt;The following objectives will guide the project: 1) partner with local high schools to introduce students to career options and to provide active learning opportunities using horticulture concepts and precision technologies, 2) design and implement a series of six workshops for agriculture educators to enhance their ability to teach relevant courses in horticulture, precision technology, and urban agriculture, and 3) provide a series of five continuing education workshops for incumbent workers. This program will strengthen partnerships with area high schools and build new relationships within the horticulture and urban agriculture industries. In secondary schools, teachers will be invited to be true colleagues, by co-creating educational pathways that excite, encourage, and prepare students to consider careers in urban agriculture. A three-course modularized curriculum will be developed that can be used to supplement agriculture education courses in local high schools, and in some cases, will result in dual credit for high school students. Overall, the new curriculum will impact students and teachers at five pilot high schools and incumbent workers from around the state. Results of the project and the curriculum will be made available to other community colleges, the community of educators in agriculture education and the broader technician education community. This project is funded by the Advanced Technological Education program that focuses on the education of technicians for the advanced-technology fields that drive the Nation’s economy.&lt;br/&gt;&lt;br/&gt;This award reflects NSF's statutory mission and has been deemed worthy of support through evaluation using the Foundation's intellectual merit and broader impacts review criteria.</AbstractNarration>
<MinAmdLetterDate>03/21/2022</MinAmdLetterDate>
<MaxAmdLetterDate>03/21/2022</MaxAmdLetterDate>
<ARRAAmount/>
<TRAN_TYPE>Grant</TRAN_TYPE>
<CFDA_NUM>47.076</CFDA_NUM>
<NSF_PAR_USE_FLAG>1</NSF_PAR_USE_FLAG>
<FUND_AGCY_CODE>4900</FUND_AGCY_CODE>
<AWDG_AGCY_CODE>4900</AWDG_AGCY_CODE>
<AwardID>2202151</AwardID>
<Investigator>
<FirstName>Brandon</FirstName>
<LastName>Keller</LastName>
<PI_MID_INIT/>
<PI_SUFX_NAME/>
<PI_FULL_NAME>Brandon Keller</PI_FULL_NAME>
<EmailAddress>brandonk@northeast.edu</EmailAddress>
<PI_PHON>4028447185</PI_PHON>
<NSF_ID>000779780</NSF_ID>
<StartDate>03/21/2022</StartDate>
<EndDate/>
<RoleCode>Co-Principal Investigator</RoleCode>
</Investigator>
<Investigator>
<FirstName>Trentee</FirstName>
<LastName>Bush</LastName>
<PI_MID_INIT/>
<PI_SUFX_NAME/>
<PI_FULL_NAME>Trentee Bush</PI_FULL_NAME>
<EmailAddress>trentee@northeast.edu</EmailAddress>
<PI_PHON>4028447388</PI_PHON>
<NSF_ID>000809719</NSF_ID>
<StartDate>03/21/2022</StartDate>
<EndDate/>
<RoleCode>Principal Investigator</RoleCode>
</Investigator>
<Investigator>
<FirstName>Brian</FirstName>
<LastName>Anderson</LastName>
<PI_MID_INIT>D</PI_MID_INIT>
<PI_SUFX_NAME/>
<PI_FULL_NAME>Brian D Anderson</PI_FULL_NAME>
<EmailAddress>briana@northeast.edu</EmailAddress>
<PI_PHON>4028447359</PI_PHON>
<NSF_ID>000866790</NSF_ID>
<StartDate>03/21/2022</StartDate>
<EndDate/>
<RoleCode>Co-Principal Investigator</RoleCode>
</Investigator>
<Institution>
<Name>Northeast Community College</Name>
<CityName>NORFOLK</CityName>
<ZipCode>687016831</ZipCode>
<PhoneNumber>4028447244</PhoneNumber>
<StreetAddress>801 E BENJAMIN AVE</StreetAddress>
<StreetAddress2/>
<CountryName>United States</CountryName>
<StateName>Nebraska</StateName>
<StateCode>NE</StateCode>
<CONGRESSDISTRICT>01</CONGRESSDISTRICT>
<CONGRESS_DISTRICT_ORG>NE01</CONGRESS_DISTRICT_ORG>
<ORG_UEI_NUM>J2NLV9V1F716</ORG_UEI_NUM>
<ORG_LGL_BUS_NAME>NORTHEAST COMMUNITY COLLEGE</ORG_LGL_BUS_NAME>
<ORG_PRNT_UEI_NUM>J2NLV9V1F716</ORG_PRNT_UEI_NUM>
</Institution>
<Performance_Institution>
<Name><![CDATA[Northeast Community College]]></Name>
<CityName>Norfolk</CityName>
<StateCode>NE</StateCode>
<ZipCode>687016831</ZipCode>
<StreetAddress><![CDATA[801 E Benjamin Ave.]]></StreetAddress>
<CountryCode>US</CountryCode>
<CountryName>United States</CountryName>
<StateName>Nebraska</StateName>
<CountryFlag>1</CountryFlag>
<CONGRESSDISTRICT>01</CONGRESSDISTRICT>
<CONGRESS_DISTRICT_PERF>NE01</CONGRESS_DISTRICT_PERF>
</Performance_Institution>
<ProgramElement>
<Code>7412</Code>
<Text>Advanced Tech Education Prog</Text>
</ProgramElement>
<ProgramReference>
<Code>1032</Code>
<Text>ADVANCED TECHNOLOGY EDUCATION</Text>
</ProgramReference>
<ProgramReference>
<Code>9178</Code>
<Text>UNDERGRADUATE EDUCATION</Text>
</ProgramReference>
<ProgramReference>
<Code>SMET</Code>
<Text>SCIENCE, MATH, ENG &amp; TECH EDUCATION</Text>
</ProgramReference>
<FUND_OBLG>2022~545016</FUND_OBLG>
</Award>
</rootTag>
