<?xml version="1.0" encoding="UTF-8"?>
<rootTag>
<Award>
<AwardTitle>Geometry of Curves and Surfaces</AwardTitle>
<AGENCY>NSF</AGENCY>
<AwardEffectiveDate>05/15/2022</AwardEffectiveDate>
<AwardExpirationDate>04/30/2025</AwardExpirationDate>
<AwardTotalIntnAmount>315000.00</AwardTotalIntnAmount>
<AwardAmount>315000</AwardAmount>
<AwardInstrument>
<Value>Standard Grant</Value>
</AwardInstrument>
<Organization>
<Code>03040000</Code>
<Directorate>
<Abbreviation>MPS</Abbreviation>
<LongName>Direct For Mathematical &amp; Physical Scien</LongName>
</Directorate>
<Division>
<Abbreviation>DMS</Abbreviation>
<LongName>Division Of Mathematical Sciences</LongName>
</Division>
</Organization>
<ProgramOfficer>
<SignBlockName>Krishnan Shankar</SignBlockName>
<PO_EMAI>kshankar@nsf.gov</PO_EMAI>
<PO_PHON>7032924703</PO_PHON>
</ProgramOfficer>
<AbstractNarration>Curves and surfaces are to geometry what numbers are to algebra. They form the basic ingredients of our visual perception and inspire the development of far-reaching mathematical tools. Yet there are still many fundamental open questions in this area that are strikingly intuitive and elementary to state.  Studying these questions may stimulate useful developments in pure mathematics and lead to wider applications in science and technology. For instance, the isoperimetric inequality has numerous applications due to its connections with a host of other important inequalities, including the Sobolev inequality in mathematical analysis and the Faber-Krahn inequality in spectral analysis. Furthermore, the rigidity of surfaces may have applications for stability of complicated domes in modern architecture, while the medial axis, or cut locus of distance functions, is an important tool in shape recognition, which is of interest in computer graphics and mathematical biology. These questions are ideal for introducing the public to the exciting world of modern mathematics and arousing the interest of beginning students in geometry. This project will engage in a range of activities, including accessible public lectures and articles, to promote these topics.&lt;br/&gt;&lt;br/&gt;This project is concerned with curves and surfaces, and more broadly Riemannian submanifolds, spanning a wide range of topics and tools including isoperimetric problems, isometric embeddings, geometric knot theory, polyhedral approximations, h-principle theory, and curvature flows. Some recurring themes throughout these investigations, which the PI conducts in joint work with his students and collaborators, are various notions of convexity or optimization and the interaction between geometric and topological concepts, or local versus global properties of submanifolds. More specifically, a typical question is how restrictions on curvature, intrinsic metric, or various boundary conditions influence the global shape of a curve or a hypersurface or allow an isometric embedding of that object in a space of low codimension. For instance, the PI recently established Zalgaller’s conjecture on the length and shape of the shortest closed curve that contains the unit sphere in its convex hull. Other projects include rigidity of isometric embeddings, unfoldability of convex polyhedra or Durer’s conjecture, optimization problems for space curves, and the study of the cut locus of distance functions, or medial axis, of contractible regions in Riemannian manifolds.&lt;br/&gt;&lt;br/&gt;This award reflects NSF's statutory mission and has been deemed worthy of support through evaluation using the Foundation's intellectual merit and broader impacts review criteria.</AbstractNarration>
<MinAmdLetterDate>05/06/2022</MinAmdLetterDate>
<MaxAmdLetterDate>05/06/2022</MaxAmdLetterDate>
<ARRAAmount/>
<TRAN_TYPE>Grant</TRAN_TYPE>
<CFDA_NUM>47.049</CFDA_NUM>
<NSF_PAR_USE_FLAG>1</NSF_PAR_USE_FLAG>
<FUND_AGCY_CODE>4900</FUND_AGCY_CODE>
<AWDG_AGCY_CODE>4900</AWDG_AGCY_CODE>
<AwardID>2202337</AwardID>
<Investigator>
<FirstName>Mohammad</FirstName>
<LastName>Ghomi</LastName>
<PI_MID_INIT/>
<PI_SUFX_NAME/>
<PI_FULL_NAME>Mohammad Ghomi</PI_FULL_NAME>
<EmailAddress>ghomi@math.gatech.edu</EmailAddress>
<PI_PHON>4048946579</PI_PHON>
<NSF_ID>000231927</NSF_ID>
<StartDate>05/06/2022</StartDate>
<EndDate/>
<RoleCode>Principal Investigator</RoleCode>
</Investigator>
<Institution>
<Name>Georgia Tech Research Corporation</Name>
<CityName>ATLANTA</CityName>
<ZipCode>30332</ZipCode>
<PhoneNumber>4048944819</PhoneNumber>
<StreetAddress>926 DALNEY ST NW</StreetAddress>
<StreetAddress2/>
<CountryName>United States</CountryName>
<StateName>Georgia</StateName>
<StateCode>GA</StateCode>
<CONGRESSDISTRICT>05</CONGRESSDISTRICT>
<CONGRESS_DISTRICT_ORG>GA05</CONGRESS_DISTRICT_ORG>
<ORG_UEI_NUM>EMW9FC8J3HN4</ORG_UEI_NUM>
<ORG_LGL_BUS_NAME>GEORGIA TECH RESEARCH CORPORATION</ORG_LGL_BUS_NAME>
<ORG_PRNT_UEI_NUM>EMW9FC8J3HN4</ORG_PRNT_UEI_NUM>
</Institution>
<Performance_Institution>
<Name><![CDATA[Georgia Institute of Technology]]></Name>
<CityName>Atlanta</CityName>
<StateCode>GA</StateCode>
<ZipCode>303320002</ZipCode>
<StreetAddress><![CDATA[225 North Avenue]]></StreetAddress>
<CountryCode>US</CountryCode>
<CountryName>United States</CountryName>
<StateName>Georgia</StateName>
<CountryFlag>1</CountryFlag>
<CONGRESSDISTRICT>05</CONGRESSDISTRICT>
<CONGRESS_DISTRICT_PERF>GA05</CONGRESS_DISTRICT_PERF>
</Performance_Institution>
<ProgramElement>
<Code>1265</Code>
<Text>GEOMETRIC ANALYSIS</Text>
</ProgramElement>
<FUND_OBLG>2022~315000</FUND_OBLG>
</Award>
</rootTag>
