<?xml version="1.0" encoding="UTF-8"?>
<rootTag>
<Award>
<AwardTitle>Career Accelerator Cybersecurity Program</AwardTitle>
<AGENCY>NSF</AGENCY>
<AwardEffectiveDate>07/01/2022</AwardEffectiveDate>
<AwardExpirationDate>06/30/2025</AwardExpirationDate>
<AwardTotalIntnAmount>240392.00</AwardTotalIntnAmount>
<AwardAmount>240392</AwardAmount>
<AwardInstrument>
<Value>Standard Grant</Value>
</AwardInstrument>
<Organization>
<Code>11040100</Code>
<Directorate>
<Abbreviation>EHR</Abbreviation>
<LongName>Direct For Education and Human Resources</LongName>
</Directorate>
<Division>
<Abbreviation>DUE</Abbreviation>
<LongName>Division Of Undergraduate Education</LongName>
</Division>
</Organization>
<ProgramOfficer>
<SignBlockName>Paul Tymann</SignBlockName>
<PO_EMAI>ptymann@nsf.gov</PO_EMAI>
<PO_PHON>7032922832</PO_PHON>
</ProgramOfficer>
<AbstractNarration>This project will address a critical need for workforce-ready cybersecurity technicians in the Texas Panhandle. The cybersecurity industry has entered a danger zone in which (1) cybercrime is becoming increasingly sophisticated, (2) the systems and devices that need security are becoming ever more complex and interconnected, and (3) the cybersecurity workforce is experiencing an unprecedented shortage of qualified technicians. These issues highlight the need for programs with focused curricula that enable students to quickly obtain the fundamental skills and certifications considered essential by the cybersecurity industry. To address this need, Amarillo College (AC) will create a Cybersecurity Career Accelerator Program that will target two-year IHE students, adult learners, and underrepresented minorities. Creating a diverse pipeline of trained professionals in this field of study is not only important in the private sector but is also a matter of national security.&lt;br/&gt;&lt;br/&gt;This project will leverage existing curricula, materials, and resources that will adapted to a nimble, 10-week, module-based program that will provide students with the skills needed to gain entry-level employment in the cybersecurity industry. AC will partner with a team of public partners in education, workforce development, economic development, and industry to seek input into the curriculum development process and stay abreast of industry trends. The program will provide students with an accelerated pathway to employment anywhere in the region, state, or country. The program will engage area middle- and high schoolers to encourage pursuit of careers in computer information systems (CIS) through a CIS Summer camp and Success 360. The project will provide a model for accelerated pathways to gainful employment in high-demand sectors and can be replicated for other industry certifications. Project results, lessons learned, and new materials developed will be shared with the cybersecurity and ATE communities, thereby contributing to the cybersecurity education knowledge base. &lt;br/&gt;&lt;br/&gt;This project is funded by the Advanced Technological Education program that focuses on the education of technicians for the advanced-technology fields that drive the Nation's economy.&lt;br/&gt;&lt;br/&gt;This award reflects NSF's statutory mission and has been deemed worthy of support through evaluation using the Foundation's intellectual merit and broader impacts review criteria.</AbstractNarration>
<MinAmdLetterDate>05/27/2022</MinAmdLetterDate>
<MaxAmdLetterDate>05/27/2022</MaxAmdLetterDate>
<ARRAAmount/>
<TRAN_TYPE>Grant</TRAN_TYPE>
<CFDA_NUM>47.076</CFDA_NUM>
<NSF_PAR_USE_FLAG>1</NSF_PAR_USE_FLAG>
<FUND_AGCY_CODE>4900</FUND_AGCY_CODE>
<AWDG_AGCY_CODE>4900</AWDG_AGCY_CODE>
<AwardID>2202130</AwardID>
<Investigator>
<FirstName>Christopher</FirstName>
<LastName>George</LastName>
<PI_MID_INIT/>
<PI_SUFX_NAME/>
<PI_FULL_NAME>Christopher George</PI_FULL_NAME>
<EmailAddress>c0245396@actx.edu</EmailAddress>
<PI_PHON>8063715374</PI_PHON>
<NSF_ID>000866555</NSF_ID>
<StartDate>05/27/2022</StartDate>
<EndDate/>
<RoleCode>Principal Investigator</RoleCode>
</Investigator>
<Institution>
<Name>Amarillo College</Name>
<CityName>AMARILLO</CityName>
<ZipCode>791092414</ZipCode>
<PhoneNumber>8063455548</PhoneNumber>
<StreetAddress>2011 S WASHINGTON ST</StreetAddress>
<StreetAddress2/>
<CountryName>United States</CountryName>
<StateName>Texas</StateName>
<StateCode>TX</StateCode>
<CONGRESSDISTRICT>13</CONGRESSDISTRICT>
<CONGRESS_DISTRICT_ORG>TX13</CONGRESS_DISTRICT_ORG>
<ORG_UEI_NUM>KUSVD3RJ85Y1</ORG_UEI_NUM>
<ORG_LGL_BUS_NAME>AMARILLO JUNIOR COLLEGE DISTRICT</ORG_LGL_BUS_NAME>
<ORG_PRNT_UEI_NUM>KUSVD3RJ85Y1</ORG_PRNT_UEI_NUM>
</Institution>
<Performance_Institution>
<Name><![CDATA[Amarillo College]]></Name>
<CityName>Amarillo</CityName>
<StateCode>TX</StateCode>
<ZipCode>791780001</ZipCode>
<StreetAddress><![CDATA[PO Box 447]]></StreetAddress>
<CountryCode>US</CountryCode>
<CountryName>United States</CountryName>
<StateName>Texas</StateName>
<CountryFlag>1</CountryFlag>
<CONGRESSDISTRICT>13</CONGRESSDISTRICT>
<CONGRESS_DISTRICT_PERF>TX13</CONGRESS_DISTRICT_PERF>
</Performance_Institution>
<ProgramElement>
<Code>7412</Code>
<Text>Advanced Tech Education Prog</Text>
</ProgramElement>
<ProgramReference>
<Code>1032</Code>
<Text>ADVANCED TECHNOLOGY EDUCATION</Text>
</ProgramReference>
<ProgramReference>
<Code>9178</Code>
<Text>UNDERGRADUATE EDUCATION</Text>
</ProgramReference>
<ProgramReference>
<Code>SMET</Code>
<Text>SCIENCE, MATH, ENG &amp; TECH EDUCATION</Text>
</ProgramReference>
<FUND_OBLG>2022~240392</FUND_OBLG>
</Award>
</rootTag>
