<?xml version="1.0" encoding="UTF-8"?>
<rootTag>
<Award>
<AwardTitle>Preparing Career Ready Information Technology Technicians</AwardTitle>
<AGENCY>NSF</AGENCY>
<AwardEffectiveDate>07/01/2022</AwardEffectiveDate>
<AwardExpirationDate>06/30/2025</AwardExpirationDate>
<AwardTotalIntnAmount>317035.00</AwardTotalIntnAmount>
<AwardAmount>317035</AwardAmount>
<AwardInstrument>
<Value>Standard Grant</Value>
</AwardInstrument>
<Organization>
<Code>11040100</Code>
<Directorate>
<Abbreviation>EHR</Abbreviation>
<LongName>Direct For Education and Human Resources</LongName>
</Directorate>
<Division>
<Abbreviation>DUE</Abbreviation>
<LongName>Division Of Undergraduate Education</LongName>
</Division>
</Organization>
<ProgramOfficer>
<SignBlockName>Paul Tymann</SignBlockName>
<PO_EMAI>ptymann@nsf.gov</PO_EMAI>
<PO_PHON>7032922832</PO_PHON>
</ProgramOfficer>
<AbstractNarration>The lack of diversity and the shortage of qualified workers in the technical sector is a well-known and well-documented problem that is making it difficult for companies to hire workers across the entire technology sector. This project will address local industry needs while at the same time supplying broader insights into effective strategies for diversifying the Information Technology workforce in a rural region, and formalizing career readiness skill development within a highly technical curriculum. Career readiness skills will be embedded throughout the core Computer Science Technology program, providing students with the opportunity to take industry certification exams and to learn and practice job skills. The result of this project will be a more diverse, career-ready technical workforce that can support the continued growth of Chesapeake College’s Computer Science Technology program and the growing population on the Delmarva Peninsula. &lt;br/&gt;&lt;br/&gt;Four career readiness skills (teamwork, customer service, communication, and professionalism) and 12 soft skill competencies will be embedded into the program’s six core courses. Students will be provided with vouchers enabling them to take two industry certification exams, providing the opportunity to further develop their Information Technology skills. Responding to local workforce needs for students with help desk experience, a help desk simulation lab will be established to provide students with hands on experience providing customer service using help desk software while at the same time allow them to improve their soft skills. To assess the extent to which the project achieves its objectives, the evaluation will consist of formative questions and summative questions that will be analyzed to determine the extent to which the objectives of the project are being achieved. Project results will be disseminated through presentations at state and national conferences as well as through ATE Central.&lt;br/&gt;&lt;br/&gt;This project is funded by the Advanced Technological Education program that focuses on the education of technicians for the advanced-technology fields that drive the Nation's economy.&lt;br/&gt;&lt;br/&gt;This award reflects NSF's statutory mission and has been deemed worthy of support through evaluation using the Foundation's intellectual merit and broader impacts review criteria.</AbstractNarration>
<MinAmdLetterDate>05/27/2022</MinAmdLetterDate>
<MaxAmdLetterDate>05/27/2022</MaxAmdLetterDate>
<ARRAAmount/>
<TRAN_TYPE>Grant</TRAN_TYPE>
<CFDA_NUM>47.076</CFDA_NUM>
<NSF_PAR_USE_FLAG>1</NSF_PAR_USE_FLAG>
<FUND_AGCY_CODE>4900</FUND_AGCY_CODE>
<AWDG_AGCY_CODE>4900</AWDG_AGCY_CODE>
<AwardID>2202066</AwardID>
<Investigator>
<FirstName>Jacquelyn</FirstName>
<LastName>Blevins</LastName>
<PI_MID_INIT>E</PI_MID_INIT>
<PI_SUFX_NAME/>
<PI_FULL_NAME>Jacquelyn E Blevins</PI_FULL_NAME>
<EmailAddress>jblevins@chesapeake.edu</EmailAddress>
<PI_PHON>3022426953</PI_PHON>
<NSF_ID>000864274</NSF_ID>
<StartDate>05/27/2022</StartDate>
<EndDate/>
<RoleCode>Co-Principal Investigator</RoleCode>
</Investigator>
<Investigator>
<FirstName>Lanka</FirstName>
<LastName>Elson</LastName>
<PI_MID_INIT/>
<PI_SUFX_NAME/>
<PI_FULL_NAME>Lanka Elson</PI_FULL_NAME>
<EmailAddress>lelson@chesapeake.edu</EmailAddress>
<PI_PHON>7193310694</PI_PHON>
<NSF_ID>000864275</NSF_ID>
<StartDate>05/27/2022</StartDate>
<EndDate/>
<RoleCode>Principal Investigator</RoleCode>
</Investigator>
<Institution>
<Name>Chesapeake College</Name>
<CityName>WYE MILLS</CityName>
<ZipCode>21679</ZipCode>
<PhoneNumber>3018225400</PhoneNumber>
<StreetAddress>1000 COLLEGE CIR</StreetAddress>
<StreetAddress2/>
<CountryName>United States</CountryName>
<StateName>Maryland</StateName>
<StateCode>MD</StateCode>
<CONGRESSDISTRICT>01</CONGRESSDISTRICT>
<CONGRESS_DISTRICT_ORG>MD01</CONGRESS_DISTRICT_ORG>
<ORG_UEI_NUM>KL3SKCFEK2B7</ORG_UEI_NUM>
<ORG_LGL_BUS_NAME>CHESAPEAKE COLLEGE</ORG_LGL_BUS_NAME>
<ORG_PRNT_UEI_NUM>KL3SKCFEK2B7</ORG_PRNT_UEI_NUM>
</Institution>
<Performance_Institution>
<Name><![CDATA[Chesapeake College]]></Name>
<CityName>Wye Mills</CityName>
<StateCode>MD</StateCode>
<ZipCode>216790001</ZipCode>
<StreetAddress><![CDATA[1000]]></StreetAddress>
<CountryCode>US</CountryCode>
<CountryName>United States</CountryName>
<StateName>Maryland</StateName>
<CountryFlag>1</CountryFlag>
<CONGRESSDISTRICT>01</CONGRESSDISTRICT>
<CONGRESS_DISTRICT_PERF>MD01</CONGRESS_DISTRICT_PERF>
</Performance_Institution>
<ProgramElement>
<Code>7412</Code>
<Text>Advanced Tech Education Prog</Text>
</ProgramElement>
<ProgramReference>
<Code>1032</Code>
<Text>ADVANCED TECHNOLOGY EDUCATION</Text>
</ProgramReference>
<ProgramReference>
<Code>9178</Code>
<Text>UNDERGRADUATE EDUCATION</Text>
</ProgramReference>
<ProgramReference>
<Code>SMET</Code>
<Text>SCIENCE, MATH, ENG &amp; TECH EDUCATION</Text>
</ProgramReference>
<FUND_OBLG>2022~317035</FUND_OBLG>
</Award>
</rootTag>
