<?xml version="1.0" encoding="UTF-8"?>
<rootTag>
<Award>
<AwardTitle>The Nature of the Dark, Diffuse Interstellar Medium in the Local Group</AwardTitle>
<AGENCY>NSF</AGENCY>
<AwardEffectiveDate>09/01/2022</AwardEffectiveDate>
<AwardExpirationDate>08/31/2025</AwardExpirationDate>
<AwardTotalIntnAmount>300000.00</AwardTotalIntnAmount>
<AwardAmount>100000</AwardAmount>
<AwardInstrument>
<Value>Fellowship Award</Value>
</AwardInstrument>
<Organization>
<Code>03020000</Code>
<Directorate>
<Abbreviation>MPS</Abbreviation>
<LongName>Direct For Mathematical &amp; Physical Scien</LongName>
</Directorate>
<Division>
<Abbreviation>AST</Abbreviation>
<LongName>Division Of Astronomical Sciences</LongName>
</Division>
</Organization>
<ProgramOfficer>
<SignBlockName>Harshal Gupta</SignBlockName>
<PO_EMAI>hgupta@nsf.gov</PO_EMAI>
<PO_PHON>7032925039</PO_PHON>
</ProgramOfficer>
<AbstractNarration>Michael Busch is awarded an NSF Astronomy and Astrophysics Fellowship to carry out a program of research and education at the University of California, San Diego.  Busch will perform radio astronomical observations of the hydroxyl radical (OH) to study the properties and molecular hydrogen (H2) content of the interstellar medium (ISM) of nearby galaxies.  The observations will complement observations of carbon monoxide (CO) – a widely used probe of H2 – to shed light on “dark H2” gas that cannot be studied using CO, as well as those of atomic hydrogen (HI).  Results from the study will allow astronomers to understand how atomic gas undergoes the transition to molecular gas.  For the education component of this project, Busch will develop a workshop on using a portable planetarium to increase astronomy engagement with grade school students.&lt;br/&gt;&lt;br/&gt;This research project will generate large maps of OH allowing reliable inference of the distribution of diffuse dark H2 in two representative local group galaxies.  Combined with CO and HI observations, this will enable a thorough characterization of the environment, mass, and kinematics of the ISM.  The observations and analyses will help elucidate the nature of dark H2 in unprecedented detail, yielding unique insight into the transition between the atomic and molecular gas in the ISM.  Data from this project will also be useful for studies of astrochemistry, star formation, and galactic structure.&lt;br/&gt;&lt;br/&gt;This award reflects NSF's statutory mission and has been deemed worthy of support through evaluation using the Foundation's intellectual merit and broader impacts review criteria.</AbstractNarration>
<MinAmdLetterDate>05/05/2022</MinAmdLetterDate>
<MaxAmdLetterDate>05/05/2022</MaxAmdLetterDate>
<ARRAAmount/>
<TRAN_TYPE>Grant</TRAN_TYPE>
<CFDA_NUM>47.049</CFDA_NUM>
<NSF_PAR_USE_FLAG>1</NSF_PAR_USE_FLAG>
<FUND_AGCY_CODE>4900</FUND_AGCY_CODE>
<AWDG_AGCY_CODE>4900</AWDG_AGCY_CODE>
<AwardID>2202373</AwardID>
<Investigator>
<FirstName>Michael</FirstName>
<LastName>Busch</LastName>
<PI_MID_INIT>P</PI_MID_INIT>
<PI_SUFX_NAME/>
<PI_FULL_NAME>Michael P Busch</PI_FULL_NAME>
<EmailAddress/>
<PI_PHON>5202807151</PI_PHON>
<NSF_ID>000838688</NSF_ID>
<StartDate>05/05/2022</StartDate>
<EndDate/>
<RoleCode>Principal Investigator</RoleCode>
</Investigator>
<Institution>
<Name>Busch, Michael Peter</Name>
<CityName>Baltimore</CityName>
<ZipCode>21211</ZipCode>
<PhoneNumber/>
<StreetAddress/>
<StreetAddress2/>
<CountryName>United States</CountryName>
<StateName>Maryland</StateName>
<StateCode>MD</StateCode>
<CONGRESSDISTRICT>03</CONGRESSDISTRICT>
<CONGRESS_DISTRICT_ORG>MD03</CONGRESS_DISTRICT_ORG>
<ORG_UEI_NUM/>
<ORG_LGL_BUS_NAME/>
<ORG_PRNT_UEI_NUM/>
</Institution>
<Performance_Institution>
<Name><![CDATA[University of California, San Diego]]></Name>
<CityName>La Jolla</CityName>
<StateCode>CA</StateCode>
<ZipCode>920930021</ZipCode>
<StreetAddress/>
<CountryCode>US</CountryCode>
<CountryName>United States</CountryName>
<StateName>California</StateName>
<CountryFlag>1</CountryFlag>
<CONGRESSDISTRICT>49</CONGRESSDISTRICT>
<CONGRESS_DISTRICT_PERF>CA49</CONGRESS_DISTRICT_PERF>
</Performance_Institution>
<ProgramElement>
<Code>1609</Code>
<Text>NSF ASTRON &amp; ASTROPHY PSTDC FE</Text>
</ProgramElement>
<ProgramReference>
<Code>1207</Code>
<Text>OBSERVATIONAL ASTRONOMY</Text>
</ProgramReference>
<FUND_OBLG>2022~100000</FUND_OBLG>
</Award>
</rootTag>
