<?xml version="1.0" encoding="UTF-8"?>
<rootTag>
<Award>
<AwardTitle>Evolution of Glacial Meltwater in the North Atlantic Current - Subpolar Front System</AwardTitle>
<AGENCY>NSF</AGENCY>
<AwardEffectiveDate>06/01/2022</AwardEffectiveDate>
<AwardExpirationDate>05/31/2025</AwardExpirationDate>
<AwardTotalIntnAmount>449645.00</AwardTotalIntnAmount>
<AwardAmount>449645</AwardAmount>
<AwardInstrument>
<Value>Standard Grant</Value>
</AwardInstrument>
<Organization>
<Code>06040200</Code>
<Directorate>
<Abbreviation>GEO</Abbreviation>
<LongName>Directorate For Geosciences</LongName>
</Directorate>
<Division>
<Abbreviation>OCE</Abbreviation>
<LongName>Division Of Ocean Sciences</LongName>
</Division>
</Organization>
<ProgramOfficer>
<SignBlockName>Gail Christeson</SignBlockName>
<PO_EMAI>gchriste@nsf.gov</PO_EMAI>
<PO_PHON>7032922952</PO_PHON>
</ProgramOfficer>
<AbstractNarration>The melting of the great ice sheets of the last Ice Age caused sea level to rise by about 130 m globally. In this project a computer model will be developed to simulate the pathways of glacial water introduced into the North Atlantic Ocean from the Laurentide Ice Sheet – the great ice sheet that covered northern North America during the last Ice Age. The project will include modeling of small-scale eddies and their influence on glacial water movements which will help in the understanding of the ocean’s response to ice sheet changes. The results will be important for understanding the role of glacial waters released today from other ice sheets such as the Greenland Ice Sheet. The project will support a graduate student and three undergraduate students, and a how-to manual will be produced so that scientists can use or adapt the model for other projects.&lt;br/&gt;&lt;br/&gt;A numerical model which represents ocean circulation and sea ice and which resolves ocean mesoscale eddies will be developed to produce detailed simulations of the evolution of glacial water in the North Atlantic Current-Subpolar Front system. Focus will be on glacial meltwater which emanated from the Laurentide Ice Sheet at different locations along the Labrador Shelf, where evidence for ice streams delivering material into the sub-polar gyre exists, and through Fram Strait, which will allow representation of a source of meltwater from the Arctic Ocean, and in particular the Mackenzie River. Two questions will be addressed: (1) To which extent are the temperature and salinity of glacial waters modified as they flow towards deep-water formation areas in the northern North Atlantic? (2) Which processes (eddy-induced mixing or air-sea interactions) most effectively modify the properties of glacial waters en route to these areas? The work plan to address these questions is threefold. First, a coupled ocean circulation-sea-ice model will be configured to represent the subpolar North Atlantic. Second, the coupled model will be tested by using modern observations from oceanographic cruises, hydrographic climatologies, and satellite missions. Finally, experiments with the coupled model will be conducted and analyzed to quantify the erosion of glacial water properties en route to deep-water formation regions and evaluate the role of different eroding factors.&lt;br/&gt;&lt;br/&gt;This award reflects NSF's statutory mission and has been deemed worthy of support through evaluation using the Foundation's intellectual merit and broader impacts review criteria.</AbstractNarration>
<MinAmdLetterDate>05/31/2022</MinAmdLetterDate>
<MaxAmdLetterDate>05/31/2022</MaxAmdLetterDate>
<ARRAAmount/>
<TRAN_TYPE>Grant</TRAN_TYPE>
<CFDA_NUM>47.050</CFDA_NUM>
<NSF_PAR_USE_FLAG>1</NSF_PAR_USE_FLAG>
<FUND_AGCY_CODE>4900</FUND_AGCY_CODE>
<AWDG_AGCY_CODE>4900</AWDG_AGCY_CODE>
<AwardID>2202771</AwardID>
<Investigator>
<FirstName>Olivier</FirstName>
<LastName>Marchal</LastName>
<PI_MID_INIT/>
<PI_SUFX_NAME/>
<PI_FULL_NAME>Olivier Marchal</PI_FULL_NAME>
<EmailAddress>omarchal@whoi.edu</EmailAddress>
<PI_PHON>5082893374</PI_PHON>
<NSF_ID>000101925</NSF_ID>
<StartDate>05/31/2022</StartDate>
<EndDate/>
<RoleCode>Principal Investigator</RoleCode>
</Investigator>
<Investigator>
<FirstName>Alan</FirstName>
<LastName>Condron</LastName>
<PI_MID_INIT/>
<PI_SUFX_NAME/>
<PI_FULL_NAME>Alan Condron</PI_FULL_NAME>
<EmailAddress>acondron@whoi.edu</EmailAddress>
<PI_PHON>5082892630</PI_PHON>
<NSF_ID>000603896</NSF_ID>
<StartDate>05/31/2022</StartDate>
<EndDate/>
<RoleCode>Co-Principal Investigator</RoleCode>
</Investigator>
<Institution>
<Name>Woods Hole Oceanographic Institution</Name>
<CityName>WOODS HOLE</CityName>
<ZipCode>025431536</ZipCode>
<PhoneNumber>5082893542</PhoneNumber>
<StreetAddress>266 WOODS HOLE RD</StreetAddress>
<StreetAddress2/>
<CountryName>United States</CountryName>
<StateName>Massachusetts</StateName>
<StateCode>MA</StateCode>
<CONGRESSDISTRICT>09</CONGRESSDISTRICT>
<CONGRESS_DISTRICT_ORG>MA09</CONGRESS_DISTRICT_ORG>
<ORG_UEI_NUM>GFKFBWG2TV98</ORG_UEI_NUM>
<ORG_LGL_BUS_NAME>WOODS HOLE OCEANOGRAPHIC INSTITUTION</ORG_LGL_BUS_NAME>
<ORG_PRNT_UEI_NUM>GFKFBWG2TV98</ORG_PRNT_UEI_NUM>
</Institution>
<Performance_Institution>
<Name><![CDATA[Woods Hole Oceanographic Institution]]></Name>
<CityName>Woods Hole</CityName>
<StateCode>MA</StateCode>
<ZipCode>025431535</ZipCode>
<StreetAddress><![CDATA[266 Woods Hole Rd.]]></StreetAddress>
<CountryCode>US</CountryCode>
<CountryName>United States</CountryName>
<StateName>Massachusetts</StateName>
<CountryFlag>1</CountryFlag>
<CONGRESSDISTRICT>09</CONGRESSDISTRICT>
<CONGRESS_DISTRICT_PERF>MA09</CONGRESS_DISTRICT_PERF>
</Performance_Institution>
<ProgramElement>
<Code>1620</Code>
<Text>Marine Geology and Geophysics</Text>
</ProgramElement>
<ProgramReference>
<Code>1324</Code>
<Text>CLIMATE VARIABILITY AND PREDICTABILITY</Text>
</ProgramReference>
<ProgramReference>
<Code>8070</Code>
<Text>P2C2 Proposals</Text>
</ProgramReference>
<FUND_OBLG>2022~449645</FUND_OBLG>
</Award>
</rootTag>
