<?xml version="1.0" encoding="UTF-8"?>
<rootTag>
<Award>
<AwardTitle>CDS&amp;E: Elucidating and Controlling the Spectral, Spatial and Temporal Responses of Plasmonic Nanostructures based on a Data-Driven Approach</AwardTitle>
<AGENCY>NSF</AGENCY>
<AwardEffectiveDate>06/01/2022</AwardEffectiveDate>
<AwardExpirationDate>05/31/2025</AwardExpirationDate>
<AwardTotalIntnAmount>465795.00</AwardTotalIntnAmount>
<AwardAmount>306572</AwardAmount>
<AwardInstrument>
<Value>Continuing Grant</Value>
</AwardInstrument>
<Organization>
<Code>03070000</Code>
<Directorate>
<Abbreviation>MPS</Abbreviation>
<LongName>Direct For Mathematical &amp; Physical Scien</LongName>
</Directorate>
<Division>
<Abbreviation>DMR</Abbreviation>
<LongName>Division Of Materials Research</LongName>
</Division>
</Organization>
<ProgramOfficer>
<SignBlockName>Serdar Ogut</SignBlockName>
<PO_EMAI>sogut@nsf.gov</PO_EMAI>
<PO_PHON>7032920000</PO_PHON>
</ProgramOfficer>
<AbstractNarration>NONTECHNICAL SUMMARY&lt;br/&gt;&lt;br/&gt;Plasmonic nanostructures are tiny particles made of noble metals, such as gold and silver. They can concentrate light into extremely small dimensions and significantly enhance the light intensity. The unique properties of plasmonic nanostructures have produced many applications, including solar energy harvesting, biomedical sensing, diagnostics and therapy. The objective of this project is to establish a framework based on deep learning, a subset of artificial intelligence, to elucidate and control the physical properties of plasmonic nanostructures by fusing theory, computation, deep learning algorithms, and experiments. Recent work has demonstrated that deep learning can discover the highly complicated and non-intuitive relationships between photonic structures and their properties through extensive data, overcoming the limitations of conventional analytical and numerical methods. To further advance this emergent field, the PI will enhance the capability of deep learning models by considering more degrees of freedom, such as electric and magnetic field distributions, time-dependent responses, and multi-physics processes in plasmonic nanostructures. The predictions of the deep learning models will be directly validated by experiments, which will provide important feedback and additional data to improve the model capability.&lt;br/&gt;&lt;br/&gt;This award also supports a comprehensive education plan that will include innovative activities at the Grade 7-12, undergraduate, and graduate levels. Special efforts will be made to attract and educate students from underrepresented ethnic/racial and gender groups, and broaden their knowledge in photonics, materials science, applied physics, and artificial intelligence. Part of the research findings will be used to develop new course materials to introduce the latest development in the fields to the students at Northeastern University. The PI will also create a new outreach activity, in which local high-school students will learn about optical properties of plasmonic nanostructures.&lt;br/&gt;&lt;br/&gt;TECHNICAL SUMMARY&lt;br/&gt;&lt;br/&gt;This award supports computational and experimental research aimed at effectively harnessing light-matter interactions in the spectral, spatial, and temporal domains by leveraging advanced deep learning techniques and using plasmonic nanostructures as the platform. The project consists of three research thrusts:  (1) developing a general approach to model the spatial distribution of the electric and magnetic fields of complex plasmonic nanostructures with high efficiency, accuracy and fidelity, which is critical to engineer nonlinear optical effects at user-defined wavelengths; (2) investigating the hot-electron-induced temporal responses and the resulting transient multi-physics processes of plasmonic nanostructures by integrating deep learning, Fourier transform and governing equations; and (3) fabricating plasmonic nanostructures with canonical and freeform shapes, and experimentally characterizing them using advanced microscopy and spectroscopy techniques. The data-centric framework enabled by deep learning will help to uncover the physics behind plasmonic nanostructures and other photonic designs. It will provide deep insights into a series of fundamental problems, such as topology, symmetry, and non-equilibrium dynamics, with fine spatial and temporal resolution.&lt;br/&gt;&lt;br/&gt;This award also supports a comprehensive education plan that will include innovative activities at the Grade 7-12, undergraduate, and graduate levels. Special efforts will be made to attract and educate students from underrepresented ethnic/racial and gender groups, and broaden their knowledge in photonics, materials science, applied physics, and artificial intelligence. Part of the research findings will be used to develop new course materials to introduce the latest development in the fields to the students at Northeastern University. The PI will also create a new outreach activity, in which local high-school students will learn about optical properties of plasmonic nanostructures.&lt;br/&gt;&lt;br/&gt;This award reflects NSF's statutory mission and has been deemed worthy of support through evaluation using the Foundation's intellectual merit and broader impacts review criteria.</AbstractNarration>
<MinAmdLetterDate>04/13/2022</MinAmdLetterDate>
<MaxAmdLetterDate>04/13/2022</MaxAmdLetterDate>
<ARRAAmount/>
<TRAN_TYPE>Grant</TRAN_TYPE>
<CFDA_NUM>47.049</CFDA_NUM>
<NSF_PAR_USE_FLAG>1</NSF_PAR_USE_FLAG>
<FUND_AGCY_CODE>4900</FUND_AGCY_CODE>
<AWDG_AGCY_CODE>4900</AWDG_AGCY_CODE>
<AwardID>2202268</AwardID>
<Investigator>
<FirstName>Yongmin</FirstName>
<LastName>Liu</LastName>
<PI_MID_INIT/>
<PI_SUFX_NAME/>
<PI_FULL_NAME>Yongmin Liu</PI_FULL_NAME>
<EmailAddress>y.liu@northeastern.edu</EmailAddress>
<PI_PHON>6173735600</PI_PHON>
<NSF_ID>000636028</NSF_ID>
<StartDate>04/13/2022</StartDate>
<EndDate/>
<RoleCode>Principal Investigator</RoleCode>
</Investigator>
<Institution>
<Name>Northeastern University</Name>
<CityName>BOSTON</CityName>
<ZipCode>021155005</ZipCode>
<PhoneNumber>6173733004</PhoneNumber>
<StreetAddress>360 HUNTINGTON AVE</StreetAddress>
<StreetAddress2/>
<CountryName>United States</CountryName>
<StateName>Massachusetts</StateName>
<StateCode>MA</StateCode>
<CONGRESSDISTRICT>07</CONGRESSDISTRICT>
<CONGRESS_DISTRICT_ORG>MA07</CONGRESS_DISTRICT_ORG>
<ORG_UEI_NUM>HLTMVS2JZBS6</ORG_UEI_NUM>
<ORG_LGL_BUS_NAME>NORTHEASTERN UNIVERSITY</ORG_LGL_BUS_NAME>
<ORG_PRNT_UEI_NUM>HLTMVS2JZBS6</ORG_PRNT_UEI_NUM>
</Institution>
<Performance_Institution>
<Name><![CDATA[Northeastern University]]></Name>
<CityName>Boston</CityName>
<StateCode>MA</StateCode>
<ZipCode>021155005</ZipCode>
<StreetAddress><![CDATA[360 Huntington Avenue]]></StreetAddress>
<CountryCode>US</CountryCode>
<CountryName>United States</CountryName>
<StateName>Massachusetts</StateName>
<CountryFlag>1</CountryFlag>
<CONGRESSDISTRICT>07</CONGRESSDISTRICT>
<CONGRESS_DISTRICT_PERF>MA07</CONGRESS_DISTRICT_PERF>
</Performance_Institution>
<ProgramElement>
<Code>1765</Code>
<Text>CONDENSED MATTER &amp; MAT THEORY</Text>
</ProgramElement>
<ProgramElement>
<Code>1775</Code>
<Text>ELECTRONIC/PHOTONIC MATERIALS</Text>
</ProgramElement>
<ProgramReference>
<Code>054Z</Code>
<Text>(MGI) Materials Genome Initiative</Text>
</ProgramReference>
<ProgramReference>
<Code>094Z</Code>
<Text>Materials Data</Text>
</ProgramReference>
<ProgramReference>
<Code>095Z</Code>
<Text>Materials AI</Text>
</ProgramReference>
<ProgramReference>
<Code>7237</Code>
<Text>NANO NON-SOLIC SCI &amp; ENG AWD</Text>
</ProgramReference>
<ProgramReference>
<Code>7569</Code>
<Text>CYBERINFRASTRUCTURE/SCIENCE</Text>
</ProgramReference>
<ProgramReference>
<Code>8084</Code>
<Text>CDS&amp;E</Text>
</ProgramReference>
<ProgramReference>
<Code>8614</Code>
<Text>Nanomaterials</Text>
</ProgramReference>
<ProgramReference>
<Code>8990</Code>
<Text>Optics and Photonics</Text>
</ProgramReference>
<FUND_OBLG>2022~306572</FUND_OBLG>
</Award>
</rootTag>
