<?xml version="1.0" encoding="UTF-8"?>
<rootTag>
<Award>
<AwardTitle><![CDATA[Collaborative Research: Correcting sea surface temperature proxies for seasonal biases: combined data and model investigation]]></AwardTitle>
<AGENCY>NSF</AGENCY>
<AwardEffectiveDate>09/01/2022</AwardEffectiveDate>
<AwardExpirationDate>08/31/2025</AwardExpirationDate>
<AwardTotalIntnAmount>307029.00</AwardTotalIntnAmount>
<AwardAmount>307029</AwardAmount>
<AwardInstrument>
<Value>Standard Grant</Value>
</AwardInstrument>
<Organization>
<Code>06040200</Code>
<Directorate>
<Abbreviation>GEO</Abbreviation>
<LongName>Directorate For Geosciences</LongName>
</Directorate>
<Division>
<Abbreviation>OCE</Abbreviation>
<LongName>Division Of Ocean Sciences</LongName>
</Division>
</Organization>
<ProgramOfficer>
<SignBlockName>Daniel McCorkle</SignBlockName>
<PO_EMAI>dmccorkl@nsf.gov</PO_EMAI>
<PO_PHON>7032924543</PO_PHON>
</ProgramOfficer>
<AbstractNarration><![CDATA[Warmer than present periods in Earth history can provide insight into how the climate system will respond to rising global temperatures. Knowledge of ocean conditions during past warm periods comes, in large part, from geochemical records (proxies) of past sea surface temperature. These proxies are generally interpreted to reflect the average yearly temperature. Many SST proxies suggest that prior to the industrial revolution, global temperatures had been cooling for 6000 years. This result is at odds with climate model simulations which show warming over that period in response to rising atmospheric greenhouse gas levels. This mismatch has cast doubts on model predictions of future climate change and the warming impact of greenhouse gases. However, a recent study suggested the mismatch arises from the interpretation of the proxies, not from problems with the climate models. That study suggested that proxies often record temperature during a particular season, rather than the yearly average. When the seasonality of the proxy was considered the models and proxies were consistent. This study will test and refine approaches for extracting the seasonal and mean annual temperature from proxies of past sea surface temperatures. In addition, new geochemical records of past temperature will be produced across three recent warm periods in Earth history. These new data will aid in ground-truthing model predictions of future climate change. The project will also provide training opportunities for early career scientists, including students from underrepresented groups in the sciences. Results from the project will be communicated via public lectures and a K-12 science outreach program.&lt;br/&gt;&lt;br/&gt;Accounting for seasonal biases in sea surface temperature (SST) proxies is critical for understanding the drivers of SST in response to internal and external forcings. The proposed work aims to provide a way forward to identify seasonal biases and remove them from proxy SST records to improve paleoceanographic reconstructions. The study will include a series of test of the seasonal to annual mean transformation method in fully coupled and idealized climate models to explore the impact of ice sheet forcing, greenhouse gases, nonlinearities in the climate system, and sampling errors on the efficacy of the method in different regions of the global ocean and during multiple interglacial periods. The study will produce new paired foraminifer-magnesium/calcium and alkenone derived SST records from seven locations. At each of these sites, data from the Holocene, last interglacial, and Marine isotope stage 9 will be used to explore the stability of biases and the drivers of seasonal and mean annual climate change during multiple examples of a warm interglacial.&lt;br/&gt;&lt;br/&gt;This award reflects NSF's statutory mission and has been deemed worthy of support through evaluation using the Foundation's intellectual merit and broader impacts review criteria.]]></AbstractNarration>
<MinAmdLetterDate>06/08/2022</MinAmdLetterDate>
<MaxAmdLetterDate>06/08/2022</MaxAmdLetterDate>
<ARRAAmount/>
<TRAN_TYPE>Grant</TRAN_TYPE>
<CFDA_NUM>47.050</CFDA_NUM>
<NSF_PAR_USE_FLAG>1</NSF_PAR_USE_FLAG>
<FUND_AGCY_CODE>4900</FUND_AGCY_CODE>
<AWDG_AGCY_CODE>4900</AWDG_AGCY_CODE>
<AwardID>2202911</AwardID>
<Investigator>
<FirstName>Samantha</FirstName>
<LastName>Bova</LastName>
<PI_MID_INIT>C</PI_MID_INIT>
<PI_SUFX_NAME/>
<PI_FULL_NAME>Samantha C Bova</PI_FULL_NAME>
<EmailAddress><![CDATA[sbova@sdsu.edu]]></EmailAddress>
<NSF_ID>000714815</NSF_ID>
<StartDate>06/08/2022</StartDate>
<EndDate/>
<RoleCode>Principal Investigator</RoleCode>
</Investigator>
<Institution>
<Name>San Diego State University Foundation</Name>
<CityName>SAN DIEGO</CityName>
<ZipCode>921821901</ZipCode>
<PhoneNumber>6195945731</PhoneNumber>
<StreetAddress>5250 CAMPANILE DR MC1947</StreetAddress>
<StreetAddress2/>
<CountryName>United States</CountryName>
<StateName>California</StateName>
<StateCode>CA</StateCode>
<CONGRESSDISTRICT>53</CONGRESSDISTRICT>
<CONGRESS_DISTRICT_ORG>CA53</CONGRESS_DISTRICT_ORG>
<ORG_UEI_NUM>H59JKGFZKHL7</ORG_UEI_NUM>
<ORG_LGL_BUS_NAME>SAN DIEGO STATE UNIVERSITY FOUNDATION</ORG_LGL_BUS_NAME>
<ORG_PRNT_UEI_NUM/>
</Institution>
<Performance_Institution>
<Name><![CDATA[San Diego State University]]></Name>
<CityName/>
<StateCode>CA</StateCode>
<ZipCode>921820001</ZipCode>
<StreetAddress/>
<CountryCode>US</CountryCode>
<CountryName>United States</CountryName>
<StateName>California</StateName>
<CountryFlag>1</CountryFlag>
<CONGRESSDISTRICT>53</CONGRESSDISTRICT>
<CONGRESS_DISTRICT_PERF>CA53</CONGRESS_DISTRICT_PERF>
</Performance_Institution>
<ProgramElement>
<Code>1620</Code>
<Text>Marine Geology and Geophysics</Text>
</ProgramElement>
<ProgramReference>
<Code>1304</Code>
<Text>EARTH SYSTEM HISTORY</Text>
</ProgramReference>
<ProgramReference>
<Code>1620</Code>
<Text>MARINE GEOLOGY AND GEOPHYSICS</Text>
</ProgramReference>
<ProgramReference>
<Code>8070</Code>
<Text>P2C2 Proposals</Text>
</ProgramReference>
<FUND_OBLG>2022~307029</FUND_OBLG>
</Award>
</rootTag>
