<?xml version="1.0" encoding="UTF-8"?>
<rootTag>
<Award>
<AwardTitle><![CDATA[Flying High for New Careers in Aviation Technology]]></AwardTitle>
<AGENCY>NSF</AGENCY>
<AwardEffectiveDate>05/15/2022</AwardEffectiveDate>
<AwardExpirationDate>04/30/2025</AwardExpirationDate>
<AwardTotalIntnAmount>307706.00</AwardTotalIntnAmount>
<AwardAmount>307706</AwardAmount>
<AwardInstrument>
<Value>Standard Grant</Value>
</AwardInstrument>
<Organization>
<Code>11040100</Code>
<Directorate>
<Abbreviation>EHR</Abbreviation>
<LongName>Direct For Education and Human Resources</LongName>
</Directorate>
<Division>
<Abbreviation>DUE</Abbreviation>
<LongName>Division Of Undergraduate Education</LongName>
</Division>
</Organization>
<ProgramOfficer>
<SignBlockName>Virginia Carter</SignBlockName>
<PO_EMAI>vccarter@nsf.gov</PO_EMAI>
<PO_PHON>7032924651</PO_PHON>
</ProgramOfficer>
<AbstractNarration><![CDATA[The U.S. Bureau of Labor Statistics predicts overall employment of aircraft and avionics equipment mechanics and technicians to grow 11 percent from 2020 to 2030, faster than the average for all occupations. About 14,400 openings for aircraft and avionics equipment mechanics and technicians are projected each year, on average, over the decade. The Institute for Public Policy and Economic Development found that Northeastern Pennsylvania’s demographic challenges slow down economic growth in the region while estimating there to be a regional need for aviation mechanics. Johnson College will develop and implement a Federal Aviation Administration (FAA) approved Aviation Technology associate degree program that successfully recruits and trains students to fill a growing, essential regional and national high technology workforce development needs in the aviation industry.&lt;br/&gt;&lt;br/&gt;Project objectives include the establishment of a working airport-based training laboratory; relationships to engage military veterans who desire training as part of their transition to civilian life; and faculty development activities to remain current with FAA practices. Additional objectives include expansion of College-Industry partnerships to provide training and career guidance; expansion of the College’s dual enrollment program with regional school districts and Career Technology Centers; and development of or participation in middle/high school career awareness activities. The Aviation Technology two-year associate degree program will prepare students to fill a growing number of essential positions in the aviation industry. The curriculum will align with the latest FAA technology and education requirements so that graduates are prepared at the highest level to pass FAA licensure and meet the growing demand for aviation technology mechanics. Students will be recruited from a variety of diverse backgrounds, including prior military service, age, gender, race, cultural, economic, and educational experience. It is expected that the program developed will create a replicable format for institutions looking to create a similar program and meet their own regional workforce development needs. This project is funded by the Advanced Technological Education program that focuses on the education of technicians for the advanced-technology fields that drive the Nation's economy.&lt;br/&gt;&lt;br/&gt;This award reflects NSF's statutory mission and has been deemed worthy of support through evaluation using the Foundation's intellectual merit and broader impacts review criteria.]]></AbstractNarration>
<MinAmdLetterDate>05/03/2022</MinAmdLetterDate>
<MaxAmdLetterDate>06/15/2022</MaxAmdLetterDate>
<ARRAAmount/>
<TRAN_TYPE>Grant</TRAN_TYPE>
<CFDA_NUM>47.076</CFDA_NUM>
<NSF_PAR_USE_FLAG>1</NSF_PAR_USE_FLAG>
<FUND_AGCY_CODE>4900</FUND_AGCY_CODE>
<AWDG_AGCY_CODE>4900</AWDG_AGCY_CODE>
<AwardID>2202205</AwardID>
<Investigator>
<FirstName>William</FirstName>
<LastName>Burke</LastName>
<PI_MID_INIT/>
<PI_SUFX_NAME/>
<PI_FULL_NAME>William Burke</PI_FULL_NAME>
<EmailAddress><![CDATA[wburke@johnson.edu]]></EmailAddress>
<NSF_ID>000839077</NSF_ID>
<StartDate>05/03/2022</StartDate>
<EndDate/>
<RoleCode>Co-Principal Investigator</RoleCode>
</Investigator>
<Investigator>
<FirstName>Kellyn</FirstName>
<LastName>Williams</LastName>
<PI_MID_INIT/>
<PI_SUFX_NAME/>
<PI_FULL_NAME>Kellyn Williams</PI_FULL_NAME>
<EmailAddress><![CDATA[knolan@johnson.edu]]></EmailAddress>
<NSF_ID>000836889</NSF_ID>
<StartDate>05/03/2022</StartDate>
<EndDate/>
<RoleCode>Co-Principal Investigator</RoleCode>
</Investigator>
<Investigator>
<FirstName>William</FirstName>
<LastName>Kamm</LastName>
<PI_MID_INIT/>
<PI_SUFX_NAME/>
<PI_FULL_NAME>William Kamm</PI_FULL_NAME>
<EmailAddress><![CDATA[bkamm.aero@gmail.com]]></EmailAddress>
<NSF_ID>000866729</NSF_ID>
<StartDate>05/03/2022</StartDate>
<EndDate>06/15/2022</EndDate>
<RoleCode>Former Principal Investigator</RoleCode>
</Investigator>
<Investigator>
<FirstName>Ryan</FirstName>
<LastName>Stephens</LastName>
<PI_MID_INIT>J</PI_MID_INIT>
<PI_SUFX_NAME/>
<PI_FULL_NAME>Ryan J Stephens</PI_FULL_NAME>
<EmailAddress><![CDATA[rstephens@johnson.edu]]></EmailAddress>
<NSF_ID>000877451</NSF_ID>
<StartDate>06/15/2022</StartDate>
<EndDate/>
<RoleCode>Principal Investigator</RoleCode>
</Investigator>
<Institution>
<Name>JOHNSON, O.S. TECHNICAL INSTITUTE</Name>
<CityName>SCRANTON</CityName>
<ZipCode>185081438</ZipCode>
<PhoneNumber>5707028908</PhoneNumber>
<StreetAddress>3427 N MAIN AVE</StreetAddress>
<StreetAddress2/>
<CountryName>United States</CountryName>
<StateName>Pennsylvania</StateName>
<StateCode>PA</StateCode>
<CONGRESSDISTRICT>08</CONGRESSDISTRICT>
<CONGRESS_DISTRICT_ORG>PA08</CONGRESS_DISTRICT_ORG>
<ORG_UEI_NUM>EJGNUDJBGMZ6</ORG_UEI_NUM>
<ORG_LGL_BUS_NAME>JOHNSON, O.S. TECHNICAL INSTITUTE</ORG_LGL_BUS_NAME>
<ORG_PRNT_UEI_NUM/>
</Institution>
<Performance_Institution>
<Name><![CDATA[JOHNSON, O.S. TECHNICAL INSTITUTE]]></Name>
<CityName>Scranton</CityName>
<StateCode>PA</StateCode>
<ZipCode>185081438</ZipCode>
<StreetAddress><![CDATA[3427 N Main Ave]]></StreetAddress>
<CountryCode>US</CountryCode>
<CountryName>United States</CountryName>
<StateName>Pennsylvania</StateName>
<CountryFlag>1</CountryFlag>
<CONGRESSDISTRICT>08</CONGRESSDISTRICT>
<CONGRESS_DISTRICT_PERF>PA08</CONGRESS_DISTRICT_PERF>
</Performance_Institution>
<ProgramElement>
<Code>7412</Code>
<Text>Advanced Tech Education Prog</Text>
</ProgramElement>
<ProgramReference>
<Code>1032</Code>
<Text>ADVANCED TECHNOLOGY EDUCATION</Text>
</ProgramReference>
<ProgramReference>
<Code>9178</Code>
<Text>UNDERGRADUATE EDUCATION</Text>
</ProgramReference>
<ProgramReference>
<Code>SMET</Code>
<Text>SCIENCE, MATH, ENG &amp; TECH EDUCATION</Text>
</ProgramReference>
<FUND_OBLG>2022~307706</FUND_OBLG>
</Award>
</rootTag>
