<?xml version="1.0" encoding="UTF-8"?>
<rootTag>
<Award>
<AwardTitle><![CDATA[Linking terrestrial and marine carbon cycling across the Paleocene-Eocene Thermal Maximum via intermediate complexity Earth system modeling]]></AwardTitle>
<AGENCY>NSF</AGENCY>
<AwardEffectiveDate>06/01/2022</AwardEffectiveDate>
<AwardExpirationDate>05/31/2024</AwardExpirationDate>
<AwardTotalIntnAmount>169869.00</AwardTotalIntnAmount>
<AwardAmount>169869</AwardAmount>
<AwardInstrument>
<Value>Standard Grant</Value>
</AwardInstrument>
<Organization>
<Code>06040200</Code>
<Directorate>
<Abbreviation>GEO</Abbreviation>
<LongName>Directorate For Geosciences</LongName>
</Directorate>
<Division>
<Abbreviation>OCE</Abbreviation>
<LongName>Division Of Ocean Sciences</LongName>
</Division>
</Organization>
<ProgramOfficer>
<SignBlockName>Daniel McCorkle</SignBlockName>
<PO_EMAI>dmccorkl@nsf.gov</PO_EMAI>
<PO_PHON>7032924543</PO_PHON>
</ProgramOfficer>
<AbstractNarration><![CDATA[The Paleocene-Eocene Thermal Maximum (PETM) was a global warming event approximately 56 million years ago. The PETM was caused by the release of greenhouse gases (including carbon dioxide and/or methane) to the atmosphere and oceans. Earth system models have been employed to constrain the magnitude, timing, and impacts of PETM carbon emissions. However, the contribution of carbon cycle feedbacks to the severity of environmental changes across the PETM remains unclear. One key gap is how the terrestrial carbon cycle responded to PETM global change. This project will add a representation of the terrestrial carbon cycle to an intermediate complexity Earth system model. That model will simulate the cycling of carbon dioxide and methane between vegetation, soils, the atmosphere, and the oceans. This study will place new constraints on the sensitivity of Earth’s carbon cycle to carbon release and global warming. In addition, this project will support research experiences at UC Riverside for undergraduate students from Riverside Community College. These internships are a cornerstone of UC Riverside’s Geoscience Development program. That program targets the critical juncture between community college and 4-year programs with the goal of building a diverse population of undergraduates in the geosciences. &lt;br/&gt;&lt;br/&gt;Carbon cycle feedbacks are a key source of uncertainty in future climate change projections. Study of past global warming episodes, like the PETM, has the potential to provide crucial insight into the operation of these feedbacks on a warm Earth. By adding a representation of the terrestrial carbon cycle to an intermediate complexity Earth system model configured for the late Paleocene, the proposed research will allow evaluation of the time-dependent response of potential carbon cycle feedbacks in response to higher atmospheric CO2 and higher global temperature. In addition, the proposed research will update a current representation of ocean and atmosphere methane cycling with a modeled representation of the terrestrial production and oxidation of methane. This updated model, cGENIE-ENTS, will be used to evaluate multiple proposed PETM carbon emissions scenarios, including comparison of model output against available proxy datasets. The computational efficiency of the cGENIE-ENTS model will allow experiments to be run for the entire ~200 kyr PETM duration and thus evaluate not only the potential for terrestrial carbon cycle feedbacks during the onset of the event, but also their potential role in determining the timescale of Earth system recovery. All model components will be coupled during model integration, producing consistent output for the response of both the terrestrial and marine carbon cycle through time. New PETM simulations will provide revised estimates for PETM carbon emissions and provide constraints on the feedback behavior (both positive and negative) of the terrestrial biosphere.&lt;br/&gt;&lt;br/&gt;This award reflects NSF's statutory mission and has been deemed worthy of support through evaluation using the Foundation's intellectual merit and broader impacts review criteria.]]></AbstractNarration>
<MinAmdLetterDate>04/08/2022</MinAmdLetterDate>
<MaxAmdLetterDate>04/08/2022</MaxAmdLetterDate>
<ARRAAmount/>
<TRAN_TYPE>Grant</TRAN_TYPE>
<CFDA_NUM>47.050</CFDA_NUM>
<NSF_PAR_USE_FLAG>1</NSF_PAR_USE_FLAG>
<FUND_AGCY_CODE>4900</FUND_AGCY_CODE>
<AWDG_AGCY_CODE>4900</AWDG_AGCY_CODE>
<AwardID>2202694</AwardID>
<Investigator>
<FirstName>Sandra</FirstName>
<LastName>Turner</LastName>
<PI_MID_INIT>K</PI_MID_INIT>
<PI_SUFX_NAME/>
<PI_FULL_NAME>Sandra K Turner</PI_FULL_NAME>
<EmailAddress><![CDATA[sandra.kirtlandturner@ucr.edu]]></EmailAddress>
<NSF_ID>000598050</NSF_ID>
<StartDate>04/08/2022</StartDate>
<EndDate/>
<RoleCode>Principal Investigator</RoleCode>
</Investigator>
<Institution>
<Name>University of California-Riverside</Name>
<CityName>RIVERSIDE</CityName>
<ZipCode>925219800</ZipCode>
<PhoneNumber>9518275535</PhoneNumber>
<StreetAddress>900 UNIVERSITY AVE</StreetAddress>
<StreetAddress2/>
<CountryName>United States</CountryName>
<StateName>California</StateName>
<StateCode>CA</StateCode>
<CONGRESSDISTRICT>41</CONGRESSDISTRICT>
<CONGRESS_DISTRICT_ORG>CA41</CONGRESS_DISTRICT_ORG>
<ORG_UEI_NUM>MR5QC5FCAVH5</ORG_UEI_NUM>
<ORG_LGL_BUS_NAME>REGENTS OF THE UNIVERSITY OF CALIFORNIA AT RIVERSIDE</ORG_LGL_BUS_NAME>
<ORG_PRNT_UEI_NUM>NUDGYLBB4S99</ORG_PRNT_UEI_NUM>
</Institution>
<Performance_Institution>
<Name><![CDATA[University of California-Riverside]]></Name>
<CityName>Riverside</CityName>
<StateCode>CA</StateCode>
<ZipCode>925210001</ZipCode>
<StreetAddress/>
<CountryCode>US</CountryCode>
<CountryName>United States</CountryName>
<StateName>California</StateName>
<CountryFlag>1</CountryFlag>
<CONGRESSDISTRICT>41</CONGRESSDISTRICT>
<CONGRESS_DISTRICT_PERF>CA41</CONGRESS_DISTRICT_PERF>
</Performance_Institution>
<ProgramElement>
<Code>1620</Code>
<Text>Marine Geology and Geophysics</Text>
</ProgramElement>
<ProgramReference>
<Code>1304</Code>
<Text>EARTH SYSTEM HISTORY</Text>
</ProgramReference>
<ProgramReference>
<Code>1389</Code>
<Text>CARBON CYCLE RESEARCH</Text>
</ProgramReference>
<ProgramReference>
<Code>1620</Code>
<Text>MARINE GEOLOGY AND GEOPHYSICS</Text>
</ProgramReference>
<Appropriation>
<Code/>
<Name/>
<APP_SYMB_ID/>
</Appropriation>
<Fund>
<Code>01002223DB</Code>
<Name><![CDATA[NSF RESEARCH & RELATED ACTIVIT]]></Name>
<FUND_SYMB_ID>040100</FUND_SYMB_ID>
</Fund>
<FUND_OBLG>2022~169869</FUND_OBLG>
</Award>
</rootTag>
