<?xml version="1.0" encoding="UTF-8"?>
<rootTag>
<Award>
<AwardTitle><![CDATA[Automotive Technician Training for Electric Vehicles]]></AwardTitle>
<AGENCY>NSF</AGENCY>
<AwardEffectiveDate>07/01/2022</AwardEffectiveDate>
<AwardExpirationDate>06/30/2025</AwardExpirationDate>
<AwardTotalIntnAmount>602424.00</AwardTotalIntnAmount>
<AwardAmount>602424</AwardAmount>
<AwardInstrument>
<Value>Standard Grant</Value>
</AwardInstrument>
<Organization>
<Code>11040100</Code>
<Directorate>
<Abbreviation>EHR</Abbreviation>
<LongName>Direct For Education and Human Resources</LongName>
</Directorate>
<Division>
<Abbreviation>DUE</Abbreviation>
<LongName>Division Of Undergraduate Education</LongName>
</Division>
</Organization>
<ProgramOfficer>
<SignBlockName>John Jackman</SignBlockName>
<PO_EMAI>jjackman@nsf.gov</PO_EMAI>
<PO_PHON>7032924816</PO_PHON>
</ProgramOfficer>
<AbstractNarration><![CDATA[The transportation sector is in the midst of a major transition to electric vehicles as automotive manufacturers have launched large electric vehicle development programs. Automotive technician training programs will need to adjust to these changes by providing technical education that focuses on electric vehicle technologies. Students need to learn how to diagnose a new set of problems and how to use equipment and tools to maintain these vehicles. This project will develop a new certificate program in hybrid and electric vehicle technology leading to an associate degree in automotive technology. Technician training will focus on the theory, operation, diagnosis, service, and repair of systems related to the propulsion of electric vehicles. Professional development workshops will be provided for postsecondary educators so that they can upgrade their automotive technology programs. During the workshop, participants will learn about battery technology, electric motors, and safety procedures through classroom instruction and hands-on learning experiences with electric vehicles and service equipment. High school students will have the opportunity to learn about careers in automotive technology through summer camps in which students will learn the hands-on basics of vehicle maintenance.&lt;br/&gt;&lt;br/&gt;The primary goal of this project is to help develop the technician workforce that can support the new infrastructure for electric vehicles. This project aims to increase the capacity of faculty to prepare automotive technicians to repair and service electric vehicles, the number of automotive technician graduates with the knowledge and skills needed to diagnose and repair electric vehicles, and the number of high school students enrolling in automotive technology degree and certificate programs. Faculty in automotive technology programs at two-year institutions will be recruited to participate in a summer workshop on electric vehicle technologies. Workshop participants will have hands-on learning opportunities focused on diagnostics, testing, and repair procedures. The project will develop a new certificate program that will provide students with advanced training in high-voltage safety systems, removing/replacing batteries, servicing electric drive motors, diagnosing electric power convertors, and other skills needed to service battery electric vehicles. Technician training will focus on the theory, operation, diagnosis, service, and repair of vehicle systems. The project will recruit high school students from traditionally underrepresented groups for automotive summer camps designed to increase students’ interest in taking automotive technician courses. This project is funded by the Advanced Technological Education program that focuses on the education of technicians for the advanced-technology fields that drive the Nation's economy.&lt;br/&gt;&lt;br/&gt;This award reflects NSF's statutory mission and has been deemed worthy of support through evaluation using the Foundation's intellectual merit and broader impacts review criteria.]]></AbstractNarration>
<MinAmdLetterDate>06/07/2022</MinAmdLetterDate>
<MaxAmdLetterDate>06/07/2022</MaxAmdLetterDate>
<ARRAAmount/>
<TRAN_TYPE>Grant</TRAN_TYPE>
<CFDA_NUM>47.076</CFDA_NUM>
<NSF_PAR_USE_FLAG>1</NSF_PAR_USE_FLAG>
<FUND_AGCY_CODE>4900</FUND_AGCY_CODE>
<AWDG_AGCY_CODE>4900</AWDG_AGCY_CODE>
<AwardID>2202076</AwardID>
<Investigator>
<FirstName>Thomas</FirstName>
<LastName>Freels</LastName>
<PI_MID_INIT>B</PI_MID_INIT>
<PI_SUFX_NAME/>
<PI_FULL_NAME>Thomas B Freels</PI_FULL_NAME>
<EmailAddress><![CDATA[thomas.freels@sinclair.edu]]></EmailAddress>
<NSF_ID>000078812</NSF_ID>
<StartDate>06/07/2022</StartDate>
<EndDate/>
<RoleCode>Co-Principal Investigator</RoleCode>
</Investigator>
<Investigator>
<FirstName>James</FirstName>
<LastName>Truxal</LastName>
<PI_MID_INIT>K</PI_MID_INIT>
<PI_SUFX_NAME/>
<PI_FULL_NAME>James K Truxal</PI_FULL_NAME>
<EmailAddress><![CDATA[james.truxal@sinclair.edu]]></EmailAddress>
<NSF_ID>000078815</NSF_ID>
<StartDate>06/07/2022</StartDate>
<EndDate/>
<RoleCode>Co-Principal Investigator</RoleCode>
</Investigator>
<Investigator>
<FirstName>Justin</FirstName>
<LastName>Morgan</LastName>
<PI_MID_INIT/>
<PI_SUFX_NAME/>
<PI_FULL_NAME>Justin Morgan</PI_FULL_NAME>
<EmailAddress><![CDATA[justin.morgan8747@sinclair.edu]]></EmailAddress>
<NSF_ID>000731878</NSF_ID>
<StartDate>06/07/2022</StartDate>
<EndDate/>
<RoleCode>Principal Investigator</RoleCode>
</Investigator>
<Investigator>
<FirstName>John</FirstName>
<LastName>Porter</LastName>
<PI_MID_INIT>M</PI_MID_INIT>
<PI_SUFX_NAME>II</PI_SUFX_NAME>
<PI_FULL_NAME>John M Porter</PI_FULL_NAME>
<EmailAddress><![CDATA[john.porter@sinclair.edu]]></EmailAddress>
<NSF_ID>000859413</NSF_ID>
<StartDate>06/07/2022</StartDate>
<EndDate/>
<RoleCode>Co-Principal Investigator</RoleCode>
</Investigator>
<Institution>
<Name>Sinclair Community College</Name>
<CityName>DAYTON</CityName>
<ZipCode>454021421</ZipCode>
<PhoneNumber>9375124573</PhoneNumber>
<StreetAddress>444 W 3RD ST</StreetAddress>
<StreetAddress2/>
<CountryName>United States</CountryName>
<StateName>Ohio</StateName>
<StateCode>OH</StateCode>
<CONGRESSDISTRICT>10</CONGRESSDISTRICT>
<CONGRESS_DISTRICT_ORG>OH10</CONGRESS_DISTRICT_ORG>
<ORG_UEI_NUM>JKB8Q2AGCDD4</ORG_UEI_NUM>
<ORG_LGL_BUS_NAME>SINCLAIR COMMUNITY COLLEGE</ORG_LGL_BUS_NAME>
<ORG_PRNT_UEI_NUM>JKB8Q2AGCDD4</ORG_PRNT_UEI_NUM>
</Institution>
<Performance_Institution>
<Name><![CDATA[Sinclair Community College]]></Name>
<CityName>Dayton</CityName>
<StateCode>OH</StateCode>
<ZipCode>454021460</ZipCode>
<StreetAddress><![CDATA[444 West Third Street]]></StreetAddress>
<CountryCode>US</CountryCode>
<CountryName>United States</CountryName>
<StateName>Ohio</StateName>
<CountryFlag>1</CountryFlag>
<CONGRESSDISTRICT>10</CONGRESSDISTRICT>
<CONGRESS_DISTRICT_PERF>OH10</CONGRESS_DISTRICT_PERF>
</Performance_Institution>
<ProgramElement>
<Code>7412</Code>
<Text>Advanced Tech Education Prog</Text>
</ProgramElement>
<ProgramReference>
<Code>1032</Code>
<Text>ADVANCED TECHNOLOGY EDUCATION</Text>
</ProgramReference>
<ProgramReference>
<Code>9178</Code>
<Text>UNDERGRADUATE EDUCATION</Text>
</ProgramReference>
<ProgramReference>
<Code>SMET</Code>
<Text>SCIENCE, MATH, ENG &amp; TECH EDUCATION</Text>
</ProgramReference>
<FUND_OBLG>2022~602424</FUND_OBLG>
</Award>
</rootTag>
