<?xml version="1.0" encoding="UTF-8"?>
<rootTag>
<Award>
<AwardTitle><![CDATA[HVAC Fast Track: Establishing A Competency-Based HVAC/R Apprenticeship Program]]></AwardTitle>
<AGENCY>NSF</AGENCY>
<AwardEffectiveDate>07/01/2022</AwardEffectiveDate>
<AwardExpirationDate>06/30/2025</AwardExpirationDate>
<AwardTotalIntnAmount>650000.00</AwardTotalIntnAmount>
<AwardAmount>650000</AwardAmount>
<AwardInstrument>
<Value>Standard Grant</Value>
</AwardInstrument>
<Organization>
<Code>11040100</Code>
<Directorate>
<Abbreviation>EHR</Abbreviation>
<LongName>Direct For Education and Human Resources</LongName>
</Directorate>
<Division>
<Abbreviation>DUE</Abbreviation>
<LongName>Division Of Undergraduate Education</LongName>
</Division>
</Organization>
<ProgramOfficer>
<SignBlockName>Virginia Carter</SignBlockName>
<PO_EMAI>vccarter@nsf.gov</PO_EMAI>
<PO_PHON>7032924651</PO_PHON>
</ProgramOfficer>
<AbstractNarration><![CDATA[The United States heating, ventilation, air conditioning, and refrigeration (HVAC/R) industry is projected to see an increase in value from $26.5 billion in 2019 to $35.8 billion in 2030. It is projected that over the 10-year period from 2016-2026, HVAC/R jobs nationally will grow 15%. This project will design an accelerated HVAC/R apprenticeship program to support the HVAC/R industry in Northeast Ohio. The program will be responsive to input from regional industry partners regarding the design and implementation of the apprenticeship. It is expected that the competency-based apprenticeship model will allow apprentices to complete the program in three years rather than the five years for a traditional, time-based apprenticeship as apprentices will be assessed for competencies rather than tracked for completion of hours. The apprenticeship will provide a guided pathway that pays participants while they learn and offers apprentices the opportunity to earn a Journeyman credential upon successful completion of the program.&lt;br/&gt;&lt;br/&gt;The project team will develop a state-approved, accelerated, competency-based, HVAC/R apprenticeship program to help meet employment demand in the HVAC/R industry and provide students the field experience necessary to quickly move from an entry-level technician role to a Journeyman-certified HVAC/R position.  Project objectives include: 1) establish a state-approved, competency-based HVAC/R registered apprenticeship program at Stark State College; 2) enroll students into the apprenticeship with a focus on veteran students and high school students/recent graduates; 3) retain at least 80% of students/apprentices enrolled in the program; 4) prepare students for HVAC/R Journeyman certification upon completion of the accelerated apprenticeship; and 5) evaluate project outcomes and widely share best practices for replication purposes. By working with regional HVAC/R industry partners, local public school districts, community veterans agencies, and area workforce development agencies, the project will recruit apprentices into a career pathway leading to well-paying, high-demand occupations in the HVAC/R sector. The model of a competency-based apprenticeship may be adapted for other industry areas. This project is funded by the Advanced Technological Education program that focuses on the education of technicians for the advanced-technology fields that drive the nation's economy.&lt;br/&gt;&lt;br/&gt;This award reflects NSF's statutory mission and has been deemed worthy of support through evaluation using the Foundation's intellectual merit and broader impacts review criteria.]]></AbstractNarration>
<MinAmdLetterDate>06/11/2022</MinAmdLetterDate>
<MaxAmdLetterDate>06/11/2022</MaxAmdLetterDate>
<ARRAAmount/>
<TRAN_TYPE>Grant</TRAN_TYPE>
<CFDA_NUM>47.076</CFDA_NUM>
<NSF_PAR_USE_FLAG>1</NSF_PAR_USE_FLAG>
<FUND_AGCY_CODE>4900</FUND_AGCY_CODE>
<AWDG_AGCY_CODE>4900</AWDG_AGCY_CODE>
<AwardID>2202217</AwardID>
<Investigator>
<FirstName>Daniel</FirstName>
<LastName>Linger</LastName>
<PI_MID_INIT>E</PI_MID_INIT>
<PI_SUFX_NAME/>
<PI_FULL_NAME>Daniel E Linger</PI_FULL_NAME>
<EmailAddress><![CDATA[dlinger@starkstate.edu]]></EmailAddress>
<NSF_ID>000860648</NSF_ID>
<StartDate>06/11/2022</StartDate>
<EndDate/>
<RoleCode>Principal Investigator</RoleCode>
</Investigator>
<Investigator>
<FirstName>George</FirstName>
<LastName>Cardinal</LastName>
<PI_MID_INIT>W</PI_MID_INIT>
<PI_SUFX_NAME/>
<PI_FULL_NAME>George W Cardinal</PI_FULL_NAME>
<EmailAddress><![CDATA[gcardinal@starkstate.edu]]></EmailAddress>
<NSF_ID>000864752</NSF_ID>
<StartDate>06/11/2022</StartDate>
<EndDate/>
<RoleCode>Co-Principal Investigator</RoleCode>
</Investigator>
<Institution>
<Name>Stark State College of Technology</Name>
<CityName>NORTH CANTON</CityName>
<ZipCode>447207228</ZipCode>
<PhoneNumber>3304946170</PhoneNumber>
<StreetAddress>6200 FRANK AVE NW</StreetAddress>
<StreetAddress2/>
<CountryName>United States</CountryName>
<StateName>Ohio</StateName>
<StateCode>OH</StateCode>
<CONGRESSDISTRICT>16</CONGRESSDISTRICT>
<CONGRESS_DISTRICT_ORG>OH16</CONGRESS_DISTRICT_ORG>
<ORG_UEI_NUM>CJRNG45SK9D1</ORG_UEI_NUM>
<ORG_LGL_BUS_NAME>STARK STATE COLLEGE OF TECHNOLOGY</ORG_LGL_BUS_NAME>
<ORG_PRNT_UEI_NUM>CJRNG45SK9D1</ORG_PRNT_UEI_NUM>
</Institution>
<Performance_Institution>
<Name><![CDATA[Stark State College of Technology]]></Name>
<CityName>North Canton</CityName>
<StateCode>OH</StateCode>
<ZipCode>447207228</ZipCode>
<StreetAddress><![CDATA[6200 Frank Ave NW]]></StreetAddress>
<CountryCode>US</CountryCode>
<CountryName>United States</CountryName>
<StateName>Ohio</StateName>
<CountryFlag>1</CountryFlag>
<CONGRESSDISTRICT>16</CONGRESSDISTRICT>
<CONGRESS_DISTRICT_PERF>OH16</CONGRESS_DISTRICT_PERF>
</Performance_Institution>
<ProgramElement>
<Code>7412</Code>
<Text>Advanced Tech Education Prog</Text>
</ProgramElement>
<ProgramReference>
<Code>1032</Code>
<Text>ADVANCED TECHNOLOGY EDUCATION</Text>
</ProgramReference>
<ProgramReference>
<Code>9178</Code>
<Text>UNDERGRADUATE EDUCATION</Text>
</ProgramReference>
<ProgramReference>
<Code>SMET</Code>
<Text>SCIENCE, MATH, ENG &amp; TECH EDUCATION</Text>
</ProgramReference>
<FUND_OBLG>2022~650000</FUND_OBLG>
</Award>
</rootTag>
