<?xml version="1.0" encoding="UTF-8"?>
<rootTag>
<Award>
<AwardTitle>Geospatial Remote Sensing Hawaii</AwardTitle>
<AGENCY>NSF</AGENCY>
<AwardEffectiveDate>10/01/2022</AwardEffectiveDate>
<AwardExpirationDate>09/30/2025</AwardExpirationDate>
<AwardTotalIntnAmount>643865.00</AwardTotalIntnAmount>
<AwardAmount>643865</AwardAmount>
<AwardInstrument>
<Value>Standard Grant</Value>
</AwardInstrument>
<Organization>
<Code>11040100</Code>
<Directorate>
<Abbreviation>EHR</Abbreviation>
<LongName>Direct For Education and Human Resources</LongName>
</Directorate>
<Division>
<Abbreviation>DUE</Abbreviation>
<LongName>Division Of Undergraduate Education</LongName>
</Division>
</Organization>
<ProgramOfficer>
<SignBlockName>Kalyn Owens</SignBlockName>
<PO_EMAI>kowens@nsf.gov</PO_EMAI>
<PO_PHON>7032924615</PO_PHON>
</ProgramOfficer>
<AbstractNarration>Remote sensing of geographic features has become increasingly important with the availability of affordable Unmanned Aerial Vehicles (UAS), along with improved imagery and computing capabilities. These technologies have been used to enhance the assessment of natural disasters, ecosystem changes, sources of pollution, and general infrastructure challenges. In Hawaii, UAS is currently being used by several federal and state agencies to collect remote data for a wide variety of applications such as monitoring cyclone damage, volcanic eruptions, forest ecosystem health, sources of pollution and the integrity of the infrastructure. This local workforce need presents a significant opportunity to better prepare students to secure high paying jobs on the island of Hawaii. To accomplish this, a new technical education certificate program will be developed that focuses on skill development in geospatial agriculture technologies.  Completion of the certificate will provide students with a foundation in aerodynamics, the skills to practice safe and responsible operations of unmanned aerial vehicles and the experience to be competitive for industry positions in the region. &lt;br/&gt;&lt;br/&gt;The primary goal of this project is to create a new certificate program that focuses on preparing students to enter the workforce with skills in the collection and management of remote sensing data used in geospatial analysis. Three primary activities will be carried out to achieve this goal: 1) develop four new courses in geospatial agriculture technologies, 2) expand established partnerships with local high schools to create a dual enrollment program for pre-college students, and 3) share project results and resources both locally and with the geospatial community at the national level.  Each course will be designed to provide opportunities for skill development through lab activities, field work and experiential learning projects. Additionally, relevant geospatial equipment used by many companies and government agencies in the region will be embedded throughout the program. Project results will include an increased number of skilled technicians for local partners in the geospatial industry and new course curriculum shared with the technical education community at the national level. This project is funded by the Advanced Technological Education program that focuses on the education of technicians for the advanced-technology fields that drive the Nation's economy.&lt;br/&gt;&lt;br/&gt;This award reflects NSF's statutory mission and has been deemed worthy of support through evaluation using the Foundation's intellectual merit and broader impacts review criteria.</AbstractNarration>
<MinAmdLetterDate>05/11/2022</MinAmdLetterDate>
<MaxAmdLetterDate>05/11/2022</MaxAmdLetterDate>
<ARRAAmount/>
<TRAN_TYPE>Grant</TRAN_TYPE>
<CFDA_NUM>47.076</CFDA_NUM>
<NSF_PAR_USE_FLAG>1</NSF_PAR_USE_FLAG>
<FUND_AGCY_CODE>4900</FUND_AGCY_CODE>
<AWDG_AGCY_CODE>4900</AWDG_AGCY_CODE>
<AwardID>2202155</AwardID>
<Investigator>
<FirstName>Orlo</FirstName>
<LastName>Steele</LastName>
<PI_MID_INIT/>
<PI_SUFX_NAME/>
<PI_FULL_NAME>Orlo Steele</PI_FULL_NAME>
<EmailAddress>orlo@hawaii.edu</EmailAddress>
<PI_PHON>8089342623</PI_PHON>
<NSF_ID>000524281</NSF_ID>
<StartDate>05/11/2022</StartDate>
<EndDate/>
<RoleCode>Principal Investigator</RoleCode>
</Investigator>
<Investigator>
<FirstName>Donna</FirstName>
<LastName>De Silva</LastName>
<PI_MID_INIT/>
<PI_SUFX_NAME/>
<PI_FULL_NAME>Donna De Silva</PI_FULL_NAME>
<EmailAddress>deluz@hawaii.edu</EmailAddress>
<PI_PHON>8089342670</PI_PHON>
<NSF_ID>000863725</NSF_ID>
<StartDate>05/11/2022</StartDate>
<EndDate/>
<RoleCode>Co-Principal Investigator</RoleCode>
</Investigator>
<Institution>
<Name>University of Hawaii</Name>
<CityName>HONOLULU</CityName>
<ZipCode>96822</ZipCode>
<PhoneNumber>8089567800</PhoneNumber>
<StreetAddress>2425 CAMPUS RD SINCLAIR RM 1</StreetAddress>
<StreetAddress2/>
<CountryName>United States</CountryName>
<StateName>Hawaii</StateName>
<StateCode>HI</StateCode>
<CONGRESSDISTRICT>01</CONGRESSDISTRICT>
<CONGRESS_DISTRICT_ORG>HI01</CONGRESS_DISTRICT_ORG>
<ORG_UEI_NUM>NSCKLFSSABF2</ORG_UEI_NUM>
<ORG_LGL_BUS_NAME>UNIVERSITY OF HAWAII SYSTEMS</ORG_LGL_BUS_NAME>
<ORG_PRNT_UEI_NUM>KDVFJN7FXQC6</ORG_PRNT_UEI_NUM>
</Institution>
<Performance_Institution>
<Name><![CDATA[Hawaii Community College]]></Name>
<CityName>Hilo</CityName>
<StateCode>HI</StateCode>
<ZipCode>967201234</ZipCode>
<StreetAddress><![CDATA[1175 Manono St.]]></StreetAddress>
<CountryCode>US</CountryCode>
<CountryName>United States</CountryName>
<StateName>Hawaii</StateName>
<CountryFlag>1</CountryFlag>
<CONGRESSDISTRICT>02</CONGRESSDISTRICT>
<CONGRESS_DISTRICT_PERF>HI02</CONGRESS_DISTRICT_PERF>
</Performance_Institution>
<ProgramElement>
<Code>7412</Code>
<Text>Advanced Tech Education Prog</Text>
</ProgramElement>
<ProgramReference>
<Code>1032</Code>
<Text>ADVANCED TECHNOLOGY EDUCATION</Text>
</ProgramReference>
<ProgramReference>
<Code>9150</Code>
<Text>EXP PROG TO STIM COMP RES</Text>
</ProgramReference>
<ProgramReference>
<Code>9178</Code>
<Text>UNDERGRADUATE EDUCATION</Text>
</ProgramReference>
<ProgramReference>
<Code>SMET</Code>
<Text>SCIENCE, MATH, ENG &amp; TECH EDUCATION</Text>
</ProgramReference>
<FUND_OBLG>2022~643865</FUND_OBLG>
</Award>
</rootTag>
