<?xml version="1.0" encoding="UTF-8"?>
<rootTag>
<Award>
<AwardTitle><![CDATA[Collaborative Research: Reconstructing Climate Linkages Across the Tropical Oceans Over the Last Millennium]]></AwardTitle>
<AGENCY>NSF</AGENCY>
<AwardEffectiveDate>06/15/2022</AwardEffectiveDate>
<AwardExpirationDate>05/31/2025</AwardExpirationDate>
<AwardTotalIntnAmount>374582.00</AwardTotalIntnAmount>
<AwardAmount>374582</AwardAmount>
<AwardInstrument>
<Value>Standard Grant</Value>
</AwardInstrument>
<Organization>
<Code>06040200</Code>
<Directorate>
<Abbreviation>GEO</Abbreviation>
<LongName>Directorate For Geosciences</LongName>
</Directorate>
<Division>
<Abbreviation>OCE</Abbreviation>
<LongName>Division Of Ocean Sciences</LongName>
</Division>
</Organization>
<ProgramOfficer>
<SignBlockName>Daniel McCorkle</SignBlockName>
<PO_EMAI>dmccorkl@nsf.gov</PO_EMAI>
<PO_PHON>7032924543</PO_PHON>
</ProgramOfficer>
<AbstractNarration><![CDATA[Year-to-year changes in the temperatures of the tropical oceans impact climate and weather around the world. The clearest example of this is the El Niño-Southern Oscillation (ENSO) system in the tropical Pacific. Warming and cooling patterns related to ENSO have major effects on droughts, floods, and tropical storms. The temperature of the tropical Atlantic and Indian also affects weather in the same types of ways. Not only that, the three ocean basins can interact with each other since the atmosphere connects them all. For example, warming in the tropical Atlantic tends to lead to wind patterns that then cool off the tropical Pacific. This means that to predict how climate variations may change in the future, one must understand the connections between the tropical oceans. However, those relationships are known to change over long timescales (multiple decades), and temperature records are short and scarce in the tropics. As a result, this problem is difficult to study with traditional observations (e.g. thermometers). Instead, this project will produce records of temperature using the geochemistry of long-lived corals. By comparing data from corals in the Pacific, Atlantic, and Indian oceans, this research will show how these oceans have interacted over the past several centuries. Comparison of the 20th century with previous centuries will reveal the influence of recent warming.  This work explores whether these patterns appear in the climate models used to understand future climate change, and what physical processes are involved. Several different model groups will be used for comparison. Students and postdocs will also participate in this research. Finally, the project will develop training materials to make data and model results more accessible to those without a highly technical background. &lt;br/&gt;&lt;br/&gt;Interannual to multidecadal variability in the tropical oceans drives climate extremes that impact natural and human systems around the world. The equatorial Pacific ENSO system is particularly important, and recent work highlights that Atlantic and Indian ocean variability impact the recurrence and intensity of ENSO extremes. Multiple mechanisms drive these interactions, which are affected by natural and anthropogenic forcing. Yet the relative importance of each mechanism remains unknown, as does the time history of the inter-basin teleconnections. Closing this knowledge gap is fundamental to understanding how inter-basin interactions are influenced by external forcing and improving the accuracy of future model projections in the tropics and beyond. This study will create new paleoclimate records of sea surface temperature (SST) using the elemental and isotopic composition of coral skeletal material, in cores from centuries-old colonies in the Tropical North Atlantic (TNA) and Western Indian Ocean (WIO). These data will be combined with published data to reconstruct pre-instrumental SST for these regions and assess inter-basin interactions. The study will also explore the relationship of these patterns to external forcing. The project will evaluate the degree to which interbasin interactions are manifest across relevant model simulations. Insights from coral proxies will be explored with the ensemble of isotope-enabled Last Millennium Ensemble simulations: the study will analyze existing iCESM output, including ‘single forcing’ experiments to diagnose individual external influences on climate and isotopic variability, and perform targeted sensitivity experiments isolating the isotopic signatures associated with particular dynamical mechanisms.&lt;br/&gt;&lt;br/&gt;This award reflects NSF's statutory mission and has been deemed worthy of support through evaluation using the Foundation's intellectual merit and broader impacts review criteria.]]></AbstractNarration>
<MinAmdLetterDate>06/03/2022</MinAmdLetterDate>
<MaxAmdLetterDate>06/03/2022</MaxAmdLetterDate>
<ARRAAmount/>
<TRAN_TYPE>Grant</TRAN_TYPE>
<CFDA_NUM>47.050</CFDA_NUM>
<NSF_PAR_USE_FLAG>1</NSF_PAR_USE_FLAG>
<FUND_AGCY_CODE>4900</FUND_AGCY_CODE>
<AWDG_AGCY_CODE>4900</AWDG_AGCY_CODE>
<AwardID>2202794</AwardID>
<Investigator>
<FirstName>Samantha</FirstName>
<LastName>Stevenson</LastName>
<PI_MID_INIT/>
<PI_SUFX_NAME/>
<PI_FULL_NAME>Samantha Stevenson</PI_FULL_NAME>
<EmailAddress><![CDATA[stevenson@bren.ucsb.edu]]></EmailAddress>
<NSF_ID>000671018</NSF_ID>
<StartDate>06/03/2022</StartDate>
<EndDate/>
<RoleCode>Principal Investigator</RoleCode>
</Investigator>
<Institution>
<Name>University of California-Santa Barbara</Name>
<CityName>SANTA BARBARA</CityName>
<ZipCode>931060001</ZipCode>
<PhoneNumber>8058934188</PhoneNumber>
<StreetAddress>3227 CHEADLE HALL</StreetAddress>
<StreetAddress2/>
<CountryName>United States</CountryName>
<StateName>California</StateName>
<StateCode>CA</StateCode>
<CONGRESSDISTRICT>24</CONGRESSDISTRICT>
<CONGRESS_DISTRICT_ORG>CA24</CONGRESS_DISTRICT_ORG>
<ORG_UEI_NUM>G9QBQDH39DF4</ORG_UEI_NUM>
<ORG_LGL_BUS_NAME>UNIVERSITY OF CALIFORNIA, SANTA BARBARA</ORG_LGL_BUS_NAME>
<ORG_PRNT_UEI_NUM>NUDGYLBB4S99</ORG_PRNT_UEI_NUM>
</Institution>
<Performance_Institution>
<Name><![CDATA[University of California-Santa Barbara]]></Name>
<CityName>Santa Barbara</CityName>
<StateCode>CA</StateCode>
<ZipCode>931062050</ZipCode>
<StreetAddress><![CDATA[Office of Research]]></StreetAddress>
<CountryCode>US</CountryCode>
<CountryName>United States</CountryName>
<StateName>California</StateName>
<CountryFlag>1</CountryFlag>
<CONGRESSDISTRICT>24</CONGRESSDISTRICT>
<CONGRESS_DISTRICT_PERF>CA24</CONGRESS_DISTRICT_PERF>
</Performance_Institution>
<ProgramElement>
<Code>1620</Code>
<Text>Marine Geology and Geophysics</Text>
</ProgramElement>
<ProgramReference>
<Code>1304</Code>
<Text>EARTH SYSTEM HISTORY</Text>
</ProgramReference>
<ProgramReference>
<Code>1620</Code>
<Text>MARINE GEOLOGY AND GEOPHYSICS</Text>
</ProgramReference>
<ProgramReference>
<Code>7754</Code>
<Text>CLIMATE VARIABILITY &amp; CHANGE</Text>
</ProgramReference>
<ProgramReference>
<Code>8070</Code>
<Text>P2C2 Proposals</Text>
</ProgramReference>
<FUND_OBLG>2022~374582</FUND_OBLG>
</Award>
</rootTag>
