<?xml version="1.0" encoding="UTF-8"?>
<rootTag>
<Award>
<AwardTitle><![CDATA[GeoTech Geospatial Resource Center]]></AwardTitle>
<AGENCY>NSF</AGENCY>
<AwardEffectiveDate>07/01/2022</AwardEffectiveDate>
<AwardExpirationDate>06/30/2025</AwardExpirationDate>
<AwardTotalIntnAmount>1649295.00</AwardTotalIntnAmount>
<AwardAmount>1649295</AwardAmount>
<AwardInstrument>
<Value>Standard Grant</Value>
</AwardInstrument>
<Organization>
<Code>11040100</Code>
<Directorate>
<Abbreviation>EHR</Abbreviation>
<LongName>Direct For Education and Human Resources</LongName>
</Directorate>
<Division>
<Abbreviation>DUE</Abbreviation>
<LongName>Division Of Undergraduate Education</LongName>
</Division>
</Organization>
<ProgramOfficer>
<SignBlockName>Virginia Carter</SignBlockName>
<PO_EMAI>vccarter@nsf.gov</PO_EMAI>
<PO_PHON>7032924651</PO_PHON>
</ProgramOfficer>
<AbstractNarration><![CDATA[Geospatial Science and Technology (GST) integrates innovative tools and techniques to enable users to visualize, analyze, query, and predict temporal, spatial and critical relationships. GST helps to solve problems by looking at data in a way that is readily displayed, can be spatially analyzed, and easily shared. It is a science that includes Geographic Information Systems (GIS), remote sensing and image analysis, mapping and cartography, spatial analysis, and data collection tools such as global navigation satellite systems (GNSS) and unmanned aircraft systems (UAS). Whether it is the map on a smart phone or the navigation system in a car, the base-map in a video game, or the maps that one sees on TV, “geospatial” is all around. The science of GST is being used in resource management, environmental studies, urban planning, criminology, homeland security, military analysis, archaeology, precision agriculture, health sciences, political science, public safety and emergency response, physical sciences, earth sciences, marketing, logistics, economics, business, history, and virtually any other field that has a spatial and/or temporal component. Due to the ubiquitous nature of GST and the need for spatial analysis across many disciplines, instructors from middle school through college are embedding GST into their curriculum (including web-based mapping tools) to promote spatial thinking, or are offering GST specific courses or programs at their respective institutions to prepare students to successfully enter the workforce. The GeoTech National ATE Center is proposing to transition from a national center to a national Resource Center. The GeoTech Resource Center will focus on researching evolving workforce geospatial competencies and career pathways, curriculum modification based on changes/revisions to workforce geospatial competencies, curriculum especially designed for historically  underserved populations, and professional development opportunities for secondary and post-secondary educators.&lt;br/&gt;&lt;br/&gt;The goals for the GeoTech Geospatial Resource Center are: 1) Research, create, and aggregate competencies that will support careers and programs. 2) Create and disseminate curriculum resources in an easily searchable resource repository, and 3) Provide professional development opportunities in face- to-face and virtual synchronous and asynchronous modalities to prepare educators to teach standards- based curriculum. These goals will provide the geospatial community of users (educators and industry professionals alike) curricular offerings in cutting edge GST, which is crucial in creating a well-prepared geospatial technician and technologist workforce. An evaluative process will be implemented to continually review workforce competencies, improve the educational materials produced, and enrich innovative professional development offerings. Learning modules will developed and will be contextual and relevant to historically underserved populations to excite them about GST careers and applications. Lessons will address a wide spectrum of social justice issues for people of color, women, tribal institutions, the LGBTQ community, and historical lessons such as redline maps. Environmental  current events such as climate change and wildfires will also be addressed. The curriculum will be modularized and portable to different learning environments and therefore designed to reach a large cohort of users. This project is funded by the Advanced Technological Education program that focuses on the education of technicians for the advanced-technology fields that drive the Nation's economy.&lt;br/&gt;&lt;br/&gt;This award reflects NSF's statutory mission and has been deemed worthy of support through evaluation using the Foundation's intellectual merit and broader impacts review criteria.]]></AbstractNarration>
<MinAmdLetterDate>03/29/2022</MinAmdLetterDate>
<MaxAmdLetterDate>03/29/2022</MaxAmdLetterDate>
<ARRAAmount/>
<TRAN_TYPE>Grant</TRAN_TYPE>
<CFDA_NUM>47.076</CFDA_NUM>
<NSF_PAR_USE_FLAG>1</NSF_PAR_USE_FLAG>
<FUND_AGCY_CODE>4900</FUND_AGCY_CODE>
<AWDG_AGCY_CODE>4900</AWDG_AGCY_CODE>
<AwardID>2202038</AwardID>
<Investigator>
<FirstName>Vincent</FirstName>
<LastName>DiNoto</LastName>
<PI_MID_INIT>A</PI_MID_INIT>
<PI_SUFX_NAME>Jr.</PI_SUFX_NAME>
<PI_FULL_NAME>Vincent A DiNoto</PI_FULL_NAME>
<EmailAddress><![CDATA[Vince.DiNoto@kctcs.edu]]></EmailAddress>
<NSF_ID>000287749</NSF_ID>
<StartDate>03/29/2022</StartDate>
<EndDate/>
<RoleCode>Principal Investigator</RoleCode>
</Investigator>
<Investigator>
<FirstName>Ken</FirstName>
<LastName>Yanow</LastName>
<PI_MID_INIT/>
<PI_SUFX_NAME/>
<PI_FULL_NAME>Ken Yanow</PI_FULL_NAME>
<EmailAddress><![CDATA[kyanow@swccd.edu]]></EmailAddress>
<NSF_ID>000452554</NSF_ID>
<StartDate>03/29/2022</StartDate>
<EndDate/>
<RoleCode>Co-Principal Investigator</RoleCode>
</Investigator>
<Investigator>
<FirstName>Thomas</FirstName>
<LastName>Mueller</LastName>
<PI_MID_INIT/>
<PI_SUFX_NAME/>
<PI_FULL_NAME>Thomas Mueller</PI_FULL_NAME>
<EmailAddress><![CDATA[mueller@calu.edu]]></EmailAddress>
<NSF_ID>000202290</NSF_ID>
<StartDate>03/29/2022</StartDate>
<EndDate/>
<RoleCode>Co-Principal Investigator</RoleCode>
</Investigator>
<Investigator>
<FirstName>Ann</FirstName>
<LastName>Johnson</LastName>
<PI_MID_INIT>B</PI_MID_INIT>
<PI_SUFX_NAME/>
<PI_FULL_NAME>Ann B Johnson</PI_FULL_NAME>
<EmailAddress><![CDATA[ann@BareMt.com]]></EmailAddress>
<NSF_ID>000079705</NSF_ID>
<StartDate>03/29/2022</StartDate>
<EndDate/>
<RoleCode>Co-Principal Investigator</RoleCode>
</Investigator>
<Investigator>
<FirstName>Nicole</FirstName>
<LastName>Ernst</LastName>
<PI_MID_INIT>L</PI_MID_INIT>
<PI_SUFX_NAME/>
<PI_FULL_NAME>Nicole L Ernst</PI_FULL_NAME>
<EmailAddress><![CDATA[nlernst@hacc.edu]]></EmailAddress>
<NSF_ID>000704444</NSF_ID>
<StartDate>03/29/2022</StartDate>
<EndDate/>
<RoleCode>Co-Principal Investigator</RoleCode>
</Investigator>
<Institution>
<Name>Kentucky Community &amp; Technical College System</Name>
<CityName>VERSAILLES</CityName>
<ZipCode>403831245</ZipCode>
<PhoneNumber>8592563397</PhoneNumber>
<StreetAddress>300 N MAIN ST</StreetAddress>
<StreetAddress2/>
<CountryName>United States</CountryName>
<StateName>Kentucky</StateName>
<StateCode>KY</StateCode>
<CONGRESSDISTRICT>06</CONGRESSDISTRICT>
<CONGRESS_DISTRICT_ORG>KY06</CONGRESS_DISTRICT_ORG>
<ORG_UEI_NUM>GWSXAJZALU69</ORG_UEI_NUM>
<ORG_LGL_BUS_NAME>KENTUCKY COMMUNITY &amp; TECHNICAL COLLEGE SYSTEM</ORG_LGL_BUS_NAME>
<ORG_PRNT_UEI_NUM>GWSXAJZALU69</ORG_PRNT_UEI_NUM>
</Institution>
<Performance_Institution>
<Name><![CDATA[Jefferson Community and Technical College]]></Name>
<CityName>Louisville</CityName>
<StateCode>KY</StateCode>
<ZipCode>402722653</ZipCode>
<StreetAddress><![CDATA[1000 Community College Dr.]]></StreetAddress>
<CountryCode>US</CountryCode>
<CountryName>United States</CountryName>
<StateName>Kentucky</StateName>
<CountryFlag>1</CountryFlag>
<CONGRESSDISTRICT>03</CONGRESSDISTRICT>
<CONGRESS_DISTRICT_PERF>KY03</CONGRESS_DISTRICT_PERF>
</Performance_Institution>
<ProgramElement>
<Code>7412</Code>
<Text>Advanced Tech Education Prog</Text>
</ProgramElement>
<ProgramReference>
<Code>1032</Code>
<Text>ADVANCED TECHNOLOGY EDUCATION</Text>
</ProgramReference>
<ProgramReference>
<Code>9150</Code>
<Text>EXP PROG TO STIM COMP RES</Text>
</ProgramReference>
<ProgramReference>
<Code>9178</Code>
<Text>UNDERGRADUATE EDUCATION</Text>
</ProgramReference>
<ProgramReference>
<Code>SMET</Code>
<Text>SCIENCE, MATH, ENG &amp; TECH EDUCATION</Text>
</ProgramReference>
<FUND_OBLG>2022~1649295</FUND_OBLG>
</Award>
</rootTag>
