<?xml version="1.0" encoding="UTF-8"?>
<rootTag>
<Award>
<AwardTitle>RAPID: The Impact of Bans on Peremptory Challenges On Voir Dire, Jury Composition, and Case Outcomes</AwardTitle>
<AGENCY>NSF</AGENCY>
<AwardEffectiveDate>12/01/2021</AwardEffectiveDate>
<AwardExpirationDate>11/30/2022</AwardExpirationDate>
<AwardTotalIntnAmount>199750.00</AwardTotalIntnAmount>
<AwardAmount>199750</AwardAmount>
<AwardInstrument>
<Value>Standard Grant</Value>
</AwardInstrument>
<Organization>
<Code>04050000</Code>
<Directorate>
<Abbreviation>SBE</Abbreviation>
<LongName>Direct For Social, Behav &amp; Economic Scie</LongName>
</Directorate>
<Division>
<Abbreviation>SES</Abbreviation>
<LongName>Divn Of Social and Economic Sciences</LongName>
</Division>
</Organization>
<ProgramOfficer>
<SignBlockName>Reginald Sheehan</SignBlockName>
<PO_EMAI>rsheehan@nsf.gov</PO_EMAI>
<PO_PHON>7032925389</PO_PHON>
</ProgramOfficer>
<AbstractNarration>Despite decades of effort aimed at reducing disparities in the American legal system, they persist. Certain demographic groups are overrepresented in prisons and among those falsely convicted, due, in part, to their continually being underrepresented on juries. Increased diversity on juries improves the quality of deliberation and reduces bias in jury decisions—but prosecutors’ use of peremptory challenges is a primary mechanism for creating disparities on juries. Prosecutors strike jurors from some groups at higher rates and successfully provide neutral reasons when challenged. Arizona is about to take a truly transformative step by banning peremptory challenges, a ground-breaking reform taking effect on January 1st, 2022. The stated goal of the ban is to combat bias in jury selection; the assumption being that this will increase jury diversity and reduce bias in verdicts. This project advances basic science on diversity, group decision-making, and combating bias in a real-world setting. It tests whether a structural change to the jury selection process alters how jury selection decisions are made and the downstream consequences for diversity and bias on juries. It tests whether racial discrimination in jury selection persists because attorneys shift their tendency to offer compelling neutral justifications for excluding jurors of some groups from peremptory challenges to challenges for cause. This project furthers NSF values of combating bias and promoting equity, diversity, and inclusion by testing the impact of a large-scale ground-breaking intervention designed to do just that in the legal system. This project also creates important databases for future research and involve many members of underrepresented groups as research assistants in every stage of the research. &lt;br/&gt;&lt;br/&gt;This rule change presents an important and ephemeral opportunity to collect data on voir dire practices, composition of juries, and case outcomes before and after this change. This transdisciplinary, multi-method project is designed to achieve the following research aims: (1) test whether Superior Court juries are significantly more diverse and representative after the peremptory challenge ban, (2) test whether conviction or liability rates in cases with defendants of some groups will significantly decrease after the peremptory challenge ban, (3) test whether the percentage of persons of some groups excused for hardship/cause will significantly increase after the peremptory challenge ban is enacted, thereby mitigating the overall impact of the ban, (4) test whether the way challenges for cause are argued and decided in court changes after the peremptory challenge ban is enacted in ways that mitigate the overall impact of the ban, and (5) conduct interviews with judges and attorneys regarding how they might alter their jury selection strategies in ways that limit the impact of the ban on overall jury composition.&lt;br/&gt;&lt;br/&gt;This award reflects NSF's statutory mission and has been deemed worthy of support through evaluation using the Foundation's intellectual merit and broader impacts review criteria.</AbstractNarration>
<MinAmdLetterDate>11/16/2021</MinAmdLetterDate>
<MaxAmdLetterDate>11/16/2021</MaxAmdLetterDate>
<ARRAAmount/>
<TRAN_TYPE>Grant</TRAN_TYPE>
<CFDA_NUM>47.075</CFDA_NUM>
<NSF_PAR_USE_FLAG>1</NSF_PAR_USE_FLAG>
<FUND_AGCY_CODE>4900</FUND_AGCY_CODE>
<AWDG_AGCY_CODE>4900</AWDG_AGCY_CODE>
<AwardID>2202144</AwardID>
<Investigator>
<FirstName>Cassia</FirstName>
<LastName>Spohn</LastName>
<PI_MID_INIT/>
<PI_SUFX_NAME/>
<PI_FULL_NAME>Cassia Spohn</PI_FULL_NAME>
<EmailAddress>Cassia.Spohn@asu.edu</EmailAddress>
<PI_PHON>4809655479</PI_PHON>
<NSF_ID>000522688</NSF_ID>
<StartDate>11/16/2021</StartDate>
<EndDate/>
<RoleCode>Co-Principal Investigator</RoleCode>
</Investigator>
<Investigator>
<FirstName>Jessica</FirstName>
<LastName>Salerno</LastName>
<PI_MID_INIT/>
<PI_SUFX_NAME/>
<PI_FULL_NAME>Jessica Salerno</PI_FULL_NAME>
<EmailAddress>jessica.salerno@asu.edu</EmailAddress>
<PI_PHON>6025435679</PI_PHON>
<NSF_ID>000586145</NSF_ID>
<StartDate>11/16/2021</StartDate>
<EndDate/>
<RoleCode>Principal Investigator</RoleCode>
</Investigator>
<Investigator>
<FirstName>Shi</FirstName>
<LastName>Yan</LastName>
<PI_MID_INIT/>
<PI_SUFX_NAME/>
<PI_FULL_NAME>Shi Yan</PI_FULL_NAME>
<EmailAddress>shiyan@asu.edu</EmailAddress>
<PI_PHON>6024961514</PI_PHON>
<NSF_ID>000866362</NSF_ID>
<StartDate>11/16/2021</StartDate>
<EndDate/>
<RoleCode>Co-Principal Investigator</RoleCode>
</Investigator>
<Investigator>
<FirstName>Valena</FirstName>
<LastName>Beety</LastName>
<PI_MID_INIT/>
<PI_SUFX_NAME/>
<PI_FULL_NAME>Valena Beety</PI_FULL_NAME>
<EmailAddress>valena.beety@asu.edu</EmailAddress>
<PI_PHON>7734502384</PI_PHON>
<NSF_ID>000866364</NSF_ID>
<StartDate>11/16/2021</StartDate>
<EndDate/>
<RoleCode>Co-Principal Investigator</RoleCode>
</Investigator>
<Investigator>
<FirstName>Henry</FirstName>
<LastName>Fradella</LastName>
<PI_MID_INIT>F</PI_MID_INIT>
<PI_SUFX_NAME/>
<PI_FULL_NAME>Henry F Fradella</PI_FULL_NAME>
<EmailAddress>Hank.Fradella@asu.edu</EmailAddress>
<PI_PHON>6024960237</PI_PHON>
<NSF_ID>000866361</NSF_ID>
<StartDate>11/16/2021</StartDate>
<EndDate/>
<RoleCode>Co-Principal Investigator</RoleCode>
</Investigator>
<Institution>
<Name>Arizona State University</Name>
<CityName>TEMPE</CityName>
<ZipCode>852813670</ZipCode>
<PhoneNumber>4809655479</PhoneNumber>
<StreetAddress>660 S MILL AVE STE 312</StreetAddress>
<StreetAddress2/>
<CountryName>United States</CountryName>
<StateName>Arizona</StateName>
<StateCode>AZ</StateCode>
<CONGRESSDISTRICT>09</CONGRESSDISTRICT>
<CONGRESS_DISTRICT_ORG>AZ09</CONGRESS_DISTRICT_ORG>
<ORG_UEI_NUM>NTLHJXM55KZ6</ORG_UEI_NUM>
<ORG_LGL_BUS_NAME>ARIZONA STATE UNIVERSITY</ORG_LGL_BUS_NAME>
<ORG_PRNT_UEI_NUM>HX59VKHQH1V7</ORG_PRNT_UEI_NUM>
</Institution>
<Performance_Institution>
<Name><![CDATA[Arizona State University-West]]></Name>
<CityName>Glendale</CityName>
<StateCode>AZ</StateCode>
<ZipCode>853064900</ZipCode>
<StreetAddress><![CDATA[4701 W Thunderbird Road.]]></StreetAddress>
<CountryCode>US</CountryCode>
<CountryName>United States</CountryName>
<StateName>Arizona</StateName>
<CountryFlag>1</CountryFlag>
<CONGRESSDISTRICT>08</CONGRESSDISTRICT>
<CONGRESS_DISTRICT_PERF>AZ08</CONGRESS_DISTRICT_PERF>
</Performance_Institution>
<ProgramElement>
<Code>128Y</Code>
<Text>Law &amp; Science</Text>
</ProgramElement>
<ProgramReference>
<Code>7914</Code>
<Text>RAPID</Text>
</ProgramReference>
<ProgramReference>
<Code>9178</Code>
<Text>UNDERGRADUATE EDUCATION</Text>
</ProgramReference>
<ProgramReference>
<Code>9179</Code>
<Text>GRADUATE INVOLVEMENT</Text>
</ProgramReference>
<FUND_OBLG>2022~199750</FUND_OBLG>
</Award>
</rootTag>
