<?xml version="1.0" encoding="UTF-8"?>
<rootTag>
<Award>
<AwardTitle>Creating Pathways for Technicians in Advanced Design and Manufacturing Technologies</AwardTitle>
<AGENCY>NSF</AGENCY>
<AwardEffectiveDate>07/01/2022</AwardEffectiveDate>
<AwardExpirationDate>06/30/2025</AwardExpirationDate>
<AwardTotalIntnAmount>525793.00</AwardTotalIntnAmount>
<AwardAmount>525793</AwardAmount>
<AwardInstrument>
<Value>Standard Grant</Value>
</AwardInstrument>
<Organization>
<Code>11040100</Code>
<Directorate>
<Abbreviation>EHR</Abbreviation>
<LongName>Direct For Education and Human Resources</LongName>
</Directorate>
<Division>
<Abbreviation>DUE</Abbreviation>
<LongName>Division Of Undergraduate Education</LongName>
</Division>
</Organization>
<ProgramOfficer>
<SignBlockName>John Jackman</SignBlockName>
<PO_EMAI>jjackman@nsf.gov</PO_EMAI>
<PO_PHON>7032924816</PO_PHON>
</ProgramOfficer>
<AbstractNarration>The manufacturing sector is undergoing rapid changes as additive manufacturing (also known as 3D printing) and robotic automation transform the way products are designed and produced. These changes have created an industry demand for machinists and manufacturing technicians who are capable of applying these technologies in manufacturing facilities. However, the number of graduates from technician programs that are focused on these technologies has not kept pace with the demand. Technical education programs are needed that help students acquire the knowledge, skills, and abilities to successfully apply these emerging technologies. There is also an opportunity to increase the number of college instructors who are capable of providing technical education programs in advanced manufacturing. This project will develop new courses and certificate programs related to additive manufacturing and automation, provide industry mentors and student support services to broaden participation in the technical workforce, and provide professional development opportunities for instructors at other institutions. This project will create pathways for students to pursue high paying jobs with career advancement potential in the Silicon Valley region.&lt;br/&gt;&lt;br/&gt;The goals of this project are to (1) increase the number of qualified technicians who can apply advanced design and manufacturing technologies, (2) improve the retention and success of students from historically underrepresented groups, and (3) increase the number of institutions that are capable of offering technical education in this field. A survey of industry partners in the region will be conducted to determine the knowledge, skills, and abilities that are necessary for advanced design and manufacturing technicians. Based on the survey results, new courses will be developed and existing courses will be revised to incorporate the new content. These courses will be used to create new certificates in multi-axis computer controlled machining and robotic automation that are aligned with industry certifications. In collaboration with industry partners, the project team will develop a professional mentoring program in which professionals from industry mentor a group of students in the program who are from historically underrepresented groups. An instructor professional development curriculum will be developed that focuses on computer-aided design, additive manufacturing, multi-axis machining, and robotic automation. The professional development program will be offered twice a year for college manufacturing faculty from the San Francisco Bay region. This project is funded by the Advanced Technological Education program that focuses on the education of technicians for the advanced-technology fields that drive the Nation’s economy.&lt;br/&gt;&lt;br/&gt;This award reflects NSF's statutory mission and has been deemed worthy of support through evaluation using the Foundation's intellectual merit and broader impacts review criteria.</AbstractNarration>
<MinAmdLetterDate>03/07/2022</MinAmdLetterDate>
<MaxAmdLetterDate>03/07/2022</MaxAmdLetterDate>
<ARRAAmount/>
<TRAN_TYPE>Grant</TRAN_TYPE>
<CFDA_NUM>47.076</CFDA_NUM>
<NSF_PAR_USE_FLAG>1</NSF_PAR_USE_FLAG>
<FUND_AGCY_CODE>4900</FUND_AGCY_CODE>
<AWDG_AGCY_CODE>4900</AWDG_AGCY_CODE>
<AwardID>2202221</AwardID>
<Investigator>
<FirstName>Michael</FirstName>
<LastName>Appio</LastName>
<PI_MID_INIT>J</PI_MID_INIT>
<PI_SUFX_NAME/>
<PI_FULL_NAME>Michael J Appio</PI_FULL_NAME>
<EmailAddress>appiomike@deanza.edu</EmailAddress>
<PI_PHON>4088648283</PI_PHON>
<NSF_ID>000866211</NSF_ID>
<StartDate>03/07/2022</StartDate>
<EndDate/>
<RoleCode>Principal Investigator</RoleCode>
</Investigator>
<Investigator>
<FirstName>Margaret</FirstName>
<LastName>Bdzil</LastName>
<PI_MID_INIT>M</PI_MID_INIT>
<PI_SUFX_NAME/>
<PI_FULL_NAME>Margaret M Bdzil</PI_FULL_NAME>
<EmailAddress>bdzilmargaret@deanza.edu</EmailAddress>
<PI_PHON>4088648937</PI_PHON>
<NSF_ID>000866208</NSF_ID>
<StartDate>03/07/2022</StartDate>
<EndDate/>
<RoleCode>Co-Principal Investigator</RoleCode>
</Investigator>
<Investigator>
<FirstName>Roberto</FirstName>
<LastName>Sanchez</LastName>
<PI_MID_INIT>E</PI_MID_INIT>
<PI_SUFX_NAME/>
<PI_FULL_NAME>Roberto E Sanchez</PI_FULL_NAME>
<EmailAddress>sanchezroberto@fhda.edu</EmailAddress>
<PI_PHON>4087125068</PI_PHON>
<NSF_ID>000866371</NSF_ID>
<StartDate>03/07/2022</StartDate>
<EndDate/>
<RoleCode>Co-Principal Investigator</RoleCode>
</Investigator>
<Institution>
<Name>Foothill-De Anza Community College District</Name>
<CityName>LOS ALTOS</CityName>
<ZipCode>940224504</ZipCode>
<PhoneNumber>6509496201</PhoneNumber>
<StreetAddress>12345 S EL MONTE RD</StreetAddress>
<StreetAddress2/>
<CountryName>United States</CountryName>
<StateName>California</StateName>
<StateCode>CA</StateCode>
<CONGRESSDISTRICT>18</CONGRESSDISTRICT>
<CONGRESS_DISTRICT_ORG>CA18</CONGRESS_DISTRICT_ORG>
<ORG_UEI_NUM>F9AQH2LNQ6B3</ORG_UEI_NUM>
<ORG_LGL_BUS_NAME>FOOTHILL-DE ANZA COMMUNITY COLLEGE DISTRICT</ORG_LGL_BUS_NAME>
<ORG_PRNT_UEI_NUM>F9AQH2LNQ6B3</ORG_PRNT_UEI_NUM>
</Institution>
<Performance_Institution>
<Name><![CDATA[De Anza College]]></Name>
<CityName>Cupertino</CityName>
<StateCode>CA</StateCode>
<ZipCode>950145797</ZipCode>
<StreetAddress><![CDATA[21250 Stevens Creek Blvd.]]></StreetAddress>
<CountryCode>US</CountryCode>
<CountryName>United States</CountryName>
<StateName>California</StateName>
<CountryFlag>1</CountryFlag>
<CONGRESSDISTRICT>17</CONGRESSDISTRICT>
<CONGRESS_DISTRICT_PERF>CA17</CONGRESS_DISTRICT_PERF>
</Performance_Institution>
<ProgramElement>
<Code>7412</Code>
<Text>Advanced Tech Education Prog</Text>
</ProgramElement>
<ProgramReference>
<Code>1032</Code>
<Text>ADVANCED TECHNOLOGY EDUCATION</Text>
</ProgramReference>
<ProgramReference>
<Code>9178</Code>
<Text>UNDERGRADUATE EDUCATION</Text>
</ProgramReference>
<ProgramReference>
<Code>SMET</Code>
<Text>SCIENCE, MATH, ENG &amp; TECH EDUCATION</Text>
</ProgramReference>
<FUND_OBLG>2022~525793</FUND_OBLG>
</Award>
</rootTag>
