<?xml version="1.0" encoding="UTF-8"?>
<rootTag>
<Award>
<AwardTitle><![CDATA[RI: Small: Learning 3D Equivariant Visual Representation for Animals]]></AwardTitle>
<AGENCY>NSF</AGENCY>
<AwardEffectiveDate>10/01/2022</AwardEffectiveDate>
<AwardExpirationDate>09/30/2025</AwardExpirationDate>
<AwardTotalIntnAmount>501659.00</AwardTotalIntnAmount>
<AwardAmount>501659</AwardAmount>
<AwardInstrument>
<Value>Standard Grant</Value>
</AwardInstrument>
<Organization>
<Code>05020000</Code>
<Directorate>
<Abbreviation>CSE</Abbreviation>
<LongName>Direct For Computer &amp; Info Scie &amp; Enginr</LongName>
</Directorate>
<Division>
<Abbreviation>IIS</Abbreviation>
<LongName>Div Of Information &amp; Intelligent Systems</LongName>
</Division>
</Organization>
<ProgramOfficer>
<SignBlockName>Jie Yang</SignBlockName>
<PO_EMAI>jyang@nsf.gov</PO_EMAI>
<PO_PHON>7032924768</PO_PHON>
</ProgramOfficer>
<AbstractNarration><![CDATA[Recent advances in computer vision make it possible to track humans in the wild with remarkable accuracy. Generalizing these new approaches towards diverse animal species, however, is still premature, despite the significant scientific and societal impact on multiple disciplines such as biology, neuroscience, and medicine. These approaches are built upon a supervised learning paradigm that requires sizable annotated data, but attaining comparable annotated visual data for animal species is fundamentally infeasible, as it requires expert knowledge and there is limited availability of species-specific images, leading to a large bias in the tracking models. In this research project, the investigator will develop new computer vision theories and algorithms that can effectively explore a large or potentially infinite number of unlabeled images of animals. The developed fundamentals are generic, and therefore readily applicable, with some modifications, to similar computer vision tasks, such as 2D/3D human pose estimation, deformable object registration, and dense correspondence estimation. The project integrates research with education and outreaches to K-12 students of under-represented groups through a series of programs.&lt;br/&gt;&lt;br/&gt;While the primary focus of this research program is on learning a visual representation of animals, this project addresses a core computer vision problem of landmark localization/keypoint detection/pose estimation given a limited amount of labeled data. The project will make use of 3D equivariance, an intrinsic property in visual data of articulated deformable objects, to uncover shared and repeatable visual relationships across views, time, and species. The investigator will integrate the proposed equivariance through 3D reconstruction of animals into representation learning, which will facilitate the transfer of visual information from one image to another.  More specifically, the project will work on: (1) a new multiview geometry to learn the visual transformation across views, which allows cross-view self-supervision; (2) a re-formulation of non-rigid structure from motion, parametrized by 3D pose to enable learning from monocular videos; and (3) disentanglement of appearance and 3D pose to learn the visual transformation across species.&lt;br/&gt;&lt;br/&gt;This award reflects NSF's statutory mission and has been deemed worthy of support through evaluation using the Foundation's intellectual merit and broader impacts review criteria.]]></AbstractNarration>
<MinAmdLetterDate>06/15/2022</MinAmdLetterDate>
<MaxAmdLetterDate>06/15/2022</MaxAmdLetterDate>
<ARRAAmount/>
<TRAN_TYPE>Grant</TRAN_TYPE>
<CFDA_NUM>47.070</CFDA_NUM>
<NSF_PAR_USE_FLAG>1</NSF_PAR_USE_FLAG>
<FUND_AGCY_CODE>4900</FUND_AGCY_CODE>
<AWDG_AGCY_CODE>4900</AWDG_AGCY_CODE>
<AwardID>2202024</AwardID>
<Investigator>
<FirstName>Hyun Soo</FirstName>
<LastName>Park</LastName>
<PI_MID_INIT/>
<PI_SUFX_NAME/>
<PI_FULL_NAME>Hyun Soo Park</PI_FULL_NAME>
<EmailAddress><![CDATA[hspark@umn.edu]]></EmailAddress>
<NSF_ID>000741915</NSF_ID>
<StartDate>06/15/2022</StartDate>
<EndDate/>
<RoleCode>Principal Investigator</RoleCode>
</Investigator>
<Institution>
<Name>University of Minnesota-Twin Cities</Name>
<CityName>MINNEAPOLIS</CityName>
<ZipCode>554552009</ZipCode>
<PhoneNumber>6126245599</PhoneNumber>
<StreetAddress>200 OAK ST SE # 224</StreetAddress>
<StreetAddress2/>
<CountryName>United States</CountryName>
<StateName>Minnesota</StateName>
<StateCode>MN</StateCode>
<CONGRESSDISTRICT>05</CONGRESSDISTRICT>
<CONGRESS_DISTRICT_ORG>MN05</CONGRESS_DISTRICT_ORG>
<ORG_UEI_NUM>KABJZBBJ4B54</ORG_UEI_NUM>
<ORG_LGL_BUS_NAME>REGENTS OF THE UNIVERSITY OF MINNESOTA</ORG_LGL_BUS_NAME>
<ORG_PRNT_UEI_NUM>CB47L9C9MDX1</ORG_PRNT_UEI_NUM>
</Institution>
<Performance_Institution>
<Name><![CDATA[University of Minnesota-Twin Cities]]></Name>
<CityName>Minneapolis</CityName>
<StateCode>MN</StateCode>
<ZipCode>554550153</ZipCode>
<StreetAddress><![CDATA[100 Union St SE]]></StreetAddress>
<CountryCode>US</CountryCode>
<CountryName>United States</CountryName>
<StateName>Minnesota</StateName>
<CountryFlag>1</CountryFlag>
<CONGRESSDISTRICT>05</CONGRESSDISTRICT>
<CONGRESS_DISTRICT_PERF>MN05</CONGRESS_DISTRICT_PERF>
</Performance_Institution>
<ProgramElement>
<Code>7495</Code>
<Text>Robust Intelligence</Text>
</ProgramElement>
<ProgramReference>
<Code>7495</Code>
<Text>ROBUST INTELLIGENCE</Text>
</ProgramReference>
<ProgramReference>
<Code>7923</Code>
<Text>SMALL PROJECT</Text>
</ProgramReference>
<FUND_OBLG>2022~501659</FUND_OBLG>
</Award>
</rootTag>
