<?xml version="1.0" encoding="UTF-8"?>
<rootTag>
<Award>
<AwardTitle>CDS&amp;E: Inferring Lattice Dynamics from Temporal X-ray Diffraction Data</AwardTitle>
<AGENCY>NSF</AGENCY>
<AwardEffectiveDate>08/01/2022</AwardEffectiveDate>
<AwardExpirationDate>07/31/2025</AwardExpirationDate>
<AwardTotalIntnAmount>375000.00</AwardTotalIntnAmount>
<AwardAmount>249998</AwardAmount>
<AwardInstrument>
<Value>Continuing Grant</Value>
</AwardInstrument>
<Organization>
<Code>03070000</Code>
<Directorate>
<Abbreviation>MPS</Abbreviation>
<LongName>Direct For Mathematical &amp; Physical Scien</LongName>
</Directorate>
<Division>
<Abbreviation>DMR</Abbreviation>
<LongName>Division Of Materials Research</LongName>
</Division>
</Organization>
<ProgramOfficer>
<SignBlockName>Serdar Ogut</SignBlockName>
<PO_EMAI>sogut@nsf.gov</PO_EMAI>
<PO_PHON>7032920000</PO_PHON>
</ProgramOfficer>
<AbstractNarration>NONTECHNICAL SUMMARY&lt;br/&gt;&lt;br/&gt;Emerging X-ray scattering experimental techniques provide the capability to probe correlations between atomic structure and physical properties of materials with atomic-scale (around one-billionth of a meter) sensitivity and with one trillionth of a second time resolution. The images obtained in these scattering experiments contain visual features, such as rings, spots, and halos, which encode detailed information about the atomic structure and its time evolution. However, the corresponding data sets are enormously large, and therefore, manually analyzing them with many uncertainties cannot be solely performed by human experts. This award supports research and educational activities to develop artificial intelligence techniques to mine data from X-ray scattering experiments to detect atomic-scale mechanisms of phase transformations and plastic deformation in materials when they are subjected to extreme conditions like high pressure, temperature or strain. Achieving a fundamental understanding of the mechanisms that govern the arrangement and motion of atoms is crucial for identifying new pathways of forming new matter with desired properties and behavior at extreme conditions. &lt;br/&gt;&lt;br/&gt;This project will also provide multidisciplinary training for undergraduate and graduate students in computational materials science, advanced atomic-level structural/chemical characterization, molecular dynamics simulations, and artificial intelligence techniques. The project will inform the design of new course material and modules on artificial intelligence applied to materials science. The PIs will also be involved in outreach to K-12 students aimed at broadening participation of underrepresented groups in science, technology, engineering, and mathematics and raise awareness of nanotechnology and materials science.&lt;br/&gt;&lt;br/&gt;TECHNICAL SUMMARY&lt;br/&gt;&lt;br/&gt;This award supports research and educational activities aimed at developing automated deep-learning computer vision techniques to mine x-ray diffraction (XRD) data to identify crystal structures and detect lattice-level mechanisms responsible for phase transformation and plastic deformation under extreme conditions. At very high pressures, temperatures, or strain rates when lattice variations or occurrence of new phases are not known a priori, analyzing vast datasets of snapshots from billions of XRD measurements become inaccurate, or fail completely. To overcome this challenge, the research team will leverage a series of novel and advanced techniques, including multimodal fusion, reconstruction, space-time modeling, weak supervision, domain adaptation, and visualization to achieve the following objectives: 1) Generation of static and temporal synthetic one-dimensional XRD patterns and two-dimensional XRD images, 2) Development of deep learning models for static and temporal classification of crystal structures, 3) Development of interpretation techniques for explanation and justification of deep learning models and predictions, and 4) Domain adaptation to large experimental data. The successful development of such deep learning techniques will lead to deeper understanding of unknown phenomena in materials under extreme conditions when no prior knowledge is available.&lt;br/&gt;&lt;br/&gt;This project will also provide multidisciplinary training for undergraduate and graduate students in computational materials science, advanced atomic-level structural/chemical characterization, molecular dynamics simulations, and deep learning techniques. The project will inform the design of new course material and modules on applied deep learning for materials science. The PIs will also be involved in outreach to K-12 students aimed at broadening participation of underrepresented groups in science, technology, engineering, and mathematics and raise awareness of nanotechnology and materials science.&lt;br/&gt;&lt;br/&gt;This award reflects NSF's statutory mission and has been deemed worthy of support through evaluation using the Foundation's intellectual merit and broader impacts review criteria.</AbstractNarration>
<MinAmdLetterDate>04/15/2022</MinAmdLetterDate>
<MaxAmdLetterDate>04/15/2022</MaxAmdLetterDate>
<ARRAAmount/>
<TRAN_TYPE>Grant</TRAN_TYPE>
<CFDA_NUM>47.049</CFDA_NUM>
<NSF_PAR_USE_FLAG>1</NSF_PAR_USE_FLAG>
<FUND_AGCY_CODE>4900</FUND_AGCY_CODE>
<AWDG_AGCY_CODE>4900</AWDG_AGCY_CODE>
<AwardID>2202124</AwardID>
<Investigator>
<FirstName>Niaz</FirstName>
<LastName>Abdolrahim</LastName>
<PI_MID_INIT/>
<PI_SUFX_NAME/>
<PI_FULL_NAME>Niaz Abdolrahim</PI_FULL_NAME>
<EmailAddress>niaz@rochester.edu</EmailAddress>
<PI_PHON>5852754031</PI_PHON>
<NSF_ID>000706862</NSF_ID>
<StartDate>04/15/2022</StartDate>
<EndDate/>
<RoleCode>Principal Investigator</RoleCode>
</Investigator>
<Investigator>
<FirstName>Chenliang</FirstName>
<LastName>Xu</LastName>
<PI_MID_INIT/>
<PI_SUFX_NAME/>
<PI_FULL_NAME>Chenliang Xu</PI_FULL_NAME>
<EmailAddress>chenliang.xu@rochester.edu</EmailAddress>
<PI_PHON>5852754031</PI_PHON>
<NSF_ID>000728261</NSF_ID>
<StartDate>04/15/2022</StartDate>
<EndDate/>
<RoleCode>Co-Principal Investigator</RoleCode>
</Investigator>
<Institution>
<Name>University of Rochester</Name>
<CityName>ROCHESTER</CityName>
<ZipCode>146270001</ZipCode>
<PhoneNumber>5852754031</PhoneNumber>
<StreetAddress>500 JOSEPH C WILSON BLVD</StreetAddress>
<StreetAddress2/>
<CountryName>United States</CountryName>
<StateName>New York</StateName>
<StateCode>NY</StateCode>
<CONGRESSDISTRICT>25</CONGRESSDISTRICT>
<CONGRESS_DISTRICT_ORG>NY25</CONGRESS_DISTRICT_ORG>
<ORG_UEI_NUM>F27KDXZMF9Y8</ORG_UEI_NUM>
<ORG_LGL_BUS_NAME>UNIVERSITY OF ROCHESTER</ORG_LGL_BUS_NAME>
<ORG_PRNT_UEI_NUM>F27KDXZMF9Y8</ORG_PRNT_UEI_NUM>
</Institution>
<Performance_Institution>
<Name><![CDATA[University of Rochester]]></Name>
<CityName>Rochester</CityName>
<StateCode>NY</StateCode>
<ZipCode>146270140</ZipCode>
<StreetAddress><![CDATA[518 HYLAN, RC BOX 270140]]></StreetAddress>
<CountryCode>US</CountryCode>
<CountryName>United States</CountryName>
<StateName>New York</StateName>
<CountryFlag>1</CountryFlag>
<CONGRESSDISTRICT>25</CONGRESSDISTRICT>
<CONGRESS_DISTRICT_PERF>NY25</CONGRESS_DISTRICT_PERF>
</Performance_Institution>
<ProgramElement>
<Code>1765</Code>
<Text>CONDENSED MATTER &amp; MAT THEORY</Text>
</ProgramElement>
<ProgramReference>
<Code>075Z</Code>
<Text>Artificial Intelligence (AI)</Text>
</ProgramReference>
<ProgramReference>
<Code>089Z</Code>
<Text>Materials Under Extreme Conditions</Text>
</ProgramReference>
<ProgramReference>
<Code>094Z</Code>
<Text>Materials Data</Text>
</ProgramReference>
<ProgramReference>
<Code>095Z</Code>
<Text>Materials AI</Text>
</ProgramReference>
<ProgramReference>
<Code>7569</Code>
<Text>CYBERINFRASTRUCTURE/SCIENCE</Text>
</ProgramReference>
<ProgramReference>
<Code>8084</Code>
<Text>CDS&amp;E</Text>
</ProgramReference>
<FUND_OBLG>2022~249998</FUND_OBLG>
</Award>
</rootTag>
