<?xml version="1.0" encoding="UTF-8"?>
<rootTag>
<Award>
<AwardTitle><![CDATA[Distance-Enabled Industry-Led Data Analytics Technician Pathway (ILDAP)]]></AwardTitle>
<AGENCY>NSF</AGENCY>
<AwardEffectiveDate>07/01/2022</AwardEffectiveDate>
<AwardExpirationDate>06/30/2025</AwardExpirationDate>
<AwardTotalIntnAmount>577503.00</AwardTotalIntnAmount>
<AwardAmount>577503</AwardAmount>
<AwardInstrument>
<Value>Standard Grant</Value>
</AwardInstrument>
<Organization>
<Code>11040100</Code>
<Directorate>
<Abbreviation>EHR</Abbreviation>
<LongName>Direct For Education and Human Resources</LongName>
</Directorate>
<Division>
<Abbreviation>DUE</Abbreviation>
<LongName>Division Of Undergraduate Education</LongName>
</Division>
</Organization>
<ProgramOfficer>
<SignBlockName>Huihui Wang</SignBlockName>
<PO_EMAI>hhwang@nsf.gov</PO_EMAI>
<PO_PHON>7032924894</PO_PHON>
</ProgramOfficer>
<AbstractNarration><![CDATA[This project aims to serve the national interest by creating a Distance-Enabled Industry-Led Data Analytics Technician Pathway (ILDAP) to fill the critical shortage of skilled data technicians in information technology and manufacturing sectors in the rural Intermountain West. Data is transforming the economy and society across all sectors. Businesses of all types need technicians who can collect, clean, analyze, understand, and visualize data. Due to dramatic economic growth and the recency of the data analytics field, the Intermountain West is struggling to meet the extreme demand for middle-skilled data technicians. This project will create an avenue for incumbent workers to gain data analytics skills and transform how women at home will gain high demand analytical skills in order to reenter the workforce. The project has the potential to generate knowledge of how technical colleges can partner with local industry to produce efficient, engaging, and effective data analytics instruction at a distance to simultaneously prepare participants for job advancement and/or a pathway towards college.&lt;br/&gt;&lt;br/&gt;Driven by robust industry input, the ILDAP project intends to resolve the need for middle-skilled data analytics technicians in the Intermountain West by: (1) developing a Data Analytics Business Industry Leadership Team, (2) increasing instructor expertise through professional development (3) developing distance-enabled data analytics courses to reach incumbent workers and women at home, and (4) recruiting and retaining women into data analytics. Through robust industry collaborations, this project will develop a refined curriculum and programmatic resources that can be shared locally and nationally. The project team plans to share the proposed curriculum and practices in recruiting students from underrepresented groups. The project results will be shared locally to industry and three local school districts. The project team plans to disseminate results with seven in-state technical colleges regionally through the yearly community of practice meeting.  In order to reach the wide breadth of interested parties, the project team will present their work nationally at various conferences and share project products at atecentral.net. This project is funded by the Advanced Technological Education program that focuses on the education of technicians for the advanced-technology fields that drive the Nation's economy.&lt;br/&gt;&lt;br/&gt;This award reflects NSF's statutory mission and has been deemed worthy of support through evaluation using the Foundation's intellectual merit and broader impacts review criteria.]]></AbstractNarration>
<MinAmdLetterDate>06/13/2022</MinAmdLetterDate>
<MaxAmdLetterDate>06/13/2022</MaxAmdLetterDate>
<ARRAAmount/>
<TRAN_TYPE>Grant</TRAN_TYPE>
<CFDA_NUM>47.076</CFDA_NUM>
<NSF_PAR_USE_FLAG>1</NSF_PAR_USE_FLAG>
<FUND_AGCY_CODE>4900</FUND_AGCY_CODE>
<AWDG_AGCY_CODE>4900</AWDG_AGCY_CODE>
<AwardID>2202090</AwardID>
<Investigator>
<FirstName>Mason</FirstName>
<LastName>Lefler</LastName>
<PI_MID_INIT/>
<PI_SUFX_NAME/>
<PI_FULL_NAME>Mason Lefler</PI_FULL_NAME>
<EmailAddress><![CDATA[mlefler@btech.edu]]></EmailAddress>
<NSF_ID>000747007</NSF_ID>
<StartDate>06/13/2022</StartDate>
<EndDate/>
<RoleCode>Co-Principal Investigator</RoleCode>
</Investigator>
<Investigator>
<FirstName>Scott</FirstName>
<LastName>Danielson</LastName>
<PI_MID_INIT/>
<PI_SUFX_NAME/>
<PI_FULL_NAME>Scott Danielson</PI_FULL_NAME>
<EmailAddress><![CDATA[sdanielson@btech.edu]]></EmailAddress>
<NSF_ID>000747011</NSF_ID>
<StartDate>06/13/2022</StartDate>
<EndDate/>
<RoleCode>Co-Principal Investigator</RoleCode>
</Investigator>
<Investigator>
<FirstName>Joanna</FirstName>
<LastName>Coltrin</LastName>
<PI_MID_INIT>D</PI_MID_INIT>
<PI_SUFX_NAME/>
<PI_FULL_NAME>Joanna D Coltrin</PI_FULL_NAME>
<EmailAddress><![CDATA[jcoltrin@btech.edu]]></EmailAddress>
<NSF_ID>000865550</NSF_ID>
<StartDate>06/13/2022</StartDate>
<EndDate/>
<RoleCode>Principal Investigator</RoleCode>
</Investigator>
<Investigator>
<FirstName>Joshua</FirstName>
<LastName>Hveem</LastName>
<PI_MID_INIT>D</PI_MID_INIT>
<PI_SUFX_NAME/>
<PI_FULL_NAME>Joshua D Hveem</PI_FULL_NAME>
<EmailAddress><![CDATA[jhveem@btech.edu]]></EmailAddress>
<NSF_ID>000839320</NSF_ID>
<StartDate>06/13/2022</StartDate>
<EndDate/>
<RoleCode>Co-Principal Investigator</RoleCode>
</Investigator>
<Institution>
<Name>Bridgerland Applied Technology College</Name>
<CityName>LOGAN</CityName>
<ZipCode>843212292</ZipCode>
<PhoneNumber>4357503214</PhoneNumber>
<StreetAddress>1301 N 600 W</StreetAddress>
<StreetAddress2/>
<CountryName>United States</CountryName>
<StateName>Utah</StateName>
<StateCode>UT</StateCode>
<CONGRESSDISTRICT>01</CONGRESSDISTRICT>
<CONGRESS_DISTRICT_ORG>UT01</CONGRESS_DISTRICT_ORG>
<ORG_UEI_NUM>XW23NNCTGEE3</ORG_UEI_NUM>
<ORG_LGL_BUS_NAME>BRIDGERLAND TECHNICAL COLLEGE</ORG_LGL_BUS_NAME>
<ORG_PRNT_UEI_NUM>P4NRDF8EYS51</ORG_PRNT_UEI_NUM>
</Institution>
<Performance_Institution>
<Name><![CDATA[Bridgerland Technical College]]></Name>
<CityName>Logan</CityName>
<StateCode>UT</StateCode>
<ZipCode>843212292</ZipCode>
<StreetAddress><![CDATA[1301 North 600 West]]></StreetAddress>
<CountryCode>US</CountryCode>
<CountryName>United States</CountryName>
<StateName>Utah</StateName>
<CountryFlag>1</CountryFlag>
<CONGRESSDISTRICT>01</CONGRESSDISTRICT>
<CONGRESS_DISTRICT_PERF>UT01</CONGRESS_DISTRICT_PERF>
</Performance_Institution>
<ProgramElement>
<Code>7412</Code>
<Text>Advanced Tech Education Prog</Text>
</ProgramElement>
<ProgramReference>
<Code>1032</Code>
<Text>ADVANCED TECHNOLOGY EDUCATION</Text>
</ProgramReference>
<ProgramReference>
<Code>9178</Code>
<Text>UNDERGRADUATE EDUCATION</Text>
</ProgramReference>
<ProgramReference>
<Code>SMET</Code>
<Text>SCIENCE, MATH, ENG &amp; TECH EDUCATION</Text>
</ProgramReference>
<FUND_OBLG>2022~577503</FUND_OBLG>
</Award>
</rootTag>
