<?xml version="1.0" encoding="UTF-8"?>
<rootTag>
<Award>
<AwardTitle><![CDATA[Digitally Inoculating Viewers Against Visual Misinformation With a Perceptual Training]]></AwardTitle>
<AGENCY>NSF</AGENCY>
<AwardEffectiveDate>09/01/2022</AwardEffectiveDate>
<AwardExpirationDate>08/31/2025</AwardExpirationDate>
<AwardTotalIntnAmount>849761.00</AwardTotalIntnAmount>
<AwardAmount>849761</AwardAmount>
<AwardInstrument>
<Value>Standard Grant</Value>
</AwardInstrument>
<Organization>
<Code>05020000</Code>
<Directorate>
<Abbreviation>CSE</Abbreviation>
<LongName>Direct For Computer &amp; Info Scie &amp; Enginr</LongName>
</Directorate>
<Division>
<Abbreviation>IIS</Abbreviation>
<LongName>Div Of Information &amp; Intelligent Systems</LongName>
</Division>
</Organization>
<ProgramOfficer>
<SignBlockName>Hector Munoz-Avila</SignBlockName>
<PO_EMAI>hmunoz@nsf.gov</PO_EMAI>
<PO_PHON>7032924481</PO_PHON>
</ProgramOfficer>
<AbstractNarration><![CDATA[Misinformation impedes people’s ability to make informed decisions in many areas, for example politics, health care, purchasing, or investing. Misinformation can be created by accident or intentionally. Misleading graphs are a particularly dangerous form of misinformation because they can make false information more believable and reach viewers faster. To combat misinformation in graphs, one needs to consider two aspects of graph comprehension: conceptual reasoning and perception. Prior research has focused on conceptual reasoning about graphs. Yet, because perception is automatic it is especially prone to false information in misleading graphs. This project focuses on perception. The investigators will develop a perceptual training method that helps viewers to extract correct information from misleading graphs. The perceptual training method will be provided as a web browser plugin. It will provide feedback as viewers see misleading graphs on the web. The investigators will use machine learning algorithms to design the perceptual training method. The project will advance scientific understanding of perception in graph comprehension. It will also develop machine learning algorithms for educational purposes. The project will provide new tools for addressing issues of misinformation. &lt;br/&gt;&lt;br/&gt;Misinformation poses a severe risk to society. Misleading graphs are a type of visual misinformation that can quickly convey false information to viewers. While existing interventions for visual misinformation target conceptual processes, perceptual processes also play an important role. Perceptual processes are automatic and prone to biases. Visual misinformation often targets perceptual over conceptual processing. Therefore, this project directly targets perceptual processes. Investigators will develop a perceptual training method that will teach viewers to extract correct information from misleading graphs so that they become “immune” against visual misinformation. The perceptual training method will be delivered as a web browser plugin and will have two components. First, upon installing the browser plugin, viewers will receive a 2-minute massed training that will serve as the initial “vaccine” against misleading graphs. Second, the browser plugin will deliver a spaced training by giving feedback when viewers encounter misleading graphs on the web, which serves as a “booster” for their immunity. The investigators will use machine learning algorithms to decide which type of feedback the perceptual training should offer and how often such feedback should be provided. Two randomized experiments will evaluate components of the perceptual training method while participants browse the web. This project will advance scientific understanding of perceptual learning, educational applications of machine learning algorithms, and will develop novel approaches to combat misinformation.&lt;br/&gt;&lt;br/&gt;This award reflects NSF's statutory mission and has been deemed worthy of support through evaluation using the Foundation's intellectual merit and broader impacts review criteria.]]></AbstractNarration>
<MinAmdLetterDate>06/28/2022</MinAmdLetterDate>
<MaxAmdLetterDate>06/28/2022</MaxAmdLetterDate>
<ARRAAmount/>
<TRAN_TYPE>Grant</TRAN_TYPE>
<CFDA_NUM>47.070, 47.076</CFDA_NUM>
<NSF_PAR_USE_FLAG>1</NSF_PAR_USE_FLAG>
<FUND_AGCY_CODE>4900</FUND_AGCY_CODE>
<AWDG_AGCY_CODE>4900</AWDG_AGCY_CODE>
<AwardID>2202457</AwardID>
<Investigator>
<FirstName>Xiaojin</FirstName>
<LastName>Zhu</LastName>
<PI_MID_INIT/>
<PI_SUFX_NAME/>
<PI_FULL_NAME>Xiaojin Zhu</PI_FULL_NAME>
<EmailAddress><![CDATA[jerryzhu@cs.wisc.edu]]></EmailAddress>
<NSF_ID>000211108</NSF_ID>
<StartDate>06/28/2022</StartDate>
<EndDate/>
<RoleCode>Co-Principal Investigator</RoleCode>
</Investigator>
<Investigator>
<FirstName>Martina</FirstName>
<LastName>Rau</LastName>
<PI_MID_INIT>A</PI_MID_INIT>
<PI_SUFX_NAME/>
<PI_FULL_NAME>Martina A Rau</PI_FULL_NAME>
<EmailAddress><![CDATA[marau@wisc.edu]]></EmailAddress>
<NSF_ID>000656294</NSF_ID>
<StartDate>06/28/2022</StartDate>
<EndDate/>
<RoleCode>Principal Investigator</RoleCode>
</Investigator>
<Institution>
<Name>University of Wisconsin-Madison</Name>
<CityName>MADISON</CityName>
<ZipCode>537151218</ZipCode>
<PhoneNumber>6082623822</PhoneNumber>
<StreetAddress>21 N PARK ST STE 6301</StreetAddress>
<StreetAddress2/>
<CountryName>United States</CountryName>
<StateName>Wisconsin</StateName>
<StateCode>WI</StateCode>
<CONGRESSDISTRICT>02</CONGRESSDISTRICT>
<CONGRESS_DISTRICT_ORG>WI02</CONGRESS_DISTRICT_ORG>
<ORG_UEI_NUM>LCLSJAGTNZQ7</ORG_UEI_NUM>
<ORG_LGL_BUS_NAME>UNIVERSITY OF WISCONSIN SYSTEM</ORG_LGL_BUS_NAME>
<ORG_PRNT_UEI_NUM>QAFKGG7YY396</ORG_PRNT_UEI_NUM>
</Institution>
<Performance_Institution>
<Name><![CDATA[University of Wisconsin-Madison]]></Name>
<CityName>MADISON</CityName>
<StateCode>WI</StateCode>
<ZipCode>537151218</ZipCode>
<StreetAddress><![CDATA[21 North Park Street]]></StreetAddress>
<CountryCode>US</CountryCode>
<CountryName>United States</CountryName>
<StateName>Wisconsin</StateName>
<CountryFlag>1</CountryFlag>
<CONGRESSDISTRICT>02</CONGRESSDISTRICT>
<CONGRESS_DISTRICT_PERF>WI02</CONGRESS_DISTRICT_PERF>
</Performance_Institution>
<ProgramElement>
<Code>7227</Code>
<Text>ITEST-Inov Tech Exp Stu &amp; Teac</Text>
</ProgramElement>
<ProgramElement>
<Code>8020</Code>
<Text>Cyberlearn &amp; Future Learn Tech</Text>
</ProgramElement>
<ProgramReference>
<Code>093Z</Code>
<Text>AI Education/Workforce Develop</Text>
</ProgramReference>
<ProgramReference>
<Code>8045</Code>
<Text>Cyberlearn &amp; Future Learn Tech</Text>
</ProgramReference>
<Appropriation>
<Code/>
<Name/>
<APP_SYMB_ID/>
</Appropriation>
<Appropriation>
<Code/>
<Name/>
<APP_SYMB_ID/>
</Appropriation>
<Fund>
<Code>1300PYXXDB</Code>
<Name><![CDATA[H-1B FUND, EHR, NSF]]></Name>
<FUND_SYMB_ID>045176</FUND_SYMB_ID>
</Fund>
<Fund>
<Code>01002223DB</Code>
<Name><![CDATA[NSF RESEARCH & RELATED ACTIVIT]]></Name>
<FUND_SYMB_ID>040100</FUND_SYMB_ID>
</Fund>
<FUND_OBLG>2022~849761</FUND_OBLG>
</Award>
</rootTag>
