<?xml version="1.0" encoding="UTF-8"?>
<rootTag>
<Award>
<AwardTitle>Galactic Archaeology: Constraining the Origin of the Elements with Empirical and Theoretical Supernova Yields</AwardTitle>
<AGENCY>NSF</AGENCY>
<AwardEffectiveDate>09/01/2022</AwardEffectiveDate>
<AwardExpirationDate>08/31/2025</AwardExpirationDate>
<AwardTotalIntnAmount>300000.00</AwardTotalIntnAmount>
<AwardAmount>100000</AwardAmount>
<AwardInstrument>
<Value>Fellowship Award</Value>
</AwardInstrument>
<Organization>
<Code>03020000</Code>
<Directorate>
<Abbreviation>MPS</Abbreviation>
<LongName>Direct For Mathematical &amp; Physical Scien</LongName>
</Directorate>
<Division>
<Abbreviation>AST</Abbreviation>
<LongName>Division Of Astronomical Sciences</LongName>
</Division>
</Organization>
<ProgramOfficer>
<SignBlockName>Harshal Gupta</SignBlockName>
<PO_EMAI>hgupta@nsf.gov</PO_EMAI>
<PO_PHON>7032925039</PO_PHON>
</ProgramOfficer>
<AbstractNarration>Emily Griffith is awarded an NSF Astronomy and Astrophysics Fellowship to carry out a program of research and education at the University of Colorado.  Griffith will combine new observational results from large spectroscopic surveys with theoretical yields of elements produced in supernovae and evolved stars.  Results from this project will allow astronomers to understand the origin of the elements and the chemical enrichment history of the Milky Way galaxy and the Magellanic Clouds.  For the education component of this project, Griffith will develop a mentor training program to improve the retention of underrepresented students in science, and she will develop a planetarium show incorporating the latest research.&lt;br/&gt;&lt;br/&gt;This project will exploit high quality spectroscopic data for millions of stars to determine the relative contribution of core collapse supernovae (CCSN), Type Ia supernovae (SNIa), and Asymptotic Giant Branch (AGB) stars to the chemical enrichment of the Galactic disk and bulge, and the Magellanic Clouds.  Through a detailed comparison of observational and theoretical data, Griffith will explore the impact of binary interactions on CCSN yields and identify elemental yield ratios that are diagnostic of SNIa enrichment channels.  She will also construct a simulated stellar population with known enrichment to test her theoretical model and identify the abundance signatures that delayed enrichment sources such as SNIa and AGB stars imprint on observed stellar populations.&lt;br/&gt;&lt;br/&gt;This award reflects NSF's statutory mission and has been deemed worthy of support through evaluation using the Foundation's intellectual merit and broader impacts review criteria.</AbstractNarration>
<MinAmdLetterDate>05/19/2022</MinAmdLetterDate>
<MaxAmdLetterDate>05/19/2022</MaxAmdLetterDate>
<ARRAAmount/>
<TRAN_TYPE>Grant</TRAN_TYPE>
<CFDA_NUM>47.049</CFDA_NUM>
<NSF_PAR_USE_FLAG>1</NSF_PAR_USE_FLAG>
<FUND_AGCY_CODE>4900</FUND_AGCY_CODE>
<AWDG_AGCY_CODE>4900</AWDG_AGCY_CODE>
<AwardID>2202135</AwardID>
<Investigator>
<FirstName>Emily</FirstName>
<LastName>Griffith</LastName>
<PI_MID_INIT>J</PI_MID_INIT>
<PI_SUFX_NAME/>
<PI_FULL_NAME>Emily J Griffith</PI_FULL_NAME>
<EmailAddress/>
<PI_PHON>4194603692</PI_PHON>
<NSF_ID>000866156</NSF_ID>
<StartDate>05/19/2022</StartDate>
<EndDate/>
<RoleCode>Principal Investigator</RoleCode>
</Investigator>
<Institution>
<Name>Griffith, Emily J</Name>
<CityName>Columbus</CityName>
<ZipCode>432101173</ZipCode>
<PhoneNumber/>
<StreetAddress/>
<StreetAddress2/>
<CountryName>United States</CountryName>
<StateName>Ohio</StateName>
<StateCode>OH</StateCode>
<CONGRESSDISTRICT>03</CONGRESSDISTRICT>
<CONGRESS_DISTRICT_ORG>OH03</CONGRESS_DISTRICT_ORG>
<ORG_UEI_NUM/>
<ORG_LGL_BUS_NAME/>
<ORG_PRNT_UEI_NUM/>
</Institution>
<Performance_Institution>
<Name><![CDATA[University of Colorado Boulder]]></Name>
<CityName>Boulder</CityName>
<StateCode>CO</StateCode>
<ZipCode>803090391</ZipCode>
<StreetAddress/>
<CountryCode>US</CountryCode>
<CountryName>United States</CountryName>
<StateName>Colorado</StateName>
<CountryFlag>1</CountryFlag>
<CONGRESSDISTRICT>02</CONGRESSDISTRICT>
<CONGRESS_DISTRICT_PERF>CO02</CONGRESS_DISTRICT_PERF>
</Performance_Institution>
<ProgramElement>
<Code>1609</Code>
<Text>NSF ASTRON &amp; ASTROPHY PSTDC FE</Text>
</ProgramElement>
<ProgramReference>
<Code>1207</Code>
<Text>OBSERVATIONAL ASTRONOMY</Text>
</ProgramReference>
<FUND_OBLG>2022~100000</FUND_OBLG>
</Award>
</rootTag>
