<?xml version="1.0" encoding="UTF-8"?>
<rootTag>
<Award>
<AwardTitle><![CDATA[FairFL-MC: A Metacognitive Calibration Intervention Powered by Fair and Private Machine Learning]]></AwardTitle>
<AGENCY>NSF</AGENCY>
<AwardEffectiveDate>08/01/2022</AwardEffectiveDate>
<AwardExpirationDate>07/31/2025</AwardExpirationDate>
<AwardTotalIntnAmount>850000.00</AwardTotalIntnAmount>
<AwardAmount>850000</AwardAmount>
<AwardInstrument>
<Value>Standard Grant</Value>
</AwardInstrument>
<Organization>
<Code>05020000</Code>
<Directorate>
<Abbreviation>CSE</Abbreviation>
<LongName>Direct For Computer &amp; Info Scie &amp; Enginr</LongName>
</Directorate>
<Division>
<Abbreviation>IIS</Abbreviation>
<LongName>Div Of Information &amp; Intelligent Systems</LongName>
</Division>
</Organization>
<ProgramOfficer>
<SignBlockName>Hector Munoz-Avila</SignBlockName>
<PO_EMAI>hmunoz@nsf.gov</PO_EMAI>
<PO_PHON>7032924481</PO_PHON>
</ProgramOfficer>
<AbstractNarration><![CDATA[Students often have difficulty estimating their own level of knowledge. The goal of this project is to research ways to improve students' ability to estimate their knowledge, using a student support system consisting of short training exercises that will be personalized with artificial intelligence (AI) methods. While there is abundant research on AI methods in educational contexts, such projects rarely consider some of the key social and human factors, such as privacy and fairness, that are needed for widespread adoption of personalized educational software. This project addresses these issues with a novel decentralized AI framework that is specifically for education contexts. The project framework will enable researchers to create AI systems that provide feedback to students as part of their training exercises, all without directly accessing their data and while also training the AI system to reduce biases related to key aspects of students' identity, such as their demographics. The training exercises will include educational activities where students estimate their test scores, receive feedback from the AI system, and reflect on their knowledge. The privacy and fairness capabilities of the project framework will transform postsecondary online learning, which is poised to benefit from emerging AI-driven learning technologies but has yet to fully realize these benefits. The project will directly benefit students participating in the research as they will improve their knowledge estimation skills, prepare more effectively for tests in class, and learn about potential privacy violations and AI biases. Given the fairness focus of the project, the team of researchers will pay special attention to benefits for students from groups traditionally underrepresented in STEM (Science, Technology, Engineering, and Mathematics), ensuring that the AI-powered framework is equally helpful for them and that their perspectives on privacy and fairness receive special attention.&lt;br/&gt;&lt;br/&gt;This project will advance AI research by incorporating, both, a strict privacy guarantee for student data and fairness considerations across multiple student demographic groups. Additionally, it will advance education research by determining how effective preemptive feedback is for improving knowledge estimation skills, and will examine the mechanism by which preemptively improving knowledge estimation influences academic outcomes. In particular, the project will achieve four research objectives through interdisciplinary innovations in both learning sciences and technology. First, the team will determine how much students' metacognitive calibration can be improved via AI-powered preemptive feedback, which may be perceived differently by students than post hoc feedback. Second, the project will expand theoretical understanding of metacognitive calibration and calibration interventions by studying the mechanism by which the intervention in the project works. Third, the team will address the fundamental tradeoff between the fairness and accuracy of AI models via an innovative federated learning model. Fourth, the team will evaluate the AI framework on real-world education datasets and compare its performance with the state-of-the-art baselines in terms of protecting privacy and mitigating bias. The project team will disseminate results of the project through workshops, publications, and interactive activities, and will train undergraduate and graduate students from diverse backgrounds throughout the project.&lt;br/&gt;&lt;br/&gt;This award reflects NSF's statutory mission and has been deemed worthy of support through evaluation using the Foundation's intellectual merit and broader impacts review criteria.]]></AbstractNarration>
<MinAmdLetterDate>06/13/2022</MinAmdLetterDate>
<MaxAmdLetterDate>06/13/2022</MaxAmdLetterDate>
<ARRAAmount/>
<TRAN_TYPE>Grant</TRAN_TYPE>
<CFDA_NUM>47.076</CFDA_NUM>
<NSF_PAR_USE_FLAG>1</NSF_PAR_USE_FLAG>
<FUND_AGCY_CODE>4900</FUND_AGCY_CODE>
<AWDG_AGCY_CODE>4900</AWDG_AGCY_CODE>
<AwardID>2202481</AwardID>
<Investigator>
<FirstName>Dong</FirstName>
<LastName>Wang</LastName>
<PI_MID_INIT/>
<PI_SUFX_NAME/>
<PI_FULL_NAME>Dong Wang</PI_FULL_NAME>
<EmailAddress><![CDATA[dwang24@illinois.edu]]></EmailAddress>
<NSF_ID>000672088</NSF_ID>
<StartDate>06/13/2022</StartDate>
<EndDate/>
<RoleCode>Principal Investigator</RoleCode>
</Investigator>
<Investigator>
<FirstName>Nigel</FirstName>
<LastName>Bosch</LastName>
<PI_MID_INIT/>
<PI_SUFX_NAME/>
<PI_FULL_NAME>Nigel Bosch</PI_FULL_NAME>
<EmailAddress><![CDATA[pnb@illinois.edu]]></EmailAddress>
<NSF_ID>000796696</NSF_ID>
<StartDate>06/13/2022</StartDate>
<EndDate/>
<RoleCode>Co-Principal Investigator</RoleCode>
</Investigator>
<Institution>
<Name>University of Illinois at Urbana-Champaign</Name>
<CityName>URBANA</CityName>
<ZipCode>618013620</ZipCode>
<PhoneNumber>2173332187</PhoneNumber>
<StreetAddress>506 S WRIGHT ST</StreetAddress>
<StreetAddress2/>
<CountryName>United States</CountryName>
<StateName>Illinois</StateName>
<StateCode>IL</StateCode>
<CONGRESSDISTRICT>13</CONGRESSDISTRICT>
<CONGRESS_DISTRICT_ORG>IL13</CONGRESS_DISTRICT_ORG>
<ORG_UEI_NUM>Y8CWNJRCNN91</ORG_UEI_NUM>
<ORG_LGL_BUS_NAME>UNIVERSITY OF ILLINOIS</ORG_LGL_BUS_NAME>
<ORG_PRNT_UEI_NUM/>
</Institution>
<Performance_Institution>
<Name><![CDATA[University of Illinois at Urbana-Champaign]]></Name>
<CityName>Urbana</CityName>
<StateCode>IL</StateCode>
<ZipCode>618013620</ZipCode>
<StreetAddress><![CDATA[506 South Wright Street]]></StreetAddress>
<CountryCode>US</CountryCode>
<CountryName>United States</CountryName>
<StateName>Illinois</StateName>
<CountryFlag>1</CountryFlag>
<CONGRESSDISTRICT>13</CONGRESSDISTRICT>
<CONGRESS_DISTRICT_PERF>IL13</CONGRESS_DISTRICT_PERF>
</Performance_Institution>
<ProgramElement>
<Code>7980</Code>
<Text>ECR-EHR Core Research</Text>
</ProgramElement>
<ProgramReference>
<Code>8045</Code>
<Text>Cyberlearn &amp; Future Learn Tech</Text>
</ProgramReference>
<Appropriation>
<Code/>
<Name/>
<APP_SYMB_ID/>
</Appropriation>
<Fund>
<Code>04002223DB</Code>
<Name><![CDATA[NSF Education & Human Resource]]></Name>
<FUND_SYMB_ID>040106</FUND_SYMB_ID>
</Fund>
<FUND_OBLG>2022~850000</FUND_OBLG>
</Award>
</rootTag>
