<?xml version="1.0" encoding="UTF-8"?>
<rootTag>
<Award>
<AwardTitle>Conference: CRM Thematic Semester Spring 2022: Probabilities and PDEs</AwardTitle>
<AGENCY>NSF</AGENCY>
<AwardEffectiveDate>05/01/2022</AwardEffectiveDate>
<AwardExpirationDate>10/31/2022</AwardExpirationDate>
<AwardTotalIntnAmount>25000.00</AwardTotalIntnAmount>
<AwardAmount>25000</AwardAmount>
<AwardInstrument>
<Value>Standard Grant</Value>
</AwardInstrument>
<Organization>
<Code>03040000</Code>
<Directorate>
<Abbreviation>MPS</Abbreviation>
<LongName>Direct For Mathematical &amp; Physical Scien</LongName>
</Directorate>
<Division>
<Abbreviation>DMS</Abbreviation>
<LongName>Division Of Mathematical Sciences</LongName>
</Division>
</Organization>
<ProgramOfficer>
<SignBlockName>Pawel Hitczenko</SignBlockName>
<PO_EMAI>phitczen@nsf.gov</PO_EMAI>
<PO_PHON>7032925330</PO_PHON>
</ProgramOfficer>
<AbstractNarration>This project will support participation of graduate students, post-doctoral researchers and early career researchers from the United States of America in one of the workshops "Branching systems, reaction-diffusion equations, and population models" to be held May 2–13, 2022 or "Unifying concepts in partial differential equations (PDEs) with randomness" to be held May 16–27, 2022 at the Centre de Recherches Mathematiques (CRM) in Montreal, Canada. The interplay between mathematical models and probability is rich and profound with applications far-reaching across all fields of science. This interplay can appear in many physical settings in materials science and fluid dynamics, but also in the modeling of various many-agent or many-particle dynamics, such as the self-organized motion of organisms or the spread of an infectious disease through a population. The Centre de Recherches Mathématiques is organizing an intensive thematic program on this topic, "Probabilities and PDEs" during the period January 2022 -- July 2022. There will be four workshops, each with mini courses specifically aimed at graduate students or early-career researchers in related areas, and many long-term visiting scientists as well. This award provides funding to support the participation of US-based graduate students, early career researchers, and under-represented minorities through travel and accommodation during one of the two workshops and accompanying mini-courses. This will provide the participants with a perfect opportunity to interact with each other and with leaders of the field and will help them to understand the major questions and learn the cutting-edge methods of the field.&lt;br/&gt;&lt;br/&gt;Probability and PDEs have always been intertwined and modern research continues to intertwine them further. One common aspect concerns how introducing randomness into PDEs, through e.g. random initial data, random environments, random forcing will profoundly affect the long-term behavior, either because it provides a flexible and realistic approach to study physical models or because it is an inevitable feature of models of the underlying systems. Another aspect is how one can obtain deterministic PDEs from underlying random many-agent or many-problems, such as in classical kinetic theory or in many-agent problems such as in mathematical epidemiology. The program will bring together world experts and junior researchers in an intensive and focused program that will help to greatly further the understanding of these phenomena and this award will help train the next generation of US-based scientists in these methods. The thematic semester website is maintained at http://www.crm.umontreal.ca/2022/Probab22/index_e.php the Branching systems, reaction-diffusion equations, and population models workshop at http://www.crm.umontreal.ca/2022/Systemes22/index_e.php and the Unifying concepts in PDEs with randomness workshop at http://www.crm.umontreal.ca/2022/Concepts22/index_e.php.&lt;br/&gt;&lt;br/&gt;This award reflects NSF's statutory mission and has been deemed worthy of support through evaluation using the Foundation's intellectual merit and broader impacts review criteria.</AbstractNarration>
<MinAmdLetterDate>04/22/2022</MinAmdLetterDate>
<MaxAmdLetterDate>04/22/2022</MaxAmdLetterDate>
<ARRAAmount/>
<TRAN_TYPE>Grant</TRAN_TYPE>
<CFDA_NUM>47.049</CFDA_NUM>
<NSF_PAR_USE_FLAG>1</NSF_PAR_USE_FLAG>
<FUND_AGCY_CODE>4900</FUND_AGCY_CODE>
<AWDG_AGCY_CODE>4900</AWDG_AGCY_CODE>
<AwardID>2202247</AwardID>
<Investigator>
<FirstName>Jacob</FirstName>
<LastName>Bedrossian</LastName>
<PI_MID_INIT/>
<PI_SUFX_NAME/>
<PI_FULL_NAME>Jacob Bedrossian</PI_FULL_NAME>
<EmailAddress>jacob@cscamm.umd.edu</EmailAddress>
<PI_PHON>3014050667</PI_PHON>
<NSF_ID>000659029</NSF_ID>
<StartDate>04/22/2022</StartDate>
<EndDate/>
<RoleCode>Principal Investigator</RoleCode>
</Investigator>
<Institution>
<Name>University of Maryland, College Park</Name>
<CityName>COLLEGE PARK</CityName>
<ZipCode>207420001</ZipCode>
<PhoneNumber>3014056269</PhoneNumber>
<StreetAddress>3112 LEE BLDG 7809 REGENTS DR</StreetAddress>
<StreetAddress2/>
<CountryName>United States</CountryName>
<StateName>Maryland</StateName>
<StateCode>MD</StateCode>
<CONGRESSDISTRICT>05</CONGRESSDISTRICT>
<CONGRESS_DISTRICT_ORG>MD05</CONGRESS_DISTRICT_ORG>
<ORG_UEI_NUM>NPU8ULVAAS23</ORG_UEI_NUM>
<ORG_LGL_BUS_NAME>UNIVERSITY OF MARYLAND, COLLEGE PARK</ORG_LGL_BUS_NAME>
<ORG_PRNT_UEI_NUM>KMGEN62NKEM9</ORG_PRNT_UEI_NUM>
</Institution>
<Performance_Institution>
<Name><![CDATA[University of Maryland, College Park]]></Name>
<CityName>College Park</CityName>
<StateCode>MD</StateCode>
<ZipCode>207421000</ZipCode>
<StreetAddress><![CDATA[3112 LEE BLDG 7809 Regents Drive]]></StreetAddress>
<CountryCode>US</CountryCode>
<CountryName>United States</CountryName>
<StateName>Maryland</StateName>
<CountryFlag>1</CountryFlag>
<CONGRESSDISTRICT>05</CONGRESSDISTRICT>
<CONGRESS_DISTRICT_PERF>MD05</CONGRESS_DISTRICT_PERF>
</Performance_Institution>
<ProgramElement>
<Code>1263</Code>
<Text>PROBABILITY</Text>
</ProgramElement>
<ProgramReference>
<Code>7556</Code>
<Text>CONFERENCE AND WORKSHOPS</Text>
</ProgramReference>
<FUND_OBLG>2022~25000</FUND_OBLG>
</Award>
</rootTag>
