<?xml version="1.0" encoding="UTF-8"?>
<rootTag>
<Award>
<AwardTitle>Stable Homotopy Groups: Theory and Computation</AwardTitle>
<AGENCY>NSF</AGENCY>
<AwardEffectiveDate>09/01/2022</AwardEffectiveDate>
<AwardExpirationDate>08/31/2025</AwardExpirationDate>
<AwardTotalIntnAmount>240964.00</AwardTotalIntnAmount>
<AwardAmount>78412</AwardAmount>
<AwardInstrument>
<Value>Continuing Grant</Value>
</AwardInstrument>
<Organization>
<Code>03040000</Code>
<Directorate>
<Abbreviation>MPS</Abbreviation>
<LongName>Direct For Mathematical &amp; Physical Scien</LongName>
</Directorate>
<Division>
<Abbreviation>DMS</Abbreviation>
<LongName>Division Of Mathematical Sciences</LongName>
</Division>
</Organization>
<ProgramOfficer>
<SignBlockName>Swatee Naik</SignBlockName>
<PO_EMAI>snaik@nsf.gov</PO_EMAI>
<PO_PHON>7032924876</PO_PHON>
</ProgramOfficer>
<AbstractNarration>Spheres are the basic building blocks of topology. More complicated topological objects can be constructed by fitting these spheres together. Spheres of different dimensions can fit together in only a few different ways. Enumerating these combinations of spheres is one of the fundamental questions of a branch of mathematics called homotopy theory. This project focuses on the computation of the stable homotopy groups of spheres, using three general categories of techniques: theory, manual computation, and machine computation. These categories are mutually reinforcing. Theory establishes new techniques of computation; manual computation reveals new structure that points toward theoretical advances; machine computation provides independent verification of manual computation and carries it even further. Broader impacts of the project include development and growth of the electronic Computational Homotopy Theory (eCHT) virtual research community. With a long-term goal of self-sustainability, the eCHT community will experiment with different types of online engagement, such as foundational courses for early-career graduate students, seminar series on focused topics, career development events, online conferences, and building connections to online networks in neighboring subjects. These new modes of interaction aim to overcome traditional barriers to entry, especially for people in remote geographical locations and for those with non-traditional backgrounds. &lt;br/&gt;&lt;br/&gt;The project's main research goal is to compute stable homotopy groups of spheres in the classical, C-motivic, R-motivic, and C2-equivariant contexts. It breaks into three main topics: the Adams spectral sequence, the effective slice spectral sequence, and deformations of stable homotopy theory. The effective spectral sequence is a replacement for the Adams-Novikov spectral sequence in the R-motivic and C2-equivariant situations. The first two topics are essentially computational, although they point towards a number of more theoretical questions. Two of the many possible outcomes of these computations are: new information about Mahowald (root) invariants; and settling the last unknown case of the Kervaire invariant one problem. The third topic is a theoretical perspective that was recently uncovered by computational exploration. Deformations will play a growing role in computational stable homotopy theory.&lt;br/&gt;&lt;br/&gt;This award reflects NSF's statutory mission and has been deemed worthy of support through evaluation using the Foundation's intellectual merit and broader impacts review criteria.</AbstractNarration>
<MinAmdLetterDate>04/22/2022</MinAmdLetterDate>
<MaxAmdLetterDate>04/22/2022</MaxAmdLetterDate>
<ARRAAmount/>
<TRAN_TYPE>Grant</TRAN_TYPE>
<CFDA_NUM>47.049</CFDA_NUM>
<NSF_PAR_USE_FLAG>1</NSF_PAR_USE_FLAG>
<FUND_AGCY_CODE>4900</FUND_AGCY_CODE>
<AWDG_AGCY_CODE>4900</AWDG_AGCY_CODE>
<AwardID>2202267</AwardID>
<Investigator>
<FirstName>Daniel</FirstName>
<LastName>Isaksen</LastName>
<PI_MID_INIT>C</PI_MID_INIT>
<PI_SUFX_NAME/>
<PI_FULL_NAME>Daniel C Isaksen</PI_FULL_NAME>
<EmailAddress>isaksen@wayne.edu</EmailAddress>
<PI_PHON>3135772479</PI_PHON>
<NSF_ID>000457904</NSF_ID>
<StartDate>04/22/2022</StartDate>
<EndDate/>
<RoleCode>Principal Investigator</RoleCode>
</Investigator>
<Institution>
<Name>Wayne State University</Name>
<CityName>DETROIT</CityName>
<ZipCode>482024050</ZipCode>
<PhoneNumber>3135772424</PhoneNumber>
<StreetAddress>5057 WOODWARD STE 13001</StreetAddress>
<StreetAddress2/>
<CountryName>United States</CountryName>
<StateName>Michigan</StateName>
<StateCode>MI</StateCode>
<CONGRESSDISTRICT>13</CONGRESSDISTRICT>
<CONGRESS_DISTRICT_ORG>MI13</CONGRESS_DISTRICT_ORG>
<ORG_UEI_NUM>M6K6NTJ2MNE5</ORG_UEI_NUM>
<ORG_LGL_BUS_NAME>WAYNE STATE UNIVERSITY</ORG_LGL_BUS_NAME>
<ORG_PRNT_UEI_NUM>M6K6NTJ2MNE5</ORG_PRNT_UEI_NUM>
</Institution>
<Performance_Institution>
<Name><![CDATA[Wayne State University]]></Name>
<CityName>Detroit</CityName>
<StateCode>MI</StateCode>
<ZipCode>482023622</ZipCode>
<StreetAddress><![CDATA[5057 Woodward]]></StreetAddress>
<CountryCode>US</CountryCode>
<CountryName>United States</CountryName>
<StateName>Michigan</StateName>
<CountryFlag>1</CountryFlag>
<CONGRESSDISTRICT>13</CONGRESSDISTRICT>
<CONGRESS_DISTRICT_PERF>MI13</CONGRESS_DISTRICT_PERF>
</Performance_Institution>
<ProgramElement>
<Code>1267</Code>
<Text>TOPOLOGY</Text>
</ProgramElement>
<FUND_OBLG>2022~78412</FUND_OBLG>
</Award>
</rootTag>
