<?xml version="1.0" encoding="UTF-8"?>
<rootTag>
<Award>
<AwardTitle>Atlanta Technical College Bioscience Emerging Technicians Project</AwardTitle>
<AGENCY>NSF</AGENCY>
<AwardEffectiveDate>08/01/2022</AwardEffectiveDate>
<AwardExpirationDate>07/31/2025</AwardExpirationDate>
<AwardTotalIntnAmount>346002.00</AwardTotalIntnAmount>
<AwardAmount>346002</AwardAmount>
<AwardInstrument>
<Value>Standard Grant</Value>
</AwardInstrument>
<Organization>
<Code>11040100</Code>
<Directorate>
<Abbreviation>EHR</Abbreviation>
<LongName>Direct For Education and Human Resources</LongName>
</Directorate>
<Division>
<Abbreviation>DUE</Abbreviation>
<LongName>Division Of Undergraduate Education</LongName>
</Division>
</Organization>
<ProgramOfficer>
<SignBlockName>Mary Crowe</SignBlockName>
<PO_EMAI>mcrowe@nsf.gov</PO_EMAI>
<PO_PHON>7032927177</PO_PHON>
</ProgramOfficer>
<AbstractNarration>The overall vision of the Bioscience Emerging Technician project at Atlanta Technical College is to increase the knowledge of emerging bioscience career opportunities among groups historically underserved in STEM in the metropolitan Atlanta area. This three-year project plans to engage dual-enrollment students in unique summer workshops, support an industry speaker’s series, provide tours of biotechnology companies, and develop a first-year experience seminar course. These experiences will be designed to teach students the skills they will need for employment in the field. Students who complete the three-semester program can earn a Bioscience Technology Technical Certificate of Credit (TCC). The Bioscience Emerging Technicians Project will facilitate the direct connection between students and individuals employed in biotechnology companies in the greater Atlanta area. Overall this project will support the state's growing bioscience industry with an expanded pool of highly skilled individuals for technician-level workforce needs.&lt;br/&gt;&lt;br/&gt;The Bioscience Emerging Technicians project aims to increase the number of dual enrollment students in the field of bioscience by connecting them early with industry representatives and on-site experiences. The project goals are to 1) recruit and enroll dual- enrollment students in the bioscience technology program, 2) increase awareness of bioscience career opportunities through specialized  activities, and 3) increase the graduation rate of Bioscience Emerging Technician Program students in comparison to the college's graduation rate. Activities to reach these goals include open-houses for families to learn about the program, the creation of a summer bioscience workshop, the revision of laboratory exercises and the establishment of a first-year seminar focused on biotechnology career exploration. The project will also increase engagement with bioscience industry via a speaker’s series and on-site tours of facilities and the creation of a Bioscience business and industry leadership team (BILT). This project is funded by the Advanced Technological Education program that focuses on the education of technicians for the advanced-technology fields that drive the Nation's economy.&lt;br/&gt;&lt;br/&gt;This award reflects NSF's statutory mission and has been deemed worthy of support through evaluation using the Foundation's intellectual merit and broader impacts review criteria.</AbstractNarration>
<MinAmdLetterDate>04/19/2022</MinAmdLetterDate>
<MaxAmdLetterDate>04/19/2022</MaxAmdLetterDate>
<ARRAAmount/>
<TRAN_TYPE>Grant</TRAN_TYPE>
<CFDA_NUM>47.076</CFDA_NUM>
<NSF_PAR_USE_FLAG>1</NSF_PAR_USE_FLAG>
<FUND_AGCY_CODE>4900</FUND_AGCY_CODE>
<AWDG_AGCY_CODE>4900</AWDG_AGCY_CODE>
<AwardID>2202152</AwardID>
<Investigator>
<FirstName>Barry</FirstName>
<LastName>Bates</LastName>
<PI_MID_INIT>N</PI_MID_INIT>
<PI_SUFX_NAME/>
<PI_FULL_NAME>Barry N Bates</PI_FULL_NAME>
<EmailAddress>bbates@atlantatech.edu</EmailAddress>
<PI_PHON>4042254583</PI_PHON>
<NSF_ID>000756495</NSF_ID>
<StartDate>04/19/2022</StartDate>
<EndDate/>
<RoleCode>Principal Investigator</RoleCode>
</Investigator>
<Investigator>
<FirstName>Amanda</FirstName>
<LastName>Daniels</LastName>
<PI_MID_INIT/>
<PI_SUFX_NAME/>
<PI_FULL_NAME>Amanda Daniels</PI_FULL_NAME>
<EmailAddress>adaniels@atlantatech.edu</EmailAddress>
<PI_PHON>4042254559</PI_PHON>
<NSF_ID>000756386</NSF_ID>
<StartDate>04/19/2022</StartDate>
<EndDate/>
<RoleCode>Co-Principal Investigator</RoleCode>
</Investigator>
<Institution>
<Name>Atlanta Technical College</Name>
<CityName>ATLANTA</CityName>
<ZipCode>303104446</ZipCode>
<PhoneNumber>4042254526</PhoneNumber>
<StreetAddress>1560 METROPOLITAN PKWY SW</StreetAddress>
<StreetAddress2/>
<CountryName>United States</CountryName>
<StateName>Georgia</StateName>
<StateCode>GA</StateCode>
<CONGRESSDISTRICT>05</CONGRESSDISTRICT>
<CONGRESS_DISTRICT_ORG>GA05</CONGRESS_DISTRICT_ORG>
<ORG_UEI_NUM>FC8SGR49JCE6</ORG_UEI_NUM>
<ORG_LGL_BUS_NAME>ATLANTA TECHNICAL COLLEGE</ORG_LGL_BUS_NAME>
<ORG_PRNT_UEI_NUM/>
</Institution>
<Performance_Institution>
<Name><![CDATA[Atlanta Technical College]]></Name>
<CityName>Atlanta</CityName>
<StateCode>GA</StateCode>
<ZipCode>303104446</ZipCode>
<StreetAddress><![CDATA[1560 Metropolitan Pkwy SW]]></StreetAddress>
<CountryCode>US</CountryCode>
<CountryName>United States</CountryName>
<StateName>Georgia</StateName>
<CountryFlag>1</CountryFlag>
<CONGRESSDISTRICT>05</CONGRESSDISTRICT>
<CONGRESS_DISTRICT_PERF>GA05</CONGRESS_DISTRICT_PERF>
</Performance_Institution>
<ProgramElement>
<Code>7412</Code>
<Text>Advanced Tech Education Prog</Text>
</ProgramElement>
<ProgramReference>
<Code>1032</Code>
<Text>ADVANCED TECHNOLOGY EDUCATION</Text>
</ProgramReference>
<ProgramReference>
<Code>9178</Code>
<Text>UNDERGRADUATE EDUCATION</Text>
</ProgramReference>
<ProgramReference>
<Code>SMET</Code>
<Text>SCIENCE, MATH, ENG &amp; TECH EDUCATION</Text>
</ProgramReference>
<FUND_OBLG>2022~346002</FUND_OBLG>
</Award>
</rootTag>
