<?xml version="1.0" encoding="UTF-8"?>
<rootTag>
<Award>
<AwardTitle>NeTS: Large: Collaborative Research: Design Principles for a Future-Proof Internet Control Plane</AwardTitle>
<AGENCY>NSF</AGENCY>
<AwardEffectiveDate>10/01/2021</AwardEffectiveDate>
<AwardExpirationDate>08/31/2022</AwardExpirationDate>
<AwardTotalIntnAmount>500000.00</AwardTotalIntnAmount>
<AwardAmount>139095</AwardAmount>
<AwardInstrument>
<Value>Continuing Grant</Value>
</AwardInstrument>
<Organization>
<Code>05050000</Code>
<Directorate>
<Abbreviation>CSE</Abbreviation>
<LongName>Direct For Computer &amp; Info Scie &amp; Enginr</LongName>
</Directorate>
<Division>
<Abbreviation>CNS</Abbreviation>
<LongName>Division Of Computer and Network Systems</LongName>
</Division>
</Organization>
<ProgramOfficer>
<SignBlockName>Darleen Fisher</SignBlockName>
<PO_EMAI>dlfisher@nsf.gov</PO_EMAI>
<PO_PHON>7032928950</PO_PHON>
</ProgramOfficer>
<AbstractNarration>One of the big challenges faced in the Internet today is the ever growing complexity associated with the increasingly diverse usage models and growing user expectations about quality of service.  The core technology used in the Internet, IPv4 and BGP, is based on technology developed in the 1970's and early 1980's, when the focus of the Internet was providing connectivity between unsophisticated edge networks and applications.  In contrast, today's users and service providers want high Quality of Experience, e.g., smooth HD video, responsive e-commerce stores, interactive social networks, etc. Addressing these challenges is hard because both IP and BGP have proven to be very rigid and hard to modify.  While there has been much research on clean slate proposals for the Internet data plane, research in the control plane has mostly focused on specific protocols. This project fills this void by using a holistic approach to the design of the Internet control plane that can adapt to efficiently meet the growing demands placed on the Internet.&lt;br/&gt;&lt;br/&gt;Based on our experience with the XIA future Internet architecture project, we define three separate but related requirements. First, control protocols must be evolvable so they can adapt to future emerging requirements.  Second Internet routing protocols must be resource aware. Finally, the Internet control plane must support coordination with the control planes of increasingly sophisticated edge networks such as content delivery networks (CDNs) and cloud infrastructure.  The project has a broad research agenda that includes research in protocol support for evolvability and resource-awareness in the Internet, the definition of interfaces and techniques for coordination across edge and transit domains, and a control plane architecture that provides support for common control protocol functions such as discovery and control communication.  This research uses several real-world drivers including traffic engineering, cloud computing and a large-scale distributed denial of service (DDoS) defense service.  Finally, the project will includes an end-to-end experimental evaluation effort using large-scale testbeds such CloudLab, GENI, and PEERING.&lt;br/&gt;&lt;br/&gt;Intellectual merit: The main intellectual merit of the project is that it addresses three fundamental challenges in for Internet control protocols (evolvability, resource-awareness, and interfaces for coordination across heterogeneous control planes) in an integrated fashion. The results in these three areas will be integrated in a novel control plane architecture for the Internet.&lt;br/&gt;&lt;br/&gt;Broader Impact: The project will also have significant broader impact.  First, tools to run large scale networking experiments across testbeds such as Cloudlab, GENI and PEERING will be made available to the research community. Second, the project will engage undergrad and MS students in the project and integrate results in courses at CMU and UW-Madison, and will organize a DIMACS workshop to engage the community in discussion on the important topic of control plane design for the future Internet.  Finally, the holistic approach to rethinking the network control plane can have tremendous impact on the networking research community and industry.</AbstractNarration>
<MinAmdLetterDate>02/05/2022</MinAmdLetterDate>
<MaxAmdLetterDate>02/05/2022</MaxAmdLetterDate>
<ARRAAmount/>
<TRAN_TYPE>Grant</TRAN_TYPE>
<CFDA_NUM>47.070</CFDA_NUM>
<NSF_PAR_USE_FLAG>0</NSF_PAR_USE_FLAG>
<FUND_AGCY_CODE>4900</FUND_AGCY_CODE>
<AWDG_AGCY_CODE>4900</AWDG_AGCY_CODE>
<AwardID>2202649</AwardID>
<Investigator>
<FirstName>Aditya</FirstName>
<LastName>Akella</LastName>
<PI_MID_INIT/>
<PI_SUFX_NAME/>
<PI_FULL_NAME>Aditya Akella</PI_FULL_NAME>
<EmailAddress>akella@cs.utexas.edu</EmailAddress>
<PI_PHON>4128183779</PI_PHON>
<NSF_ID>000204197</NSF_ID>
<StartDate>02/05/2022</StartDate>
<EndDate/>
<RoleCode>Principal Investigator</RoleCode>
</Investigator>
<Institution>
<Name>University of Texas at Austin</Name>
<CityName>AUSTIN</CityName>
<ZipCode>787121139</ZipCode>
<PhoneNumber>5124716424</PhoneNumber>
<StreetAddress>110 INNER CAMPUS DR</StreetAddress>
<StreetAddress2/>
<CountryName>United States</CountryName>
<StateName>Texas</StateName>
<StateCode>TX</StateCode>
<CONGRESSDISTRICT>25</CONGRESSDISTRICT>
<CONGRESS_DISTRICT_ORG>TX25</CONGRESS_DISTRICT_ORG>
<ORG_UEI_NUM>V6AFQPN18437</ORG_UEI_NUM>
<ORG_LGL_BUS_NAME>UNIVERSITY OF TEXAS AT AUSTIN</ORG_LGL_BUS_NAME>
<ORG_PRNT_UEI_NUM>X5NKD2NFF2V3</ORG_PRNT_UEI_NUM>
</Institution>
<Performance_Institution>
<Name><![CDATA[University of Texas at Austin]]></Name>
<CityName/>
<StateCode>TX</StateCode>
<ZipCode>787595316</ZipCode>
<StreetAddress/>
<CountryCode>US</CountryCode>
<CountryName>United States</CountryName>
<StateName>Texas</StateName>
<CountryFlag>1</CountryFlag>
<CONGRESSDISTRICT>10</CONGRESSDISTRICT>
<CONGRESS_DISTRICT_PERF>TX10</CONGRESS_DISTRICT_PERF>
</Performance_Institution>
<ProgramElement>
<Code>7363</Code>
<Text>Networking Technology and Syst</Text>
</ProgramElement>
<ProgramReference>
<Code>7925</Code>
<Text>LARGE PROJECT</Text>
</ProgramReference>
<FUND_OBLG>2019~139095</FUND_OBLG>
</Award>
</rootTag>
