<?xml version="1.0" encoding="UTF-8"?>
<rootTag>
<Award>
<AwardTitle>Improving the Biotechnology Internship Experience to Better Prepare Student Technicians for the Modern Workforce</AwardTitle>
<AGENCY>NSF</AGENCY>
<AwardEffectiveDate>10/01/2020</AwardEffectiveDate>
<AwardExpirationDate>09/30/2023</AwardExpirationDate>
<AwardTotalIntnAmount>293976.00</AwardTotalIntnAmount>
<AwardAmount>293976</AwardAmount>
<AwardInstrument>
<Value>Standard Grant</Value>
</AwardInstrument>
<Organization>
<Code>11040100</Code>
<Directorate>
<Abbreviation>EHR</Abbreviation>
<LongName>Direct For Education and Human Resources</LongName>
</Directorate>
<Division>
<Abbreviation>DUE</Abbreviation>
<LongName>Division Of Undergraduate Education</LongName>
</Division>
</Organization>
<ProgramOfficer>
<SignBlockName>Virginia Carter</SignBlockName>
<PO_EMAI>vccarter@nsf.gov</PO_EMAI>
<PO_PHON>7032924651</PO_PHON>
</ProgramOfficer>
<AbstractNarration>This project aims to serve the national need for a highly skilled technical workforce by improving biotechnology student education.  The biotechnology industry in Florida is expanding, with growth that is more than twice the national average. The College intends to expand its biotechnology program to meet this growing need.  Specifically, the project plans to improve biotechnology education by updating and revitalizing the current biotechnology internship experience. Internships offer students critical learning and workforce experiences, helping them to develop essential employability skills. This project plans to improve students’ learning  through internships by increasing the number of internship opportunities, improving the biotechnology curriculum to better align with the needs of industry partners, enhancing the internship experience with an online interactive resource, and developing a biotechnology network to match students with future employers. This combination of cultivating industry partners, integrating technical skills and essential workplace skills, and community building is expected to increase the impact of biotechnology internships, including helping student successfully transition into a biotechnology career.&lt;br/&gt;&lt;br/&gt;This project is designed to provide biotechnology employers with highly educated and skilled technicians, thus enabling newly hired technicians to be rapidly productive on the job. The objectives of the project are to: 1) expand biotechnology internship opportunities for students by expanding the number of current internship partners;  2) amplify biotechnology essential skills training for students by developing an internship curriculum that includes essential workforce skills;  3) enhance the student experience by developing online modules to deliver internship information and develop student skills;  4) expand the biotechnology community by creating and hosting a one-day symposium that convenes high school students, biotechnology undergraduates, and industry partners. Additional goals are to increase diversity in the biotechnology industry through outreach and partnership with the local area high schools that have diverse student populations. Resources developed by the project will be shared through the NSF ATE network. This project is funded by the Advanced Technological Education program that focuses on the education of technicians for the advanced-technology fields that drive the nation's economy.&lt;br/&gt;&lt;br/&gt;This award reflects NSF's statutory mission and has been deemed worthy of support through evaluation using the Foundation's intellectual merit and broader impacts review criteria.</AbstractNarration>
<MinAmdLetterDate>04/07/2020</MinAmdLetterDate>
<MaxAmdLetterDate>04/07/2020</MaxAmdLetterDate>
<ARRAAmount/>
<TRAN_TYPE>Grant</TRAN_TYPE>
<CFDA_NUM>47.076</CFDA_NUM>
<NSF_PAR_USE_FLAG>1</NSF_PAR_USE_FLAG>
<FUND_AGCY_CODE>4900</FUND_AGCY_CODE>
<AWDG_AGCY_CODE>4900</AWDG_AGCY_CODE>
<AwardID>2000242</AwardID>
<Investigator>
<FirstName>Susan</FirstName>
<LastName>Ingersoll</LastName>
<PI_MID_INIT>B</PI_MID_INIT>
<PI_SUFX_NAME/>
<PI_FULL_NAME>Susan B Ingersoll</PI_FULL_NAME>
<EmailAddress>singersoll@valenciacollege.edu</EmailAddress>
<PI_PHON>4075823250</PI_PHON>
<NSF_ID>000722358</NSF_ID>
<StartDate>04/07/2020</StartDate>
<EndDate/>
<RoleCode>Principal Investigator</RoleCode>
</Investigator>
<Investigator>
<FirstName>Anitza</FirstName>
<LastName>San Miguel</LastName>
<PI_MID_INIT/>
<PI_SUFX_NAME/>
<PI_FULL_NAME>Anitza San Miguel</PI_FULL_NAME>
<EmailAddress>asanmiguel2@valenciacollege.edu</EmailAddress>
<PI_PHON>3216824091</PI_PHON>
<NSF_ID>000748124</NSF_ID>
<StartDate>04/07/2020</StartDate>
<EndDate/>
<RoleCode>Co-Principal Investigator</RoleCode>
</Investigator>
<Investigator>
<FirstName>Dheeraj</FirstName>
<LastName>Verma</LastName>
<PI_MID_INIT/>
<PI_SUFX_NAME/>
<PI_FULL_NAME>Dheeraj Verma</PI_FULL_NAME>
<EmailAddress>dverma@valenciacollege.edu</EmailAddress>
<PI_PHON>3216824838</PI_PHON>
<NSF_ID>000822963</NSF_ID>
<StartDate>04/07/2020</StartDate>
<EndDate/>
<RoleCode>Co-Principal Investigator</RoleCode>
</Investigator>
<Institution>
<Name>Valencia Community College</Name>
<CityName>ORLANDO</CityName>
<ZipCode>328356200</ZipCode>
<PhoneNumber>4075822909</PhoneNumber>
<StreetAddress>1768 PARK CENTER DR</StreetAddress>
<StreetAddress2/>
<CountryName>United States</CountryName>
<StateName>Florida</StateName>
<StateCode>FL</StateCode>
<CONGRESSDISTRICT>10</CONGRESSDISTRICT>
<CONGRESS_DISTRICT_ORG>FL10</CONGRESS_DISTRICT_ORG>
<ORG_UEI_NUM>K2JHXRNUEM44</ORG_UEI_NUM>
<ORG_LGL_BUS_NAME>VALENCIA COLLEGE</ORG_LGL_BUS_NAME>
<ORG_PRNT_UEI_NUM>NLCZMHXJ39H7</ORG_PRNT_UEI_NUM>
</Institution>
<Performance_Institution>
<Name><![CDATA[Valencia College Lake Nona Campus]]></Name>
<CityName>Orlando</CityName>
<StateCode>FL</StateCode>
<ZipCode>328326910</ZipCode>
<StreetAddress><![CDATA[12350 Narcoossee Rd]]></StreetAddress>
<CountryCode>US</CountryCode>
<CountryName>United States</CountryName>
<StateName>Florida</StateName>
<CountryFlag>1</CountryFlag>
<CONGRESSDISTRICT>09</CONGRESSDISTRICT>
<CONGRESS_DISTRICT_PERF>FL09</CONGRESS_DISTRICT_PERF>
</Performance_Institution>
<ProgramElement>
<Code>7412</Code>
<Text>Advanced Tech Education Prog</Text>
</ProgramElement>
<ProgramReference>
<Code>1032</Code>
<Text>ADVANCED TECHNOLOGY EDUCATION</Text>
</ProgramReference>
<ProgramReference>
<Code>9178</Code>
<Text>UNDERGRADUATE EDUCATION</Text>
</ProgramReference>
<ProgramReference>
<Code>SMET</Code>
<Text>SCIENCE, MATH, ENG &amp; TECH EDUCATION</Text>
</ProgramReference>
<Appropriation>
<Code>0420</Code>
<Name>NSF Education &amp; Human Resource</Name>
<APP_SYMB_ID>040106</APP_SYMB_ID>
</Appropriation>
<Fund>
<Code>04002021DB</Code>
<Name><![CDATA[NSF Education & Human Resource]]></Name>
<FUND_SYMB_ID>040106</FUND_SYMB_ID>
</Fund>
<FUND_OBLG>2020~293976</FUND_OBLG>
</Award>
</rootTag>
