<?xml version="1.0" encoding="UTF-8"?>
<rootTag>
<Award>
<AwardTitle><![CDATA[Second Annual Data Science Workshop: Emerging Data Science Methods for Complex Biomedical and Cyber Data]]></AwardTitle>
<AGENCY>NSF</AGENCY>
<AwardEffectiveDate>02/01/2020</AwardEffectiveDate>
<AwardExpirationDate>01/31/2022</AwardExpirationDate>
<AwardTotalIntnAmount>13850.00</AwardTotalIntnAmount>
<AwardAmount>13850</AwardAmount>
<AwardInstrument>
<Value>Standard Grant</Value>
</AwardInstrument>
<Organization>
<Code>03040000</Code>
<Directorate>
<Abbreviation>MPS</Abbreviation>
<LongName>Direct For Mathematical &amp; Physical Scien</LongName>
</Directorate>
<Division>
<Abbreviation>DMS</Abbreviation>
<LongName>Division Of Mathematical Sciences</LongName>
</Division>
</Organization>
<ProgramOfficer>
<SignBlockName>Pena Edsel</SignBlockName>
<PO_EMAI>epena@nsf.gov</PO_EMAI>
<PO_PHON>7032928080</PO_PHON>
</ProgramOfficer>
<AbstractNarration><![CDATA[The Second Annual Data Science Workshop entitled "Emerging Data Science Methods for Complex Biomedical and Cyber Data" will be held on Augusta University (AU) Riverfront campus, March 26-27, 2020. The workshop aims to foster collaborative research among data science, statistics and other related disciplines for the purpose of addressing the very hardest and most important data- and model-driven scientific challenges, and for developing the much-needed skills for the next generation STEM workforce. The Workshop participants will learn statistical and data science methods to handle the enormously complex biomedical and cyber science data, and help them develop analytical thinking, statistical reasoning, communication skills and creativity. Participants will be strongly encouraged to submit abstracts for poster sessions held during the entire workshop. This award will support the invited speakers, around fifteen undergraduate and graduate students to attend the event and to present research posters closely related to the theme of the workshop.  &lt;br/&gt;&lt;br/&gt;The topics of the workshop include deep learning, statistical machine learning, differential privacy, Bayesian data integration and cybersecurity data modeling, among others, building on AU's unique strength and focus in medical and cyber science research. The workshop will be in the form of specific research overviews and lectures provided by leading experts who have done prominent work in the respective topic areas. At the end of each of the two days, a panel discussion will be held, led by an expert panelist and all speakers of the day, for encapsulating the various topics presented on the day and for addressing questions and comments from the audience.&lt;br/&gt;&lt;br/&gt;This award reflects NSF's statutory mission and has been deemed worthy of support through evaluation using the Foundation's intellectual merit and broader impacts review criteria.]]></AbstractNarration>
<MinAmdLetterDate>01/13/2020</MinAmdLetterDate>
<MaxAmdLetterDate>01/13/2020</MaxAmdLetterDate>
<ARRAAmount/>
<TRAN_TYPE>Grant</TRAN_TYPE>
<CFDA_NUM>47.049</CFDA_NUM>
<NSF_PAR_USE_FLAG>1</NSF_PAR_USE_FLAG>
<FUND_AGCY_CODE>4900</FUND_AGCY_CODE>
<AWDG_AGCY_CODE>4900</AWDG_AGCY_CODE>
<AwardID>2000420</AwardID>
<Investigator>
<FirstName>Jie</FirstName>
<LastName>Chen</LastName>
<PI_MID_INIT/>
<PI_SUFX_NAME/>
<PI_FULL_NAME>Jie Chen</PI_FULL_NAME>
<EmailAddress><![CDATA[jiechen@augusta.edu]]></EmailAddress>
<NSF_ID>000285701</NSF_ID>
<StartDate>01/13/2020</StartDate>
<EndDate/>
<RoleCode>Principal Investigator</RoleCode>
</Investigator>
<Investigator>
<FirstName>Varghese</FirstName>
<LastName>George</LastName>
<PI_MID_INIT/>
<PI_SUFX_NAME/>
<PI_FULL_NAME>Varghese George</PI_FULL_NAME>
<EmailAddress><![CDATA[VGEORGE@augusta.edu]]></EmailAddress>
<NSF_ID>000757628</NSF_ID>
<StartDate>01/13/2020</StartDate>
<EndDate/>
<RoleCode>Co-Principal Investigator</RoleCode>
</Investigator>
<Institution>
<Name>AUGUSTA UNIVERSITY RESEARCH INSTITUTE, INC.</Name>
<CityName>AUGUSTA</CityName>
<ZipCode>309120004</ZipCode>
<PhoneNumber>7067212592</PhoneNumber>
<StreetAddress>1120 15TH ST STE CJ3301</StreetAddress>
<StreetAddress2/>
<CountryName>United States</CountryName>
<StateName>Georgia</StateName>
<StateCode>GA</StateCode>
<CONGRESSDISTRICT>12</CONGRESSDISTRICT>
<CONGRESS_DISTRICT_ORG>GA12</CONGRESS_DISTRICT_ORG>
<ORG_UEI_NUM>N4WWJC8T2593</ORG_UEI_NUM>
<ORG_LGL_BUS_NAME>AUGUSTA UNIVERSITY RESEARCH INSTITUTE, INC.</ORG_LGL_BUS_NAME>
<ORG_PRNT_UEI_NUM>SMV4HJLNJLP3</ORG_PRNT_UEI_NUM>
</Institution>
<Performance_Institution>
<Name><![CDATA[AUGUSTA UNIVERSITY RESEARCH INSTITUTE, INC.]]></Name>
<CityName/>
<StateCode>GA</StateCode>
<ZipCode>309120004</ZipCode>
<StreetAddress/>
<CountryCode>US</CountryCode>
<CountryName>United States</CountryName>
<StateName>Georgia</StateName>
<CountryFlag>1</CountryFlag>
<CONGRESSDISTRICT>12</CONGRESSDISTRICT>
<CONGRESS_DISTRICT_PERF>GA12</CONGRESS_DISTRICT_PERF>
</Performance_Institution>
<ProgramElement>
<Code>1260</Code>
<Text>INFRASTRUCTURE PROGRAM</Text>
</ProgramElement>
<ProgramElement>
<Code>1269</Code>
<Text>STATISTICS</Text>
</ProgramElement>
<ProgramReference>
<Code>7556</Code>
<Text>CONFERENCE AND WORKSHOPS</Text>
</ProgramReference>
<Appropriation>
<Code>0120</Code>
<Name>NSF RESEARCH &amp; RELATED ACTIVIT</Name>
<APP_SYMB_ID>040100</APP_SYMB_ID>
</Appropriation>
<Fund>
<Code>01002021DB</Code>
<Name><![CDATA[NSF RESEARCH & RELATED ACTIVIT]]></Name>
<FUND_SYMB_ID>040100</FUND_SYMB_ID>
</Fund>
<FUND_OBLG>2020~13850</FUND_OBLG>
<POR>
<DRECONTENT><![CDATA[<div class="porColContainerWBG"> <div class="porContentCol"><p>With this NSF funding support, the Workshop, &ldquo;Second Annual Data Science Workshop: Emerging Data Science Methods for Complex Biomedical and Cyber Data,&rdquo;&nbsp;<a href="http://www.augusta.edu/mcg/dphs/workshop2/">www.augusta.edu/mcg/dphs/workshop2/</a>&nbsp;was successfully held on the Riverfront Campus of Augusta University (AU) on October 14<sup>th</sup>&nbsp;and 15<sup>th</sup>, 2021.&nbsp;&nbsp;The Workshop was originally planned for March 26-27, 2020. Due to the COVID-19 pandemic, the Workshop was postponed to October 14-15, 2021. Due to another huge wave of the COVID-19 cases, largely caused by the delta variant during the early fall 2021 semester, the Workshop Committee then added the hybrid mode to the Workshop.&nbsp;&nbsp;</p> <p>The workshop aims to help students and young researchers develop analytical thinking, statistical reasoning, communication skills, and creativity through this Second Annual Data Science Workshop.&nbsp;&nbsp;The Workshop featured nine distinguished speakers: Dr. Rachel Cummings (Columbia), Dr. George Cybenko (Dartmouth), Dr. Moazzam Khan (IBM), Dr. Xiao-Li Meng (Harvard), Dr. Douglas Miller (Augusta), Dr. Aditya Prakash (Georgia Tech), Dr. Ashis SenGupta (ISI), Dr. Elizabeth Slate (Florida State), and Dr. Hongyu Zhao (Yale), and two Panel Discussion Leaders, Dr. Gagan Agrawal (Augusta University) and Dr. Jennifer Priestley (Kennesaw State University).&nbsp;&nbsp;The nine lecturers and two panel discussions were very engaging and well received by the attendees. Through the Workshop lectures/talks, the attendees were exposed to the complexity of bioscience and cyber science data and learned emerging statistical methods that may be utilized to solve problems facing the next generation of complex data. This award supported the participation of 4 undergraduate, 12 graduate students, and 6 postdoctoral/early faculty to attend the workshop and to present posters or 5-minutes talks on their respective research closely related to the theme of this workshop.&nbsp;</p> <p>There were 47 in-person attendees and 63 virtual participants with a total of 110 attendees.&nbsp;&nbsp;</p> <p>&nbsp;</p><br> <p>            Last Modified: 03/02/2022<br>      Modified by: Jie&nbsp;Chen</p> </div> <div class="porSideCol"></div> </div>]]></DRECONTENT>
<POR_COPY_TXT><![CDATA[ With this NSF funding support, the Workshop, "Second Annual Data Science Workshop: Emerging Data Science Methods for Complex Biomedical and Cyber Data," www.augusta.edu/mcg/dphs/workshop2/ was successfully held on the Riverfront Campus of Augusta University (AU) on October 14th and 15th, 2021.  The Workshop was originally planned for March 26-27, 2020. Due to the COVID-19 pandemic, the Workshop was postponed to October 14-15, 2021. Due to another huge wave of the COVID-19 cases, largely caused by the delta variant during the early fall 2021 semester, the Workshop Committee then added the hybrid mode to the Workshop.    The workshop aims to help students and young researchers develop analytical thinking, statistical reasoning, communication skills, and creativity through this Second Annual Data Science Workshop.  The Workshop featured nine distinguished speakers: Dr. Rachel Cummings (Columbia), Dr. George Cybenko (Dartmouth), Dr. Moazzam Khan (IBM), Dr. Xiao-Li Meng (Harvard), Dr. Douglas Miller (Augusta), Dr. Aditya Prakash (Georgia Tech), Dr. Ashis SenGupta (ISI), Dr. Elizabeth Slate (Florida State), and Dr. Hongyu Zhao (Yale), and two Panel Discussion Leaders, Dr. Gagan Agrawal (Augusta University) and Dr. Jennifer Priestley (Kennesaw State University).  The nine lecturers and two panel discussions were very engaging and well received by the attendees. Through the Workshop lectures/talks, the attendees were exposed to the complexity of bioscience and cyber science data and learned emerging statistical methods that may be utilized to solve problems facing the next generation of complex data. This award supported the participation of 4 undergraduate, 12 graduate students, and 6 postdoctoral/early faculty to attend the workshop and to present posters or 5-minutes talks on their respective research closely related to the theme of this workshop.   There were 47 in-person attendees and 63 virtual participants with a total of 110 attendees.            Last Modified: 03/02/2022       Submitted by: Jie Chen]]></POR_COPY_TXT>
</POR>
</Award>
</rootTag>
