<?xml version="1.0" encoding="UTF-8"?>
<rootTag>
<Award>
<AwardTitle>RAPID: Collaborative Research: Tracking Amazon Forest Fires from Source to Sink</AwardTitle>
<AGENCY>NSF</AGENCY>
<AwardEffectiveDate>11/01/2019</AwardEffectiveDate>
<AwardExpirationDate>10/31/2021</AwardExpirationDate>
<AwardTotalIntnAmount>63789.00</AwardTotalIntnAmount>
<AwardAmount>63789</AwardAmount>
<AwardInstrument>
<Value>Standard Grant</Value>
</AwardInstrument>
<Organization>
<Code>06040300</Code>
<Directorate>
<Abbreviation>GEO</Abbreviation>
<LongName>Directorate For Geosciences</LongName>
</Directorate>
<Division>
<Abbreviation>OCE</Abbreviation>
<LongName>Division Of Ocean Sciences</LongName>
</Division>
</Organization>
<ProgramOfficer>
<SignBlockName>Henrietta Edmonds</SignBlockName>
<PO_EMAI>hedmonds@nsf.gov</PO_EMAI>
<PO_PHON>7032927427</PO_PHON>
</ProgramOfficer>
<AbstractNarration>Fire plays a key role in Earth's ecosystem dynamics with profound effects on biogeochemical processes, climate, and environmental quality beyond the significant threat to people and infrastructures. This year has seen the most forest fires in the Amazon Basin of Brazil since 2010, providing a compelling opportunity to study the impact of fires on carbon fluxes in the Amazon River system, and, together with an auspiciously-timed cruise planned to the Guyanas mudbanks in 2020, to characterize the corresponding signature of biomass burning along the entire continuum from source on land to sink in the oceans. This project takes advantage of this opportunity through time series sampling of the dissolved and particulate load in the headwaters and the lower reaches of the Amazon River. This effort will be combined with targeted sampling campaigns across the full river depth profile at high and low discharge to capture the export of material to the Atlantic Ocean. Pyrogenic carbon concentration and composition will be measured by combining specific molecular work (anhydrous sugar levoglucosan and benzene polycarboxylic acids, or BPCAs) with ramped pyrolysis oxidation to characterize the chemical continuum that makes up pyrogenic carbon. Radiocarbon content and stable carbon isotope composition will help to distinguish pyrogenic carbon derived from combustion of living biomass (as opposed to that eroded from soils or old sediments, for example). Compared to a baseline established during a period of time when fire activity in the Amazon basin was relatively low, river samples from 2019 offer a chance to test whether pyrogenic carbon fluxes to the ocean respond to an increase in fire activity. The offshore samples will allow for characterizing how this pyrogenic carbon is transformed and/or preserved in the coastal ocean. Rapid-response funding will be essential to capitalizing on the unique combination of existing baseline data, the pronounced increase in fire activity this year, and the planned 2020 cruise. The outcome of this project will lay the groundwork for future efforts at reconstructing past fire activity, e.g., in association with upcoming drilling projects in the Amazon system supported by International Continental Scientific Drilling Program and the International Ocean Drilling Program. Finally, the project will interface with the Woods Hole Partnership Educational Program, which is designed to provide college students from underrepresented minorities opportunities to gain practical experience in marine and environmental sciences.&lt;br/&gt;&lt;br/&gt;This award reflects NSF's statutory mission and has been deemed worthy of support through evaluation using the Foundation's intellectual merit and broader impacts review criteria.</AbstractNarration>
<MinAmdLetterDate>10/28/2019</MinAmdLetterDate>
<MaxAmdLetterDate>10/28/2019</MaxAmdLetterDate>
<ARRAAmount/>
<TRAN_TYPE>Grant</TRAN_TYPE>
<CFDA_NUM>47.050</CFDA_NUM>
<NSF_PAR_USE_FLAG>1</NSF_PAR_USE_FLAG>
<FUND_AGCY_CODE>4900</FUND_AGCY_CODE>
<AWDG_AGCY_CODE>4900</AWDG_AGCY_CODE>
<AwardID>2000127</AwardID>
<Investigator>
<FirstName>A  Joshua</FirstName>
<LastName>West</LastName>
<PI_MID_INIT/>
<PI_SUFX_NAME/>
<PI_FULL_NAME>A  Joshua West</PI_FULL_NAME>
<EmailAddress>joshwest@usc.edu</EmailAddress>
<PI_PHON>2137406736</PI_PHON>
<NSF_ID>000561838</NSF_ID>
<StartDate>10/28/2019</StartDate>
<EndDate/>
<RoleCode>Principal Investigator</RoleCode>
</Investigator>
<Institution>
<Name>University of Southern California</Name>
<CityName>LOS ANGELES</CityName>
<ZipCode>900074304</ZipCode>
<PhoneNumber>2137407762</PhoneNumber>
<StreetAddress>3720 S FLOWER ST FL 3</StreetAddress>
<StreetAddress2/>
<CountryName>United States</CountryName>
<StateName>California</StateName>
<StateCode>CA</StateCode>
<CONGRESSDISTRICT>37</CONGRESSDISTRICT>
<CONGRESS_DISTRICT_ORG>CA37</CONGRESS_DISTRICT_ORG>
<ORG_UEI_NUM>G88KLJR3KYT5</ORG_UEI_NUM>
<ORG_LGL_BUS_NAME>UNIVERSITY OF SOUTHERN CALIFORNIA</ORG_LGL_BUS_NAME>
<ORG_PRNT_UEI_NUM>G88KLJR3KYT5</ORG_PRNT_UEI_NUM>
</Institution>
<Performance_Institution>
<Name><![CDATA[USC Department of Earth Sciences]]></Name>
<CityName>Los Angeles</CityName>
<StateCode>CA</StateCode>
<ZipCode>900890740</ZipCode>
<StreetAddress><![CDATA[3651 Trousdale Parkway, ZHS 117]]></StreetAddress>
<CountryCode>US</CountryCode>
<CountryName>United States</CountryName>
<StateName>California</StateName>
<CountryFlag>1</CountryFlag>
<CONGRESSDISTRICT>37</CONGRESSDISTRICT>
<CONGRESS_DISTRICT_PERF>CA37</CONGRESS_DISTRICT_PERF>
</Performance_Institution>
<ProgramElement>
<Code>1670</Code>
<Text>Chemical Oceanography</Text>
</ProgramElement>
<ProgramReference>
<Code>1389</Code>
<Text>CARBON CYCLE RESEARCH</Text>
</ProgramReference>
<ProgramReference>
<Code>7914</Code>
<Text>RAPID</Text>
</ProgramReference>
<Appropriation>
<Code>0120</Code>
<Name>NSF RESEARCH &amp; RELATED ACTIVIT</Name>
<APP_SYMB_ID>040100</APP_SYMB_ID>
</Appropriation>
<Fund>
<Code>01002021DB</Code>
<Name><![CDATA[NSF RESEARCH & RELATED ACTIVIT]]></Name>
<FUND_SYMB_ID>040100</FUND_SYMB_ID>
</Fund>
<FUND_OBLG>2020~63789</FUND_OBLG>
</Award>
</rootTag>
