<?xml version="1.0" encoding="UTF-8"?>
<rootTag>
<Award>
<AwardTitle>Investigating Effective Methods that Adults Use to Improve Children's Math Achievement in Informal Learning Environments: A Meta Analysis</AwardTitle>
<AGENCY>NSF</AGENCY>
<AwardEffectiveDate>10/01/2020</AwardEffectiveDate>
<AwardExpirationDate>09/30/2023</AwardExpirationDate>
<AwardTotalIntnAmount>490747.00</AwardTotalIntnAmount>
<AwardAmount>496447</AwardAmount>
<AwardInstrument>
<Value>Standard Grant</Value>
</AwardInstrument>
<Organization>
<Code>11040000</Code>
<Directorate>
<Abbreviation>EHR</Abbreviation>
<LongName>Direct For Education and Human Resources</LongName>
</Directorate>
<Division>
<Abbreviation>DUE</Abbreviation>
<LongName>Division Of Undergraduate Education</LongName>
</Division>
</Organization>
<ProgramOfficer>
<SignBlockName>Jolene Jesse</SignBlockName>
<PO_EMAI>jjesse@nsf.gov</PO_EMAI>
<PO_PHON>7032927303</PO_PHON>
</ProgramOfficer>
<AbstractNarration>This project is designed to explore how adults, including parents and childcare providers, can help children better learn mathematics in informal settings. To do so, this research study will conduct a meta-analysis of mathematics teaching strategies used in informal learning environments, such as museums, libraries, and the home. A meta-analysis examines published research data, paying close attention to differences in findings, and uses statistics to analyze the findings across different studies.  This meta-analysis will summarize the relevant research about mathematics teaching that has been published since 1980, focusing on children in preschool to the end of third grade. It will also focus on mathematics learning topics of numbers and operations, algebra, geometry, measurement, and data analysis. The researchers will include data from peer-reviewed research, conference proposals, reports, and dissertations. In choosing which research studies should be included in their analysis, the researchers will consider the specific teaching strategies used, the participants in the study, and the training that the adults received. The project intends use their analysis to show what effective mathematics teaching looks like in informal learning environments.  This information can provide insights about best mathematics teaching practices for young children in informal learning environments. In this way, it can benefit mathematics education by informing the decision-making of researchers, practitioners, parents, childcare providers, teacher educators. &lt;br/&gt;&lt;br/&gt;After a thorough review of the literature and collection of relevant studies, the researchers will code each contributing study for methodological, participant, and intervention characteristics, study quality, and type of dependent measure. The researchers will also double code studies to establish inter-rater agreement to ensure consistency in coding procedures across reviewers. A random-effects meta-regression will then be used to synthesize standardized mean difference effect sizes to determine an overall average effect and evaluate coded moderators that may account for variability in the observed effects. Cluster robust variance estimation will be used to account for dependence between effect sizes collected from the same study. This project has the potential to make a unique contribution to the field by (a) responding to a recent upward trend of empirical research on mathematics interventions in informal learning environments; (b) reporting on the current quality of evidence of intervention studies as a means to improve future research studies in this area; (c) broadening stakeholders’ knowledge base regarding training parents and childcare providers to implement effective mathematics interventions; and (d) implementing a rigorous research plan and meta-analytic techniques.  This project is jointly funded by the Education and Human Resource Core Research (ECR) Program and the Established Program to Stimulate Competitive Research (EPSCoR).&lt;br/&gt;&lt;br/&gt;This award reflects NSF's statutory mission and has been deemed worthy of support through evaluation using the Foundation's intellectual merit and broader impacts review criteria.</AbstractNarration>
<MinAmdLetterDate>08/13/2020</MinAmdLetterDate>
<MaxAmdLetterDate>05/24/2022</MaxAmdLetterDate>
<ARRAAmount/>
<TRAN_TYPE>Grant</TRAN_TYPE>
<CFDA_NUM>47.076</CFDA_NUM>
<NSF_PAR_USE_FLAG>1</NSF_PAR_USE_FLAG>
<FUND_AGCY_CODE>4900</FUND_AGCY_CODE>
<AWDG_AGCY_CODE>4900</AWDG_AGCY_CODE>
<AwardID>2000292</AwardID>
<Investigator>
<FirstName>Gena</FirstName>
<LastName>Nelson</LastName>
<PI_MID_INIT/>
<PI_SUFX_NAME/>
<PI_FULL_NAME>Gena Nelson</PI_FULL_NAME>
<EmailAddress>genanelson@boisestate.edu</EmailAddress>
<PI_PHON>2084261548</PI_PHON>
<NSF_ID>000796048</NSF_ID>
<StartDate>08/13/2020</StartDate>
<EndDate/>
<RoleCode>Principal Investigator</RoleCode>
</Investigator>
<Investigator>
<FirstName>Hannah</FirstName>
<LastName>Carter</LastName>
<PI_MID_INIT/>
<PI_SUFX_NAME/>
<PI_FULL_NAME>Hannah Carter</PI_FULL_NAME>
<EmailAddress>hcarter@boisestate.edu</EmailAddress>
<PI_PHON>6623161290</PI_PHON>
<NSF_ID>000796102</NSF_ID>
<StartDate>08/13/2020</StartDate>
<EndDate/>
<RoleCode>Co-Principal Investigator</RoleCode>
</Investigator>
<Institution>
<Name>Boise State University</Name>
<CityName>BOISE</CityName>
<ZipCode>837250001</ZipCode>
<PhoneNumber>2084261574</PhoneNumber>
<StreetAddress>1910 UNIVERSITY DR</StreetAddress>
<StreetAddress2/>
<CountryName>United States</CountryName>
<StateName>Idaho</StateName>
<StateCode>ID</StateCode>
<CONGRESSDISTRICT>02</CONGRESSDISTRICT>
<CONGRESS_DISTRICT_ORG>ID02</CONGRESS_DISTRICT_ORG>
<ORG_UEI_NUM>HYWTVM5HNFM3</ORG_UEI_NUM>
<ORG_LGL_BUS_NAME>BOISE STATE UNIVERSITY</ORG_LGL_BUS_NAME>
<ORG_PRNT_UEI_NUM>HYWTVM5HNFM3</ORG_PRNT_UEI_NUM>
</Institution>
<Performance_Institution>
<Name><![CDATA[Boise State University]]></Name>
<CityName/>
<StateCode>ID</StateCode>
<ZipCode>837251135</ZipCode>
<StreetAddress/>
<CountryCode>US</CountryCode>
<CountryName>United States</CountryName>
<StateName>Idaho</StateName>
<CountryFlag>1</CountryFlag>
<CONGRESSDISTRICT>02</CONGRESSDISTRICT>
<CONGRESS_DISTRICT_PERF>ID02</CONGRESS_DISTRICT_PERF>
</Performance_Institution>
<ProgramElement>
<Code>7980</Code>
<Text>ECR-EHR Core Research</Text>
</ProgramElement>
<ProgramElement>
<Code>9150</Code>
<Text>EPSCoR Co-Funding</Text>
</ProgramElement>
<ProgramReference>
<Code>8817</Code>
<Text>STEM Learning &amp; Learning Environments</Text>
</ProgramReference>
<ProgramReference>
<Code>9150</Code>
<Text>EXP PROG TO STIM COMP RES</Text>
</ProgramReference>
<ProgramReference>
<Code>9251</Code>
<Text>REU SUPP-Res Exp for Ugrd Supp</Text>
</ProgramReference>
<Appropriation>
<Code>0120</Code>
<Name>NSF RESEARCH &amp; RELATED ACTIVIT</Name>
<APP_SYMB_ID>040100</APP_SYMB_ID>
</Appropriation>
<Appropriation>
<Code>0420</Code>
<Name>NSF Education &amp; Human Resource</Name>
<APP_SYMB_ID>040106</APP_SYMB_ID>
</Appropriation>
<Fund>
<Code>01002021DB</Code>
<Name><![CDATA[NSF RESEARCH & RELATED ACTIVIT]]></Name>
<FUND_SYMB_ID>040100</FUND_SYMB_ID>
</Fund>
<Fund>
<Code>04002021DB</Code>
<Name><![CDATA[NSF Education & Human Resource]]></Name>
<FUND_SYMB_ID>040106</FUND_SYMB_ID>
</Fund>
<FUND_OBLG>2020~490747</FUND_OBLG>
<FUND_OBLG>2022~5700</FUND_OBLG>
</Award>
</rootTag>
