<?xml version="1.0" encoding="UTF-8"?>
<rootTag>
<Award>
<AwardTitle>NSF Student Travel Grant for 2020 IEEE Symposium and Workshops on Security and Privacy</AwardTitle>
<AGENCY>NSF</AGENCY>
<AwardEffectiveDate>03/01/2020</AwardEffectiveDate>
<AwardExpirationDate>02/28/2023</AwardExpirationDate>
<AwardTotalIntnAmount>25000.00</AwardTotalIntnAmount>
<AwardAmount>25000</AwardAmount>
<AwardInstrument>
<Value>Standard Grant</Value>
</AwardInstrument>
<Organization>
<Code>05050000</Code>
<Directorate>
<Abbreviation>CSE</Abbreviation>
<LongName>Direct For Computer &amp; Info Scie &amp; Enginr</LongName>
</Directorate>
<Division>
<Abbreviation>CNS</Abbreviation>
<LongName>Division Of Computer and Network Systems</LongName>
</Division>
</Organization>
<ProgramOfficer>
<SignBlockName>Jeremy Epstein</SignBlockName>
<PO_EMAI>jepstein@nsf.gov</PO_EMAI>
<PO_PHON>7032928338</PO_PHON>
</ProgramOfficer>
<AbstractNarration>The IEEE Security &amp; Privacy Symposium is a top-tier venue for cybersecurity and privacy research, and has been for much of its 40-plus-year history. Student attendance at S&amp;P is an important part of graduate education in cybersecurity. The 2020 Symposium will be held in San Francisco, CA and consist of approximately 80 technical papers and Systematization of Knowledge papers, which provide valuable background to students who are learning the literature.&lt;br/&gt;&lt;br/&gt;This grant provides travel support to encourage participation in the IEEE Symposium and its Student Program Committee by students who would normally find it difficult to attend. Criteria for selection include evidence of a serious interest in the field, as demonstrated by coursework and/or project experience. Organizers encourage participation of women and students from other under-represented groups.&lt;br/&gt;&lt;br/&gt;This award reflects NSF's statutory mission and has been deemed worthy of support through evaluation using the Foundation's intellectual merit and broader impacts review criteria.</AbstractNarration>
<MinAmdLetterDate>01/09/2020</MinAmdLetterDate>
<MaxAmdLetterDate>01/09/2020</MaxAmdLetterDate>
<ARRAAmount/>
<TRAN_TYPE>Grant</TRAN_TYPE>
<CFDA_NUM>47.070</CFDA_NUM>
<NSF_PAR_USE_FLAG>1</NSF_PAR_USE_FLAG>
<FUND_AGCY_CODE>4900</FUND_AGCY_CODE>
<AWDG_AGCY_CODE>4900</AWDG_AGCY_CODE>
<AwardID>2000427</AwardID>
<Investigator>
<FirstName>Alvaro</FirstName>
<LastName>Cardenas</LastName>
<PI_MID_INIT>A</PI_MID_INIT>
<PI_SUFX_NAME/>
<PI_FULL_NAME>Alvaro A Cardenas</PI_FULL_NAME>
<EmailAddress>alvaro.cardenas@ucsc.edu</EmailAddress>
<PI_PHON>8314594879</PI_PHON>
<NSF_ID>000641570</NSF_ID>
<StartDate>01/09/2020</StartDate>
<EndDate/>
<RoleCode>Principal Investigator</RoleCode>
</Investigator>
<Institution>
<Name>University of California-Santa Cruz</Name>
<CityName>SANTA CRUZ</CityName>
<ZipCode>950641077</ZipCode>
<PhoneNumber>8314595278</PhoneNumber>
<StreetAddress>1156 HIGH ST</StreetAddress>
<StreetAddress2/>
<CountryName>United States</CountryName>
<StateName>California</StateName>
<StateCode>CA</StateCode>
<CONGRESSDISTRICT>20</CONGRESSDISTRICT>
<CONGRESS_DISTRICT_ORG>CA20</CONGRESS_DISTRICT_ORG>
<ORG_UEI_NUM>VXUFPE4MCZH5</ORG_UEI_NUM>
<ORG_LGL_BUS_NAME>UNIVERSITY OF CALIFORNIA SANTA CRUZ</ORG_LGL_BUS_NAME>
<ORG_PRNT_UEI_NUM/>
</Institution>
<Performance_Institution>
<Name><![CDATA[University of California-Santa Cruz]]></Name>
<CityName/>
<StateCode>CA</StateCode>
<ZipCode>950641077</ZipCode>
<StreetAddress/>
<CountryCode>US</CountryCode>
<CountryName>United States</CountryName>
<StateName>California</StateName>
<CountryFlag>1</CountryFlag>
<CONGRESSDISTRICT>20</CONGRESSDISTRICT>
<CONGRESS_DISTRICT_PERF>CA20</CONGRESS_DISTRICT_PERF>
</Performance_Institution>
<ProgramElement>
<Code>8060</Code>
<Text>Secure &amp;Trustworthy Cyberspace</Text>
</ProgramElement>
<ProgramReference>
<Code>025Z</Code>
<Text>SaTC: Secure and Trustworthy Cyberspace</Text>
</ProgramReference>
<ProgramReference>
<Code>7556</Code>
<Text>CONFERENCE AND WORKSHOPS</Text>
</ProgramReference>
<ProgramReference>
<Code>9102</Code>
<Text>WOMEN, MINORITY, DISABLED, NEC</Text>
</ProgramReference>
<Appropriation>
<Code>0120</Code>
<Name>NSF RESEARCH &amp; RELATED ACTIVIT</Name>
<APP_SYMB_ID>040100</APP_SYMB_ID>
</Appropriation>
<Fund>
<Code>01002021DB</Code>
<Name><![CDATA[NSF RESEARCH & RELATED ACTIVIT]]></Name>
<FUND_SYMB_ID>040100</FUND_SYMB_ID>
</Fund>
<FUND_OBLG>2020~25000</FUND_OBLG>
</Award>
</rootTag>
