<?xml version="1.0" encoding="UTF-8"?>
<rootTag>
<Award>
<AwardTitle>Native STEM Portraits: A Longitudinal, Mixed-Methods Study of the Intersectional Experiences of Native Learners and Professionals in STEM</AwardTitle>
<AGENCY>NSF</AGENCY>
<AwardEffectiveDate>08/01/2020</AwardEffectiveDate>
<AwardExpirationDate>07/31/2024</AwardExpirationDate>
<AwardTotalIntnAmount>1500000.00</AwardTotalIntnAmount>
<AwardAmount>647093</AwardAmount>
<AwardInstrument>
<Value>Continuing Grant</Value>
</AwardInstrument>
<Organization>
<Code>11060000</Code>
<Directorate>
<Abbreviation>EHR</Abbreviation>
<LongName>Direct For Education and Human Resources</LongName>
</Directorate>
<Division>
<Abbreviation>HRD</Abbreviation>
<LongName>Division Of Human Resource Development</LongName>
</Division>
</Organization>
<ProgramOfficer>
<SignBlockName>Jeremy Guinn</SignBlockName>
<PO_EMAI>jguinn@nsf.gov</PO_EMAI>
<PO_PHON>7032928193</PO_PHON>
</ProgramOfficer>
<AbstractNarration>Native students and professionals are severely underrepresented in all STEM degree programs and professions in the U.S. This underrepresentation is often overlooked in research and discussions of equity in STEM. This abstract, and this project, uses the word "Native" as an umbrella to refer to American Indians, Alaska Natives, Native Hawaiians, Pacific Islanders, First Nations, and other indigenous peoples of North America. This project will contribute to changing the conversation about Native individuals in STEM by conducting critical research on the largely unexplored topic of experiences, that act either as supports or as barriers for Native individuals to successfully continue their paths in STEM higher education and professions, with special emphasis on women, LGBTQIA+, and two-spirit individuals. This project will inform future research and make recommendations for promising practices that institutions can implement. The project will study STEM students, STEM faculty, and STEM professionals both inside and outside academe. The three main STEM areas covered in the study will be computer sciences and engineering, biological sciences, and mathematics, physics, and earth sciences. This project is supported by the EHR Core Research (ECR) program, which supports work that advances fundamental research on STEM learning and learning environments, broadening participation in STEM, and STEM workforce development.&lt;br/&gt;&lt;br/&gt;The project will: (1) identify and aggregate what is known of the challenges and supports specific to Native participation in STEM careers through a scoping review of the literature; (2) study the experiences that support and hinder individuals to successfully continue their paths in STEM higher education and professions across the spectrum, from undergraduates to professionals using surveys and photo elicitation interviews; and (3) study the experiences of administrators, support staff, and non-Native faculty in providing supports to Native students and faculty in STEM through focus groups and interviews. The project will extensively disseminate findings to a broad base of constituencies, including collaborative workshops with partner institutions; traditional academic venues such as conferences and peer reviewed publications; and visual displays that will be made available to libraries, museums, and institutions of higher education.&lt;br/&gt;&lt;br/&gt;This award reflects NSF's statutory mission and has been deemed worthy of support through evaluation using the Foundation's intellectual merit and broader impacts review criteria.</AbstractNarration>
<MinAmdLetterDate>07/02/2020</MinAmdLetterDate>
<MaxAmdLetterDate>03/16/2022</MaxAmdLetterDate>
<ARRAAmount/>
<TRAN_TYPE>Grant</TRAN_TYPE>
<CFDA_NUM>47.076</CFDA_NUM>
<NSF_PAR_USE_FLAG>1</NSF_PAR_USE_FLAG>
<FUND_AGCY_CODE>4900</FUND_AGCY_CODE>
<AWDG_AGCY_CODE>4900</AWDG_AGCY_CODE>
<AwardID>2000619</AwardID>
<Investigator>
<FirstName>Maria</FirstName>
<LastName>Ong</LastName>
<PI_MID_INIT/>
<PI_SUFX_NAME/>
<PI_FULL_NAME>Maria Ong</PI_FULL_NAME>
<EmailAddress>ong.mia@gmail.com</EmailAddress>
<PI_PHON>6178739600</PI_PHON>
<NSF_ID>000209394</NSF_ID>
<StartDate>07/02/2020</StartDate>
<EndDate/>
<RoleCode>Principal Investigator</RoleCode>
</Investigator>
<Investigator>
<FirstName>Kathy</FirstName>
<LastName>DeerInWater</LastName>
<PI_MID_INIT/>
<PI_SUFX_NAME/>
<PI_FULL_NAME>Kathy DeerInWater</PI_FULL_NAME>
<EmailAddress>kdeerinwater@aises.org</EmailAddress>
<PI_PHON>7205526123</PI_PHON>
<NSF_ID>000703688</NSF_ID>
<StartDate>07/02/2020</StartDate>
<EndDate>03/16/2022</EndDate>
<RoleCode>Former Co-Principal Investigator</RoleCode>
</Investigator>
<Investigator>
<FirstName>Nuria</FirstName>
<LastName>Jaumot-Pascual</LastName>
<PI_MID_INIT/>
<PI_SUFX_NAME/>
<PI_FULL_NAME>Nuria Jaumot-Pascual</PI_FULL_NAME>
<EmailAddress>nuria_jaumot-pascual@terc.edu</EmailAddress>
<PI_PHON>6178739600</PI_PHON>
<NSF_ID>000737694</NSF_ID>
<StartDate>07/02/2020</StartDate>
<EndDate/>
<RoleCode>Co-Principal Investigator</RoleCode>
</Investigator>
<Investigator>
<FirstName>Matthew</FirstName>
<LastName>Madison</LastName>
<PI_MID_INIT>J</PI_MID_INIT>
<PI_SUFX_NAME/>
<PI_FULL_NAME>Matthew J Madison</PI_FULL_NAME>
<EmailAddress>matthewm@uga.edu</EmailAddress>
<PI_PHON>7065424110</PI_PHON>
<NSF_ID>000747899</NSF_ID>
<StartDate>07/02/2020</StartDate>
<EndDate/>
<RoleCode>Co-Principal Investigator</RoleCode>
</Investigator>
<Investigator>
<FirstName>Tiffany</FirstName>
<LastName>Smith</LastName>
<PI_MID_INIT/>
<PI_SUFX_NAME/>
<PI_FULL_NAME>Tiffany Smith</PI_FULL_NAME>
<EmailAddress>tsmith@aises.org</EmailAddress>
<PI_PHON>4059890787</PI_PHON>
<NSF_ID>000863327</NSF_ID>
<StartDate>03/16/2022</StartDate>
<EndDate/>
<RoleCode>Co-Principal Investigator</RoleCode>
</Investigator>
<Institution>
<Name>TERC Inc</Name>
<CityName>CAMBRIDGE</CityName>
<ZipCode>021401340</ZipCode>
<PhoneNumber>6178739600</PhoneNumber>
<StreetAddress>2067 MASSACHUSETTS AVE</StreetAddress>
<StreetAddress2/>
<CountryName>United States</CountryName>
<StateName>Massachusetts</StateName>
<StateCode>MA</StateCode>
<CONGRESSDISTRICT>05</CONGRESSDISTRICT>
<CONGRESS_DISTRICT_ORG>MA05</CONGRESS_DISTRICT_ORG>
<ORG_UEI_NUM>GSLCJ3M62XX1</ORG_UEI_NUM>
<ORG_LGL_BUS_NAME>TERC, INC.</ORG_LGL_BUS_NAME>
<ORG_PRNT_UEI_NUM/>
</Institution>
<Performance_Institution>
<Name><![CDATA[TERC Inc]]></Name>
<CityName>Cambridge</CityName>
<StateCode>MA</StateCode>
<ZipCode>021401339</ZipCode>
<StreetAddress><![CDATA[2067 Massachusetts Avenue]]></StreetAddress>
<CountryCode>US</CountryCode>
<CountryName>United States</CountryName>
<StateName>Massachusetts</StateName>
<CountryFlag>1</CountryFlag>
<CONGRESSDISTRICT>05</CONGRESSDISTRICT>
<CONGRESS_DISTRICT_PERF>MA05</CONGRESS_DISTRICT_PERF>
</Performance_Institution>
<ProgramElement>
<Code>7980</Code>
<Text>ECR-EHR Core Research</Text>
</ProgramElement>
<ProgramReference>
<Code>8212</Code>
<Text>Broaden Particip STEM Resrch</Text>
</ProgramReference>
<ProgramReference>
<Code>8816</Code>
<Text>Workforce Development</Text>
</ProgramReference>
<Appropriation>
<Code>0420</Code>
<Name>NSF Education &amp; Human Resource</Name>
<APP_SYMB_ID>040106</APP_SYMB_ID>
</Appropriation>
<Appropriation>
<Code>0421</Code>
<Name>NSF Education &amp; Human Resource</Name>
<APP_SYMB_ID>040106</APP_SYMB_ID>
</Appropriation>
<Fund>
<Code>04002021DB</Code>
<Name><![CDATA[NSF Education & Human Resource]]></Name>
<FUND_SYMB_ID>040106</FUND_SYMB_ID>
</Fund>
<Fund>
<Code>04002122DB</Code>
<Name><![CDATA[NSF Education & Human Resource]]></Name>
<FUND_SYMB_ID>040106</FUND_SYMB_ID>
</Fund>
<FUND_OBLG>2020~329466</FUND_OBLG>
<FUND_OBLG>2021~317627</FUND_OBLG>
</Award>
</rootTag>
