<?xml version="1.0" encoding="UTF-8"?>
<rootTag>
<Award>
<AwardTitle>SHF: Small: Collaborative Research: Software Hardware Architecture Co-design for Low-power Heterogeneous Edge Devices</AwardTitle>
<AGENCY>NSF</AGENCY>
<AwardEffectiveDate>09/01/2019</AwardEffectiveDate>
<AwardExpirationDate>09/30/2022</AwardExpirationDate>
<AwardTotalIntnAmount>179999.00</AwardTotalIntnAmount>
<AwardAmount>179999</AwardAmount>
<AwardInstrument>
<Value>Standard Grant</Value>
</AwardInstrument>
<Organization>
<Code>05010000</Code>
<Directorate>
<Abbreviation>CSE</Abbreviation>
<LongName>Direct For Computer &amp; Info Scie &amp; Enginr</LongName>
</Directorate>
<Division>
<Abbreviation>CCF</Abbreviation>
<LongName>Division of Computing and Communication Foundations</LongName>
</Division>
</Organization>
<ProgramOfficer>
<SignBlockName>Yuanyuan Yang</SignBlockName>
<PO_EMAI>yyang@nsf.gov</PO_EMAI>
<PO_PHON>7032928067</PO_PHON>
</ProgramOfficer>
<AbstractNarration>The advancement of deep learning techniques, a sub-field of machine learning, is profoundly changing the field of mobile edge computing, thanks to recent research demonstrating that deep learning methods provide significant performance gains. However, the requirement of heavy computations and resources prevent deep learning methods from being widely deployed in mobile edge devices, such as smartphones and Internet of Things (IoT) devices. A significant advantage of enabling deep learning methods in mobile edge devices is that it can drastically reduce the response delay and energy consumption of mobile applications because the computations are executed locally. By removing the barrier that keeps deep learning techniques away from pervasive low-power mobile edge computing devices, this research enables high-accuracy, low-latency applications in future mobile edge computing. In particular, this research systematically investigates the fundamental and challenging issues targeting to significantly reduce the cost of deep learning inference process in mobile edge devices with guaranteed performance. The success of this project could significantly benefit the entire spectrum of deep learning across various research domains, including computer architecture, mobile sensing, cyber security, and human-computer interaction research areas. This project also aims to develop new curricula and encourage the participation of female engineering students. &lt;br/&gt;&lt;br/&gt;The primary goal of this research is to build a software accelerator that enables the broad deployment of heavy-cost deep learning models into resource-constrained, heterogeneous mobile edge devices (e.g., low-cost sensing platforms and IoT devices). The basic idea is to develop deep-learning resource management algorithms that can adjust structures of different deep learning models according to hardware constraints of heterogeneous edge devices. More specifically, this research analyzes distinct deep learning behaviors on mobile edge devices and designs different strategies to improve the efficiency of multiple deep-learning-based inference models. Furthermore, this research develops algorithms that can adjust the complexity of different deep learning models to reduce their energy and memory consumption on mobile edge devices. In addition, this project designs power-centric resource reallocation algorithms to verify and deploy the mobile-friendly deep learning models.&lt;br/&gt;&lt;br/&gt;This award reflects NSF's statutory mission and has been deemed worthy of support through evaluation using the Foundation's intellectual merit and broader impacts review criteria.</AbstractNarration>
<MinAmdLetterDate>10/22/2019</MinAmdLetterDate>
<MaxAmdLetterDate>10/22/2019</MaxAmdLetterDate>
<ARRAAmount/>
<TRAN_TYPE>Grant</TRAN_TYPE>
<CFDA_NUM>47.070</CFDA_NUM>
<NSF_PAR_USE_FLAG>1</NSF_PAR_USE_FLAG>
<FUND_AGCY_CODE>4900</FUND_AGCY_CODE>
<AWDG_AGCY_CODE>4900</AWDG_AGCY_CODE>
<AwardID>2000480</AwardID>
<Investigator>
<FirstName>Yan</FirstName>
<LastName>Wang</LastName>
<PI_MID_INIT/>
<PI_SUFX_NAME/>
<PI_FULL_NAME>Yan Wang</PI_FULL_NAME>
<EmailAddress>y.wang@temple.edu</EmailAddress>
<PI_PHON>2152048450</PI_PHON>
<NSF_ID>000702932</NSF_ID>
<StartDate>10/22/2019</StartDate>
<EndDate/>
<RoleCode>Principal Investigator</RoleCode>
</Investigator>
<Institution>
<Name>Temple University</Name>
<CityName>PHILADELPHIA</CityName>
<ZipCode>191226003</ZipCode>
<PhoneNumber>2157077547</PhoneNumber>
<StreetAddress>1801 N BROAD ST</StreetAddress>
<StreetAddress2/>
<CountryName>United States</CountryName>
<StateName>Pennsylvania</StateName>
<StateCode>PA</StateCode>
<CONGRESSDISTRICT>02</CONGRESSDISTRICT>
<CONGRESS_DISTRICT_ORG>PA02</CONGRESS_DISTRICT_ORG>
<ORG_UEI_NUM>QD4MGHFDJKU1</ORG_UEI_NUM>
<ORG_LGL_BUS_NAME>TEMPLE UNIVERSITY-OF THE COMMONWEALTH SYSTEM OF HIGHER EDUCATION</ORG_LGL_BUS_NAME>
<ORG_PRNT_UEI_NUM>QD4MGHFDJKU1</ORG_PRNT_UEI_NUM>
</Institution>
<Performance_Institution>
<Name><![CDATA[Temple University]]></Name>
<CityName/>
<StateCode>PA</StateCode>
<ZipCode>191226003</ZipCode>
<StreetAddress/>
<CountryCode>US</CountryCode>
<CountryName>United States</CountryName>
<StateName>Pennsylvania</StateName>
<CountryFlag>1</CountryFlag>
<CONGRESSDISTRICT>02</CONGRESSDISTRICT>
<CONGRESS_DISTRICT_PERF>PA02</CONGRESS_DISTRICT_PERF>
</Performance_Institution>
<ProgramElement>
<Code>7798</Code>
<Text>Software &amp; Hardware Foundation</Text>
</ProgramElement>
<ProgramReference>
<Code>7923</Code>
<Text>SMALL PROJECT</Text>
</ProgramReference>
<ProgramReference>
<Code>7941</Code>
<Text>COMPUTER ARCHITECTURE</Text>
</ProgramReference>
<Appropriation>
<Code>0119</Code>
<Name>NSF RESEARCH &amp; RELATED ACTIVIT</Name>
<APP_SYMB_ID>040100</APP_SYMB_ID>
</Appropriation>
<Fund>
<Code>01001920DB</Code>
<Name><![CDATA[NSF RESEARCH & RELATED ACTIVIT]]></Name>
<FUND_SYMB_ID>040100</FUND_SYMB_ID>
</Fund>
<FUND_OBLG>2019~179999</FUND_OBLG>
</Award>
</rootTag>
