<?xml version="1.0" encoding="UTF-8"?>
<rootTag>
<Award>
<AwardTitle>HBCU-Excellence in Research: Howard University Beltsville Center for Planetary  Boundary Layer Studies</AwardTitle>
<AGENCY>NSF</AGENCY>
<AwardEffectiveDate>05/01/2020</AwardEffectiveDate>
<AwardExpirationDate>04/30/2023</AwardExpirationDate>
<AwardTotalIntnAmount>998935.00</AwardTotalIntnAmount>
<AwardAmount>998935</AwardAmount>
<AwardInstrument>
<Value>Standard Grant</Value>
</AwardInstrument>
<Organization>
<Code>06020105</Code>
<Directorate>
<Abbreviation>GEO</Abbreviation>
<LongName>Directorate For Geosciences</LongName>
</Directorate>
<Division>
<Abbreviation>AGS</Abbreviation>
<LongName>Div Atmospheric &amp; Geospace Sciences</LongName>
</Division>
</Organization>
<ProgramOfficer>
<SignBlockName>Yu Gu</SignBlockName>
<PO_EMAI>ygu@nsf.gov</PO_EMAI>
<PO_PHON>7032928796</PO_PHON>
</ProgramOfficer>
<AbstractNarration>This award supports building a regional center for atmospheric studies at the historical Howard University Beltsville Campus (HUBC) observation site. The project will enhance the atmosphere observational capability in the greater Washington-Baltimore area with a suite of measurements such as wind speed/direction, air temperature, water vapor and aerosol concentrations from the surface to near 10 miles above. The collected data will be used to understand how thunderstorms develop through observational data analysis and computer models. The project involves scientists and students from Howard University, University of Maryland at Baltimore, and the Pennsylvania State University. The enhanced observation capabilities through the project would provide under-represented students the opportunity to be involved in an international community for cutting edge atmospheric research. &lt;br/&gt;&lt;br/&gt;The investigators will update the ALVICE (Atmospheric Lidar for Validation, Interagency Collaboration and Education) Raman Lidar system developed by NASA. In addition to the remote sensing observation from the ALVICE mobile laboratory, radiosondes will be launched regularly as part of Howard University’s participation in the international Global Climate Observing System Reference Upper-Air Network (GRUAN). The PSU high resolution WRF-EnKF data assimilation (DA) system will also be used with the observation from the HUBC site and field data collected from the PECAN (Plains Elevated Convection at Night) field campaign to focus on convection initiation, particularly on “difficult to predict” events. The project will enhance HUBCs ability to serve as a regional center for boundary layer research.&lt;br/&gt;&lt;br/&gt;This award reflects NSF's statutory mission and has been deemed worthy of support through evaluation using the Foundation's intellectual merit and broader impacts review criteria.</AbstractNarration>
<MinAmdLetterDate>04/27/2020</MinAmdLetterDate>
<MaxAmdLetterDate>04/27/2020</MaxAmdLetterDate>
<ARRAAmount/>
<TRAN_TYPE>Grant</TRAN_TYPE>
<CFDA_NUM>47.050</CFDA_NUM>
<NSF_PAR_USE_FLAG>1</NSF_PAR_USE_FLAG>
<FUND_AGCY_CODE>4900</FUND_AGCY_CODE>
<AWDG_AGCY_CODE>4900</AWDG_AGCY_CODE>
<AwardID>2000103</AwardID>
<Investigator>
<FirstName>Jose</FirstName>
<LastName>Fuentes</LastName>
<PI_MID_INIT>D</PI_MID_INIT>
<PI_SUFX_NAME/>
<PI_FULL_NAME>Jose D Fuentes</PI_FULL_NAME>
<EmailAddress>jdfuentes@psu.edu</EmailAddress>
<PI_PHON>8148631585</PI_PHON>
<NSF_ID>000477024</NSF_ID>
<StartDate>04/27/2020</StartDate>
<EndDate/>
<RoleCode>Co-Principal Investigator</RoleCode>
</Investigator>
<Investigator>
<FirstName>Belay</FirstName>
<LastName>Demoz</LastName>
<PI_MID_INIT>B</PI_MID_INIT>
<PI_SUFX_NAME/>
<PI_FULL_NAME>Belay B Demoz</PI_FULL_NAME>
<EmailAddress>bdemoz@umbc.edu</EmailAddress>
<PI_PHON>4104552715</PI_PHON>
<NSF_ID>000503734</NSF_ID>
<StartDate>04/27/2020</StartDate>
<EndDate/>
<RoleCode>Co-Principal Investigator</RoleCode>
</Investigator>
<Investigator>
<FirstName>Charles</FirstName>
<LastName>Ichoku</LastName>
<PI_MID_INIT/>
<PI_SUFX_NAME/>
<PI_FULL_NAME>Charles Ichoku</PI_FULL_NAME>
<EmailAddress>charles.ichoku@howard.edu</EmailAddress>
<PI_PHON>2028658545</PI_PHON>
<NSF_ID>000794194</NSF_ID>
<StartDate>04/27/2020</StartDate>
<EndDate/>
<RoleCode>Co-Principal Investigator</RoleCode>
</Investigator>
<Investigator>
<FirstName>David</FirstName>
<LastName>Whiteman</LastName>
<PI_MID_INIT>N</PI_MID_INIT>
<PI_SUFX_NAME/>
<PI_FULL_NAME>David N Whiteman</PI_FULL_NAME>
<EmailAddress>david.whiteman@howard.edu</EmailAddress>
<PI_PHON>2402647957</PI_PHON>
<NSF_ID>000794199</NSF_ID>
<StartDate>04/27/2020</StartDate>
<EndDate/>
<RoleCode>Principal Investigator</RoleCode>
</Investigator>
<Investigator>
<FirstName>Xingchao</FirstName>
<LastName>Chen</LastName>
<PI_MID_INIT/>
<PI_SUFX_NAME/>
<PI_FULL_NAME>Xingchao Chen</PI_FULL_NAME>
<EmailAddress>xzc55@psu.edu</EmailAddress>
<PI_PHON>8144416383</PI_PHON>
<NSF_ID>000811218</NSF_ID>
<StartDate>04/27/2020</StartDate>
<EndDate/>
<RoleCode>Co-Principal Investigator</RoleCode>
</Investigator>
<Institution>
<Name>Howard University</Name>
<CityName>WASHINGTON</CityName>
<ZipCode>200590001</ZipCode>
<PhoneNumber>2028064759</PhoneNumber>
<StreetAddress>2400 6TH ST NW</StreetAddress>
<StreetAddress2/>
<CountryName>United States</CountryName>
<StateName>District of Columbia</StateName>
<StateCode>DC</StateCode>
<CONGRESSDISTRICT>00</CONGRESSDISTRICT>
<CONGRESS_DISTRICT_ORG>DC00</CONGRESS_DISTRICT_ORG>
<ORG_UEI_NUM>DYZNJGLTHMR9</ORG_UEI_NUM>
<ORG_LGL_BUS_NAME>HOWARD UNIVERSITY</ORG_LGL_BUS_NAME>
<ORG_PRNT_UEI_NUM/>
</Institution>
<Performance_Institution>
<Name><![CDATA[Howard University Beltsville Campus]]></Name>
<CityName>Beltsville</CityName>
<StateCode>MD</StateCode>
<ZipCode>207051337</ZipCode>
<StreetAddress><![CDATA[7501 Muirkirk Rd]]></StreetAddress>
<CountryCode>US</CountryCode>
<CountryName>United States</CountryName>
<StateName>Maryland</StateName>
<CountryFlag>1</CountryFlag>
<CONGRESSDISTRICT>05</CONGRESSDISTRICT>
<CONGRESS_DISTRICT_PERF>MD05</CONGRESS_DISTRICT_PERF>
</Performance_Institution>
<ProgramElement>
<Code>070Y</Code>
<Text>HBCU-EiR - HBCU-Excellence in</Text>
</ProgramElement>
<ProgramReference>
<Code>1525</Code>
<Text>PHYSICAL &amp; DYNAMIC METEOROLOGY</Text>
</ProgramReference>
<ProgramReference>
<Code>4444</Code>
<Text>INTERDISCIPLINARY PROPOSALS</Text>
</ProgramReference>
<Appropriation>
<Code>0120</Code>
<Name>NSF RESEARCH &amp; RELATED ACTIVIT</Name>
<APP_SYMB_ID>040100</APP_SYMB_ID>
</Appropriation>
<Fund>
<Code>01002021DB</Code>
<Name><![CDATA[NSF RESEARCH & RELATED ACTIVIT]]></Name>
<FUND_SYMB_ID>040100</FUND_SYMB_ID>
</Fund>
<FUND_OBLG>2020~998935</FUND_OBLG>
</Award>
</rootTag>
