<?xml version="1.0" encoding="UTF-8"?>
<rootTag>
<Award>
<AwardTitle><![CDATA[Excellence in Research: Designing biodegradable bottlebrush polymers based on their structure-property relationships for strong tissue adhesion and drug delivery]]></AwardTitle>
<AGENCY>NSF</AGENCY>
<AwardEffectiveDate>07/15/2020</AwardEffectiveDate>
<AwardExpirationDate>06/30/2023</AwardExpirationDate>
<AwardTotalIntnAmount>500000.00</AwardTotalIntnAmount>
<AwardAmount>663457</AwardAmount>
<AwardInstrument>
<Value>Standard Grant</Value>
</AwardInstrument>
<Organization>
<Code>03070000</Code>
<Directorate>
<Abbreviation>MPS</Abbreviation>
<LongName>Direct For Mathematical &amp; Physical Scien</LongName>
</Directorate>
<Division>
<Abbreviation>DMR</Abbreviation>
<LongName>Division Of Materials Research</LongName>
</Division>
</Organization>
<ProgramOfficer>
<SignBlockName>Abraham Joy</SignBlockName>
<PO_EMAI>ajoy@nsf.gov</PO_EMAI>
<PO_PHON>7032922913</PO_PHON>
</ProgramOfficer>
<AbstractNarration><![CDATA[NONTECHNICAL SUMMARY&lt;br/&gt;&lt;br/&gt;Biomedical adhesive polymers are nonmetallic materials which possess the ability to join two tissue surfaces together via bonding. Targeted tissues may include everything from hard tissues (bone, tooth, cartilage) to soft tissues (most other organs). The most common application of biomedical adhesives involves the replacement of conventional wound closures such as sutures and staples. Biomedical adhesives can be also used as hemostatic agents to stop bleeding, sealants to close large space gap between tissues, wound dressing to enhance healing, and drug delivery matrices to transport drugs efficiently and safely into the body. However, these existing biomedical adhesives products have significant limitations. These limitations include poor adhesion strength, limited tissue application, poor release over curing rate, applied tissues stiffening, and safety concerns surrounding their base materials, polymers. This project will develop a new, well-defined bottlebrush polymer that has strong adhesion to tissue, drug delivery capabilities, degradability, and biocompatibility. The proposed program will establish synthetic principles and structure-property relationships for multifunctional biomedical polymeric adhesives to overcome current limitations. This funding will also be used for the educational goal of developing a new participatory summer research program for HBCU undergraduate students. The program will allow students to acquire knowledge on basic research methods while studying polymeric adhesives at the PI’s lab. An additional collaborative summer research program, focused on underserved students, will provide state of the art research opportunities with other prestigious research groups at prominent institutes. &lt;br/&gt;&lt;br/&gt;&lt;br/&gt;TECHNICAL SUMMARY&lt;br/&gt; &lt;br/&gt;Bottlebrush polymers contain dense polymer brush chains linked to a backbone. The densely populated polymer brushes form a three-dimensional cylindrical shape and can encompass an increased population of functionalities in a unit space compared to linear polymers. Because the bottlebrush polymer demonstrates unique bulk properties such as low entanglement, low modulus, and other unique viscoelastic properties (e.g., supersoft elastomer), the bottlebrush polymer has received considerable attention in the past decade. However, previous bottlebrush polymer research has paid less attention to adhesive properties due to synthetic challenges. These challenges include the preparation of well-defined polymer structures and the lack of interdisciplinary knowledge on sophisticated polymer synthesis and adhesion/viscoelastic property characterization. In particular, integration of two or more functional groups on a bottlebrush polymer while still maintaining strong adhesion remains a challenging issue. In this project, a new approach is proposed by using both controlled radical polymerization and ring opening polymerization to synthesize the bottlebrush main structure. Then, a terminal of the dense bottlebrush chains will be modified to form ester linkages to gallol (strong adhesion), Ertapenem (antibiotics), 5-Fu (anticancer agent), and Oxaliplatin (anticancer agent). The detailed structure-property relationships of the new bottlebrush biomedical adhesive will be determined through the variation of the segmental ratio of gallol/drug, total polymer molecular weight, and brush chain lengths. The following comprehensive property characterizations will be performed to complete the structure-property relationship study: adhesion tests (lap shear strength tests and uniaxial indentation tests), viscoelastic property (rheometer), modulus test (tensile tester), heat generation test (thermometer), drug release test, biocompatibility test, and degradability test. The outreach and educational goals of this proposal is to develop a new participatory educational research program for underrepresented groups in HBCU. The participants will conduct real-world biomaterials research with Chung research group at FAMU-FSU college of engineering and with other collaborating research groups at other prestigious universities.&lt;br/&gt;&lt;br/&gt;This award reflects NSF's statutory mission and has been deemed worthy of support through evaluation using the Foundation's intellectual merit and broader impacts review criteria.]]></AbstractNarration>
<MinAmdLetterDate>05/13/2020</MinAmdLetterDate>
<MaxAmdLetterDate>06/01/2021</MaxAmdLetterDate>
<ARRAAmount/>
<TRAN_TYPE>Grant</TRAN_TYPE>
<CFDA_NUM>47.049</CFDA_NUM>
<NSF_PAR_USE_FLAG>1</NSF_PAR_USE_FLAG>
<FUND_AGCY_CODE>4900</FUND_AGCY_CODE>
<AWDG_AGCY_CODE>4900</AWDG_AGCY_CODE>
<AwardID>2000092</AwardID>
<Investigator>
<FirstName>Choogon</FirstName>
<LastName>Lee</LastName>
<PI_MID_INIT/>
<PI_SUFX_NAME/>
<PI_FULL_NAME>Choogon Lee</PI_FULL_NAME>
<EmailAddress><![CDATA[Choogon.Lee@med.fsu.edu]]></EmailAddress>
<NSF_ID>000561430</NSF_ID>
<StartDate>05/13/2020</StartDate>
<EndDate/>
<RoleCode>Co-Principal Investigator</RoleCode>
</Investigator>
<Investigator>
<FirstName>Hoyong</FirstName>
<LastName>Chung</LastName>
<PI_MID_INIT/>
<PI_SUFX_NAME/>
<PI_FULL_NAME>Hoyong Chung</PI_FULL_NAME>
<EmailAddress><![CDATA[hchung@eng.famu.fsu.edu]]></EmailAddress>
<NSF_ID>000806645</NSF_ID>
<StartDate>05/13/2020</StartDate>
<EndDate/>
<RoleCode>Principal Investigator</RoleCode>
</Investigator>
<Institution>
<Name>Florida Agricultural and Mechanical University</Name>
<CityName>TALLAHASSEE</CityName>
<ZipCode>323073100</ZipCode>
<PhoneNumber>8505993531</PhoneNumber>
<StreetAddress>1500 WAHNISH WAY</StreetAddress>
<StreetAddress2/>
<CountryName>United States</CountryName>
<StateName>Florida</StateName>
<StateCode>FL</StateCode>
<CONGRESSDISTRICT>05</CONGRESSDISTRICT>
<CONGRESS_DISTRICT_ORG>FL05</CONGRESS_DISTRICT_ORG>
<ORG_UEI_NUM>W8LKB16HV1K5</ORG_UEI_NUM>
<ORG_LGL_BUS_NAME>FLORIDA A &amp; M UNIVERSITY</ORG_LGL_BUS_NAME>
<ORG_PRNT_UEI_NUM>D4GCCCMXR1H3</ORG_PRNT_UEI_NUM>
</Institution>
<Performance_Institution>
<Name><![CDATA[Florida Agricultural and Mechanical University]]></Name>
<CityName>Tallahassee</CityName>
<StateCode>FL</StateCode>
<ZipCode>323106046</ZipCode>
<StreetAddress><![CDATA[2525 Pottsdamer Drive]]></StreetAddress>
<CountryCode>US</CountryCode>
<CountryName>United States</CountryName>
<StateName>Florida</StateName>
<CountryFlag>1</CountryFlag>
<CONGRESSDISTRICT>05</CONGRESSDISTRICT>
<CONGRESS_DISTRICT_PERF>FL05</CONGRESS_DISTRICT_PERF>
</Performance_Institution>
<ProgramElement>
<Code>070Y</Code>
<Text>HBCU-EiR - HBCU-Excellence in</Text>
</ProgramElement>
<ProgramElement>
<Code>1253</Code>
<Text>OFFICE OF MULTIDISCIPLINARY AC</Text>
</ProgramElement>
<ProgramElement>
<Code>1712</Code>
<Text>DMR SHORT TERM SUPPORT</Text>
</ProgramElement>
<ProgramElement>
<Code>1773</Code>
<Text>POLYMERS</Text>
</ProgramElement>
<ProgramElement>
<Code>7623</Code>
<Text>BIOMATERIALS PROGRAM</Text>
</ProgramElement>
<ProgramReference>
<Code>102Z</Code>
<Text>COVID-Disproportionate Impcts Inst-Indiv</Text>
</ProgramReference>
<ProgramReference>
<Code>1515</Code>
<Text>MINORITY GRADUATE EDUC ACTIVIT</Text>
</ProgramReference>
<ProgramReference>
<Code>7237</Code>
<Text>NANO NON-SOLIC SCI &amp; ENG AWD</Text>
</ProgramReference>
<ProgramReference>
<Code>7573</Code>
<Text>BIO-RELATED MATERIALS RESEARCH</Text>
</ProgramReference>
<ProgramReference>
<Code>8614</Code>
<Text>Nanomaterials</Text>
</ProgramReference>
<Appropriation>
<Code>0120</Code>
<Name>NSF RESEARCH &amp; RELATED ACTIVIT</Name>
<APP_SYMB_ID>040100</APP_SYMB_ID>
</Appropriation>
<Appropriation>
<Code>0121</Code>
<Name>NSF RESEARCH &amp; RELATED ACTIVIT</Name>
<APP_SYMB_ID>040100</APP_SYMB_ID>
</Appropriation>
<Fund>
<Code>01002021DB</Code>
<Name><![CDATA[NSF RESEARCH & RELATED ACTIVIT]]></Name>
<FUND_SYMB_ID>040100</FUND_SYMB_ID>
</Fund>
<Fund>
<Code>01002122DB</Code>
<Name><![CDATA[NSF RESEARCH & RELATED ACTIVIT]]></Name>
<FUND_SYMB_ID>040100</FUND_SYMB_ID>
</Fund>
<FUND_OBLG>2020~500000</FUND_OBLG>
<FUND_OBLG>2021~163457</FUND_OBLG>
</Award>
</rootTag>
