<?xml version="1.0" encoding="UTF-8"?>
<rootTag>
<Award>
<AwardTitle>ECR DBER DCL: Describing the Neurobehavioral Effects of Modeling-Based Instruction in Undergraduate Life Sciences Education</AwardTitle>
<AGENCY>NSF</AGENCY>
<AwardEffectiveDate>10/01/2020</AwardEffectiveDate>
<AwardExpirationDate>09/30/2023</AwardExpirationDate>
<AwardTotalIntnAmount>313898.00</AwardTotalIntnAmount>
<AwardAmount>313898</AwardAmount>
<AwardInstrument>
<Value>Standard Grant</Value>
</AwardInstrument>
<Organization>
<Code>11040000</Code>
<Directorate>
<Abbreviation>EHR</Abbreviation>
<LongName>Direct For Education and Human Resources</LongName>
</Directorate>
<Division>
<Abbreviation>DUE</Abbreviation>
<LongName>Division Of Undergraduate Education</LongName>
</Division>
</Organization>
<ProgramOfficer>
<SignBlockName>Kathleen Bergin</SignBlockName>
<PO_EMAI>kbergin@nsf.gov</PO_EMAI>
<PO_PHON>7032925171</PO_PHON>
</ProgramOfficer>
<AbstractNarration>This project aims to serve the national interest by conducting basic research about the neurobiology of learning in undergraduate life sciences education. This Level 1 STEM learning and learning environments project aims to broaden understanding of who is affected by modeling-based instruction in undergraduate life sciences, and how they are affected. Modeling is vital to STEM professions and national standards call for modeling instruction at all levels of STEM education. Despite behavioral work indicating that modeling-based instruction enhances STEM learning, there is a critical gap in understanding what mechanisms make it effective and which students benefit most from this instructional approach. The proposed project draws on the body of knowledge about STEM expertise from cognitive science. Specifically, as disciplinary experts interact with or create models of biological systems, they continuously engage in error checking to evaluate a model’s credibility and simultaneously inhibit information that is irrelevant to the task.  Specific regions of the experts' brains become activated as they evaluate models.  These regions include the lateral prefrontal and anterior cingulate regions, which are linked to error detection and inhibition. These observations suggest that error checking and inhibition are integral brain functions for development of STEM expertise.  However, it is not known whether undergraduate STEM students, who are not yet disciplinary experts, use similar processes and associated neural systems during modeling-based instruction. It is also not yet known whether error checking and inhibition influence students’ long-term retention of disciplinary and modeling knowledge. A deeper understanding about how modeling-based instruction benefits students and for whom it is most effective may be used to develop more effective STEM instruction to meet the needs of all students. &lt;br/&gt;&lt;br/&gt;The goals of this project are to (a) describe the nature and extent to which undergraduate life sciences students engage in error detection and inhibition during model evaluation, and (b) determine how these processes are associated with long-term knowledge retention. Interviews with students will enable characterization of the types and extent of error detection.  Brain scans using fMRI will determine the functional neural responses. Comparative interviews and neurological scans after one year of instruction will determine how variation in ability to detect errors predicts long-term retention of conceptual and model-based knowledge. Results from this research will be disseminated at research conferences and through peer-reviewed literature. The research will inform development of a modeling-based instruction case study on learning for undergraduate life science students. The proposed project is a joint effort between the University of Nebraska-Lincoln and Michigan State University and is supported by the EHR Core Research (ECR) program, which supports work that advances fundamental research on STEM learning and learning environments, broadening participation in STEM, and STEM workforce development.&lt;br/&gt;&lt;br/&gt;This award reflects NSF's statutory mission and has been deemed worthy of support through evaluation using the Foundation's intellectual merit and broader impacts review criteria.</AbstractNarration>
<MinAmdLetterDate>08/10/2020</MinAmdLetterDate>
<MaxAmdLetterDate>08/10/2020</MaxAmdLetterDate>
<ARRAAmount/>
<TRAN_TYPE>Grant</TRAN_TYPE>
<CFDA_NUM>47.076</CFDA_NUM>
<NSF_PAR_USE_FLAG>1</NSF_PAR_USE_FLAG>
<FUND_AGCY_CODE>4900</FUND_AGCY_CODE>
<AWDG_AGCY_CODE>4900</AWDG_AGCY_CODE>
<AwardID>2000549</AwardID>
<Investigator>
<FirstName>Joe</FirstName>
<LastName>Dauer</LastName>
<PI_MID_INIT/>
<PI_SUFX_NAME/>
<PI_FULL_NAME>Joe Dauer</PI_FULL_NAME>
<EmailAddress>joseph.dauer@unl.edu</EmailAddress>
<PI_PHON>4025401280</PI_PHON>
<NSF_ID>000664600</NSF_ID>
<StartDate>08/10/2020</StartDate>
<EndDate/>
<RoleCode>Principal Investigator</RoleCode>
</Investigator>
<Investigator>
<FirstName>Caron</FirstName>
<LastName>Clark</LastName>
<PI_MID_INIT>A</PI_MID_INIT>
<PI_SUFX_NAME/>
<PI_FULL_NAME>Caron A Clark</PI_FULL_NAME>
<EmailAddress>cclark4@unl.edu</EmailAddress>
<PI_PHON>4024722248</PI_PHON>
<NSF_ID>000811723</NSF_ID>
<StartDate>08/10/2020</StartDate>
<EndDate/>
<RoleCode>Co-Principal Investigator</RoleCode>
</Investigator>
<Institution>
<Name>University of Nebraska-Lincoln</Name>
<CityName>LINCOLN</CityName>
<ZipCode>685032427</ZipCode>
<PhoneNumber>4024723171</PhoneNumber>
<StreetAddress>2200 VINE ST BOX 830861</StreetAddress>
<StreetAddress2/>
<CountryName>United States</CountryName>
<StateName>Nebraska</StateName>
<StateCode>NE</StateCode>
<CONGRESSDISTRICT>01</CONGRESSDISTRICT>
<CONGRESS_DISTRICT_ORG>NE01</CONGRESS_DISTRICT_ORG>
<ORG_UEI_NUM>HTQ6K6NJFHA6</ORG_UEI_NUM>
<ORG_LGL_BUS_NAME>BOARD OF REGENTS OF THE UNIVERSITY OF NEBRASKA</ORG_LGL_BUS_NAME>
<ORG_PRNT_UEI_NUM>LF77GRM3FWG5</ORG_PRNT_UEI_NUM>
</Institution>
<Performance_Institution>
<Name><![CDATA[University of Nebraska-Lincoln]]></Name>
<CityName/>
<StateCode>NE</StateCode>
<ZipCode>685031435</ZipCode>
<StreetAddress/>
<CountryCode>US</CountryCode>
<CountryName>United States</CountryName>
<StateName>Nebraska</StateName>
<CountryFlag>1</CountryFlag>
<CONGRESSDISTRICT>01</CONGRESSDISTRICT>
<CONGRESS_DISTRICT_PERF>NE01</CONGRESS_DISTRICT_PERF>
</Performance_Institution>
<ProgramElement>
<Code>7980</Code>
<Text>ECR-EHR Core Research</Text>
</ProgramElement>
<ProgramReference>
<Code>8817</Code>
<Text>STEM Learning &amp; Learning Environments</Text>
</ProgramReference>
<Appropriation>
<Code>0420</Code>
<Name>NSF Education &amp; Human Resource</Name>
<APP_SYMB_ID>040106</APP_SYMB_ID>
</Appropriation>
<Fund>
<Code>04002021DB</Code>
<Name><![CDATA[NSF Education & Human Resource]]></Name>
<FUND_SYMB_ID>040106</FUND_SYMB_ID>
</Fund>
<FUND_OBLG>2020~313898</FUND_OBLG>
</Award>
</rootTag>
