<?xml version="1.0" encoding="UTF-8"?>
<rootTag>
<Award>
<AwardTitle>Research Initiation Award: Analyzing Imidazolium-Based Ionic Liquid Systems Using C-D Vibrational Labels on Cations</AwardTitle>
<AGENCY>NSF</AGENCY>
<AwardEffectiveDate>06/15/2020</AwardEffectiveDate>
<AwardExpirationDate>05/31/2023</AwardExpirationDate>
<AwardTotalIntnAmount>291457.00</AwardTotalIntnAmount>
<AwardAmount>291457</AwardAmount>
<AwardInstrument>
<Value>Standard Grant</Value>
</AwardInstrument>
<Organization>
<Code>11060000</Code>
<Directorate>
<Abbreviation>EHR</Abbreviation>
<LongName>Direct For Education and Human Resources</LongName>
</Directorate>
<Division>
<Abbreviation>HRD</Abbreviation>
<LongName>Division Of Human Resource Development</LongName>
</Division>
</Organization>
<ProgramOfficer>
<SignBlockName>Carleitta Paige-Anderson</SignBlockName>
<PO_EMAI>cpaigean@nsf.gov</PO_EMAI>
<PO_PHON>7032922816</PO_PHON>
</ProgramOfficer>
<AbstractNarration>Research Initiation Awards provide support for junior and mid-career faculty at Historically Black Colleges and Universities who are building new research programs or redirecting and rebuilding existing research programs. It is expected that the award will (1) further the faculty member's research capability and effectiveness, (2) improve research and teaching at the home institution, and (3) engage more undergraduate students from underrepresented groups in research experiences. The project from Xavier University of Louisiana, a Historically Black College/University (HBCU), seeks to explore the novelties of imidazolium-based ionic liquids that have significant potential as a “green” organic solvent for industrial applications by utilizing chemical techniques that are readily available at the institution and through collaboration with other local institutions.  Furthermore, the project is designed to include undergraduate students as active researchers while providing enhancements to existing courses by integrating the results of the proposed research within those selected courses.  Accordingly, the project has significant intellectual merit and broader impacts.&lt;br/&gt;&lt;br/&gt;Imidazolium-based ionic liquids are complex spatially heterogeneous liquids. In this proposal, infrared labels, particularly the C2-D probe on the cation ring, will be used to investigate how the complex microenvironment of these ionic liquids changes in response to a change in temperature or in the presence of a solvent or a dissolved gas. Analysis of the infrared response from the C-D band, both by linear and non-linear vibrational spectroscopy, supported by computational studies is expected to provide a deep molecular-level insights into the structural reorganization of these liquids in response to external stimuli like temperature and the nature of solute-solvent interactions. In doing so, the outcomes will facilitate rational application of these green solvents both in industrial and laboratory settings.&lt;br/&gt;&lt;br/&gt;This project is jointly funded by Historically Black Colleges and Universities Undergraduate Program (HBCU-UP), and the Established Program to Stimulate Competitive Research (EPSCoR).&lt;br/&gt;&lt;br/&gt;This award reflects NSF's statutory mission and has been deemed worthy of support through evaluation using the Foundation's intellectual merit and broader impacts review criteria.</AbstractNarration>
<MinAmdLetterDate>05/27/2020</MinAmdLetterDate>
<MaxAmdLetterDate>05/27/2020</MaxAmdLetterDate>
<ARRAAmount/>
<TRAN_TYPE>Grant</TRAN_TYPE>
<CFDA_NUM>47.076</CFDA_NUM>
<NSF_PAR_USE_FLAG>1</NSF_PAR_USE_FLAG>
<FUND_AGCY_CODE>4900</FUND_AGCY_CODE>
<AWDG_AGCY_CODE>4900</AWDG_AGCY_CODE>
<AwardID>2000091</AwardID>
<Investigator>
<FirstName>Samrat</FirstName>
<LastName>Dutta</LastName>
<PI_MID_INIT/>
<PI_SUFX_NAME/>
<PI_FULL_NAME>Samrat Dutta</PI_FULL_NAME>
<EmailAddress>sdutta@xula.edu</EmailAddress>
<PI_PHON>3195942007</PI_PHON>
<NSF_ID>000805087</NSF_ID>
<StartDate>05/27/2020</StartDate>
<EndDate/>
<RoleCode>Principal Investigator</RoleCode>
</Investigator>
<Institution>
<Name>Xavier University of Louisiana</Name>
<CityName>NEW ORLEANS</CityName>
<ZipCode>701251098</ZipCode>
<PhoneNumber>5045205440</PhoneNumber>
<StreetAddress>1 DREXEL DR</StreetAddress>
<StreetAddress2/>
<CountryName>United States</CountryName>
<StateName>Louisiana</StateName>
<StateCode>LA</StateCode>
<CONGRESSDISTRICT>02</CONGRESSDISTRICT>
<CONGRESS_DISTRICT_ORG>LA02</CONGRESS_DISTRICT_ORG>
<ORG_UEI_NUM>HGAAKCE3A7P7</ORG_UEI_NUM>
<ORG_LGL_BUS_NAME>XAVIER UNIVERSITY OF LOUISIANA</ORG_LGL_BUS_NAME>
<ORG_PRNT_UEI_NUM>HGAAKCE3A7P7</ORG_PRNT_UEI_NUM>
</Institution>
<Performance_Institution>
<Name><![CDATA[Xavier University of Louisiana]]></Name>
<CityName>New Orleans</CityName>
<StateCode>LA</StateCode>
<ZipCode>701251098</ZipCode>
<StreetAddress><![CDATA[1 Drexel Drive]]></StreetAddress>
<CountryCode>US</CountryCode>
<CountryName>United States</CountryName>
<StateName>Louisiana</StateName>
<CountryFlag>1</CountryFlag>
<CONGRESSDISTRICT>02</CONGRESSDISTRICT>
<CONGRESS_DISTRICT_PERF>LA02</CONGRESS_DISTRICT_PERF>
</Performance_Institution>
<ProgramElement>
<Code>1594</Code>
<Text>Hist Black Colleges and Univ</Text>
</ProgramElement>
<ProgramElement>
<Code>9150</Code>
<Text>EPSCoR Co-Funding</Text>
</ProgramElement>
<ProgramReference>
<Code>9150</Code>
<Text>EXP PROG TO STIM COMP RES</Text>
</ProgramReference>
<ProgramReference>
<Code>9178</Code>
<Text>UNDERGRADUATE EDUCATION</Text>
</ProgramReference>
<ProgramReference>
<Code>9264</Code>
<Text>RESEARCH INITIATION AWARD</Text>
</ProgramReference>
<Appropriation>
<Code>0120</Code>
<Name>NSF RESEARCH &amp; RELATED ACTIVIT</Name>
<APP_SYMB_ID>040100</APP_SYMB_ID>
</Appropriation>
<Appropriation>
<Code>0420</Code>
<Name>NSF Education &amp; Human Resource</Name>
<APP_SYMB_ID>040106</APP_SYMB_ID>
</Appropriation>
<Fund>
<Code>01002021DB</Code>
<Name><![CDATA[NSF RESEARCH & RELATED ACTIVIT]]></Name>
<FUND_SYMB_ID>040100</FUND_SYMB_ID>
</Fund>
<Fund>
<Code>04002021DB</Code>
<Name><![CDATA[NSF Education & Human Resource]]></Name>
<FUND_SYMB_ID>040106</FUND_SYMB_ID>
</Fund>
<FUND_OBLG>2020~291457</FUND_OBLG>
</Award>
</rootTag>
