<?xml version="1.0" encoding="UTF-8"?>
<rootTag>
<Award>
<AwardTitle>Facilitating Pathways to Success for High-Achieving Pre-Collegiate African American Males in STEM</AwardTitle>
<AGENCY>NSF</AGENCY>
<AwardEffectiveDate>09/01/2020</AwardEffectiveDate>
<AwardExpirationDate>08/31/2023</AwardExpirationDate>
<AwardTotalIntnAmount>1498259.00</AwardTotalIntnAmount>
<AwardAmount>1498259</AwardAmount>
<AwardInstrument>
<Value>Standard Grant</Value>
</AwardInstrument>
<Organization>
<Code>11060000</Code>
<Directorate>
<Abbreviation>EHR</Abbreviation>
<LongName>Direct For Education and Human Resources</LongName>
</Directorate>
<Division>
<Abbreviation>HRD</Abbreviation>
<LongName>Division Of Human Resource Development</LongName>
</Division>
</Organization>
<ProgramOfficer>
<SignBlockName>Carrie Hall</SignBlockName>
<PO_EMAI>carhall@nsf.gov</PO_EMAI>
<PO_PHON>7032924641</PO_PHON>
</ProgramOfficer>
<AbstractNarration>Research about broadening participation in science, technology, engineering, and mathematics (STEM) is a significant priority for the National Science Foundation (NSF). Compared to their White male counterparts, African American males are commonly underrepresented in STEM. With increasing American workforce needs in STEM, more research is needed that focuses on broadening participation in STEM among historically underrepresented populations, including African American males. Much of the current research on African American male students' STEM experiences tends to focus on college students and those who are low achieving or underachieving in STEM. This research project is both timely and significant. The investigators at The Ohio State University and University of South Florida outline a comprehensive research project that examines how participation in high school career academies may help to promote viable STEM pathways for high-achieving (students with a 3.5 GPA or higher), low-income African American male students. The investigators seek to document the experiences of low-income, high-achieving African American male high school students focusing on: (a) their experiences in high school STEM academies; (b) factors (e.g., school supports) that influenced their motivation to participate and persist in STEM academies; and (c) their family support systems contributing to their success. Potential research findings are likely to help the STEM community pinpoint the different positive and negative challenges that low-income, African American males experience in high school, especially those who are high achieving. This project is supported by the EHR Core Research (ECR) program, which supports work that advances fundamental research on STEM learning and learning environments, broadening participation in STEM, and STEM workforce development.&lt;br/&gt; &lt;br/&gt;Using a funds of knowledge approach and mixed research methods, the investigators plan to study the school supports, schooling experiences, academic engagement, course-taking patterns, and family support systems of high-achieving African American male students. In addition to providing narratives of how African American male students succeed in high school and in STEM, the research project will help to pinpoint those factors that support the STEM participation and success of high-achieving, low-income African American males participating in high school STEM academies. Findings from this research will be shared through academic publications as well as through podcasts, webcasts and research briefs. These findings can inform the development innovative high school strategies and programs that encourage and promote the academic and career success of high-achieving, African American males, who are interested in STEM. Additionally, the findings have implications beyond the African American males in the study; they have applicability to other African American males, as well as other groups underrepresented in STEM.&lt;br/&gt;&lt;br/&gt;This award reflects NSF's statutory mission and has been deemed worthy of support through evaluation using the Foundation's intellectual merit and broader impacts review criteria.</AbstractNarration>
<MinAmdLetterDate>08/17/2020</MinAmdLetterDate>
<MaxAmdLetterDate>10/15/2020</MaxAmdLetterDate>
<ARRAAmount/>
<TRAN_TYPE>Grant</TRAN_TYPE>
<CFDA_NUM>47.076</CFDA_NUM>
<NSF_PAR_USE_FLAG>1</NSF_PAR_USE_FLAG>
<FUND_AGCY_CODE>4900</FUND_AGCY_CODE>
<AWDG_AGCY_CODE>4900</AWDG_AGCY_CODE>
<AwardID>2000472</AwardID>
<Investigator>
<FirstName>Victor</FirstName>
<LastName>Hernandez-Gantes</LastName>
<PI_MID_INIT>M</PI_MID_INIT>
<PI_SUFX_NAME/>
<PI_FULL_NAME>Victor M Hernandez-Gantes</PI_FULL_NAME>
<EmailAddress>victorh@usf.edu</EmailAddress>
<PI_PHON>8139741277</PI_PHON>
<NSF_ID>000441350</NSF_ID>
<StartDate>08/17/2020</StartDate>
<EndDate/>
<RoleCode>Co-Principal Investigator</RoleCode>
</Investigator>
<Investigator>
<FirstName>James</FirstName>
<LastName>Moore III</LastName>
<PI_MID_INIT>L</PI_MID_INIT>
<PI_SUFX_NAME>III</PI_SUFX_NAME>
<PI_FULL_NAME>James L Moore III</PI_FULL_NAME>
<EmailAddress>moore.1408@osu.edu</EmailAddress>
<PI_PHON>6146883704</PI_PHON>
<NSF_ID>000256009</NSF_ID>
<StartDate>08/17/2020</StartDate>
<EndDate/>
<RoleCode>Co-Principal Investigator</RoleCode>
</Investigator>
<Investigator>
<FirstName>Edward</FirstName>
<LastName>Fletcher</LastName>
<PI_MID_INIT>C</PI_MID_INIT>
<PI_SUFX_NAME>Jr</PI_SUFX_NAME>
<PI_FULL_NAME>Edward C Fletcher</PI_FULL_NAME>
<EmailAddress>fletcher.158@osu.edu</EmailAddress>
<PI_PHON>3093102446</PI_PHON>
<NSF_ID>000681443</NSF_ID>
<StartDate>08/17/2020</StartDate>
<EndDate/>
<RoleCode>Principal Investigator</RoleCode>
</Investigator>
<Investigator>
<FirstName>Nicholas</FirstName>
<LastName>Minar</LastName>
<PI_MID_INIT>J</PI_MID_INIT>
<PI_SUFX_NAME/>
<PI_FULL_NAME>Nicholas J Minar</PI_FULL_NAME>
<EmailAddress>nminar@naf.org</EmailAddress>
<PI_PHON>6468963880</PI_PHON>
<NSF_ID>000801294</NSF_ID>
<StartDate>08/17/2020</StartDate>
<EndDate/>
<RoleCode>Co-Principal Investigator</RoleCode>
</Investigator>
<Investigator>
<FirstName>Barbara</FirstName>
<LastName>Boone</LastName>
<PI_MID_INIT>J</PI_MID_INIT>
<PI_SUFX_NAME/>
<PI_FULL_NAME>Barbara J Boone</PI_FULL_NAME>
<EmailAddress>boone.32@osu.edu</EmailAddress>
<PI_PHON>6146882259</PI_PHON>
<NSF_ID>000811710</NSF_ID>
<StartDate>08/17/2020</StartDate>
<EndDate/>
<RoleCode>Co-Principal Investigator</RoleCode>
</Investigator>
<Institution>
<Name>Ohio State University</Name>
<CityName>COLUMBUS</CityName>
<ZipCode>432101016</ZipCode>
<PhoneNumber>6146888735</PhoneNumber>
<StreetAddress>1960 KENNY RD</StreetAddress>
<StreetAddress2/>
<CountryName>United States</CountryName>
<StateName>Ohio</StateName>
<StateCode>OH</StateCode>
<CONGRESSDISTRICT>03</CONGRESSDISTRICT>
<CONGRESS_DISTRICT_ORG>OH03</CONGRESS_DISTRICT_ORG>
<ORG_UEI_NUM>DLWBSLWAJWR1</ORG_UEI_NUM>
<ORG_LGL_BUS_NAME>OHIO STATE UNIVERSITY, THE</ORG_LGL_BUS_NAME>
<ORG_PRNT_UEI_NUM>MN4MDDMN8529</ORG_PRNT_UEI_NUM>
</Institution>
<Performance_Institution>
<Name><![CDATA[Ohio State University]]></Name>
<CityName>Columbus</CityName>
<StateCode>OH</StateCode>
<ZipCode>432101172</ZipCode>
<StreetAddress><![CDATA[172 Arps Hall, 1945 N High St]]></StreetAddress>
<CountryCode>US</CountryCode>
<CountryName>United States</CountryName>
<StateName>Ohio</StateName>
<CountryFlag>1</CountryFlag>
<CONGRESSDISTRICT>03</CONGRESSDISTRICT>
<CONGRESS_DISTRICT_PERF>OH03</CONGRESS_DISTRICT_PERF>
</Performance_Institution>
<ProgramElement>
<Code>7980</Code>
<Text>ECR-EHR Core Research</Text>
</ProgramElement>
<ProgramReference>
<Code>8212</Code>
<Text>Broaden Particip STEM Resrch</Text>
</ProgramReference>
<ProgramReference>
<Code>8817</Code>
<Text>STEM Learning &amp; Learning Environments</Text>
</ProgramReference>
<Appropriation>
<Code>0420</Code>
<Name>NSF Education &amp; Human Resource</Name>
<APP_SYMB_ID>040106</APP_SYMB_ID>
</Appropriation>
<Fund>
<Code>04002021DB</Code>
<Name><![CDATA[NSF Education & Human Resource]]></Name>
<FUND_SYMB_ID>040106</FUND_SYMB_ID>
</Fund>
<FUND_OBLG>2020~1498259</FUND_OBLG>
</Award>
</rootTag>
