<?xml version="1.0" encoding="UTF-8"?>
<rootTag>
<Award>
<AwardTitle><![CDATA[Maximizing the Sustained Effects of Utility-Value Interventions in Community College Math]]></AwardTitle>
<AGENCY>NSF</AGENCY>
<AwardEffectiveDate>08/15/2020</AwardEffectiveDate>
<AwardExpirationDate>01/31/2024</AwardExpirationDate>
<AwardTotalIntnAmount>1734978.00</AwardTotalIntnAmount>
<AwardAmount>1564763</AwardAmount>
<AwardInstrument>
<Value>Continuing Grant</Value>
</AwardInstrument>
<Organization>
<Code>11060000</Code>
<Directorate>
<Abbreviation>EHR</Abbreviation>
<LongName>Direct For Education and Human Resources</LongName>
</Directorate>
<Division>
<Abbreviation>HRD</Abbreviation>
<LongName>Division Of Human Resource Development</LongName>
</Division>
</Organization>
<ProgramOfficer>
<SignBlockName>Carrie Hall</SignBlockName>
<PO_EMAI>carhall@nsf.gov</PO_EMAI>
<PO_PHON>7032924641</PO_PHON>
</ProgramOfficer>
<AbstractNarration><![CDATA[This study addresses gaps in the STEM utility-value interventions literature by studying the interventions in gateway community college math courses, which serve as a critical barrier or opportunity to postsecondary success.  Researchers at the University of Virginia and the Tennessee Board of Regents will investigate three research questions: (1) Do customized utility-value interventions lead to improved academic outcomes compared to standard utility-value interventions or a control condition? (2) Do utility-value interventions benefit the same students in community college settings, and through the same underlying mechanisms, as in four-year institutions? (3) Are the effects of utility-value interventions sustained in future STEM courses? The project involves 16,000 students at 13 Tennessee community colleges.  The researchers use a double-blind design with students randomly assigned to a customized utility-value, standard utility-value or control condition.  Measures include: students’ reactions to the intervention materials, psychological processes (i.e., participant success expectancies, intrinsic value, attainment value, utility value, and perceived cost), moderator variables (i.e., student academic preparedness, demographics, cultural mismatch, identity threat and perceived instructor value-supportive practice; and instructor characteristics), and outcomes (i.e., course completion or withdrawal, course grades, STEM grade point average and number of STEM courses).  This project is supported by the EHR Core Research (ECR) program, which supports work that advances fundamental research on STEM learning and learning environments, broadening participation in STEM, and STEM workforce development. The ECR program supports the accumulation of robust evidence to inform efforts to understand, build theory to explain, and suggest intervention and innovations to address persistent challenges in STEM interest, education, learning and participation.&lt;br/&gt;&lt;br/&gt;Advancing a diverse and technically competent STEM workforce is critical for contributing to the progress of science and to the health, prosperity and welfare of our nation.  The students who participant in this research project are likely to benefit from the interventions under investigation.  By studying utility-value intervention in math gateway courses there is potential to inform post-secondary administrators, faculty and instructors about more effective instructional practices for student success in STEM education.  Additionally, advancing knowledge about some of the very specific underlying mechanisms that benefit student STEM learning and persistence in community college settings, and whether these mechanisms are similar to those already known about students in four-year college STEM settings, could benefit implementation research about those uniquely different post-secondary settings and may significantly contribute to improved instruction to benefit all undergraduate students who are learning STEM.&lt;br/&gt;&lt;br/&gt;This award reflects NSF's statutory mission and has been deemed worthy of support through evaluation using the Foundation's intellectual merit and broader impacts review criteria.]]></AbstractNarration>
<MinAmdLetterDate>08/07/2020</MinAmdLetterDate>
<MaxAmdLetterDate>06/15/2022</MaxAmdLetterDate>
<ARRAAmount/>
<TRAN_TYPE>Grant</TRAN_TYPE>
<CFDA_NUM>47.076</CFDA_NUM>
<NSF_PAR_USE_FLAG>1</NSF_PAR_USE_FLAG>
<FUND_AGCY_CODE>4900</FUND_AGCY_CODE>
<AWDG_AGCY_CODE>4900</AWDG_AGCY_CODE>
<AwardID>2000507</AwardID>
<Investigator>
<FirstName>Christopher</FirstName>
<LastName>Hulleman</LastName>
<PI_MID_INIT>S</PI_MID_INIT>
<PI_SUFX_NAME/>
<PI_FULL_NAME>Christopher S Hulleman</PI_FULL_NAME>
<EmailAddress><![CDATA[csh3f@virginia.edu]]></EmailAddress>
<NSF_ID>000587931</NSF_ID>
<StartDate>08/07/2020</StartDate>
<EndDate/>
<RoleCode>Principal Investigator</RoleCode>
</Investigator>
<Investigator>
<FirstName>Yoi</FirstName>
<LastName>Tibbetts</LastName>
<PI_MID_INIT/>
<PI_SUFX_NAME/>
<PI_FULL_NAME>Yoi Tibbetts</PI_FULL_NAME>
<EmailAddress><![CDATA[cyt7d@virginia.edu]]></EmailAddress>
<NSF_ID>000755933</NSF_ID>
<StartDate>08/07/2020</StartDate>
<EndDate/>
<RoleCode>Co-Principal Investigator</RoleCode>
</Investigator>
<Institution>
<Name>University of Virginia Main Campus</Name>
<CityName>CHARLOTTESVILLE</CityName>
<ZipCode>229034833</ZipCode>
<PhoneNumber>4349244270</PhoneNumber>
<StreetAddress>1001 N EMMET ST</StreetAddress>
<StreetAddress2/>
<CountryName>United States</CountryName>
<StateName>Virginia</StateName>
<StateCode>VA</StateCode>
<CONGRESSDISTRICT>05</CONGRESSDISTRICT>
<CONGRESS_DISTRICT_ORG>VA05</CONGRESS_DISTRICT_ORG>
<ORG_UEI_NUM>JJG6HU8PA4S5</ORG_UEI_NUM>
<ORG_LGL_BUS_NAME>RECTOR &amp; VISITORS OF THE UNIVERSITY OF VIRGINIA</ORG_LGL_BUS_NAME>
<ORG_PRNT_UEI_NUM>JJG6HU8PA4S5</ORG_PRNT_UEI_NUM>
</Institution>
<Performance_Institution>
<Name><![CDATA[University of Virginia Main Campus]]></Name>
<CityName>Charlottesville</CityName>
<StateCode>VA</StateCode>
<ZipCode>229044195</ZipCode>
<StreetAddress><![CDATA[P.O. Box 400195]]></StreetAddress>
<CountryCode>US</CountryCode>
<CountryName>United States</CountryName>
<StateName>Virginia</StateName>
<CountryFlag>1</CountryFlag>
<CONGRESSDISTRICT>05</CONGRESSDISTRICT>
<CONGRESS_DISTRICT_PERF>VA05</CONGRESS_DISTRICT_PERF>
</Performance_Institution>
<ProgramElement>
<Code>1998</Code>
<Text>IUSE</Text>
</ProgramElement>
<ProgramElement>
<Code>7980</Code>
<Text>ECR-EHR Core Research</Text>
</ProgramElement>
<ProgramReference>
<Code>8212</Code>
<Text>Broaden Particip STEM Resrch</Text>
</ProgramReference>
<ProgramReference>
<Code>8817</Code>
<Text>STEM Learning &amp; Learning Environments</Text>
</ProgramReference>
<ProgramReference>
<Code>9178</Code>
<Text>UNDERGRADUATE EDUCATION</Text>
</ProgramReference>
<FUND_OBLG>2020~542097</FUND_OBLG>
<FUND_OBLG>2021~642338</FUND_OBLG>
<FUND_OBLG>2022~380328</FUND_OBLG>
</Award>
</rootTag>
