<?xml version="1.0" encoding="UTF-8"?>
<rootTag>
<Award>
<AwardTitle>Research Initiation Award: Spectra of composition operators on analytic function spaces</AwardTitle>
<AGENCY>NSF</AGENCY>
<AwardEffectiveDate>05/15/2020</AwardEffectiveDate>
<AwardExpirationDate>04/30/2023</AwardExpirationDate>
<AwardTotalIntnAmount>284405.00</AwardTotalIntnAmount>
<AwardAmount>284405</AwardAmount>
<AwardInstrument>
<Value>Standard Grant</Value>
</AwardInstrument>
<Organization>
<Code>11060000</Code>
<Directorate>
<Abbreviation>EHR</Abbreviation>
<LongName>Direct For Education and Human Resources</LongName>
</Directorate>
<Division>
<Abbreviation>HRD</Abbreviation>
<LongName>Division Of Human Resource Development</LongName>
</Division>
</Organization>
<ProgramOfficer>
<SignBlockName>Carleitta Paige-Anderson</SignBlockName>
<PO_EMAI>cpaigean@nsf.gov</PO_EMAI>
<PO_PHON>7032922816</PO_PHON>
</ProgramOfficer>
<AbstractNarration>Research Initiation Awards provide support for junior and mid-career faculty at Historically Black Colleges and Universities who are building new research programs or redirecting and rebuilding existing research programs. It is expected that the award helps to further the faculty member's research capability and effectiveness, improves research and teaching at the home institution, and involves undergraduate students in research experiences. The award to Central State University investigates a cluster of problems in complex function theory aimed at understanding the structure of spectra for composition operators. The project is carried out in collaboration with the University of Toledo and involves undergraduate students in research in a meaningful way. &lt;br/&gt;&lt;br/&gt;This project examines the spectra and numerical ranges of composition operators acting on the spaces of holomorphic functions defined on the complex unit disc. Spectra and numerical ranges of these operators depend on locations and nature of the fixed points of the underlying symbol and space on which the operators are defined. Initially, the focus will be on non-automorphic symbols that fix a point in the complex unit disc. The main goals of the project are to: characterize the spectra of these operators defined on certain Banach and Hilbert spaces of holomorphic functions; investigate the general structure of the spectra of classes of composition operators acting on the Hardy space; and describe the numerical ranges and numerical radius of the composition operators acting on the Hardy space. The study will employ techniques that use the tools including essential spectrum, essential angular derivatives, Dejoy-Wolff points, Navalinna Counting functions, Carleson measure, Harmonic measure, and complex interpolation.&lt;br/&gt;&lt;br/&gt;This award reflects NSF's statutory mission and has been deemed worthy of support through evaluation using the Foundation's intellectual merit and broader impacts review criteria.</AbstractNarration>
<MinAmdLetterDate>04/13/2020</MinAmdLetterDate>
<MaxAmdLetterDate>04/13/2020</MaxAmdLetterDate>
<ARRAAmount/>
<TRAN_TYPE>Grant</TRAN_TYPE>
<CFDA_NUM>47.076</CFDA_NUM>
<NSF_PAR_USE_FLAG>1</NSF_PAR_USE_FLAG>
<FUND_AGCY_CODE>4900</FUND_AGCY_CODE>
<AWDG_AGCY_CODE>4900</AWDG_AGCY_CODE>
<AwardID>2000114</AwardID>
<Investigator>
<FirstName>Bhupendra</FirstName>
<LastName>Paudyal</LastName>
<PI_MID_INIT/>
<PI_SUFX_NAME/>
<PI_FULL_NAME>Bhupendra Paudyal</PI_FULL_NAME>
<EmailAddress>bpaudyal@centralstate.edu</EmailAddress>
<PI_PHON>9373766363</PI_PHON>
<NSF_ID>000776258</NSF_ID>
<StartDate>04/13/2020</StartDate>
<EndDate/>
<RoleCode>Principal Investigator</RoleCode>
</Investigator>
<Institution>
<Name>Central State University</Name>
<CityName>WILBERFORCE</CityName>
<ZipCode>453845800</ZipCode>
<PhoneNumber>5133766011</PhoneNumber>
<StreetAddress>1400 BRUSH ROW RD</StreetAddress>
<StreetAddress2/>
<CountryName>United States</CountryName>
<StateName>Ohio</StateName>
<StateCode>OH</StateCode>
<CONGRESSDISTRICT>10</CONGRESSDISTRICT>
<CONGRESS_DISTRICT_ORG>OH10</CONGRESS_DISTRICT_ORG>
<ORG_UEI_NUM>UZUVJXMDNZY6</ORG_UEI_NUM>
<ORG_LGL_BUS_NAME>CENTRAL STATE UNIVERSITY</ORG_LGL_BUS_NAME>
<ORG_PRNT_UEI_NUM>UZUVJXMDNZY6</ORG_PRNT_UEI_NUM>
</Institution>
<Performance_Institution>
<Name><![CDATA[Central State University]]></Name>
<CityName>Wilberforce</CityName>
<StateCode>OH</StateCode>
<ZipCode>453841004</ZipCode>
<StreetAddress><![CDATA[1400 Brush Row Road]]></StreetAddress>
<CountryCode>US</CountryCode>
<CountryName>United States</CountryName>
<StateName>Ohio</StateName>
<CountryFlag>1</CountryFlag>
<CONGRESSDISTRICT>10</CONGRESSDISTRICT>
<CONGRESS_DISTRICT_PERF>OH10</CONGRESS_DISTRICT_PERF>
</Performance_Institution>
<ProgramElement>
<Code>1594</Code>
<Text>Hist Black Colleges and Univ</Text>
</ProgramElement>
<ProgramReference>
<Code>9178</Code>
<Text>UNDERGRADUATE EDUCATION</Text>
</ProgramReference>
<ProgramReference>
<Code>9264</Code>
<Text>RESEARCH INITIATION AWARD</Text>
</ProgramReference>
<Appropriation>
<Code>0420</Code>
<Name>NSF Education &amp; Human Resource</Name>
<APP_SYMB_ID>040106</APP_SYMB_ID>
</Appropriation>
<Fund>
<Code>04002021DB</Code>
<Name><![CDATA[NSF Education & Human Resource]]></Name>
<FUND_SYMB_ID>040106</FUND_SYMB_ID>
</Fund>
<FUND_OBLG>2020~284405</FUND_OBLG>
</Award>
</rootTag>
