<?xml version="1.0" encoding="UTF-8"?>
<rootTag>
<Award>
<AwardTitle>Excellence in Research: Collaborative Research:  Real-time Fault Diagnosis for Self-Driving Vehicles</AwardTitle>
<AGENCY>NSF</AGENCY>
<AwardEffectiveDate>06/01/2020</AwardEffectiveDate>
<AwardExpirationDate>05/31/2023</AwardExpirationDate>
<AwardTotalIntnAmount>190000.00</AwardTotalIntnAmount>
<AwardAmount>190000</AwardAmount>
<AwardInstrument>
<Value>Standard Grant</Value>
</AwardInstrument>
<Organization>
<Code>05050000</Code>
<Directorate>
<Abbreviation>CSE</Abbreviation>
<LongName>Direct For Computer &amp; Info Scie &amp; Enginr</LongName>
</Directorate>
<Division>
<Abbreviation>CNS</Abbreviation>
<LongName>Division Of Computer and Network Systems</LongName>
</Division>
</Organization>
<ProgramOfficer>
<SignBlockName>Michelle Rogers</SignBlockName>
<PO_EMAI>mlrogers@nsf.gov</PO_EMAI>
<PO_PHON>7032927786</PO_PHON>
</ProgramOfficer>
<AbstractNarration>By 2025, driverless cars will be an integral part of daily transportation. Understanding the reliability of self-driving cars is a crucial step to ensuring that the impending ubiquity of self-driving cars causes as few fatalities as possible. Components like actuators, sensors, and computational elements that make up such systems have inherent vulnerabilities to faults due to manufacturing defects, aging, cyberattacks, and environmental factors. Repair and replacement of such components may reduce the risk of fault occurrences, but may be infeasible in terms of cost, safety, and availability. Alternately, certain faults and their false positives may trigger unnecessary repair or cause unnecessary reactions by the vehicle. Therefore, it is necessary to quickly and accurately identify faults in real time. This research will facilitate the development of in-the-field error mitigation techniques, resulting in more reliable autonomous cars. Furthermore, this research will support the technical development and engagement of an underrepresented cohort of graduate and undergraduate students at North Carolina A&amp;T State University and North Carolina Central University through curriculum enhancements and participation in extracurricular activities such as the AutoDrive Challenge, a national self-driving car competition.&lt;br/&gt;&lt;br/&gt;The proposed work will provide real-time diagnosis of transient, intermittent, and permanent faults that occur in a self-driving car. This analysis will substantially improve the performance and accuracy of fault classification/identification in complex systems. Multi-perspective error detection techniques, including discrete-event system analysis, data-driven analysis, and chip-level analysis, will be combined to diagnose faults in automotive systems. The discrete-event system analysis will detect and isolate a system's fault occurrences from external observation of general behaviors of the system and in the absence of full observation of occurred events. The data-driven analysis will use a novel fuzzy type-2 clustering-based method to detect whether a fault degraded performance. The chip-level analysis will detect when a computational component is malfunctioning based on equivalence checking of logic signals and state traces. The combination of these approaches will facilitate fault diagnosis of automotive systems in real-time and with greater accuracy and speed. The multi-perspective analysis will improve the understanding of how each perspective interacts with the other and has the potential to identify new fault types and patterns. The enhanced awareness created by integrating these three unique methods will facilitate automotive system fault diagnosis in real time with greater accuracy and speed than could be achieved by any of the methods individually.&lt;br/&gt;&lt;br/&gt;This award reflects NSF's statutory mission and has been deemed worthy of support through evaluation using the Foundation's intellectual merit and broader impacts review criteria.</AbstractNarration>
<MinAmdLetterDate>04/17/2020</MinAmdLetterDate>
<MaxAmdLetterDate>04/17/2020</MaxAmdLetterDate>
<ARRAAmount/>
<TRAN_TYPE>Grant</TRAN_TYPE>
<CFDA_NUM>47.070</CFDA_NUM>
<NSF_PAR_USE_FLAG>1</NSF_PAR_USE_FLAG>
<FUND_AGCY_CODE>4900</FUND_AGCY_CODE>
<AWDG_AGCY_CODE>4900</AWDG_AGCY_CODE>
<AwardID>2000187</AwardID>
<Investigator>
<FirstName>Siobahn</FirstName>
<LastName>Grady</LastName>
<PI_MID_INIT>D</PI_MID_INIT>
<PI_SUFX_NAME/>
<PI_FULL_NAME>Siobahn D Grady</PI_FULL_NAME>
<EmailAddress>sday@nccu.edu</EmailAddress>
<PI_PHON>9195306762</PI_PHON>
<NSF_ID>000806747</NSF_ID>
<StartDate>04/17/2020</StartDate>
<EndDate/>
<RoleCode>Principal Investigator</RoleCode>
</Investigator>
<Institution>
<Name>North Carolina Central University</Name>
<CityName>DURHAM</CityName>
<ZipCode>277073129</ZipCode>
<PhoneNumber>9195307333</PhoneNumber>
<StreetAddress>1801 FAYETTEVILLE ST</StreetAddress>
<StreetAddress2/>
<CountryName>United States</CountryName>
<StateName>North Carolina</StateName>
<StateCode>NC</StateCode>
<CONGRESSDISTRICT>04</CONGRESSDISTRICT>
<CONGRESS_DISTRICT_ORG>NC04</CONGRESS_DISTRICT_ORG>
<ORG_UEI_NUM>L1DXXP1KGP77</ORG_UEI_NUM>
<ORG_LGL_BUS_NAME>NORTH CAROLINA CENTRAL UNIVERSITY</ORG_LGL_BUS_NAME>
<ORG_PRNT_UEI_NUM>N8DMK1K4C2K5</ORG_PRNT_UEI_NUM>
</Institution>
<Performance_Institution>
<Name><![CDATA[North Carolina Central University]]></Name>
<CityName>Durham</CityName>
<StateCode>NC</StateCode>
<ZipCode>277073129</ZipCode>
<StreetAddress><![CDATA[1801 Fayetteville Street]]></StreetAddress>
<CountryCode>US</CountryCode>
<CountryName>United States</CountryName>
<StateName>North Carolina</StateName>
<CountryFlag>1</CountryFlag>
<CONGRESSDISTRICT>04</CONGRESSDISTRICT>
<CONGRESS_DISTRICT_PERF>NC04</CONGRESS_DISTRICT_PERF>
</Performance_Institution>
<ProgramElement>
<Code>070Y</Code>
<Text>HBCU-EiR - HBCU-Excellence in</Text>
</ProgramElement>
<ProgramReference>
<Code>041Z</Code>
<Text>HBCU-Strengthening Research Capacities</Text>
</ProgramReference>
<Appropriation>
<Code>0120</Code>
<Name>NSF RESEARCH &amp; RELATED ACTIVIT</Name>
<APP_SYMB_ID>040100</APP_SYMB_ID>
</Appropriation>
<Fund>
<Code>01002021DB</Code>
<Name><![CDATA[NSF RESEARCH & RELATED ACTIVIT]]></Name>
<FUND_SYMB_ID>040100</FUND_SYMB_ID>
</Fund>
<FUND_OBLG>2020~190000</FUND_OBLG>
</Award>
</rootTag>
