<?xml version="1.0" encoding="UTF-8"?>
<rootTag>
<Award>
<AwardTitle><![CDATA[Using the Pathways in Technology Early College High School (P-TECH) Model to Build the Future Cybersecurity Technical Workforce]]></AwardTitle>
<AGENCY>NSF</AGENCY>
<AwardEffectiveDate>09/01/2020</AwardEffectiveDate>
<AwardExpirationDate>08/31/2023</AwardExpirationDate>
<AwardTotalIntnAmount>494175.00</AwardTotalIntnAmount>
<AwardAmount>494175</AwardAmount>
<AwardInstrument>
<Value>Standard Grant</Value>
</AwardInstrument>
<Organization>
<Code>11040100</Code>
<Directorate>
<Abbreviation>EHR</Abbreviation>
<LongName>Direct For Education and Human Resources</LongName>
</Directorate>
<Division>
<Abbreviation>DUE</Abbreviation>
<LongName>Division Of Undergraduate Education</LongName>
</Division>
</Organization>
<ProgramOfficer>
<SignBlockName>R. Corby Hovis</SignBlockName>
<PO_EMAI>chovis@nsf.gov</PO_EMAI>
<PO_PHON>7032924625</PO_PHON>
</ProgramOfficer>
<AbstractNarration><![CDATA[Keeping computers and information systems secure is a critical need and a major challenge. To meet it, business, industry, and government need well-prepared technicians who can prevent, detect, and investigate cybersecurity breaches. The growth of cyber-threats has created a need for many more workers who have the knowledge and skills to protect digital infrastructure. For example, in Boulder County, Colorado, the location of this project, an analysis in 2019 found more than 800 open cybersecurity positions. In this project, Front Range Community College and St. Vrain Valley School District, along with industry partners, will collaborate to develop and implement a Pathways in Technology Early College High School (P-TECH) program in cybersecurity.  This project is expected to build a diverse pipeline of cybersecurity technicians to address the significant regional workforce shortage. The P-TECH model was pioneered in 2011 by the New York City Public Schools in partnership with IBM and the New York City College of Technology.  The P-TECH model provides students with a high school diploma, an associate degree in a high-demand technical field, and significant industry work experience, at no cost. Front Range Community College, St. Vrain Valley School District, and IBM launched the first P-TECH program in the western United States in 2016, focused on the field of computer information systems.  This project will develop a new P-TECH program in cybersecurity.  A primary goal is to provide underrepresented students, including first-generation college students, minority students, and girls, with a strong pathway into the technology industry.&lt;br/&gt;&lt;br/&gt;The new cybersecurity P-TECH program will be implemented through a partnership involving Front Range Community College, St. Vrain Valley School District, and several major companies. With college coursework beginning in students' 9th Grade year, this project will provide participants with a high school diploma, an associate degree with a concentration in cybersecurity, and significant industry experience, all within four to six years and at no cost to the students. The project will serve two cohorts of 30 students over the project period, with the intent of expanding cohort size to 50-60 students beginning in 2023. When full capacity is reached (after the end of this award), the program is expected to enroll approximately 200-250 students and graduate approximately 50 new technicians annually. The course of study within the program will be co-developed with the industry partners to address industry's skill needs.  Students will receive significant work-based learning opportunities, including work site visits, mentoring by industry professionals, and paid internships. Upon graduation from the program, students will have the skills and competencies, including "soft skills," necessary to successfully transition to a cybersecurity position at one of the partnering companies. Because the P-TECH model is still relatively new, this project will also provide an opportunity to study this holistic approach to technician education, which brings together K-12, postsecondary, and industry partners to collaboratively deliver a rigorous and applied course of study in one of the country's most in-demand technical fields.  This project is funded by the Advanced Technological Education (ATE) program, which focuses on the education of technicians for the advanced-technology fields that drive the nation's economy.&lt;br/&gt;&lt;br/&gt;This award reflects NSF's statutory mission and has been deemed worthy of support through evaluation using the Foundation's intellectual merit and broader impacts review criteria.]]></AbstractNarration>
<MinAmdLetterDate>08/20/2020</MinAmdLetterDate>
<MaxAmdLetterDate>10/15/2020</MaxAmdLetterDate>
<ARRAAmount/>
<TRAN_TYPE>Grant</TRAN_TYPE>
<CFDA_NUM>47.076</CFDA_NUM>
<NSF_PAR_USE_FLAG>1</NSF_PAR_USE_FLAG>
<FUND_AGCY_CODE>4900</FUND_AGCY_CODE>
<AWDG_AGCY_CODE>4900</AWDG_AGCY_CODE>
<AwardID>2000964</AwardID>
<Investigator>
<FirstName>Brandon</FirstName>
<LastName>Shaffer</LastName>
<PI_MID_INIT/>
<PI_SUFX_NAME/>
<PI_FULL_NAME>Brandon Shaffer</PI_FULL_NAME>
<EmailAddress><![CDATA[shaffer_brandon@svvsd.org]]></EmailAddress>
<NSF_ID>000812406</NSF_ID>
<StartDate>08/20/2020</StartDate>
<EndDate/>
<RoleCode>Co-Principal Investigator</RoleCode>
</Investigator>
<Investigator>
<FirstName>Patricia</FirstName>
<LastName>Quinones</LastName>
<PI_MID_INIT/>
<PI_SUFX_NAME/>
<PI_FULL_NAME>Patricia Quinones</PI_FULL_NAME>
<EmailAddress><![CDATA[quinones_patricia@svvsd.org]]></EmailAddress>
<NSF_ID>000791132</NSF_ID>
<StartDate>08/20/2020</StartDate>
<EndDate/>
<RoleCode>Co-Principal Investigator</RoleCode>
</Investigator>
<Investigator>
<FirstName>Beth</FirstName>
<LastName>Wheeler</LastName>
<PI_MID_INIT>S</PI_MID_INIT>
<PI_SUFX_NAME/>
<PI_FULL_NAME>Beth S Wheeler</PI_FULL_NAME>
<EmailAddress><![CDATA[beth.wheeler@frontrange.edu]]></EmailAddress>
<NSF_ID>000812445</NSF_ID>
<StartDate>08/20/2020</StartDate>
<EndDate/>
<RoleCode>Principal Investigator</RoleCode>
</Investigator>
<Institution>
<Name>Front Range Community College</Name>
<CityName>WESTMINSTER</CityName>
<ZipCode>800312105</ZipCode>
<PhoneNumber>3034045481</PhoneNumber>
<StreetAddress>3645 W 112TH AVE</StreetAddress>
<StreetAddress2/>
<CountryName>United States</CountryName>
<StateName>Colorado</StateName>
<StateCode>CO</StateCode>
<CONGRESSDISTRICT>07</CONGRESSDISTRICT>
<CONGRESS_DISTRICT_ORG>CO07</CONGRESS_DISTRICT_ORG>
<ORG_UEI_NUM>NYHECMHUJJH8</ORG_UEI_NUM>
<ORG_LGL_BUS_NAME>FRONT RANGE COMMUNITY COLLEGE</ORG_LGL_BUS_NAME>
<ORG_PRNT_UEI_NUM>MLZBKBMQW8N9</ORG_PRNT_UEI_NUM>
</Institution>
<Performance_Institution>
<Name><![CDATA[Front Range Community College]]></Name>
<CityName>Longmont</CityName>
<StateCode>CO</StateCode>
<ZipCode>805016744</ZipCode>
<StreetAddress><![CDATA[2190 Miller Drive]]></StreetAddress>
<CountryCode>US</CountryCode>
<CountryName>United States</CountryName>
<StateName>Colorado</StateName>
<CountryFlag>1</CountryFlag>
<CONGRESSDISTRICT>04</CONGRESSDISTRICT>
<CONGRESS_DISTRICT_PERF>CO04</CONGRESS_DISTRICT_PERF>
</Performance_Institution>
<ProgramElement>
<Code>7412</Code>
<Text>Advanced Tech Education Prog</Text>
</ProgramElement>
<ProgramReference>
<Code>1032</Code>
<Text>ADVANCED TECHNOLOGY EDUCATION</Text>
</ProgramReference>
<ProgramReference>
<Code>9178</Code>
<Text>UNDERGRADUATE EDUCATION</Text>
</ProgramReference>
<ProgramReference>
<Code>SMET</Code>
<Text>SCIENCE, MATH, ENG &amp; TECH EDUCATION</Text>
</ProgramReference>
<Appropriation>
<Code>0420</Code>
<Name>NSF Education &amp; Human Resource</Name>
<APP_SYMB_ID>040106</APP_SYMB_ID>
</Appropriation>
<Fund>
<Code>04002021DB</Code>
<Name><![CDATA[NSF Education & Human Resource]]></Name>
<FUND_SYMB_ID>040106</FUND_SYMB_ID>
</Fund>
<FUND_OBLG>2020~494175</FUND_OBLG>
</Award>
</rootTag>
