<?xml version="1.0" encoding="UTF-8"?>
<rootTag>
<Award>
<AwardTitle><![CDATA[Research Initiation Award: Microwave Synthesis of Imidazole Compounds to Investigate Allosteric Binding to VCP]]></AwardTitle>
<AGENCY>NSF</AGENCY>
<AwardEffectiveDate>05/01/2020</AwardEffectiveDate>
<AwardExpirationDate>04/30/2023</AwardExpirationDate>
<AwardTotalIntnAmount>295500.00</AwardTotalIntnAmount>
<AwardAmount>295500</AwardAmount>
<AwardInstrument>
<Value>Standard Grant</Value>
</AwardInstrument>
<Organization>
<Code>11060000</Code>
<Directorate>
<Abbreviation>EHR</Abbreviation>
<LongName>Direct For Education and Human Resources</LongName>
</Directorate>
<Division>
<Abbreviation>HRD</Abbreviation>
<LongName>Division Of Human Resource Development</LongName>
</Division>
</Organization>
<ProgramOfficer>
<SignBlockName>Leroy Jones II</SignBlockName>
<PO_EMAI>ljones@nsf.gov</PO_EMAI>
<PO_PHON>7032924684</PO_PHON>
</ProgramOfficer>
<AbstractNarration><![CDATA[Research Initiation Awards provide support for junior and mid-career faculty at Historically Black Colleges and Universities who are building new research programs or redirecting and rebuilding existing research programs. It is expected that the award will (1) further the faculty member's research capability and effectiveness, (2) improve research and teaching at the home institution, and (3) engage more undergraduate students from underrepresented groups in research experiences. The project from Bowie State University, a Historically Black College/University (HBCU), seeks to study the structural requirements for allosteric binders to certain enzymatic proteins that maintain protein homeostasis in mammalian, yeast, and plant cells.  The project integrates computational chemistry and biology with analogous bench research.  In addition, it is designed to include undergraduate and high school students as active researchers. Collaboration and mentorship will take place throughout the project. The PI will collaborate with another researcher at Georgetown University, while the undergraduates will serve as mentors to the high school students under the supervision of the PI.  &lt;br/&gt;&lt;br/&gt;VCP is an ATPase which plays a major role in the ubiquitin proteasome system (UPS).  The UPS is responsible for degrading unfolded proteins through the proteasome in order to relieve cellular stress. Once tagged with ubiquitin, VCP translocates the proteins from the ER to the cytosol. VCP binders have been shown to cause an accumulation of ubiquitinated proteins which ultimately leads to cell death. This is favorable when the system is being exploited to avoid apoptosis. Six-membered ring heterocycles have been shown to act as ATP-competitive binders and are therefore unselective.  Five-membered ring heterocycles bind to an allosteric site of VCP and are highly selective. However, it is unclear what the structural requirements for allosteric binders are. We propose the synthesis of imidazole compounds through a microwave-assisted multicomponent reaction in order to access a variety of imidazole compounds with numerous substitution patterns.  These compounds will be tested and ultimately help define the structural requirements for allosteric binding to VCP.  We will also measure the effect of these imidazoles on VCP activity and cell death.&lt;br/&gt;&lt;br/&gt;This award reflects NSF's statutory mission and has been deemed worthy of support through evaluation using the Foundation's intellectual merit and broader impacts review criteria.]]></AbstractNarration>
<MinAmdLetterDate>03/26/2020</MinAmdLetterDate>
<MaxAmdLetterDate>03/26/2020</MaxAmdLetterDate>
<ARRAAmount/>
<TRAN_TYPE>Grant</TRAN_TYPE>
<CFDA_NUM>47.076</CFDA_NUM>
<NSF_PAR_USE_FLAG>1</NSF_PAR_USE_FLAG>
<FUND_AGCY_CODE>4900</FUND_AGCY_CODE>
<AWDG_AGCY_CODE>4900</AWDG_AGCY_CODE>
<AwardID>2000028</AwardID>
<Investigator>
<FirstName>Jacqueline</FirstName>
<LastName>Smith</LastName>
<PI_MID_INIT>A</PI_MID_INIT>
<PI_SUFX_NAME/>
<PI_FULL_NAME>Jacqueline A Smith</PI_FULL_NAME>
<EmailAddress><![CDATA[smithjacqueline83@gmail.com]]></EmailAddress>
<NSF_ID>000727737</NSF_ID>
<StartDate>03/26/2020</StartDate>
<EndDate/>
<RoleCode>Principal Investigator</RoleCode>
</Investigator>
<Institution>
<Name>Bowie State University</Name>
<CityName>BOWIE</CityName>
<ZipCode>207153319</ZipCode>
<PhoneNumber>3018604399</PhoneNumber>
<StreetAddress>14000 JERICHO PARK ROAD, RM 115</StreetAddress>
<StreetAddress2/>
<CountryName>United States</CountryName>
<StateName>Maryland</StateName>
<StateCode>MD</StateCode>
<CONGRESSDISTRICT>05</CONGRESSDISTRICT>
<CONGRESS_DISTRICT_ORG>MD05</CONGRESS_DISTRICT_ORG>
<ORG_UEI_NUM>WMEEHCAPGR65</ORG_UEI_NUM>
<ORG_LGL_BUS_NAME>BOWIE STATE UNIVERSITY</ORG_LGL_BUS_NAME>
<ORG_PRNT_UEI_NUM>KMGEN62NKEM9</ORG_PRNT_UEI_NUM>
</Institution>
<Performance_Institution>
<Name><![CDATA[Bowie State University]]></Name>
<CityName>Bowie</CityName>
<StateCode>MD</StateCode>
<ZipCode>207159465</ZipCode>
<StreetAddress><![CDATA[14000 Jericho Park Rd]]></StreetAddress>
<CountryCode>US</CountryCode>
<CountryName>United States</CountryName>
<StateName>Maryland</StateName>
<CountryFlag>1</CountryFlag>
<CONGRESSDISTRICT>05</CONGRESSDISTRICT>
<CONGRESS_DISTRICT_PERF>MD05</CONGRESS_DISTRICT_PERF>
</Performance_Institution>
<ProgramElement>
<Code>1594</Code>
<Text>Hist Black Colleges and Univ</Text>
</ProgramElement>
<ProgramReference>
<Code>9178</Code>
<Text>UNDERGRADUATE EDUCATION</Text>
</ProgramReference>
<ProgramReference>
<Code>9264</Code>
<Text>RESEARCH INITIATION AWARD</Text>
</ProgramReference>
<Appropriation>
<Code>0420</Code>
<Name>NSF Education &amp; Human Resource</Name>
<APP_SYMB_ID>040106</APP_SYMB_ID>
</Appropriation>
<Fund>
<Code>04002021DB</Code>
<Name><![CDATA[NSF Education & Human Resource]]></Name>
<FUND_SYMB_ID>040106</FUND_SYMB_ID>
</Fund>
<FUND_OBLG>2020~295500</FUND_OBLG>
</Award>
</rootTag>
