<?xml version="1.0" encoding="UTF-8"?>
<rootTag>
<Award>
<AwardTitle>Theory of Nonlinear Elliptic Equations and Systems</AwardTitle>
<AGENCY>NSF</AGENCY>
<AwardEffectiveDate>08/01/2020</AwardEffectiveDate>
<AwardExpirationDate>07/31/2023</AwardExpirationDate>
<AwardTotalIntnAmount>239999.00</AwardTotalIntnAmount>
<AwardAmount>239999</AwardAmount>
<AwardInstrument>
<Value>Standard Grant</Value>
</AwardInstrument>
<Organization>
<Code>03040000</Code>
<Directorate>
<Abbreviation>MPS</Abbreviation>
<LongName>Direct For Mathematical &amp; Physical Scien</LongName>
</Directorate>
<Division>
<Abbreviation>DMS</Abbreviation>
<LongName>Division Of Mathematical Sciences</LongName>
</Division>
</Organization>
<ProgramOfficer>
<SignBlockName>Marian Bocea</SignBlockName>
<PO_EMAI>mbocea@nsf.gov</PO_EMAI>
<PO_PHON>7032922595</PO_PHON>
</ProgramOfficer>
<AbstractNarration>Partial differential equations arise naturally in physics, engineering, geometry, and many other fields, and they form the basis for modeling many phenomena in the physical world. The particular class of fully nonlinear elliptic equations and systems is especially important from this perspective. For instance, such equations and systems play a role in the theoretical study of composite materials. This project will contribute to a basic understanding of fully nonlinear elliptic equations and systems, thereby providing scientists and engineers with sharpened insight into various physical processes and ultimately enhancing the quality of consumer products manufactured from composites. As part of the project, the principal investigator will train Ph.D. students, many of whom are expected to continue their careers as educators and help convey the long-term value of mathematical research not only to science and engineering but also, in the end, to society.&lt;br/&gt; &lt;br/&gt;At a technical level, this project is a natural continuation of the principal investigator's earlier work, which includes valuable contributions to this research area. One part of the project concerns a longstanding open problem on the existence and compactness of solutions to a fully nonlinear Yamabe problem. This is equivalent to solving, on a Riemannian manifold, a fully nonlinear elliptic, but not uniformly elliptic, partial differential equation of second order. The current understanding of this type of equations is insufficient, especially compared to what is known for fully nonlinear uniformly elliptic second order equations, where theories are much more mature. The study of this open problem should lead to a better understanding of these elliptic, but not uniformly elliptic, equations. It will also lead to a better understanding of degenerate elliptic fully nonlinear equations of second order. This project will provide new analytical tools for the study of these and other important nonlinear partial differential equations arising from geometry and physics.&lt;br/&gt;&lt;br/&gt;This award reflects NSF's statutory mission and has been deemed worthy of support through evaluation using the Foundation's intellectual merit and broader impacts review criteria.</AbstractNarration>
<MinAmdLetterDate>07/22/2020</MinAmdLetterDate>
<MaxAmdLetterDate>07/22/2020</MaxAmdLetterDate>
<ARRAAmount/>
<TRAN_TYPE>Grant</TRAN_TYPE>
<CFDA_NUM>47.049</CFDA_NUM>
<NSF_PAR_USE_FLAG>1</NSF_PAR_USE_FLAG>
<FUND_AGCY_CODE>4900</FUND_AGCY_CODE>
<AWDG_AGCY_CODE>4900</AWDG_AGCY_CODE>
<AwardID>2000261</AwardID>
<Investigator>
<FirstName>Yanyan</FirstName>
<LastName>Li</LastName>
<PI_MID_INIT/>
<PI_SUFX_NAME/>
<PI_FULL_NAME>Yanyan Li</PI_FULL_NAME>
<EmailAddress>yyli@math.rutgers.edu</EmailAddress>
<PI_PHON>8484456785</PI_PHON>
<NSF_ID>000180223</NSF_ID>
<StartDate>07/22/2020</StartDate>
<EndDate/>
<RoleCode>Principal Investigator</RoleCode>
</Investigator>
<Institution>
<Name>Rutgers University New Brunswick</Name>
<CityName>NEW BRUNSWICK</CityName>
<ZipCode>089018559</ZipCode>
<PhoneNumber>8489320150</PhoneNumber>
<StreetAddress>3 RUTGERS PLZA</StreetAddress>
<StreetAddress2/>
<CountryName>United States</CountryName>
<StateName>New Jersey</StateName>
<StateCode>NJ</StateCode>
<CONGRESSDISTRICT>06</CONGRESSDISTRICT>
<CONGRESS_DISTRICT_ORG>NJ06</CONGRESS_DISTRICT_ORG>
<ORG_UEI_NUM>M1LVPE5GLSD9</ORG_UEI_NUM>
<ORG_LGL_BUS_NAME>RUTGERS, THE STATE UNIVERSITY OF NEW JERSEY</ORG_LGL_BUS_NAME>
<ORG_PRNT_UEI_NUM>M1LVPE5GLSD9</ORG_PRNT_UEI_NUM>
</Institution>
<Performance_Institution>
<Name><![CDATA[Rutgers University -  New Brunswick]]></Name>
<CityName>Piscataway</CityName>
<StateCode>NJ</StateCode>
<ZipCode>088548019</ZipCode>
<StreetAddress><![CDATA[110 Frelinghuysen Road]]></StreetAddress>
<CountryCode>US</CountryCode>
<CountryName>United States</CountryName>
<StateName>New Jersey</StateName>
<CountryFlag>1</CountryFlag>
<CONGRESSDISTRICT>06</CONGRESSDISTRICT>
<CONGRESS_DISTRICT_PERF>NJ06</CONGRESS_DISTRICT_PERF>
</Performance_Institution>
<ProgramElement>
<Code>1281</Code>
<Text>ANALYSIS PROGRAM</Text>
</ProgramElement>
<Appropriation>
<Code>0120</Code>
<Name>NSF RESEARCH &amp; RELATED ACTIVIT</Name>
<APP_SYMB_ID>040100</APP_SYMB_ID>
</Appropriation>
<Fund>
<Code>01002021DB</Code>
<Name><![CDATA[NSF RESEARCH & RELATED ACTIVIT]]></Name>
<FUND_SYMB_ID>040100</FUND_SYMB_ID>
</Fund>
<FUND_OBLG>2020~239999</FUND_OBLG>
</Award>
</rootTag>
