<?xml version="1.0" encoding="UTF-8"?>
<rootTag>
<Award>
<AwardTitle>The Effect of Geographic Locale on Work-Related Experiential Learning Opportunities</AwardTitle>
<AGENCY>NSF</AGENCY>
<AwardEffectiveDate>08/01/2020</AwardEffectiveDate>
<AwardExpirationDate>07/31/2023</AwardExpirationDate>
<AwardTotalIntnAmount>690027.00</AwardTotalIntnAmount>
<AwardAmount>690027</AwardAmount>
<AwardInstrument>
<Value>Standard Grant</Value>
</AwardInstrument>
<Organization>
<Code>11010000</Code>
<Directorate>
<Abbreviation>EHR</Abbreviation>
<LongName>Direct For Education and Human Resources</LongName>
</Directorate>
<Division>
<Abbreviation>DGE</Abbreviation>
<LongName>Division Of Graduate Education</LongName>
</Division>
</Organization>
<ProgramOfficer>
<SignBlockName>Earnestine Psalmonds</SignBlockName>
<PO_EMAI>eeaster@nsf.gov</PO_EMAI>
<PO_PHON>7032928112</PO_PHON>
</ProgramOfficer>
<AbstractNarration>The project examines how students’ work-related experiential activities (WREAs) may be affected by their institution’s geographic proximity to major economic and workforce hubs. WREAs include internships, co-ops, practicums, job shadowing, and other similar opportunities that enable students to apply knowledge in an authentic setting and that lead to successful and productive employment.  The research will fill a knowledge gap by empirically documenting the influence of locale on internships and similar professional development opportunities for students. The research is guided by proximity research, constructs implicit in critical human geography that can be examined through dimensions of socio-spatial relations, and the notion of opportunity structures, defined as the full range of opportunities available to students that organize their education and future trajectories. The study will offer thoughtful insight into the employability discourse and demonstrate the importance of the contextual nuance of geographic locale. The study is expected to produce information about the impact of geographic locale on professional development opportunities for students and help strengthen the STEM pipeline from education to the workforce, particularly for students who may be less connected to major workforce hubs.&lt;br/&gt;&lt;br/&gt;Guided by proximity research, the researchers will employ a mixed methods design to  answer the following research questions: (1) How and to what extent does geographic locale affect STEM students’ access to work-related experimental activities? (2) Do students, university career officials, and/or new employees perceive access to or benefit from WREAs differently based on their institution’s geographic locale? (3) Are there other facets of structural opportunities that intersect with locale that further affect students’ access to or perceptions of WREAs? (4) Does WREA participation affect time to degree and/or time between degree completion and job offer? (5) For recent graduates, who have not secured employment, does their locale contribute to the reason for unemployment, and was their participation in WREAs different from that of peers who have acquired employment? And (6) Do employees who participate in WREAs receive higher salary offers than peers who do not participate in WREAs?  Survey data will be collected in multiple phases from enrolled students, employers, and recently hired alumni employees who recruit from five public universities in Georgia, and geospatial analyses will visually situate students in the study, institutions, and WREA locations. Geospatial analyses will consider factors such as physical and functional distances to workplaces and overall amenities. Analysis of qualitative data will provide nuanced information about specific WREA activities as perceived by employers and recently hired employees, while quantitative analysis will provide students’ attitudes and behaviors that show connections between WREA activities and student success.  The study will provide a better understanding of the experiential activities that best position students for employment. The findings can inform effective matching between students and subsequent employment and enable employers to quantify their return on investment.   &lt;br/&gt;&lt;br/&gt;The project is funded by the Directorate for Education and Human Resources Core Research (ECR)program that supports fundamental research that focuses on STEM learning and learning environments, broadening participation in STEM, and STEM professional workforce development.&lt;br/&gt;&lt;br/&gt;This award reflects NSF's statutory mission and has been deemed worthy of support through evaluation using the Foundation's intellectual merit and broader impacts review criteria.</AbstractNarration>
<MinAmdLetterDate>07/16/2020</MinAmdLetterDate>
<MaxAmdLetterDate>07/16/2020</MaxAmdLetterDate>
<ARRAAmount/>
<TRAN_TYPE>Grant</TRAN_TYPE>
<CFDA_NUM>47.076</CFDA_NUM>
<NSF_PAR_USE_FLAG>1</NSF_PAR_USE_FLAG>
<FUND_AGCY_CODE>4900</FUND_AGCY_CODE>
<AWDG_AGCY_CODE>4900</AWDG_AGCY_CODE>
<AwardID>2000847</AwardID>
<Investigator>
<FirstName>Karen</FirstName>
<LastName>Webber</LastName>
<PI_MID_INIT>L</PI_MID_INIT>
<PI_SUFX_NAME/>
<PI_FULL_NAME>Karen L Webber</PI_FULL_NAME>
<EmailAddress>kwebber@uga.edu</EmailAddress>
<PI_PHON>7065426831</PI_PHON>
<NSF_ID>000500572</NSF_ID>
<StartDate>07/16/2020</StartDate>
<EndDate/>
<RoleCode>Principal Investigator</RoleCode>
</Investigator>
<Investigator>
<FirstName>Amy</FirstName>
<LastName>Stich</LastName>
<PI_MID_INIT>E</PI_MID_INIT>
<PI_SUFX_NAME/>
<PI_FULL_NAME>Amy E Stich</PI_FULL_NAME>
<EmailAddress>astich@uga.edu</EmailAddress>
<PI_PHON>7065838244</PI_PHON>
<NSF_ID>000794359</NSF_ID>
<StartDate>07/16/2020</StartDate>
<EndDate/>
<RoleCode>Co-Principal Investigator</RoleCode>
</Investigator>
<Institution>
<Name>University of Georgia Research Foundation Inc</Name>
<CityName>ATHENS</CityName>
<ZipCode>306021589</ZipCode>
<PhoneNumber>7065425939</PhoneNumber>
<StreetAddress>310 EAST CAMPUS RD TUCKER HALL R</StreetAddress>
<StreetAddress2/>
<CountryName>United States</CountryName>
<StateName>Georgia</StateName>
<StateCode>GA</StateCode>
<CONGRESSDISTRICT>10</CONGRESSDISTRICT>
<CONGRESS_DISTRICT_ORG>GA10</CONGRESS_DISTRICT_ORG>
<ORG_UEI_NUM>NMJHD63STRC5</ORG_UEI_NUM>
<ORG_LGL_BUS_NAME>UNIVERSITY OF GEORGIA RESEARCH FOUNDATION, INC.</ORG_LGL_BUS_NAME>
<ORG_PRNT_UEI_NUM/>
</Institution>
<Performance_Institution>
<Name><![CDATA[University of Georgia]]></Name>
<CityName>Athens</CityName>
<StateCode>GA</StateCode>
<ZipCode>306021589</ZipCode>
<StreetAddress><![CDATA[310 East Campus Road]]></StreetAddress>
<CountryCode>US</CountryCode>
<CountryName>United States</CountryName>
<StateName>Georgia</StateName>
<CountryFlag>1</CountryFlag>
<CONGRESSDISTRICT>10</CONGRESSDISTRICT>
<CONGRESS_DISTRICT_PERF>GA10</CONGRESS_DISTRICT_PERF>
</Performance_Institution>
<ProgramElement>
<Code>7980</Code>
<Text>ECR-EHR Core Research</Text>
</ProgramElement>
<ProgramReference>
<Code>8816</Code>
<Text>Workforce Development</Text>
</ProgramReference>
<Appropriation>
<Code>0420</Code>
<Name>NSF Education &amp; Human Resource</Name>
<APP_SYMB_ID>040106</APP_SYMB_ID>
</Appropriation>
<Fund>
<Code>04002021DB</Code>
<Name><![CDATA[NSF Education & Human Resource]]></Name>
<FUND_SYMB_ID>040106</FUND_SYMB_ID>
</Fund>
<FUND_OBLG>2020~690027</FUND_OBLG>
</Award>
</rootTag>
