<?xml version="1.0" encoding="UTF-8"?>
<rootTag>
<Award>
<AwardTitle>Improving Student Mastery of Welding Skills through Real-Time Assessment and Feedback</AwardTitle>
<AGENCY>NSF</AGENCY>
<AwardEffectiveDate>10/01/2020</AwardEffectiveDate>
<AwardExpirationDate>09/30/2022</AwardExpirationDate>
<AwardTotalIntnAmount>385594.00</AwardTotalIntnAmount>
<AwardAmount>385594</AwardAmount>
<AwardInstrument>
<Value>Standard Grant</Value>
</AwardInstrument>
<Organization>
<Code>11040100</Code>
<Directorate>
<Abbreviation>EHR</Abbreviation>
<LongName>Direct For Education and Human Resources</LongName>
</Directorate>
<Division>
<Abbreviation>DUE</Abbreviation>
<LongName>Division Of Undergraduate Education</LongName>
</Division>
</Organization>
<ProgramOfficer>
<SignBlockName>Jill Nelson</SignBlockName>
<PO_EMAI>jnelson@nsf.gov</PO_EMAI>
<PO_PHON>7032924359</PO_PHON>
</ProgramOfficer>
<AbstractNarration>Welding technology is essential for producing many different types of products.  As a result, highly skilled welders are critical in industries including manufacturing, construction, and energy. In particular, the rapid growth of manufacturing amplifies the need to prepare more welding technicians to meet industry demand. This project will expand the use of welding training systems to provide students with real-time feedback during training sessions. The welding trainer and virtual tracking system will capture and evaluate each action a welder makes to complete an assignment and will create a success score for the activity. The project will use this assessment to provide students with credit for existing skills, to create a student portfolio for employment, and to train incumbent employees or develop customized training profiles for specific workplaces.  This assessment-driven approach is expected to contribute to the development of standardized welding practices.  By engaging with precollege students interested in welding pathways and employer partners interested in providing students with experiential learning opportunities, the project also expects to strengthen partnerships with industry and high schools.&lt;br/&gt;&lt;br/&gt;The goal of this project is to create a standardized welding pathway that can be scaled to other institutions and partnerships. Students will be able to develop their technical skills through efficient, industry-standard training. Performance data will be collected from professional welders in industry to construct a baseline model for student welding skills. Students’ actions during welding exercises will be captured using a welding trainer and virtual tracking system. The baseline model will be used to evaluate and automatically generate a formative assessment of student performance. The project will provide professional development opportunities for K-12 and community college instructors and will partner with Weld-Ed at Lorain Community College for additional professional development. A veteran outreach plan will expedite the assessment process to validate Prior Learning Assessment experiences for veterans and will map the current military training to formal welding education. This project is funded by the Advanced Technological Education program that focuses on the education of technicians for the advanced-technology fields that drive the nation’s economy.&lt;br/&gt;&lt;br/&gt;This award reflects NSF's statutory mission and has been deemed worthy of support through evaluation using the Foundation's intellectual merit and broader impacts review criteria.</AbstractNarration>
<MinAmdLetterDate>04/07/2020</MinAmdLetterDate>
<MaxAmdLetterDate>04/07/2020</MaxAmdLetterDate>
<ARRAAmount/>
<TRAN_TYPE>Grant</TRAN_TYPE>
<CFDA_NUM>47.076</CFDA_NUM>
<NSF_PAR_USE_FLAG>1</NSF_PAR_USE_FLAG>
<FUND_AGCY_CODE>4900</FUND_AGCY_CODE>
<AWDG_AGCY_CODE>4900</AWDG_AGCY_CODE>
<AwardID>2000535</AwardID>
<Investigator>
<FirstName>Darryl</FirstName>
<LastName>Sims</LastName>
<PI_MID_INIT/>
<PI_SUFX_NAME/>
<PI_FULL_NAME>Darryl Sims</PI_FULL_NAME>
<EmailAddress>dsims15@cscc.edu</EmailAddress>
<PI_PHON>6142875318</PI_PHON>
<NSF_ID>000789434</NSF_ID>
<StartDate>04/07/2020</StartDate>
<EndDate/>
<RoleCode>Co-Principal Investigator</RoleCode>
</Investigator>
<Investigator>
<FirstName>Scott</FirstName>
<LastName>Laslo</LastName>
<PI_MID_INIT/>
<PI_SUFX_NAME/>
<PI_FULL_NAME>Scott Laslo</PI_FULL_NAME>
<EmailAddress>slaslo1@cscc.edu</EmailAddress>
<PI_PHON>6142872653</PI_PHON>
<NSF_ID>000652053</NSF_ID>
<StartDate>04/07/2020</StartDate>
<EndDate/>
<RoleCode>Principal Investigator</RoleCode>
</Investigator>
<Institution>
<Name>Columbus State Community College</Name>
<CityName>COLUMBUS</CityName>
<ZipCode>432151722</ZipCode>
<PhoneNumber>6142872639</PhoneNumber>
<StreetAddress>550 E SPRING ST</StreetAddress>
<StreetAddress2/>
<CountryName>United States</CountryName>
<StateName>Ohio</StateName>
<StateCode>OH</StateCode>
<CONGRESSDISTRICT>03</CONGRESSDISTRICT>
<CONGRESS_DISTRICT_ORG>OH03</CONGRESS_DISTRICT_ORG>
<ORG_UEI_NUM>H7GFSFHXELW4</ORG_UEI_NUM>
<ORG_LGL_BUS_NAME>COLUMBUS STATE COMMUNITY COLLEGE</ORG_LGL_BUS_NAME>
<ORG_PRNT_UEI_NUM>H7GFSFHXELW4</ORG_PRNT_UEI_NUM>
</Institution>
<Performance_Institution>
<Name><![CDATA[Columbus State Community College]]></Name>
<CityName>Columbus</CityName>
<StateCode>OH</StateCode>
<ZipCode>432151722</ZipCode>
<StreetAddress><![CDATA[550 East Spring St]]></StreetAddress>
<CountryCode>US</CountryCode>
<CountryName>United States</CountryName>
<StateName>Ohio</StateName>
<CountryFlag>1</CountryFlag>
<CONGRESSDISTRICT>03</CONGRESSDISTRICT>
<CONGRESS_DISTRICT_PERF>OH03</CONGRESS_DISTRICT_PERF>
</Performance_Institution>
<ProgramElement>
<Code>7412</Code>
<Text>Advanced Tech Education Prog</Text>
</ProgramElement>
<ProgramReference>
<Code>1032</Code>
<Text>ADVANCED TECHNOLOGY EDUCATION</Text>
</ProgramReference>
<ProgramReference>
<Code>9178</Code>
<Text>UNDERGRADUATE EDUCATION</Text>
</ProgramReference>
<ProgramReference>
<Code>SMET</Code>
<Text>SCIENCE, MATH, ENG &amp; TECH EDUCATION</Text>
</ProgramReference>
<Appropriation>
<Code>0420</Code>
<Name>NSF Education &amp; Human Resource</Name>
<APP_SYMB_ID>040106</APP_SYMB_ID>
</Appropriation>
<Fund>
<Code>04002021DB</Code>
<Name><![CDATA[NSF Education & Human Resource]]></Name>
<FUND_SYMB_ID>040106</FUND_SYMB_ID>
</Fund>
<FUND_OBLG>2020~385594</FUND_OBLG>
</Award>
</rootTag>
