<?xml version="1.0" encoding="UTF-8"?>
<rootTag>
<Award>
<AwardTitle><![CDATA[The Micro Nano Technology Education Center (MNT-EC)]]></AwardTitle>
<AGENCY>NSF</AGENCY>
<AwardEffectiveDate>07/01/2020</AwardEffectiveDate>
<AwardExpirationDate>06/30/2025</AwardExpirationDate>
<AwardTotalIntnAmount>7483731.00</AwardTotalIntnAmount>
<AwardAmount>9025317</AwardAmount>
<AwardInstrument>
<Value>Standard Grant</Value>
</AwardInstrument>
<Organization>
<Code>11040100</Code>
<Directorate>
<Abbreviation>EHR</Abbreviation>
<LongName>Direct For Education and Human Resources</LongName>
</Directorate>
<Division>
<Abbreviation>DUE</Abbreviation>
<LongName>Division Of Undergraduate Education</LongName>
</Division>
</Organization>
<ProgramOfficer>
<SignBlockName>Virginia Carter</SignBlockName>
<PO_EMAI>vccarter@nsf.gov</PO_EMAI>
<PO_PHON>7032924651</PO_PHON>
</ProgramOfficer>
<AbstractNarration><![CDATA[Micro- and nanotechnology enhances the performance of thousands of commonly used devices.  For example, micro- and nanotechnology is used to make components of electronic devices such as computers, cell phones, wearable activity monitors, and medical sensors.  It is also used to improve products, such as making tennis balls that last longer, cloth that repels water, and bandages that prevent bacterial growth.  As micro- and nanotechnologies are increasingly used to improve products and create new ones, micro- and nanotechnology industries are expected to experience double-digit growth into the foreseeable future.  Consequently, a highly skilled technical workforce is needed to keep pace with the demands of and the changes in micro- and nanotechnology industries.  To support preparation of this workforce across the United States, this project will establish and support the NSF Advanced Technological Education Program’s Micro Nano Technology Education Center (MNT-EC). The MNT-EC will directly increase the numbers of community college faculty participating in micro- and nanotechnology technician education, thus supporting an increased number of students who receive technical education degrees and certificates in micro- and nanotechnology fields.  As a result, this project will support preparation of a skilled technical workforce in a field that has enormous impact on the nation’s economy, security, and health. &lt;br/&gt;&lt;br/&gt;This project will be led by Pasadena City College in collaboration with Edmonds Community College, Portland Community College, and Northwest Vista College. In addition, the MNT-EC will connect existing micro and nano NSF ATE Resource Centers (NACK, SCME, NEATEC, and MatEdu).  As a result, MNT-EC will leverage a broad set of expertise to prepare a nationwide skilled technical workforce for manufacture of micro and nano products. Each member of the MNT-EC will bring resources, such as cleanrooms, educational materials, and remote operation of lab instruments, to support and inform the development of a common curriculum for associate degrees and certificates in micro nano technologies. The content of this curriculum will be informed by the needs of industry members and be updated via annual reviews between academic and industry members. The faculty of the academic institutions will remain current in micro- and nanotechnology innovations via periodic workshops or webinars across the various specializations (such as safety, fabrication, operations) provided by the academic and industry members. The MNT-EC will map where the micro- and nanotechnology industry is greatest and where it is growing and promote adaptation of the MNT-EC curriculum at regional two-year institutions near these locations. This project is funded by the Advanced Technological Education program that focuses on the education of technicians for the advanced-technology fields that drive the nation's economy.&lt;br/&gt;&lt;br/&gt;This award reflects NSF's statutory mission and has been deemed worthy of support through evaluation using the Foundation's intellectual merit and broader impacts review criteria.]]></AbstractNarration>
<MinAmdLetterDate>06/23/2020</MinAmdLetterDate>
<MaxAmdLetterDate>05/12/2022</MaxAmdLetterDate>
<ARRAAmount/>
<TRAN_TYPE>Grant</TRAN_TYPE>
<CFDA_NUM>47.076</CFDA_NUM>
<NSF_PAR_USE_FLAG>1</NSF_PAR_USE_FLAG>
<FUND_AGCY_CODE>4900</FUND_AGCY_CODE>
<AWDG_AGCY_CODE>4900</AWDG_AGCY_CODE>
<AwardID>2000281</AwardID>
<Investigator>
<FirstName>Imelda</FirstName>
<LastName>Cossette</LastName>
<PI_MID_INIT>E</PI_MID_INIT>
<PI_SUFX_NAME/>
<PI_FULL_NAME>Imelda E Cossette</PI_FULL_NAME>
<EmailAddress><![CDATA[mel.cossette@edcc.edu]]></EmailAddress>
<NSF_ID>000430977</NSF_ID>
<StartDate>06/23/2020</StartDate>
<EndDate/>
<RoleCode>Co-Principal Investigator</RoleCode>
</Investigator>
<Investigator>
<FirstName>Gregory</FirstName>
<LastName>Kepner</LastName>
<PI_MID_INIT>G</PI_MID_INIT>
<PI_SUFX_NAME/>
<PI_FULL_NAME>Gregory G Kepner</PI_FULL_NAME>
<EmailAddress><![CDATA[gregkepner1@gmail.com]]></EmailAddress>
<NSF_ID>000563244</NSF_ID>
<StartDate>06/23/2020</StartDate>
<EndDate/>
<RoleCode>Co-Principal Investigator</RoleCode>
</Investigator>
<Investigator>
<FirstName>Jared</FirstName>
<LastName>Ashcroft</LastName>
<PI_MID_INIT>M</PI_MID_INIT>
<PI_SUFX_NAME/>
<PI_FULL_NAME>Jared M Ashcroft</PI_FULL_NAME>
<EmailAddress><![CDATA[jmashcroft@pasadena.edu]]></EmailAddress>
<NSF_ID>000657403</NSF_ID>
<StartDate>06/23/2020</StartDate>
<EndDate/>
<RoleCode>Principal Investigator</RoleCode>
</Investigator>
<Investigator>
<FirstName>Peter</FirstName>
<LastName>Kazarinoff</LastName>
<PI_MID_INIT>D</PI_MID_INIT>
<PI_SUFX_NAME/>
<PI_FULL_NAME>Peter D Kazarinoff</PI_FULL_NAME>
<EmailAddress><![CDATA[peter.kazarinoff@pcc.edu]]></EmailAddress>
<NSF_ID>000680877</NSF_ID>
<StartDate>06/23/2020</StartDate>
<EndDate/>
<RoleCode>Co-Principal Investigator</RoleCode>
</Investigator>
<Investigator>
<FirstName>Neda</FirstName>
<LastName>Habibi</LastName>
<PI_MID_INIT/>
<PI_SUFX_NAME/>
<PI_FULL_NAME>Neda Habibi</PI_FULL_NAME>
<EmailAddress><![CDATA[nhabibi@alamo.edu]]></EmailAddress>
<NSF_ID>000759535</NSF_ID>
<StartDate>06/23/2020</StartDate>
<EndDate/>
<RoleCode>Co-Principal Investigator</RoleCode>
</Investigator>
<Institution>
<Name>Pasadena City College</Name>
<CityName>Pasadena</CityName>
<ZipCode>911062003</ZipCode>
<PhoneNumber>6265857722</PhoneNumber>
<StreetAddress>1570 E Colorado Blvd</StreetAddress>
<StreetAddress2/>
<CountryName>United States</CountryName>
<StateName>California</StateName>
<StateCode>CA</StateCode>
<CONGRESSDISTRICT>27</CONGRESSDISTRICT>
<CONGRESS_DISTRICT_ORG>CA27</CONGRESS_DISTRICT_ORG>
<ORG_UEI_NUM>WB19K3R7L3L5</ORG_UEI_NUM>
<ORG_LGL_BUS_NAME>PASADENA AREA COMMUNITY COLLEGE DISTRICT</ORG_LGL_BUS_NAME>
<ORG_PRNT_UEI_NUM>WB19K3R7L3L5</ORG_PRNT_UEI_NUM>
</Institution>
<Performance_Institution>
<Name><![CDATA[Pasadena City College]]></Name>
<CityName>Pasadena</CityName>
<StateCode>CA</StateCode>
<ZipCode>911062003</ZipCode>
<StreetAddress/>
<CountryCode>US</CountryCode>
<CountryName>United States</CountryName>
<StateName>California</StateName>
<CountryFlag>1</CountryFlag>
<CONGRESSDISTRICT>27</CONGRESSDISTRICT>
<CONGRESS_DISTRICT_PERF>CA27</CONGRESS_DISTRICT_PERF>
</Performance_Institution>
<ProgramElement>
<Code>7412</Code>
<Text>Advanced Tech Education Prog</Text>
</ProgramElement>
<ProgramReference>
<Code>1032</Code>
<Text>ADVANCED TECHNOLOGY EDUCATION</Text>
</ProgramReference>
<ProgramReference>
<Code>5761</Code>
<Text>INDUSTRY/UNIV COOP RES CENTERS</Text>
</ProgramReference>
<ProgramReference>
<Code>9178</Code>
<Text>UNDERGRADUATE EDUCATION</Text>
</ProgramReference>
<ProgramReference>
<Code>9251</Code>
<Text>REU SUPP-Res Exp for Ugrd Supp</Text>
</ProgramReference>
<ProgramReference>
<Code>SMET</Code>
<Text>SCIENCE, MATH, ENG &amp; TECH EDUCATION</Text>
</ProgramReference>
<Appropriation>
<Code>0420</Code>
<Name>NSF Education &amp; Human Resource</Name>
<APP_SYMB_ID>040106</APP_SYMB_ID>
</Appropriation>
<Appropriation>
<Code>0421</Code>
<Name>NSF Education &amp; Human Resource</Name>
<APP_SYMB_ID>040106</APP_SYMB_ID>
</Appropriation>
<Fund>
<Code>04002021DB</Code>
<Name><![CDATA[NSF Education & Human Resource]]></Name>
<FUND_SYMB_ID>040106</FUND_SYMB_ID>
</Fund>
<Fund>
<Code>04002122DB</Code>
<Name><![CDATA[NSF Education & Human Resource]]></Name>
<FUND_SYMB_ID>040106</FUND_SYMB_ID>
</Fund>
<FUND_OBLG>2020~7483731</FUND_OBLG>
<FUND_OBLG>2021~1541586</FUND_OBLG>
</Award>
</rootTag>
