<?xml version="1.0" encoding="UTF-8"?>
<rootTag>
<Award>
<AwardTitle>Collaborative Research: Improving the Educational Experiences, Outcomes, and Career Pathways of Welding Technology Students</AwardTitle>
<AGENCY>NSF</AGENCY>
<AwardEffectiveDate>09/01/2020</AwardEffectiveDate>
<AwardExpirationDate>08/31/2023</AwardExpirationDate>
<AwardTotalIntnAmount>799982.00</AwardTotalIntnAmount>
<AwardAmount>815982</AwardAmount>
<AwardInstrument>
<Value>Standard Grant</Value>
</AwardInstrument>
<Organization>
<Code>11040100</Code>
<Directorate>
<Abbreviation>EHR</Abbreviation>
<LongName>Direct For Education and Human Resources</LongName>
</Directorate>
<Division>
<Abbreviation>DUE</Abbreviation>
<LongName>Division Of Undergraduate Education</LongName>
</Division>
</Organization>
<ProgramOfficer>
<SignBlockName>Connie Della-Piana</SignBlockName>
<PO_EMAI>cdellapi@nsf.gov</PO_EMAI>
<PO_PHON>7032925309</PO_PHON>
</ProgramOfficer>
<AbstractNarration>Despite the increasing demand for welding technology professionals at local, regional, and national levels, the number of welding technology (WT) graduates has declined.  This project aims to address this need, as well as to help develop a deeper understanding of WT career pathways.  To do so, the project team will investigate the experiences and perceptions of WT students who begin their education and training at community colleges and the expectations of WT faculty, higher education administrators, and employers.  The purpose of this exploratory research study is to: (1) identify personal/social/life factors that affect the career pathways of WT students and their decision to obtain credentials (associate degrees, certificates) and matriculate into a four-year program; (2) identify obstacles and issues that contribute to WT student attrition; and (3) create materials and activities to support retention, associate degree attainment, and matriculation into a 2+2 program in welding technology.   The project is a collaboration between researchers and technician educators from the University of Michigan, Macomb Community College, Monroe County Community College, and Wayne State University.&lt;br/&gt;&lt;br/&gt;Guided by a conceptual framework that draws on the work of Hisrchy, Bremer, and Castellano (2011) and Phelps and Prevost (2012), this qualitative and quantitative exploratory mixed methods research project is guided by the overarching question: What are the factors and experiences associated with the career pathways of welding technology students?  The research team will investigate (1) specific welding technology program features (e.g., articulated dual-credit high school courses, internships, etc.) that are associated with optimal student outcomes (e.g., retention, degree completion, matriculation, employment).  They will also examine ways in which key stakeholders (e.g., faculty; administrators) can use the findings to inform strategic program improvement and decision-making.  Thematic analysis of qualitative data will be applied to uncover and test the elements of the career pathways framework.   Survey data will be analyzed using analysis of variance to test the mean differences and interaction effects that may occur among variables/elements of the career pathways framework.  This approach will identify non-significant and significant differences across different groups of students, variables, and institutions and provide insights into the phenomenological aspects of education and career development. This project is funded by the Advanced Technological Education program that focuses on the education of technicians for the advanced-technology fields that drive the nation's economy.&lt;br/&gt;&lt;br/&gt;This award reflects NSF's statutory mission and has been deemed worthy of support through evaluation using the Foundation's intellectual merit and broader impacts review criteria.</AbstractNarration>
<MinAmdLetterDate>08/10/2020</MinAmdLetterDate>
<MaxAmdLetterDate>06/30/2021</MaxAmdLetterDate>
<ARRAAmount/>
<TRAN_TYPE>Grant</TRAN_TYPE>
<CFDA_NUM>47.076</CFDA_NUM>
<NSF_PAR_USE_FLAG>1</NSF_PAR_USE_FLAG>
<FUND_AGCY_CODE>4900</FUND_AGCY_CODE>
<AWDG_AGCY_CODE>4900</AWDG_AGCY_CODE>
<AwardID>2000730</AwardID>
<Investigator>
<FirstName>Timothy</FirstName>
<LastName>Pawlowski</LastName>
<PI_MID_INIT/>
<PI_SUFX_NAME/>
<PI_FULL_NAME>Timothy Pawlowski</PI_FULL_NAME>
<EmailAddress>pawlowskit647@macomb.edu</EmailAddress>
<PI_PHON>5864457007</PI_PHON>
<NSF_ID>000811948</NSF_ID>
<StartDate>08/10/2020</StartDate>
<EndDate/>
<RoleCode>Co-Principal Investigator</RoleCode>
</Investigator>
<Investigator>
<FirstName>Ece</FirstName>
<LastName>Yaprak</LastName>
<PI_MID_INIT/>
<PI_SUFX_NAME/>
<PI_FULL_NAME>Ece Yaprak</PI_FULL_NAME>
<EmailAddress>yaprak@eng.wayne.edu</EmailAddress>
<PI_PHON>3135770800</PI_PHON>
<NSF_ID>000321916</NSF_ID>
<StartDate>08/10/2020</StartDate>
<EndDate/>
<RoleCode>Co-Principal Investigator</RoleCode>
</Investigator>
<Investigator>
<FirstName>Joi-Lynn</FirstName>
<LastName>Mondisa</LastName>
<PI_MID_INIT/>
<PI_SUFX_NAME/>
<PI_FULL_NAME>Joi-Lynn Mondisa</PI_FULL_NAME>
<EmailAddress>jmondisa@umich.edu</EmailAddress>
<PI_PHON>7346478720</PI_PHON>
<NSF_ID>000664743</NSF_ID>
<StartDate>08/10/2020</StartDate>
<EndDate/>
<RoleCode>Principal Investigator</RoleCode>
</Investigator>
<Investigator>
<FirstName>Parmeshwar</FirstName>
<LastName>Coomar</LastName>
<PI_MID_INIT>P</PI_MID_INIT>
<PI_SUFX_NAME>Mr.</PI_SUFX_NAME>
<PI_FULL_NAME>Parmeshwar P Coomar</PI_FULL_NAME>
<EmailAddress>pcoomar@monroeccc.edu</EmailAddress>
<PI_PHON>7343844209</PI_PHON>
<NSF_ID>000759082</NSF_ID>
<StartDate>08/10/2020</StartDate>
<EndDate/>
<RoleCode>Co-Principal Investigator</RoleCode>
</Investigator>
<Institution>
<Name>Regents of the University of Michigan - Ann Arbor</Name>
<CityName>ANN ARBOR</CityName>
<ZipCode>481091340</ZipCode>
<PhoneNumber>7347636438</PhoneNumber>
<StreetAddress>503 THOMPSON ST</StreetAddress>
<StreetAddress2/>
<CountryName>United States</CountryName>
<StateName>Michigan</StateName>
<StateCode>MI</StateCode>
<CONGRESSDISTRICT>12</CONGRESSDISTRICT>
<CONGRESS_DISTRICT_ORG>MI12</CONGRESS_DISTRICT_ORG>
<ORG_UEI_NUM>GNJ7BBP73WE9</ORG_UEI_NUM>
<ORG_LGL_BUS_NAME>REGENTS OF THE UNIVERSITY OF MICHIGAN</ORG_LGL_BUS_NAME>
<ORG_PRNT_UEI_NUM>GNJ7BBP73WE9</ORG_PRNT_UEI_NUM>
</Institution>
<Performance_Institution>
<Name><![CDATA[Regents of the University of Michigan]]></Name>
<CityName>Ann Arbor</CityName>
<StateCode>MI</StateCode>
<ZipCode>481091274</ZipCode>
<StreetAddress><![CDATA[3003 South State Street]]></StreetAddress>
<CountryCode>US</CountryCode>
<CountryName>United States</CountryName>
<StateName>Michigan</StateName>
<CountryFlag>1</CountryFlag>
<CONGRESSDISTRICT>12</CONGRESSDISTRICT>
<CONGRESS_DISTRICT_PERF>MI12</CONGRESS_DISTRICT_PERF>
</Performance_Institution>
<ProgramElement>
<Code>7412</Code>
<Text>Advanced Tech Education Prog</Text>
</ProgramElement>
<ProgramReference>
<Code>097Z</Code>
<Text>COVID-19 Impacts on Existing Activities</Text>
</ProgramReference>
<ProgramReference>
<Code>1032</Code>
<Text>ADVANCED TECHNOLOGY EDUCATION</Text>
</ProgramReference>
<ProgramReference>
<Code>9178</Code>
<Text>UNDERGRADUATE EDUCATION</Text>
</ProgramReference>
<ProgramReference>
<Code>9251</Code>
<Text>REU SUPP-Res Exp for Ugrd Supp</Text>
</ProgramReference>
<ProgramReference>
<Code>SMET</Code>
<Text>SCIENCE, MATH, ENG &amp; TECH EDUCATION</Text>
</ProgramReference>
<Appropriation>
<Code>0420</Code>
<Name>NSF Education &amp; Human Resource</Name>
<APP_SYMB_ID>040106</APP_SYMB_ID>
</Appropriation>
<Appropriation>
<Code>0421</Code>
<Name>NSF Education &amp; Human Resource</Name>
<APP_SYMB_ID>040106</APP_SYMB_ID>
</Appropriation>
<Fund>
<Code>04002021DB</Code>
<Name><![CDATA[NSF Education & Human Resource]]></Name>
<FUND_SYMB_ID>040106</FUND_SYMB_ID>
</Fund>
<Fund>
<Code>04002122DB</Code>
<Name><![CDATA[NSF Education & Human Resource]]></Name>
<FUND_SYMB_ID>040106</FUND_SYMB_ID>
</Fund>
<FUND_OBLG>2020~799982</FUND_OBLG>
<FUND_OBLG>2021~16000</FUND_OBLG>
</Award>
</rootTag>
