<?xml version="1.0" encoding="UTF-8"?>
<rootTag>
<Award>
<AwardTitle><![CDATA[Collagen fibril structure, surface charge and vascular calcification]]></AwardTitle>
<AGENCY>NSF</AGENCY>
<AwardEffectiveDate>06/01/2020</AwardEffectiveDate>
<AwardExpirationDate>05/31/2023</AwardExpirationDate>
<AwardTotalIntnAmount>330000.00</AwardTotalIntnAmount>
<AwardAmount>442007</AwardAmount>
<AwardInstrument>
<Value>Standard Grant</Value>
</AwardInstrument>
<Organization>
<Code>07020000</Code>
<Directorate>
<Abbreviation>ENG</Abbreviation>
<LongName>Directorate For Engineering</LongName>
</Directorate>
<Division>
<Abbreviation>CBET</Abbreviation>
<LongName>Div Of Chem, Bioeng, Env, &amp; Transp Sys</LongName>
</Division>
</Organization>
<ProgramOfficer>
<SignBlockName>Stephanie George</SignBlockName>
<PO_EMAI>stgeorge@nsf.gov</PO_EMAI>
<PO_PHON>7032927825</PO_PHON>
</ProgramOfficer>
<AbstractNarration><![CDATA[Calcification of soft tissues (e.g. arteries) is a hallmark of several cardiovascular diseases like aortic aneurysms and atherosclerosis. Calcific deposits lead to adverse consequences such as stiffening of arteries and disruption of normal blood flow, often leading to morbidity and mortality. The goal of this project is to understand where calcific deposits are formed in soft tissues. In particular, the investigators will examine how collagen fibrils (present in the extracellular matrix surrounding the cells in the arterial wall) can facilitate pathological calcification. The insights gained will advance our understanding of the fundamental mechanisms governing soft-tissue calcification especially in its early stages. This can help improve cardiovascular outcomes by designing new strategies for early diagnosis and treatment and aid biomaterials development for cardiovascular bioprostheses. In addition to advancing the field of extracellular matrix and vascular biology, the project will help train the next generation of scientists and engineers by providing graduate and undergraduate student(s) with multidisciplinary hands-on research experiences and under-privileged K-8 students with enrichment activities. Furthermore, new education materials and microscopy approaches will be developed to enhance education and research infrastructure for the broader scientific community.&lt;br/&gt;&lt;br/&gt;The goal of this project is to understand the role of the collagen fibril in mediating vascular calcification.  While it is accepted that pathological calcification is mediated by phenotypic switching of vascular smooth muscle cells into a ‘bone-like’ osteogenic phenotype, there is also evidence indicating that in abdominal aortic aneurysms (AAA), a subpopulation of collagen fibrils in the extracellular matrix undergoes a structural change as compared to the native (normal) fibrils. The project’s overall hypothesis is that structurally altered (abnormal) collagen fibrils in AAA serve as the major substrates for calcific deposits due to perturbations in their surface-charge distribution. To test this hypothesis, studies will be conducted at the single fibril level on human AAA tissue, beginning with mapping the micro and macro-calcifications in the excised AAA tissue using micro-computed tomography. The Research Plan is organized under two aims.  The FIRST Aim is to test the hypothesis that structurally altered collagen fibrils in AAA are “hot-spots” for negative charges in the ECM.  Surface potential and surface charge mapping of collagen fibrils in ambient air will be accomplished using Kelvin probe force microscopy (KPFM), a technique available on most commercial AFMs (Atomic Force Microscopes) that has been used for mapping surface potential and surface charge on metals and semiconductors, but is being uniquely applied in this project to the analysis of normal and abnormal fibrils in situ in tissue sections.  Surface charge distribution of collagen fibrils in a fluid environment will be measured using another AFM based approach based on recording force-distance curves, which can map both surface charge and sample topography at high resolution in physiologically relevant fluid environments (e.g. different salt concentrations).  The SECOND AIM is to test the hypothesis that both natural as well as bio-mimetically induced calcific deposits in AAA are localized on structurally altered fibrils. A biomimetic approach will be used to determine if abnormal fibrils can be a cause as well as an effect of vascular calcification. Biomimetic mineralization will be induced in a cell free manner (in mineral-poor regions) using ionic solutions (e.g. dental fluid) that mimic the native ion concentrations in plasma without its biological components and by incubating extracellular vesicles (EV) isolated from cultured cells with decellularized AAA tissue.  Spatial distribution and characterization of calcific deposits will be determined using analytical transmission electron microscopy (TEM) approaches to characterize the size, composition and location of minerals with respect to the collagen fibril at the ultrastructural level.  Abnormal fibrils are expected to be more prone to calcific deposits as compared to normal fibrils both with respect to percent of fibrils mineralized as well as number and size of calcific deposits present per fibril, and a similar trend is expected to be observed for biomimetic and naturally induced calcific deposits.&lt;br/&gt;&lt;br/&gt;This award reflects NSF's statutory mission and has been deemed worthy of support through evaluation using the Foundation's intellectual merit and broader impacts review criteria.]]></AbstractNarration>
<MinAmdLetterDate>05/06/2020</MinAmdLetterDate>
<MaxAmdLetterDate>06/30/2021</MaxAmdLetterDate>
<ARRAAmount/>
<TRAN_TYPE>Grant</TRAN_TYPE>
<CFDA_NUM>47.041</CFDA_NUM>
<NSF_PAR_USE_FLAG>1</NSF_PAR_USE_FLAG>
<FUND_AGCY_CODE>4900</FUND_AGCY_CODE>
<AWDG_AGCY_CODE>4900</AWDG_AGCY_CODE>
<AwardID>2000469</AwardID>
<Investigator>
<FirstName>Gunjan</FirstName>
<LastName>Agarwal</LastName>
<PI_MID_INIT/>
<PI_SUFX_NAME/>
<PI_FULL_NAME>Gunjan Agarwal</PI_FULL_NAME>
<EmailAddress><![CDATA[agarwal.60@osu.edu]]></EmailAddress>
<NSF_ID>000180291</NSF_ID>
<StartDate>05/06/2020</StartDate>
<EndDate/>
<RoleCode>Principal Investigator</RoleCode>
</Investigator>
<Institution>
<Name>Ohio State University</Name>
<CityName>COLUMBUS</CityName>
<ZipCode>432101016</ZipCode>
<PhoneNumber>6146888735</PhoneNumber>
<StreetAddress>1960 KENNY RD</StreetAddress>
<StreetAddress2/>
<CountryName>United States</CountryName>
<StateName>Ohio</StateName>
<StateCode>OH</StateCode>
<CONGRESSDISTRICT>03</CONGRESSDISTRICT>
<CONGRESS_DISTRICT_ORG>OH03</CONGRESS_DISTRICT_ORG>
<ORG_UEI_NUM>DLWBSLWAJWR1</ORG_UEI_NUM>
<ORG_LGL_BUS_NAME>OHIO STATE UNIVERSITY, THE</ORG_LGL_BUS_NAME>
<ORG_PRNT_UEI_NUM>MN4MDDMN8529</ORG_PRNT_UEI_NUM>
</Institution>
<Performance_Institution>
<Name><![CDATA[Ohio State University]]></Name>
<CityName/>
<StateCode>OH</StateCode>
<ZipCode>432101016</ZipCode>
<StreetAddress/>
<CountryCode>US</CountryCode>
<CountryName>United States</CountryName>
<StateName>Ohio</StateName>
<CountryFlag>1</CountryFlag>
<CONGRESSDISTRICT>03</CONGRESSDISTRICT>
<CONGRESS_DISTRICT_PERF>OH03</CONGRESS_DISTRICT_PERF>
</Performance_Institution>
<ProgramElement>
<Code>1504</Code>
<Text>GOALI-Grnt Opp Acad Lia wIndus</Text>
</ProgramElement>
<ProgramElement>
<Code>5345</Code>
<Text>Engineering of Biomed Systems</Text>
</ProgramElement>
<ProgramReference>
<Code>019Z</Code>
<Text>Grad Prep APG:Enhan. Experience</Text>
</ProgramReference>
<ProgramReference>
<Code>1504</Code>
<Text>GRANT OPP FOR ACAD LIA W/INDUS</Text>
</ProgramReference>
<ProgramReference>
<Code>9102</Code>
<Text>WOMEN, MINORITY, DISABLED, NEC</Text>
</ProgramReference>
<ProgramReference>
<Code>9251</Code>
<Text>REU SUPP-Res Exp for Ugrd Supp</Text>
</ProgramReference>
<Appropriation>
<Code>0120</Code>
<Name>NSF RESEARCH &amp; RELATED ACTIVIT</Name>
<APP_SYMB_ID>040100</APP_SYMB_ID>
</Appropriation>
<Appropriation>
<Code>0121</Code>
<Name>NSF RESEARCH &amp; RELATED ACTIVIT</Name>
<APP_SYMB_ID>040100</APP_SYMB_ID>
</Appropriation>
<Fund>
<Code>01002021DB</Code>
<Name><![CDATA[NSF RESEARCH & RELATED ACTIVIT]]></Name>
<FUND_SYMB_ID>040100</FUND_SYMB_ID>
</Fund>
<Fund>
<Code>01002122DB</Code>
<Name><![CDATA[NSF RESEARCH & RELATED ACTIVIT]]></Name>
<FUND_SYMB_ID>040100</FUND_SYMB_ID>
</Fund>
<FUND_OBLG>2020~330000</FUND_OBLG>
<FUND_OBLG>2021~112007</FUND_OBLG>
</Award>
</rootTag>
