<?xml version="1.0" encoding="UTF-8"?>
<rootTag>
<Award>
<AwardTitle><![CDATA[Developing Pathways to Engineering Technology Careers]]></AwardTitle>
<AGENCY>NSF</AGENCY>
<AwardEffectiveDate>08/01/2020</AwardEffectiveDate>
<AwardExpirationDate>07/31/2023</AwardExpirationDate>
<AwardTotalIntnAmount>594293.00</AwardTotalIntnAmount>
<AwardAmount>594293</AwardAmount>
<AwardInstrument>
<Value>Standard Grant</Value>
</AwardInstrument>
<Organization>
<Code>11040100</Code>
<Directorate>
<Abbreviation>EHR</Abbreviation>
<LongName>Direct For Education and Human Resources</LongName>
</Directorate>
<Division>
<Abbreviation>DUE</Abbreviation>
<LongName>Division Of Undergraduate Education</LongName>
</Division>
</Organization>
<ProgramOfficer>
<SignBlockName>Jill Nelson</SignBlockName>
<PO_EMAI>jnelson@nsf.gov</PO_EMAI>
<PO_PHON>7032924359</PO_PHON>
</ProgramOfficer>
<AbstractNarration><![CDATA[To help meet an increased demand for engineering technicians in the Los Angeles, California region, this project will create multiple academic pathways to obtain engineering technician skills and credentials.  These pathways include programs for associate degrees or certificates in software, civil, mechanical, or electrical and computer engineering technology. A summer bridge program will assist high school students in making a successful transition from high school to the new engineering technology programs. The core courses of the academic pathways will use project-based learning to engage students in challenging technical problems and provide opportunities for students to work on their projects in the college’s new makerspace facility.&lt;br/&gt;&lt;br/&gt;The primary goals of this project are to: (1) to help students develop workplace-relevant skills by integrating project-based learning into the curriculum; (2) provide student support services to successfully orient, retain, and matriculate students from underserved populations: (3) create multiple pathways from college to career, via certificate and degree programs in engineering technology, and (4) support academic transfer to four year programs. An on-campus summer bridge program will engage incoming students in engineering projects, provide access to real-world engineering tools and the college’s makerspace, and provide experiential learning in laboratory activities. This project will study the effects of student participation in project-based learning and the summer bridge program on student retention and completion rates in the degree and certificate programs. Disaggregation of the data will be used to understand the impacts on underserved student populations. Lessons learned about best practices for makerspace-facilitated project-based learning will be disseminated to other community colleges through the American Society for Engineering Education conference and the High Impact Technology Exchange Conference. This project is funded by the Advanced Technological Education program that focuses on the education of technicians for the advanced-technology fields that drive the nation's economy.&lt;br/&gt;&lt;br/&gt;This award reflects NSF's statutory mission and has been deemed worthy of support through evaluation using the Foundation's intellectual merit and broader impacts review criteria.]]></AbstractNarration>
<MinAmdLetterDate>04/02/2020</MinAmdLetterDate>
<MaxAmdLetterDate>04/02/2020</MaxAmdLetterDate>
<ARRAAmount/>
<TRAN_TYPE>Grant</TRAN_TYPE>
<CFDA_NUM>47.076</CFDA_NUM>
<NSF_PAR_USE_FLAG>1</NSF_PAR_USE_FLAG>
<FUND_AGCY_CODE>4900</FUND_AGCY_CODE>
<AWDG_AGCY_CODE>4900</AWDG_AGCY_CODE>
<AwardID>2000568</AwardID>
<Investigator>
<FirstName>Martin</FirstName>
<LastName>Mason</LastName>
<PI_MID_INIT/>
<PI_SUFX_NAME/>
<PI_FULL_NAME>Martin Mason</PI_FULL_NAME>
<EmailAddress><![CDATA[mmason@mtsac.edu]]></EmailAddress>
<NSF_ID>000563799</NSF_ID>
<StartDate>04/02/2020</StartDate>
<EndDate/>
<RoleCode>Co-Principal Investigator</RoleCode>
</Investigator>
<Investigator>
<FirstName>eugene</FirstName>
<LastName>mahmoud</LastName>
<PI_MID_INIT>l</PI_MID_INIT>
<PI_SUFX_NAME/>
<PI_FULL_NAME>eugene l mahmoud</PI_FULL_NAME>
<EmailAddress><![CDATA[emahmoud@mtsac.edu]]></EmailAddress>
<NSF_ID>000810445</NSF_ID>
<StartDate>04/02/2020</StartDate>
<EndDate/>
<RoleCode>Principal Investigator</RoleCode>
</Investigator>
<Investigator>
<FirstName>Brandon</FirstName>
<LastName>Saller</LastName>
<PI_MID_INIT/>
<PI_SUFX_NAME/>
<PI_FULL_NAME>Brandon Saller</PI_FULL_NAME>
<EmailAddress><![CDATA[bsaller1@mtsac.edu]]></EmailAddress>
<NSF_ID>000810383</NSF_ID>
<StartDate>04/02/2020</StartDate>
<EndDate/>
<RoleCode>Co-Principal Investigator</RoleCode>
</Investigator>
<Investigator>
<FirstName>Carolyn</FirstName>
<LastName>Robinson</LastName>
<PI_MID_INIT>F</PI_MID_INIT>
<PI_SUFX_NAME/>
<PI_FULL_NAME>Carolyn F Robinson</PI_FULL_NAME>
<EmailAddress><![CDATA[crobinson@mtsac.edu]]></EmailAddress>
<NSF_ID>000812028</NSF_ID>
<StartDate>04/02/2020</StartDate>
<EndDate/>
<RoleCode>Co-Principal Investigator</RoleCode>
</Investigator>
<Institution>
<Name>Mount San Antonio College</Name>
<CityName>WALNUT</CityName>
<ZipCode>917891341</ZipCode>
<PhoneNumber>9092745417</PhoneNumber>
<StreetAddress>1100 N GRAND AVE</StreetAddress>
<StreetAddress2/>
<CountryName>United States</CountryName>
<StateName>California</StateName>
<StateCode>CA</StateCode>
<CONGRESSDISTRICT>39</CONGRESSDISTRICT>
<CONGRESS_DISTRICT_ORG>CA39</CONGRESS_DISTRICT_ORG>
<ORG_UEI_NUM>LRMNSGLEVPN4</ORG_UEI_NUM>
<ORG_LGL_BUS_NAME>MT SAN ANTONIO COMMUNITY COLLEGE DISTRICT</ORG_LGL_BUS_NAME>
<ORG_PRNT_UEI_NUM>MJT2SKTWBHA4</ORG_PRNT_UEI_NUM>
</Institution>
<Performance_Institution>
<Name><![CDATA[Mount San Antonio College]]></Name>
<CityName>Walnut</CityName>
<StateCode>CA</StateCode>
<ZipCode>917891399</ZipCode>
<StreetAddress><![CDATA[1100 N Grand Ave]]></StreetAddress>
<CountryCode>US</CountryCode>
<CountryName>United States</CountryName>
<StateName>California</StateName>
<CountryFlag>1</CountryFlag>
<CONGRESSDISTRICT>39</CONGRESSDISTRICT>
<CONGRESS_DISTRICT_PERF>CA39</CONGRESS_DISTRICT_PERF>
</Performance_Institution>
<ProgramElement>
<Code>7412</Code>
<Text>Advanced Tech Education Prog</Text>
</ProgramElement>
<ProgramReference>
<Code>1032</Code>
<Text>ADVANCED TECHNOLOGY EDUCATION</Text>
</ProgramReference>
<ProgramReference>
<Code>9178</Code>
<Text>UNDERGRADUATE EDUCATION</Text>
</ProgramReference>
<ProgramReference>
<Code>SMET</Code>
<Text>SCIENCE, MATH, ENG &amp; TECH EDUCATION</Text>
</ProgramReference>
<Appropriation>
<Code>0420</Code>
<Name>NSF Education &amp; Human Resource</Name>
<APP_SYMB_ID>040106</APP_SYMB_ID>
</Appropriation>
<Fund>
<Code>04002021DB</Code>
<Name><![CDATA[NSF Education & Human Resource]]></Name>
<FUND_SYMB_ID>040106</FUND_SYMB_ID>
</Fund>
<FUND_OBLG>2020~594293</FUND_OBLG>
</Award>
</rootTag>
