<?xml version="1.0" encoding="UTF-8"?>
<rootTag>
<Award>
<AwardTitle>Catalyst Project: Indoor Moving Objects Trajectory Generation and Query Evaluation</AwardTitle>
<AGENCY>NSF</AGENCY>
<AwardEffectiveDate>05/15/2020</AwardEffectiveDate>
<AwardExpirationDate>04/30/2023</AwardExpirationDate>
<AwardTotalIntnAmount>188476.00</AwardTotalIntnAmount>
<AwardAmount>188476</AwardAmount>
<AwardInstrument>
<Value>Standard Grant</Value>
</AwardInstrument>
<Organization>
<Code>11060000</Code>
<Directorate>
<Abbreviation>EHR</Abbreviation>
<LongName>Direct For Education and Human Resources</LongName>
</Directorate>
<Division>
<Abbreviation>HRD</Abbreviation>
<LongName>Division Of Human Resource Development</LongName>
</Division>
</Organization>
<ProgramOfficer>
<SignBlockName>Leroy Jones II</SignBlockName>
<PO_EMAI>ljones@nsf.gov</PO_EMAI>
<PO_PHON>7032924684</PO_PHON>
</ProgramOfficer>
<AbstractNarration>Catalyst Projects provide support for Historically Black Colleges and Universities to work towards establishing research capacity of faculty to strengthen science, technology, engineering and mathematics undergraduate education and research. It is expected that the award will further the faculty member's research capability, improve research and teaching at the institution, and involve undergraduate students in research experiences. This project at Tuskegee University seeks to develop an indoor data-based tracking framework designed to understand the mathematical and technological foundations of indoor data management.  The project provides an opportunity for undergraduate students to enhance their education through research experiences in computer modeling and data management techniques. The researcher has established a strong collaboration with faculty at Auburn University. &lt;br/&gt;&lt;br/&gt;This project will result in the development of a number of indoor query evaluation mechanisms and the techniques to derive the accurate locations of indoor moving items from raw erroneous indoor tracking data. This will improve the accuracy of indoor spatial queries, which can support many indoor high-level applications, including indoor location-based service and hotspot finding.  Novel indoor tracking data management techniques will be devised. The goals of the project are to: 1) implement a simulation toolkit and a prototype system, where many indoor environments and deployment settings will be simulated for performance evaluation;  2) develop and compare a number of machine learning-based location inference methods for accurate trajectory generation in indoor environments; 3) design novel indoor query evaluation algorithms for various  types of queries, in particular spatial query types such as range query and nearest neighbor query; and 4) invent an error model-based approach for indoor object trajectory tracking which is a non-machine learning approach. The results of this research will improve the performance of number of indoor location-based application which will make it easy to locate people and help to guide people to safety during emergency situations.&lt;br/&gt;&lt;br/&gt;This award reflects NSF's statutory mission and has been deemed worthy of support through evaluation using the Foundation's intellectual merit and broader impacts review criteria.</AbstractNarration>
<MinAmdLetterDate>04/30/2020</MinAmdLetterDate>
<MaxAmdLetterDate>03/31/2022</MaxAmdLetterDate>
<ARRAAmount/>
<TRAN_TYPE>Grant</TRAN_TYPE>
<CFDA_NUM>47.076</CFDA_NUM>
<NSF_PAR_USE_FLAG>1</NSF_PAR_USE_FLAG>
<FUND_AGCY_CODE>4900</FUND_AGCY_CODE>
<AWDG_AGCY_CODE>4900</AWDG_AGCY_CODE>
<AwardID>2000348</AwardID>
<Investigator>
<FirstName>Asif</FirstName>
<LastName>Baba</LastName>
<PI_MID_INIT/>
<PI_SUFX_NAME/>
<PI_FULL_NAME>Asif Baba</PI_FULL_NAME>
<EmailAddress>asif.baba@unt.edu</EmailAddress>
<PI_PHON>3347278021</PI_PHON>
<NSF_ID>000711059</NSF_ID>
<StartDate>04/30/2020</StartDate>
<EndDate>03/31/2022</EndDate>
<RoleCode>Former Principal Investigator</RoleCode>
</Investigator>
<Investigator>
<FirstName>Yasmeen</FirstName>
<LastName>Rawajfih</LastName>
<PI_MID_INIT/>
<PI_SUFX_NAME/>
<PI_FULL_NAME>Yasmeen Rawajfih</PI_FULL_NAME>
<EmailAddress>yrawajfih@tuskegee.edu</EmailAddress>
<PI_PHON>3347278195</PI_PHON>
<NSF_ID>000756214</NSF_ID>
<StartDate>03/31/2022</StartDate>
<EndDate/>
<RoleCode>Principal Investigator</RoleCode>
</Investigator>
<Institution>
<Name>Tuskegee University</Name>
<CityName>TUSKEGEE INSTITUTE</CityName>
<ZipCode>360881923</ZipCode>
<PhoneNumber>3347278970</PhoneNumber>
<StreetAddress>1200 W MONTGOMERY RD</StreetAddress>
<StreetAddress2/>
<CountryName>United States</CountryName>
<StateName>Alabama</StateName>
<StateCode>AL</StateCode>
<CONGRESSDISTRICT>03</CONGRESSDISTRICT>
<CONGRESS_DISTRICT_ORG>AL03</CONGRESS_DISTRICT_ORG>
<ORG_UEI_NUM>U9JCYEXFEEU4</ORG_UEI_NUM>
<ORG_LGL_BUS_NAME>TUSKEGEE UNIVERSITY</ORG_LGL_BUS_NAME>
<ORG_PRNT_UEI_NUM>U9JCYEXFEEU4</ORG_PRNT_UEI_NUM>
</Institution>
<Performance_Institution>
<Name><![CDATA[Tuskegee University]]></Name>
<CityName>Tuskegee University</CityName>
<StateCode>AL</StateCode>
<ZipCode>368031963</ZipCode>
<StreetAddress/>
<CountryCode>US</CountryCode>
<CountryName>United States</CountryName>
<StateName>Alabama</StateName>
<CountryFlag>1</CountryFlag>
<CONGRESSDISTRICT>03</CONGRESSDISTRICT>
<CONGRESS_DISTRICT_PERF>AL03</CONGRESS_DISTRICT_PERF>
</Performance_Institution>
<ProgramElement>
<Code>1594</Code>
<Text>Hist Black Colleges and Univ</Text>
</ProgramElement>
<ProgramReference>
<Code>9150</Code>
<Text>EXP PROG TO STIM COMP RES</Text>
</ProgramReference>
<ProgramReference>
<Code>9178</Code>
<Text>UNDERGRADUATE EDUCATION</Text>
</ProgramReference>
<Appropriation>
<Code>0420</Code>
<Name>NSF Education &amp; Human Resource</Name>
<APP_SYMB_ID>040106</APP_SYMB_ID>
</Appropriation>
<Fund>
<Code>04002021DB</Code>
<Name><![CDATA[NSF Education & Human Resource]]></Name>
<FUND_SYMB_ID>040106</FUND_SYMB_ID>
</Fund>
<FUND_OBLG>2020~188476</FUND_OBLG>
</Award>
</rootTag>
