<?xml version="1.0" encoding="UTF-8"?>
<rootTag>
<Award>
<AwardTitle>An Upper Midwest Commutative Algebra Conference</AwardTitle>
<AGENCY>NSF</AGENCY>
<AwardEffectiveDate>05/15/2020</AwardEffectiveDate>
<AwardExpirationDate>04/30/2023</AwardExpirationDate>
<AwardTotalIntnAmount>15995.00</AwardTotalIntnAmount>
<AwardAmount>15995</AwardAmount>
<AwardInstrument>
<Value>Standard Grant</Value>
</AwardInstrument>
<Organization>
<Code>03040000</Code>
<Directorate>
<Abbreviation>MPS</Abbreviation>
<LongName>Direct For Mathematical &amp; Physical Scien</LongName>
</Directorate>
<Division>
<Abbreviation>DMS</Abbreviation>
<LongName>Division Of Mathematical Sciences</LongName>
</Division>
</Organization>
<ProgramOfficer>
<SignBlockName>Sandra Spiroff</SignBlockName>
<PO_EMAI>sspiroff@nsf.gov</PO_EMAI>
<PO_PHON>7032928069</PO_PHON>
</ProgramOfficer>
<AbstractNarration>This award provides funding for two small regional conferences that will continue to rotate among the three host institutions: Iowa State University, the University of Minnesota, and the University of Wisconsin. These conferences promote a broad view of commutative algebra, inspiring conversations, and collaborations between different areas of algebra. This is a continuation of a conference series, with two meetings each at Minnesota and Wisconsin between 2015 and 2017. After a brief hiatus, Iowa State University will join the rotation, hosting the conference in 2020 before the event returns to Minnesota in 2021. &lt;br/&gt; &lt;br/&gt; &lt;br/&gt;Commutative algebra  is filled with connections to other areas, including: algebraic geometry, algebraic topology, combinatorics, number theory, applied algebra, representation theory, computational algebra, and more.  The conference series supported by this award promotes a broad view of commutative algebra, helping connect it with the research environments in the mathematics departments involved.&lt;br/&gt;Information about the conference will be found at http://www-users.math.umn.edu/~cberkesc/CA/CA.html&lt;br/&gt;&lt;br/&gt;This award reflects NSF's statutory mission and has been deemed worthy of support through evaluation using the Foundation's intellectual merit and broader impacts review criteria.</AbstractNarration>
<MinAmdLetterDate>01/02/2020</MinAmdLetterDate>
<MaxAmdLetterDate>01/02/2020</MaxAmdLetterDate>
<ARRAAmount/>
<TRAN_TYPE>Grant</TRAN_TYPE>
<CFDA_NUM>47.049</CFDA_NUM>
<NSF_PAR_USE_FLAG>1</NSF_PAR_USE_FLAG>
<FUND_AGCY_CODE>4900</FUND_AGCY_CODE>
<AWDG_AGCY_CODE>4900</AWDG_AGCY_CODE>
<AwardID>2000390</AwardID>
<Investigator>
<FirstName>Jason</FirstName>
<LastName>McCullough</LastName>
<PI_MID_INIT/>
<PI_SUFX_NAME/>
<PI_FULL_NAME>Jason McCullough</PI_FULL_NAME>
<EmailAddress>jmccullo@iastate.edu</EmailAddress>
<PI_PHON>5152948150</PI_PHON>
<NSF_ID>000756566</NSF_ID>
<StartDate>01/02/2020</StartDate>
<EndDate/>
<RoleCode>Principal Investigator</RoleCode>
</Investigator>
<Institution>
<Name>Iowa State University</Name>
<CityName>AMES</CityName>
<ZipCode>500112105</ZipCode>
<PhoneNumber>5152945225</PhoneNumber>
<StreetAddress>515 MORRILL RD, 1350 BEARDSHEAR</StreetAddress>
<StreetAddress2/>
<CountryName>United States</CountryName>
<StateName>Iowa</StateName>
<StateCode>IA</StateCode>
<CONGRESSDISTRICT>04</CONGRESSDISTRICT>
<CONGRESS_DISTRICT_ORG>IA04</CONGRESS_DISTRICT_ORG>
<ORG_UEI_NUM>DQDBM7FGJPC5</ORG_UEI_NUM>
<ORG_LGL_BUS_NAME>IOWA STATE UNIVERSITY OF SCIENCE AND TECHNOLOGY</ORG_LGL_BUS_NAME>
<ORG_PRNT_UEI_NUM>DQDBM7FGJPC5</ORG_PRNT_UEI_NUM>
</Institution>
<Performance_Institution>
<Name><![CDATA[Iowa State University]]></Name>
<CityName/>
<StateCode>IA</StateCode>
<ZipCode>500112207</ZipCode>
<StreetAddress/>
<CountryCode>US</CountryCode>
<CountryName>United States</CountryName>
<StateName>Iowa</StateName>
<CountryFlag>1</CountryFlag>
<CONGRESSDISTRICT>04</CONGRESSDISTRICT>
<CONGRESS_DISTRICT_PERF>IA04</CONGRESS_DISTRICT_PERF>
</Performance_Institution>
<ProgramElement>
<Code>1264</Code>
<Text>ALGEBRA,NUMBER THEORY,AND COM</Text>
</ProgramElement>
<ProgramReference>
<Code>7556</Code>
<Text>CONFERENCE AND WORKSHOPS</Text>
</ProgramReference>
<Appropriation>
<Code>0120</Code>
<Name>NSF RESEARCH &amp; RELATED ACTIVIT</Name>
<APP_SYMB_ID>040100</APP_SYMB_ID>
</Appropriation>
<Fund>
<Code>01002021DB</Code>
<Name><![CDATA[NSF RESEARCH & RELATED ACTIVIT]]></Name>
<FUND_SYMB_ID>040100</FUND_SYMB_ID>
</Fund>
<FUND_OBLG>2020~15995</FUND_OBLG>
</Award>
</rootTag>
