<?xml version="1.0" encoding="UTF-8"?>
<rootTag>
<Award>
<AwardTitle>Conference: Integrable systems in geometry and mathematical physics; July 13-17, 2020; Trieste, Italy</AwardTitle>
<AGENCY>NSF</AGENCY>
<AwardEffectiveDate>03/01/2020</AwardEffectiveDate>
<AwardExpirationDate>02/28/2023</AwardExpirationDate>
<AwardTotalIntnAmount>25000.00</AwardTotalIntnAmount>
<AwardAmount>25000</AwardAmount>
<AwardInstrument>
<Value>Standard Grant</Value>
</AwardInstrument>
<Organization>
<Code>03040000</Code>
<Directorate>
<Abbreviation>MPS</Abbreviation>
<LongName>Direct For Mathematical &amp; Physical Scien</LongName>
</Directorate>
<Division>
<Abbreviation>DMS</Abbreviation>
<LongName>Division Of Mathematical Sciences</LongName>
</Division>
</Organization>
<ProgramOfficer>
<SignBlockName>Joanna Kania-Bartoszynska</SignBlockName>
<PO_EMAI>jkaniaba@nsf.gov</PO_EMAI>
<PO_PHON>7032924881</PO_PHON>
</ProgramOfficer>
<AbstractNarration>The Conference Integrable Systems in Geometry and Mathematical Physics will be organized at SISSA, Trieste, Italy, July 13-17, 2020.  It is a satellite event to the 8th European Congress of Mathematics:  https://www.8ecm.si/program/satellite-events. The venue of the conference, SISSA is one of the leading European research universities, situated in Trieste, which is one of the most important scientific hubs in Italy.  The meeting will focus on the most recent developments at the crossroads of geometry and dynamical systems, with a special focus on integrable systems and applications to mathematical physics. The notion of integrable system in classical mechanics dates back to Joseph Liouville (1809-1882) and has an illustrious and long history. The modern resurgence of activity was initiated  by the analysis of soliton solutions of nonlinear wave equations like the Korteweg deVries and Kadomtsev-Petviashvili equations. The conference aims to bring together both leading mathematicians that have contributed and are contributing to the success and dissemination of methods and ideas originating from integrable systems in all areas of mathematics and physics and also junior researchers and graduate students who should take over the lead in this fascinating field in the near future.&lt;br/&gt;&lt;br/&gt;The renewed interest in integrable systems brought along the invention and development of far reaching solution techniques, including the inverse scattering method and the Sato-Segal-Wilson theory of infinite Grassmannians. The notion of integrable systems has since expanded considerably and often refers to a wide range of techniques. The development of techniques and new classes of integrable models has both cross-fertilized and received input from distant areas of mathematics and physics.  There will be two types of presentations: (i) 25-30  plenary talks by leading specialists in the fields of geometry, dynamics, and integrability. (ii) Poster session mostly for young researchers working in the fields, with 10 minutes introductory oral presentation for each of them. The scientific background of the conference is based on relationships between several popular areas of research. Thus, it has a potential to attract young mathematicians,  minorities and women to participate in exciting cross-disciplinary research and look for new applications of their research in other fields of science. The results of this event will be disseminated by the participants from around the world. https://indico.sissa.it/event/41/&lt;br/&gt;&lt;br/&gt;This award reflects NSF's statutory mission and has been deemed worthy of support through evaluation using the Foundation's intellectual merit and broader impacts review criteria.</AbstractNarration>
<MinAmdLetterDate>12/20/2019</MinAmdLetterDate>
<MaxAmdLetterDate>12/20/2019</MaxAmdLetterDate>
<ARRAAmount/>
<TRAN_TYPE>Grant</TRAN_TYPE>
<CFDA_NUM>47.049</CFDA_NUM>
<NSF_PAR_USE_FLAG>1</NSF_PAR_USE_FLAG>
<FUND_AGCY_CODE>4900</FUND_AGCY_CODE>
<AWDG_AGCY_CODE>4900</AWDG_AGCY_CODE>
<AwardID>2000628</AwardID>
<Investigator>
<FirstName>Vladimir</FirstName>
<LastName>Dragovic</LastName>
<PI_MID_INIT/>
<PI_SUFX_NAME/>
<PI_FULL_NAME>Vladimir Dragovic</PI_FULL_NAME>
<EmailAddress>Vladimir.Dragovic@utdallas.edu</EmailAddress>
<PI_PHON>9728836694</PI_PHON>
<NSF_ID>000628304</NSF_ID>
<StartDate>12/20/2019</StartDate>
<EndDate/>
<RoleCode>Principal Investigator</RoleCode>
</Investigator>
<Institution>
<Name>University of Texas at Dallas</Name>
<CityName>RICHARDSON</CityName>
<ZipCode>750801407</ZipCode>
<PhoneNumber>9728832313</PhoneNumber>
<StreetAddress>800 W CAMPBELL RD</StreetAddress>
<StreetAddress2/>
<CountryName>United States</CountryName>
<StateName>Texas</StateName>
<StateCode>TX</StateCode>
<CONGRESSDISTRICT>03</CONGRESSDISTRICT>
<CONGRESS_DISTRICT_ORG>TX03</CONGRESS_DISTRICT_ORG>
<ORG_UEI_NUM>EJCVPNN1WFS5</ORG_UEI_NUM>
<ORG_LGL_BUS_NAME>UNIVERSITY OF TEXAS AT DALLAS</ORG_LGL_BUS_NAME>
<ORG_PRNT_UEI_NUM>X5NKD2NFF2V3</ORG_PRNT_UEI_NUM>
</Institution>
<Performance_Institution>
<Name><![CDATA[SISSA]]></Name>
<CityName>34136 Trieste</CityName>
<StateCode/>
<ZipCode/>
<StreetAddress><![CDATA[via Bonomea, 265]]></StreetAddress>
<CountryCode>IT</CountryCode>
<CountryName>Italy</CountryName>
<StateName>RI REQUIRED</StateName>
<CountryFlag>0</CountryFlag>
<CONGRESSDISTRICT/>
<CONGRESS_DISTRICT_PERF>""</CONGRESS_DISTRICT_PERF>
</Performance_Institution>
<ProgramElement>
<Code>1265</Code>
<Text>GEOMETRIC ANALYSIS</Text>
</ProgramElement>
<ProgramReference>
<Code>7556</Code>
<Text>CONFERENCE AND WORKSHOPS</Text>
</ProgramReference>
<Appropriation>
<Code>0120</Code>
<Name>NSF RESEARCH &amp; RELATED ACTIVIT</Name>
<APP_SYMB_ID>040100</APP_SYMB_ID>
</Appropriation>
<Fund>
<Code>01002021DB</Code>
<Name><![CDATA[NSF RESEARCH & RELATED ACTIVIT]]></Name>
<FUND_SYMB_ID>040100</FUND_SYMB_ID>
</Fund>
<FUND_OBLG>2020~25000</FUND_OBLG>
</Award>
</rootTag>
