<?xml version="1.0" encoding="UTF-8"?>
<rootTag>
<Award>
<AwardTitle>EAGER: Subtle and Harmful: Millisecond-scale Viral Denial of Service (VDoS) Attacks</AwardTitle>
<AGENCY>NSF</AGENCY>
<AwardEffectiveDate>04/01/2020</AwardEffectiveDate>
<AwardExpirationDate>03/31/2023</AwardExpirationDate>
<AwardTotalIntnAmount>200000.00</AwardTotalIntnAmount>
<AwardAmount>200000</AwardAmount>
<AwardInstrument>
<Value>Standard Grant</Value>
</AwardInstrument>
<Organization>
<Code>05050000</Code>
<Directorate>
<Abbreviation>CSE</Abbreviation>
<LongName>Direct For Computer &amp; Info Scie &amp; Enginr</LongName>
</Directorate>
<Division>
<Abbreviation>CNS</Abbreviation>
<LongName>Division Of Computer and Network Systems</LongName>
</Division>
</Organization>
<ProgramOfficer>
<SignBlockName>Daniela Oliveira</SignBlockName>
<PO_EMAI>doliveir@nsf.gov</PO_EMAI>
<PO_PHON>7032924352</PO_PHON>
</ProgramOfficer>
<AbstractNarration>Viral Denial of Service (VDoS) attacks are a new class of attacks that affect the quality of service (QoS) requirements of mission critical web-facing services. These attacks exploit milli-bottlenecks, which are resource saturation conditions of very short duration that result in accumulated queueing delay for resources among inter-dependent components in the n-tier applications used by such services. The attacker can launch this attack by either increasing the rate of submission of job requests (rate of arrival from the service provider's perspective) or by decreasing the rate of job processing (by submitting jobs that are resource intensive). Owing to the very short duration of VDoS attacks (of the order of several milliseconds), they can remain below the detection threshold of typical monitoring tools for traditional denial of service attacks and are, consequently, subtle and stealthy. Nonetheless, they have the potential to cause significant damage. For example, Amazon reported that every 100ms increase in a page load time is correlated to a decrease in sales by 1%; Google requires 99% of its queries to finish within 500ms. This project will investigate the nature and modalities of VDoS attacks and develop mitigation tools to help combat them.  Students at both graduate as well as undergraduate levels will be involved in the research. VDoS experimental data sets as well as tool-sets related to conducting VDoS related experiments will be publicly released.&lt;br/&gt;&lt;br/&gt;The project will proceed along two tasks. First, large-scale experiments will be conducted to evaluate the interactions among the various control parameters of VDoS attacks. This part of the study will identify how VDoS attacks occur, what their external manifestations are and how they can be mathematically modeled such that the tradeoffs between the granularity of attack and damage potential can be fully explored.  Second, based on the knowledge acquired through the first task, detection methods and tools will be developed to reproduce and/or evaluate known millisecond-scale VDoS attacks on a testbed and find new ones. This will then lead to mitigation tools for combating VDoS attacks.&lt;br/&gt;&lt;br/&gt;This award reflects NSF's statutory mission and has been deemed worthy of support through evaluation using the Foundation's intellectual merit and broader impacts review criteria.</AbstractNarration>
<MinAmdLetterDate>01/13/2020</MinAmdLetterDate>
<MaxAmdLetterDate>01/13/2020</MaxAmdLetterDate>
<ARRAAmount/>
<TRAN_TYPE>Grant</TRAN_TYPE>
<CFDA_NUM>47.070</CFDA_NUM>
<NSF_PAR_USE_FLAG>1</NSF_PAR_USE_FLAG>
<FUND_AGCY_CODE>4900</FUND_AGCY_CODE>
<AWDG_AGCY_CODE>4900</AWDG_AGCY_CODE>
<AwardID>2000681</AwardID>
<Investigator>
<FirstName>Qingyang</FirstName>
<LastName>Wang</LastName>
<PI_MID_INIT/>
<PI_SUFX_NAME/>
<PI_FULL_NAME>Qingyang Wang</PI_FULL_NAME>
<EmailAddress>qwang26@lsu.edu</EmailAddress>
<PI_PHON>2255780959</PI_PHON>
<NSF_ID>000686244</NSF_ID>
<StartDate>01/13/2020</StartDate>
<EndDate/>
<RoleCode>Principal Investigator</RoleCode>
</Investigator>
<Institution>
<Name>Louisiana State University</Name>
<CityName>BATON ROUGE</CityName>
<ZipCode>708030001</ZipCode>
<PhoneNumber>2255782760</PhoneNumber>
<StreetAddress>202 HIMES HALL</StreetAddress>
<StreetAddress2/>
<CountryName>United States</CountryName>
<StateName>Louisiana</StateName>
<StateCode>LA</StateCode>
<CONGRESSDISTRICT>06</CONGRESSDISTRICT>
<CONGRESS_DISTRICT_ORG>LA06</CONGRESS_DISTRICT_ORG>
<ORG_UEI_NUM>ECQEYCHRNKJ4</ORG_UEI_NUM>
<ORG_LGL_BUS_NAME>LOUISIANA STATE UNIVERSITY</ORG_LGL_BUS_NAME>
<ORG_PRNT_UEI_NUM>Z7ZNZH7LJ778</ORG_PRNT_UEI_NUM>
</Institution>
<Performance_Institution>
<Name><![CDATA[Louisiana State University and A&M College]]></Name>
<CityName>Baton Rouge</CityName>
<StateCode>LA</StateCode>
<ZipCode>708030100</ZipCode>
<StreetAddress/>
<CountryCode>US</CountryCode>
<CountryName>United States</CountryName>
<StateName>Louisiana</StateName>
<CountryFlag>1</CountryFlag>
<CONGRESSDISTRICT>06</CONGRESSDISTRICT>
<CONGRESS_DISTRICT_PERF>LA06</CONGRESS_DISTRICT_PERF>
</Performance_Institution>
<ProgramElement>
<Code>8060</Code>
<Text>Secure &amp;Trustworthy Cyberspace</Text>
</ProgramElement>
<ProgramReference>
<Code>025Z</Code>
<Text>SaTC: Secure and Trustworthy Cyberspace</Text>
</ProgramReference>
<ProgramReference>
<Code>7916</Code>
<Text>EAGER</Text>
</ProgramReference>
<ProgramReference>
<Code>9150</Code>
<Text>EXP PROG TO STIM COMP RES</Text>
</ProgramReference>
<Appropriation>
<Code>0120</Code>
<Name>NSF RESEARCH &amp; RELATED ACTIVIT</Name>
<APP_SYMB_ID>040100</APP_SYMB_ID>
</Appropriation>
<Fund>
<Code>01002021DB</Code>
<Name><![CDATA[NSF RESEARCH & RELATED ACTIVIT]]></Name>
<FUND_SYMB_ID>040100</FUND_SYMB_ID>
</Fund>
<FUND_OBLG>2020~200000</FUND_OBLG>
</Award>
</rootTag>
