<?xml version="1.0" encoding="UTF-8"?>
<rootTag>
<Award>
<AwardTitle>Innovation Networks: The Creation and Diffusion of Gender Equity Ideas in Universities</AwardTitle>
<AGENCY>NSF</AGENCY>
<AwardEffectiveDate>05/01/2020</AwardEffectiveDate>
<AwardExpirationDate>04/30/2023</AwardExpirationDate>
<AwardTotalIntnAmount>1434260.00</AwardTotalIntnAmount>
<AwardAmount>1434260</AwardAmount>
<AwardInstrument>
<Value>Continuing Grant</Value>
</AwardInstrument>
<Organization>
<Code>11060000</Code>
<Directorate>
<Abbreviation>EHR</Abbreviation>
<LongName>Direct For Education and Human Resources</LongName>
</Directorate>
<Division>
<Abbreviation>HRD</Abbreviation>
<LongName>Division Of Human Resource Development</LongName>
</Division>
</Organization>
<ProgramOfficer>
<SignBlockName>Jessie Dearo</SignBlockName>
<PO_EMAI>jdearo@nsf.gov</PO_EMAI>
<PO_PHON>7032925350</PO_PHON>
</ProgramOfficer>
<AbstractNarration>Northeastern University will implement an NSF EHR Core Research (ECR) project that uses a multi-method social network analysis to better understand the evolution, operation, and outcomes of a network of grantees from the NSF-funded ADVANCE program.  The NSF ADVANCE program has made awards since 2001 to promote systemic change that supports gender equity of the academic science, technology, engineering, and math (STEM) workforce. A consequence of the program has been the emergence of a nationwide NSF ADVANCE network of more than 195 universities and STEM organizations, with more than 1,500 individuals. This network includes Principal Investigators (PIs) and co-PIs, project directors and managers, advisory board members, evaluators, STEM faculty at all ranks, and gender and diversity scholars. Many of these participants are, or become, mid- and top-level administrators who potentially spread ideas about how to construct equitable academic workplaces when they move to other institutions, when they serve in various roles on multiple grants, and when they produce scholarship and other publications, therefore extending the reach of the network’s equity-enhancement strategies.  The ECR project will examine how the network has multiplied the NSF’s initial investment through the exchange of ideas among STEM organizations.&lt;br/&gt;&lt;br/&gt;The research project will use a multi-method social network approach to analyze the creation and diffusion of key ideas through the multilayered networks formed through NSF ADVANCE. The project will combine network statistics, textual analysis, and qualitative methods to identify ideas and practices innovated in the network, and patterns and mechanisms of knowledge diffusion. The research will result in an original dataset from multiple sources: grants (dates, type, size, and other general information from the NSF award database), key documents from ADVANCE sites (proposals, reports, and full text conference papers and publications), individuals involved in ADVANCE grants (demographics, bibliometrics, and job histories since 2000), universities (organizational characteristics, for example size, type of institution with Carnegie Classification and IPEDS survey data, and rankings in Best Colleges), and other ADVANCE-related scholarship.  The relational data will include ties created through (a) direct collaboration on grants, (b) serving on advisory boards, (c) working at the same university, (d) co-authoring scholarly papers, and (e) citing scholarly work. We also conduct case studies of six ADVANCE-funded institutions with 18 interviews and 20 interviews with other individuals involved in ADVANCE.  This research will document and offer insight into how the creation, adoption, and diffusion of innovative ideas by this unique network of university leaders and scholars spurs comprehensive change in higher education institutions, including those without NSF ADVANCE grants.  The research will benefit funding agencies and the broader community of higher education professionals who are interested in pursuing equity enhancement in higher education, especially within STEM fields.&lt;br/&gt;&lt;br/&gt;This award reflects NSF's statutory mission and has been deemed worthy of support through evaluation using the Foundation's intellectual merit and broader impacts review criteria.</AbstractNarration>
<MinAmdLetterDate>04/09/2020</MinAmdLetterDate>
<MaxAmdLetterDate>09/02/2021</MaxAmdLetterDate>
<ARRAAmount/>
<TRAN_TYPE>Grant</TRAN_TYPE>
<CFDA_NUM>47.076</CFDA_NUM>
<NSF_PAR_USE_FLAG>1</NSF_PAR_USE_FLAG>
<FUND_AGCY_CODE>4900</FUND_AGCY_CODE>
<AWDG_AGCY_CODE>4900</AWDG_AGCY_CODE>
<AwardID>2000713</AwardID>
<Investigator>
<FirstName>Kathrin</FirstName>
<LastName>Zippel</LastName>
<PI_MID_INIT>S</PI_MID_INIT>
<PI_SUFX_NAME/>
<PI_FULL_NAME>Kathrin S Zippel</PI_FULL_NAME>
<EmailAddress>k.zippel@neu.edu</EmailAddress>
<PI_PHON>6173733852</PI_PHON>
<NSF_ID>000284192</NSF_ID>
<StartDate>04/09/2020</StartDate>
<EndDate/>
<RoleCode>Principal Investigator</RoleCode>
</Investigator>
<Investigator>
<FirstName>Laura</FirstName>
<LastName>Nelson</LastName>
<PI_MID_INIT>K</PI_MID_INIT>
<PI_SUFX_NAME/>
<PI_FULL_NAME>Laura K Nelson</PI_FULL_NAME>
<EmailAddress>l.nelson@northeastern.edu</EmailAddress>
<PI_PHON>3077607281</PI_PHON>
<NSF_ID>000779092</NSF_ID>
<StartDate>04/09/2020</StartDate>
<EndDate/>
<RoleCode>Co-Principal Investigator</RoleCode>
</Investigator>
<Institution>
<Name>Northeastern University</Name>
<CityName>BOSTON</CityName>
<ZipCode>021155005</ZipCode>
<PhoneNumber>6173733004</PhoneNumber>
<StreetAddress>360 HUNTINGTON AVE</StreetAddress>
<StreetAddress2/>
<CountryName>United States</CountryName>
<StateName>Massachusetts</StateName>
<StateCode>MA</StateCode>
<CONGRESSDISTRICT>07</CONGRESSDISTRICT>
<CONGRESS_DISTRICT_ORG>MA07</CONGRESS_DISTRICT_ORG>
<ORG_UEI_NUM>HLTMVS2JZBS6</ORG_UEI_NUM>
<ORG_LGL_BUS_NAME>NORTHEASTERN UNIVERSITY</ORG_LGL_BUS_NAME>
<ORG_PRNT_UEI_NUM>HLTMVS2JZBS6</ORG_PRNT_UEI_NUM>
</Institution>
<Performance_Institution>
<Name><![CDATA[Northeastern University]]></Name>
<CityName>BOSTON</CityName>
<StateCode>MA</StateCode>
<ZipCode>021155005</ZipCode>
<StreetAddress><![CDATA[360 HUNTINGTON AVE]]></StreetAddress>
<CountryCode>US</CountryCode>
<CountryName>United States</CountryName>
<StateName>Massachusetts</StateName>
<CountryFlag>1</CountryFlag>
<CONGRESSDISTRICT>07</CONGRESSDISTRICT>
<CONGRESS_DISTRICT_PERF>MA07</CONGRESS_DISTRICT_PERF>
</Performance_Institution>
<ProgramElement>
<Code>7980</Code>
<Text>ECR-EHR Core Research</Text>
</ProgramElement>
<ProgramReference>
<Code>1544</Code>
<Text>GSE: Research on Gender in S&amp;E</Text>
</ProgramReference>
<ProgramReference>
<Code>8212</Code>
<Text>Broaden Particip STEM Resrch</Text>
</ProgramReference>
<Appropriation>
<Code>0420</Code>
<Name>NSF Education &amp; Human Resource</Name>
<APP_SYMB_ID>040106</APP_SYMB_ID>
</Appropriation>
<Appropriation>
<Code>0421</Code>
<Name>NSF Education &amp; Human Resource</Name>
<APP_SYMB_ID>040106</APP_SYMB_ID>
</Appropriation>
<Fund>
<Code>04002021DB</Code>
<Name><![CDATA[NSF Education & Human Resource]]></Name>
<FUND_SYMB_ID>040106</FUND_SYMB_ID>
</Fund>
<Fund>
<Code>04002122DB</Code>
<Name><![CDATA[NSF Education & Human Resource]]></Name>
<FUND_SYMB_ID>040106</FUND_SYMB_ID>
</Fund>
<FUND_OBLG>2020~990931</FUND_OBLG>
<FUND_OBLG>2021~443329</FUND_OBLG>
</Award>
</rootTag>
