<?xml version="1.0" encoding="UTF-8"?>
<rootTag>
<Award>
<AwardTitle>Improving Pathways into the Geospatial and Unmanned Aircraft Systems Technician Workforce</AwardTitle>
<AGENCY>NSF</AGENCY>
<AwardEffectiveDate>10/01/2020</AwardEffectiveDate>
<AwardExpirationDate>09/30/2023</AwardExpirationDate>
<AwardTotalIntnAmount>561977.00</AwardTotalIntnAmount>
<AwardAmount>561977</AwardAmount>
<AwardInstrument>
<Value>Standard Grant</Value>
</AwardInstrument>
<Organization>
<Code>11040100</Code>
<Directorate>
<Abbreviation>EHR</Abbreviation>
<LongName>Direct For Education and Human Resources</LongName>
</Directorate>
<Division>
<Abbreviation>DUE</Abbreviation>
<LongName>Division Of Undergraduate Education</LongName>
</Division>
</Organization>
<ProgramOfficer>
<SignBlockName>Keith Sverdrup</SignBlockName>
<PO_EMAI>ksverdru@nsf.gov</PO_EMAI>
<PO_PHON>7032924671</PO_PHON>
</ProgramOfficer>
<AbstractNarration>Demand for skilled technicians in geospatial technologies and small unmanned aircraft systems continues to increase as new applications are developed for these emerging technologies. To help meet these demands, this project is designed to increase the number of students who are trained to use these technologies in multiple disciplines. Specifically, Germana Community College will create new academic pathways that provide students with multiple opportunities to enter the technical workforce. Building on previous work, an online version of a course that prepares students for the FAA Remote Pilot Certificate exam will be developed to increase student access and enrollment. Students will learn how to apply geospatial and unmanned aircraft technologies to solve real world problems through service-learning projects that will be integrated into existing courses. The project will also support professional development programs and mentoring to increase the capacity of community college faculty to teach in these technical areas.  By supporting the integration of geospatial and unmanned aircraft systems technologies into community college technical programs, this project has the potential to increase opportunities for students to enter the technical workforce.&lt;br/&gt;&lt;br/&gt;The goals of the project are to: 1) develop new pathways for students at Germana Community College to pursue technical education in geospatial technology and small unmanned aircraft systems; 2) provide faculty professional development  programs  that will prepare community college faculty for implementing courses that will train students in this field; and 3) increase the number and diversity of students in these technical programs through high school outreach activities.  The pathways at Germana Community College will include two stackable certificates that students can use to complete requirements for an Associate of Applied Science degree. To support the new pathways, an online course will be developed that will facilitate completion of the remote pilot certificate. Instructors will assess student learning through knowledge tests and videos of students demonstrating their flying capabilities. The project will offer two faculty institutes to train community college faculty in best practices for implementing curricula relevant to these technologies. Training of faculty will provide hands-on experiences with the technologies using project-based learning that will span different disciplines aligned with participant interests. This project is funded by the Advanced Technological Education program that focuses on the education of technicians for the advanced-technology fields that drive the nation's economy.&lt;br/&gt;&lt;br/&gt;This award reflects NSF's statutory mission and has been deemed worthy of support through evaluation using the Foundation's intellectual merit and broader impacts review criteria.</AbstractNarration>
<MinAmdLetterDate>08/10/2020</MinAmdLetterDate>
<MaxAmdLetterDate>08/10/2020</MaxAmdLetterDate>
<ARRAAmount/>
<TRAN_TYPE>Grant</TRAN_TYPE>
<CFDA_NUM>47.076</CFDA_NUM>
<NSF_PAR_USE_FLAG>1</NSF_PAR_USE_FLAG>
<FUND_AGCY_CODE>4900</FUND_AGCY_CODE>
<AWDG_AGCY_CODE>4900</AWDG_AGCY_CODE>
<AwardID>2000715</AwardID>
<Investigator>
<FirstName>John</FirstName>
<LastName>McGee</LastName>
<PI_MID_INIT/>
<PI_SUFX_NAME/>
<PI_FULL_NAME>John McGee</PI_FULL_NAME>
<EmailAddress>jmcg@vt.edu</EmailAddress>
<PI_PHON>5402312428</PI_PHON>
<NSF_ID>000495688</NSF_ID>
<StartDate>08/10/2020</StartDate>
<EndDate/>
<RoleCode>Co-Principal Investigator</RoleCode>
</Investigator>
<Investigator>
<FirstName>David</FirstName>
<LastName>Webb</LastName>
<PI_MID_INIT>E</PI_MID_INIT>
<PI_SUFX_NAME/>
<PI_FULL_NAME>David E Webb</PI_FULL_NAME>
<EmailAddress>davidewebb@outlook.com</EmailAddress>
<PI_PHON>5403149442</PI_PHON>
<NSF_ID>000284572</NSF_ID>
<StartDate>08/10/2020</StartDate>
<EndDate/>
<RoleCode>Co-Principal Investigator</RoleCode>
</Investigator>
<Investigator>
<FirstName>Cheryl</FirstName>
<LastName>Aukland</LastName>
<PI_MID_INIT>A</PI_MID_INIT>
<PI_SUFX_NAME/>
<PI_FULL_NAME>Cheryl A Aukland</PI_FULL_NAME>
<EmailAddress>auklandc@tncc.edu</EmailAddress>
<PI_PHON>7572586592</PI_PHON>
<NSF_ID>000603357</NSF_ID>
<StartDate>08/10/2020</StartDate>
<EndDate/>
<RoleCode>Co-Principal Investigator</RoleCode>
</Investigator>
<Investigator>
<FirstName>Shawn</FirstName>
<LastName>Shields Lyons</LastName>
<PI_MID_INIT>P</PI_MID_INIT>
<PI_SUFX_NAME/>
<PI_FULL_NAME>Shawn P Shields Lyons</PI_FULL_NAME>
<EmailAddress>sshields@germanna.edu</EmailAddress>
<PI_PHON>5408341917</PI_PHON>
<NSF_ID>000811123</NSF_ID>
<StartDate>08/10/2020</StartDate>
<EndDate/>
<RoleCode>Co-Principal Investigator</RoleCode>
</Investigator>
<Investigator>
<FirstName>Chris</FirstName>
<LastName>Carter</LastName>
<PI_MID_INIT>N</PI_MID_INIT>
<PI_SUFX_NAME/>
<PI_FULL_NAME>Chris N Carter</PI_FULL_NAME>
<EmailAddress>cxcarter@odu.edu</EmailAddress>
<PI_PHON>7577665210</PI_PHON>
<NSF_ID>000346442</NSF_ID>
<StartDate>08/10/2020</StartDate>
<EndDate/>
<RoleCode>Principal Investigator</RoleCode>
</Investigator>
<Institution>
<Name>Old Dominion University Research Foundation</Name>
<CityName>NORFOLK</CityName>
<ZipCode>235082561</ZipCode>
<PhoneNumber>7576834293</PhoneNumber>
<StreetAddress>4111 MONARCH WY STE 204</StreetAddress>
<StreetAddress2/>
<CountryName>United States</CountryName>
<StateName>Virginia</StateName>
<StateCode>VA</StateCode>
<CONGRESSDISTRICT>03</CONGRESSDISTRICT>
<CONGRESS_DISTRICT_ORG>VA03</CONGRESS_DISTRICT_ORG>
<ORG_UEI_NUM>DSLXBD7UWRV6</ORG_UEI_NUM>
<ORG_LGL_BUS_NAME>OLD DOMINION UNIVERSITY RESEARCH FOUNDATION</ORG_LGL_BUS_NAME>
<ORG_PRNT_UEI_NUM/>
</Institution>
<Performance_Institution>
<Name><![CDATA[Virginia Space Grant Consortium]]></Name>
<CityName>Hampton</CityName>
<StateCode>VA</StateCode>
<ZipCode>236661513</ZipCode>
<StreetAddress><![CDATA[600 Butler Farm Road]]></StreetAddress>
<CountryCode>US</CountryCode>
<CountryName>United States</CountryName>
<StateName>Virginia</StateName>
<CountryFlag>1</CountryFlag>
<CONGRESSDISTRICT>03</CONGRESSDISTRICT>
<CONGRESS_DISTRICT_PERF>VA03</CONGRESS_DISTRICT_PERF>
</Performance_Institution>
<ProgramElement>
<Code>7412</Code>
<Text>Advanced Tech Education Prog</Text>
</ProgramElement>
<ProgramReference>
<Code>1032</Code>
<Text>ADVANCED TECHNOLOGY EDUCATION</Text>
</ProgramReference>
<ProgramReference>
<Code>9178</Code>
<Text>UNDERGRADUATE EDUCATION</Text>
</ProgramReference>
<ProgramReference>
<Code>SMET</Code>
<Text>SCIENCE, MATH, ENG &amp; TECH EDUCATION</Text>
</ProgramReference>
<Appropriation>
<Code>0420</Code>
<Name>NSF Education &amp; Human Resource</Name>
<APP_SYMB_ID>040106</APP_SYMB_ID>
</Appropriation>
<Fund>
<Code>04002021DB</Code>
<Name><![CDATA[NSF Education & Human Resource]]></Name>
<FUND_SYMB_ID>040106</FUND_SYMB_ID>
</Fund>
<FUND_OBLG>2020~561977</FUND_OBLG>
</Award>
</rootTag>
