<?xml version="1.0" encoding="UTF-8"?>
<rootTag>
<Award>
<AwardTitle>Quantitative Stochastic Homogenization and Renormalization Methods</AwardTitle>
<AGENCY>NSF</AGENCY>
<AwardEffectiveDate>07/01/2020</AwardEffectiveDate>
<AwardExpirationDate>06/30/2023</AwardExpirationDate>
<AwardTotalIntnAmount>340000.00</AwardTotalIntnAmount>
<AwardAmount>340000</AwardAmount>
<AwardInstrument>
<Value>Standard Grant</Value>
</AwardInstrument>
<Organization>
<Code>03040000</Code>
<Directorate>
<Abbreviation>MPS</Abbreviation>
<LongName>Direct For Mathematical &amp; Physical Scien</LongName>
</Directorate>
<Division>
<Abbreviation>DMS</Abbreviation>
<LongName>Division Of Mathematical Sciences</LongName>
</Division>
</Organization>
<ProgramOfficer>
<SignBlockName>Marian Bocea</SignBlockName>
<PO_EMAI>mbocea@nsf.gov</PO_EMAI>
<PO_PHON>7032922595</PO_PHON>
</ProgramOfficer>
<AbstractNarration>This research project is focused on the development of new mathematical ideas and tools for understanding the macroscopic properties of physical systems with many small-scale irregularities. Composite materials, for example, are manufactured by intermingling two or more constituent materials and often have very different physical properties (heat or electrical conduction, for example) from the individual components. Surprisingly, the properties of the composite material are typically not a simple average of those of its components--it matters greatly how the (microscopic) intermingling is arranged. We want to understand precisely how the large number of microscopic interactions give rise to the macroscopic behavior of such systems, to be able to predict the macroscopic properties of the system by carefully looking at the microscopic arrangement of a sample, and to know exactly how large such a sample must be before our predictions are accurate. We proceed by developing and analyzing idealized mathematical models that display the key features and complexity of real physical systems, but still simple enough that they can be studied mathematically. Very often, our models are partial differential equations with stochastic coefficients--that is, the underlying microscopic behavior of the system is assumed to be random--and the goal is to understand the statistics of the system. Our objective is to develop mathematical approaches that are (i) informed by the physics of the systems, (ii) robust--they can help us solve a variety of other, similar problems arising in, for example, statistical physics and probability theory, and (iii) quantitative--they lead to quantitative estimates of the uncertainty and insight into the development of numerical algorithms for simulation and prediction. This project provides research training opportunities for graduate students.&lt;br/&gt;&lt;br/&gt;Obtaining an "averaged" partial differential equation that describes the large-scale behavior of an underlying highly heterogeneous equation with many degrees of freedom (for instance, one with random coefficients) is referred to as "homogenization" in the mathematical literature. The homogenized equation is typically much simpler than the "true" heterogeneous one, and hence easier to work with. It is therefore important to understand precisely how well the homogenized equation approximates the true equation, and this is the goal of homogenization theory. Mathematicians have recently developed a complete quantitative theory of stochastic homogenization for elliptic equations, and this theory has already been shown to have some surprising and important applications to probability theory and statistical mechanics. The present project aims to continue in this direction, by applying and developing homogenization techniques for gradient lattice models and related models in statistical physics, to the study of hypoelliptic diffusions arising in kinetic theory (modeling gases and plasmas) and toward understanding the behavior of diffusions forced by random vector fields.&lt;br/&gt;&lt;br/&gt;This award reflects NSF's statutory mission and has been deemed worthy of support through evaluation using the Foundation's intellectual merit and broader impacts review criteria.</AbstractNarration>
<MinAmdLetterDate>04/09/2020</MinAmdLetterDate>
<MaxAmdLetterDate>04/09/2020</MaxAmdLetterDate>
<ARRAAmount/>
<TRAN_TYPE>Grant</TRAN_TYPE>
<CFDA_NUM>47.049</CFDA_NUM>
<NSF_PAR_USE_FLAG>1</NSF_PAR_USE_FLAG>
<FUND_AGCY_CODE>4900</FUND_AGCY_CODE>
<AWDG_AGCY_CODE>4900</AWDG_AGCY_CODE>
<AwardID>2000200</AwardID>
<Investigator>
<FirstName>Scott</FirstName>
<LastName>Armstrong</LastName>
<PI_MID_INIT/>
<PI_SUFX_NAME/>
<PI_FULL_NAME>Scott Armstrong</PI_FULL_NAME>
<EmailAddress>sa3602@nyu.edu</EmailAddress>
<PI_PHON>2129983001</PI_PHON>
<NSF_ID>000733201</NSF_ID>
<StartDate>04/09/2020</StartDate>
<EndDate/>
<RoleCode>Principal Investigator</RoleCode>
</Investigator>
<Institution>
<Name>New York University</Name>
<CityName>NEW YORK</CityName>
<ZipCode>100121019</ZipCode>
<PhoneNumber>2129982121</PhoneNumber>
<StreetAddress>70 WASHINGTON SQ S</StreetAddress>
<StreetAddress2/>
<CountryName>United States</CountryName>
<StateName>New York</StateName>
<StateCode>NY</StateCode>
<CONGRESSDISTRICT>10</CONGRESSDISTRICT>
<CONGRESS_DISTRICT_ORG>NY10</CONGRESS_DISTRICT_ORG>
<ORG_UEI_NUM>NX9PXMKW5KW8</ORG_UEI_NUM>
<ORG_LGL_BUS_NAME>NEW YORK UNIVERSITY</ORG_LGL_BUS_NAME>
<ORG_PRNT_UEI_NUM>NX9PXMKW5KW8</ORG_PRNT_UEI_NUM>
</Institution>
<Performance_Institution>
<Name><![CDATA[New York University]]></Name>
<CityName>New York</CityName>
<StateCode>NY</StateCode>
<ZipCode>100122331</ZipCode>
<StreetAddress><![CDATA[251 Mercer Street]]></StreetAddress>
<CountryCode>US</CountryCode>
<CountryName>United States</CountryName>
<StateName>New York</StateName>
<CountryFlag>1</CountryFlag>
<CONGRESSDISTRICT>12</CONGRESSDISTRICT>
<CONGRESS_DISTRICT_PERF>NY12</CONGRESS_DISTRICT_PERF>
</Performance_Institution>
<ProgramElement>
<Code>1281</Code>
<Text>ANALYSIS PROGRAM</Text>
</ProgramElement>
<ProgramReference>
<Code>8037</Code>
<Text>Advanced Manufacturing</Text>
</ProgramReference>
<Appropriation>
<Code>0120</Code>
<Name>NSF RESEARCH &amp; RELATED ACTIVIT</Name>
<APP_SYMB_ID>040100</APP_SYMB_ID>
</Appropriation>
<Fund>
<Code>01002021DB</Code>
<Name><![CDATA[NSF RESEARCH & RELATED ACTIVIT]]></Name>
<FUND_SYMB_ID>040100</FUND_SYMB_ID>
</Fund>
<FUND_OBLG>2020~340000</FUND_OBLG>
</Award>
</rootTag>
