<?xml version="1.0" encoding="UTF-8"?>
<rootTag>
<Award>
<AwardTitle><![CDATA[Fostering deep learning, identity, and agency: Minoritized students learning biology in personal and community-relevant contexts]]></AwardTitle>
<AGENCY>NSF</AGENCY>
<AwardEffectiveDate>07/01/2020</AwardEffectiveDate>
<AwardExpirationDate>06/30/2023</AwardExpirationDate>
<AwardTotalIntnAmount>1497278.00</AwardTotalIntnAmount>
<AwardAmount>1497278</AwardAmount>
<AwardInstrument>
<Value>Continuing Grant</Value>
</AwardInstrument>
<Organization>
<Code>11090000</Code>
<Directorate>
<Abbreviation>EHR</Abbreviation>
<LongName>Direct For Education and Human Resources</LongName>
</Directorate>
<Division>
<Abbreviation>DRL</Abbreviation>
<LongName>Division Of Research On Learning</LongName>
</Division>
</Organization>
<ProgramOfficer>
<SignBlockName>Beth Herbel Eisenmann</SignBlockName>
<PO_EMAI>bherbele@nsf.gov</PO_EMAI>
<PO_PHON>7032920000</PO_PHON>
</ProgramOfficer>
<AbstractNarration><![CDATA[Currently, equity remains an elusive goal in science education. Many minority groups continue to be underrepresented in science careers, limiting their opportunities to pursue potential science trajectories and diminishing benefits to society from diverse perspectives. Science learning environments, however, often do not build on or recognize the lives of students resulting in persistent marginalization. This, in turn, can lead minoritized youth to identify negatively with science and decreases their interest and success in science. Drawing on current research about increasing interest in and relevance of science for students, this project will explore how to promote positive identity development and science understandings aligned with the Next Generation Science Standards. The project team will develop and study a learning environment that engages middle school students in addressing health-related problems in their own community. The team will collaborate with seventh grade students, their teachers, and community members to develop community-based science instruction. Students will draw on research within their own communities and use powerful technology tools to explore and explain the underlying biological and environmental causes of these problems. Using these resources, students will also create solutions for their communities. The project will contribute theoretical insights, a set of principles to inform future instructional design, professional development for teachers and will report their findings in journals, conferences, and a project website.&lt;br/&gt;&lt;br/&gt;Using a participatory design approach, this project aims to deepen the understanding of how to support minoritized youth in three interlinked aspects critical for success in school science and beyond: authoring science-linked identities, negotiating science epistemologies, and learning life science core ideas and practices. Through two consecutive implementation studies, the project team will investigate how a set of design principles related to these aspects shapes students’ science-linked identities and understandings of science practices and core disciplinary ideas. They will work in middle school biology classrooms and collaborate with administrators, teachers, students, and community members to design meaningful and consequential instruction for minoritized youth. In particular, they hope to better understand how to support science learning while inviting and integrating multiple epistemologies and student-salient identities. The outcomes will contribute theoretical insights about how interactions between epistemic agency and community-based consequential learning support identity work as well as science understandings; educative instructional materials that can be adapted to other communities and contexts; professional materials that can be used to support enactment of community-based learning environments; and adaptations of materials that can be used in teacher preparation programs. In addition to the materials, dissemination will include research and practitioner publications and presentations, professional development workshops for middle school teachers, and a project website that will make the materials and resources freely available to others.&lt;br/&gt;&lt;br/&gt;This award reflects NSF's statutory mission and has been deemed worthy of support through evaluation using the Foundation's intellectual merit and broader impacts review criteria.]]></AbstractNarration>
<MinAmdLetterDate>06/23/2020</MinAmdLetterDate>
<MaxAmdLetterDate>06/30/2022</MaxAmdLetterDate>
<ARRAAmount/>
<TRAN_TYPE>Grant</TRAN_TYPE>
<CFDA_NUM>47.076</CFDA_NUM>
<NSF_PAR_USE_FLAG>1</NSF_PAR_USE_FLAG>
<FUND_AGCY_CODE>4900</FUND_AGCY_CODE>
<AWDG_AGCY_CODE>4900</AWDG_AGCY_CODE>
<AwardID>2000515</AwardID>
<Investigator>
<FirstName>Frieda</FirstName>
<LastName>Reichsman</LastName>
<PI_MID_INIT/>
<PI_SUFX_NAME/>
<PI_FULL_NAME>Frieda Reichsman</PI_FULL_NAME>
<EmailAddress><![CDATA[freichsman@concord.org]]></EmailAddress>
<NSF_ID>000513730</NSF_ID>
<StartDate>06/23/2020</StartDate>
<EndDate/>
<RoleCode>Co-Principal Investigator</RoleCode>
</Investigator>
<Investigator>
<FirstName>Edna</FirstName>
<LastName>Tan</LastName>
<PI_MID_INIT/>
<PI_SUFX_NAME/>
<PI_FULL_NAME>Edna Tan</PI_FULL_NAME>
<EmailAddress><![CDATA[e_tan@uncg.edu]]></EmailAddress>
<NSF_ID>000528759</NSF_ID>
<StartDate>06/23/2020</StartDate>
<EndDate/>
<RoleCode>Co-Principal Investigator</RoleCode>
</Investigator>
<Investigator>
<FirstName>Ravit</FirstName>
<LastName>Golan Duncan</LastName>
<PI_MID_INIT/>
<PI_SUFX_NAME/>
<PI_FULL_NAME>Ravit Golan Duncan</PI_FULL_NAME>
<EmailAddress><![CDATA[ravit.duncan@gse.rutgers.edu]]></EmailAddress>
<NSF_ID>000312719</NSF_ID>
<StartDate>06/23/2020</StartDate>
<EndDate/>
<RoleCode>Principal Investigator</RoleCode>
</Investigator>
<Institution>
<Name>Rutgers University New Brunswick</Name>
<CityName>NEW BRUNSWICK</CityName>
<ZipCode>089018559</ZipCode>
<PhoneNumber>8489320150</PhoneNumber>
<StreetAddress>3 RUTGERS PLZA</StreetAddress>
<StreetAddress2/>
<CountryName>United States</CountryName>
<StateName>New Jersey</StateName>
<StateCode>NJ</StateCode>
<CONGRESSDISTRICT>06</CONGRESSDISTRICT>
<CONGRESS_DISTRICT_ORG>NJ06</CONGRESS_DISTRICT_ORG>
<ORG_UEI_NUM>M1LVPE5GLSD9</ORG_UEI_NUM>
<ORG_LGL_BUS_NAME>RUTGERS, THE STATE UNIVERSITY OF NEW JERSEY</ORG_LGL_BUS_NAME>
<ORG_PRNT_UEI_NUM>M1LVPE5GLSD9</ORG_PRNT_UEI_NUM>
</Institution>
<Performance_Institution>
<Name><![CDATA[Rutgers Graduate School of Education]]></Name>
<CityName>New Brunswick</CityName>
<StateCode>NJ</StateCode>
<ZipCode>089011183</ZipCode>
<StreetAddress><![CDATA[10 Seminary Place]]></StreetAddress>
<CountryCode>US</CountryCode>
<CountryName>United States</CountryName>
<StateName>New Jersey</StateName>
<CountryFlag>1</CountryFlag>
<CONGRESSDISTRICT>06</CONGRESSDISTRICT>
<CONGRESS_DISTRICT_PERF>NJ06</CONGRESS_DISTRICT_PERF>
</Performance_Institution>
<ProgramElement>
<Code>7980</Code>
<Text>ECR-EHR Core Research</Text>
</ProgramElement>
<ProgramReference>
<Code>8212</Code>
<Text>Broaden Particip STEM Resrch</Text>
</ProgramReference>
<ProgramReference>
<Code>8817</Code>
<Text>STEM Learning &amp; Learning Environments</Text>
</ProgramReference>
<Appropriation>
<Code>0420</Code>
<Name>NSF Education &amp; Human Resource</Name>
<APP_SYMB_ID>040106</APP_SYMB_ID>
</Appropriation>
<Appropriation>
<Code>0422</Code>
<Name>NSF Education &amp; Human Resource</Name>
<APP_SYMB_ID>040106</APP_SYMB_ID>
</Appropriation>
<Fund>
<Code>04002021DB</Code>
<Name><![CDATA[NSF Education & Human Resource]]></Name>
<FUND_SYMB_ID>040106</FUND_SYMB_ID>
</Fund>
<Fund>
<Code>04002223DB</Code>
<Name><![CDATA[NSF Education & Human Resource]]></Name>
<FUND_SYMB_ID>040106</FUND_SYMB_ID>
</Fund>
<FUND_OBLG>2020~1135235</FUND_OBLG>
<FUND_OBLG>2022~362043</FUND_OBLG>
</Award>
</rootTag>
