<?xml version="1.0" encoding="UTF-8"?>
<rootTag>
<Award>
<AwardTitle><![CDATA[Understanding PhD Career Pathways: Transitions and Persistence in the PhD-Prepared STEM Workforce]]></AwardTitle>
<AGENCY>NSF</AGENCY>
<AwardEffectiveDate>08/01/2020</AwardEffectiveDate>
<AwardExpirationDate>07/31/2023</AwardExpirationDate>
<AwardTotalIntnAmount>512509.00</AwardTotalIntnAmount>
<AwardAmount>512509</AwardAmount>
<AwardInstrument>
<Value>Standard Grant</Value>
</AwardInstrument>
<Organization>
<Code>11010000</Code>
<Directorate>
<Abbreviation>EHR</Abbreviation>
<LongName>Direct For Education and Human Resources</LongName>
</Directorate>
<Division>
<Abbreviation>DGE</Abbreviation>
<LongName>Division Of Graduate Education</LongName>
</Division>
</Organization>
<ProgramOfficer>
<SignBlockName>Earnestine Psalmonds</SignBlockName>
<PO_EMAI>eeaster@nsf.gov</PO_EMAI>
<PO_PHON>7032928112</PO_PHON>
</ProgramOfficer>
<AbstractNarration><![CDATA[The Council of Graduate Schools will examine data about science, technology, engineering, and mathematics (STEM) PhD career aspirations and alumni outcomes from a network of 70 diverse U.S. doctoral institutions.  The proposed project will conduct a survey to examine individual and environmental factors that influence retention and persistence in STEM careers and transitions between employment sectors.  The underlying assumption of the project is that individual attributes such as self-efficacy and career values, as well as environmental factors such as organizational climate of the STEM workplace, could explain job transitions and persistence of early- and mid-career STEM doctorate holders. The project will contribute to knowledge about how these individual attributes and perceptions of environmental factors might change with various socialization, acculturation, and professionalization processes during and after the STEM doctoral education is completed. The project responds to recent studies that uncover declining interest in STEM academic careers and decreasing satisfaction with graduate school experiences by empirically documenting how socialization, acculturation, and professionalization activities may affect career progression in the STEM workforce.  The project also isolates potential avenues for policy interventions designed to increase STEM persistence.&lt;br/&gt;&lt;br/&gt;Grounded in career anchor and social cognitive career theory, the study will employ a mixed-methods design to investigate three research questions: (1) How do factors, including participation in various career and professional development activities, as well as prior employment as contingent faculty and/or postdoctoral trainee, explain persistence and transitions of STEM PhD alumni in the STEM professoriate or other STEM workplaces?  (2) How do factors, including participation in various career and professional development activities, as well as prior/current employment as contingent faculty and/or postdoctoral trainee, explain perceptions about organizational climate and culture in STEM fields among doctoral scientists and engineers? and (3) How do individual factors, including participation in various career and professional development activities, as well as prior employment as contingent faculty and/or postdoctoral trainee, as well as perceptions about organizational climate and culture in STEM fields, influence career transitions of STEM PhD alumni and students across employment sectors in and out of STEM fields?   Researchers will conduct a follow-up survey of more than 2,500 alumni and 4,000 student participants in the current Understanding PhD Career Pathways for Program Improvement in STEM project and include semi-structured qualitative interviews of a purposeful sample of survey respondents. Having collected the data, the researchers will run logistic regressions to determine which covariates are most informative for explaining STEM field persistence and transitions. The project will produce data that can guide investments and strategies to support STEM career development.&lt;br/&gt;&lt;br/&gt;This project is supported by the EHR Core Research (ECR) program, STEM professional workforce development theme. ECR funds fundamental research projects that address STEM learning and learning environments, broadening participation in STEM, and STEM workforce development.&lt;br/&gt;&lt;br/&gt;This award reflects NSF's statutory mission and has been deemed worthy of support through evaluation using the Foundation's intellectual merit and broader impacts review criteria.]]></AbstractNarration>
<MinAmdLetterDate>06/22/2020</MinAmdLetterDate>
<MaxAmdLetterDate>09/13/2021</MaxAmdLetterDate>
<ARRAAmount/>
<TRAN_TYPE>Grant</TRAN_TYPE>
<CFDA_NUM>47.076</CFDA_NUM>
<NSF_PAR_USE_FLAG>1</NSF_PAR_USE_FLAG>
<FUND_AGCY_CODE>4900</FUND_AGCY_CODE>
<AWDG_AGCY_CODE>4900</AWDG_AGCY_CODE>
<AwardID>2000750</AwardID>
<Investigator>
<FirstName>Julia</FirstName>
<LastName>Kent</LastName>
<PI_MID_INIT>D</PI_MID_INIT>
<PI_SUFX_NAME/>
<PI_FULL_NAME>Julia D Kent</PI_FULL_NAME>
<EmailAddress><![CDATA[jkent@cgs.nche.edu]]></EmailAddress>
<NSF_ID>000599867</NSF_ID>
<StartDate>06/22/2020</StartDate>
<EndDate/>
<RoleCode>Co-Principal Investigator</RoleCode>
</Investigator>
<Investigator>
<FirstName>Suzanne</FirstName>
<LastName>Ortega</LastName>
<PI_MID_INIT>T</PI_MID_INIT>
<PI_SUFX_NAME/>
<PI_FULL_NAME>Suzanne T Ortega</PI_FULL_NAME>
<EmailAddress><![CDATA[sortega@cgs.nche.edu]]></EmailAddress>
<NSF_ID>000676045</NSF_ID>
<StartDate>06/22/2020</StartDate>
<EndDate/>
<RoleCode>Principal Investigator</RoleCode>
</Investigator>
<Investigator>
<FirstName>Hironao</FirstName>
<LastName>Okahana</LastName>
<PI_MID_INIT/>
<PI_SUFX_NAME/>
<PI_FULL_NAME>Hironao Okahana</PI_FULL_NAME>
<EmailAddress><![CDATA[hokahana@cgs.nche.edu]]></EmailAddress>
<NSF_ID>000692675</NSF_ID>
<StartDate>06/22/2020</StartDate>
<EndDate>09/13/2021</EndDate>
<RoleCode>Former Co-Principal Investigator</RoleCode>
</Investigator>
<Institution>
<Name>Council of Graduate Schools</Name>
<CityName>WASHINGTON</CityName>
<ZipCode>200361110</ZipCode>
<PhoneNumber>2022233791</PhoneNumber>
<StreetAddress>1 DUPONT CIR NW</StreetAddress>
<StreetAddress2/>
<CountryName>United States</CountryName>
<StateName>District of Columbia</StateName>
<StateCode>DC</StateCode>
<CONGRESSDISTRICT>00</CONGRESSDISTRICT>
<CONGRESS_DISTRICT_ORG>DC00</CONGRESS_DISTRICT_ORG>
<ORG_UEI_NUM>CU3UNKJBXGM3</ORG_UEI_NUM>
<ORG_LGL_BUS_NAME>COUNCIL OF GRADUATE SCHOOLS</ORG_LGL_BUS_NAME>
<ORG_PRNT_UEI_NUM/>
</Institution>
<Performance_Institution>
<Name><![CDATA[Council of Graduate Schools]]></Name>
<CityName>Washington</CityName>
<StateCode>DC</StateCode>
<ZipCode>200361146</ZipCode>
<StreetAddress><![CDATA[1 Dupont Circle NW]]></StreetAddress>
<CountryCode>US</CountryCode>
<CountryName>United States</CountryName>
<StateName>District of Columbia</StateName>
<CountryFlag>1</CountryFlag>
<CONGRESSDISTRICT>00</CONGRESSDISTRICT>
<CONGRESS_DISTRICT_PERF>DC00</CONGRESS_DISTRICT_PERF>
</Performance_Institution>
<ProgramElement>
<Code>7980</Code>
<Text>ECR-EHR Core Research</Text>
</ProgramElement>
<ProgramReference>
<Code>8816</Code>
<Text>Workforce Development</Text>
</ProgramReference>
<Appropriation>
<Code>0420</Code>
<Name>NSF Education &amp; Human Resource</Name>
<APP_SYMB_ID>040106</APP_SYMB_ID>
</Appropriation>
<Fund>
<Code>04002021DB</Code>
<Name><![CDATA[NSF Education & Human Resource]]></Name>
<FUND_SYMB_ID>040106</FUND_SYMB_ID>
</Fund>
<FUND_OBLG>2020~512509</FUND_OBLG>
</Award>
</rootTag>
