<?xml version="1.0" encoding="UTF-8"?>
<rootTag>
<Award>
<AwardTitle>Collaborative Research: ECR EIE DCL: The Influence of an Inclusive Climate on STEM Academic Early-Career Outcomes</AwardTitle>
<AGENCY>NSF</AGENCY>
<AwardEffectiveDate>08/01/2020</AwardEffectiveDate>
<AwardExpirationDate>07/31/2023</AwardExpirationDate>
<AwardTotalIntnAmount>907420.00</AwardTotalIntnAmount>
<AwardAmount>963159</AwardAmount>
<AwardInstrument>
<Value>Continuing Grant</Value>
</AwardInstrument>
<Organization>
<Code>11060000</Code>
<Directorate>
<Abbreviation>EHR</Abbreviation>
<LongName>Direct For Education and Human Resources</LongName>
</Directorate>
<Division>
<Abbreviation>HRD</Abbreviation>
<LongName>Division Of Human Resource Development</LongName>
</Division>
</Organization>
<ProgramOfficer>
<SignBlockName>Jessie Dearo</SignBlockName>
<PO_EMAI>jdearo@nsf.gov</PO_EMAI>
<PO_PHON>7032925350</PO_PHON>
</ProgramOfficer>
<AbstractNarration>Researchers from the University of Michigan Ann Arbor will collaborate with researchers from Michigan State University to implement an EHR Core Research (ECR) project.  The project will study how an inclusive educational and workplace climate can affect academic STEM career outcomes, particularly for early-career individuals from underrepresented groups.  The proposers will develop a novel construct of inclusive authorship climate in which intellectual contributions are fully welcomed and valued throughout the research process. The proposers will examine inclusive climate at the levels of the research group, department, and profession, each of which likely shapes career outcomes for underrepresented, early-career STEM scholars.  Ultimately, this project will advance understanding of how to promote diversity, equity, and inclusion in STEM.&lt;br/&gt;&lt;br/&gt;The study builds on the organizational theory of Person-Environment Fit (PE Fit) which claims that career outcomes and attitudes are positively affected by having an organizational environment that is congruent with an individual’s needs, skills, and values.  The proposers argue that for individuals in STEM from underrepresented groups, 'fit' requires an inclusive climate (i.e., an environment that values differences and makes all feel welcome). The researchers will develop, test and implement a survey of 3,500 graduate students, postdoctoral scholars, and assistant professors in four STEM fields for which faculty racial minority representation is low and gender representation is low or moderate: physics, economics, biology, and psychology. Structural equation modeling will quantify differences in the effect of inclusive climate on career outcomes of scholars at three different career stages, in departments with different institutional prestige, and in disciplines with different norms and cultures. An important contribution of this research will be the development of the inclusive authorship climate concept and the development of metrics and survey instruments to measure it.&lt;br/&gt;&lt;br/&gt;This award reflects NSF's statutory mission and has been deemed worthy of support through evaluation using the Foundation's intellectual merit and broader impacts review criteria.</AbstractNarration>
<MinAmdLetterDate>07/02/2020</MinAmdLetterDate>
<MaxAmdLetterDate>08/30/2021</MaxAmdLetterDate>
<ARRAAmount/>
<TRAN_TYPE>Grant</TRAN_TYPE>
<CFDA_NUM>47.076</CFDA_NUM>
<NSF_PAR_USE_FLAG>1</NSF_PAR_USE_FLAG>
<FUND_AGCY_CODE>4900</FUND_AGCY_CODE>
<AWDG_AGCY_CODE>4900</AWDG_AGCY_CODE>
<AwardID>2000579</AwardID>
<Investigator>
<FirstName>Erin</FirstName>
<LastName>Cech</LastName>
<PI_MID_INIT>A</PI_MID_INIT>
<PI_SUFX_NAME/>
<PI_FULL_NAME>Erin A Cech</PI_FULL_NAME>
<EmailAddress>ecech@umich.edu</EmailAddress>
<PI_PHON>4065804063</PI_PHON>
<NSF_ID>000546010</NSF_ID>
<StartDate>07/02/2020</StartDate>
<EndDate/>
<RoleCode>Co-Principal Investigator</RoleCode>
</Investigator>
<Investigator>
<FirstName>Isis</FirstName>
<LastName>Settles</LastName>
<PI_MID_INIT>H</PI_MID_INIT>
<PI_SUFX_NAME/>
<PI_FULL_NAME>Isis H Settles</PI_FULL_NAME>
<EmailAddress>isettles@umich.edu</EmailAddress>
<PI_PHON>7346473809</PI_PHON>
<NSF_ID>000307777</NSF_ID>
<StartDate>07/02/2020</StartDate>
<EndDate/>
<RoleCode>Principal Investigator</RoleCode>
</Investigator>
<Institution>
<Name>Regents of the University of Michigan - Ann Arbor</Name>
<CityName>ANN ARBOR</CityName>
<ZipCode>481091340</ZipCode>
<PhoneNumber>7347636438</PhoneNumber>
<StreetAddress>503 THOMPSON ST</StreetAddress>
<StreetAddress2/>
<CountryName>United States</CountryName>
<StateName>Michigan</StateName>
<StateCode>MI</StateCode>
<CONGRESSDISTRICT>12</CONGRESSDISTRICT>
<CONGRESS_DISTRICT_ORG>MI12</CONGRESS_DISTRICT_ORG>
<ORG_UEI_NUM>GNJ7BBP73WE9</ORG_UEI_NUM>
<ORG_LGL_BUS_NAME>REGENTS OF THE UNIVERSITY OF MICHIGAN</ORG_LGL_BUS_NAME>
<ORG_PRNT_UEI_NUM>GNJ7BBP73WE9</ORG_PRNT_UEI_NUM>
</Institution>
<Performance_Institution>
<Name><![CDATA[University of Michigan]]></Name>
<CityName>Ann Arbor</CityName>
<StateCode>MI</StateCode>
<ZipCode>481091043</ZipCode>
<StreetAddress><![CDATA[University of Michigan, 530 Chur]]></StreetAddress>
<CountryCode>US</CountryCode>
<CountryName>United States</CountryName>
<StateName>Michigan</StateName>
<CountryFlag>1</CountryFlag>
<CONGRESSDISTRICT>12</CONGRESSDISTRICT>
<CONGRESS_DISTRICT_PERF>MI12</CONGRESS_DISTRICT_PERF>
</Performance_Institution>
<ProgramElement>
<Code>016Y</Code>
<Text>ADVANCE</Text>
</ProgramElement>
<ProgramElement>
<Code>7980</Code>
<Text>ECR-EHR Core Research</Text>
</ProgramElement>
<ProgramReference>
<Code>097Z</Code>
<Text>COVID-19 Impacts on Existing Activities</Text>
</ProgramReference>
<ProgramReference>
<Code>1544</Code>
<Text>GSE: Research on Gender in S&amp;E</Text>
</ProgramReference>
<ProgramReference>
<Code>8212</Code>
<Text>Broaden Particip STEM Resrch</Text>
</ProgramReference>
<ProgramReference>
<Code>8817</Code>
<Text>STEM Learning &amp; Learning Environments</Text>
</ProgramReference>
<ProgramReference>
<Code>9178</Code>
<Text>UNDERGRADUATE EDUCATION</Text>
</ProgramReference>
<Appropriation>
<Code>0420</Code>
<Name>NSF Education &amp; Human Resource</Name>
<APP_SYMB_ID>040106</APP_SYMB_ID>
</Appropriation>
<Appropriation>
<Code>0421</Code>
<Name>NSF Education &amp; Human Resource</Name>
<APP_SYMB_ID>040106</APP_SYMB_ID>
</Appropriation>
<Fund>
<Code>04002021DB</Code>
<Name><![CDATA[NSF Education & Human Resource]]></Name>
<FUND_SYMB_ID>040106</FUND_SYMB_ID>
</Fund>
<Fund>
<Code>04002122DB</Code>
<Name><![CDATA[NSF Education & Human Resource]]></Name>
<FUND_SYMB_ID>040106</FUND_SYMB_ID>
</Fund>
<FUND_OBLG>2020~641028</FUND_OBLG>
<FUND_OBLG>2021~322131</FUND_OBLG>
</Award>
</rootTag>
