<?xml version="1.0" encoding="UTF-8"?>
<rootTag>
<Award>
<AwardTitle><![CDATA[A Statistical Framework and Tools for Planning Multilevel Randomized Cost-Effectiveness Trials]]></AwardTitle>
<AGENCY>NSF</AGENCY>
<AwardEffectiveDate>09/01/2020</AwardEffectiveDate>
<AwardExpirationDate>08/31/2023</AwardExpirationDate>
<AwardTotalIntnAmount>1274904.00</AwardTotalIntnAmount>
<AwardAmount>1274904</AwardAmount>
<AwardInstrument>
<Value>Continuing Grant</Value>
</AwardInstrument>
<Organization>
<Code>11090000</Code>
<Directorate>
<Abbreviation>EHR</Abbreviation>
<LongName>Direct For Education and Human Resources</LongName>
</Directorate>
<Division>
<Abbreviation>DRL</Abbreviation>
<LongName>Division Of Research On Learning</LongName>
</Division>
</Organization>
<ProgramOfficer>
<SignBlockName>Finbarr Sloane</SignBlockName>
<PO_EMAI>fsloane@nsf.gov</PO_EMAI>
<PO_PHON>7032928465</PO_PHON>
</ProgramOfficer>
<AbstractNarration><![CDATA[This research project is supported by the EHR Core Research (ECR) program, which supports work that advances fundamental research on STEM learning and learning environments, broadening participation in STEM, and STEM workforce development.&lt;br/&gt;&lt;br/&gt;There continues to be increasing demand for more comprehensive assessments of the impacts of STEM education programs, policies, and practices. In general, cost-effectiveness studies are designed to address this demand by evaluating the comparative performance of alternative programs in terms of both their effectiveness and the cost of producing those effects. Current assessments have dealt almost exclusively with program effects. New and more comprehensive assessment tools are needed to detail not just the effects of STEM programs but also the net cost of producing those impacts across the many organizational levels take make up school systems (classrooms, schools, and districts). This research develops a statistical framework and software that critically enhance the design of multilevel cost-effectiveness studies in STEM areas (estimating and separating costs across these levels). &lt;br/&gt;&lt;br/&gt;The purpose of this study is fourfold: (1) to develop a statistical framework that guides the design of cost-effectiveness studies in terms of power, sample sizes, and minimum detectable effect size (MDES); (2) to assess and substantiate the precision and utility of the resulting formulas through Monte Carlo simulations; (3) to implement the costing formulas in an accessible and user-friendly software program, PowerUp!. In effect generating a new updated version of the software that includes the capacity for multilevel cost effectiveness; and (4) to develop an empirical catalogue of parameter values to guide researchers in the judicious implementation of these analyses. The scope of this project includes a broad range of multilevel designs, including ten of the most common multilevel research designs, and extends them to sensibly include cost effectiveness analyses. Conceptually, these designs vary along three primary dimensions: (1) the number of cluster levels (classrooms, or schools); (2) the level of program assignment; and (3) the level of cost information available. The statistical framework and tools for the effective and efficient design of multisite randomized trials will explicitly address each of these dimensions.&lt;br/&gt;&lt;br/&gt;This award reflects NSF's statutory mission and has been deemed worthy of support through evaluation using the Foundation's intellectual merit and broader impacts review criteria.]]></AbstractNarration>
<MinAmdLetterDate>07/21/2020</MinAmdLetterDate>
<MaxAmdLetterDate>06/27/2022</MaxAmdLetterDate>
<ARRAAmount/>
<TRAN_TYPE>Grant</TRAN_TYPE>
<CFDA_NUM>47.076</CFDA_NUM>
<NSF_PAR_USE_FLAG>1</NSF_PAR_USE_FLAG>
<FUND_AGCY_CODE>4900</FUND_AGCY_CODE>
<AWDG_AGCY_CODE>4900</AWDG_AGCY_CODE>
<AwardID>2000705</AwardID>
<Investigator>
<FirstName>Wei</FirstName>
<LastName>Li</LastName>
<PI_MID_INIT/>
<PI_SUFX_NAME/>
<PI_FULL_NAME>Wei Li</PI_FULL_NAME>
<EmailAddress><![CDATA[wei.li@coe.ufl.edu]]></EmailAddress>
<NSF_ID>000811146</NSF_ID>
<StartDate>07/21/2020</StartDate>
<EndDate/>
<RoleCode>Co-Principal Investigator</RoleCode>
</Investigator>
<Investigator>
<FirstName>Jessaca</FirstName>
<LastName>Spybrook</LastName>
<PI_MID_INIT/>
<PI_SUFX_NAME/>
<PI_FULL_NAME>Jessaca Spybrook</PI_FULL_NAME>
<EmailAddress><![CDATA[jessaca.spybrook@wmich.edu]]></EmailAddress>
<NSF_ID>000585112</NSF_ID>
<StartDate>07/21/2020</StartDate>
<EndDate>12/22/2021</EndDate>
<RoleCode>Former Co-Principal Investigator</RoleCode>
</Investigator>
<Investigator>
<FirstName>Andrea</FirstName>
<LastName>Beach</LastName>
<PI_MID_INIT>L</PI_MID_INIT>
<PI_SUFX_NAME/>
<PI_FULL_NAME>Andrea L Beach</PI_FULL_NAME>
<EmailAddress><![CDATA[andrea.beach@wmich.edu]]></EmailAddress>
<NSF_ID>000321330</NSF_ID>
<StartDate>12/22/2021</StartDate>
<EndDate/>
<RoleCode>Co-Principal Investigator</RoleCode>
</Investigator>
<Investigator>
<FirstName>Nianbo</FirstName>
<LastName>Dong</LastName>
<PI_MID_INIT/>
<PI_SUFX_NAME/>
<PI_FULL_NAME>Nianbo Dong</PI_FULL_NAME>
<EmailAddress><![CDATA[dongnianbo@gmail.com]]></EmailAddress>
<NSF_ID>000655016</NSF_ID>
<StartDate>07/21/2020</StartDate>
<EndDate/>
<RoleCode>Principal Investigator</RoleCode>
</Investigator>
<Investigator>
<FirstName>Benjamin</FirstName>
<LastName>Kelcey</LastName>
<PI_MID_INIT/>
<PI_SUFX_NAME/>
<PI_FULL_NAME>Benjamin Kelcey</PI_FULL_NAME>
<EmailAddress><![CDATA[ben.kelcey@gmail.com]]></EmailAddress>
<NSF_ID>000580154</NSF_ID>
<StartDate>07/21/2020</StartDate>
<EndDate/>
<RoleCode>Co-Principal Investigator</RoleCode>
</Investigator>
<Investigator>
<FirstName>Rebecca</FirstName>
<LastName>Maynard</LastName>
<PI_MID_INIT/>
<PI_SUFX_NAME/>
<PI_FULL_NAME>Rebecca Maynard</PI_FULL_NAME>
<EmailAddress><![CDATA[rmaynard@gse.upenn.edu]]></EmailAddress>
<NSF_ID>000087077</NSF_ID>
<StartDate>07/21/2020</StartDate>
<EndDate/>
<RoleCode>Co-Principal Investigator</RoleCode>
</Investigator>
<Institution>
<Name>University of North Carolina at Chapel Hill</Name>
<CityName>CHAPEL HILL</CityName>
<ZipCode>275995023</ZipCode>
<PhoneNumber>9199663411</PhoneNumber>
<StreetAddress>104 AIRPORT DR STE 2200</StreetAddress>
<StreetAddress2/>
<CountryName>United States</CountryName>
<StateName>North Carolina</StateName>
<StateCode>NC</StateCode>
<CONGRESSDISTRICT>04</CONGRESSDISTRICT>
<CONGRESS_DISTRICT_ORG>NC04</CONGRESS_DISTRICT_ORG>
<ORG_UEI_NUM>D3LHU66KBLD5</ORG_UEI_NUM>
<ORG_LGL_BUS_NAME>UNIVERSITY OF NORTH CAROLINA AT CHAPEL HILL</ORG_LGL_BUS_NAME>
<ORG_PRNT_UEI_NUM>N8DMK1K4C2K5</ORG_PRNT_UEI_NUM>
</Institution>
<Performance_Institution>
<Name><![CDATA[University of North Carolina at Chapel Hill]]></Name>
<CityName>CHAPEL HILL</CityName>
<StateCode>NC</StateCode>
<ZipCode>275991350</ZipCode>
<StreetAddress><![CDATA[104 AIRPORT DR STE 2200]]></StreetAddress>
<CountryCode>US</CountryCode>
<CountryName>United States</CountryName>
<StateName>North Carolina</StateName>
<CountryFlag>1</CountryFlag>
<CONGRESSDISTRICT>04</CONGRESSDISTRICT>
<CONGRESS_DISTRICT_PERF>NC04</CONGRESS_DISTRICT_PERF>
</Performance_Institution>
<ProgramElement>
<Code>7980</Code>
<Text>ECR-EHR Core Research</Text>
</ProgramElement>
<ProgramReference>
<Code>8817</Code>
<Text>STEM Learning &amp; Learning Environments</Text>
</ProgramReference>
<Appropriation>
<Code>0420</Code>
<Name>NSF Education &amp; Human Resource</Name>
<APP_SYMB_ID>040106</APP_SYMB_ID>
</Appropriation>
<Appropriation>
<Code>0422</Code>
<Name>NSF Education &amp; Human Resource</Name>
<APP_SYMB_ID>040106</APP_SYMB_ID>
</Appropriation>
<Fund>
<Code>04002021DB</Code>
<Name><![CDATA[NSF Education & Human Resource]]></Name>
<FUND_SYMB_ID>040106</FUND_SYMB_ID>
</Fund>
<Fund>
<Code>04002223DB</Code>
<Name><![CDATA[NSF Education & Human Resource]]></Name>
<FUND_SYMB_ID>040106</FUND_SYMB_ID>
</Fund>
<FUND_OBLG>2020~849469</FUND_OBLG>
<FUND_OBLG>2022~425435</FUND_OBLG>
</Award>
</rootTag>
