<?xml version="1.0" encoding="UTF-8"?>
<rootTag>
<Award>
<AwardTitle><![CDATA[CSEDI Collaborative Research: Understanding what we see in the lower mantle - mineral physics interpretation of seismic tomographic images]]></AwardTitle>
<AGENCY>NSF</AGENCY>
<AwardEffectiveDate>07/15/2020</AwardEffectiveDate>
<AwardExpirationDate>06/30/2023</AwardExpirationDate>
<AwardTotalIntnAmount>745000.00</AwardTotalIntnAmount>
<AwardAmount>745000</AwardAmount>
<AwardInstrument>
<Value>Continuing Grant</Value>
</AwardInstrument>
<Organization>
<Code>06030000</Code>
<Directorate>
<Abbreviation>GEO</Abbreviation>
<LongName>Directorate For Geosciences</LongName>
</Directorate>
<Division>
<Abbreviation>EAR</Abbreviation>
<LongName>Division Of Earth Sciences</LongName>
</Division>
</Organization>
<ProgramOfficer>
<SignBlockName>Curtis Williams</SignBlockName>
<PO_EMAI>curwilli@nsf.gov</PO_EMAI>
<PO_PHON>7032928202</PO_PHON>
</ProgramOfficer>
<AbstractNarration><![CDATA[Earth’s mantle thermal convection drives plate tectonics. It is at the origin of numerous risks for populations (e.g., earthquakes, volcanic eruptions, tsunamis). This process extracts Earth’s internal heat, notably produced by the crystallization of its core.  The core is ~3,500 km (~2,200 mi) in radius and consists mostly of iron with some nickel.  Its liquid outer shell, the outer core, generates the Earth’s magnetic field. Above the core lies the rocky mantle, a hot layer of mostly solid silicates wrapped into the planet’s crust.  The core-mantle boundary (CMB) is located ~2,900 km (1800 mi) beneath the Earth’s surface. It is a complex and critical boundary. There, heat transfer, from the core to the mantle, constrains the geodynamo and powers mantle convection. Deep patterns of mantle flow are observed by refined seismic imaging above the CMB. These structures still challenge interpretations in terms of mineralogy and thermodynamical state. Here, researchers focus on the mantle system. The multidisciplinary team of computational scientists consists of a mineral physicist, two seismologists, an applied mathematician, and a geodynamicist. It introduces innovative approaches to analyze the origin of mantle structures, including machine learning algorithm. The models are constrained with the latest mineral physics data, obtained at the extreme pressures and temperatures prevailing in Earth’s interior. Gradually, the scientists unveil the origins, compositions, and temperatures of the deep mantle structures. Outcomes of the project, i.e., state-of-the-art methods, software, and databases, will benefit the Earth Science community. The project also provides support for an early career female scientist, and training for four graduate students at Columbia University and Princeton University.&lt;br/&gt;&lt;br/&gt;Here, the researchers use the latest shear (S-) and compressional (P-) wave models obtained by global adjoint tomography, without reference to a 1D spherical model or assumptions of correlations between compressional (VP) and shear velocity (VS) heterogeneities. They also use direct inversion, machine learning algorithms, and the latest mineral physics results on thermoelastic properties of mineral phases undergoing iron spin crossover (ISC). They pay particular attention to the effect of the ISC which disrupts the usual correlation between VS and VP heterogeneities caused by lateral temperature or composition variations. They focus on lower mantle structures, mainly plumes rooted at the CMB and possibly slabs in this region. In the process, they are formatting the mineral physics data on ISCs to make it available through two popular thermochemical and thermoelasticity software/database frameworks – BurnMan and Perple_X – that couple with geodynamic codes. With this software/data infrastructure in place, they run geodynamic simulations to understand the effect of ISC on mantle dynamics. Conversely, results of geodynamic modeling coupled to thermoelasticity data are used to synthesize tomographic images to be compared with observed mantle structures. The know-how generated by this project, i.e., methods, software, databases, and results will be made available through peer-reviewed journals and in specialized web sites, e.g., BurnMan, Perple_X, IRIS, github.&lt;br/&gt;&lt;br/&gt;This award reflects NSF's statutory mission and has been deemed worthy of support through evaluation using the Foundation's intellectual merit and broader impacts review criteria.]]></AbstractNarration>
<MinAmdLetterDate>07/15/2020</MinAmdLetterDate>
<MaxAmdLetterDate>06/28/2022</MaxAmdLetterDate>
<ARRAAmount/>
<TRAN_TYPE>Grant</TRAN_TYPE>
<CFDA_NUM>47.050</CFDA_NUM>
<NSF_PAR_USE_FLAG>1</NSF_PAR_USE_FLAG>
<FUND_AGCY_CODE>4900</FUND_AGCY_CODE>
<AWDG_AGCY_CODE>4900</AWDG_AGCY_CODE>
<AwardID>2000850</AwardID>
<Investigator>
<FirstName>Jacqueline</FirstName>
<LastName>Austermann</LastName>
<PI_MID_INIT/>
<PI_SUFX_NAME/>
<PI_FULL_NAME>Jacqueline Austermann</PI_FULL_NAME>
<EmailAddress><![CDATA[ja3170@columbia.edu]]></EmailAddress>
<NSF_ID>000728791</NSF_ID>
<StartDate>07/15/2020</StartDate>
<EndDate/>
<RoleCode>Co-Principal Investigator</RoleCode>
</Investigator>
<Investigator>
<FirstName>Kui</FirstName>
<LastName>Ren</LastName>
<PI_MID_INIT/>
<PI_SUFX_NAME/>
<PI_FULL_NAME>Kui Ren</PI_FULL_NAME>
<EmailAddress><![CDATA[kr2002@columbia.edu]]></EmailAddress>
<NSF_ID>000497770</NSF_ID>
<StartDate>07/15/2020</StartDate>
<EndDate/>
<RoleCode>Co-Principal Investigator</RoleCode>
</Investigator>
<Investigator>
<FirstName>Goran</FirstName>
<LastName>Ekstrom</LastName>
<PI_MID_INIT/>
<PI_SUFX_NAME/>
<PI_FULL_NAME>Goran Ekstrom</PI_FULL_NAME>
<EmailAddress><![CDATA[ekstrom@ldeo.columbia.edu]]></EmailAddress>
<NSF_ID>000106337</NSF_ID>
<StartDate>07/15/2020</StartDate>
<EndDate/>
<RoleCode>Co-Principal Investigator</RoleCode>
</Investigator>
<Investigator>
<FirstName>Renata</FirstName>
<LastName>Wentzcovitch</LastName>
<PI_MID_INIT>M</PI_MID_INIT>
<PI_SUFX_NAME/>
<PI_FULL_NAME>Renata M Wentzcovitch</PI_FULL_NAME>
<EmailAddress><![CDATA[rmw2150@columbia.edu]]></EmailAddress>
<NSF_ID>000442177</NSF_ID>
<StartDate>07/15/2020</StartDate>
<EndDate/>
<RoleCode>Principal Investigator</RoleCode>
</Investigator>
<Institution>
<Name>Columbia University</Name>
<CityName>NEW YORK</CityName>
<ZipCode>10027</ZipCode>
<PhoneNumber>2128546851</PhoneNumber>
<StreetAddress>202 LOW LIBRARY 535 W 116 ST MC</StreetAddress>
<StreetAddress2/>
<CountryName>United States</CountryName>
<StateName>New York</StateName>
<StateCode>NY</StateCode>
<CONGRESSDISTRICT>10</CONGRESSDISTRICT>
<CONGRESS_DISTRICT_ORG>NY10</CONGRESS_DISTRICT_ORG>
<ORG_UEI_NUM>F4N1QNPB95M4</ORG_UEI_NUM>
<ORG_LGL_BUS_NAME>TRUSTEES OF COLUMBIA UNIVERSITY IN THE CITY OF NEW YORK, THE</ORG_LGL_BUS_NAME>
<ORG_PRNT_UEI_NUM>F4N1QNPB95M4</ORG_PRNT_UEI_NUM>
</Institution>
<Performance_Institution>
<Name><![CDATA[Columbia University]]></Name>
<CityName/>
<StateCode>NY</StateCode>
<ZipCode>100276623</ZipCode>
<StreetAddress/>
<CountryCode>US</CountryCode>
<CountryName>United States</CountryName>
<StateName>New York</StateName>
<CountryFlag>1</CountryFlag>
<CONGRESSDISTRICT>10</CONGRESSDISTRICT>
<CONGRESS_DISTRICT_PERF>NY10</CONGRESS_DISTRICT_PERF>
</Performance_Institution>
<ProgramElement>
<Code>1585</Code>
<Text>STUDIES OF THE EARTHS DEEP INT</Text>
</ProgramElement>
<ProgramReference>
<Code>1031</Code>
<Text>STUDIES OF THE EARTH'S DEEP INTERIOR</Text>
</ProgramReference>
<Appropriation>
<Code/>
<Name/>
<APP_SYMB_ID/>
</Appropriation>
<Appropriation>
<Code/>
<Name/>
<APP_SYMB_ID/>
</Appropriation>
<Fund>
<Code>01002223DB</Code>
<Name><![CDATA[NSF RESEARCH & RELATED ACTIVIT]]></Name>
<FUND_SYMB_ID>040100</FUND_SYMB_ID>
</Fund>
<Fund>
<Code>01002021DB</Code>
<Name><![CDATA[NSF RESEARCH & RELATED ACTIVIT]]></Name>
<FUND_SYMB_ID>040100</FUND_SYMB_ID>
</Fund>
<FUND_OBLG>2020~424000</FUND_OBLG>
<FUND_OBLG>2022~321000</FUND_OBLG>
</Award>
</rootTag>
