<?xml version="1.0" encoding="UTF-8"?>
<rootTag>
<Award>
<AwardTitle><![CDATA[Improving Automotive Technician Training Through a Flexible Industry Apprenticeship Program]]></AwardTitle>
<AGENCY>NSF</AGENCY>
<AwardEffectiveDate>07/01/2020</AwardEffectiveDate>
<AwardExpirationDate>06/30/2023</AwardExpirationDate>
<AwardTotalIntnAmount>288828.00</AwardTotalIntnAmount>
<AwardAmount>288828</AwardAmount>
<AwardInstrument>
<Value>Standard Grant</Value>
</AwardInstrument>
<Organization>
<Code>11040100</Code>
<Directorate>
<Abbreviation>EHR</Abbreviation>
<LongName>Direct For Education and Human Resources</LongName>
</Directorate>
<Division>
<Abbreviation>DUE</Abbreviation>
<LongName>Division Of Undergraduate Education</LongName>
</Division>
</Organization>
<ProgramOfficer>
<SignBlockName>John Jackman</SignBlockName>
<PO_EMAI>jjackman@nsf.gov</PO_EMAI>
<PO_PHON>7032924816</PO_PHON>
</ProgramOfficer>
<AbstractNarration><![CDATA[Demand for skilled automotive technicians continues to grow, providing new opportunities for students to join the technical workforce. As technological innovations in the automotive industry continue to increase rapidly, the education of technicians needs to keep pace. This project will support the development of a flexible apprenticeship program in which students will be concurrently employed by an industry partner and enrolled in an automotive technology program. The proposed “earn and learn” model will engage Columbus State Community College and industry partners in the technical education of automotive technicians. The project will support the upskilling of incumbent workers and recruiting of high school students to increase the number of skilled technicians who can support the automotive industry.&lt;br/&gt;&lt;br/&gt;The goals of this project are to expand the participation of industry in an experiential student learning model and to meet industry’s demand for more automotive technicians by partnering with local dealerships and regional high schools. This project will implement an Automotive Fast Track Apprenticeship program that will be jointly developed with industry partners. Based on an earn and learn model design, the apprenticeship program will include foundational technical coursework and field experience. Outreach efforts to recruit students will focus on three target populations: high school students, current Columbus State students in the automotive program, and incumbent workers in jobs at dealerships. A new financial literacy and professional development workshop will be developed to address topics such as completing a FAFSA, managing personal finances, and acquiring tools as a technician. Automotive technology labs will be upgraded with advanced diagnostic equipment that will help increase the capacity of the labs to accommodate more students and provide students with experiences using the latest technology. The project will use institutional data, surveys, and student interviews to assess the impact of the project on students and industry partners. This project is funded by the Advanced Technological Education program that focuses on the education of technicians for the advanced- technology fields that drive the nation’s economy.&lt;br/&gt;&lt;br/&gt;This award reflects NSF's statutory mission and has been deemed worthy of support through evaluation using the Foundation's intellectual merit and broader impacts review criteria.]]></AbstractNarration>
<MinAmdLetterDate>05/27/2020</MinAmdLetterDate>
<MaxAmdLetterDate>05/27/2020</MaxAmdLetterDate>
<ARRAAmount/>
<TRAN_TYPE>Grant</TRAN_TYPE>
<CFDA_NUM>47.076</CFDA_NUM>
<NSF_PAR_USE_FLAG>1</NSF_PAR_USE_FLAG>
<FUND_AGCY_CODE>4900</FUND_AGCY_CODE>
<AWDG_AGCY_CODE>4900</AWDG_AGCY_CODE>
<AwardID>2000467</AwardID>
<Investigator>
<FirstName>Mark</FirstName>
<LastName>Gerko</LastName>
<PI_MID_INIT/>
<PI_SUFX_NAME/>
<PI_FULL_NAME>Mark Gerko</PI_FULL_NAME>
<EmailAddress><![CDATA[mgerko@cscc.edu]]></EmailAddress>
<NSF_ID>000757158</NSF_ID>
<StartDate>05/27/2020</StartDate>
<EndDate/>
<RoleCode>Co-Principal Investigator</RoleCode>
</Investigator>
<Investigator>
<FirstName>Ian</FirstName>
<LastName>Andrews</LastName>
<PI_MID_INIT>T</PI_MID_INIT>
<PI_SUFX_NAME/>
<PI_FULL_NAME>Ian T Andrews</PI_FULL_NAME>
<EmailAddress><![CDATA[iandrews@cscc.edu]]></EmailAddress>
<NSF_ID>000794793</NSF_ID>
<StartDate>05/27/2020</StartDate>
<EndDate/>
<RoleCode>Principal Investigator</RoleCode>
</Investigator>
<Institution>
<Name>Columbus State Community College</Name>
<CityName>COLUMBUS</CityName>
<ZipCode>432151722</ZipCode>
<PhoneNumber>6142872639</PhoneNumber>
<StreetAddress>550 E SPRING ST</StreetAddress>
<StreetAddress2/>
<CountryName>United States</CountryName>
<StateName>Ohio</StateName>
<StateCode>OH</StateCode>
<CONGRESSDISTRICT>03</CONGRESSDISTRICT>
<CONGRESS_DISTRICT_ORG>OH03</CONGRESS_DISTRICT_ORG>
<ORG_UEI_NUM>H7GFSFHXELW4</ORG_UEI_NUM>
<ORG_LGL_BUS_NAME>COLUMBUS STATE COMMUNITY COLLEGE</ORG_LGL_BUS_NAME>
<ORG_PRNT_UEI_NUM>H7GFSFHXELW4</ORG_PRNT_UEI_NUM>
</Institution>
<Performance_Institution>
<Name><![CDATA[Columbus State Community College]]></Name>
<CityName>Columbus</CityName>
<StateCode>OH</StateCode>
<ZipCode>432151722</ZipCode>
<StreetAddress><![CDATA[550 East Spring St]]></StreetAddress>
<CountryCode>US</CountryCode>
<CountryName>United States</CountryName>
<StateName>Ohio</StateName>
<CountryFlag>1</CountryFlag>
<CONGRESSDISTRICT>03</CONGRESSDISTRICT>
<CONGRESS_DISTRICT_PERF>OH03</CONGRESS_DISTRICT_PERF>
</Performance_Institution>
<ProgramElement>
<Code>7412</Code>
<Text>Advanced Tech Education Prog</Text>
</ProgramElement>
<ProgramReference>
<Code>1032</Code>
<Text>ADVANCED TECHNOLOGY EDUCATION</Text>
</ProgramReference>
<ProgramReference>
<Code>9178</Code>
<Text>UNDERGRADUATE EDUCATION</Text>
</ProgramReference>
<ProgramReference>
<Code>SMET</Code>
<Text>SCIENCE, MATH, ENG &amp; TECH EDUCATION</Text>
</ProgramReference>
<Appropriation>
<Code>0420</Code>
<Name>NSF Education &amp; Human Resource</Name>
<APP_SYMB_ID>040106</APP_SYMB_ID>
</Appropriation>
<Fund>
<Code>04002021DB</Code>
<Name><![CDATA[NSF Education & Human Resource]]></Name>
<FUND_SYMB_ID>040106</FUND_SYMB_ID>
</Fund>
<FUND_OBLG>2020~288828</FUND_OBLG>
</Award>
</rootTag>
