<?xml version="1.0" encoding="UTF-8"?>
<rootTag>
<Award>
<AwardTitle>Homological Invariants in Low Dimensional Topology</AwardTitle>
<AGENCY>NSF</AGENCY>
<AwardEffectiveDate>08/01/2019</AwardEffectiveDate>
<AwardExpirationDate>06/30/2023</AwardExpirationDate>
<AwardTotalIntnAmount>86764.00</AwardTotalIntnAmount>
<AwardAmount>86764</AwardAmount>
<AwardInstrument>
<Value>Standard Grant</Value>
</AwardInstrument>
<Organization>
<Code>03040000</Code>
<Directorate>
<Abbreviation>MPS</Abbreviation>
<LongName>Direct For Mathematical &amp; Physical Scien</LongName>
</Directorate>
<Division>
<Abbreviation>DMS</Abbreviation>
<LongName>Division Of Mathematical Sciences</LongName>
</Division>
</Organization>
<ProgramOfficer>
<SignBlockName>Swatee Naik</SignBlockName>
<PO_EMAI>snaik@nsf.gov</PO_EMAI>
<PO_PHON>7032924876</PO_PHON>
</ProgramOfficer>
<AbstractNarration>This National Science Foundation award supports a project in low dimensional topology, an area of mathematics that studies shapes of three- and four-dimensional spaces. Interestingly, the fundamental problem of understanding and classifying shapes of spaces is more difficult in these lower dimensions compared to higher dimensions. In fact, investigating some of the new phenomena that happen in these dimensions require the use of more modern invariants, or in other words, quantities associated to shapes that can distinguish between those with different properties. This subject is also closely related to knot theory, that is focused on studying the shapes of knotted circles in three-dimensional spaces.  Low dimensional topology and knot theory have various implications in physics (quantum theory), cosmology (the shape of the universe), chemistry (molecular knots) and biology (knotting of DNA and DNA-protein interactions). This project aims to study the shapes of three- and four-dimensional spaces and configurations of knotted circles and surfaces in them using an invariant defined by the PI and her collaborator. In another direction, the PI investigates the relationship between different invariants for knotted circles.  The PI plans to organize seminars and conferences and involve undergraduate students in the combinatorial and computational aspects of this project. &lt;br/&gt;&lt;br/&gt;&lt;br/&gt;Heegaard Floer homology is a collection of algebraic invariants for low dimensional objects (e.g. 3- and 4-manifolds, knots, links, etc.), defined by counting holomorphic disks. In particular, different types of such invariants have been introduced for 3-manifolds with boundary. For example, Eftekhary and the PI defined tangle Floer homology as a generalization of (minus) Heegaard Floer homology. In one direction, this project aims to (1) study embeddings of graphs and homology cobordism group of homology cylinders using tangle Floer homology and (2) introduce invariants for concordances and Seifert surfaces, and get bounds for unknotting number using cobordism maps for tangle Floer homology. In a different direction, the PI intends to (3) give a computationally effective way for detecting handlebodies using bordered Floer homology (different extension of Heegaard Floer invariants for 3-manifolds with boundary defined by Lipshitz-Ozsvath-Thurston) with the hope of providing a new way for detecting homotopically ribbon fibered knots.  This project also proposes to study the properties of an invariant for knots and links, called symplectic sl(n) homology. This invariant is conjecturally equal to sl(n) homology, and the PI plans to (4) investigate spectral sequences for specific involutions in symplectic sl(n) homology and establish a better understanding of this conjecture.&lt;br/&gt;&lt;br/&gt;This award reflects NSF's statutory mission and has been deemed worthy of support through evaluation using the Foundation's intellectual merit and broader impacts review criteria.</AbstractNarration>
<MinAmdLetterDate>11/07/2019</MinAmdLetterDate>
<MaxAmdLetterDate>11/07/2019</MaxAmdLetterDate>
<ARRAAmount/>
<TRAN_TYPE>Grant</TRAN_TYPE>
<CFDA_NUM>47.049</CFDA_NUM>
<NSF_PAR_USE_FLAG>1</NSF_PAR_USE_FLAG>
<FUND_AGCY_CODE>4900</FUND_AGCY_CODE>
<AWDG_AGCY_CODE>4900</AWDG_AGCY_CODE>
<AwardID>2000506</AwardID>
<Investigator>
<FirstName>Akram</FirstName>
<LastName>Alishahi</LastName>
<PI_MID_INIT/>
<PI_SUFX_NAME/>
<PI_FULL_NAME>Akram Alishahi</PI_FULL_NAME>
<EmailAddress>akram.alishahi@uga.edu</EmailAddress>
<PI_PHON>6467501209</PI_PHON>
<NSF_ID>000706973</NSF_ID>
<StartDate>11/07/2019</StartDate>
<EndDate/>
<RoleCode>Principal Investigator</RoleCode>
</Investigator>
<Institution>
<Name>University of Georgia Research Foundation Inc</Name>
<CityName>ATHENS</CityName>
<ZipCode>306021589</ZipCode>
<PhoneNumber>7065425939</PhoneNumber>
<StreetAddress>310 EAST CAMPUS RD TUCKER HALL R</StreetAddress>
<StreetAddress2/>
<CountryName>United States</CountryName>
<StateName>Georgia</StateName>
<StateCode>GA</StateCode>
<CONGRESSDISTRICT>10</CONGRESSDISTRICT>
<CONGRESS_DISTRICT_ORG>GA10</CONGRESS_DISTRICT_ORG>
<ORG_UEI_NUM>NMJHD63STRC5</ORG_UEI_NUM>
<ORG_LGL_BUS_NAME>UNIVERSITY OF GEORGIA RESEARCH FOUNDATION, INC.</ORG_LGL_BUS_NAME>
<ORG_PRNT_UEI_NUM/>
</Institution>
<Performance_Institution>
<Name><![CDATA[University of Georgia]]></Name>
<CityName>Athens</CityName>
<StateCode>GA</StateCode>
<ZipCode>306021589</ZipCode>
<StreetAddress><![CDATA[310 E. Campus Road]]></StreetAddress>
<CountryCode>US</CountryCode>
<CountryName>United States</CountryName>
<StateName>Georgia</StateName>
<CountryFlag>1</CountryFlag>
<CONGRESSDISTRICT>10</CONGRESSDISTRICT>
<CONGRESS_DISTRICT_PERF>GA10</CONGRESS_DISTRICT_PERF>
</Performance_Institution>
<ProgramElement>
<Code>1267</Code>
<Text>TOPOLOGY</Text>
</ProgramElement>
<Appropriation>
<Code>0118</Code>
<Name>NSF RESEARCH &amp; RELATED ACTIVIT</Name>
<APP_SYMB_ID>040100</APP_SYMB_ID>
</Appropriation>
<Fund>
<Code>01001819DB</Code>
<Name><![CDATA[NSF RESEARCH & RELATED ACTIVIT]]></Name>
<FUND_SYMB_ID>040100</FUND_SYMB_ID>
</Fund>
<FUND_OBLG>2018~86764</FUND_OBLG>
</Award>
</rootTag>
