<?xml version="1.0" encoding="UTF-8"?>
<rootTag>
<Award>
<AwardTitle>Broadening Participation in STEM Through Virtual Reality Career Exploration: Introducing Underrepresented Students to High Need STEM Careers</AwardTitle>
<AGENCY>NSF</AGENCY>
<AwardEffectiveDate>07/01/2020</AwardEffectiveDate>
<AwardExpirationDate>06/30/2023</AwardExpirationDate>
<AwardTotalIntnAmount>496963.00</AwardTotalIntnAmount>
<AwardAmount>496963</AwardAmount>
<AwardInstrument>
<Value>Standard Grant</Value>
</AwardInstrument>
<Organization>
<Code>11010000</Code>
<Directorate>
<Abbreviation>EHR</Abbreviation>
<LongName>Direct For Education and Human Resources</LongName>
</Directorate>
<Division>
<Abbreviation>DGE</Abbreviation>
<LongName>Division Of Graduate Education</LongName>
</Division>
</Organization>
<ProgramOfficer>
<SignBlockName>Earnestine Psalmonds</SignBlockName>
<PO_EMAI>eeaster@nsf.gov</PO_EMAI>
<PO_PHON>7032928112</PO_PHON>
</ProgramOfficer>
<AbstractNarration>The project will examine the efficacy of an intervention designed to increase self-efficacy and motivation to pursue STEM careers among rural high school students. Researchers will use a design-based approach to partner with rural school districts to&lt;br/&gt;introduce students to high-need STEM career fields using virtual reality technology and career exploration modules.  They will also guide students in assessing their potential fit for these fields. The researchers hypothesize that student career decision making self-efficacy and career outcome expectations will statistically improve as a result of the intervention. The project will be&lt;br/&gt;implemented in two stages: development of the curriculum modules and then implementation of the intervention&lt;br/&gt;with research being conducted concurrently. The project is designed to broaden participation in the STEM workforce for those in rural communities, particularly women and underrepresented groups, by exposing students and school counselors to potential high-need careers.&lt;br/&gt;&lt;br/&gt;Guided by social cognitive career theory, the researchers will employ an experimental design with randomization within clusters to measure the effectiveness of the intervention by investigating four research questions: (1) What is the magnitude of the&lt;br/&gt;effect of a STEM career exploration intervention using virtual reality technology on student career decision making self-efficacy, career outcome expectations, and knowledge of the targeted careers? (2) How do student inputs of gender, race/ethnicity,&lt;br/&gt;and personality impact the effects of participation in the career intervention on outcomes of career decision making self-efficacy, career outcome expectations, and knowledge of the targeted careers? (3) How does student socio-economic status impact the effects of&lt;br/&gt;participation in the career intervention on outcomes of career decision making self-efficacy, career outcome expectations, and knowledge of the targeted careers? and (4) How do students characterize the effectiveness of the career exploration intervention&lt;br/&gt;in developing their understanding of, and interest in, the target careers? Data will be collected pre- and post-intervention. Additionally, student focus groups will be used to collect data from a representative sample of students from the treatment&lt;br/&gt;condition at each school. The project will produce a proof-of-concept for the efficacy of virtual reality technology in rural educational settings.&lt;br/&gt;&lt;br/&gt;The project is funded by the EHR Core Research (ECR) program that supports fundamental research focused on STEM learning and learning &lt;br/&gt;and learning environments, broadening participation in STEM, and STEM professional workforce development.&lt;br/&gt;&lt;br/&gt;This award reflects NSF's statutory mission and has been deemed worthy of support through evaluation using the Foundation's intellectual merit and broader impacts review criteria.</AbstractNarration>
<MinAmdLetterDate>06/26/2020</MinAmdLetterDate>
<MaxAmdLetterDate>06/26/2020</MaxAmdLetterDate>
<ARRAAmount/>
<TRAN_TYPE>Grant</TRAN_TYPE>
<CFDA_NUM>47.076</CFDA_NUM>
<NSF_PAR_USE_FLAG>1</NSF_PAR_USE_FLAG>
<FUND_AGCY_CODE>4900</FUND_AGCY_CODE>
<AWDG_AGCY_CODE>4900</AWDG_AGCY_CODE>
<AwardID>2000865</AwardID>
<Investigator>
<FirstName>Kara</FirstName>
<LastName>Ieva</LastName>
<PI_MID_INIT/>
<PI_SUFX_NAME/>
<PI_FULL_NAME>Kara Ieva</PI_FULL_NAME>
<EmailAddress>ieva@rowan.edu</EmailAddress>
<PI_PHON>7727083094</PI_PHON>
<NSF_ID>000628256</NSF_ID>
<StartDate>06/26/2020</StartDate>
<EndDate/>
<RoleCode>Co-Principal Investigator</RoleCode>
</Investigator>
<Investigator>
<FirstName>Sarah</FirstName>
<LastName>Ferguson</LastName>
<PI_MID_INIT>L</PI_MID_INIT>
<PI_SUFX_NAME/>
<PI_FULL_NAME>Sarah L Ferguson</PI_FULL_NAME>
<EmailAddress>fergusons@rowan.edu</EmailAddress>
<PI_PHON>8562564057</PI_PHON>
<NSF_ID>000732131</NSF_ID>
<StartDate>06/26/2020</StartDate>
<EndDate/>
<RoleCode>Principal Investigator</RoleCode>
</Investigator>
<Investigator>
<FirstName>Christopher</FirstName>
<LastName>Winkler</LastName>
<PI_MID_INIT>J</PI_MID_INIT>
<PI_SUFX_NAME/>
<PI_FULL_NAME>Christopher J Winkler</PI_FULL_NAME>
<EmailAddress>winkler@rowan.edu</EmailAddress>
<PI_PHON>8562565442</PI_PHON>
<NSF_ID>000810830</NSF_ID>
<StartDate>06/26/2020</StartDate>
<EndDate/>
<RoleCode>Co-Principal Investigator</RoleCode>
</Investigator>
<Institution>
<Name>Rowan University</Name>
<CityName>GLASSBORO</CityName>
<ZipCode>080281700</ZipCode>
<PhoneNumber>8562564057</PhoneNumber>
<StreetAddress>201 MULLICA HILL RD RT 322</StreetAddress>
<StreetAddress2/>
<CountryName>United States</CountryName>
<StateName>New Jersey</StateName>
<StateCode>NJ</StateCode>
<CONGRESSDISTRICT>01</CONGRESSDISTRICT>
<CONGRESS_DISTRICT_ORG>NJ01</CONGRESS_DISTRICT_ORG>
<ORG_UEI_NUM>DMDEQP66JL85</ORG_UEI_NUM>
<ORG_LGL_BUS_NAME>ROWAN UNIVERSITY</ORG_LGL_BUS_NAME>
<ORG_PRNT_UEI_NUM>DMDEQP66JL85</ORG_PRNT_UEI_NUM>
</Institution>
<Performance_Institution>
<Name><![CDATA[Rowan University]]></Name>
<CityName>Glassboro</CityName>
<StateCode>NJ</StateCode>
<ZipCode>080281701</ZipCode>
<StreetAddress><![CDATA[Office of Sponsored Programs]]></StreetAddress>
<CountryCode>US</CountryCode>
<CountryName>United States</CountryName>
<StateName>New Jersey</StateName>
<CountryFlag>1</CountryFlag>
<CONGRESSDISTRICT>01</CONGRESSDISTRICT>
<CONGRESS_DISTRICT_PERF>NJ01</CONGRESS_DISTRICT_PERF>
</Performance_Institution>
<ProgramElement>
<Code>7980</Code>
<Text>ECR-EHR Core Research</Text>
</ProgramElement>
<ProgramReference>
<Code>8816</Code>
<Text>Workforce Development</Text>
</ProgramReference>
<Appropriation>
<Code>0420</Code>
<Name>NSF Education &amp; Human Resource</Name>
<APP_SYMB_ID>040106</APP_SYMB_ID>
</Appropriation>
<Fund>
<Code>04002021DB</Code>
<Name><![CDATA[NSF Education & Human Resource]]></Name>
<FUND_SYMB_ID>040106</FUND_SYMB_ID>
</Fund>
<FUND_OBLG>2020~496963</FUND_OBLG>
</Award>
</rootTag>
