<?xml version="1.0" encoding="UTF-8"?>
<rootTag>
<Award>
<AwardTitle>Research Initiation Award: Characteristics of the Annual Airborne Pollen Spectrum in Northeast Florida</AwardTitle>
<AGENCY>NSF</AGENCY>
<AwardEffectiveDate>05/15/2020</AwardEffectiveDate>
<AwardExpirationDate>04/30/2023</AwardExpirationDate>
<AwardTotalIntnAmount>150000.00</AwardTotalIntnAmount>
<AwardAmount>150000</AwardAmount>
<AwardInstrument>
<Value>Standard Grant</Value>
</AwardInstrument>
<Organization>
<Code>11060000</Code>
<Directorate>
<Abbreviation>EHR</Abbreviation>
<LongName>Direct For Education and Human Resources</LongName>
</Directorate>
<Division>
<Abbreviation>HRD</Abbreviation>
<LongName>Division Of Human Resource Development</LongName>
</Division>
</Organization>
<ProgramOfficer>
<SignBlockName>Carleitta Paige-Anderson</SignBlockName>
<PO_EMAI>cpaigean@nsf.gov</PO_EMAI>
<PO_PHON>7032922816</PO_PHON>
</ProgramOfficer>
<AbstractNarration>Catalyst Projects provide support for Historically Black Colleges and Universities to work towards establishing research capacity of faculty to strengthen science, technology, engineering and mathematics undergraduate education and research. It is expected that the award will further the faculty member's research capability, improve research and teaching at the institution. and involve undergraduate students in research experiences. This project at Edward Waters College intends to characterize the pattern of urban airborne pollen in northeast Florida. The proposed work will result in the construction of a calendar of airborne pollen, provide hands-on research activity for undergraduate students and increase the research capacity of Edward Waters college. The proposed work will expose undergraduate students to forensic ecology and botany.&lt;br/&gt;&lt;br/&gt;The proposed project will be a 2-year study to examine the morphological structure of the anemophilous (wind pollinated) pollen grains in Northeast Florida. Many published palynological studies done in the Tampa Bay area and the southern parts of Florida. However, there are no published materials on the Northeast area of the state.  A Burkard volumetric sampler will be used to trap airborne pollen grains. The sampler will be on the roof of Edward Waters College. This area is in the poorest, most urban, and predominantly African American area of Jacksonville and is known as Health Zone 1 by public health officials. Another sampler will be place on the roof of a building in the wealthiest Health Zones (Health Zone 6) to compare pollen grain concentrations. Pollen concentration will be determined after transferring samples onto microscope slides for staining with Caberla’s solution and then identification and quantification using the single longitudinal traverse method.  This seminal aeropalynological study will allow characterization of the local vegetation in Northeast Florida. Undergraduates will gain an appreciation of Forensic palynology in which they can use this ideal biomarker for associating people and objects to specific places. Undergraduate students will experience how meteorological conditions can influence the pollen season. Global warming and climate change will affect the pollen patterns and will affect the most vulnerable population such as residents of Health Zone 1. Long-term pollen monitoring through this volumetric method would generate data to establish a phenological pollen calendar for Northeast Florida. The determination of the pollen content in the air and the data analysis will enable the characterization of pollen types with a view to correlating the results with pollen allergy data from the Department of Health.&lt;br/&gt;&lt;br/&gt;This award reflects NSF's statutory mission and has been deemed worthy of support through evaluation using the Foundation's intellectual merit and broader impacts review criteria.</AbstractNarration>
<MinAmdLetterDate>04/28/2020</MinAmdLetterDate>
<MaxAmdLetterDate>04/28/2020</MaxAmdLetterDate>
<ARRAAmount/>
<TRAN_TYPE>Grant</TRAN_TYPE>
<CFDA_NUM>47.076</CFDA_NUM>
<NSF_PAR_USE_FLAG>1</NSF_PAR_USE_FLAG>
<FUND_AGCY_CODE>4900</FUND_AGCY_CODE>
<AWDG_AGCY_CODE>4900</AWDG_AGCY_CODE>
<AwardID>2000433</AwardID>
<Investigator>
<FirstName>Brian</FirstName>
<LastName>seymour</LastName>
<PI_MID_INIT>W</PI_MID_INIT>
<PI_SUFX_NAME/>
<PI_FULL_NAME>Brian W seymour</PI_FULL_NAME>
<EmailAddress>brian.seymour@ewc.edu</EmailAddress>
<PI_PHON>9044708070</PI_PHON>
<NSF_ID>000806875</NSF_ID>
<StartDate>04/28/2020</StartDate>
<EndDate/>
<RoleCode>Principal Investigator</RoleCode>
</Investigator>
<Institution>
<Name>Edward Waters College</Name>
<CityName>JACKSONVILLE</CityName>
<ZipCode>322096199</ZipCode>
<PhoneNumber>9044708251</PhoneNumber>
<StreetAddress>1658 KINGS RD</StreetAddress>
<StreetAddress2/>
<CountryName>United States</CountryName>
<StateName>Florida</StateName>
<StateCode>FL</StateCode>
<CONGRESSDISTRICT>05</CONGRESSDISTRICT>
<CONGRESS_DISTRICT_ORG>FL05</CONGRESS_DISTRICT_ORG>
<ORG_UEI_NUM>HGLKXXBMCRF5</ORG_UEI_NUM>
<ORG_LGL_BUS_NAME>EDWARD WATERS COLLEGE, INC.</ORG_LGL_BUS_NAME>
<ORG_PRNT_UEI_NUM>HGLKXXBMCRF5</ORG_PRNT_UEI_NUM>
</Institution>
<Performance_Institution>
<Name><![CDATA[Edward Waters College]]></Name>
<CityName>Jacksonville</CityName>
<StateCode>FL</StateCode>
<ZipCode>322096167</ZipCode>
<StreetAddress><![CDATA[1658 kings rd]]></StreetAddress>
<CountryCode>US</CountryCode>
<CountryName>United States</CountryName>
<StateName>Florida</StateName>
<CountryFlag>1</CountryFlag>
<CONGRESSDISTRICT>05</CONGRESSDISTRICT>
<CONGRESS_DISTRICT_PERF>FL05</CONGRESS_DISTRICT_PERF>
</Performance_Institution>
<ProgramElement>
<Code>1594</Code>
<Text>Hist Black Colleges and Univ</Text>
</ProgramElement>
<ProgramReference>
<Code>9178</Code>
<Text>UNDERGRADUATE EDUCATION</Text>
</ProgramReference>
<ProgramReference>
<Code>9264</Code>
<Text>RESEARCH INITIATION AWARD</Text>
</ProgramReference>
<Appropriation>
<Code>0420</Code>
<Name>NSF Education &amp; Human Resource</Name>
<APP_SYMB_ID>040106</APP_SYMB_ID>
</Appropriation>
<Fund>
<Code>04002021DB</Code>
<Name><![CDATA[NSF Education & Human Resource]]></Name>
<FUND_SYMB_ID>040106</FUND_SYMB_ID>
</Fund>
<FUND_OBLG>2020~150000</FUND_OBLG>
</Award>
</rootTag>
