<?xml version="1.0" encoding="UTF-8"?>
<rootTag>
<Award>
<AwardTitle>Collaborative Research: ECR EIE DCL: The Development and Validation of a Scale to Assess Epistemic Exclusion in Minoritized and Non-Minoritized STEM Faculty</AwardTitle>
<AGENCY>NSF</AGENCY>
<AwardEffectiveDate>09/01/2020</AwardEffectiveDate>
<AwardExpirationDate>08/31/2023</AwardExpirationDate>
<AwardTotalIntnAmount>175011.00</AwardTotalIntnAmount>
<AwardAmount>175011</AwardAmount>
<AwardInstrument>
<Value>Standard Grant</Value>
</AwardInstrument>
<Organization>
<Code>11060000</Code>
<Directorate>
<Abbreviation>EHR</Abbreviation>
<LongName>Direct For Education and Human Resources</LongName>
</Directorate>
<Division>
<Abbreviation>HRD</Abbreviation>
<LongName>Division Of Human Resource Development</LongName>
</Division>
</Organization>
<ProgramOfficer>
<SignBlockName>Carrie Hall</SignBlockName>
<PO_EMAI>carhall@nsf.gov</PO_EMAI>
<PO_PHON>7032924641</PO_PHON>
</ProgramOfficer>
<AbstractNarration>This collaborative research project, involving Michigan State University, the University of North Texas and the University of Michigan, will examine whether epistemic exclusion, a form a scholarly devaluation, may create a barrier to the full inclusion and participation of women and faculty of color in STEM. Epistemic exclusion is the devaluation of certain types of scholarship that occurs when invisible biases in systems of evaluation are coupled with prejudice toward, and negative stereotypes about, historically underrepresented groups.  Because faculty members' career outcomes (e.g., promotion, tenure, and turnover intentions) are determined by how well they meet evaluative standards, bias in systems of evaluation that disproportionately harm women and faculty of color may impede their retention and advancement in academia. The project team will create and validate a scale assessing faculty epistemic exclusion. &lt;br/&gt;&lt;br/&gt;Results of the project have the potential to benefit society by providing a tool that researchers can use to investigate epistemic exclusion in STEM faculty.  Advancing this line of research may result in potential interventions and policy changes at institutions of higher education that improve the retention and promotion of women and underrepresented minority STEM faculty at our nation’s colleges and universities.  There is a plan for dissemination to scholarly audiences through peer-reviewed presentation and publications in professional journals that will help inform the research and academic communities.  &lt;br/&gt;&lt;br/&gt;This project is supported by the EHR Core Research (ECR) program, which supports work that advances fundamental research on STEM learning and learning environments, broadening participation in STEM, and STEM workforce development. The ECR program supports the accumulation of robust evidence to inform efforts to understand, build theory to explain, and suggest intervention and innovations to address persistent challenges in STEM interest, education, learning and participation.  The project was co-funded by the NSF ADVANCE program which supports the implementation of organizational change strategies to address systemic inequities that impact women in STEM faculty careers.  The project was also funded by the Alliances for Graduate Education and Professoriate (AGEP) program, which funds projects designed to advance knowledge about increasing the number of African Americans, Hispanic Americans, Native American Indians, Native Hawaiians and Native Pacific Islanders in STEM faculty careers.&lt;br/&gt;&lt;br/&gt;This award reflects NSF's statutory mission and has been deemed worthy of support through evaluation using the Foundation's intellectual merit and broader impacts review criteria.</AbstractNarration>
<MinAmdLetterDate>08/18/2020</MinAmdLetterDate>
<MaxAmdLetterDate>10/15/2020</MaxAmdLetterDate>
<ARRAAmount/>
<TRAN_TYPE>Grant</TRAN_TYPE>
<CFDA_NUM>47.076</CFDA_NUM>
<NSF_PAR_USE_FLAG>1</NSF_PAR_USE_FLAG>
<FUND_AGCY_CODE>4900</FUND_AGCY_CODE>
<AWDG_AGCY_CODE>4900</AWDG_AGCY_CODE>
<AwardID>2000580</AwardID>
<Investigator>
<FirstName>Isis</FirstName>
<LastName>Settles</LastName>
<PI_MID_INIT>H</PI_MID_INIT>
<PI_SUFX_NAME/>
<PI_FULL_NAME>Isis H Settles</PI_FULL_NAME>
<EmailAddress>isettles@umich.edu</EmailAddress>
<PI_PHON>7346473809</PI_PHON>
<NSF_ID>000307777</NSF_ID>
<StartDate>08/18/2020</StartDate>
<EndDate/>
<RoleCode>Principal Investigator</RoleCode>
</Investigator>
<Institution>
<Name>Regents of the University of Michigan - Ann Arbor</Name>
<CityName>ANN ARBOR</CityName>
<ZipCode>481091340</ZipCode>
<PhoneNumber>7347636438</PhoneNumber>
<StreetAddress>503 THOMPSON ST</StreetAddress>
<StreetAddress2/>
<CountryName>United States</CountryName>
<StateName>Michigan</StateName>
<StateCode>MI</StateCode>
<CONGRESSDISTRICT>12</CONGRESSDISTRICT>
<CONGRESS_DISTRICT_ORG>MI12</CONGRESS_DISTRICT_ORG>
<ORG_UEI_NUM>GNJ7BBP73WE9</ORG_UEI_NUM>
<ORG_LGL_BUS_NAME>REGENTS OF THE UNIVERSITY OF MICHIGAN</ORG_LGL_BUS_NAME>
<ORG_PRNT_UEI_NUM>GNJ7BBP73WE9</ORG_PRNT_UEI_NUM>
</Institution>
<Performance_Institution>
<Name><![CDATA[University of Michigan Ann Arbor]]></Name>
<CityName>Ann Arbor</CityName>
<StateCode>MI</StateCode>
<ZipCode>481091043</ZipCode>
<StreetAddress><![CDATA[University of Michigan, 530 Chur]]></StreetAddress>
<CountryCode>US</CountryCode>
<CountryName>United States</CountryName>
<StateName>Michigan</StateName>
<CountryFlag>1</CountryFlag>
<CONGRESSDISTRICT>12</CONGRESSDISTRICT>
<CONGRESS_DISTRICT_PERF>MI12</CONGRESS_DISTRICT_PERF>
</Performance_Institution>
<ProgramElement>
<Code>016Y</Code>
<Text>ADVANCE</Text>
</ProgramElement>
<ProgramElement>
<Code>1515</Code>
<Text>AGEP</Text>
</ProgramElement>
<ProgramElement>
<Code>7980</Code>
<Text>ECR-EHR Core Research</Text>
</ProgramElement>
<ProgramReference>
<Code>1515</Code>
<Text>MINORITY GRADUATE EDUC ACTIVIT</Text>
</ProgramReference>
<ProgramReference>
<Code>8212</Code>
<Text>Broaden Particip STEM Resrch</Text>
</ProgramReference>
<Appropriation>
<Code>0420</Code>
<Name>NSF Education &amp; Human Resource</Name>
<APP_SYMB_ID>040106</APP_SYMB_ID>
</Appropriation>
<Fund>
<Code>04002021DB</Code>
<Name><![CDATA[NSF Education & Human Resource]]></Name>
<FUND_SYMB_ID>040106</FUND_SYMB_ID>
</Fund>
<FUND_OBLG>2020~175011</FUND_OBLG>
</Award>
</rootTag>
