<?xml version="1.0" encoding="UTF-8"?>
<rootTag>
<Award>
<AwardTitle>Excellence in Research: Mathematical Analysis of the Prevention of HIV with PrEP and HAART Treatment</AwardTitle>
<AGENCY>NSF</AGENCY>
<AwardEffectiveDate>09/01/2020</AwardEffectiveDate>
<AwardExpirationDate>08/31/2023</AwardExpirationDate>
<AwardTotalIntnAmount>344856.00</AwardTotalIntnAmount>
<AwardAmount>344856</AwardAmount>
<AwardInstrument>
<Value>Standard Grant</Value>
</AwardInstrument>
<Organization>
<Code>03040000</Code>
<Directorate>
<Abbreviation>MPS</Abbreviation>
<LongName>Direct For Mathematical &amp; Physical Scien</LongName>
</Directorate>
<Division>
<Abbreviation>DMS</Abbreviation>
<LongName>Division Of Mathematical Sciences</LongName>
</Division>
</Organization>
<ProgramOfficer>
<SignBlockName>Henry Warchall</SignBlockName>
<PO_EMAI>hwarchal@nsf.gov</PO_EMAI>
<PO_PHON>7032924861</PO_PHON>
</ProgramOfficer>
<AbstractNarration>Prevention, mitigation, and eradication of HIV has been the focus of governments, scientists, and public health professionals for decades. Recent reports, such as the “Ending the HIV Epidemic: A Plan for America” distributed by the US Department of Health and Human Services, have generated a renewed hope for the millions of people around the world affected by this disease. To achieve this goal, it is imperative to understand the most effective use of available resources in light of the new prophylaxis treatment and the continued improvements of the highly active anti-retroviral treatment, particularly in the case of non-compliance. A realistic mathematical model, including these two treatments, as well as disproportional effects on disparate subpopulations, is essential for effective resource utilization. The broader impacts of this proposal are far-reaching from a public health perspective, but will also serve as a platform to train primarily underrepresented undergraduate and graduate students at the interface of mathematics and medicine. This collaboration between researchers at Howard University, University of Maryland, Baltimore County, and the National Institutes of Health will train students to work in a collaborative team environment focused on addressing a pressing scientific problem.&lt;br/&gt;&lt;br/&gt;Realistic mathematical models can suggest best courses of intervention that can significantly reduce the number of HIV infections. The effect of the pre-exposure prophylaxis treatment (PrEP) will be included in a previously developed mathematical model of HIV. Previous models of imperfect vaccines have shown the potential for a backwards bifurcation that can dramatically affect the dynamics of the epidemic. As a result, the same intervention that brings a model without a vaccine to the disease-free equilibrium, could drive the dynamics of the model with PrEP to a stable endemic equilibrium. Transmission of HIV depends on the viral-load of the infected individual. Thus, realistic mathematical models must include the effect of non-steady highly active anti-retroviral treatment (HAART) through structured treatment interruptions, lack of adherence to drug regimen and drug resistance. Non-steady HAART treatment regimes and the subsequent two-way movement between virally suppressed and chronically infected will require using non-exponential treatment stages into the model, which will be fitted to publicly available Multicenter AIDS Cohort Study (MACS) data from the Johns Hopkins Bloomberg School of Public Health. Since public health data will be used in the mathematical model, parameter identifiability will be addressed structurally and practically. Several numerical tools for accessing structural identifiability of the model will be used. The profile likelihood method will be used to assess the practical identifiability of model parameters and to provide confidence intervals for parameter estimation.&lt;br/&gt;&lt;br/&gt;This award reflects NSF's statutory mission and has been deemed worthy of support through evaluation using the Foundation's intellectual merit and broader impacts review criteria.</AbstractNarration>
<MinAmdLetterDate>05/01/2020</MinAmdLetterDate>
<MaxAmdLetterDate>05/01/2020</MaxAmdLetterDate>
<ARRAAmount/>
<TRAN_TYPE>Grant</TRAN_TYPE>
<CFDA_NUM>47.049</CFDA_NUM>
<NSF_PAR_USE_FLAG>1</NSF_PAR_USE_FLAG>
<FUND_AGCY_CODE>4900</FUND_AGCY_CODE>
<AWDG_AGCY_CODE>4900</AWDG_AGCY_CODE>
<AwardID>2000044</AwardID>
<Investigator>
<FirstName>Katharine</FirstName>
<LastName>Gurski</LastName>
<PI_MID_INIT>F</PI_MID_INIT>
<PI_SUFX_NAME/>
<PI_FULL_NAME>Katharine F Gurski</PI_FULL_NAME>
<EmailAddress>kgurski@howard.edu</EmailAddress>
<PI_PHON>2028069890</PI_PHON>
<NSF_ID>000565969</NSF_ID>
<StartDate>05/01/2020</StartDate>
<EndDate/>
<RoleCode>Principal Investigator</RoleCode>
</Investigator>
<Institution>
<Name>Howard University</Name>
<CityName>WASHINGTON</CityName>
<ZipCode>200590001</ZipCode>
<PhoneNumber>2028064759</PhoneNumber>
<StreetAddress>2400 6TH ST NW</StreetAddress>
<StreetAddress2/>
<CountryName>United States</CountryName>
<StateName>District of Columbia</StateName>
<StateCode>DC</StateCode>
<CONGRESSDISTRICT>00</CONGRESSDISTRICT>
<CONGRESS_DISTRICT_ORG>DC00</CONGRESS_DISTRICT_ORG>
<ORG_UEI_NUM>DYZNJGLTHMR9</ORG_UEI_NUM>
<ORG_LGL_BUS_NAME>HOWARD UNIVERSITY</ORG_LGL_BUS_NAME>
<ORG_PRNT_UEI_NUM/>
</Institution>
<Performance_Institution>
<Name><![CDATA[Howard University]]></Name>
<CityName>Washington</CityName>
<StateCode>DC</StateCode>
<ZipCode>200590002</ZipCode>
<StreetAddress><![CDATA[2400 Sixth St, NW]]></StreetAddress>
<CountryCode>US</CountryCode>
<CountryName>United States</CountryName>
<StateName>District of Columbia</StateName>
<CountryFlag>1</CountryFlag>
<CONGRESSDISTRICT>00</CONGRESSDISTRICT>
<CONGRESS_DISTRICT_PERF>DC00</CONGRESS_DISTRICT_PERF>
</Performance_Institution>
<ProgramElement>
<Code>070y</Code>
<Text>HBCU-EiR - HBCU-Excellence in</Text>
</ProgramElement>
<Appropriation>
<Code>0120</Code>
<Name>NSF RESEARCH &amp; RELATED ACTIVIT</Name>
<APP_SYMB_ID>040100</APP_SYMB_ID>
</Appropriation>
<Fund>
<Code>01002021DB</Code>
<Name><![CDATA[NSF RESEARCH & RELATED ACTIVIT]]></Name>
<FUND_SYMB_ID>040100</FUND_SYMB_ID>
</Fund>
<FUND_OBLG>2020~344856</FUND_OBLG>
</Award>
</rootTag>
