<?xml version="1.0" encoding="UTF-8"?>
<rootTag>
<Award>
<AwardTitle><![CDATA[Center for Renewable Energy Advanced Technological Education Resource Center]]></AwardTitle>
<AGENCY>NSF</AGENCY>
<AwardEffectiveDate>07/01/2020</AwardEffectiveDate>
<AwardExpirationDate>06/30/2023</AwardExpirationDate>
<AwardTotalIntnAmount>1055284.00</AwardTotalIntnAmount>
<AwardAmount>1246391</AwardAmount>
<AwardInstrument>
<Value>Standard Grant</Value>
</AwardInstrument>
<Organization>
<Code>11040100</Code>
<Directorate>
<Abbreviation>EHR</Abbreviation>
<LongName>Direct For Education and Human Resources</LongName>
</Directorate>
<Division>
<Abbreviation>DUE</Abbreviation>
<LongName>Division Of Undergraduate Education</LongName>
</Division>
</Organization>
<ProgramOfficer>
<SignBlockName>Virginia Carter</SignBlockName>
<PO_EMAI>vccarter@nsf.gov</PO_EMAI>
<PO_PHON>7032924651</PO_PHON>
</ProgramOfficer>
<AbstractNarration><![CDATA[Over the past decade, renewable energy has grown at a much faster pace than many other industry sectors. This growth results from recent technological advances, government policy and regulatory reforms, and tremendous reductions in the cost of solar and wind equipment. As a result, the electricity sector is now engaged in a dramatic shift from energy obtained from fossil fuels to energy obtained from renewable resources. STEM careers in renewable energy provide technicians with well-paying jobs that can support families, that cannot be easily exported, and that benefit the local community. The Resource Center for Renewable Energy Advanced Technological Education (CREATE) aims to support preparation of a new generation of renewable energy educators and skilled technical professionals. The expected outcomes include greater use of renewable energy, an improved power infrastructure, greater resilience of US energy systems, and a larger role for the United States as a global industry leader in renewable energy technology. &lt;br/&gt;&lt;br/&gt;CREATE will support two-year institutions to develop, promote, grow, and advance robust academic programs to provide the renewable energy industry with a skilled technical workforce. This goal will be accomplished through six key objectives: 1) provide support, mentoring, and professional development for faculty and prospective NSF principal investigators in renewable energy technology; 2) coordinate and support additional renewable energy industry, business, and academic partnerships; 3) educate the public about renewable energy and renewable energy technician careers; 4) develop, screen, validate, update, and distribute renewable energy teaching materials, curricula, and pedagogical practices; 5) connect and support existing and new ATE project Principal Investigators in renewable energy and related fields; and 6) develop a plan for achieving sustainability and institutionalization of key center functions. Additional plans include serving high school educators to create bridges to higher education. The Center will also reach out to faculty at Hispanic Serving Institutions, Tribal Colleges and Historically Black Colleges to encourage them to apply to the ATE program. Increasing the number of women in the renewable energy fields will continue to be a focus of CREATE. This project is funded by the Advanced Technological Education program that focuses on the education of technicians for the advanced-technology fields that drive the nation's economy.&lt;br/&gt;&lt;br/&gt;This award reflects NSF's statutory mission and has been deemed worthy of support through evaluation using the Foundation's intellectual merit and broader impacts review criteria.]]></AbstractNarration>
<MinAmdLetterDate>05/05/2020</MinAmdLetterDate>
<MaxAmdLetterDate>11/11/2020</MaxAmdLetterDate>
<ARRAAmount/>
<TRAN_TYPE>Grant</TRAN_TYPE>
<CFDA_NUM>47.076</CFDA_NUM>
<NSF_PAR_USE_FLAG>1</NSF_PAR_USE_FLAG>
<FUND_AGCY_CODE>4900</FUND_AGCY_CODE>
<AWDG_AGCY_CODE>4900</AWDG_AGCY_CODE>
<AwardID>2000714</AwardID>
<Investigator>
<FirstName>Kathleen</FirstName>
<LastName>Alfano</LastName>
<PI_MID_INIT>A</PI_MID_INIT>
<PI_SUFX_NAME/>
<PI_FULL_NAME>Kathleen A Alfano</PI_FULL_NAME>
<EmailAddress><![CDATA[kathleen.alfano@canyons.edu]]></EmailAddress>
<NSF_ID>000218590</NSF_ID>
<StartDate>05/05/2020</StartDate>
<EndDate/>
<RoleCode>Co-Principal Investigator</RoleCode>
</Investigator>
<Investigator>
<FirstName>Andrew</FirstName>
<LastName>McMahan</LastName>
<PI_MID_INIT/>
<PI_SUFX_NAME/>
<PI_FULL_NAME>Andrew McMahan</PI_FULL_NAME>
<EmailAddress><![CDATA[amcmahan@cccc.edu]]></EmailAddress>
<NSF_ID>000651164</NSF_ID>
<StartDate>05/05/2020</StartDate>
<EndDate/>
<RoleCode>Co-Principal Investigator</RoleCode>
</Investigator>
<Investigator>
<FirstName>Joel</FirstName>
<LastName>Shoemaker</LastName>
<PI_MID_INIT/>
<PI_SUFX_NAME/>
<PI_FULL_NAME>Joel Shoemaker</PI_FULL_NAME>
<EmailAddress><![CDATA[jbshoemaker@madisoncollege.edu]]></EmailAddress>
<NSF_ID>000604502</NSF_ID>
<StartDate>05/05/2020</StartDate>
<EndDate/>
<RoleCode>Co-Principal Investigator</RoleCode>
</Investigator>
<Investigator>
<FirstName>Kenneth</FirstName>
<LastName>Walz</LastName>
<PI_MID_INIT>A</PI_MID_INIT>
<PI_SUFX_NAME/>
<PI_FULL_NAME>Kenneth A Walz</PI_FULL_NAME>
<EmailAddress><![CDATA[kwalz@madisoncollege.edu]]></EmailAddress>
<NSF_ID>000296939</NSF_ID>
<StartDate>05/05/2020</StartDate>
<EndDate/>
<RoleCode>Principal Investigator</RoleCode>
</Investigator>
<Institution>
<Name>Madison Area Technical College</Name>
<CityName>MADISON</CityName>
<ZipCode>537042599</ZipCode>
<PhoneNumber>6082466676</PhoneNumber>
<StreetAddress>1701 WRIGHT ST</StreetAddress>
<StreetAddress2/>
<CountryName>United States</CountryName>
<StateName>Wisconsin</StateName>
<StateCode>WI</StateCode>
<CONGRESSDISTRICT>02</CONGRESSDISTRICT>
<CONGRESS_DISTRICT_ORG>WI02</CONGRESS_DISTRICT_ORG>
<ORG_UEI_NUM>TK2SQD3B8M44</ORG_UEI_NUM>
<ORG_LGL_BUS_NAME>MADISON AREA TECHNICAL COLLEGE DISTRICT</ORG_LGL_BUS_NAME>
<ORG_PRNT_UEI_NUM>H9W3B71EFTM8</ORG_PRNT_UEI_NUM>
</Institution>
<Performance_Institution>
<Name><![CDATA[Madison Area Technical College]]></Name>
<CityName>Madison</CityName>
<StateCode>WI</StateCode>
<ZipCode>537042599</ZipCode>
<StreetAddress><![CDATA[1701 Wright St]]></StreetAddress>
<CountryCode>US</CountryCode>
<CountryName>United States</CountryName>
<StateName>Wisconsin</StateName>
<CountryFlag>1</CountryFlag>
<CONGRESSDISTRICT>02</CONGRESSDISTRICT>
<CONGRESS_DISTRICT_PERF>WI02</CONGRESS_DISTRICT_PERF>
</Performance_Institution>
<ProgramElement>
<Code>7412</Code>
<Text>Advanced Tech Education Prog</Text>
</ProgramElement>
<ProgramReference>
<Code>1032</Code>
<Text>ADVANCED TECHNOLOGY EDUCATION</Text>
</ProgramReference>
<ProgramReference>
<Code>9178</Code>
<Text>UNDERGRADUATE EDUCATION</Text>
</ProgramReference>
<ProgramReference>
<Code>SMET</Code>
<Text>SCIENCE, MATH, ENG &amp; TECH EDUCATION</Text>
</ProgramReference>
<Appropriation>
<Code>0420</Code>
<Name>NSF Education &amp; Human Resource</Name>
<APP_SYMB_ID>040106</APP_SYMB_ID>
</Appropriation>
<Fund>
<Code>04002021DB</Code>
<Name><![CDATA[NSF Education & Human Resource]]></Name>
<FUND_SYMB_ID>040106</FUND_SYMB_ID>
</Fund>
<FUND_OBLG>2020~1055284</FUND_OBLG>
<FUND_OBLG>2021~191107</FUND_OBLG>
</Award>
</rootTag>
