<?xml version="1.0" encoding="UTF-8"?>
<rootTag>
<Award>
<AwardTitle>Nanotechnology Applications and Career Knowledge Resource Center</AwardTitle>
<AGENCY>NSF</AGENCY>
<AwardEffectiveDate>09/01/2020</AwardEffectiveDate>
<AwardExpirationDate>08/31/2023</AwardExpirationDate>
<AwardTotalIntnAmount>1650000.00</AwardTotalIntnAmount>
<AwardAmount>1650000</AwardAmount>
<AwardInstrument>
<Value>Standard Grant</Value>
</AwardInstrument>
<Organization>
<Code>11040100</Code>
<Directorate>
<Abbreviation>EHR</Abbreviation>
<LongName>Direct For Education and Human Resources</LongName>
</Directorate>
<Division>
<Abbreviation>DUE</Abbreviation>
<LongName>Division Of Undergraduate Education</LongName>
</Division>
</Organization>
<ProgramOfficer>
<SignBlockName>Virginia Carter</SignBlockName>
<PO_EMAI>vccarter@nsf.gov</PO_EMAI>
<PO_PHON>7032924651</PO_PHON>
</ProgramOfficer>
<AbstractNarration>In addition to its roles in basic research, nanotechnology is also a research and development enterprise that focuses on rapid commercialization of products and technology. For the US to capitalize on its investments in nanotechnology, it is essential to prepare a skilled technical workforce with the appropriate nano-scale skill set. The Nanotechnology Applications and Career Knowledge (NACK) Resource Center proposes to extend a nation-wide nanotechnology education approach that includes providing resources and assistance to the nanotechnology education infrastructure.  These resources can strengthen and streamline efforts to ensure that students develop industry-relevant knowledge, skills and abilities.  In addition, the project will maintain web courses and remote equipment access, as well as provide faculty professional development to ensure that faculty remain at the cutting-edge of nanotechnology advances. &lt;br/&gt;&lt;br/&gt;The NACK Resource Center will support and grow partnerships between community and technical colleges and research universities to: 1) share resources and disseminate learning materials; 2) deliver web-based professional development workshops and webinar series; and 3) widely disseminate resources using the NACK website, nanoHUB, and ATE Central. Additionally, the Remotely Accessible Instruments for Nanotechnology (RAIN) network will continue to support current and develop new RAIN nodes, add new online-accessible characterization and processing tools to the network, develop ways to increase use of the network, and collect data to evaluate RAIN’s impact on nanotechnology education. This project is funded by the Advanced Technological Education program that focuses on the education of technicians for the advanced-technology fields that drive the nation's economy.&lt;br/&gt;&lt;br/&gt;This award reflects NSF's statutory mission and has been deemed worthy of support through evaluation using the Foundation's intellectual merit and broader impacts review criteria.</AbstractNarration>
<MinAmdLetterDate>04/16/2020</MinAmdLetterDate>
<MaxAmdLetterDate>04/16/2020</MaxAmdLetterDate>
<ARRAAmount/>
<TRAN_TYPE>Grant</TRAN_TYPE>
<CFDA_NUM>47.076</CFDA_NUM>
<NSF_PAR_USE_FLAG>1</NSF_PAR_USE_FLAG>
<FUND_AGCY_CODE>4900</FUND_AGCY_CODE>
<AWDG_AGCY_CODE>4900</AWDG_AGCY_CODE>
<AwardID>2000725</AwardID>
<Investigator>
<FirstName>Lynn</FirstName>
<LastName>Zentner</LastName>
<PI_MID_INIT/>
<PI_SUFX_NAME/>
<PI_FULL_NAME>Lynn Zentner</PI_FULL_NAME>
<EmailAddress>lzentner@purdue.edu</EmailAddress>
<PI_PHON>7654946742</PI_PHON>
<NSF_ID>000531298</NSF_ID>
<StartDate>04/16/2020</StartDate>
<EndDate/>
<RoleCode>Co-Principal Investigator</RoleCode>
</Investigator>
<Investigator>
<FirstName>Anthony</FirstName>
<LastName>Dalessio</LastName>
<PI_MID_INIT>P</PI_MID_INIT>
<PI_SUFX_NAME/>
<PI_FULL_NAME>Anthony P Dalessio</PI_FULL_NAME>
<EmailAddress>dalessio@ecc.edu</EmailAddress>
<PI_PHON>7168511416</PI_PHON>
<NSF_ID>000595853</NSF_ID>
<StartDate>04/16/2020</StartDate>
<EndDate/>
<RoleCode>Co-Principal Investigator</RoleCode>
</Investigator>
<Investigator>
<FirstName>Robert</FirstName>
<LastName>Ehrmann</LastName>
<PI_MID_INIT>K</PI_MID_INIT>
<PI_SUFX_NAME/>
<PI_FULL_NAME>Robert K Ehrmann</PI_FULL_NAME>
<EmailAddress>rke2@psu.edu</EmailAddress>
<PI_PHON>8148657558</PI_PHON>
<NSF_ID>000193074</NSF_ID>
<StartDate>04/16/2020</StartDate>
<EndDate/>
<RoleCode>Co-Principal Investigator</RoleCode>
</Investigator>
<Investigator>
<FirstName>Osama</FirstName>
<LastName>Awadelkarim</LastName>
<PI_MID_INIT/>
<PI_SUFX_NAME/>
<PI_FULL_NAME>Osama Awadelkarim</PI_FULL_NAME>
<EmailAddress>ooa1@psu.edu</EmailAddress>
<PI_PHON>8148631773</PI_PHON>
<NSF_ID>000316823</NSF_ID>
<StartDate>04/16/2020</StartDate>
<EndDate/>
<RoleCode>Principal Investigator</RoleCode>
</Investigator>
<Investigator>
<FirstName>Wesley</FirstName>
<LastName>Sanders</LastName>
<PI_MID_INIT>C</PI_MID_INIT>
<PI_SUFX_NAME/>
<PI_FULL_NAME>Wesley C Sanders</PI_FULL_NAME>
<EmailAddress>wesley.sanders@slcc.edu</EmailAddress>
<PI_PHON>8019573894</PI_PHON>
<NSF_ID>000655373</NSF_ID>
<StartDate>04/16/2020</StartDate>
<EndDate/>
<RoleCode>Co-Principal Investigator</RoleCode>
</Investigator>
<Institution>
<Name>Pennsylvania State Univ University Park</Name>
<CityName>University Park</CityName>
<ZipCode>168021503</ZipCode>
<PhoneNumber>8148651372</PhoneNumber>
<StreetAddress>201 Old Main</StreetAddress>
<StreetAddress2/>
<CountryName>United States</CountryName>
<StateName>Pennsylvania</StateName>
<StateCode>PA</StateCode>
<CONGRESSDISTRICT>12</CONGRESSDISTRICT>
<CONGRESS_DISTRICT_ORG>PA12</CONGRESS_DISTRICT_ORG>
<ORG_UEI_NUM>NPM2J7MSCF61</ORG_UEI_NUM>
<ORG_LGL_BUS_NAME>PENNSYLVANIA STATE UNIVERSITY, THE</ORG_LGL_BUS_NAME>
<ORG_PRNT_UEI_NUM>NPM2J7MSCF61</ORG_PRNT_UEI_NUM>
</Institution>
<Performance_Institution>
<Name><![CDATA[Pennsylvania State Univ University Park]]></Name>
<CityName>University Park</CityName>
<StateCode>PA</StateCode>
<ZipCode>168027000</ZipCode>
<StreetAddress/>
<CountryCode>US</CountryCode>
<CountryName>United States</CountryName>
<StateName>Pennsylvania</StateName>
<CountryFlag>1</CountryFlag>
<CONGRESSDISTRICT/>
<CONGRESS_DISTRICT_PERF>PA"</CONGRESS_DISTRICT_PERF>
</Performance_Institution>
<ProgramElement>
<Code>7412</Code>
<Text>Advanced Tech Education Prog</Text>
</ProgramElement>
<ProgramReference>
<Code>1032</Code>
<Text>ADVANCED TECHNOLOGY EDUCATION</Text>
</ProgramReference>
<ProgramReference>
<Code>9178</Code>
<Text>UNDERGRADUATE EDUCATION</Text>
</ProgramReference>
<ProgramReference>
<Code>SMET</Code>
<Text>SCIENCE, MATH, ENG &amp; TECH EDUCATION</Text>
</ProgramReference>
<Appropriation>
<Code>0420</Code>
<Name>NSF Education &amp; Human Resource</Name>
<APP_SYMB_ID>040106</APP_SYMB_ID>
</Appropriation>
<Fund>
<Code>04002021DB</Code>
<Name><![CDATA[NSF Education & Human Resource]]></Name>
<FUND_SYMB_ID>040106</FUND_SYMB_ID>
</Fund>
<FUND_OBLG>2020~1650000</FUND_OBLG>
</Award>
</rootTag>
