<?xml version="1.0" encoding="UTF-8"?>
<rootTag>
<Award>
<AwardTitle><![CDATA[Collaborative Research: NSF-BSF: Mainstream deammonification by ion exchange and bioregeneration via partial nitritation/anammox]]></AwardTitle>
<AGENCY>NSF</AGENCY>
<AwardEffectiveDate>07/15/2020</AwardEffectiveDate>
<AwardExpirationDate>06/30/2023</AwardExpirationDate>
<AwardTotalIntnAmount>189443.00</AwardTotalIntnAmount>
<AwardAmount>197443</AwardAmount>
<AwardInstrument>
<Value>Standard Grant</Value>
</AwardInstrument>
<Organization>
<Code>07020000</Code>
<Directorate>
<Abbreviation>ENG</Abbreviation>
<LongName>Directorate For Engineering</LongName>
</Directorate>
<Division>
<Abbreviation>CBET</Abbreviation>
<LongName>Div Of Chem, Bioeng, Env, &amp; Transp Sys</LongName>
</Division>
</Organization>
<ProgramOfficer>
<SignBlockName>Mamadou Diallo</SignBlockName>
<PO_EMAI>mdiallo@nsf.gov</PO_EMAI>
<PO_PHON>7032924257</PO_PHON>
</ProgramOfficer>
<AbstractNarration><![CDATA[Conventional wastewater treatment plants (WWTPs) are designed to remove harmful microorganisms, organic matter, and nutrients like nitrogen and phosphorus. They achieve this using a combination of physical, chemical, and biological treatment processes. Recent research has established that the integrated biological process called partial nitritation and anammox (PN/A) can remove nitrogen while reducing energy costs or even producing energy. However, the concentration of ammonia in domestic wastewater is too low to support the growth of the microorganisms required to carry out the PN/A process. The goal of this project is to develop a novel system to create the conditions needed to run the PN/A process. To achieve this goal, an interdisciplinary team of researchers will pool their knowledge and resources to improve the PN/A process using low-cost naturally occurring mineral ion exchange (IX) material called zeolite. These will be combined to develop IX-PN/A reactors to create conditions for the growth of PN/A microbes. The team will then investigate and optimize the reactor operating conditions that favor the IX-PN/A process. Successful completion of this project will benefit society through the development of new designs for next-generation sustainable WWTPs. Further benefits to society will be achieved through student training and education including the recruitment and mentoring of students from community colleges and underrepresented groups in Pennsylvania and Florida. &lt;br/&gt;&lt;br/&gt;Increasingly stringent nutrient discharge limits and concerns with energy consumption have driven a shift from energy-intensive wastewater treatment plants (WWTPs) to more sustainable energy positive resource recovery facilities. Integrated partial nitritation and anammox (PN/A) is one such process that has the potential to enable significant reductions in the energy consumption and carbon footprint of conventional WWTPs. However, the concentration of ammonia in domestic wastewater is too low for the microorganisms required to carry out the PN/A process to flourish. The goal of this project is to develop the fundamental knowledge required to advance the implementation of the PN/A process into conventional WWTPs. To achieve this goal, the research team will couple ion exchange (IX) with the PN/A process to create the microenvironment needed to improve the kinetics of the PN/A process. This will be achieved using new zeolite-based biofilm carriers in conjunction with novel bioreactor designs and operational strategies to advance the IX-PN/A process.  The specific research objectives of this project are to: 1) evaluate the effects of reactor configuration and operating conditions on the performance of the IX-PN/A; 2) investigate the synergistic metabolic processes of the PN/A microorganisms using genomics and molecular tools; and 3) characterize flow and reactive transport in attached-growth biofilms using X-ray microtomography (micro CT). Successful completion of this project has potential for transformative impact through the development of new knowledge that will reduce the carbon footprint of biological nutrient removal processes used in WWTPs to manage eutrophication and health issues caused by nitrogen discharge.&lt;br/&gt;&lt;br/&gt;This award reflects NSF's statutory mission and has been deemed worthy of support through evaluation using the Foundation's intellectual merit and broader impacts review criteria.]]></AbstractNarration>
<MinAmdLetterDate>07/09/2020</MinAmdLetterDate>
<MaxAmdLetterDate>06/30/2021</MaxAmdLetterDate>
<ARRAAmount/>
<TRAN_TYPE>Grant</TRAN_TYPE>
<CFDA_NUM>47.041</CFDA_NUM>
<NSF_PAR_USE_FLAG>1</NSF_PAR_USE_FLAG>
<FUND_AGCY_CODE>4900</FUND_AGCY_CODE>
<AWDG_AGCY_CODE>4900</AWDG_AGCY_CODE>
<AwardID>2000980</AwardID>
<Investigator>
<FirstName>Sarina</FirstName>
<LastName>Ergas</LastName>
<PI_MID_INIT>J</PI_MID_INIT>
<PI_SUFX_NAME/>
<PI_FULL_NAME>Sarina J Ergas</PI_FULL_NAME>
<EmailAddress><![CDATA[sergas@usf.edu]]></EmailAddress>
<NSF_ID>000161927</NSF_ID>
<StartDate>07/09/2020</StartDate>
<EndDate/>
<RoleCode>Principal Investigator</RoleCode>
</Investigator>
<Investigator>
<FirstName>John</FirstName>
<LastName>Kuhn</LastName>
<PI_MID_INIT>N</PI_MID_INIT>
<PI_SUFX_NAME/>
<PI_FULL_NAME>John N Kuhn</PI_FULL_NAME>
<EmailAddress><![CDATA[jnkuhn@usf.edu]]></EmailAddress>
<NSF_ID>000543418</NSF_ID>
<StartDate>07/09/2020</StartDate>
<EndDate/>
<RoleCode>Co-Principal Investigator</RoleCode>
</Investigator>
<Institution>
<Name>University of South Florida</Name>
<CityName>TAMPA</CityName>
<ZipCode>336209951</ZipCode>
<PhoneNumber>8139742897</PhoneNumber>
<StreetAddress>4202 E FOWLER AVE</StreetAddress>
<StreetAddress2/>
<CountryName>United States</CountryName>
<StateName>Florida</StateName>
<StateCode>FL</StateCode>
<CONGRESSDISTRICT>14</CONGRESSDISTRICT>
<CONGRESS_DISTRICT_ORG>FL14</CONGRESS_DISTRICT_ORG>
<ORG_UEI_NUM>NKAZLXLL7Z91</ORG_UEI_NUM>
<ORG_LGL_BUS_NAME>UNIVERSITY OF SOUTH FLORIDA</ORG_LGL_BUS_NAME>
<ORG_PRNT_UEI_NUM>NKAZLXLL7Z91</ORG_PRNT_UEI_NUM>
</Institution>
<Performance_Institution>
<Name><![CDATA[University of South Florida]]></Name>
<CityName/>
<StateCode>FL</StateCode>
<ZipCode>336172008</ZipCode>
<StreetAddress/>
<CountryCode>US</CountryCode>
<CountryName>United States</CountryName>
<StateName>Florida</StateName>
<CountryFlag>1</CountryFlag>
<CONGRESSDISTRICT>14</CONGRESSDISTRICT>
<CONGRESS_DISTRICT_PERF>FL14</CONGRESS_DISTRICT_PERF>
</Performance_Institution>
<ProgramElement>
<Code>1440</Code>
<Text>EnvE-Environmental Engineering</Text>
</ProgramElement>
<ProgramReference>
<Code>014Z</Code>
<Text>NSF and US-Israel Binational Science Fou</Text>
</ProgramReference>
<ProgramReference>
<Code>5905</Code>
<Text>ISRAEL</Text>
</ProgramReference>
<ProgramReference>
<Code>7218</Code>
<Text>RET SUPP-Res Exp for Tchr Supp</Text>
</ProgramReference>
<Appropriation>
<Code>0120</Code>
<Name>NSF RESEARCH &amp; RELATED ACTIVIT</Name>
<APP_SYMB_ID>040100</APP_SYMB_ID>
</Appropriation>
<Appropriation>
<Code>0121</Code>
<Name>NSF RESEARCH &amp; RELATED ACTIVIT</Name>
<APP_SYMB_ID>040100</APP_SYMB_ID>
</Appropriation>
<Fund>
<Code>01002021DB</Code>
<Name><![CDATA[NSF RESEARCH & RELATED ACTIVIT]]></Name>
<FUND_SYMB_ID>040100</FUND_SYMB_ID>
</Fund>
<Fund>
<Code>01002122DB</Code>
<Name><![CDATA[NSF RESEARCH & RELATED ACTIVIT]]></Name>
<FUND_SYMB_ID>040100</FUND_SYMB_ID>
</Fund>
<FUND_OBLG>2020~189443</FUND_OBLG>
<FUND_OBLG>2021~8000</FUND_OBLG>
</Award>
</rootTag>
