<?xml version="1.0" encoding="UTF-8"?>
<rootTag>
<Award>
<AwardTitle><![CDATA[Research Initiation Award: Multifunctional Intracellular Nano-Probes based on Engineered Bacterial Flagella]]></AwardTitle>
<AGENCY>NSF</AGENCY>
<AwardEffectiveDate>05/01/2020</AwardEffectiveDate>
<AwardExpirationDate>04/30/2023</AwardExpirationDate>
<AwardTotalIntnAmount>299881.00</AwardTotalIntnAmount>
<AwardAmount>299881</AwardAmount>
<AwardInstrument>
<Value>Standard Grant</Value>
</AwardInstrument>
<Organization>
<Code>11060000</Code>
<Directorate>
<Abbreviation>EHR</Abbreviation>
<LongName>Direct For Education and Human Resources</LongName>
</Directorate>
<Division>
<Abbreviation>HRD</Abbreviation>
<LongName>Division Of Human Resource Development</LongName>
</Division>
</Organization>
<ProgramOfficer>
<SignBlockName>Leroy Jones II</SignBlockName>
<PO_EMAI>ljones@nsf.gov</PO_EMAI>
<PO_PHON>7032924684</PO_PHON>
</ProgramOfficer>
<AbstractNarration><![CDATA[Research Initiation Awards provide support for junior and mid-career faculty at Historically Black Colleges and Universities who are building new research programs or redirecting and rebuilding existing research programs. It is expected that the award helps to further the faculty member's research capability and effectiveness, improves research and teaching at the home institution. The award to Florida Agricultural and Mechanical University has potential broader impacts in a number of areas. The goal of this project is to probe the dynamic environments that exist within mammalian cells to eventually understand disease processes and the development of therapeutic molecules. The project is a collaborative effort with faculty at Florida State University and involves undergraduate students in the research.&lt;br/&gt;&lt;br/&gt;The overarching research goal of the project is to develop a strategy for investigating cellular and sub-cellular environments of mammalian cells with high spatial and temporal resolution using engineered bacterial flagella. Towards this goal, the investigation specifically aims to characterize flagellar polymorphism in physiological relevant environments found within the cytosol; chemically modify flagella-based magnetic colloidal swimmers with stimuli-responsive small molecules; and to investigate active and passive internalization facilitated by externally driven forces and cell-mediated biochemical mechanisms. The development of these wirelessly controlled soft sensors will enable minimally invasive direct probing of nano scale fluidic environments. Identification of minute physiochemical property changes within local cellular regions will result from this project.&lt;br/&gt;&lt;br/&gt;This award reflects NSF's statutory mission and has been deemed worthy of support through evaluation using the Foundation's intellectual merit and broader impacts review criteria.]]></AbstractNarration>
<MinAmdLetterDate>04/13/2020</MinAmdLetterDate>
<MaxAmdLetterDate>04/13/2020</MaxAmdLetterDate>
<ARRAAmount/>
<TRAN_TYPE>Grant</TRAN_TYPE>
<CFDA_NUM>47.076</CFDA_NUM>
<NSF_PAR_USE_FLAG>1</NSF_PAR_USE_FLAG>
<FUND_AGCY_CODE>4900</FUND_AGCY_CODE>
<AWDG_AGCY_CODE>4900</AWDG_AGCY_CODE>
<AwardID>2000202</AwardID>
<Investigator>
<FirstName>Jamel</FirstName>
<LastName>Ali</LastName>
<PI_MID_INIT/>
<PI_SUFX_NAME/>
<PI_FULL_NAME>Jamel Ali</PI_FULL_NAME>
<EmailAddress><![CDATA[jali@eng.famu.fsu.edu]]></EmailAddress>
<NSF_ID>000658881</NSF_ID>
<StartDate>04/13/2020</StartDate>
<EndDate/>
<RoleCode>Principal Investigator</RoleCode>
</Investigator>
<Institution>
<Name>Florida Agricultural and Mechanical University</Name>
<CityName>TALLAHASSEE</CityName>
<ZipCode>323073100</ZipCode>
<PhoneNumber>8505993531</PhoneNumber>
<StreetAddress>1500 WAHNISH WAY</StreetAddress>
<StreetAddress2/>
<CountryName>United States</CountryName>
<StateName>Florida</StateName>
<StateCode>FL</StateCode>
<CONGRESSDISTRICT>05</CONGRESSDISTRICT>
<CONGRESS_DISTRICT_ORG>FL05</CONGRESS_DISTRICT_ORG>
<ORG_UEI_NUM>W8LKB16HV1K5</ORG_UEI_NUM>
<ORG_LGL_BUS_NAME>FLORIDA A &amp; M UNIVERSITY</ORG_LGL_BUS_NAME>
<ORG_PRNT_UEI_NUM>D4GCCCMXR1H3</ORG_PRNT_UEI_NUM>
</Institution>
<Performance_Institution>
<Name><![CDATA[Florida Agricultural and Mechanical University]]></Name>
<CityName>Tallahassee</CityName>
<StateCode>FL</StateCode>
<ZipCode>323106046</ZipCode>
<StreetAddress><![CDATA[2525 Pottsdamer Drive]]></StreetAddress>
<CountryCode>US</CountryCode>
<CountryName>United States</CountryName>
<StateName>Florida</StateName>
<CountryFlag>1</CountryFlag>
<CONGRESSDISTRICT>05</CONGRESSDISTRICT>
<CONGRESS_DISTRICT_PERF>FL05</CONGRESS_DISTRICT_PERF>
</Performance_Institution>
<ProgramElement>
<Code>1594</Code>
<Text>Hist Black Colleges and Univ</Text>
</ProgramElement>
<ProgramReference>
<Code>9178</Code>
<Text>UNDERGRADUATE EDUCATION</Text>
</ProgramReference>
<ProgramReference>
<Code>9264</Code>
<Text>RESEARCH INITIATION AWARD</Text>
</ProgramReference>
<Appropriation>
<Code>0420</Code>
<Name>NSF Education &amp; Human Resource</Name>
<APP_SYMB_ID>040106</APP_SYMB_ID>
</Appropriation>
<Fund>
<Code>04002021DB</Code>
<Name><![CDATA[NSF Education & Human Resource]]></Name>
<FUND_SYMB_ID>040106</FUND_SYMB_ID>
</Fund>
<FUND_OBLG>2020~299881</FUND_OBLG>
</Award>
</rootTag>
