<?xml version="1.0" encoding="UTF-8"?>
<rootTag>
<Award>
<AwardTitle>A Research Collaborative to Build Employability Skills for STEM Technology Fields</AwardTitle>
<AGENCY>NSF</AGENCY>
<AwardEffectiveDate>08/01/2020</AwardEffectiveDate>
<AwardExpirationDate>07/31/2023</AwardExpirationDate>
<AwardTotalIntnAmount>799949.00</AwardTotalIntnAmount>
<AwardAmount>799949</AwardAmount>
<AwardInstrument>
<Value>Standard Grant</Value>
</AwardInstrument>
<Organization>
<Code>11040100</Code>
<Directorate>
<Abbreviation>EHR</Abbreviation>
<LongName>Direct For Education and Human Resources</LongName>
</Directorate>
<Division>
<Abbreviation>DUE</Abbreviation>
<LongName>Division Of Undergraduate Education</LongName>
</Division>
</Organization>
<ProgramOfficer>
<SignBlockName>Connie Della-Piana</SignBlockName>
<PO_EMAI>cdellapi@nsf.gov</PO_EMAI>
<PO_PHON>7032925309</PO_PHON>
</ProgramOfficer>
<AbstractNarration>Changes in the technician workplace are increasing the demand for employees who have skills in adaptability, collaboration, communication, workplace diversity, lifelong learning, and understanding the business mission.  This project plans to address this need by developing and testing a professional development model that fosters students’ employability skills.  The focus will be on students who are enrolled in a new Advanced Manufacturing Technology program/career pathway that will prepare them for careers as advanced manufacturing technicians. The research team will adapt the researcher-practitioner-partnership to support the development of these students’ employability skills. The project is estimated to directly serve at least fifty students pursuing associate degrees in the new program, six program faculty, and 25 additional faculty in both postsecondary and secondary technician programs.  The project's research activities will investigate: (1) the effectiveness of this approach to developing employability skills; (2) the feasibility of rapid development and testing of new curricula; and, (3) the effectiveness of short-term employability skills development experiences compared to multiple development experiences over time.&lt;br/&gt;&lt;br/&gt;The researcher-practitioner-partnership method was developed to improve the flow and implementation of research findings into practice at the K-12 level.  This method will be adapted for use in post-secondary technician education.   Using a set of research methods and assessments, this effort will study simultaneously the teaching and learning of employability skills while engaging technician educators as co-designers, developers, and knowledge builders.  In alignment with the researcher-practitioner-partnership method, the process to validate assessments will identify and define employability skills constructs and identify instructional strategies to ensure alignment of assessments to practice.  The research team will use grounded theory and the “plan-do-study-act” approach modified for use in the researcher-practitioner-partnership context to adapt, test, and refine employability skills tools, resources, and methods. This project is funded by the Advanced Technological Education program that focuses on the education of technicians for the advanced-technology fields that drive the nation's economy.&lt;br/&gt;&lt;br/&gt;This award reflects NSF's statutory mission and has been deemed worthy of support through evaluation using the Foundation's intellectual merit and broader impacts review criteria.</AbstractNarration>
<MinAmdLetterDate>04/01/2020</MinAmdLetterDate>
<MaxAmdLetterDate>12/07/2021</MaxAmdLetterDate>
<ARRAAmount/>
<TRAN_TYPE>Grant</TRAN_TYPE>
<CFDA_NUM>47.076</CFDA_NUM>
<NSF_PAR_USE_FLAG>1</NSF_PAR_USE_FLAG>
<FUND_AGCY_CODE>4900</FUND_AGCY_CODE>
<AWDG_AGCY_CODE>4900</AWDG_AGCY_CODE>
<AwardID>2000881</AwardID>
<Investigator>
<FirstName>Kyra</FirstName>
<LastName>Caspary</LastName>
<PI_MID_INIT>N</PI_MID_INIT>
<PI_SUFX_NAME/>
<PI_FULL_NAME>Kyra N Caspary</PI_FULL_NAME>
<EmailAddress>kyra.caspary@sri.com</EmailAddress>
<PI_PHON>5034774228</PI_PHON>
<NSF_ID>000789444</NSF_ID>
<StartDate>04/01/2020</StartDate>
<EndDate>05/29/2020</EndDate>
<RoleCode>Former Co-Principal Investigator</RoleCode>
</Investigator>
<Investigator>
<FirstName>Maniphone</FirstName>
<LastName>Dickerson</LastName>
<PI_MID_INIT/>
<PI_SUFX_NAME/>
<PI_FULL_NAME>Maniphone Dickerson</PI_FULL_NAME>
<EmailAddress>maniphone.dickerson@evc.edu</EmailAddress>
<PI_PHON>4082706434</PI_PHON>
<NSF_ID>000803705</NSF_ID>
<StartDate>12/07/2021</StartDate>
<EndDate/>
<RoleCode>Co-Principal Investigator</RoleCode>
</Investigator>
<Investigator>
<FirstName>Alexandra</FirstName>
<LastName>Duran</LastName>
<PI_MID_INIT/>
<PI_SUFX_NAME/>
<PI_FULL_NAME>Alexandra Duran</PI_FULL_NAME>
<EmailAddress>alexandra.duran@sjeccd.edu</EmailAddress>
<PI_PHON>4087236488</PI_PHON>
<NSF_ID>000811714</NSF_ID>
<StartDate>06/24/2020</StartDate>
<EndDate/>
<RoleCode>Co-Principal Investigator</RoleCode>
</Investigator>
<Investigator>
<FirstName>Louise</FirstName>
<LastName>Yarnall</LastName>
<PI_MID_INIT/>
<PI_SUFX_NAME/>
<PI_FULL_NAME>Louise Yarnall</PI_FULL_NAME>
<EmailAddress>louise.yarnall@sri.com</EmailAddress>
<PI_PHON>6508593181</PI_PHON>
<NSF_ID>000197941</NSF_ID>
<StartDate>04/01/2020</StartDate>
<EndDate/>
<RoleCode>Principal Investigator</RoleCode>
</Investigator>
<Investigator>
<FirstName>Rebecca</FirstName>
<LastName>Griffiths</LastName>
<PI_MID_INIT/>
<PI_SUFX_NAME/>
<PI_FULL_NAME>Rebecca Griffiths</PI_FULL_NAME>
<EmailAddress>rebecca.griffiths@sri.com</EmailAddress>
<PI_PHON>7032478517</PI_PHON>
<NSF_ID>000828495</NSF_ID>
<StartDate>05/29/2020</StartDate>
<EndDate/>
<RoleCode>Co-Principal Investigator</RoleCode>
</Investigator>
<Institution>
<Name>SRI International</Name>
<CityName>MENLO PARK</CityName>
<ZipCode>940253453</ZipCode>
<PhoneNumber>7032478529</PhoneNumber>
<StreetAddress>333 RAVENSWOOD AVE</StreetAddress>
<StreetAddress2/>
<CountryName>United States</CountryName>
<StateName>California</StateName>
<StateCode>CA</StateCode>
<CONGRESSDISTRICT>18</CONGRESSDISTRICT>
<CONGRESS_DISTRICT_ORG>CA18</CONGRESS_DISTRICT_ORG>
<ORG_UEI_NUM>SRG2J1WS9X63</ORG_UEI_NUM>
<ORG_LGL_BUS_NAME>SRI INTERNATIONAL</ORG_LGL_BUS_NAME>
<ORG_PRNT_UEI_NUM>SRG2J1WS9X63</ORG_PRNT_UEI_NUM>
</Institution>
<Performance_Institution>
<Name><![CDATA[SRI International]]></Name>
<CityName/>
<StateCode>CA</StateCode>
<ZipCode>940253493</ZipCode>
<StreetAddress/>
<CountryCode>US</CountryCode>
<CountryName>United States</CountryName>
<StateName>California</StateName>
<CountryFlag>1</CountryFlag>
<CONGRESSDISTRICT>18</CONGRESSDISTRICT>
<CONGRESS_DISTRICT_PERF>CA18</CONGRESS_DISTRICT_PERF>
</Performance_Institution>
<ProgramElement>
<Code>7412</Code>
<Text>Advanced Tech Education Prog</Text>
</ProgramElement>
<ProgramReference>
<Code>1032</Code>
<Text>ADVANCED TECHNOLOGY EDUCATION</Text>
</ProgramReference>
<ProgramReference>
<Code>9178</Code>
<Text>UNDERGRADUATE EDUCATION</Text>
</ProgramReference>
<ProgramReference>
<Code>SMET</Code>
<Text>SCIENCE, MATH, ENG &amp; TECH EDUCATION</Text>
</ProgramReference>
<Appropriation>
<Code>0420</Code>
<Name>NSF Education &amp; Human Resource</Name>
<APP_SYMB_ID>040106</APP_SYMB_ID>
</Appropriation>
<Fund>
<Code>04002021DB</Code>
<Name><![CDATA[NSF Education & Human Resource]]></Name>
<FUND_SYMB_ID>040106</FUND_SYMB_ID>
</Fund>
<FUND_OBLG>2020~799949</FUND_OBLG>
</Award>
</rootTag>
