<?xml version="1.0" encoding="UTF-8"?>
<rootTag>
<Award>
<AwardTitle><![CDATA[Examining Potential Causal Connections and Mechanisms between Children's Block Play and Mathematics Learning]]></AwardTitle>
<AGENCY>NSF</AGENCY>
<AwardEffectiveDate>09/01/2020</AwardEffectiveDate>
<AwardExpirationDate>08/31/2023</AwardExpirationDate>
<AwardTotalIntnAmount>1347370.00</AwardTotalIntnAmount>
<AwardAmount>1347370</AwardAmount>
<AwardInstrument>
<Value>Standard Grant</Value>
</AwardInstrument>
<Organization>
<Code>11040000</Code>
<Directorate>
<Abbreviation>EHR</Abbreviation>
<LongName>Direct For Education and Human Resources</LongName>
</Directorate>
<Division>
<Abbreviation>DUE</Abbreviation>
<LongName>Division Of Undergraduate Education</LongName>
</Division>
</Organization>
<ProgramOfficer>
<SignBlockName>Catherine L. Eberbach</SignBlockName>
<PO_EMAI>ceberbac@nsf.gov</PO_EMAI>
<PO_PHON>7032924960</PO_PHON>
</ProgramOfficer>
<AbstractNarration><![CDATA[The purpose of this project is to further develop, refine, and evaluate a research-based STEM learning tool (i.e. block play) that tests theories of mathematical learning. Block play is common in preschool settings and is a context in which mathematics skill development may occur. Although a growing body of work has linked block play to mathematical development, there remains little causal evidence to support these relationships. The first objective of the project is to empirically evaluate the impacts of different types of block play on children’s mathematics. The second objective is to evaluate the extent to which children’s mathematical language (spatial and quantitative), spatial skills, and executive function are mechanisms that link block play with children’s mathematical learning. Results from this study will contribute to the theoretical understanding of how and why block play may influence the development of early mathematics, a key component of STEM and school readiness. Finally, this study will advance the research base about low-cost, feasible, and effective strategies for improving childrens’ mathematics learning. &lt;br/&gt;&lt;br/&gt;To meet the goals of this project, the project team will conduct a randomized controlled trial in which children from low-income backgrounds will be randomly assigned to one of three conditions: unstructured block play, semi-structured block play, or a business-as-usual control group. The block play sessions will be conducted with small groups of children and will be video recorded. It is hypothesized that children who participate in either of the block play conditions will demonstrate greater gains in mathematics compared to children in the business-as-usual condition. Further, it is expected that children in the semi-structured block play condition will experience greater gains in mathematics relative to children in the unstructured condition. The team will also test the extent to which mathematical language ability, spatial ability, and executive function are potential mechanisms that may underlie the association between block play and mathematics. It is hypothesized that gains in mathematical language and spatial skills will mediate the links between both intervention conditions and gains in mathematical learning. However, it is possible that executive function will only be a mechanism between the semi-structured block play condition and mathematics. The project will integrate research findings into classroom instruction, engage in-service teachers in intervention development, provide an early mathematics teacher training, and make all intervention materials publicly available.  This project is supported by the EHR Core Research (ECR) program, which supports work that advances fundamental research on STEM learning and learning environments, broadening participation in STEM, and STEM workforce development, with co-funding by the Discovery Research PreK-12 (DRK-12) program.&lt;br/&gt;&lt;br/&gt;This award reflects NSF's statutory mission and has been deemed worthy of support through evaluation using the Foundation's intellectual merit and broader impacts review criteria.]]></AbstractNarration>
<MinAmdLetterDate>07/28/2020</MinAmdLetterDate>
<MaxAmdLetterDate>07/28/2020</MaxAmdLetterDate>
<ARRAAmount/>
<TRAN_TYPE>Grant</TRAN_TYPE>
<CFDA_NUM>47.076</CFDA_NUM>
<NSF_PAR_USE_FLAG>1</NSF_PAR_USE_FLAG>
<FUND_AGCY_CODE>4900</FUND_AGCY_CODE>
<AWDG_AGCY_CODE>4900</AWDG_AGCY_CODE>
<AwardID>2000641</AwardID>
<Investigator>
<FirstName>David</FirstName>
<LastName>Purpura</LastName>
<PI_MID_INIT>J</PI_MID_INIT>
<PI_SUFX_NAME/>
<PI_FULL_NAME>David J Purpura</PI_FULL_NAME>
<EmailAddress><![CDATA[purpura@purdue.edu]]></EmailAddress>
<NSF_ID>000585079</NSF_ID>
<StartDate>07/28/2020</StartDate>
<EndDate/>
<RoleCode>Co-Principal Investigator</RoleCode>
</Investigator>
<Investigator>
<FirstName>Sara</FirstName>
<LastName>Schmitt</LastName>
<PI_MID_INIT/>
<PI_SUFX_NAME/>
<PI_FULL_NAME>Sara Schmitt</PI_FULL_NAME>
<EmailAddress><![CDATA[saraschmitt@purdue.edu]]></EmailAddress>
<NSF_ID>000712664</NSF_ID>
<StartDate>07/28/2020</StartDate>
<EndDate/>
<RoleCode>Principal Investigator</RoleCode>
</Investigator>
<Investigator>
<FirstName>Robert</FirstName>
<LastName>Duncan</LastName>
<PI_MID_INIT/>
<PI_SUFX_NAME/>
<PI_FULL_NAME>Robert Duncan</PI_FULL_NAME>
<EmailAddress><![CDATA[duncan99@purdue.edu]]></EmailAddress>
<NSF_ID>000797098</NSF_ID>
<StartDate>07/28/2020</StartDate>
<EndDate/>
<RoleCode>Co-Principal Investigator</RoleCode>
</Investigator>
<Institution>
<Name>Purdue University</Name>
<CityName>WEST LAFAYETTE</CityName>
<ZipCode>479061332</ZipCode>
<PhoneNumber>7654941055</PhoneNumber>
<StreetAddress>2550 NORTHWESTERN AVE STE 1900</StreetAddress>
<StreetAddress2/>
<CountryName>United States</CountryName>
<StateName>Indiana</StateName>
<StateCode>IN</StateCode>
<CONGRESSDISTRICT>04</CONGRESSDISTRICT>
<CONGRESS_DISTRICT_ORG>IN04</CONGRESS_DISTRICT_ORG>
<ORG_UEI_NUM>YRXVL4JYCEF5</ORG_UEI_NUM>
<ORG_LGL_BUS_NAME>PURDUE UNIVERSITY</ORG_LGL_BUS_NAME>
<ORG_PRNT_UEI_NUM>YRXVL4JYCEF5</ORG_PRNT_UEI_NUM>
</Institution>
<Performance_Institution>
<Name><![CDATA[Purdue University]]></Name>
<CityName>West Lafayette</CityName>
<StateCode>IN</StateCode>
<ZipCode>479072055</ZipCode>
<StreetAddress><![CDATA[1202 West State St.]]></StreetAddress>
<CountryCode>US</CountryCode>
<CountryName>United States</CountryName>
<StateName>Indiana</StateName>
<CountryFlag>1</CountryFlag>
<CONGRESSDISTRICT>04</CONGRESSDISTRICT>
<CONGRESS_DISTRICT_PERF>IN04</CONGRESS_DISTRICT_PERF>
</Performance_Institution>
<ProgramElement>
<Code>7645</Code>
<Text>Discovery Research K-12</Text>
</ProgramElement>
<ProgramElement>
<Code>7980</Code>
<Text>ECR-EHR Core Research</Text>
</ProgramElement>
<ProgramReference>
<Code>8817</Code>
<Text>STEM Learning &amp; Learning Environments</Text>
</ProgramReference>
<Appropriation>
<Code>0420</Code>
<Name>NSF Education &amp; Human Resource</Name>
<APP_SYMB_ID>040106</APP_SYMB_ID>
</Appropriation>
<Fund>
<Code>04002021DB</Code>
<Name><![CDATA[NSF Education & Human Resource]]></Name>
<FUND_SYMB_ID>040106</FUND_SYMB_ID>
</Fund>
<FUND_OBLG>2020~1347370</FUND_OBLG>
</Award>
</rootTag>
