<?xml version="1.0" encoding="UTF-8"?>
<rootTag>
<Award>
<AwardTitle>Collaborative Research: Tying deep-seated landslides to base level, earthquakes, and a changing climate in the Pacific Northwest</AwardTitle>
<AGENCY>NSF</AGENCY>
<AwardEffectiveDate>09/15/2020</AwardEffectiveDate>
<AwardExpirationDate>08/31/2023</AwardExpirationDate>
<AwardTotalIntnAmount>229898.00</AwardTotalIntnAmount>
<AwardAmount>229898</AwardAmount>
<AwardInstrument>
<Value>Standard Grant</Value>
</AwardInstrument>
<Organization>
<Code>06030000</Code>
<Directorate>
<Abbreviation>GEO</Abbreviation>
<LongName>Directorate For Geosciences</LongName>
</Directorate>
<Division>
<Abbreviation>EAR</Abbreviation>
<LongName>Division Of Earth Sciences</LongName>
</Division>
</Organization>
<ProgramOfficer>
<SignBlockName>Amanda Keen-Zebert</SignBlockName>
<PO_EMAI>akeenzeb@nsf.gov</PO_EMAI>
<PO_PHON>7032920000</PO_PHON>
</ProgramOfficer>
<AbstractNarration>Thousands of prehistoric landslide deposits are found throughout the heavily populated Puget Sound region in Washington State, where the SR530 “Oso” Landslide killed 43 people in 2014. The region also experiences other hazards, such as earthquakes and heavy winter rain storms, that likely triggered many of those prehistoric landslides. This project will comprehensively map and estimate the ages of past landslides to determine which ones were likely triggered by independently known earthquakes and climatic events, thereby improving hazard estimates for future events. Coordination with state agencies responsible for creating landslide hazard maps in the Pacific Northwest is planned to ensure broad dissemination of project results. An important focus will be connecting landslides that may have been triggered by a prehistoric earthquake on the Seattle Fault to physics-based computer simulations of ground shaking caused by that earthquake.&lt;br/&gt;&lt;br/&gt;The project will test long-standing conceptual models for when and where landslides occur within the landscape in response to three main forcing mechanisms: earthquakes, climate, and base level. The main technical goal is to quantify the pattern of landslides in space and time and evaluate that pattern against independent records of forcing mechanisms. To date the thousands of landslides required to accomplish this goal, the researchers will define an empirical model for landslide age that can be efficiently measured remotely with airborne lidar data and constrained by known ages of benchmark landslides. Simulated ground motions from a suite of modeled Seattle Fault earthquake scenarios will be compared to landslides likely triggered by its most recent prehistoric rupture to inform future hazard estimates and constrain rupture parameters. The novel combination of remote sensing-based landslide dating and 3D earthquake simulations will advance scientific understanding of how landscapes evolve and generate hazards.&lt;br/&gt;&lt;br/&gt;This award reflects NSF's statutory mission and has been deemed worthy of support through evaluation using the Foundation's intellectual merit and broader impacts review criteria.</AbstractNarration>
<MinAmdLetterDate>06/26/2020</MinAmdLetterDate>
<MaxAmdLetterDate>06/26/2020</MaxAmdLetterDate>
<ARRAAmount/>
<TRAN_TYPE>Grant</TRAN_TYPE>
<CFDA_NUM>47.050</CFDA_NUM>
<NSF_PAR_USE_FLAG>1</NSF_PAR_USE_FLAG>
<FUND_AGCY_CODE>4900</FUND_AGCY_CODE>
<AWDG_AGCY_CODE>4900</AWDG_AGCY_CODE>
<AwardID>2000188</AwardID>
<Investigator>
<FirstName>Adam</FirstName>
<LastName>Booth</LastName>
<PI_MID_INIT>M</PI_MID_INIT>
<PI_SUFX_NAME/>
<PI_FULL_NAME>Adam M Booth</PI_FULL_NAME>
<EmailAddress>boothad@pdx.edu</EmailAddress>
<PI_PHON>5037259989</PI_PHON>
<NSF_ID>000656840</NSF_ID>
<StartDate>06/26/2020</StartDate>
<EndDate/>
<RoleCode>Principal Investigator</RoleCode>
</Investigator>
<Institution>
<Name>Portland State University</Name>
<CityName>PORTLAND</CityName>
<ZipCode>972015522</ZipCode>
<PhoneNumber>5037259900</PhoneNumber>
<StreetAddress>1600 SW 4TH AVE</StreetAddress>
<StreetAddress2/>
<CountryName>United States</CountryName>
<StateName>Oregon</StateName>
<StateCode>OR</StateCode>
<CONGRESSDISTRICT>03</CONGRESSDISTRICT>
<CONGRESS_DISTRICT_ORG>OR03</CONGRESS_DISTRICT_ORG>
<ORG_UEI_NUM>H4CAHK2RD945</ORG_UEI_NUM>
<ORG_LGL_BUS_NAME>PORTLAND STATE UNIVERSITY</ORG_LGL_BUS_NAME>
<ORG_PRNT_UEI_NUM>H4CAHK2RD945</ORG_PRNT_UEI_NUM>
</Institution>
<Performance_Institution>
<Name><![CDATA[Portland State University]]></Name>
<CityName>Portland</CityName>
<StateCode>OR</StateCode>
<ZipCode>972013300</ZipCode>
<StreetAddress><![CDATA[1721 SW Broadway]]></StreetAddress>
<CountryCode>US</CountryCode>
<CountryName>United States</CountryName>
<StateName>Oregon</StateName>
<CountryFlag>1</CountryFlag>
<CONGRESSDISTRICT>03</CONGRESSDISTRICT>
<CONGRESS_DISTRICT_PERF>OR03</CONGRESS_DISTRICT_PERF>
</Performance_Institution>
<ProgramElement>
<Code>7458</Code>
<Text>Geomorphology &amp; Land-use Dynam</Text>
</ProgramElement>
<Appropriation>
<Code>0120</Code>
<Name>NSF RESEARCH &amp; RELATED ACTIVIT</Name>
<APP_SYMB_ID>040100</APP_SYMB_ID>
</Appropriation>
<Fund>
<Code>01002021DB</Code>
<Name><![CDATA[NSF RESEARCH & RELATED ACTIVIT]]></Name>
<FUND_SYMB_ID>040100</FUND_SYMB_ID>
</Fund>
<FUND_OBLG>2020~229898</FUND_OBLG>
</Award>
</rootTag>
