<?xml version="1.0" encoding="UTF-8"?>
<rootTag>
<Award>
<AwardTitle>Collaborative Research: Excellence in Research: Interactive Effects of Dietary Fat and Gut Microbiota on Neurobehavioral Development in Gallus gallus</AwardTitle>
<AGENCY>NSF</AGENCY>
<AwardEffectiveDate>10/01/2020</AwardEffectiveDate>
<AwardExpirationDate>09/30/2023</AwardExpirationDate>
<AwardTotalIntnAmount>759217.00</AwardTotalIntnAmount>
<AwardAmount>972936</AwardAmount>
<AwardInstrument>
<Value>Standard Grant</Value>
</AwardInstrument>
<Organization>
<Code>08090300</Code>
<Directorate>
<Abbreviation>BIO</Abbreviation>
<LongName>Direct For Biological Sciences</LongName>
</Directorate>
<Division>
<Abbreviation>IOS</Abbreviation>
<LongName>Division Of Integrative Organismal Systems</LongName>
</Division>
</Organization>
<ProgramOfficer>
<SignBlockName>Kathryn Dickson</SignBlockName>
<PO_EMAI>kdickson@nsf.gov</PO_EMAI>
<PO_PHON>7032927380</PO_PHON>
</ProgramOfficer>
<AbstractNarration>Dietary fat is not only an important source of energy in human and animal diets, but it can also result in production of metabolites that may alter specific physiological functions in living organisms, including those associated with behavior. Dietary fat can impact both the composition of the gut microbiome and the generation of metabolites by the gut microbiome. Using chickens (Gallus gallus) as a vertebrate model, this study will investigate the interactive effects of dietary fat type and quantity on the composition of metabolites produced by gut microbiota, and will identify consequent changes in brain function (neurotransmitter signaling) and bird behavior. This study will utilize cutting-edge analytical techniques including genomics, metagenomics, gene expression, and electrophysiology to examine these interactive effects, with this work being conducted by both faculty and student researchers at three collaborating institutions. This study will provide mentored research experiences to more than a dozen biological and animal science students from the historically black institutions (HBCUs) involved in this project, as well as training three PhD students. Results from this study are expected to lead to a more complete understanding of how dietary fat types and the microbiota impact animal health, with potential applications to human health and the agricultural production of chickens. By involving undergraduate students from two HBCUs in the research, the project will help motivate impactful scientific researchers of the future.&lt;br/&gt;&lt;br/&gt;There is a growing body of evidence suggesting that dietary fat type and concentration impact the physiological and behavioral conditions of animals with respect to nutrient levels, brain function, and reactivity to stress. However, the molecular mechanisms by which dietary fat and gut microbiota interact to influence the central serotonergic system are yet to be elucidated in birds. In this study, male and female chickens of varying ages will serve as model vertebrate animals to understand how changes in dietary fat type and concentration impact the activity of the central serotonergic system. Changes in gut microbiota in response to diet and age will be evaluated through 16S rRNA sequencing and shotgun metagenomics. Resulting shifts in metabolites produced from intestinal microbial fermentation processes will be determined by metabolomics, and relevant metabolites will be tracked from the gut through the blood, and to the brain. A systems-based analysis will enable the identification of metabolites that cross the blood-brain barrier to potentially modulate brain signaling and serotonin synthesis. Changes in bird behavior will be studied by using video recordings and software to perform neurobehavioral analysis. Expression levels of genes involved in production of behavior-modulating neurotransmitters will be quantified as correlates of dietary fat and gut microbiota interactions. The results may lead to improvements in the agricultural production of chickens. This multifaceted project will provide integrative STEM training experiences for undergraduate students and three PhD-level trainees. The project represents a new cross-disciplinary research area in the collaborating laboratories to investigate the gut-brain-microbiome axis, and will impact the research environment at two HBCUs.&lt;br/&gt;&lt;br/&gt;This award reflects NSF's statutory mission and has been deemed worthy of support through evaluation using the Foundation's intellectual merit and broader impacts review criteria.</AbstractNarration>
<MinAmdLetterDate>07/10/2020</MinAmdLetterDate>
<MaxAmdLetterDate>07/22/2021</MaxAmdLetterDate>
<ARRAAmount/>
<TRAN_TYPE>Grant</TRAN_TYPE>
<CFDA_NUM>47.074</CFDA_NUM>
<NSF_PAR_USE_FLAG>1</NSF_PAR_USE_FLAG>
<FUND_AGCY_CODE>4900</FUND_AGCY_CODE>
<AWDG_AGCY_CODE>4900</AWDG_AGCY_CODE>
<AwardID>2000324</AwardID>
<Investigator>
<FirstName>Scott</FirstName>
<LastName>Harrison</LastName>
<PI_MID_INIT/>
<PI_SUFX_NAME/>
<PI_FULL_NAME>Scott Harrison</PI_FULL_NAME>
<EmailAddress>scotth@ncat.edu</EmailAddress>
<PI_PHON>3363347995</PI_PHON>
<NSF_ID>000649902</NSF_ID>
<StartDate>07/10/2020</StartDate>
<EndDate/>
<RoleCode>Co-Principal Investigator</RoleCode>
</Investigator>
<Investigator>
<FirstName>Jian</FirstName>
<LastName>Han</LastName>
<PI_MID_INIT/>
<PI_SUFX_NAME/>
<PI_FULL_NAME>Jian Han</PI_FULL_NAME>
<EmailAddress>jhan@ncat.edu</EmailAddress>
<PI_PHON>3363347995</PI_PHON>
<NSF_ID>000690206</NSF_ID>
<StartDate>07/10/2020</StartDate>
<EndDate/>
<RoleCode>Co-Principal Investigator</RoleCode>
</Investigator>
<Investigator>
<FirstName>Yewande</FirstName>
<LastName>Fasina</LastName>
<PI_MID_INIT/>
<PI_SUFX_NAME/>
<PI_FULL_NAME>Yewande Fasina</PI_FULL_NAME>
<EmailAddress>yfasina@ncat.edu</EmailAddress>
<PI_PHON>3362854805</PI_PHON>
<NSF_ID>000784295</NSF_ID>
<StartDate>07/10/2020</StartDate>
<EndDate/>
<RoleCode>Principal Investigator</RoleCode>
</Investigator>
<Investigator>
<FirstName>Marisa</FirstName>
<LastName>Erasmus</LastName>
<PI_MID_INIT/>
<PI_SUFX_NAME/>
<PI_FULL_NAME>Marisa Erasmus</PI_FULL_NAME>
<EmailAddress>merasmus@purdue.edu</EmailAddress>
<PI_PHON>7654963886</PI_PHON>
<NSF_ID>000812241</NSF_ID>
<StartDate>07/10/2020</StartDate>
<EndDate/>
<RoleCode>Co-Principal Investigator</RoleCode>
</Investigator>
<Institution>
<Name>North Carolina Agricultural &amp; Technical State University</Name>
<CityName>GREENSBORO</CityName>
<ZipCode>274110001</ZipCode>
<PhoneNumber>3363347995</PhoneNumber>
<StreetAddress>1601 E MARKET ST DOWDY BLDG STE</StreetAddress>
<StreetAddress2/>
<CountryName>United States</CountryName>
<StateName>North Carolina</StateName>
<StateCode>NC</StateCode>
<CONGRESSDISTRICT>06</CONGRESSDISTRICT>
<CONGRESS_DISTRICT_ORG>NC06</CONGRESS_DISTRICT_ORG>
<ORG_UEI_NUM>SKH5GMBR9GL3</ORG_UEI_NUM>
<ORG_LGL_BUS_NAME>NORTH CAROLINA AGRICULTURAL AND TECHNICAL STATE UNIVERSITY</ORG_LGL_BUS_NAME>
<ORG_PRNT_UEI_NUM>SKH5GMBR9GL3</ORG_PRNT_UEI_NUM>
</Institution>
<Performance_Institution>
<Name><![CDATA[North Carolina A&T State University]]></Name>
<CityName>Greensboro</CityName>
<StateCode>NC</StateCode>
<ZipCode>274110001</ZipCode>
<StreetAddress><![CDATA[1601 East Market Street]]></StreetAddress>
<CountryCode>US</CountryCode>
<CountryName>United States</CountryName>
<StateName>North Carolina</StateName>
<CountryFlag>1</CountryFlag>
<CONGRESSDISTRICT>06</CONGRESSDISTRICT>
<CONGRESS_DISTRICT_PERF>NC06</CONGRESS_DISTRICT_PERF>
</Performance_Institution>
<ProgramElement>
<Code>070Y</Code>
<Text>HBCU-EiR - HBCU-Excellence in</Text>
</ProgramElement>
<ProgramReference>
<Code>102Z</Code>
<Text>COVID-Disproportionate Impcts Inst-Indiv</Text>
</ProgramReference>
<ProgramReference>
<Code>2886</Code>
<Text>MINORITY INSTITUTIONS PROGRAM</Text>
</ProgramReference>
<ProgramReference>
<Code>9178</Code>
<Text>UNDERGRADUATE EDUCATION</Text>
</ProgramReference>
<ProgramReference>
<Code>9179</Code>
<Text>GRADUATE INVOLVEMENT</Text>
</ProgramReference>
<Appropriation>
<Code>0120</Code>
<Name>NSF RESEARCH &amp; RELATED ACTIVIT</Name>
<APP_SYMB_ID>040100</APP_SYMB_ID>
</Appropriation>
<Appropriation>
<Code>0121</Code>
<Name>NSF RESEARCH &amp; RELATED ACTIVIT</Name>
<APP_SYMB_ID>040100</APP_SYMB_ID>
</Appropriation>
<Fund>
<Code>01002021DB</Code>
<Name><![CDATA[NSF RESEARCH & RELATED ACTIVIT]]></Name>
<FUND_SYMB_ID>040100</FUND_SYMB_ID>
</Fund>
<Fund>
<Code>01002122DB</Code>
<Name><![CDATA[NSF RESEARCH & RELATED ACTIVIT]]></Name>
<FUND_SYMB_ID>040100</FUND_SYMB_ID>
</Fund>
<FUND_OBLG>2020~759217</FUND_OBLG>
<FUND_OBLG>2021~213719</FUND_OBLG>
</Award>
</rootTag>
