<?xml version="1.0" encoding="UTF-8"?>
<rootTag>
<Award>
<AwardTitle><![CDATA[ECR DBER DCL: Facilitation Practices of Instructional Assistants]]></AwardTitle>
<AGENCY>NSF</AGENCY>
<AwardEffectiveDate>10/01/2020</AwardEffectiveDate>
<AwardExpirationDate>09/30/2023</AwardExpirationDate>
<AwardTotalIntnAmount>500787.00</AwardTotalIntnAmount>
<AwardAmount>625072</AwardAmount>
<AwardInstrument>
<Value>Standard Grant</Value>
</AwardInstrument>
<Organization>
<Code>11040000</Code>
<Directorate>
<Abbreviation>EHR</Abbreviation>
<LongName>Direct For Education and Human Resources</LongName>
</Directorate>
<Division>
<Abbreviation>DUE</Abbreviation>
<LongName>Division Of Undergraduate Education</LongName>
</Division>
</Organization>
<ProgramOfficer>
<SignBlockName>Dawn Rickey</SignBlockName>
<PO_EMAI>drickey@nsf.gov</PO_EMAI>
<PO_PHON>7032924674</PO_PHON>
</ProgramOfficer>
<AbstractNarration><![CDATA[This project aims to serve the national interest by characterizing the ways in which facilitation practices of instructional assistants contribute to the scientific literacy of students in large enrollment introductory chemistry and physics lectures. In this project, instructional assistants are defined as undergraduate learning assistants and graduate teaching assistants who support student learning during problem solving in interactive lectures. Integrating instructional assistants into introductory gatekeeper courses contributes to increased student achievement and a decrease in failure rates in these courses and can be particularly beneficial for students from marginalized groups. However, not every instructional assistant-student interaction is effective. This foundational research will characterize interactive dynamics that are effective for student learning.&lt;br/&gt;&lt;br/&gt;The project will use a sociocultural perspective to model four dimensions of instructional assistants’ facilitation practices: the nature of instructional assistant-student interactions, their purposes, in-the-moment learning that occurs, and the integration of the interactions into the whole class. The research will adapt the formative assessment enactment model that was developed to characterize K-12 teaching practices to model instructional assistant-student interactions. Practical epistemology analysis will be used to model students’ in-the-moment learning during interactions. The integration of interactions into the whole class will be characterized using cultural historical activity theory to relate instructional assistant-student interactions and whole class discussions. Multiple strands of data will be collected and qualitatively analyzed, including videos of instructional assistant-student interactions and interviews with professors, instructional assistants, and students. Results from this project will provide a theoretical basis to inform professional development for IAs and further systematic study of their practices. This project is supported by the EHR Core Research (ECR) program, which supports work that advances fundamental research on STEM learning and learning environments, broadening participation in STEM, and STEM workforce development.&lt;br/&gt;&lt;br/&gt;This award reflects NSF's statutory mission and has been deemed worthy of support through evaluation using the Foundation's intellectual merit and broader impacts review criteria.]]></AbstractNarration>
<MinAmdLetterDate>08/11/2020</MinAmdLetterDate>
<MaxAmdLetterDate>07/30/2021</MaxAmdLetterDate>
<ARRAAmount/>
<TRAN_TYPE>Grant</TRAN_TYPE>
<CFDA_NUM>47.076</CFDA_NUM>
<NSF_PAR_USE_FLAG>1</NSF_PAR_USE_FLAG>
<FUND_AGCY_CODE>4900</FUND_AGCY_CODE>
<AWDG_AGCY_CODE>4900</AWDG_AGCY_CODE>
<AwardID>2000603</AwardID>
<Investigator>
<FirstName>Hannah</FirstName>
<LastName>Sevian</LastName>
<PI_MID_INIT/>
<PI_SUFX_NAME/>
<PI_FULL_NAME>Hannah Sevian</PI_FULL_NAME>
<EmailAddress><![CDATA[hannah.sevian@umb.edu]]></EmailAddress>
<NSF_ID>000414946</NSF_ID>
<StartDate>08/11/2020</StartDate>
<EndDate>07/30/2021</EndDate>
<RoleCode>Former Co-Principal Investigator</RoleCode>
</Investigator>
<Investigator>
<FirstName>Ira</FirstName>
<LastName>Caspari-Gnann</LastName>
<PI_MID_INIT/>
<PI_SUFX_NAME/>
<PI_FULL_NAME>Ira Caspari-Gnann</PI_FULL_NAME>
<EmailAddress><![CDATA[ira.caspari@tufts.edu]]></EmailAddress>
<NSF_ID>000810496</NSF_ID>
<StartDate>08/11/2020</StartDate>
<EndDate/>
<RoleCode>Principal Investigator</RoleCode>
</Investigator>
<Investigator>
<FirstName>Vesal</FirstName>
<LastName>Dini</LastName>
<PI_MID_INIT/>
<PI_SUFX_NAME/>
<PI_FULL_NAME>Vesal Dini</PI_FULL_NAME>
<EmailAddress><![CDATA[vesal.dini@tufts.edu]]></EmailAddress>
<NSF_ID>000811990</NSF_ID>
<StartDate>08/11/2020</StartDate>
<EndDate/>
<RoleCode>Co-Principal Investigator</RoleCode>
</Investigator>
<Investigator>
<FirstName>Steven</FirstName>
<LastName>Cullipher</LastName>
<PI_MID_INIT>G</PI_MID_INIT>
<PI_SUFX_NAME/>
<PI_FULL_NAME>Steven G Cullipher</PI_FULL_NAME>
<EmailAddress><![CDATA[steven.cullipher@umb.edu]]></EmailAddress>
<NSF_ID>000861284</NSF_ID>
<StartDate>07/30/2021</StartDate>
<EndDate/>
<RoleCode>Co-Principal Investigator</RoleCode>
</Investigator>
<Institution>
<Name>Tufts University</Name>
<CityName>SOMERVILLE</CityName>
<ZipCode>021442401</ZipCode>
<PhoneNumber>6176273696</PhoneNumber>
<StreetAddress>169 HOLLAND ST FL 3</StreetAddress>
<StreetAddress2/>
<CountryName>United States</CountryName>
<StateName>Massachusetts</StateName>
<StateCode>MA</StateCode>
<CONGRESSDISTRICT>07</CONGRESSDISTRICT>
<CONGRESS_DISTRICT_ORG>MA07</CONGRESS_DISTRICT_ORG>
<ORG_UEI_NUM>WL9FLBRVPJJ7</ORG_UEI_NUM>
<ORG_LGL_BUS_NAME>TRUSTEES OF TUFTS COLLEGE INC</ORG_LGL_BUS_NAME>
<ORG_PRNT_UEI_NUM>WL9FLBRVPJJ7</ORG_PRNT_UEI_NUM>
</Institution>
<Performance_Institution>
<Name><![CDATA[Tufts Univseristy]]></Name>
<CityName/>
<StateCode>MA</StateCode>
<ZipCode>021253300</ZipCode>
<StreetAddress/>
<CountryCode>US</CountryCode>
<CountryName>United States</CountryName>
<StateName>Massachusetts</StateName>
<CountryFlag>1</CountryFlag>
<CONGRESSDISTRICT>08</CONGRESSDISTRICT>
<CONGRESS_DISTRICT_PERF>MA08</CONGRESS_DISTRICT_PERF>
</Performance_Institution>
<ProgramElement>
<Code>7980</Code>
<Text>ECR-EHR Core Research</Text>
</ProgramElement>
<ProgramReference>
<Code>102Z</Code>
<Text>COVID-Disproportionate Impcts Inst-Indiv</Text>
</ProgramReference>
<ProgramReference>
<Code>8817</Code>
<Text>STEM Learning &amp; Learning Environments</Text>
</ProgramReference>
<Appropriation>
<Code>0420</Code>
<Name>NSF Education &amp; Human Resource</Name>
<APP_SYMB_ID>040106</APP_SYMB_ID>
</Appropriation>
<Appropriation>
<Code>0421</Code>
<Name>NSF Education &amp; Human Resource</Name>
<APP_SYMB_ID>040106</APP_SYMB_ID>
</Appropriation>
<Fund>
<Code>04002021DB</Code>
<Name><![CDATA[NSF Education & Human Resource]]></Name>
<FUND_SYMB_ID>040106</FUND_SYMB_ID>
</Fund>
<Fund>
<Code>04002122DB</Code>
<Name><![CDATA[NSF Education & Human Resource]]></Name>
<FUND_SYMB_ID>040106</FUND_SYMB_ID>
</Fund>
<FUND_OBLG>2020~500787</FUND_OBLG>
<FUND_OBLG>2021~124285</FUND_OBLG>
</Award>
</rootTag>
