<?xml version="1.0" encoding="UTF-8"?>
<rootTag>
<Award>
<AwardTitle>Collaborative Research: Recognition of Gender Stereotyping as a Determinant of Stereotype Assimilation and Contrast Effects Resulting from Subtle Bias Exposure in STEM</AwardTitle>
<AGENCY>NSF</AGENCY>
<AwardEffectiveDate>08/01/2020</AwardEffectiveDate>
<AwardExpirationDate>07/31/2023</AwardExpirationDate>
<AwardTotalIntnAmount>842676.00</AwardTotalIntnAmount>
<AwardAmount>608645</AwardAmount>
<AwardInstrument>
<Value>Continuing Grant</Value>
</AwardInstrument>
<Organization>
<Code>11060000</Code>
<Directorate>
<Abbreviation>EHR</Abbreviation>
<LongName>Direct For Education and Human Resources</LongName>
</Directorate>
<Division>
<Abbreviation>HRD</Abbreviation>
<LongName>Division Of Human Resource Development</LongName>
</Division>
</Organization>
<ProgramOfficer>
<SignBlockName>Jessie Dearo</SignBlockName>
<PO_EMAI>jdearo@nsf.gov</PO_EMAI>
<PO_PHON>7032925350</PO_PHON>
</ProgramOfficer>
<AbstractNarration>Women have been historically underrepresented in STEM fields, and research evidence suggests that subtle gender bias occurs in many STEM settings, especially those where women continue to be underrepresented. Social psychological research has demonstrated the negative effects of perceived bias or becoming aware that one is the target of stereotyping and discrimination. This project will provide a novel contribution to and extension of the perceived bias research by proposing that simply witnessing instances of subtle gender bias can have differential effects on observers depending on whether they recognize the event as an instance of gender stereotyping. When witnesses observe stereotypic interactions but do not perceive them as instances of gender stereotyping, the interactions serve as a subtle stereotype cue that promotes stereotype-supporting outcomes. When witnesses to bias do recognize the stereotypic interactions as instances of gender stereotyping, the interactions serve as a blatant stereotype cue promoting stereotype-defying outcomes. The researchers will undertake a series of studies designed to experimentally test the effects of subtle vs. blatant stereotype activation (cued by witnessing bias on men and women in computer science and engineering contexts) focusing on performance, motivation, evaluation of peers, and group dynamics. The findings will inform ongoing and future intervention efforts aimed at raising awareness of and mitigating negative effects of gender bias in the STEM environment. The proposed project is a joint effort between the University of Michigan Ann Arbor and Michigan Technological University and is supported by the EHR Core Research (ECR) program, which supports work that advances fundamental research on STEM learning and learning environments, broadening participation in STEM, and STEM workforce development.&lt;br/&gt;&lt;br/&gt;This research effort will advance the discovery and understanding of mechanisms by which the presence of subtle gender bias influences the climate for men and women in STEM by specifically exploring process differences for blatant and implicit bias cues. The work will provide insight into the influences of these cues on performance and motivation among women, as well as the behaviors of men and women in groups and on teams. One strength of this work is the use of experimental methodology (i.e. randomized controlled trials (RCTs) to study the effects of witnessing subtle bias. Using RCTs provides a rigorous test of a causal relationship between exposure to subtle bias and its purported consequences. Moreover, this research project will also expand research and theory on the effects of experienced discrimination, by examining these effects on witnesses of bias, including men, with important downstream consequences. By exploring these relationships, the research will afford better understanding of how the awareness and attribution of subtle gender bias may modify outcomes for everyone in the setting. This understanding may inform ongoing and future intervention efforts aimed at raising awareness of and mitigating negative outcomes of gender bias in the STEM environment.&lt;br/&gt;&lt;br/&gt;This award reflects NSF's statutory mission and has been deemed worthy of support through evaluation using the Foundation's intellectual merit and broader impacts review criteria.</AbstractNarration>
<MinAmdLetterDate>07/02/2020</MinAmdLetterDate>
<MaxAmdLetterDate>09/22/2021</MaxAmdLetterDate>
<ARRAAmount/>
<TRAN_TYPE>Grant</TRAN_TYPE>
<CFDA_NUM>47.076</CFDA_NUM>
<NSF_PAR_USE_FLAG>1</NSF_PAR_USE_FLAG>
<FUND_AGCY_CODE>4900</FUND_AGCY_CODE>
<AWDG_AGCY_CODE>4900</AWDG_AGCY_CODE>
<AwardID>2000518</AwardID>
<Investigator>
<FirstName>Denise</FirstName>
<LastName>Sekaquaptewa</LastName>
<PI_MID_INIT>J</PI_MID_INIT>
<PI_SUFX_NAME/>
<PI_FULL_NAME>Denise J Sekaquaptewa</PI_FULL_NAME>
<EmailAddress>dsekaqua@umich.edu</EmailAddress>
<PI_PHON>7346479685</PI_PHON>
<NSF_ID>000421980</NSF_ID>
<StartDate>07/02/2020</StartDate>
<EndDate/>
<RoleCode>Principal Investigator</RoleCode>
</Investigator>
<Institution>
<Name>Regents of the University of Michigan - Ann Arbor</Name>
<CityName>ANN ARBOR</CityName>
<ZipCode>481091340</ZipCode>
<PhoneNumber>7347636438</PhoneNumber>
<StreetAddress>503 THOMPSON ST</StreetAddress>
<StreetAddress2/>
<CountryName>United States</CountryName>
<StateName>Michigan</StateName>
<StateCode>MI</StateCode>
<CONGRESSDISTRICT>12</CONGRESSDISTRICT>
<CONGRESS_DISTRICT_ORG>MI12</CONGRESS_DISTRICT_ORG>
<ORG_UEI_NUM>GNJ7BBP73WE9</ORG_UEI_NUM>
<ORG_LGL_BUS_NAME>REGENTS OF THE UNIVERSITY OF MICHIGAN</ORG_LGL_BUS_NAME>
<ORG_PRNT_UEI_NUM>GNJ7BBP73WE9</ORG_PRNT_UEI_NUM>
</Institution>
<Performance_Institution>
<Name><![CDATA[University of Michigan Ann Arbor]]></Name>
<CityName/>
<StateCode>MI</StateCode>
<ZipCode>481091043</ZipCode>
<StreetAddress/>
<CountryCode>US</CountryCode>
<CountryName>United States</CountryName>
<StateName>Michigan</StateName>
<CountryFlag>1</CountryFlag>
<CONGRESSDISTRICT>12</CONGRESSDISTRICT>
<CONGRESS_DISTRICT_PERF>MI12</CONGRESS_DISTRICT_PERF>
</Performance_Institution>
<ProgramElement>
<Code>7980</Code>
<Text>ECR-EHR Core Research</Text>
</ProgramElement>
<ProgramReference>
<Code>1544</Code>
<Text>GSE: Research on Gender in S&amp;E</Text>
</ProgramReference>
<ProgramReference>
<Code>8212</Code>
<Text>Broaden Particip STEM Resrch</Text>
</ProgramReference>
<ProgramReference>
<Code>8817</Code>
<Text>STEM Learning &amp; Learning Environments</Text>
</ProgramReference>
<Appropriation>
<Code>0420</Code>
<Name>NSF Education &amp; Human Resource</Name>
<APP_SYMB_ID>040106</APP_SYMB_ID>
</Appropriation>
<Appropriation>
<Code>0421</Code>
<Name>NSF Education &amp; Human Resource</Name>
<APP_SYMB_ID>040106</APP_SYMB_ID>
</Appropriation>
<Fund>
<Code>04002021DB</Code>
<Name><![CDATA[NSF Education & Human Resource]]></Name>
<FUND_SYMB_ID>040106</FUND_SYMB_ID>
</Fund>
<Fund>
<Code>04002122DB</Code>
<Name><![CDATA[NSF Education & Human Resource]]></Name>
<FUND_SYMB_ID>040106</FUND_SYMB_ID>
</Fund>
<FUND_OBLG>2020~537043</FUND_OBLG>
<FUND_OBLG>2021~71602</FUND_OBLG>
</Award>
</rootTag>
