<?xml version="1.0" encoding="UTF-8"?>
<rootTag>
<Award>
<AwardTitle>Collaborative Research: A Deeply Integrated Physics-Based and Data-Driven Approach for Effective Resilience Management of the Power Grid</AwardTitle>
<AGENCY>NSF</AGENCY>
<AwardEffectiveDate>09/01/2020</AwardEffectiveDate>
<AwardExpirationDate>08/31/2023</AwardExpirationDate>
<AwardTotalIntnAmount>250000.00</AwardTotalIntnAmount>
<AwardAmount>305000</AwardAmount>
<AwardInstrument>
<Value>Standard Grant</Value>
</AwardInstrument>
<Organization>
<Code>07030000</Code>
<Directorate>
<Abbreviation>ENG</Abbreviation>
<LongName>Directorate For Engineering</LongName>
</Directorate>
<Division>
<Abbreviation>CMMI</Abbreviation>
<LongName>Div Of Civil, Mechanical, &amp; Manufact Inn</LongName>
</Division>
</Organization>
<ProgramOfficer>
<SignBlockName>Yueyue Fan</SignBlockName>
<PO_EMAI>yfan@nsf.gov</PO_EMAI>
<PO_PHON>7032924453</PO_PHON>
</ProgramOfficer>
<AbstractNarration>This grant will develop a novel, deeply integrated physics-based data-driven approach to assess and enhance the resilience of power transmission systems impacted by climatic extremes. The US electricity infrastructure is increasingly prone to climatic risks that cause wide-spread and sustained outages, costing billions of dollars annually. While natural hazard-induced failures in the transmission grid lead to large-scale and costly impacts, the existing transmission expansion planning models largely neglect resilience consideration of the network facing natural hazards. The purely data-driven approaches prevalent in resilience analytics of power distribution systems, however, are not applicable to transmission systems due to relative scarcity of data. A unilateral reliance on physics-based models is not feasible either due to their extreme computational costs, limiting their ability to scale up to the network level. This NSF grant seeks to address this fundamental gap via deep integration of physics-based and data driven methods. The outcome of this research is expected to help key decision-makers for the transmission infrastructure to characterize resilience under various uncertain future scenarios and identify optimal adaptation or mitigation strategies. The research program is complemented with educating the next generation of scholars in modeling hazards and infrastructure resilience through an interdisciplinary, research-integrated educational program, a strong commitment to increased diversity in student training and broad dissemination of the results.&lt;br/&gt;&lt;br/&gt;The research approach is grounded in the latest developments in big data analytics as well as physics-based analysis of structural failures. The physics-guided, data-centric and multiscale framework allows for scalable assessment of network resilience and identification of optimal investment decisions under climate uncertainty. Using the state-of-the-art machine learning and computer vision, the project will generate new publicly accessible data on transmission network topology as well as hazards’ impacts to facilitate further research in transmission resilience planning within the scientific community. Novel limit state functions for failure quantification of transmission networks will be established and a scalable approach to uncertainty quantification of structural systems will be developed. The multiscale approach to modeling uncertain processes will effectively fuse data on transmission systems with computational models of the infrastructure. The developed methodologies and data will shed new lights on the vulnerability of the transmission system under future hazard scenarios, and enable assessing the impact of investment decisions on transmission system resilience.&lt;br/&gt;&lt;br/&gt;This award reflects NSF's statutory mission and has been deemed worthy of support through evaluation using the Foundation's intellectual merit and broader impacts review criteria.</AbstractNarration>
<MinAmdLetterDate>07/07/2020</MinAmdLetterDate>
<MaxAmdLetterDate>07/28/2021</MaxAmdLetterDate>
<ARRAAmount/>
<TRAN_TYPE>Grant</TRAN_TYPE>
<CFDA_NUM>47.041</CFDA_NUM>
<NSF_PAR_USE_FLAG>1</NSF_PAR_USE_FLAG>
<FUND_AGCY_CODE>4900</FUND_AGCY_CODE>
<AWDG_AGCY_CODE>4900</AWDG_AGCY_CODE>
<AwardID>2000140</AwardID>
<Investigator>
<FirstName>Roshanak</FirstName>
<LastName>Nateghi</LastName>
<PI_MID_INIT/>
<PI_SUFX_NAME/>
<PI_FULL_NAME>Roshanak Nateghi</PI_FULL_NAME>
<EmailAddress>rnateghi@purdue.edu</EmailAddress>
<PI_PHON>4437943349</PI_PHON>
<NSF_ID>000605908</NSF_ID>
<StartDate>07/07/2020</StartDate>
<EndDate/>
<RoleCode>Principal Investigator</RoleCode>
</Investigator>
<Institution>
<Name>Purdue University</Name>
<CityName>WEST LAFAYETTE</CityName>
<ZipCode>479061332</ZipCode>
<PhoneNumber>7654941055</PhoneNumber>
<StreetAddress>2550 NORTHWESTERN AVE STE 1900</StreetAddress>
<StreetAddress2/>
<CountryName>United States</CountryName>
<StateName>Indiana</StateName>
<StateCode>IN</StateCode>
<CONGRESSDISTRICT>04</CONGRESSDISTRICT>
<CONGRESS_DISTRICT_ORG>IN04</CONGRESS_DISTRICT_ORG>
<ORG_UEI_NUM>YRXVL4JYCEF5</ORG_UEI_NUM>
<ORG_LGL_BUS_NAME>PURDUE UNIVERSITY</ORG_LGL_BUS_NAME>
<ORG_PRNT_UEI_NUM>YRXVL4JYCEF5</ORG_PRNT_UEI_NUM>
</Institution>
<Performance_Institution>
<Name><![CDATA[Purdue University]]></Name>
<CityName>West Lafayette</CityName>
<StateCode>IN</StateCode>
<ZipCode>479068660</ZipCode>
<StreetAddress/>
<CountryCode>US</CountryCode>
<CountryName>United States</CountryName>
<StateName>Indiana</StateName>
<CountryFlag>1</CountryFlag>
<CONGRESSDISTRICT>04</CONGRESSDISTRICT>
<CONGRESS_DISTRICT_PERF>IN04</CONGRESS_DISTRICT_PERF>
</Performance_Institution>
<ProgramElement>
<Code>1504</Code>
<Text>GOALI-Grnt Opp Acad Lia wIndus</Text>
</ProgramElement>
<ProgramElement>
<Code>1631</Code>
<Text>CIS-Civil Infrastructure Syst</Text>
</ProgramElement>
<ProgramReference>
<Code>019Z</Code>
<Text>Grad Prep APG:Enhan. Experience</Text>
</ProgramReference>
<ProgramReference>
<Code>029E</Code>
<Text>INFRASTRUCTURE SYSTEMS MGT</Text>
</ProgramReference>
<ProgramReference>
<Code>036E</Code>
<Text>CIVIL INFRASTRUCTURE</Text>
</ProgramReference>
<ProgramReference>
<Code>1057</Code>
<Text>CIS BASE RESEARCH</Text>
</ProgramReference>
<ProgramReference>
<Code>1504</Code>
<Text>GRANT OPP FOR ACAD LIA W/INDUS</Text>
</ProgramReference>
<ProgramReference>
<Code>9102</Code>
<Text>WOMEN, MINORITY, DISABLED, NEC</Text>
</ProgramReference>
<Appropriation>
<Code>0120</Code>
<Name>NSF RESEARCH &amp; RELATED ACTIVIT</Name>
<APP_SYMB_ID>040100</APP_SYMB_ID>
</Appropriation>
<Appropriation>
<Code>0121</Code>
<Name>NSF RESEARCH &amp; RELATED ACTIVIT</Name>
<APP_SYMB_ID>040100</APP_SYMB_ID>
</Appropriation>
<Fund>
<Code>01002021DB</Code>
<Name><![CDATA[NSF RESEARCH & RELATED ACTIVIT]]></Name>
<FUND_SYMB_ID>040100</FUND_SYMB_ID>
</Fund>
<Fund>
<Code>01002122DB</Code>
<Name><![CDATA[NSF RESEARCH & RELATED ACTIVIT]]></Name>
<FUND_SYMB_ID>040100</FUND_SYMB_ID>
</Fund>
<FUND_OBLG>2020~250000</FUND_OBLG>
<FUND_OBLG>2021~55000</FUND_OBLG>
</Award>
</rootTag>
