<?xml version="1.0" encoding="UTF-8"?>
<rootTag>
<Award>
<AwardTitle><![CDATA[Excellence in Research: Multi-Charge Ion Implantation of Ultra-Wide Bandgap beta-Ga2O3 Semiconductor Grown by Magnetron Sputtering]]></AwardTitle>
<AGENCY>NSF</AGENCY>
<AwardEffectiveDate>07/15/2020</AwardEffectiveDate>
<AwardExpirationDate>06/30/2023</AwardExpirationDate>
<AwardTotalIntnAmount>400000.00</AwardTotalIntnAmount>
<AwardAmount>400000</AwardAmount>
<AwardInstrument>
<Value>Standard Grant</Value>
</AwardInstrument>
<Organization>
<Code>03070000</Code>
<Directorate>
<Abbreviation>MPS</Abbreviation>
<LongName>Direct For Mathematical &amp; Physical Scien</LongName>
</Directorate>
<Division>
<Abbreviation>DMR</Abbreviation>
<LongName>Division Of Materials Research</LongName>
</Division>
</Organization>
<ProgramOfficer>
<SignBlockName>James H. Edgar</SignBlockName>
<PO_EMAI>jedgar@nsf.gov</PO_EMAI>
<PO_PHON>7032922053</PO_PHON>
</ProgramOfficer>
<AbstractNarration><![CDATA[Nontechnical Description&lt;br/&gt;This Excellence in Research (EiR) project at a minority-serving institution will support faculty research on materials, build the institutional research capacity, and train underrepresented and underserved students in materials research. This research project includes developing a reliable technique for depositing thin layers of gallium oxide, a semiconductor. This material is interesting because it has shown promise for many special defense and civilian electronic device applications, including high power microelectronic devices and harsh environment sensors. Undergraduate students with very little or no prior research experience will learn technological skills by conducting research during the regular academic year and in the summer. Five talented High School students from neighboring schools in rural northeastern North Carolina will be introduced to materials research careers each year during the summer research internship supported with this grant. Undergraduate students from a minority-serving institution will have the opportunity to conduct research with, and interact and learn from graduate students and faculty from Old Dominion University, a collaborating partner on this project.&lt;br/&gt;&lt;br/&gt;Technical Description&lt;br/&gt;The growth of beta-gallium oxide epilayers by the relatively inexpensive magnetron sputtering method on electrically insulating (iron-doped) and conducting (tin-doped) gallium oxide substrates is being investigated. Their structures will be characterized with various high-resolution X-ray diffraction scans. Doping of the gallium oxide layers is attained via co-sputtering with different dopant targets. Low energy laser Multi-Charge Ion (MCI) implantation used to heavily dope the top layer of the material at selected spatial locations will also be investigated. The principal investigator and student researchers will work with the co-investigator and graduate students at Old Dominion University to study MCI implantation and efficient dopant activation processes. The ultra-wide energy gap of this material implies high breakdown field strength and high tolerance for extreme conditions and harsh environments. Beta-gallium oxide semiconductor is a good candidate for high power electronic devices, solar-blind UV photodetectors, photocatalysts, gas sensors, and solar cells.&lt;br/&gt;&lt;br/&gt;This award reflects NSF's statutory mission and has been deemed worthy of support through evaluation using the Foundation's intellectual merit and broader impacts review criteria.]]></AbstractNarration>
<MinAmdLetterDate>06/18/2020</MinAmdLetterDate>
<MaxAmdLetterDate>06/18/2020</MaxAmdLetterDate>
<ARRAAmount/>
<TRAN_TYPE>Grant</TRAN_TYPE>
<CFDA_NUM>47.049</CFDA_NUM>
<NSF_PAR_USE_FLAG>1</NSF_PAR_USE_FLAG>
<FUND_AGCY_CODE>4900</FUND_AGCY_CODE>
<AWDG_AGCY_CODE>4900</AWDG_AGCY_CODE>
<AwardID>2000174</AwardID>
<Investigator>
<FirstName>Hani</FirstName>
<LastName>Elsayed-Ali</LastName>
<PI_MID_INIT>E</PI_MID_INIT>
<PI_SUFX_NAME/>
<PI_FULL_NAME>Hani E Elsayed-Ali</PI_FULL_NAME>
<EmailAddress><![CDATA[helsayed@odu.edu]]></EmailAddress>
<NSF_ID>000304287</NSF_ID>
<StartDate>06/18/2020</StartDate>
<EndDate/>
<RoleCode>Co-Principal Investigator</RoleCode>
</Investigator>
<Investigator>
<FirstName>Mehran</FirstName>
<LastName>Elahi</LastName>
<PI_MID_INIT/>
<PI_SUFX_NAME/>
<PI_FULL_NAME>Mehran Elahi</PI_FULL_NAME>
<EmailAddress><![CDATA[melahi@mail.ecsu.edu]]></EmailAddress>
<NSF_ID>000354274</NSF_ID>
<StartDate>06/18/2020</StartDate>
<EndDate/>
<RoleCode>Co-Principal Investigator</RoleCode>
</Investigator>
<Investigator>
<FirstName>Adetayo</FirstName>
<LastName>Adedeji</LastName>
<PI_MID_INIT>V</PI_MID_INIT>
<PI_SUFX_NAME/>
<PI_FULL_NAME>Adetayo V Adedeji</PI_FULL_NAME>
<EmailAddress><![CDATA[avadedeji@mail.ecsu.edu]]></EmailAddress>
<NSF_ID>000498652</NSF_ID>
<StartDate>06/18/2020</StartDate>
<EndDate/>
<RoleCode>Principal Investigator</RoleCode>
</Investigator>
<Investigator>
<FirstName>Bijandra</FirstName>
<LastName>Kumar</LastName>
<PI_MID_INIT/>
<PI_SUFX_NAME/>
<PI_FULL_NAME>Bijandra Kumar</PI_FULL_NAME>
<EmailAddress><![CDATA[bkumar@ecsu.edu]]></EmailAddress>
<NSF_ID>000783227</NSF_ID>
<StartDate>06/18/2020</StartDate>
<EndDate/>
<RoleCode>Co-Principal Investigator</RoleCode>
</Investigator>
<Institution>
<Name>Elizabeth City State University</Name>
<CityName>ELIZABETH CITY</CityName>
<ZipCode>279099913</ZipCode>
<PhoneNumber>2523353222</PhoneNumber>
<StreetAddress>1704 WEEKSVILLE RD</StreetAddress>
<StreetAddress2/>
<CountryName>United States</CountryName>
<StateName>North Carolina</StateName>
<StateCode>NC</StateCode>
<CONGRESSDISTRICT>03</CONGRESSDISTRICT>
<CONGRESS_DISTRICT_ORG>NC03</CONGRESS_DISTRICT_ORG>
<ORG_UEI_NUM>K2QMZUVDPKW1</ORG_UEI_NUM>
<ORG_LGL_BUS_NAME>ELIZABETH CITY STATE UNIVERSITY</ORG_LGL_BUS_NAME>
<ORG_PRNT_UEI_NUM>N8DMK1K4C2K5</ORG_PRNT_UEI_NUM>
</Institution>
<Performance_Institution>
<Name><![CDATA[Elizabeth City State University]]></Name>
<CityName/>
<StateCode>NC</StateCode>
<ZipCode>279099913</ZipCode>
<StreetAddress/>
<CountryCode>US</CountryCode>
<CountryName>United States</CountryName>
<StateName>North Carolina</StateName>
<CountryFlag>1</CountryFlag>
<CONGRESSDISTRICT>03</CONGRESSDISTRICT>
<CONGRESS_DISTRICT_PERF>NC03</CONGRESS_DISTRICT_PERF>
</Performance_Institution>
<ProgramElement>
<Code>070Y</Code>
<Text>HBCU-EiR - HBCU-Excellence in</Text>
</ProgramElement>
<ProgramReference>
<Code>7237</Code>
<Text>NANO NON-SOLIC SCI &amp; ENG AWD</Text>
</ProgramReference>
<ProgramReference>
<Code>8614</Code>
<Text>Nanomaterials</Text>
</ProgramReference>
<Appropriation>
<Code>0120</Code>
<Name>NSF RESEARCH &amp; RELATED ACTIVIT</Name>
<APP_SYMB_ID>040100</APP_SYMB_ID>
</Appropriation>
<Fund>
<Code>01002021DB</Code>
<Name><![CDATA[NSF RESEARCH & RELATED ACTIVIT]]></Name>
<FUND_SYMB_ID>040100</FUND_SYMB_ID>
</Fund>
<FUND_OBLG>2020~400000</FUND_OBLG>
</Award>
</rootTag>
