<?xml version="1.0" encoding="UTF-8"?>
<rootTag>
<Award>
<AwardTitle><![CDATA[Effects of the Engagement, Exploration, Explanation, Elaboration, and Evaluation Instructional Model: Systematic Review and Innovation Through New Meta-Analysis Methodology]]></AwardTitle>
<AGENCY>NSF</AGENCY>
<AwardEffectiveDate>10/01/2020</AwardEffectiveDate>
<AwardExpirationDate>09/30/2023</AwardExpirationDate>
<AwardTotalIntnAmount>1378095.00</AwardTotalIntnAmount>
<AwardAmount>945259</AwardAmount>
<AwardInstrument>
<Value>Continuing Grant</Value>
</AwardInstrument>
<Organization>
<Code>11040000</Code>
<Directorate>
<Abbreviation>EHR</Abbreviation>
<LongName>Direct For Education and Human Resources</LongName>
</Directorate>
<Division>
<Abbreviation>DUE</Abbreviation>
<LongName>Division Of Undergraduate Education</LongName>
</Division>
</Organization>
<ProgramOfficer>
<SignBlockName>Bonnie Green</SignBlockName>
<PO_EMAI>bongreen@nsf.gov</PO_EMAI>
<PO_PHON>7032924386</PO_PHON>
</ProgramOfficer>
<AbstractNarration><![CDATA[This project aims to serve the national interest by conducting basic research on the effectiveness of a commonly used teaching approach in K-12 STEM education, as well as by providing a tool that can help others do similar research studies.  Specifically, the project will study the effectiveness of the 5E (Engagement, Exploration, Explanation, Elaboration, and Evaluation) model for instruction, which is commonly used in K-12 STEM education to organize instruction within programs, units, and lessons. More than 100 research studies have tested the effects of using the 5E model. However, these published studies differ from one another in content area focus, research methods, and other features. This project will use meta-analysis, a method that can scientifically combine results from many studies even when the studies are not identical.  Through meta-analysis, the project will examine how the 5E model affects students’ STEM achievement, including their subject matter knowledge, critical thinking abilities, and scientific inquiry skills. In addition, this project will create a free, open-source tool that will it easier for other researchers to do meta-analysis. Thus, the project is expected to provide information about how science instruction can be improved and also improve the process of conducting meta-analyses.&lt;br/&gt;&lt;br/&gt;This project’s primary focus is to conduct a systematic review and meta-analysis of studies that evaluate the effectiveness of the 5E instructional model and interventions based directly on the 5E model on students’ STEM achievement outcomes. This project also will create an open-source, user-friendly data extraction and analysis tool specifically created for researchers conducting meta-analyses. The tool will advance the field by automating the codebook to data system process, applying established relational database techniques for data collection, and creating a simple graphical user interface for state-of-the-art meta-analytical techniques using the R platform. The two project activities will be conducted together, with the meta-analysis informing the creation of the meta-analytic tool, and the tool will be used to conduct the meta-analysis. The meta-analysis results will inform the design of STEM interventions (5E-based or otherwise) that have the goal of increasing STEM literacy and workforce outcomes, and the meta-analytic tool will advance the field of systematic review and meta-analysis methodology by providing applied meta-analysts with an open-source, free tool to streamline the meta-analytic process.&lt;br/&gt;&lt;br/&gt;This award reflects NSF's statutory mission and has been deemed worthy of support through evaluation using the Foundation's intellectual merit and broader impacts review criteria.]]></AbstractNarration>
<MinAmdLetterDate>08/10/2020</MinAmdLetterDate>
<MaxAmdLetterDate>08/10/2020</MaxAmdLetterDate>
<ARRAAmount/>
<TRAN_TYPE>Grant</TRAN_TYPE>
<CFDA_NUM>47.076</CFDA_NUM>
<NSF_PAR_USE_FLAG>1</NSF_PAR_USE_FLAG>
<FUND_AGCY_CODE>4900</FUND_AGCY_CODE>
<AWDG_AGCY_CODE>4900</AWDG_AGCY_CODE>
<AwardID>2000672</AwardID>
<Investigator>
<FirstName>Ryan</FirstName>
<LastName>Williams</LastName>
<PI_MID_INIT/>
<PI_SUFX_NAME/>
<PI_FULL_NAME>Ryan Williams</PI_FULL_NAME>
<EmailAddress><![CDATA[rwilliams@air.org]]></EmailAddress>
<NSF_ID>000694347</NSF_ID>
<StartDate>08/10/2020</StartDate>
<EndDate/>
<RoleCode>Co-Principal Investigator</RoleCode>
</Investigator>
<Investigator>
<FirstName>Joshua</FirstName>
<LastName>Polanin</LastName>
<PI_MID_INIT>R</PI_MID_INIT>
<PI_SUFX_NAME/>
<PI_FULL_NAME>Joshua R Polanin</PI_FULL_NAME>
<EmailAddress><![CDATA[jpolanin@air.org]]></EmailAddress>
<NSF_ID>000788483</NSF_ID>
<StartDate>08/10/2020</StartDate>
<EndDate/>
<RoleCode>Principal Investigator</RoleCode>
</Investigator>
<Institution>
<Name>American Institutes for Research in the Behavioral Sciences</Name>
<CityName>ARLINGTON</CityName>
<ZipCode>222023289</ZipCode>
<PhoneNumber>2024035000</PhoneNumber>
<StreetAddress>1400 CRYSTAL DR FL 10</StreetAddress>
<StreetAddress2/>
<CountryName>United States</CountryName>
<StateName>Virginia</StateName>
<StateCode>VA</StateCode>
<CONGRESSDISTRICT>08</CONGRESSDISTRICT>
<CONGRESS_DISTRICT_ORG>VA08</CONGRESS_DISTRICT_ORG>
<ORG_UEI_NUM>MCN6J5L6M3T4</ORG_UEI_NUM>
<ORG_LGL_BUS_NAME>AMERICAN INSTITUTES FOR RESEARCH IN THE BEHAVIORAL SCIENCES</ORG_LGL_BUS_NAME>
<ORG_PRNT_UEI_NUM/>
</Institution>
<Performance_Institution>
<Name><![CDATA[American Institutes for Research in the Behavioral Sciences]]></Name>
<CityName>Washington</CityName>
<StateCode>DC</StateCode>
<ZipCode>200073835</ZipCode>
<StreetAddress><![CDATA[1000 Thomas Jefferson Street, NW]]></StreetAddress>
<CountryCode>US</CountryCode>
<CountryName>United States</CountryName>
<StateName>District of Columbia</StateName>
<CountryFlag>1</CountryFlag>
<CONGRESSDISTRICT>00</CONGRESSDISTRICT>
<CONGRESS_DISTRICT_PERF>DC00</CONGRESS_DISTRICT_PERF>
</Performance_Institution>
<ProgramElement>
<Code>7980</Code>
<Text>ECR-EHR Core Research</Text>
</ProgramElement>
<ProgramReference>
<Code>8817</Code>
<Text>STEM Learning &amp; Learning Environments</Text>
</ProgramReference>
<Appropriation>
<Code>0420</Code>
<Name>NSF Education &amp; Human Resource</Name>
<APP_SYMB_ID>040106</APP_SYMB_ID>
</Appropriation>
<Fund>
<Code>04002021DB</Code>
<Name><![CDATA[NSF Education & Human Resource]]></Name>
<FUND_SYMB_ID>040106</FUND_SYMB_ID>
</Fund>
<FUND_OBLG>2020~945259</FUND_OBLG>
</Award>
</rootTag>
