<?xml version="1.0" encoding="UTF-8"?>
<rootTag>
<Award>
<AwardTitle>Understanding the contribution of individual differences to domain-general and domain-specific components of false memories in both young and older adults</AwardTitle>
<AGENCY>NSF</AGENCY>
<AwardEffectiveDate>06/01/2020</AwardEffectiveDate>
<AwardExpirationDate>05/31/2024</AwardExpirationDate>
<AwardTotalIntnAmount>848492.00</AwardTotalIntnAmount>
<AwardAmount>848492</AwardAmount>
<AwardInstrument>
<Value>Standard Grant</Value>
</AwardInstrument>
<Organization>
<Code>04040000</Code>
<Directorate>
<Abbreviation>SBE</Abbreviation>
<LongName>Direct For Social, Behav &amp; Economic Scie</LongName>
</Directorate>
<Division>
<Abbreviation>BCS</Abbreviation>
<LongName>Division Of Behavioral and Cognitive Sci</LongName>
</Division>
</Organization>
<ProgramOfficer>
<SignBlockName>Jonathan Fritz</SignBlockName>
<PO_EMAI>jfritz@nsf.gov</PO_EMAI>
<PO_PHON>7032927923</PO_PHON>
</ProgramOfficer>
<AbstractNarration>The proposed project seeks to examine and understand individual differences underlying the occurrence of false memories, which is defined as remembering an event incorrectly or differently than how it originally occurred. The investigation of individual differences underlying both cognitive and neural variability in memory performance will be a critical factor in understanding the sources of false memories across the lifespan. By understanding the mechanisms that lead to these memory errors, we can better understand how to avoid these errors. The project will examine the benefits of a cognitive training strategy aimed at reducing false memories in older individuals. The research will use both behavioral and neuroimaging (fMRI) methods to understand the basis of false memories. Neuroimaging analyses will include univariate, functional connectivity, and multivariate analyses to uncover the neural mechanism underlying both true and false memories. This will expand understanding of factors that contribute to false memories across the lifespan. The research will train undergraduate and graduate students on cognitive neuroscience of memory and cognitive aging and will educate the public about memory and cognitive processes that change with age. &lt;br/&gt;&lt;br/&gt;Memory research typically aims to identify how memories are represented in the brain. Aging research typically aims to identify sources of age-related deficits in memory. The current proposal combines these goals to reveal the cognitive and neural processes underlying a significant source of error in cognitive aging, that of false memories. The long-term goal is to identify domain-general and domain-specific sources of variance associated with false memories across the lifespan and identify effective, evidence-based strategies for reducing memory errors. This project aims to identify the cognitive and neural markers of such variance as well as individual differences factors that contribute to false memories. The research will also examine the effects of cognitive training in older adults to successfully reduce the incidence of false memories. To do so, the work will utilize behavioral methods examining individual differences in false memories in older adults, as well as advanced neuroimaging methods to investigate how neural information is processed, and represented, throughout the brain. By understanding both common and unique influences associated with the susceptibility to false memories across difference sources, the project can identify strategies for effectively reducing false memories, thereby ameliorating age-related memory decline.&lt;br/&gt;&lt;br/&gt;This award reflects NSF's statutory mission and has been deemed worthy of support through evaluation using the Foundation's intellectual merit and broader impacts review criteria.</AbstractNarration>
<MinAmdLetterDate>06/08/2020</MinAmdLetterDate>
<MaxAmdLetterDate>06/08/2020</MaxAmdLetterDate>
<ARRAAmount/>
<TRAN_TYPE>Grant</TRAN_TYPE>
<CFDA_NUM>47.075</CFDA_NUM>
<NSF_PAR_USE_FLAG>1</NSF_PAR_USE_FLAG>
<FUND_AGCY_CODE>4900</FUND_AGCY_CODE>
<AWDG_AGCY_CODE>4900</AWDG_AGCY_CODE>
<AwardID>2000047</AwardID>
<Investigator>
<FirstName>Nancy</FirstName>
<LastName>Dennis</LastName>
<PI_MID_INIT/>
<PI_SUFX_NAME/>
<PI_FULL_NAME>Nancy Dennis</PI_FULL_NAME>
<EmailAddress>nad12@psu.edu</EmailAddress>
<PI_PHON>8148651712</PI_PHON>
<NSF_ID>000537965</NSF_ID>
<StartDate>06/08/2020</StartDate>
<EndDate/>
<RoleCode>Principal Investigator</RoleCode>
</Investigator>
<Institution>
<Name>Pennsylvania State Univ University Park</Name>
<CityName>University Park</CityName>
<ZipCode>168021503</ZipCode>
<PhoneNumber>8148651372</PhoneNumber>
<StreetAddress>201 Old Main</StreetAddress>
<StreetAddress2/>
<CountryName>United States</CountryName>
<StateName>Pennsylvania</StateName>
<StateCode>PA</StateCode>
<CONGRESSDISTRICT>12</CONGRESSDISTRICT>
<CONGRESS_DISTRICT_ORG>PA12</CONGRESS_DISTRICT_ORG>
<ORG_UEI_NUM>NPM2J7MSCF61</ORG_UEI_NUM>
<ORG_LGL_BUS_NAME>PENNSYLVANIA STATE UNIVERSITY, THE</ORG_LGL_BUS_NAME>
<ORG_PRNT_UEI_NUM>NPM2J7MSCF61</ORG_PRNT_UEI_NUM>
</Institution>
<Performance_Institution>
<Name><![CDATA[Pennsylvania State Univ University Park]]></Name>
<CityName>UNIVERSITY PARK</CityName>
<StateCode>PA</StateCode>
<ZipCode>168027000</ZipCode>
<StreetAddress><![CDATA[110 Technology Center Building]]></StreetAddress>
<CountryCode>US</CountryCode>
<CountryName>United States</CountryName>
<StateName>Pennsylvania</StateName>
<CountryFlag>1</CountryFlag>
<CONGRESSDISTRICT/>
<CONGRESS_DISTRICT_PERF>PA"</CONGRESS_DISTRICT_PERF>
</Performance_Institution>
<ProgramElement>
<Code>1699</Code>
<Text>Cognitive Neuroscience</Text>
</ProgramElement>
<ProgramReference>
<Code>1699</Code>
<Text>COGNEURO</Text>
</ProgramReference>
<ProgramReference>
<Code>8089</Code>
<Text>Understanding the Brain/Cognitive Scienc</Text>
</ProgramReference>
<Appropriation>
<Code>0120</Code>
<Name>NSF RESEARCH &amp; RELATED ACTIVIT</Name>
<APP_SYMB_ID>040100</APP_SYMB_ID>
</Appropriation>
<Fund>
<Code>01002021DB</Code>
<Name><![CDATA[NSF RESEARCH & RELATED ACTIVIT]]></Name>
<FUND_SYMB_ID>040100</FUND_SYMB_ID>
</Fund>
<FUND_OBLG>2020~848492</FUND_OBLG>
</Award>
</rootTag>
