<?xml version="1.0" encoding="UTF-8"?>
<rootTag>
<Award>
<AwardTitle>CombinaTexas 2020</AwardTitle>
<AGENCY>NSF</AGENCY>
<AwardEffectiveDate>03/15/2020</AwardEffectiveDate>
<AwardExpirationDate>05/31/2022</AwardExpirationDate>
<AwardTotalIntnAmount>8250.00</AwardTotalIntnAmount>
<AwardAmount>8250</AwardAmount>
<AwardInstrument>
<Value>Standard Grant</Value>
</AwardInstrument>
<Organization>
<Code>03040000</Code>
<Directorate>
<Abbreviation>MPS</Abbreviation>
<LongName>Direct For Mathematical &amp; Physical Scien</LongName>
</Directorate>
<Division>
<Abbreviation>DMS</Abbreviation>
<LongName>Division Of Mathematical Sciences</LongName>
</Division>
</Organization>
<ProgramOfficer>
<SignBlockName>Stefaan De Winter</SignBlockName>
<PO_EMAI>sgdewint@nsf.gov</PO_EMAI>
<PO_PHON>7032922599</PO_PHON>
</ProgramOfficer>
<AbstractNarration>The CombinaTexas 2020 conference will be held at Texas A&amp;M University, College Station TX on April 10-11, 2020. The conference will feature six fifty-minute plenary lectures and a number of contributed talks in various areas of Combinatorics and Graph Theory. The aim of the CombinaTexas conference series is to enhance the educational and research atmosphere of combinatorialists in Texas and the surrounding states, increase communication between mathematicians of the region, and provide a forum for presentation and discussion of the most recent developments in the field of Combinatorics. CombinaTexas was established in 2000 and rotated among different institutions in the South Central United States until 2014. Since then it has been hosted at Texas A&amp;M University. CombinaTexas 2020 is the nineteenth conference in this series.&lt;br/&gt;&lt;br/&gt;The topics of the CombinaTexas Series include all branches of Combinatorics, Graph Theory, and their connections to Algebra, Geometry, Probability Theory, and Computer Science. In 2020 the confirmed plenary speakers are Miklos Bona (University of Florida), Tri Lai (University of Nebraska- Lincoln), Chun-Hung Liu (Texas A&amp;M University), Nathan Reading (North Carolina State University), Stephanie van Willigenburg (University of British Columbia), Josephine Yu (Georgia Institute of Technology). They will present research in enumerative combinatorics, combinatorial representation theory, cluster algebras, tiling theory, topological graph theory, and tropical geometry. About 70 participants are anticipated, with an estimated 20 contributed talks in parallel sessions. More information about the conference is available at the webpage https://www.math.tamu.edu/conferences/combinatexas/&lt;br/&gt;&lt;br/&gt;This award reflects NSF's statutory mission and has been deemed worthy of support through evaluation using the Foundation's intellectual merit and broader impacts review criteria.</AbstractNarration>
<MinAmdLetterDate>03/09/2020</MinAmdLetterDate>
<MaxAmdLetterDate>03/09/2020</MaxAmdLetterDate>
<ARRAAmount/>
<TRAN_TYPE>Grant</TRAN_TYPE>
<CFDA_NUM>47.049</CFDA_NUM>
<NSF_PAR_USE_FLAG>1</NSF_PAR_USE_FLAG>
<FUND_AGCY_CODE>4900</FUND_AGCY_CODE>
<AWDG_AGCY_CODE>4900</AWDG_AGCY_CODE>
<AwardID>2000531</AwardID>
<Investigator>
<FirstName>Huafei C</FirstName>
<LastName>Yan</LastName>
<PI_MID_INIT/>
<PI_SUFX_NAME/>
<PI_FULL_NAME>Huafei C Yan</PI_FULL_NAME>
<EmailAddress>cyan@math.tamu.edu</EmailAddress>
<PI_PHON>9798457554</PI_PHON>
<NSF_ID>000105672</NSF_ID>
<StartDate>03/09/2020</StartDate>
<EndDate/>
<RoleCode>Principal Investigator</RoleCode>
</Investigator>
<Investigator>
<FirstName>Laura</FirstName>
<LastName>Matusevich</LastName>
<PI_MID_INIT>F</PI_MID_INIT>
<PI_SUFX_NAME/>
<PI_FULL_NAME>Laura F Matusevich</PI_FULL_NAME>
<EmailAddress>laura@math.tamu.edu</EmailAddress>
<PI_PHON>9798457636</PI_PHON>
<NSF_ID>000489818</NSF_ID>
<StartDate>03/09/2020</StartDate>
<EndDate/>
<RoleCode>Co-Principal Investigator</RoleCode>
</Investigator>
<Institution>
<Name>Texas A&amp;M University</Name>
<CityName>COLLEGE STATION</CityName>
<ZipCode>778454375</ZipCode>
<PhoneNumber>9798626777</PhoneNumber>
<StreetAddress>400 HARVEY MITCHELL PKY S STE 30</StreetAddress>
<StreetAddress2/>
<CountryName>United States</CountryName>
<StateName>Texas</StateName>
<StateCode>TX</StateCode>
<CONGRESSDISTRICT>17</CONGRESSDISTRICT>
<CONGRESS_DISTRICT_ORG>TX17</CONGRESS_DISTRICT_ORG>
<ORG_UEI_NUM>JF6XLNB4CDJ5</ORG_UEI_NUM>
<ORG_LGL_BUS_NAME>TEXAS A &amp; M UNIVERSITY</ORG_LGL_BUS_NAME>
<ORG_PRNT_UEI_NUM>HH6VX5XDL284</ORG_PRNT_UEI_NUM>
</Institution>
<Performance_Institution>
<Name><![CDATA[Texas A&M University Main Campus]]></Name>
<CityName>College Station</CityName>
<StateCode>TX</StateCode>
<ZipCode>778433368</ZipCode>
<StreetAddress><![CDATA[3368 TAMU]]></StreetAddress>
<CountryCode>US</CountryCode>
<CountryName>United States</CountryName>
<StateName>Texas</StateName>
<CountryFlag>1</CountryFlag>
<CONGRESSDISTRICT>17</CONGRESSDISTRICT>
<CONGRESS_DISTRICT_PERF>TX17</CONGRESS_DISTRICT_PERF>
</Performance_Institution>
<ProgramElement>
<Code>7970</Code>
<Text>Combinatorics</Text>
</ProgramElement>
<ProgramReference>
<Code>7556</Code>
<Text>CONFERENCE AND WORKSHOPS</Text>
</ProgramReference>
<Appropriation>
<Code>0120</Code>
<Name>NSF RESEARCH &amp; RELATED ACTIVIT</Name>
<APP_SYMB_ID>040100</APP_SYMB_ID>
</Appropriation>
<Fund>
<Code>01002021DB</Code>
<Name><![CDATA[NSF RESEARCH & RELATED ACTIVIT]]></Name>
<FUND_SYMB_ID>040100</FUND_SYMB_ID>
</Fund>
<FUND_OBLG>2020~8250</FUND_OBLG>
</Award>
</rootTag>
