<?xml version="1.0" encoding="UTF-8"?>
<rootTag>
<Award>
<AwardTitle><![CDATA[Building Biobadges Into a Traditional Biology Program to Fulfill Workforce Needs and Support Program Equity]]></AwardTitle>
<AGENCY>NSF</AGENCY>
<AwardEffectiveDate>07/01/2020</AwardEffectiveDate>
<AwardExpirationDate>06/30/2023</AwardExpirationDate>
<AwardTotalIntnAmount>299990.00</AwardTotalIntnAmount>
<AwardAmount>299990</AwardAmount>
<AwardInstrument>
<Value>Standard Grant</Value>
</AwardInstrument>
<Organization>
<Code>11040100</Code>
<Directorate>
<Abbreviation>EHR</Abbreviation>
<LongName>Direct For Education and Human Resources</LongName>
</Directorate>
<Division>
<Abbreviation>DUE</Abbreviation>
<LongName>Division Of Undergraduate Education</LongName>
</Division>
</Organization>
<ProgramOfficer>
<SignBlockName>Virginia Carter</SignBlockName>
<PO_EMAI>vccarter@nsf.gov</PO_EMAI>
<PO_PHON>7032924651</PO_PHON>
</ProgramOfficer>
<AbstractNarration><![CDATA[This project aims to serve the national need for a well-prepared biotechnology workforce.  It will do so by developing new lab modules based on industry-recognized skills for each course in the biology major sequence.  Students will be able to earn badges that certify their mastery of each workforce-relevant skill. Accumulation of badges will lead to Certificates of Completion, which will provide concise information about a student's proficiencies. This approach incorporates technician education into a traditional biology program that has a current focus on preparation of its graduates for transfer into four-year institutions.  By expanding the program focus to include preparation of students for technical careers, this approach is intended to address an important workforce need in the San Francisco Bay Area.  This new pathway is expected to open the biotechnology program to more students and to promote completion of the entire biology major sequence as students accumulate critical workforce skills. Because the college serves a large Latinx student population, this approach is likely to contribute to broadening participation in the biotechnology field. The project has the potential to provide a novel model that might be replicated by academic biology programs interested in meeting local workforce needs for biotechnology technicians.&lt;br/&gt; &lt;br/&gt;To achieve its goal of embedding relevant technician education into the biology program, the project will develop lab modules and badge requirements in collaboration with local biotechnology industry partners. With input from the advisory board and local industry surveys, the project has identified needed technical skills. These skills, such as micropipetting, DNA and protein extraction and purification, and enzyme-linked immunoassay, will be the foundation of the modules and badges. The lab modules will become part of each course, thereby ensuring that all students develop biotechnology skills. Although the badges will not be required, they will be strongly recommended, especially for students considering temporary or career-long work as technicians in the local workforce. Badging will support many students by providing a pathway of incremental and achievable steps embedded in course completion. Pairing badges with in-class career-development activities and providing industry examples (through speaker series and other events) will provide a new, clear career pathway into biotechnology within the existing biology major. In addition to developing the labs and badges, the project will support technician-level biotechnology education with targeted recruiting at the college and the local high schools, and by collaborating with employers to secure paid internships and job placements. This project is funded by the Advanced Technological Education program that focuses on the education of technicians for the advanced-technology fields that drive the nation's economy.&lt;br/&gt;&lt;br/&gt;This award reflects NSF's statutory mission and has been deemed worthy of support through evaluation using the Foundation's intellectual merit and broader impacts review criteria.]]></AbstractNarration>
<MinAmdLetterDate>04/16/2020</MinAmdLetterDate>
<MaxAmdLetterDate>04/16/2020</MaxAmdLetterDate>
<ARRAAmount/>
<TRAN_TYPE>Grant</TRAN_TYPE>
<CFDA_NUM>47.076</CFDA_NUM>
<NSF_PAR_USE_FLAG>1</NSF_PAR_USE_FLAG>
<FUND_AGCY_CODE>4900</FUND_AGCY_CODE>
<AWDG_AGCY_CODE>4900</AWDG_AGCY_CODE>
<AwardID>2000573</AwardID>
<Investigator>
<FirstName>Darcy</FirstName>
<LastName>Ernst</LastName>
<PI_MID_INIT>K</PI_MID_INIT>
<PI_SUFX_NAME/>
<PI_FULL_NAME>Darcy K Ernst</PI_FULL_NAME>
<EmailAddress><![CDATA[darcy.ernst@evc.edu]]></EmailAddress>
<NSF_ID>000602957</NSF_ID>
<StartDate>04/16/2020</StartDate>
<EndDate/>
<RoleCode>Principal Investigator</RoleCode>
</Investigator>
<Investigator>
<FirstName>Michal</FirstName>
<LastName>Shuldman</LastName>
<PI_MID_INIT/>
<PI_SUFX_NAME/>
<PI_FULL_NAME>Michal Shuldman</PI_FULL_NAME>
<EmailAddress><![CDATA[mshuldman@laspositascollege.edu]]></EmailAddress>
<NSF_ID>000549337</NSF_ID>
<StartDate>04/16/2020</StartDate>
<EndDate/>
<RoleCode>Co-Principal Investigator</RoleCode>
</Investigator>
<Institution>
<Name>CHABOT-LAS POSITAS COMMUNITY COLLEGE DISTRICT</Name>
<CityName>LIVERMORE</CityName>
<ZipCode>945517623</ZipCode>
<PhoneNumber>9254241000</PhoneNumber>
<StreetAddress>3000 CAMPUS HILL DR</StreetAddress>
<StreetAddress2/>
<CountryName>United States</CountryName>
<StateName>California</StateName>
<StateCode>CA</StateCode>
<CONGRESSDISTRICT>15</CONGRESSDISTRICT>
<CONGRESS_DISTRICT_ORG>CA15</CONGRESS_DISTRICT_ORG>
<ORG_UEI_NUM>K6UGAJGNZHA8</ORG_UEI_NUM>
<ORG_LGL_BUS_NAME>CHABOT-LAS POSITAS COMMUNITY COLLEGE DISTRICT</ORG_LGL_BUS_NAME>
<ORG_PRNT_UEI_NUM>P2MESJCECM35</ORG_PRNT_UEI_NUM>
</Institution>
<Performance_Institution>
<Name><![CDATA[Las Positas College]]></Name>
<CityName>Livermore</CityName>
<StateCode>CA</StateCode>
<ZipCode>945517623</ZipCode>
<StreetAddress/>
<CountryCode>US</CountryCode>
<CountryName>United States</CountryName>
<StateName>California</StateName>
<CountryFlag>1</CountryFlag>
<CONGRESSDISTRICT>15</CONGRESSDISTRICT>
<CONGRESS_DISTRICT_PERF>CA15</CONGRESS_DISTRICT_PERF>
</Performance_Institution>
<ProgramElement>
<Code>7412</Code>
<Text>Advanced Tech Education Prog</Text>
</ProgramElement>
<ProgramReference>
<Code>1032</Code>
<Text>ADVANCED TECHNOLOGY EDUCATION</Text>
</ProgramReference>
<ProgramReference>
<Code>9178</Code>
<Text>UNDERGRADUATE EDUCATION</Text>
</ProgramReference>
<ProgramReference>
<Code>SMET</Code>
<Text>SCIENCE, MATH, ENG &amp; TECH EDUCATION</Text>
</ProgramReference>
<Appropriation>
<Code>0420</Code>
<Name>NSF Education &amp; Human Resource</Name>
<APP_SYMB_ID>040106</APP_SYMB_ID>
</Appropriation>
<Fund>
<Code>04002021DB</Code>
<Name><![CDATA[NSF Education & Human Resource]]></Name>
<FUND_SYMB_ID>040106</FUND_SYMB_ID>
</Fund>
<FUND_OBLG>2020~299990</FUND_OBLG>
</Award>
</rootTag>
