<?xml version="1.0" encoding="UTF-8"?>
<rootTag>
<Award>
<AwardTitle><![CDATA[Collaborative Research: Should I Stay or Should I Go? Understanding the Retention of Latinx in Engineering Jobs]]></AwardTitle>
<AGENCY>NSF</AGENCY>
<AwardEffectiveDate>08/15/2020</AwardEffectiveDate>
<AwardExpirationDate>07/31/2025</AwardExpirationDate>
<AwardTotalIntnAmount>808418.00</AwardTotalIntnAmount>
<AwardAmount>387751</AwardAmount>
<AwardInstrument>
<Value>Continuing Grant</Value>
</AwardInstrument>
<Organization>
<Code>11060000</Code>
<Directorate>
<Abbreviation>EHR</Abbreviation>
<LongName>Direct For Education and Human Resources</LongName>
</Directorate>
<Division>
<Abbreviation>HRD</Abbreviation>
<LongName>Division Of Human Resource Development</LongName>
</Division>
</Organization>
<ProgramOfficer>
<SignBlockName>Margret Hjalmarson</SignBlockName>
<PO_EMAI>mhjalmar@nsf.gov</PO_EMAI>
<PO_PHON>7032925186</PO_PHON>
</ProgramOfficer>
<AbstractNarration><![CDATA[Slow progress has been made over the past several years to broaden the involvement of groups who are underrepresented in engineering disciplines. The number of Latinxs in particular continues to decrease at each transition point along the pathway to becoming a practicing engineer (i.e., declaring a engineering major, graduating with an engineering degree, working in the engineering field). Increased efforts across the engineering ecosystem, but specifically during the college-to-work transition, are needed to broaden the participation of Latinxs (one of the fastest growing ethnic groups in the U.S.) and to meet the industry demands to fill engineering jobs, which are projected to increase in the next decade. This project aims to understand environmental, personal, and psychological factors that influence work engagement, satisfaction, and persistence decisions during the college-to-work transition among Latinx in engineering, as well as during the early years of their career. The investigators will conduct annual surveys, experiential surveys, and individual interviews about workplace experiences with Latinx in the engineering workforce across a 5-year period to track factors related to Latinx engineers’ work engagement, job satisfaction, and persistence in the field. This project is a joint effort between the University of Missouri and the University of North Dakota and is supported by the EHR Core Research (ECR) program, which supports work that advances fundamental research on STEM learning and learning environments, broadening participation in STEM, and STEM workforce development. Additional support has been provided by the Directorate for Engineering's Broadening Participation in Engineering (BPE) program.&lt;br/&gt;&lt;br/&gt;As posited by the integrative social cognitive career theory lens, the investigators hypothesize that the relations among social cognitive, contextual and cultural factors will explain a significant amount of variance in Latinx engineers’ work engagement, satisfaction, and persistence. Structural equation modeling (SEM) will be used to examine this hypothesis longitudinally. The investigators will assess the integrative SCCT model’s generalizability based on gender, race, and the interaction of gender and race via SEM multigroup analyses.  The investigators also will use experience sampling methodology to gather fine-grained snapshots of perceived workplace climate to examine the effects of momentary and longitudinal changes in such perceptions on Latinx engineers’ work engagement, satisfaction, and persistence via multilevel modeling and growth modeling. Finally, they will generate a reliable and valid measure of engineering interests for employed engineers using factor analytical and Item Response Theory techniques. Potential outcomes of the project include: 1) examining the utility of the integrative SCCT model in predicting engagement, satisfaction, and persistence in engineering for Latinxs in engineering during the college-to-work transition and early career stages; 2) a new measure of engineering interests for use in future research; and 3) the development of custom interventions to augment relevant systemic supports, minimize systemic barriers, and bolster social cognitions that are strong predictors of work engagement, satisfaction, and persistence for Latina women and Latino men.&lt;br/&gt;&lt;br/&gt;This award reflects NSF's statutory mission and has been deemed worthy of support through evaluation using the Foundation's intellectual merit and broader impacts review criteria.]]></AbstractNarration>
<MinAmdLetterDate>08/07/2020</MinAmdLetterDate>
<MaxAmdLetterDate>12/28/2020</MaxAmdLetterDate>
<ARRAAmount/>
<TRAN_TYPE>Grant</TRAN_TYPE>
<CFDA_NUM>47.076</CFDA_NUM>
<NSF_PAR_USE_FLAG>1</NSF_PAR_USE_FLAG>
<FUND_AGCY_CODE>4900</FUND_AGCY_CODE>
<AWDG_AGCY_CODE>4900</AWDG_AGCY_CODE>
<AwardID>2000636</AwardID>
<Investigator>
<FirstName>Rachel</FirstName>
<LastName>Navarro</LastName>
<PI_MID_INIT>L</PI_MID_INIT>
<PI_SUFX_NAME/>
<PI_FULL_NAME>Rachel L Navarro</PI_FULL_NAME>
<EmailAddress><![CDATA[rachel.navarro@und.edu]]></EmailAddress>
<NSF_ID>000528530</NSF_ID>
<StartDate>08/07/2020</StartDate>
<EndDate/>
<RoleCode>Principal Investigator</RoleCode>
</Investigator>
<Institution>
<Name>University of North Dakota Main Campus</Name>
<CityName>GRAND FORKS</CityName>
<ZipCode>582026059</ZipCode>
<PhoneNumber>7017774151</PhoneNumber>
<StreetAddress>264 CENTENNIAL DR</StreetAddress>
<StreetAddress2/>
<CountryName>United States</CountryName>
<StateName>North Dakota</StateName>
<StateCode>ND</StateCode>
<CONGRESSDISTRICT>00</CONGRESSDISTRICT>
<CONGRESS_DISTRICT_ORG>ND00</CONGRESS_DISTRICT_ORG>
<ORG_UEI_NUM>RSWNKK6J8CF3</ORG_UEI_NUM>
<ORG_LGL_BUS_NAME>UNIVERSITY OF NORTH DAKOTA</ORG_LGL_BUS_NAME>
<ORG_PRNT_UEI_NUM>RSWNKK6J8CF3</ORG_PRNT_UEI_NUM>
</Institution>
<Performance_Institution>
<Name><![CDATA[University of North Dakota Main Campus]]></Name>
<CityName>Grand Forks</CityName>
<StateCode>ND</StateCode>
<ZipCode>582028255</ZipCode>
<StreetAddress><![CDATA[231 Centennial Drive]]></StreetAddress>
<CountryCode>US</CountryCode>
<CountryName>United States</CountryName>
<StateName>North Dakota</StateName>
<CountryFlag>1</CountryFlag>
<CONGRESSDISTRICT>00</CONGRESSDISTRICT>
<CONGRESS_DISTRICT_PERF>ND00</CONGRESS_DISTRICT_PERF>
</Performance_Institution>
<ProgramElement>
<Code>7680</Code>
<Text>EDA-Eng Diversity Activities</Text>
</ProgramElement>
<ProgramElement>
<Code>7980</Code>
<Text>ECR-EHR Core Research</Text>
</ProgramElement>
<ProgramReference>
<Code>110E</Code>
<Text>EDUCATION RESEARCH</Text>
</ProgramReference>
<ProgramReference>
<Code>7680</Code>
<Text>ENG DIVERSITY ACTIVITIES</Text>
</ProgramReference>
<ProgramReference>
<Code>8212</Code>
<Text>Broaden Particip STEM Resrch</Text>
</ProgramReference>
<ProgramReference>
<Code>8816</Code>
<Text>Workforce Development</Text>
</ProgramReference>
<ProgramReference>
<Code>9150</Code>
<Text>EXP PROG TO STIM COMP RES</Text>
</ProgramReference>
<Appropriation>
<Code>0120</Code>
<Name>NSF RESEARCH &amp; RELATED ACTIVIT</Name>
<APP_SYMB_ID>040100</APP_SYMB_ID>
</Appropriation>
<Appropriation>
<Code>0420</Code>
<Name>NSF Education &amp; Human Resource</Name>
<APP_SYMB_ID>040106</APP_SYMB_ID>
</Appropriation>
<Fund>
<Code>01002021DB</Code>
<Name><![CDATA[NSF RESEARCH & RELATED ACTIVIT]]></Name>
<FUND_SYMB_ID>040100</FUND_SYMB_ID>
</Fund>
<Fund>
<Code>04002021DB</Code>
<Name><![CDATA[NSF Education & Human Resource]]></Name>
<FUND_SYMB_ID>040106</FUND_SYMB_ID>
</Fund>
<FUND_OBLG>2020~387751</FUND_OBLG>
</Award>
</rootTag>
