<?xml version="1.0" encoding="UTF-8"?>
<rootTag>
<Award>
<AwardTitle>Student Reasoning Patterns in Next Generation Science Standards Assessment</AwardTitle>
<AGENCY>NSF</AGENCY>
<AwardEffectiveDate>07/01/2020</AwardEffectiveDate>
<AwardExpirationDate>06/30/2022</AwardExpirationDate>
<AwardTotalIntnAmount>299862.00</AwardTotalIntnAmount>
<AwardAmount>299862</AwardAmount>
<AwardInstrument>
<Value>Standard Grant</Value>
</AwardInstrument>
<Organization>
<Code>11090000</Code>
<Directorate>
<Abbreviation>EHR</Abbreviation>
<LongName>Direct For Education and Human Resources</LongName>
</Directorate>
<Division>
<Abbreviation>DRL</Abbreviation>
<LongName>Division Of Research On Learning</LongName>
</Division>
</Organization>
<ProgramOfficer>
<SignBlockName>Gregg Solomon</SignBlockName>
<PO_EMAI>gesolomo@nsf.gov</PO_EMAI>
<PO_PHON>7032928333</PO_PHON>
</ProgramOfficer>
<AbstractNarration>The goal of this project, led by a team at Educational Testing Services, is to develop automated tools by which assessments aligned with the Next Generation Science Standards (NGSS) can be scored to reveal student reasoning patterns, some of which would reflect particular weaknesses in student reasoning. Reasoning patterns refer to various ways of student thinking when making sense of a natural phenomenon or trying to solve a problem. The investigators will conduct a proof of concept study to develop automated diagnostics that can identify middle-school students’ reasoning patterns based on their written responses to assessments of their understanding of concepts in ecology. With the states increasingly moving towards implementing assessments aligned to the NGSS, feedback based on individual students’ reasoning patterns would allow teachers the ability to develop more individualized feedback and would also support the design of automated instruction based on evidence of what students know and how they learn, rather than instruction based simply on whether they had answered correctly or not. The project is funded by the EHR Core Research (ECR) program, which supports work that advances the fundamental research literature on STEM learning. &lt;br/&gt;&lt;br/&gt;The investigators will conduct a proof of concept study to identity student reasoning patterns for making sense of ecosystems by investigating student responses to constructed test items collected from an NGSS-aligned assessment database. In the first stage of the study, the investigators will use a 3-dimensional (content knowledge, procedural knowledge, and epistemic knowledge) approach to assessment that aligns with the NGSS. They will leverage cutting-edge natural language processing (NLP) techniques to identify student reasoning patterns, attempting to label text as data description and system relationship description and attempting to identify superficial integration as opposed to integrated reasoning. The investigators will engage in an iterative process to compare the classification produced by the automated tools with that produced by human scorers. With this classification developed and validated, the investigators will have demonstrated the feasibility of later attempting to develop an NLP-based automated system that could provide immediate feedback to students, identifying weaknesses in reasoning rather than only whether an answer was correct, and to teachers, allowing them to tailor instruction to individual students.&lt;br/&gt;&lt;br/&gt;This award reflects NSF's statutory mission and has been deemed worthy of support through evaluation using the Foundation's intellectual merit and broader impacts review criteria.</AbstractNarration>
<MinAmdLetterDate>04/02/2020</MinAmdLetterDate>
<MaxAmdLetterDate>11/05/2021</MaxAmdLetterDate>
<ARRAAmount/>
<TRAN_TYPE>Grant</TRAN_TYPE>
<CFDA_NUM>47.076</CFDA_NUM>
<NSF_PAR_USE_FLAG>1</NSF_PAR_USE_FLAG>
<FUND_AGCY_CODE>4900</FUND_AGCY_CODE>
<AWDG_AGCY_CODE>4900</AWDG_AGCY_CODE>
<AwardID>2000492</AwardID>
<Investigator>
<FirstName>Matthew</FirstName>
<LastName>Johnson</LastName>
<PI_MID_INIT/>
<PI_SUFX_NAME/>
<PI_FULL_NAME>Matthew Johnson</PI_FULL_NAME>
<EmailAddress>msjohnson@ets.org</EmailAddress>
<PI_PHON>6095248231</PI_PHON>
<NSF_ID>000550937</NSF_ID>
<StartDate>04/02/2020</StartDate>
<EndDate/>
<RoleCode>Co-Principal Investigator</RoleCode>
</Investigator>
<Investigator>
<FirstName>Aoife</FirstName>
<LastName>Cahill</LastName>
<PI_MID_INIT/>
<PI_SUFX_NAME/>
<PI_FULL_NAME>Aoife Cahill</PI_FULL_NAME>
<EmailAddress>acahill@ets.org</EmailAddress>
<PI_PHON>6097341356</PI_PHON>
<NSF_ID>000789539</NSF_ID>
<StartDate>04/02/2020</StartDate>
<EndDate>11/05/2021</EndDate>
<RoleCode>Former Co-Principal Investigator</RoleCode>
</Investigator>
<Investigator>
<FirstName>Lei</FirstName>
<LastName>Liu</LastName>
<PI_MID_INIT/>
<PI_SUFX_NAME/>
<PI_FULL_NAME>Lei Liu</PI_FULL_NAME>
<EmailAddress>lliu001@ets.org</EmailAddress>
<PI_PHON>6096832734</PI_PHON>
<NSF_ID>000623460</NSF_ID>
<StartDate>04/02/2020</StartDate>
<EndDate/>
<RoleCode>Principal Investigator</RoleCode>
</Investigator>
<Investigator>
<FirstName>Brian</FirstName>
<LastName>Riordan</LastName>
<PI_MID_INIT>W</PI_MID_INIT>
<PI_SUFX_NAME/>
<PI_FULL_NAME>Brian W Riordan</PI_FULL_NAME>
<EmailAddress>briordan@ets.org</EmailAddress>
<PI_PHON>6095248036</PI_PHON>
<NSF_ID>000763693</NSF_ID>
<StartDate>11/05/2021</StartDate>
<EndDate/>
<RoleCode>Co-Principal Investigator</RoleCode>
</Investigator>
<Investigator>
<FirstName>Dante</FirstName>
<LastName>Cisterna-Alburquerque</LastName>
<PI_MID_INIT/>
<PI_SUFX_NAME/>
<PI_FULL_NAME>Dante Cisterna-Alburquerque</PI_FULL_NAME>
<EmailAddress>dcisterna@ets.org</EmailAddress>
<PI_PHON>6092436513</PI_PHON>
<NSF_ID>000738870</NSF_ID>
<StartDate>04/02/2020</StartDate>
<EndDate/>
<RoleCode>Co-Principal Investigator</RoleCode>
</Investigator>
<Institution>
<Name>Educational Testing Service</Name>
<CityName>PRINCETON</CityName>
<ZipCode>085402218</ZipCode>
<PhoneNumber>6096832734</PhoneNumber>
<StreetAddress>660 ROSEDALE RD</StreetAddress>
<StreetAddress2/>
<CountryName>United States</CountryName>
<StateName>New Jersey</StateName>
<StateCode>NJ</StateCode>
<CONGRESSDISTRICT>12</CONGRESSDISTRICT>
<CONGRESS_DISTRICT_ORG>NJ12</CONGRESS_DISTRICT_ORG>
<ORG_UEI_NUM>SZN1MPHQN853</ORG_UEI_NUM>
<ORG_LGL_BUS_NAME>EDUCATIONAL TESTING SERVICE</ORG_LGL_BUS_NAME>
<ORG_PRNT_UEI_NUM>SZN1MPHQN853</ORG_PRNT_UEI_NUM>
</Institution>
<Performance_Institution>
<Name><![CDATA[Educational Testing Service]]></Name>
<CityName>Princeton</CityName>
<StateCode>NJ</StateCode>
<ZipCode>085402218</ZipCode>
<StreetAddress><![CDATA[660 Rosedale Road]]></StreetAddress>
<CountryCode>US</CountryCode>
<CountryName>United States</CountryName>
<StateName>New Jersey</StateName>
<CountryFlag>1</CountryFlag>
<CONGRESSDISTRICT>12</CONGRESSDISTRICT>
<CONGRESS_DISTRICT_PERF>NJ12</CONGRESS_DISTRICT_PERF>
</Performance_Institution>
<ProgramElement>
<Code>7980</Code>
<Text>ECR-EHR Core Research</Text>
</ProgramElement>
<ProgramReference>
<Code>8817</Code>
<Text>STEM Learning &amp; Learning Environments</Text>
</ProgramReference>
<Appropriation>
<Code>0420</Code>
<Name>NSF Education &amp; Human Resource</Name>
<APP_SYMB_ID>040106</APP_SYMB_ID>
</Appropriation>
<Fund>
<Code>04002021DB</Code>
<Name><![CDATA[NSF Education & Human Resource]]></Name>
<FUND_SYMB_ID>040106</FUND_SYMB_ID>
</Fund>
<FUND_OBLG>2020~299862</FUND_OBLG>
</Award>
</rootTag>
