<?xml version="1.0" encoding="UTF-8"?>
<rootTag>
<Award>
<AwardTitle>Groundwork for Operator Algebras Lecture Series 2020</AwardTitle>
<AGENCY>NSF</AGENCY>
<AwardEffectiveDate>04/01/2020</AwardEffectiveDate>
<AwardExpirationDate>09/30/2022</AwardExpirationDate>
<AwardTotalIntnAmount>42000.00</AwardTotalIntnAmount>
<AwardAmount>42000</AwardAmount>
<AwardInstrument>
<Value>Standard Grant</Value>
</AwardInstrument>
<Organization>
<Code>03040000</Code>
<Directorate>
<Abbreviation>MPS</Abbreviation>
<LongName>Direct For Mathematical &amp; Physical Scien</LongName>
</Directorate>
<Division>
<Abbreviation>DMS</Abbreviation>
<LongName>Division Of Mathematical Sciences</LongName>
</Division>
</Organization>
<ProgramOfficer>
<SignBlockName>Marian Bocea</SignBlockName>
<PO_EMAI>mbocea@nsf.gov</PO_EMAI>
<PO_PHON>7032922595</PO_PHON>
</ProgramOfficer>
<AbstractNarration>This award supports participation in the Groundwork for Operator Algebras Lecture Series to be held at Michigan State University during June 28 - July 12, 2020. Operator algebras arose as a mathematical framework for quantum mechanics, and the field today is a highly active research area. The Groundwork for Operator Algebras Lecture Series (GOALS) is a two-week summer school and workshop that aims to provide early-career graduate students with an introduction to the fundamental techniques and current research in operator algebras. In addition, GOALS aims to increase, in this field, the participation and retention of persons from traditionally underrepresented groups by removing technical barriers to the field and building a strong community of support among the participants, contributors, and organizers. &lt;br/&gt;&lt;br/&gt;The field of operator algebras is a branch of functional analysis, which has a long-standing dialogue with various fields of mathematics and physics, such as topology, group theory, conformal field theory, probability, and logic, to name a few. The breadth of knowledge required to actively engage in operator algebras can be intimidating; there is a need to provide future researchers with an introduction to fundamental techniques and current research. The objectives of GOALS will be accomplished via lecture series on the basics of C*-algebras and von Neumann algebras; problem sessions; evening discussions on psychological barriers; expository talks about more advanced topics; and a culminating conference with leading researchers in operator algebras.  The community created at GOALS will be sustained by providing financial support for the participants to reunite at major annual operator algebras conferences such as the Great Plains Operator Theory Symposium. More information about this event is available at the link below.&lt;br/&gt;&lt;br/&gt;https://users.math.msu.edu/users/banelson/conferences/GOALS.html&lt;br/&gt;&lt;br/&gt;This award reflects NSF's statutory mission and has been deemed worthy of support through evaluation using the Foundation's intellectual merit and broader impacts review criteria.</AbstractNarration>
<MinAmdLetterDate>02/13/2020</MinAmdLetterDate>
<MaxAmdLetterDate>02/13/2020</MaxAmdLetterDate>
<ARRAAmount/>
<TRAN_TYPE>Grant</TRAN_TYPE>
<CFDA_NUM>47.049</CFDA_NUM>
<NSF_PAR_USE_FLAG>1</NSF_PAR_USE_FLAG>
<FUND_AGCY_CODE>4900</FUND_AGCY_CODE>
<AWDG_AGCY_CODE>4900</AWDG_AGCY_CODE>
<AwardID>2000131</AwardID>
<Investigator>
<FirstName>Kristin</FirstName>
<LastName>Courtney</LastName>
<PI_MID_INIT/>
<PI_SUFX_NAME/>
<PI_FULL_NAME>Kristin Courtney</PI_FULL_NAME>
<EmailAddress>kcourtne@uni-muenster.de</EmailAddress>
<PI_PHON>4925183330</PI_PHON>
<NSF_ID>000811885</NSF_ID>
<StartDate>02/13/2020</StartDate>
<EndDate/>
<RoleCode>Co-Principal Investigator</RoleCode>
</Investigator>
<Investigator>
<FirstName>Rolando</FirstName>
<LastName>de Santiago</LastName>
<PI_MID_INIT/>
<PI_SUFX_NAME/>
<PI_FULL_NAME>Rolando de Santiago</PI_FULL_NAME>
<EmailAddress>desantir@purdue.edu</EmailAddress>
<PI_PHON>7654941939</PI_PHON>
<NSF_ID>000733484</NSF_ID>
<StartDate>02/13/2020</StartDate>
<EndDate/>
<RoleCode>Co-Principal Investigator</RoleCode>
</Investigator>
<Investigator>
<FirstName>Brent</FirstName>
<LastName>Nelson</LastName>
<PI_MID_INIT>A</PI_MID_INIT>
<PI_SUFX_NAME/>
<PI_FULL_NAME>Brent A Nelson</PI_FULL_NAME>
<EmailAddress>brentnelson6@gmail.com</EmailAddress>
<PI_PHON>5173539571</PI_PHON>
<NSF_ID>000677219</NSF_ID>
<StartDate>02/13/2020</StartDate>
<EndDate/>
<RoleCode>Principal Investigator</RoleCode>
</Investigator>
<Investigator>
<FirstName>Elizabeth</FirstName>
<LastName>Gillaspy</LastName>
<PI_MID_INIT>A</PI_MID_INIT>
<PI_SUFX_NAME/>
<PI_FULL_NAME>Elizabeth A Gillaspy</PI_FULL_NAME>
<EmailAddress>elizabeth.gillaspy@mso.umt.edu</EmailAddress>
<PI_PHON>4062434126</PI_PHON>
<NSF_ID>000603936</NSF_ID>
<StartDate>02/13/2020</StartDate>
<EndDate/>
<RoleCode>Co-Principal Investigator</RoleCode>
</Investigator>
<Institution>
<Name>Michigan State University</Name>
<CityName>EAST LANSING</CityName>
<ZipCode>488242600</ZipCode>
<PhoneNumber>5173555040</PhoneNumber>
<StreetAddress>426 AUDITORIUM RD RM 2</StreetAddress>
<StreetAddress2/>
<CountryName>United States</CountryName>
<StateName>Michigan</StateName>
<StateCode>MI</StateCode>
<CONGRESSDISTRICT>08</CONGRESSDISTRICT>
<CONGRESS_DISTRICT_ORG>MI08</CONGRESS_DISTRICT_ORG>
<ORG_UEI_NUM>R28EKN92ZTZ9</ORG_UEI_NUM>
<ORG_LGL_BUS_NAME>MICHIGAN STATE UNIVERSITY</ORG_LGL_BUS_NAME>
<ORG_PRNT_UEI_NUM>VJKZC4D1JN36</ORG_PRNT_UEI_NUM>
</Institution>
<Performance_Institution>
<Name><![CDATA[Michigan State University]]></Name>
<CityName>East Lansing</CityName>
<StateCode>MI</StateCode>
<ZipCode>488243402</ZipCode>
<StreetAddress><![CDATA[619 Red Cedar Road, Room C212]]></StreetAddress>
<CountryCode>US</CountryCode>
<CountryName>United States</CountryName>
<StateName>Michigan</StateName>
<CountryFlag>1</CountryFlag>
<CONGRESSDISTRICT>08</CONGRESSDISTRICT>
<CONGRESS_DISTRICT_PERF>MI08</CONGRESS_DISTRICT_PERF>
</Performance_Institution>
<ProgramElement>
<Code>1281</Code>
<Text>ANALYSIS PROGRAM</Text>
</ProgramElement>
<ProgramReference>
<Code>7556</Code>
<Text>CONFERENCE AND WORKSHOPS</Text>
</ProgramReference>
<Appropriation>
<Code>0120</Code>
<Name>NSF RESEARCH &amp; RELATED ACTIVIT</Name>
<APP_SYMB_ID>040100</APP_SYMB_ID>
</Appropriation>
<Fund>
<Code>01002021DB</Code>
<Name><![CDATA[NSF RESEARCH & RELATED ACTIVIT]]></Name>
<FUND_SYMB_ID>040100</FUND_SYMB_ID>
</Fund>
<FUND_OBLG>2020~42000</FUND_OBLG>
</Award>
</rootTag>
