<?xml version="1.0" encoding="UTF-8"?>
<rootTag>
<Award>
<AwardTitle>Higher Structures,  Homotopy Algebras, and  Noncommutative Geometry</AwardTitle>
<AGENCY>NSF</AGENCY>
<AwardEffectiveDate>09/01/2020</AwardEffectiveDate>
<AwardExpirationDate>08/31/2023</AwardExpirationDate>
<AwardTotalIntnAmount>300000.00</AwardTotalIntnAmount>
<AwardAmount>300000</AwardAmount>
<AwardInstrument>
<Value>Standard Grant</Value>
</AwardInstrument>
<Organization>
<Code>03040000</Code>
<Directorate>
<Abbreviation>MPS</Abbreviation>
<LongName>Direct For Mathematical &amp; Physical Scien</LongName>
</Directorate>
<Division>
<Abbreviation>DMS</Abbreviation>
<LongName>Division Of Mathematical Sciences</LongName>
</Division>
</Organization>
<ProgramOfficer>
<SignBlockName>Sandra Spiroff</SignBlockName>
<PO_EMAI>sspiroff@nsf.gov</PO_EMAI>
<PO_PHON>7032928069</PO_PHON>
</ProgramOfficer>
<AbstractNarration>This project involves problems in noncommutative geometry. The idea of noncommutative geometry is to study noncommutative algebras using tools inspired by geometry. Noncommutative algebras are mathematical objects that have addition and multiplication; however the order in which the elements get multiplied might matter. The purpose of the project, which is centered&lt;br/&gt;around higher structures and homotopy algebras in noncommutative geometry, is to investigate mathematical problems motivated by physics in these fields. More specifically, the project is motivated by a combination of ideas from quantum mechanics, quantum field theory, string theory, and classical areas of mathematics such as Lie theory, representation theory, complex geometry, homological algebra, foliation theory, deformation quantization and index theory, and noncommutative geometry. The interdisciplinary nature of the proposed project promotes further interaction between these fields. The PI continues to disseminate his research by speaking at conferences and seminars and organizing workshops, which provide excellent opportunities for the PI to exchange, interact and collaborate with colleagues from within and outside the US and, in particular, young scientists. This award will support the training of early career researchers that work on related fields.&lt;br/&gt;&lt;br/&gt;In noncommutative geometry one studies algebras as if they were algebras of functions on manifolds. However, these noncommutative spaces are virtual and not made of points. Dg manifolds are one particular type of such a noncommutative spaces. The space of functions on a dg manifold is a differential graded algebra. Another important class of noncommutative spaces is obtained as deformations of commutative algebras. Deformation quantization aims at throwing a bridge between classical and quantum mechanics. The mathematical structures of the two theories are very different, making it a challenging problem to understand how the transition from classical to quantum works. Quantization, roughly speaking, is the study and prediction of quantum phenomena, which are normally described by noncommutative algebras, from the geometry of their underlying classical counterparts. The PI proposes to continue the study of higher structures and homotopy algebras arising naturally in noncommutative geometry and their relation to representation theory using tools from deformation quantization and Lie algebroid theory. The problems include investigating the role of the Todd class in Tamarkin-Tsygan calculi associated with a  dg manifold, studying the formal geometry of dg manifolds and the concept of homotopy equivalence of dg Lie algebroids, establishing a Kontsevich-Duflo type theorem in a wide context, and exploring negatively graded dg manifolds.&lt;br/&gt;&lt;br/&gt;This award reflects NSF's statutory mission and has been deemed worthy of support through evaluation using the Foundation's intellectual merit and broader impacts review criteria.</AbstractNarration>
<MinAmdLetterDate>05/11/2020</MinAmdLetterDate>
<MaxAmdLetterDate>05/11/2020</MaxAmdLetterDate>
<ARRAAmount/>
<TRAN_TYPE>Grant</TRAN_TYPE>
<CFDA_NUM>47.049</CFDA_NUM>
<NSF_PAR_USE_FLAG>1</NSF_PAR_USE_FLAG>
<FUND_AGCY_CODE>4900</FUND_AGCY_CODE>
<AWDG_AGCY_CODE>4900</AWDG_AGCY_CODE>
<AwardID>2001599</AwardID>
<Investigator>
<FirstName>Ping</FirstName>
<LastName>Xu</LastName>
<PI_MID_INIT/>
<PI_SUFX_NAME/>
<PI_FULL_NAME>Ping Xu</PI_FULL_NAME>
<EmailAddress>ping@math.psu.edu</EmailAddress>
<PI_PHON>8148653517</PI_PHON>
<NSF_ID>000448022</NSF_ID>
<StartDate>05/11/2020</StartDate>
<EndDate/>
<RoleCode>Principal Investigator</RoleCode>
</Investigator>
<Institution>
<Name>Pennsylvania State Univ University Park</Name>
<CityName>University Park</CityName>
<ZipCode>168021503</ZipCode>
<PhoneNumber>8148651372</PhoneNumber>
<StreetAddress>201 Old Main</StreetAddress>
<StreetAddress2/>
<CountryName>United States</CountryName>
<StateName>Pennsylvania</StateName>
<StateCode>PA</StateCode>
<CONGRESSDISTRICT>12</CONGRESSDISTRICT>
<CONGRESS_DISTRICT_ORG>PA12</CONGRESS_DISTRICT_ORG>
<ORG_UEI_NUM>NPM2J7MSCF61</ORG_UEI_NUM>
<ORG_LGL_BUS_NAME>PENNSYLVANIA STATE UNIVERSITY, THE</ORG_LGL_BUS_NAME>
<ORG_PRNT_UEI_NUM>NPM2J7MSCF61</ORG_PRNT_UEI_NUM>
</Institution>
<Performance_Institution>
<Name><![CDATA[Pennsylvania State Univ University Park]]></Name>
<CityName>University Park</CityName>
<StateCode>PA</StateCode>
<ZipCode>168027000</ZipCode>
<StreetAddress/>
<CountryCode>US</CountryCode>
<CountryName>United States</CountryName>
<StateName>Pennsylvania</StateName>
<CountryFlag>1</CountryFlag>
<CONGRESSDISTRICT/>
<CONGRESS_DISTRICT_PERF>PA"</CONGRESS_DISTRICT_PERF>
</Performance_Institution>
<ProgramElement>
<Code>1264</Code>
<Text>ALGEBRA,NUMBER THEORY,AND COM</Text>
</ProgramElement>
<ProgramElement>
<Code>1267</Code>
<Text>TOPOLOGY</Text>
</ProgramElement>
<Appropriation>
<Code>0120</Code>
<Name>NSF RESEARCH &amp; RELATED ACTIVIT</Name>
<APP_SYMB_ID>040100</APP_SYMB_ID>
</Appropriation>
<Fund>
<Code>01002021DB</Code>
<Name><![CDATA[NSF RESEARCH & RELATED ACTIVIT]]></Name>
<FUND_SYMB_ID>040100</FUND_SYMB_ID>
</Fund>
<FUND_OBLG>2020~300000</FUND_OBLG>
</Award>
</rootTag>
