<?xml version="1.0" encoding="UTF-8"?>
<rootTag>
<Award>
<AwardTitle><![CDATA[Tropical and nonarchimedean analytic methods in algebraic geometry]]></AwardTitle>
<AGENCY>NSF</AGENCY>
<AwardEffectiveDate>09/01/2020</AwardEffectiveDate>
<AwardExpirationDate>08/31/2023</AwardExpirationDate>
<AwardTotalIntnAmount>359739.00</AwardTotalIntnAmount>
<AwardAmount>299739</AwardAmount>
<AwardInstrument>
<Value>Continuing Grant</Value>
</AwardInstrument>
<Organization>
<Code>03040000</Code>
<Directorate>
<Abbreviation>MPS</Abbreviation>
<LongName>Direct For Mathematical &amp; Physical Scien</LongName>
</Directorate>
<Division>
<Abbreviation>DMS</Abbreviation>
<LongName>Division Of Mathematical Sciences</LongName>
</Division>
</Organization>
<ProgramOfficer>
<SignBlockName>Andrew Pollington</SignBlockName>
<PO_EMAI>adpollin@nsf.gov</PO_EMAI>
<PO_PHON>7032924878</PO_PHON>
</ProgramOfficer>
<AbstractNarration><![CDATA[Algebraic geometry studies solution sets of systems of polynomial equations.  For instance, lines are solution sets of linear polynomial equations, while circles and hyperbolas are solution sets to quadratic polynomial equations, and their study goes back to the ancient Greeks. The solution sets of systems of many polynomial equations in many variables often have beautiful and complicated geometry. The PI will apply new and modern techniques to answer questions of classical interest in the field of algebraic geometry, and to address long standing open problems about the geometry of curves defined by polynomial equations. This project provides research training opportunities for graduate students.&lt;br/&gt;&lt;br/&gt;Over a nonarchimedean field, one can split the problem of understanding such solution sets into two parts. What are the possible valuations of solutions?  And what are the solutions with a given valuation?  The set of valuations of solutions has a rich combinatorial and polyhedral structure, and is the primary object of study in tropical geometry; the solutions with a given valuation can be studied via nonarchimedean analytic geometry.  Recent developments in these fields make it possible to resolve subtle questions about the geometry of the actual solution set using new and innovative tools and techniques. This project will refine, abstract, and generalize these new methods and explore deeper applications to open problems in algebraic geometry.The PI will use tropical and nonarchimedean methods to continue his work on refined curve counting, and on unstable cohomology of moduli spaces of curves, proceeding beyond the top graded piece of the weight filtration to examine the full weight-graded cohomology ring. He will also initiate an analogous study of the weight graded cohomology of the moduli space of abelian varieties, using the topology of moduli spaces of tropical abelian varieties and the combinatorial algebra of complexes built out of unimodular matroids and perfect quadratic forms. Additional projects will attack the motivic, p-adic, and topological monodromy conjectures for Newton nondegenerate singularities, using the combinatorics of relative local h-polynomials and Stapledon’s formulas for monodromy, and attempt to resolve outstanding (and mutually contradictory) conjectures of Kontsevich and Morita in the homology of commutative graph complexes.&lt;br/&gt;&lt;br/&gt;This award reflects NSF's statutory mission and has been deemed worthy of support through evaluation using the Foundation's intellectual merit and broader impacts review criteria.]]></AbstractNarration>
<MinAmdLetterDate>07/27/2020</MinAmdLetterDate>
<MaxAmdLetterDate>06/21/2021</MaxAmdLetterDate>
<ARRAAmount/>
<TRAN_TYPE>Grant</TRAN_TYPE>
<CFDA_NUM>47.049</CFDA_NUM>
<NSF_PAR_USE_FLAG>1</NSF_PAR_USE_FLAG>
<FUND_AGCY_CODE>4900</FUND_AGCY_CODE>
<AWDG_AGCY_CODE>4900</AWDG_AGCY_CODE>
<AwardID>2001502</AwardID>
<Investigator>
<FirstName>Sam</FirstName>
<LastName>Payne</LastName>
<PI_MID_INIT/>
<PI_SUFX_NAME/>
<PI_FULL_NAME>Sam Payne</PI_FULL_NAME>
<EmailAddress><![CDATA[sampayne@utexas.edu]]></EmailAddress>
<NSF_ID>000571998</NSF_ID>
<StartDate>07/27/2020</StartDate>
<EndDate/>
<RoleCode>Principal Investigator</RoleCode>
</Investigator>
<Institution>
<Name>University of Texas at Austin</Name>
<CityName>AUSTIN</CityName>
<ZipCode>787121139</ZipCode>
<PhoneNumber>5124716424</PhoneNumber>
<StreetAddress>110 INNER CAMPUS DR</StreetAddress>
<StreetAddress2/>
<CountryName>United States</CountryName>
<StateName>Texas</StateName>
<StateCode>TX</StateCode>
<CONGRESSDISTRICT>25</CONGRESSDISTRICT>
<CONGRESS_DISTRICT_ORG>TX25</CONGRESS_DISTRICT_ORG>
<ORG_UEI_NUM>V6AFQPN18437</ORG_UEI_NUM>
<ORG_LGL_BUS_NAME>UNIVERSITY OF TEXAS AT AUSTIN</ORG_LGL_BUS_NAME>
<ORG_PRNT_UEI_NUM>X5NKD2NFF2V3</ORG_PRNT_UEI_NUM>
</Institution>
<Performance_Institution>
<Name><![CDATA[University of Texas at Austin]]></Name>
<CityName>Austin</CityName>
<StateCode>TX</StateCode>
<ZipCode>787595316</ZipCode>
<StreetAddress><![CDATA[3925 W Braker Lane, Ste 3.340]]></StreetAddress>
<CountryCode>US</CountryCode>
<CountryName>United States</CountryName>
<StateName>Texas</StateName>
<CountryFlag>1</CountryFlag>
<CONGRESSDISTRICT>10</CONGRESSDISTRICT>
<CONGRESS_DISTRICT_PERF>TX10</CONGRESS_DISTRICT_PERF>
</Performance_Institution>
<ProgramElement>
<Code>1264</Code>
<Text>ALGEBRA,NUMBER THEORY,AND COM</Text>
</ProgramElement>
<ProgramElement>
<Code>7970</Code>
<Text>Combinatorics</Text>
</ProgramElement>
<ProgramElement>
<Code>8048</Code>
<Text>Division Co-Funding: CAREER</Text>
</ProgramElement>
<Appropriation>
<Code>0119</Code>
<Name>NSF RESEARCH &amp; RELATED ACTIVIT</Name>
<APP_SYMB_ID>040100</APP_SYMB_ID>
</Appropriation>
<Appropriation>
<Code>0120</Code>
<Name>NSF RESEARCH &amp; RELATED ACTIVIT</Name>
<APP_SYMB_ID>040100</APP_SYMB_ID>
</Appropriation>
<Appropriation>
<Code>0121</Code>
<Name>NSF RESEARCH &amp; RELATED ACTIVIT</Name>
<APP_SYMB_ID>040100</APP_SYMB_ID>
</Appropriation>
<Fund>
<Code>01001920DB</Code>
<Name><![CDATA[NSF RESEARCH & RELATED ACTIVIT]]></Name>
<FUND_SYMB_ID>040100</FUND_SYMB_ID>
</Fund>
<Fund>
<Code>01002021DB</Code>
<Name><![CDATA[NSF RESEARCH & RELATED ACTIVIT]]></Name>
<FUND_SYMB_ID>040100</FUND_SYMB_ID>
</Fund>
<Fund>
<Code>01002122DB</Code>
<Name><![CDATA[NSF RESEARCH & RELATED ACTIVIT]]></Name>
<FUND_SYMB_ID>040100</FUND_SYMB_ID>
</Fund>
<FUND_OBLG>2020~164831</FUND_OBLG>
<FUND_OBLG>2021~134908</FUND_OBLG>
</Award>
</rootTag>
