<?xml version="1.0" encoding="UTF-8"?>
<rootTag>
<Award>
<AwardTitle>Elucidating the Hidden Steps of Replicative DNA Synthesis by Time-Resolved X-ray Crystallography</AwardTitle>
<AGENCY>NSF</AGENCY>
<AwardEffectiveDate>08/01/2020</AwardEffectiveDate>
<AwardExpirationDate>07/31/2023</AwardExpirationDate>
<AwardTotalIntnAmount>438000.00</AwardTotalIntnAmount>
<AwardAmount>438000</AwardAmount>
<AwardInstrument>
<Value>Standard Grant</Value>
</AwardInstrument>
<Organization>
<Code>03090000</Code>
<Directorate>
<Abbreviation>MPS</Abbreviation>
<LongName>Direct For Mathematical &amp; Physical Scien</LongName>
</Directorate>
<Division>
<Abbreviation>CHE</Abbreviation>
<LongName>Division Of Chemistry</LongName>
</Division>
</Organization>
<ProgramOfficer>
<SignBlockName>Pui Ho</SignBlockName>
<PO_EMAI>puiho@nsf.gov</PO_EMAI>
<PO_PHON>7032920000</PO_PHON>
</ProgramOfficer>
<AbstractNarration>With this award, the Chemistry of Life Processes program in the Chemistry Division and the Genetic Mechanisms program in the Division of Molecular and Cellular Biosciences are funding Dr. John Chaput from the University of California, Irvine to apply time-resolved X-ray crystallography methods to capture snapshot images as the DNA polymerase enzyme copies one strand of DNA onto another. DNA is the blueprint that directs the molecular basis of life on our planet. However, despite decades of research, there remains an incomplete understanding of how enzymes make new copies of DNA inside cells.  The collection of images is assembled to produce the equivalent of an animated movie showing the precise order of each step in the reaction pathway at the atomic level. The detailed insights into the chemical mechanism of these enzymes leads potentially to the design of new polymerases for applications in biotechnology. In addition, this project includes a significant educational component that is designed to attract and maintain student interest in the chemical and biological sciences. This includes pro-active engagement in a number of university-sponsored programs, including the Minority Science Program, aimed at improving the participation of traditionally underrepresented groups in science.  &lt;br/&gt;&lt;br/&gt;Time-resolved X-ray crystallography is a powerful method for studying the mechanism of enzymes by capturing intermediates that cannot be observed in the lowest energy states of static protein crystal structures. This project investigates the mechanism of DNA synthesis by collecting time-lapsed images of the Bacillus stearothermophilus (Bst) and the Klenow-fragment analogue of the Thermus aquaticus (KlenTaq) DNA polymerase. The objectives are to provide details of a tyrosine gating mechanism that prevents frame-shift mutations and a novel push-pull mechanism during elongation. In addition, the study probes an unusual alternative reaction catalyzed by Bst polymerase that uses non-canonical templates (RNA, 2-fluoro-arabino nucleic acid, or alpha-L-threose nucleic acid) for DNA elongation. The time-lapse structures are projected to identify conformational changes as they occur in the enzyme active site. The full collection of snapshot images is to provide unequivocal evidence for the precise order of each intermediate in the reaction pathway and may lead to the discovery of new intermediates not observed in previous DNA polymerase studies. Successful completion of this project is expected to illuminate the chemistry of one of life’s most essential processes—DNA synthesis.&lt;br/&gt;&lt;br/&gt;This award is co-funded by the Chemistry of Life Processes program in the Division of Chemistry (Mathematical and Physical Sciences (MPS) Directorate) and the Genetic Mechanisms cluster in the Division of Molecular and Cellular Biosciences (Biological Sciences (BIO)Directorate).&lt;br/&gt;&lt;br/&gt;This award reflects NSF's statutory mission and has been deemed worthy of support through evaluation using the Foundation's intellectual merit and broader impacts review criteria.</AbstractNarration>
<MinAmdLetterDate>07/17/2020</MinAmdLetterDate>
<MaxAmdLetterDate>07/17/2020</MaxAmdLetterDate>
<ARRAAmount/>
<TRAN_TYPE>Grant</TRAN_TYPE>
<CFDA_NUM>47.049</CFDA_NUM>
<NSF_PAR_USE_FLAG>1</NSF_PAR_USE_FLAG>
<FUND_AGCY_CODE>4900</FUND_AGCY_CODE>
<AWDG_AGCY_CODE>4900</AWDG_AGCY_CODE>
<AwardID>2001434</AwardID>
<Investigator>
<FirstName>John</FirstName>
<LastName>Chaput</LastName>
<PI_MID_INIT/>
<PI_SUFX_NAME/>
<PI_FULL_NAME>John Chaput</PI_FULL_NAME>
<EmailAddress>jchaput@uci.edu</EmailAddress>
<PI_PHON>9498248149</PI_PHON>
<NSF_ID>000387169</NSF_ID>
<StartDate>07/17/2020</StartDate>
<EndDate/>
<RoleCode>Principal Investigator</RoleCode>
</Investigator>
<Institution>
<Name>University of California-Irvine</Name>
<CityName>IRVINE</CityName>
<ZipCode>926173213</ZipCode>
<PhoneNumber>9498247295</PhoneNumber>
<StreetAddress>141 INNOVATION DR STE 250</StreetAddress>
<StreetAddress2/>
<CountryName>United States</CountryName>
<StateName>California</StateName>
<StateCode>CA</StateCode>
<CONGRESSDISTRICT>45</CONGRESSDISTRICT>
<CONGRESS_DISTRICT_ORG>CA45</CONGRESS_DISTRICT_ORG>
<ORG_UEI_NUM>MJC5FCYQTPE6</ORG_UEI_NUM>
<ORG_LGL_BUS_NAME>UNIVERSITY OF CALIFORNIA, IRVINE</ORG_LGL_BUS_NAME>
<ORG_PRNT_UEI_NUM>NUDGYLBB4S99</ORG_PRNT_UEI_NUM>
</Institution>
<Performance_Institution>
<Name><![CDATA[University of California, Irvine]]></Name>
<CityName>Irvine</CityName>
<StateCode>CA</StateCode>
<ZipCode>926173213</ZipCode>
<StreetAddress><![CDATA[3342 McGaugh Hall (Bio Sci 2)]]></StreetAddress>
<CountryCode>US</CountryCode>
<CountryName>United States</CountryName>
<StateName>California</StateName>
<CountryFlag>1</CountryFlag>
<CONGRESSDISTRICT>45</CONGRESSDISTRICT>
<CONGRESS_DISTRICT_PERF>CA45</CONGRESS_DISTRICT_PERF>
</Performance_Institution>
<ProgramElement>
<Code>1112</Code>
<Text>Genetic Mechanisms</Text>
</ProgramElement>
<ProgramElement>
<Code>6883</Code>
<Text>Chemistry of Life Processes</Text>
</ProgramElement>
<ProgramReference>
<Code>7465</Code>
<Text>NANOSCALE BIO CORE</Text>
</ProgramReference>
<ProgramReference>
<Code>8038</Code>
<Text>Biotechnology</Text>
</ProgramReference>
<Appropriation>
<Code>0120</Code>
<Name>NSF RESEARCH &amp; RELATED ACTIVIT</Name>
<APP_SYMB_ID>040100</APP_SYMB_ID>
</Appropriation>
<Fund>
<Code>01002021DB</Code>
<Name><![CDATA[NSF RESEARCH & RELATED ACTIVIT]]></Name>
<FUND_SYMB_ID>040100</FUND_SYMB_ID>
</Fund>
<FUND_OBLG>2020~438000</FUND_OBLG>
</Award>
</rootTag>
