<?xml version="1.0" encoding="UTF-8"?>
<rootTag>
<Award>
<AwardTitle><![CDATA[Automorphic Forms, Arthur Packets, and Algebraic Cycles]]></AwardTitle>
<AGENCY>NSF</AGENCY>
<AwardEffectiveDate>07/01/2020</AwardEffectiveDate>
<AwardExpirationDate>06/30/2023</AwardExpirationDate>
<AwardTotalIntnAmount>360000.00</AwardTotalIntnAmount>
<AwardAmount>280411</AwardAmount>
<AwardInstrument>
<Value>Continuing Grant</Value>
</AwardInstrument>
<Organization>
<Code>03040000</Code>
<Directorate>
<Abbreviation>MPS</Abbreviation>
<LongName>Direct For Mathematical &amp; Physical Scien</LongName>
</Directorate>
<Division>
<Abbreviation>DMS</Abbreviation>
<LongName>Division Of Mathematical Sciences</LongName>
</Division>
</Organization>
<ProgramOfficer>
<SignBlockName>Adriana Salerno</SignBlockName>
<PO_EMAI>asalerno@nsf.gov</PO_EMAI>
<PO_PHON>7032922271</PO_PHON>
</ProgramOfficer>
<AbstractNarration><![CDATA[A classical question in number theory is to find solutions in rational numbers or integers to systems of polynomial equations. In the twentieth century, mathematicians realized that this question can be reformulated using geometric objects called algebraic cycles. This realization gave rise to a vast and beautiful conjectural framework, which now includes some of the most important unresolved conjectures in mathematics. On the other hand, the discovery of the law of quadratic reciprocity (due to Gauss) and its generalizations lead ultimately to the formulation of the Langlands program, which is a separate web of conjectures relating the symmetries of numbers to analysis and group theory. The questions to be studied in this project lie at the interface of these two different webs of conjectures, and thus involve objects of enormous arithmetic richness. The specific goal of the project is to use the study of certain highly symmetric functions to reveal information about the geometry and arithmetic of polynomial equations. While the final goal is to reveal sophisticated information about polynomials, many of the objects to be studied have immediate practical applications. For example, elliptic curves, which are cubic equations in two variables, play a prominent role in this research and also an important role in contemporary applications such as cryptography and digital signatures, which have extensive use in commerce. One of the broader impacts of the project will be the development of a course on the mathematics of cryptocurrencies such as bitcoin, popularizing mathematics through an exciting application of broad current popular interest. The project will also provide research training activities for graduate students&lt;br/&gt;&lt;br/&gt;In technical terms, the main thrust of the research is to use the fine structure of automorphic representations, including the theory of local and global Arthur packets, to study problems on algebraic cycles. Specific problems to be studied include: (i) constructing Hodge cycles that represent instances of Langlands functoriality, especially for unitary groups; (ii) Oda's conjecture on the factorization of Hodge structures of Hilbert modular forms; (iii) relations between Abel-Jacobi images of cohomologically trivial cycles and p-adic L-functions; (iv) integral period relations for quaternionic modular forms, and (v) applications of the theory of non-tempered A-packets to generalizations of Kudla-Millson theory on locally symmetric spaces. The investigator will continue to mentor graduate student research on topics related to the themes in the project.&lt;br/&gt;&lt;br/&gt;This award reflects NSF's statutory mission and has been deemed worthy of support through evaluation using the Foundation's intellectual merit and broader impacts review criteria.]]></AbstractNarration>
<MinAmdLetterDate>03/27/2020</MinAmdLetterDate>
<MaxAmdLetterDate>08/20/2021</MaxAmdLetterDate>
<ARRAAmount/>
<TRAN_TYPE>Grant</TRAN_TYPE>
<CFDA_NUM>47.049</CFDA_NUM>
<NSF_PAR_USE_FLAG>1</NSF_PAR_USE_FLAG>
<FUND_AGCY_CODE>4900</FUND_AGCY_CODE>
<AWDG_AGCY_CODE>4900</AWDG_AGCY_CODE>
<AwardID>2001293</AwardID>
<Investigator>
<FirstName>Kartik</FirstName>
<LastName>Prasanna</LastName>
<PI_MID_INIT/>
<PI_SUFX_NAME/>
<PI_FULL_NAME>Kartik Prasanna</PI_FULL_NAME>
<EmailAddress><![CDATA[kartikp@umich.edu]]></EmailAddress>
<NSF_ID>000197000</NSF_ID>
<StartDate>03/27/2020</StartDate>
<EndDate/>
<RoleCode>Principal Investigator</RoleCode>
</Investigator>
<Institution>
<Name>Regents of the University of Michigan - Ann Arbor</Name>
<CityName>ANN ARBOR</CityName>
<ZipCode>481091340</ZipCode>
<PhoneNumber>7347636438</PhoneNumber>
<StreetAddress>503 THOMPSON ST</StreetAddress>
<StreetAddress2/>
<CountryName>United States</CountryName>
<StateName>Michigan</StateName>
<StateCode>MI</StateCode>
<CONGRESSDISTRICT>12</CONGRESSDISTRICT>
<CONGRESS_DISTRICT_ORG>MI12</CONGRESS_DISTRICT_ORG>
<ORG_UEI_NUM>GNJ7BBP73WE9</ORG_UEI_NUM>
<ORG_LGL_BUS_NAME>REGENTS OF THE UNIVERSITY OF MICHIGAN</ORG_LGL_BUS_NAME>
<ORG_PRNT_UEI_NUM>GNJ7BBP73WE9</ORG_PRNT_UEI_NUM>
</Institution>
<Performance_Institution>
<Name><![CDATA[University of Michigan Ann Arbor]]></Name>
<CityName>Ann Arbor</CityName>
<StateCode>MI</StateCode>
<ZipCode>481091274</ZipCode>
<StreetAddress/>
<CountryCode>US</CountryCode>
<CountryName>United States</CountryName>
<StateName>Michigan</StateName>
<CountryFlag>1</CountryFlag>
<CONGRESSDISTRICT>12</CONGRESSDISTRICT>
<CONGRESS_DISTRICT_PERF>MI12</CONGRESS_DISTRICT_PERF>
</Performance_Institution>
<ProgramElement>
<Code>1264</Code>
<Text>ALGEBRA,NUMBER THEORY,AND COM</Text>
</ProgramElement>
<Appropriation>
<Code>0120</Code>
<Name>NSF RESEARCH &amp; RELATED ACTIVIT</Name>
<APP_SYMB_ID>040100</APP_SYMB_ID>
</Appropriation>
<Appropriation>
<Code>0121</Code>
<Name>NSF RESEARCH &amp; RELATED ACTIVIT</Name>
<APP_SYMB_ID>040100</APP_SYMB_ID>
</Appropriation>
<Fund>
<Code>01002021DB</Code>
<Name><![CDATA[NSF RESEARCH & RELATED ACTIVIT]]></Name>
<FUND_SYMB_ID>040100</FUND_SYMB_ID>
</Fund>
<Fund>
<Code>01002122DB</Code>
<Name><![CDATA[NSF RESEARCH & RELATED ACTIVIT]]></Name>
<FUND_SYMB_ID>040100</FUND_SYMB_ID>
</Fund>
<FUND_OBLG>2020~202446</FUND_OBLG>
<FUND_OBLG>2021~77965</FUND_OBLG>
</Award>
</rootTag>
