<?xml version="1.0" encoding="UTF-8"?>
<rootTag>
<Award>
<AwardTitle>RAPID: An Improved Understanding of Mesoscale Wind and Precipitation Variability in the Ross Island Region Based on Radar Observations</AwardTitle>
<AGENCY>NSF</AGENCY>
<AwardEffectiveDate>11/15/2019</AwardEffectiveDate>
<AwardExpirationDate>10/31/2022</AwardExpirationDate>
<AwardTotalIntnAmount>125070.00</AwardTotalIntnAmount>
<AwardAmount>125070</AwardAmount>
<AwardInstrument>
<Value>Standard Grant</Value>
</AwardInstrument>
<Organization>
<Code>06090300</Code>
<Directorate>
<Abbreviation>GEO</Abbreviation>
<LongName>Directorate For Geosciences</LongName>
</Directorate>
<Division>
<Abbreviation>OPP</Abbreviation>
<LongName>Office of Polar Programs (OPP)</LongName>
</Division>
</Organization>
<ProgramOfficer>
<SignBlockName>David Sutherland</SignBlockName>
<PO_EMAI>dasuther@nsf.gov</PO_EMAI>
<PO_PHON>7032920000</PO_PHON>
</ProgramOfficer>
<AbstractNarration>Despite several decades of successful Antarctic aviation, centered upon flight operations  in the McMurdo (Phoenix Field, Ross Island; RsI) area, systemized description of radar  observations such as are normally found essential in operational  aviation settings are notably lacking. The Ross Island region of Antarctica is a topographically complex region that results in large variations in the mesoscale high wind and precipitation features across the region.  The goals of this project are to increase the understanding of the three-dimensional structure of these mesoscale meteorology features. Of particular interest are those features observed with radar signals.&lt;br/&gt;&lt;br/&gt;This project will leverage observations from the scanning X-band radar installed during the AWARE field campaign in 2016 and the installation of an EWR Radar Systems X-band scanning radar (E700XD) to be deployed during the 2019-20 field season, at McMurdo. Several science questions and case studies will be addressed during the season.&lt;br/&gt;&lt;br/&gt;This award reflects NSF's statutory mission and has been deemed worthy of support through evaluation using the Foundation's intellectual merit and broader impacts review criteria.</AbstractNarration>
<MinAmdLetterDate>10/22/2019</MinAmdLetterDate>
<MaxAmdLetterDate>10/22/2019</MaxAmdLetterDate>
<ARRAAmount/>
<TRAN_TYPE>Grant</TRAN_TYPE>
<CFDA_NUM>47.078</CFDA_NUM>
<NSF_PAR_USE_FLAG>1</NSF_PAR_USE_FLAG>
<FUND_AGCY_CODE>4900</FUND_AGCY_CODE>
<AWDG_AGCY_CODE>4900</AWDG_AGCY_CODE>
<AwardID>2001430</AwardID>
<Investigator>
<FirstName>John</FirstName>
<LastName>Cassano</LastName>
<PI_MID_INIT>J</PI_MID_INIT>
<PI_SUFX_NAME/>
<PI_FULL_NAME>John J Cassano</PI_FULL_NAME>
<EmailAddress>john.cassano@colorado.edu</EmailAddress>
<PI_PHON>3034922221</PI_PHON>
<NSF_ID>000181851</NSF_ID>
<StartDate>10/22/2019</StartDate>
<EndDate/>
<RoleCode>Principal Investigator</RoleCode>
</Investigator>
<Investigator>
<FirstName>Mark</FirstName>
<LastName>Seefeldt</LastName>
<PI_MID_INIT>W</PI_MID_INIT>
<PI_SUFX_NAME/>
<PI_FULL_NAME>Mark W Seefeldt</PI_FULL_NAME>
<EmailAddress>mark.seefeldt@colorado.edu</EmailAddress>
<PI_PHON>3037351636</PI_PHON>
<NSF_ID>000505594</NSF_ID>
<StartDate>10/22/2019</StartDate>
<EndDate/>
<RoleCode>Co-Principal Investigator</RoleCode>
</Investigator>
<Investigator>
<FirstName>David</FirstName>
<LastName>Kingsmill</LastName>
<PI_MID_INIT>E</PI_MID_INIT>
<PI_SUFX_NAME/>
<PI_FULL_NAME>David E Kingsmill</PI_FULL_NAME>
<EmailAddress>David.Kingsmill@Colorado.edu</EmailAddress>
<PI_PHON>3037354333</PI_PHON>
<NSF_ID>000466833</NSF_ID>
<StartDate>10/22/2019</StartDate>
<EndDate/>
<RoleCode>Co-Principal Investigator</RoleCode>
</Investigator>
<Institution>
<Name>University of Colorado at Boulder</Name>
<CityName>BOULDER</CityName>
<ZipCode>803090001</ZipCode>
<PhoneNumber>3034926221</PhoneNumber>
<StreetAddress>3100 MARINE ST STE 481 572 UCB</StreetAddress>
<StreetAddress2/>
<CountryName>United States</CountryName>
<StateName>Colorado</StateName>
<StateCode>CO</StateCode>
<CONGRESSDISTRICT/>
<CONGRESS_DISTRICT_ORG/>
<ORG_UEI_NUM>SPVKK1RC2MZ3</ORG_UEI_NUM>
<ORG_LGL_BUS_NAME>REGENTS OF THE UNIVERSITY OF COLORADO, THE</ORG_LGL_BUS_NAME>
<ORG_PRNT_UEI_NUM>SPVKK1RC2MZ3</ORG_PRNT_UEI_NUM>
</Institution>
<Performance_Institution>
<Name><![CDATA[University of Colorado at Boulder]]></Name>
<CityName>Boulder</CityName>
<StateCode>CO</StateCode>
<ZipCode>803090481</ZipCode>
<StreetAddress><![CDATA[3100 Marine Street, Room 481]]></StreetAddress>
<CountryCode>US</CountryCode>
<CountryName>United States</CountryName>
<StateName>Colorado</StateName>
<CountryFlag>1</CountryFlag>
<CONGRESSDISTRICT>02</CONGRESSDISTRICT>
<CONGRESS_DISTRICT_PERF/>
</Performance_Institution>
<ProgramElement>
<Code>5113</Code>
<Text>ANT Ocean &amp; Atmos Sciences</Text>
</ProgramElement>
<ProgramReference>
<Code>5113</Code>
<Text>ANTARCTIC OCEAN &amp; ATMOSPH SCI</Text>
</ProgramReference>
<ProgramReference>
<Code>7914</Code>
<Text>RAPID</Text>
</ProgramReference>
<Appropriation>
<Code>02XX</Code>
<Name>NSF RESEARCH &amp; RELATED ACTIVIT</Name>
<APP_SYMB_ID>040100</APP_SYMB_ID>
</Appropriation>
<Fund>
<Code>0100XXXXDB</Code>
<Name><![CDATA[NSF RESEARCH & RELATED ACTIVIT]]></Name>
<FUND_SYMB_ID>040100</FUND_SYMB_ID>
</Fund>
<FUND_OBLG>2020~125070</FUND_OBLG>
</Award>
</rootTag>
