<?xml version="1.0" encoding="UTF-8"?>
<rootTag>
<Award>
<AwardTitle><![CDATA[Hodge Filtration on Local Cohomology and Minimal Exponents]]></AwardTitle>
<AGENCY>NSF</AGENCY>
<AwardEffectiveDate>06/01/2020</AwardEffectiveDate>
<AwardExpirationDate>05/31/2023</AwardExpirationDate>
<AwardTotalIntnAmount>360000.00</AwardTotalIntnAmount>
<AwardAmount>360000</AwardAmount>
<AwardInstrument>
<Value>Continuing Grant</Value>
</AwardInstrument>
<Organization>
<Code>03040000</Code>
<Directorate>
<Abbreviation>MPS</Abbreviation>
<LongName>Direct For Mathematical &amp; Physical Scien</LongName>
</Directorate>
<Division>
<Abbreviation>DMS</Abbreviation>
<LongName>Division Of Mathematical Sciences</LongName>
</Division>
</Organization>
<ProgramOfficer>
<SignBlockName>Sandra Spiroff</SignBlockName>
<PO_EMAI>sspiroff@nsf.gov</PO_EMAI>
<PO_PHON>7032928069</PO_PHON>
</ProgramOfficer>
<AbstractNarration><![CDATA[Given a polynomial in several variables, with complex coefficients, its solution set is a geometric object that in many interesting situations exhibits singularities. These singularities can be measured by invariants that can be either numerical or more involved (for example, they can form in turn suitable subsets in the polynomial ring). Over the past few years, the PI has been involved in the study of certain such invariants by making use of tools from from Hodge theory and the algebraic theory of differential operators. In the present project, the PI plans to extend this study in several directions. For example, he plans to generalize his previous work with Popa from the case of singularities of geometric objects defined by one equation to more general such singularities. In a different direction, he intends to investigate one interesting numerical invariant of singularities--the minimal exponent--and its connections  with other invariants and points of view on singularities. The PI will train graduate students in the area of research.&lt;br/&gt;&lt;br/&gt;The PI has been studying with Popa certain invariants of singularities, the Hodge ideals, for hypersurfaces and, more generally, for Q-divisors. These ideals  can be defined naturally in the context of Saito's theory of mixed Hodge modules. It turns out that the triviality of the Hodge ideals is governed by a numerical invariant,the minimal exponent, which is closely related to an important invariant in birational geometry, the log canonical threshold. While the minimal exponent has been studied a lot for isolated singularities, methods related to Hodge ideals allow treating the general case. There are two main components of the present project. In one direction, the PI intends to further investigate, with Popa, an extension of the theory of Hodge ideals beyond the case of hypersurfaces, by making use of the canonical filtration on local cohomology. There are several interesting questions in this context, concerning connections with the multi-variable version of the V-filtration and with the Bernstein-Sato polynomial for ideals. In a different direction, the PI plans to study general properties of the minimal exponent and its relations to other points of view on singularities (via divisorial valuations and resolution of singularities, or in connection to the motivic zeta function).&lt;br/&gt;&lt;br/&gt;This award reflects NSF's statutory mission and has been deemed worthy of support through evaluation using the Foundation's intellectual merit and broader impacts review criteria.]]></AbstractNarration>
<MinAmdLetterDate>03/26/2020</MinAmdLetterDate>
<MaxAmdLetterDate>06/27/2022</MaxAmdLetterDate>
<ARRAAmount/>
<TRAN_TYPE>Grant</TRAN_TYPE>
<CFDA_NUM>47.049</CFDA_NUM>
<NSF_PAR_USE_FLAG>1</NSF_PAR_USE_FLAG>
<FUND_AGCY_CODE>4900</FUND_AGCY_CODE>
<AWDG_AGCY_CODE>4900</AWDG_AGCY_CODE>
<AwardID>2001132</AwardID>
<Investigator>
<FirstName>Mircea</FirstName>
<LastName>Mustata</LastName>
<PI_MID_INIT/>
<PI_SUFX_NAME/>
<PI_FULL_NAME>Mircea Mustata</PI_FULL_NAME>
<EmailAddress><![CDATA[mmustata@umich.edu]]></EmailAddress>
<NSF_ID>000095275</NSF_ID>
<StartDate>03/26/2020</StartDate>
<EndDate/>
<RoleCode>Principal Investigator</RoleCode>
</Investigator>
<Institution>
<Name>Regents of the University of Michigan - Ann Arbor</Name>
<CityName>ANN ARBOR</CityName>
<ZipCode>481091340</ZipCode>
<PhoneNumber>7347636438</PhoneNumber>
<StreetAddress>503 THOMPSON ST</StreetAddress>
<StreetAddress2/>
<CountryName>United States</CountryName>
<StateName>Michigan</StateName>
<StateCode>MI</StateCode>
<CONGRESSDISTRICT>12</CONGRESSDISTRICT>
<CONGRESS_DISTRICT_ORG>MI12</CONGRESS_DISTRICT_ORG>
<ORG_UEI_NUM>GNJ7BBP73WE9</ORG_UEI_NUM>
<ORG_LGL_BUS_NAME>REGENTS OF THE UNIVERSITY OF MICHIGAN</ORG_LGL_BUS_NAME>
<ORG_PRNT_UEI_NUM>GNJ7BBP73WE9</ORG_PRNT_UEI_NUM>
</Institution>
<Performance_Institution>
<Name><![CDATA[University of Michigan Ann Arbor]]></Name>
<CityName>Ann Arbor</CityName>
<StateCode>MI</StateCode>
<ZipCode>481091274</ZipCode>
<StreetAddress><![CDATA[3003 South State St.]]></StreetAddress>
<CountryCode>US</CountryCode>
<CountryName>United States</CountryName>
<StateName>Michigan</StateName>
<CountryFlag>1</CountryFlag>
<CONGRESSDISTRICT>12</CONGRESSDISTRICT>
<CONGRESS_DISTRICT_PERF>MI12</CONGRESS_DISTRICT_PERF>
</Performance_Institution>
<ProgramElement>
<Code>1264</Code>
<Text>ALGEBRA,NUMBER THEORY,AND COM</Text>
</ProgramElement>
<Appropriation>
<Code>0120</Code>
<Name>NSF RESEARCH &amp; RELATED ACTIVIT</Name>
<APP_SYMB_ID>040100</APP_SYMB_ID>
</Appropriation>
<Appropriation>
<Code>0121</Code>
<Name>NSF RESEARCH &amp; RELATED ACTIVIT</Name>
<APP_SYMB_ID>040100</APP_SYMB_ID>
</Appropriation>
<Appropriation>
<Code>0122</Code>
<Name>NSF RESEARCH &amp; RELATED ACTIVIT</Name>
<APP_SYMB_ID>040100</APP_SYMB_ID>
</Appropriation>
<Fund>
<Code>01002021DB</Code>
<Name><![CDATA[NSF RESEARCH & RELATED ACTIVIT]]></Name>
<FUND_SYMB_ID>040100</FUND_SYMB_ID>
</Fund>
<Fund>
<Code>01002122DB</Code>
<Name><![CDATA[NSF RESEARCH & RELATED ACTIVIT]]></Name>
<FUND_SYMB_ID>040100</FUND_SYMB_ID>
</Fund>
<Fund>
<Code>01002223DB</Code>
<Name><![CDATA[NSF RESEARCH & RELATED ACTIVIT]]></Name>
<FUND_SYMB_ID>040100</FUND_SYMB_ID>
</Fund>
<FUND_OBLG>2020~216080</FUND_OBLG>
<FUND_OBLG>2021~71960</FUND_OBLG>
<FUND_OBLG>2022~71960</FUND_OBLG>
</Award>
</rootTag>
