<?xml version="1.0" encoding="UTF-8"?>
<rootTag>
<Award>
<AwardTitle><![CDATA[P2C2: Collaborative Research: Timing of the Glacial Termination in Southernmost South America]]></AwardTitle>
<AGENCY>NSF</AGENCY>
<AwardEffectiveDate>09/01/2020</AwardEffectiveDate>
<AwardExpirationDate>08/31/2023</AwardExpirationDate>
<AwardTotalIntnAmount>510600.00</AwardTotalIntnAmount>
<AwardAmount>510600</AwardAmount>
<AwardInstrument>
<Value>Standard Grant</Value>
</AwardInstrument>
<Organization>
<Code>06030000</Code>
<Directorate>
<Abbreviation>GEO</Abbreviation>
<LongName>Directorate For Geosciences</LongName>
</Directorate>
<Division>
<Abbreviation>EAR</Abbreviation>
<LongName>Division Of Earth Sciences</LongName>
</Division>
</Organization>
<ProgramOfficer>
<SignBlockName>Jonathan G Wynn</SignBlockName>
<PO_EMAI>jwynn@nsf.gov</PO_EMAI>
<PO_PHON>7032924725</PO_PHON>
</ProgramOfficer>
<AbstractNarration><![CDATA[Climate change is one of the most pressing societal issues of our time, with implications for human health and welfare, the economy, and national security. Improved projections of future climate rely on more detailed understanding of the mechanisms driving Earth’s climate system, which can often be illuminated from the perspective of geological records of past climates. The research funded by this award will examine the largest global warming event in the recent geological past: the transition from the last ice age to the present interglacial world. First, a climate record will be produced by documenting the age and location of landforms left by rapidly retreating glaciers at the end of the last ice age. These records will then be used, along with computer models, to test hypotheses about different components of the climate system that are thought to play important roles in rapid warming of Earth. Such information will improve understanding of how Earth’s climate system operates and inform models used for climate prediction. This detailed understanding of Earth's climate system may help policy makers to articulate climate policies that will provide multiple societal benefits. The researchers will also educate young scientists in STEM fields, thereby increasing the STEM workforce, which is in the national interest. This award will also will support the education of a science journalism student, who will be trained to communicate the science results to the public, providing long-term benefits of public awareness and understanding of global change science.&lt;br/&gt;&lt;br/&gt;Despite significant progress, the origin of ice-age terminations remains unresolved. At the core of this issue is the precise inter- and intra-hemispheric timing of the end of the ice age, because such information yields clues as to the mechanisms that underlie the termination. The research team will test the hypothesis that the temperature rise of the last termination in southern latitudes was earlier and faster than previously recognized, so fast that it may require a major overhaul of existing hypotheses. The research project will use detailed radiocarbon and exposure dating of glacial landforms, along with glaciological modeling, to document the timing and magnitude of the termination of the Cordillera Darwin icefield, in southernmost South America. These data will be integrated with existing paleoclimate records at lower latitudes with the GFDL Earth System Model 2M to assess the feasibility of various forcing factors for the termination, such as an ocean bipolar seesaw, shifting of the southern hemisphere westerlies, and atmospheric carbon dioxide concentrations. This work will strengthen collaborations between US and Chilean institutions and afford mentoring and education opportunities for students. The research team will embed a science journalism graduate student in the field party, who will produce articles in a variety of media formats.&lt;br/&gt;&lt;br/&gt;This award reflects NSF's statutory mission and has been deemed worthy of support through evaluation using the Foundation's intellectual merit and broader impacts review criteria.]]></AbstractNarration>
<MinAmdLetterDate>03/20/2020</MinAmdLetterDate>
<MaxAmdLetterDate>04/08/2020</MaxAmdLetterDate>
<ARRAAmount/>
<TRAN_TYPE>Grant</TRAN_TYPE>
<CFDA_NUM>47.050</CFDA_NUM>
<NSF_PAR_USE_FLAG>1</NSF_PAR_USE_FLAG>
<FUND_AGCY_CODE>4900</FUND_AGCY_CODE>
<AWDG_AGCY_CODE>4900</AWDG_AGCY_CODE>
<AwardID>2001352</AwardID>
<Investigator>
<FirstName>George</FirstName>
<LastName>Denton</LastName>
<PI_MID_INIT>H</PI_MID_INIT>
<PI_SUFX_NAME/>
<PI_FULL_NAME>George H Denton</PI_FULL_NAME>
<EmailAddress><![CDATA[george.denton@umit.maine.edu]]></EmailAddress>
<NSF_ID>000108220</NSF_ID>
<StartDate>03/20/2020</StartDate>
<EndDate/>
<RoleCode>Co-Principal Investigator</RoleCode>
</Investigator>
<Investigator>
<FirstName>Brenda</FirstName>
<LastName>Hall</LastName>
<PI_MID_INIT>L</PI_MID_INIT>
<PI_SUFX_NAME/>
<PI_FULL_NAME>Brenda L Hall</PI_FULL_NAME>
<EmailAddress><![CDATA[Brendah@Maine.edu]]></EmailAddress>
<NSF_ID>000087239</NSF_ID>
<StartDate>03/20/2020</StartDate>
<EndDate/>
<RoleCode>Principal Investigator</RoleCode>
</Investigator>
<Investigator>
<FirstName>Aaron</FirstName>
<LastName>Putnam</LastName>
<PI_MID_INIT/>
<PI_SUFX_NAME/>
<PI_FULL_NAME>Aaron Putnam</PI_FULL_NAME>
<EmailAddress><![CDATA[aaron.putnam@maine.edu]]></EmailAddress>
<NSF_ID>000655087</NSF_ID>
<StartDate>03/20/2020</StartDate>
<EndDate/>
<RoleCode>Co-Principal Investigator</RoleCode>
</Investigator>
<Institution>
<Name>University of Maine</Name>
<CityName>ORONO</CityName>
<ZipCode>044695717</ZipCode>
<PhoneNumber>2075811484</PhoneNumber>
<StreetAddress>5717 CORBETT HALL RM 422</StreetAddress>
<StreetAddress2/>
<CountryName>United States</CountryName>
<StateName>Maine</StateName>
<StateCode>ME</StateCode>
<CONGRESSDISTRICT>02</CONGRESSDISTRICT>
<CONGRESS_DISTRICT_ORG>ME02</CONGRESS_DISTRICT_ORG>
<ORG_UEI_NUM>PB3AJE5ZEJ59</ORG_UEI_NUM>
<ORG_LGL_BUS_NAME>UNIVERSITY OF MAINE SYSTEM</ORG_LGL_BUS_NAME>
<ORG_PRNT_UEI_NUM>JHKKHVC7EPL3</ORG_PRNT_UEI_NUM>
</Institution>
<Performance_Institution>
<Name><![CDATA[University of Maine]]></Name>
<CityName>Orono</CityName>
<StateCode>ME</StateCode>
<ZipCode>044695715</ZipCode>
<StreetAddress><![CDATA[5715 Corbett Hall]]></StreetAddress>
<CountryCode>US</CountryCode>
<CountryName>United States</CountryName>
<StateName>Maine</StateName>
<CountryFlag>1</CountryFlag>
<CONGRESSDISTRICT>02</CONGRESSDISTRICT>
<CONGRESS_DISTRICT_PERF>ME02</CONGRESS_DISTRICT_PERF>
</Performance_Institution>
<ProgramElement>
<Code>1577</Code>
<Text>GLOBAL CHANGE</Text>
</ProgramElement>
<ProgramReference>
<Code>1304</Code>
<Text>EARTH SYSTEM HISTORY</Text>
</ProgramReference>
<ProgramReference>
<Code>8070</Code>
<Text>P2C2 Proposals</Text>
</ProgramReference>
<Appropriation>
<Code>0120</Code>
<Name>NSF RESEARCH &amp; RELATED ACTIVIT</Name>
<APP_SYMB_ID>040100</APP_SYMB_ID>
</Appropriation>
<Fund>
<Code>01002021DB</Code>
<Name><![CDATA[NSF RESEARCH & RELATED ACTIVIT]]></Name>
<FUND_SYMB_ID>040100</FUND_SYMB_ID>
</Fund>
<FUND_OBLG>2020~510600</FUND_OBLG>
</Award>
</rootTag>
