<?xml version="1.0" encoding="UTF-8"?>
<rootTag>
<Award>
<AwardTitle>FET: Small: 2D Material Compound Synapse Arrays for Robust In-Memory and Neuromorphic Computing (2DNeuro)</AwardTitle>
<AGENCY>NSF</AGENCY>
<AwardEffectiveDate>08/16/2019</AwardEffectiveDate>
<AwardExpirationDate>09/30/2022</AwardExpirationDate>
<AwardTotalIntnAmount>500000.00</AwardTotalIntnAmount>
<AwardAmount>500000</AwardAmount>
<AwardInstrument>
<Value>Standard Grant</Value>
</AwardInstrument>
<Organization>
<Code>05010000</Code>
<Directorate>
<Abbreviation>CSE</Abbreviation>
<LongName>Direct For Computer &amp; Info Scie &amp; Enginr</LongName>
</Directorate>
<Division>
<Abbreviation>CCF</Abbreviation>
<LongName>Division of Computing and Communication Foundations</LongName>
</Division>
</Organization>
<ProgramOfficer>
<SignBlockName>Sankar Basu</SignBlockName>
<PO_EMAI>sabasu@nsf.gov</PO_EMAI>
<PO_PHON>7032927843</PO_PHON>
</ProgramOfficer>
<AbstractNarration>Novel computing systems that emulate the brain have received significant attention from the scientific and engineering community, as they can help analyze large amounts of information while consuming only small amounts of energy. Significant advances have been made on these neuro-inspired systems, but there are still limitations that prevent their practical application on portable devices. This work will investigate novel materials and designs that can alleviate these limitations, enabling a better execution of critical mathematical functions. The scientific breakthroughs resulting from this work will support robust, efficient, and massively parallel computing for data-intensive machine learning applications. A profound societal impact will be achieved by laying the foundations for novel computing hardware that will support cognitive systems and artificial intelligence of tomorrow. Another objective of this project is to integrate research and education by training students (including graduate and undergraduate researchers), by developing educational tools in form of web-based interactive platforms, and by supporting a graduate-level course in the topic of novel integrated memory and neuro-inspired computing architectures.&lt;br/&gt;&lt;br/&gt;This project will establish the foundations of new storage technology based on two-dimensional (2-D) atomically-thin materials, extending the practical engineering limits of neuro-inspired systems. These storage devices, known as memristors, can be programmed to different states, based on an externally applied stimulus. When organized in specific configurations, memristor arrays can be used to implement complex functions that are used by the system in a decision-making process. However, because of randomness in the operation of memristors, variation is inevitable, affecting the accuracy of the computation and the trustworthiness of the system-based decisions. This work aims to combine novel 2-D materials with new array configurations to mitigate the impact of variability in order to improve accuracy and performance of computation, while maintaining the benefits of low-energy consumption. The intellectual significance of this project extends from fundamental science relating to atomic-scale storage in 2-D materials, to applied engineering contributions relating to the demonstration of robust memristor arrays for neuro-inspired computing applications.&lt;br/&gt;&lt;br/&gt;This award reflects NSF's statutory mission and has been deemed worthy of support through evaluation using the Foundation's intellectual merit and broader impacts review criteria.</AbstractNarration>
<MinAmdLetterDate>10/22/2019</MinAmdLetterDate>
<MaxAmdLetterDate>10/22/2019</MaxAmdLetterDate>
<ARRAAmount/>
<TRAN_TYPE>Grant</TRAN_TYPE>
<CFDA_NUM>47.070</CFDA_NUM>
<NSF_PAR_USE_FLAG>1</NSF_PAR_USE_FLAG>
<FUND_AGCY_CODE>4900</FUND_AGCY_CODE>
<AWDG_AGCY_CODE>4900</AWDG_AGCY_CODE>
<AwardID>2001107</AwardID>
<Investigator>
<FirstName>Ivan</FirstName>
<LastName>Sanchez Esqueda</LastName>
<PI_MID_INIT/>
<PI_SUFX_NAME/>
<PI_FULL_NAME>Ivan Sanchez Esqueda</PI_FULL_NAME>
<EmailAddress>isesqueda@asu.edu</EmailAddress>
<PI_PHON>4807273759</PI_PHON>
<NSF_ID>000792267</NSF_ID>
<StartDate>10/22/2019</StartDate>
<EndDate/>
<RoleCode>Principal Investigator</RoleCode>
</Investigator>
<Institution>
<Name>Arizona State University</Name>
<CityName>TEMPE</CityName>
<ZipCode>852813670</ZipCode>
<PhoneNumber>4809655479</PhoneNumber>
<StreetAddress>660 S MILL AVE STE 312</StreetAddress>
<StreetAddress2/>
<CountryName>United States</CountryName>
<StateName>Arizona</StateName>
<StateCode>AZ</StateCode>
<CONGRESSDISTRICT>09</CONGRESSDISTRICT>
<CONGRESS_DISTRICT_ORG>AZ09</CONGRESS_DISTRICT_ORG>
<ORG_UEI_NUM>NTLHJXM55KZ6</ORG_UEI_NUM>
<ORG_LGL_BUS_NAME>ARIZONA STATE UNIVERSITY</ORG_LGL_BUS_NAME>
<ORG_PRNT_UEI_NUM>HX59VKHQH1V7</ORG_PRNT_UEI_NUM>
</Institution>
<Performance_Institution>
<Name><![CDATA[Arizona State University]]></Name>
<CityName>TEMPE</CityName>
<StateCode>AZ</StateCode>
<ZipCode>852816011</ZipCode>
<StreetAddress><![CDATA[660 South Mill Avenue]]></StreetAddress>
<CountryCode>US</CountryCode>
<CountryName>United States</CountryName>
<StateName>Arizona</StateName>
<CountryFlag>1</CountryFlag>
<CONGRESSDISTRICT>09</CONGRESSDISTRICT>
<CONGRESS_DISTRICT_PERF>AZ09</CONGRESS_DISTRICT_PERF>
</Performance_Institution>
<ProgramElement>
<Code>089Y</Code>
<Text>FET-Fndtns of Emerging Tech</Text>
</ProgramElement>
<ProgramElement>
<Code>2878</Code>
<Text>Special Projects - CCF</Text>
</ProgramElement>
<ProgramElement>
<Code>7798</Code>
<Text>Software &amp; Hardware Foundation</Text>
</ProgramElement>
<ProgramReference>
<Code>076Z</Code>
<Text>FET: Foundations of Emerging Technologie</Text>
</ProgramReference>
<ProgramReference>
<Code>7923</Code>
<Text>SMALL PROJECT</Text>
</ProgramReference>
<Appropriation>
<Code>0119</Code>
<Name>NSF RESEARCH &amp; RELATED ACTIVIT</Name>
<APP_SYMB_ID>040100</APP_SYMB_ID>
</Appropriation>
<Fund>
<Code>01001920DB</Code>
<Name><![CDATA[NSF RESEARCH & RELATED ACTIVIT]]></Name>
<FUND_SYMB_ID>040100</FUND_SYMB_ID>
</Fund>
<FUND_OBLG>2019~500000</FUND_OBLG>
</Award>
</rootTag>
