<?xml version="1.0" encoding="UTF-8"?>
<rootTag>
<Award>
<AwardTitle><![CDATA[Arithmetic Aspects of Special Values of L-Functions]]></AwardTitle>
<AGENCY>NSF</AGENCY>
<AwardEffectiveDate>07/01/2020</AwardEffectiveDate>
<AwardExpirationDate>06/30/2023</AwardExpirationDate>
<AwardTotalIntnAmount>110000.00</AwardTotalIntnAmount>
<AwardAmount>110000</AwardAmount>
<AwardInstrument>
<Value>Standard Grant</Value>
</AwardInstrument>
<Organization>
<Code>03040000</Code>
<Directorate>
<Abbreviation>MPS</Abbreviation>
<LongName>Direct For Mathematical &amp; Physical Scien</LongName>
</Directorate>
<Division>
<Abbreviation>DMS</Abbreviation>
<LongName>Division Of Mathematical Sciences</LongName>
</Division>
</Organization>
<ProgramOfficer>
<SignBlockName>Adriana Salerno</SignBlockName>
<PO_EMAI>asalerno@nsf.gov</PO_EMAI>
<PO_PHON>7032922271</PO_PHON>
</ProgramOfficer>
<AbstractNarration><![CDATA[Understanding the structure of the set of rational points on an elliptic curve (essentially a cubic equation) has been an aim in number theory for over a century. It has connections to open problems (such as the congruent number problem) buried in antiquity. The Birch and Swinnerton-Dyer (BSD) conjecture predicts a mystifying relation among the rational points and the associated L-function. The intriguing L-functions appear in various areas of mathematics and also in physics. Even though analytic in appearance, the L-functions reveal striking affinity to arithmetic.&lt;br/&gt;&lt;br/&gt;The PI seeks to study certain arithmetic aspects of special values of L-functions. The first part of the project aims to establish a p-adic criterion for an elliptic curve to have analytic rank (the vanishing order of the associated L-function at its center) one. It will build on the recent progress towards the BSD conjecture (due to Skinner, Zhang and others) and aims to remove some of the key hypotheses. The other part of the project aims to study mod p non-vanishing of special values of L-functions in vertical and horizontal families. It will build on the progress during the last two decades (due to Hida, Michel--Venkatesh and others).&lt;br/&gt;&lt;br/&gt;This award reflects NSF's statutory mission and has been deemed worthy of support through evaluation using the Foundation's intellectual merit and broader impacts review criteria.]]></AbstractNarration>
<MinAmdLetterDate>03/25/2020</MinAmdLetterDate>
<MaxAmdLetterDate>03/25/2020</MaxAmdLetterDate>
<ARRAAmount/>
<TRAN_TYPE>Grant</TRAN_TYPE>
<CFDA_NUM>47.049</CFDA_NUM>
<NSF_PAR_USE_FLAG>1</NSF_PAR_USE_FLAG>
<FUND_AGCY_CODE>4900</FUND_AGCY_CODE>
<AWDG_AGCY_CODE>4900</AWDG_AGCY_CODE>
<AwardID>2001409</AwardID>
<Investigator>
<FirstName>Ashay</FirstName>
<LastName>Burungale</LastName>
<PI_MID_INIT/>
<PI_SUFX_NAME/>
<PI_FULL_NAME>Ashay Burungale</PI_FULL_NAME>
<EmailAddress><![CDATA[ashay@caltech.edu]]></EmailAddress>
<NSF_ID>000788531</NSF_ID>
<StartDate>03/25/2020</StartDate>
<EndDate/>
<RoleCode>Principal Investigator</RoleCode>
</Investigator>
<Institution>
<Name>California Institute of Technology</Name>
<CityName>PASADENA</CityName>
<ZipCode>911250001</ZipCode>
<PhoneNumber>6263956219</PhoneNumber>
<StreetAddress>1200 E CALIFORNIA BLVD</StreetAddress>
<StreetAddress2/>
<CountryName>United States</CountryName>
<StateName>California</StateName>
<StateCode>CA</StateCode>
<CONGRESSDISTRICT>27</CONGRESSDISTRICT>
<CONGRESS_DISTRICT_ORG>CA27</CONGRESS_DISTRICT_ORG>
<ORG_UEI_NUM>U2JMKHNS5TG4</ORG_UEI_NUM>
<ORG_LGL_BUS_NAME>CALIFORNIA INSTITUTE OF TECHNOLOGY</ORG_LGL_BUS_NAME>
<ORG_PRNT_UEI_NUM>U2JMKHNS5TG4</ORG_PRNT_UEI_NUM>
</Institution>
<Performance_Institution>
<Name><![CDATA[California Institute of Technology]]></Name>
<CityName/>
<StateCode>CA</StateCode>
<ZipCode>911250600</ZipCode>
<StreetAddress/>
<CountryCode>US</CountryCode>
<CountryName>United States</CountryName>
<StateName>California</StateName>
<CountryFlag>1</CountryFlag>
<CONGRESSDISTRICT>27</CONGRESSDISTRICT>
<CONGRESS_DISTRICT_PERF>CA27</CONGRESS_DISTRICT_PERF>
</Performance_Institution>
<ProgramElement>
<Code>1264</Code>
<Text>ALGEBRA,NUMBER THEORY,AND COM</Text>
</ProgramElement>
<Appropriation>
<Code>0120</Code>
<Name>NSF RESEARCH &amp; RELATED ACTIVIT</Name>
<APP_SYMB_ID>040100</APP_SYMB_ID>
</Appropriation>
<Fund>
<Code>01002021DB</Code>
<Name><![CDATA[NSF RESEARCH & RELATED ACTIVIT]]></Name>
<FUND_SYMB_ID>040100</FUND_SYMB_ID>
</Fund>
<FUND_OBLG>2020~110000</FUND_OBLG>
</Award>
</rootTag>
