<?xml version="1.0" encoding="UTF-8"?>
<rootTag>
<Award>
<AwardTitle>Multiple numeric competencies in judgments and decisions</AwardTitle>
<AGENCY>NSF</AGENCY>
<AwardEffectiveDate>09/01/2019</AwardEffectiveDate>
<AwardExpirationDate>03/31/2021</AwardExpirationDate>
<AwardTotalIntnAmount>93650.00</AwardTotalIntnAmount>
<AwardAmount>93650</AwardAmount>
<AwardInstrument>
<Value>Continuing Grant</Value>
</AwardInstrument>
<Organization>
<Code>04050000</Code>
<Directorate>
<Abbreviation>SBE</Abbreviation>
<LongName>Direct For Social, Behav &amp; Economic Scie</LongName>
</Directorate>
<Division>
<Abbreviation>SES</Abbreviation>
<LongName>Divn Of Social and Economic Sciences</LongName>
</Division>
</Organization>
<ProgramOfficer>
<SignBlockName>Claudia Gonzalez-Vallejo</SignBlockName>
<PO_EMAI>clagonza@nsf.gov</PO_EMAI>
<PO_PHON>7032927836</PO_PHON>
</ProgramOfficer>
<AbstractNarration>Numbers are often used in important decisions about health and wealth (e.g., mortgages, health insurance, credit card debt, medical treatment options). Policy makers and others generally assume that if you provide the appropriate numbers, people will understand and use them. Previous research, however, has shown that individuals differ in how well they understand and use numbers and how much they rely on different sources of information in decision making. Individuals lower vs. higher in objective numeracy (numeric literacy) comprehend less and generally make poorer decisions when numbers are involved. This research has largely ignored two other numeric competencies: subjective numeracy and approximate number sense. In this project, the Principal Investigator will test how each of the three numeric competencies is related to decision processes and whether enhancing two of the competencies (objective numeracy and subjective numeracy) can subsequently improve judgments and choices.  This research will lead to better interventions to improve decision making about health and wealth.  &lt;br/&gt;&lt;br/&gt;In eleven studies, the Principal Investigator will test correlational and/or causal impacts of the numeric competencies on ten decision processes identified as important to judgments and choices. The results will enhance our understanding of the correlational and causal roles of multiple numeric competencies in judgments and decisions.</AbstractNarration>
<MinAmdLetterDate>10/22/2019</MinAmdLetterDate>
<MaxAmdLetterDate>10/22/2019</MaxAmdLetterDate>
<ARRAAmount/>
<TRAN_TYPE>Grant</TRAN_TYPE>
<CFDA_NUM>47.075</CFDA_NUM>
<NSF_PAR_USE_FLAG>0</NSF_PAR_USE_FLAG>
<FUND_AGCY_CODE>4900</FUND_AGCY_CODE>
<AWDG_AGCY_CODE>4900</AWDG_AGCY_CODE>
<AwardID>2001000</AwardID>
<Investigator>
<FirstName>Ellen</FirstName>
<LastName>Peters</LastName>
<PI_MID_INIT/>
<PI_SUFX_NAME/>
<PI_FULL_NAME>Ellen Peters</PI_FULL_NAME>
<EmailAddress>ellenpet@uoregon.edu</EmailAddress>
<PI_PHON>5413463828</PI_PHON>
<NSF_ID>000329592</NSF_ID>
<StartDate>10/22/2019</StartDate>
<EndDate/>
<RoleCode>Principal Investigator</RoleCode>
</Investigator>
<Institution>
<Name>University of Oregon Eugene</Name>
<CityName>EUGENE</CityName>
<ZipCode>974031657</ZipCode>
<PhoneNumber>5413465131</PhoneNumber>
<StreetAddress>1585 E 13TH AVE</StreetAddress>
<StreetAddress2/>
<CountryName>United States</CountryName>
<StateName>Oregon</StateName>
<StateCode>OR</StateCode>
<CONGRESSDISTRICT>04</CONGRESSDISTRICT>
<CONGRESS_DISTRICT_ORG>OR04</CONGRESS_DISTRICT_ORG>
<ORG_UEI_NUM>Z3FGN9MF92U2</ORG_UEI_NUM>
<ORG_LGL_BUS_NAME>UNIVERSITY OF OREGON</ORG_LGL_BUS_NAME>
<ORG_PRNT_UEI_NUM>L17DBQFXJVJ6</ORG_PRNT_UEI_NUM>
</Institution>
<Performance_Institution>
<Name><![CDATA[University of Oregon Eugene]]></Name>
<CityName/>
<StateCode>OR</StateCode>
<ZipCode>974035219</ZipCode>
<StreetAddress/>
<CountryCode>US</CountryCode>
<CountryName>United States</CountryName>
<StateName>Oregon</StateName>
<CountryFlag>1</CountryFlag>
<CONGRESSDISTRICT>04</CONGRESSDISTRICT>
<CONGRESS_DISTRICT_PERF>OR04</CONGRESS_DISTRICT_PERF>
</Performance_Institution>
<ProgramElement>
<Code>1321</Code>
<Text>Decision, Risk &amp; Mgmt Sci</Text>
</ProgramElement>
<ProgramReference>
<Code>9179</Code>
<Text>GRADUATE INVOLVEMENT</Text>
</ProgramReference>
<Appropriation>
<Code>0118</Code>
<Name>NSF RESEARCH &amp; RELATED ACTIVIT</Name>
<APP_SYMB_ID>040100</APP_SYMB_ID>
</Appropriation>
<Fund>
<Code>01001819DB</Code>
<Name><![CDATA[NSF RESEARCH & RELATED ACTIVIT]]></Name>
<FUND_SYMB_ID>040100</FUND_SYMB_ID>
</Fund>
<FUND_OBLG>2018~93650</FUND_OBLG>
<POR>
<DRECONTENT><![CDATA[<div class="porColContainerWBG"> <div class="porContentCol"><p>Numerical information is common in decisions (e.g., mortgages, health insurance, credit card debt, medical treatment options). Policy makers and others generally assume that if you provide the appropriate numbers, people will understand and use them. Previous research, however, has shown that people with better and worse math skills (those who are lower and higher in numeracy) rely on different sources of information in decisions. In particular, those lower in numeracy comprehend less and often make poorer decisions when numbers are involved (Frederick, 2005; Peters et al., 2006; Schwartz et al., 1997). Numeracy research, however, has been largely correlational in nature (with other measures of general intelligence sometimes used as control variables) and it's sometimes unclear whether numeracy, or another variable like intelligence caused some effect. Few attempts exist to examine numeracy's causal impact in decision processes and outcomes. The current and expected findings test this causal link and draw theory-based bridges between mathematics education and judgment and decision making. In addition, research highlights the multiple numeric competencies that matter to judgments and decisions. A further impact on the field is understanding the situational factors that lead less numerate decision makers to make worse judgments or decisions and, critically, that appear to lead highly numerate decision makers to make arguably worse judgments and decisions.</p> <p>The present research tested and furthered understanding of the detailed psychological mechanisms linked with the different numeric competencies. We expected and found that objective numeracy relates to greater efficiency in processing numbers and a tendency to derive integral affective meaning from numeric information (i.e., good/bad feelings about the numbers). It relates to and causes an ability/willingness to perform numeric operations (e.g., comparing numbers, calculating expected value, having consistent risk judgments), consistency in risk perceptions, and memory for numeric information. These objective-numeracy-related inclinations to compare numbers, such as incomes, relate to satisfaction with one's income and life. Subjective numeracy and especially its subscale of numeric self-efficacy, on the other hand, relates to and may cause positive vs. negative incidental emotional reactions to the presence of numbers in decisions, better vs. worse moods following completion of a math task (vs. a verbal task), confidence and/or motivation in using numbers, and perseverance in numeric tasks. Finally, the acuity of the approximate number system was expected and found to relate to better recall of numeric information and more willingness to delay rewards to get a larger reward. Our studies generally have provided supportive evidence for these hypotheses.</p> <p>In survey and experimental studies of health and financial outcomes, we have further found that both objective numeracy and numeric self-efficacy matter, and they interact. Specifically, those high in both numeracy and numeric efficacy have the best outcomes, while those with a "mismatch"--high in one and low in the other--have worse outcomes. We observed this interaction in both financial outcomes (Figure 1) and chronic disease activity (Figure 2).</p> <p>We have also uncovered causal evidence for the role of objective numeracy in healthy behaviors and financial literacy. This research adds substantially to our understanding of psychological mechanisms underlying decisions and their impact on quality of life and wellbeing.</p> <p>&nbsp;</p><br> <p>            Last Modified: 07/16/2021<br>      Modified by: Ellen&nbsp;Peters</p> </div> <div class="porSideCol"> <div class="each-gallery"> <div class="galContent" id="gallery0"> <div class="photoCount" id="photoCount0">          Images (<span id="selectedPhoto0">1</span> of <span class="totalNumber"></span>)           </div> <div class="galControls" id="controls0"></div> <div class="galSlideshow" id="slideshow0"></div> <div class="galEmbox" id="embox"> <div class="image-title"></div> </div> </div> <div class="galNavigation" id="navigation0"> <ul class="thumbs" id="thumbs0"> <li> <a href="/por/images/Reports/POR/2021/2001000/2001000_10412924_1626387063666_Figure1--rgov-214x142.jpg" original="/por/images/Reports/POR/2021/2001000/2001000_10412924_1626387063666_Figure1--rgov-800width.jpg" title="Figure 1. Numeracy and numeric self-efficacy interact to predict financial outcomes"><img src="/por/images/Reports/POR/2021/2001000/2001000_10412924_1626387063666_Figure1--rgov-66x44.jpg" alt="Figure 1. Numeracy and numeric self-efficacy interact to predict financial outcomes"></a> <div class="imageCaptionContainer"> <div class="imageCaption">Predicted financial outcomes for individuals varying in objective numeracy at high and low levels of numeric confidence. Higher numbers are better, as they reflect better outcomes.</div> <div class="imageCredit">Peters et al. 2019 Despite high objective numeracy, lower numeric confidence relates to worse financial and medical outcomes</div> <div class="imagePermisssions">Copyrighted</div> <div class="imageSubmitted">Ellen&nbsp;Peters</div> <div class="imageTitle">Figure 1. Numeracy and numeric self-efficacy interact to predict financial outcomes</div> </div> </li> <li> <a href="/por/images/Reports/POR/2021/2001000/2001000_10412924_1626387172819_Figure2--rgov-214x142.jpg" original="/por/images/Reports/POR/2021/2001000/2001000_10412924_1626387172819_Figure2--rgov-800width.jpg" title="Figure 2. Numeracy and numeric self-efficacy interact to predict health outcomes"><img src="/por/images/Reports/POR/2021/2001000/2001000_10412924_1626387172819_Figure2--rgov-66x44.jpg" alt="Figure 2. Numeracy and numeric self-efficacy interact to predict health outcomes"></a> <div class="imageCaptionContainer"> <div class="imageCaption">Predicted disease activity for individuals varying in objective numeracy at high and low levels of numeric confidence. Lower numbers are better, as they reflect less disease activity.</div> <div class="imageCredit">Peters et al. 2019 Despite high objective numeracy, lower numeric confidence relates to worse financial and medical outcomes</div> <div class="imagePermisssions">Copyrighted</div> <div class="imageSubmitted">Ellen&nbsp;Peters</div> <div class="imageTitle">Figure 2. Numeracy and numeric self-efficacy interact to predict health outcomes</div> </div> </li> </ul> </div> </div> </div> </div>]]></DRECONTENT>
<POR_COPY_TXT><![CDATA[ Numerical information is common in decisions (e.g., mortgages, health insurance, credit card debt, medical treatment options). Policy makers and others generally assume that if you provide the appropriate numbers, people will understand and use them. Previous research, however, has shown that people with better and worse math skills (those who are lower and higher in numeracy) rely on different sources of information in decisions. In particular, those lower in numeracy comprehend less and often make poorer decisions when numbers are involved (Frederick, 2005; Peters et al., 2006; Schwartz et al., 1997). Numeracy research, however, has been largely correlational in nature (with other measures of general intelligence sometimes used as control variables) and it's sometimes unclear whether numeracy, or another variable like intelligence caused some effect. Few attempts exist to examine numeracy's causal impact in decision processes and outcomes. The current and expected findings test this causal link and draw theory-based bridges between mathematics education and judgment and decision making. In addition, research highlights the multiple numeric competencies that matter to judgments and decisions. A further impact on the field is understanding the situational factors that lead less numerate decision makers to make worse judgments or decisions and, critically, that appear to lead highly numerate decision makers to make arguably worse judgments and decisions.  The present research tested and furthered understanding of the detailed psychological mechanisms linked with the different numeric competencies. We expected and found that objective numeracy relates to greater efficiency in processing numbers and a tendency to derive integral affective meaning from numeric information (i.e., good/bad feelings about the numbers). It relates to and causes an ability/willingness to perform numeric operations (e.g., comparing numbers, calculating expected value, having consistent risk judgments), consistency in risk perceptions, and memory for numeric information. These objective-numeracy-related inclinations to compare numbers, such as incomes, relate to satisfaction with one's income and life. Subjective numeracy and especially its subscale of numeric self-efficacy, on the other hand, relates to and may cause positive vs. negative incidental emotional reactions to the presence of numbers in decisions, better vs. worse moods following completion of a math task (vs. a verbal task), confidence and/or motivation in using numbers, and perseverance in numeric tasks. Finally, the acuity of the approximate number system was expected and found to relate to better recall of numeric information and more willingness to delay rewards to get a larger reward. Our studies generally have provided supportive evidence for these hypotheses.  In survey and experimental studies of health and financial outcomes, we have further found that both objective numeracy and numeric self-efficacy matter, and they interact. Specifically, those high in both numeracy and numeric efficacy have the best outcomes, while those with a "mismatch"--high in one and low in the other--have worse outcomes. We observed this interaction in both financial outcomes (Figure 1) and chronic disease activity (Figure 2).  We have also uncovered causal evidence for the role of objective numeracy in healthy behaviors and financial literacy. This research adds substantially to our understanding of psychological mechanisms underlying decisions and their impact on quality of life and wellbeing.          Last Modified: 07/16/2021       Submitted by: Ellen Peters]]></POR_COPY_TXT>
</POR>
</Award>
</rootTag>
