<?xml version="1.0" encoding="UTF-8"?>
<rootTag>
<Award>
<AwardTitle>Study of Magmatic and Hydrothermal Processes in an Ultramafic Setting (Rainbow, Mid-Atlantic Ridge) Using Advanced Seismic Modeling and Imaging</AwardTitle>
<AGENCY>NSF</AGENCY>
<AwardEffectiveDate>05/01/2020</AwardEffectiveDate>
<AwardExpirationDate>04/30/2023</AwardExpirationDate>
<AwardTotalIntnAmount>398244.00</AwardTotalIntnAmount>
<AwardAmount>398244</AwardAmount>
<AwardInstrument>
<Value>Standard Grant</Value>
</AwardInstrument>
<Organization>
<Code>06040200</Code>
<Directorate>
<Abbreviation>GEO</Abbreviation>
<LongName>Directorate For Geosciences</LongName>
</Directorate>
<Division>
<Abbreviation>OCE</Abbreviation>
<LongName>Division Of Ocean Sciences</LongName>
</Division>
</Organization>
<ProgramOfficer>
<SignBlockName>Gail Christeson</SignBlockName>
<PO_EMAI>gchriste@nsf.gov</PO_EMAI>
<PO_PHON>7032922952</PO_PHON>
</ProgramOfficer>
<AbstractNarration>The ocean crust is created at Mid-Ocean Ridges as magmas rise from the mantle and cool. In order to cool this melt, seawater penetrates the ocean crust, resulting in many chemical changes of both the rocks of the crust as well as the oceans. Thus, “hydrothermal” fluid flow is a primary mechanism for mass and heat transfer between the deep Earth and the oceans, accounting for approximately one third of the global yearly heat loss. Of particular interest are hydrothermal systems hosted in rocks that were brought up from the deeper mantle, so-called “ultramafic” rocks due to their composition. This is because: (1) the mechanisms that produce such mantle exposures are not fully understood; (2) there is potential for these ultramafic rocks to sequester CO2 sequestration; and (3) the fluids resulting from hydration of ultramafic rocks can create unique chemical environments that are important for biology on earth. This project will use an existing dataset acquired in 2013 that probes the subsurface of such an ultramafic exposure beneath an active hydrothermal system along the Mid-Atlantic Ridge. This project will serve the national interest by promoting the progress of science, in particular by investigating the linkages and interactions between mantle rocks, fluids, and (sub)surface ecosystems. This is a major scientific goal of the geoscience community and its importance has been highlighted in science plans providing guidance to scientists, funding agencies and policy makers, such as the IODP Science Plan for 2013-2023 or The National Academy of Sciences Sea Change 2015-2025 Decadal Survey of Ocean Sciences Report. This project will support a postdoctoral investigator, providing an opportunity for developing the early career of an independent scientist, and contributing to the new generation of geoscientists with expertise in advanced seismic imaging techniques. Such expertise is of great importance for the US industries in the field of exploration and production of natural resources. By making use of existing seismic datasets, this project will also leverage previous NSF investments in marine seismic acquisition. &lt;br/&gt;&lt;br/&gt;&lt;br/&gt;This project will conduct a multi-scale advanced seismic modeling and imaging study of a subset of a seismic data collected in 2013. These data were collected as part of the NSF-funded MARINER experiment in the Rainbow massif of the Mid-Atlantic Ridge. The dataset includes active-source long-streamer seismic reflection data, ocean bottom seismometer wide-angle data, and a microseismicity catalog. The approach will consist of (1) downward continuation and travel-time tomography, yielding intermediate resolution models of the P-wave velocity structure; (2) elastic full waveform inversion, yielding high-resolution models of the P-wave velocity structure; (3) reverse time migration, yielding geometrically accurate, high fidelity seismic reflection images; and (4) micro-earthquake tomography, yielding a km-scale regional 3-D model of the S-wave velocity structure. These models and images will be used to investigate the physical properties of magmatic rocks within the oceanic crust. They will help to quantify their partially molten or solidified state, and how they are linked to active and inactive hydrothermal fields. Furthermore, the models and images will illuminate fluid pathways and small-scale faulting, potential connecting the seafloor hydrothermal fields to the magmatic system at depth. The results, when jointly interpreted with existing seafloor geology observations, seafloor sampling and near-bottom imagery from previous studies will provide a comprehensive understanding of the role of magmatism and other geological controls on hydrothermal activity in regions of mantle exposures along mid-ocean ridges.&lt;br/&gt;&lt;br/&gt;This award reflects NSF's statutory mission and has been deemed worthy of support through evaluation using the Foundation's intellectual merit and broader impacts review criteria.</AbstractNarration>
<MinAmdLetterDate>04/17/2020</MinAmdLetterDate>
<MaxAmdLetterDate>04/17/2020</MaxAmdLetterDate>
<ARRAAmount/>
<TRAN_TYPE>Grant</TRAN_TYPE>
<CFDA_NUM>47.050</CFDA_NUM>
<NSF_PAR_USE_FLAG>1</NSF_PAR_USE_FLAG>
<FUND_AGCY_CODE>4900</FUND_AGCY_CODE>
<AWDG_AGCY_CODE>4900</AWDG_AGCY_CODE>
<AwardID>2001012</AwardID>
<Investigator>
<FirstName>Juan Pablo</FirstName>
<LastName>Canales</LastName>
<PI_MID_INIT/>
<PI_SUFX_NAME/>
<PI_FULL_NAME>Juan Pablo Canales</PI_FULL_NAME>
<EmailAddress>jcanales@whoi.edu</EmailAddress>
<PI_PHON>5082892893</PI_PHON>
<NSF_ID>000101914</NSF_ID>
<StartDate>04/17/2020</StartDate>
<EndDate/>
<RoleCode>Principal Investigator</RoleCode>
</Investigator>
<Investigator>
<FirstName>Hanchao</FirstName>
<LastName>Jian</LastName>
<PI_MID_INIT/>
<PI_SUFX_NAME/>
<PI_FULL_NAME>Hanchao Jian</PI_FULL_NAME>
<EmailAddress>hjian@whoi.edu</EmailAddress>
<PI_PHON>5082893549</PI_PHON>
<NSF_ID>000812244</NSF_ID>
<StartDate>04/17/2020</StartDate>
<EndDate/>
<RoleCode>Co-Principal Investigator</RoleCode>
</Investigator>
<Institution>
<Name>Woods Hole Oceanographic Institution</Name>
<CityName>WOODS HOLE</CityName>
<ZipCode>025431536</ZipCode>
<PhoneNumber>5082893542</PhoneNumber>
<StreetAddress>266 WOODS HOLE RD</StreetAddress>
<StreetAddress2/>
<CountryName>United States</CountryName>
<StateName>Massachusetts</StateName>
<StateCode>MA</StateCode>
<CONGRESSDISTRICT>09</CONGRESSDISTRICT>
<CONGRESS_DISTRICT_ORG>MA09</CONGRESS_DISTRICT_ORG>
<ORG_UEI_NUM>GFKFBWG2TV98</ORG_UEI_NUM>
<ORG_LGL_BUS_NAME>WOODS HOLE OCEANOGRAPHIC INSTITUTION</ORG_LGL_BUS_NAME>
<ORG_PRNT_UEI_NUM>GFKFBWG2TV98</ORG_PRNT_UEI_NUM>
</Institution>
<Performance_Institution>
<Name><![CDATA[Woods Hole Oceanographic Institution]]></Name>
<CityName>Woods Hole</CityName>
<StateCode>MA</StateCode>
<ZipCode>025431532</ZipCode>
<StreetAddress><![CDATA[266, Woods Hole Rd]]></StreetAddress>
<CountryCode>US</CountryCode>
<CountryName>United States</CountryName>
<StateName>Massachusetts</StateName>
<CountryFlag>1</CountryFlag>
<CONGRESSDISTRICT>09</CONGRESSDISTRICT>
<CONGRESS_DISTRICT_PERF>MA09</CONGRESS_DISTRICT_PERF>
</Performance_Institution>
<ProgramElement>
<Code>1620</Code>
<Text>Marine Geology and Geophysics</Text>
</ProgramElement>
<ProgramReference>
<Code>1319</Code>
<Text>RIDGE INTERDISC GLOBAL EXPERIMENTS</Text>
</ProgramReference>
<ProgramReference>
<Code>1620</Code>
<Text>MARINE GEOLOGY AND GEOPHYSICS</Text>
</ProgramReference>
<Appropriation>
<Code>0120</Code>
<Name>NSF RESEARCH &amp; RELATED ACTIVIT</Name>
<APP_SYMB_ID>040100</APP_SYMB_ID>
</Appropriation>
<Fund>
<Code>01002021DB</Code>
<Name><![CDATA[NSF RESEARCH & RELATED ACTIVIT]]></Name>
<FUND_SYMB_ID>040100</FUND_SYMB_ID>
</Fund>
<FUND_OBLG>2020~398244</FUND_OBLG>
</Award>
</rootTag>
