<?xml version="1.0" encoding="UTF-8"?>
<rootTag>
<Award>
<AwardTitle>Number Theory Meetings in the Southeast</AwardTitle>
<AGENCY>NSF</AGENCY>
<AwardEffectiveDate>08/01/2020</AwardEffectiveDate>
<AwardExpirationDate>07/31/2022</AwardExpirationDate>
<AwardTotalIntnAmount>15316.00</AwardTotalIntnAmount>
<AwardAmount>15316</AwardAmount>
<AwardInstrument>
<Value>Standard Grant</Value>
</AwardInstrument>
<Organization>
<Code>03040000</Code>
<Directorate>
<Abbreviation>MPS</Abbreviation>
<LongName>Direct For Mathematical &amp; Physical Scien</LongName>
</Directorate>
<Division>
<Abbreviation>DMS</Abbreviation>
<LongName>Division Of Mathematical Sciences</LongName>
</Division>
</Organization>
<ProgramOfficer>
<SignBlockName>Andrew Pollington</SignBlockName>
<PO_EMAI>adpollin@nsf.gov</PO_EMAI>
<PO_PHON>7032924878</PO_PHON>
</ProgramOfficer>
<AbstractNarration>In mid-September of 2020, the first of three Southeastern Number Theory Meetings planned for the 2020-2021 academic year will take place.  Either the University of South Carolina in Columbia, SC, or Clemson University in Clemson, SC, will host the second meeting on the first weekend of December 2020.  The third meeting is tentatively planned for April 2021.  One of the first or third meetings will take place at Duke University; the other meeting will take place at the Armstrong Campus of Georgia Southern University.  Further information on these meetings including the locations, dates, lists of speakers, lists of participants, and registration information will be linked to the conference home pages as it becomes available: http://www.math.sc.edu/~boylan/seminars/pantshome.html and http://www.math.clemson.edu/~kevja/SERMON. The meetings consist of participant talks on current research in all areas of number theory, including analytic number theory, arithmetic geometry, and automorphic and modular forms. These topics reflect the research interests of number theorists working in the Southeast. Each meeting features plenary talks by nationally and internationally recognized leaders in the field, invited talks by graduate students and postdoctoral researchers, and a larger number of contributed talks by mathematicians at all levels including undergraduate and graduate students, and junior and senior faculty. Number theorists from outside the Southeast will give the invited and plenary talks, while regional researchers will give most of the contributed talks. &lt;br/&gt; &lt;br/&gt;A primary goal of the Southeastern Number Theory Meetings is to provide members of the number theory community in the Southeast with an opportunity to learn about new and significant research in number theory and to disseminate their own research. Students and junior researchers in the community particularly benefit from the meetings. The meetings strengthen their knowledge base, expose their work to a wider audience, and give them insightful input and feedback from other participants. Funding from the NSF allows the organizers to achieve their goals at a low cost to individual participants. These meetings integrate regional mathematicians into the community who may have little or no funds for professional travel such as graduate students and faculty at institutions that do not award Ph.Ds. The organizers will continue efforts to attract a demographically diverse participant base including women and racial and ethnic minorities.&lt;br/&gt;&lt;br/&gt;This award reflects NSF's statutory mission and has been deemed worthy of support through evaluation using the Foundation's intellectual merit and broader impacts review criteria.</AbstractNarration>
<MinAmdLetterDate>04/06/2020</MinAmdLetterDate>
<MaxAmdLetterDate>04/06/2020</MaxAmdLetterDate>
<ARRAAmount/>
<TRAN_TYPE>Grant</TRAN_TYPE>
<CFDA_NUM>47.049</CFDA_NUM>
<NSF_PAR_USE_FLAG>1</NSF_PAR_USE_FLAG>
<FUND_AGCY_CODE>4900</FUND_AGCY_CODE>
<AWDG_AGCY_CODE>4900</AWDG_AGCY_CODE>
<AwardID>2001418</AwardID>
<Investigator>
<FirstName>Frank</FirstName>
<LastName>Thorne</LastName>
<PI_MID_INIT>H</PI_MID_INIT>
<PI_SUFX_NAME/>
<PI_FULL_NAME>Frank H Thorne</PI_FULL_NAME>
<EmailAddress>thorne@math.sc.edu</EmailAddress>
<PI_PHON>8037777527</PI_PHON>
<NSF_ID>000078559</NSF_ID>
<StartDate>04/06/2020</StartDate>
<EndDate/>
<RoleCode>Co-Principal Investigator</RoleCode>
</Investigator>
<Investigator>
<FirstName>Matthew</FirstName>
<LastName>Boylan</LastName>
<PI_MID_INIT>G</PI_MID_INIT>
<PI_SUFX_NAME/>
<PI_FULL_NAME>Matthew G Boylan</PI_FULL_NAME>
<EmailAddress>boylan@math.sc.edu</EmailAddress>
<PI_PHON>8037777542</PI_PHON>
<NSF_ID>000338983</NSF_ID>
<StartDate>04/06/2020</StartDate>
<EndDate/>
<RoleCode>Principal Investigator</RoleCode>
</Investigator>
<Investigator>
<FirstName>Michael</FirstName>
<LastName>Filaseta</LastName>
<PI_MID_INIT>A</PI_MID_INIT>
<PI_SUFX_NAME/>
<PI_FULL_NAME>Michael A Filaseta</PI_FULL_NAME>
<EmailAddress>filaseta@math.sc.edu</EmailAddress>
<PI_PHON>8037818203</PI_PHON>
<NSF_ID>000342596</NSF_ID>
<StartDate>04/06/2020</StartDate>
<EndDate/>
<RoleCode>Co-Principal Investigator</RoleCode>
</Investigator>
<Investigator>
<FirstName>Hui</FirstName>
<LastName>Xue</LastName>
<PI_MID_INIT/>
<PI_SUFX_NAME/>
<PI_FULL_NAME>Hui Xue</PI_FULL_NAME>
<EmailAddress>huixue@clemson.edu</EmailAddress>
<PI_PHON>8646562332</PI_PHON>
<NSF_ID>000174572</NSF_ID>
<StartDate>04/06/2020</StartDate>
<EndDate/>
<RoleCode>Co-Principal Investigator</RoleCode>
</Investigator>
<Investigator>
<FirstName>Kevin</FirstName>
<LastName>James</LastName>
<PI_MID_INIT>L</PI_MID_INIT>
<PI_SUFX_NAME/>
<PI_FULL_NAME>Kevin L James</PI_FULL_NAME>
<EmailAddress>kevja@clemson.edu</EmailAddress>
<PI_PHON>8646566766</PI_PHON>
<NSF_ID>000261404</NSF_ID>
<StartDate>04/06/2020</StartDate>
<EndDate/>
<RoleCode>Co-Principal Investigator</RoleCode>
</Investigator>
<Institution>
<Name>University of South Carolina at Columbia</Name>
<CityName>COLUMBIA</CityName>
<ZipCode>292083403</ZipCode>
<PhoneNumber>8037777093</PhoneNumber>
<StreetAddress>1600 HAMPTON ST # 414</StreetAddress>
<StreetAddress2/>
<CountryName>United States</CountryName>
<StateName>South Carolina</StateName>
<StateCode>SC</StateCode>
<CONGRESSDISTRICT>06</CONGRESSDISTRICT>
<CONGRESS_DISTRICT_ORG>SC06</CONGRESS_DISTRICT_ORG>
<ORG_UEI_NUM>J22LNTMEDP73</ORG_UEI_NUM>
<ORG_LGL_BUS_NAME>UNIVERSITY OF SOUTH CAROLINA</ORG_LGL_BUS_NAME>
<ORG_PRNT_UEI_NUM>J22LNTMEDP73</ORG_PRNT_UEI_NUM>
</Institution>
<Performance_Institution>
<Name><![CDATA[University of South Carolina at Columbia]]></Name>
<CityName/>
<StateCode>SC</StateCode>
<ZipCode>292080001</ZipCode>
<StreetAddress/>
<CountryCode>US</CountryCode>
<CountryName>United States</CountryName>
<StateName>South Carolina</StateName>
<CountryFlag>1</CountryFlag>
<CONGRESSDISTRICT>06</CONGRESSDISTRICT>
<CONGRESS_DISTRICT_PERF>SC06</CONGRESS_DISTRICT_PERF>
</Performance_Institution>
<ProgramElement>
<Code>1264</Code>
<Text>ALGEBRA,NUMBER THEORY,AND COM</Text>
</ProgramElement>
<ProgramReference>
<Code>7556</Code>
<Text>CONFERENCE AND WORKSHOPS</Text>
</ProgramReference>
<ProgramReference>
<Code>9150</Code>
<Text>EXP PROG TO STIM COMP RES</Text>
</ProgramReference>
<Appropriation>
<Code>0120</Code>
<Name>NSF RESEARCH &amp; RELATED ACTIVIT</Name>
<APP_SYMB_ID>040100</APP_SYMB_ID>
</Appropriation>
<Fund>
<Code>01002021DB</Code>
<Name><![CDATA[NSF RESEARCH & RELATED ACTIVIT]]></Name>
<FUND_SYMB_ID>040100</FUND_SYMB_ID>
</Fund>
<FUND_OBLG>2020~15316</FUND_OBLG>
</Award>
</rootTag>
