<?xml version="1.0" encoding="UTF-8"?>
<rootTag>
<Award>
<AwardTitle>Commutative Algebra Conference for Young Researchers</AwardTitle>
<AGENCY>NSF</AGENCY>
<AwardEffectiveDate>12/15/2019</AwardEffectiveDate>
<AwardExpirationDate>11/30/2022</AwardExpirationDate>
<AwardTotalIntnAmount>19500.00</AwardTotalIntnAmount>
<AwardAmount>19500</AwardAmount>
<AwardInstrument>
<Value>Standard Grant</Value>
</AwardInstrument>
<Organization>
<Code>03040000</Code>
<Directorate>
<Abbreviation>MPS</Abbreviation>
<LongName>Direct For Mathematical &amp; Physical Scien</LongName>
</Directorate>
<Division>
<Abbreviation>DMS</Abbreviation>
<LongName>Division Of Mathematical Sciences</LongName>
</Division>
</Organization>
<ProgramOfficer>
<SignBlockName>Sandra Spiroff</SignBlockName>
<PO_EMAI>sspiroff@nsf.gov</PO_EMAI>
<PO_PHON>7032928069</PO_PHON>
</ProgramOfficer>
<AbstractNarration>This award supports participation by graduate students and postdoctoral researchers in the conference "Upcoming Researchers in Commutative Algebra" (URICA-KUMUNU Jr) to be held in Lincoln, Nebraska on April 25-26th, 2020 and in April 2021. The KUMUNU Jr conference series, of which this will be the ninth, brings together mathematics graduate students and postdocs in the Midwest. This meeting in commutative algebra is being hosted by the Department of Mathematics at the University of Nebraska-Lincoln.&lt;br/&gt;&lt;br/&gt;The conference will feature thirteen talks given by early-career commutative algebraists. Building on the success of the KUMUNU conference series, KUMUNU Jr has been a successful way to bring together junior researchers from the Great Plains region, now stretching from Utah to Michigan and North Dakota to Texas, to share their research and expertise while building lasting collaborations. The Upcoming Researchers in Commutative Algebra conference will continue to promote interaction among a diverse group of junior researchers, graduate students, and postdocs, while branching outside the initial triad of sponsors, the University of Kansas, the University of Missouri, and the University of Nebraska.&lt;br/&gt;&lt;br/&gt;Visit http://www.math.unl.edu/~shong3/URICA20/index.html for more information.&lt;br/&gt;&lt;br/&gt;This award reflects NSF's statutory mission and has been deemed worthy of support through evaluation using the Foundation's intellectual merit and broader impacts review criteria.</AbstractNarration>
<MinAmdLetterDate>12/06/2019</MinAmdLetterDate>
<MaxAmdLetterDate>12/06/2019</MaxAmdLetterDate>
<ARRAAmount/>
<TRAN_TYPE>Grant</TRAN_TYPE>
<CFDA_NUM>47.049</CFDA_NUM>
<NSF_PAR_USE_FLAG>1</NSF_PAR_USE_FLAG>
<FUND_AGCY_CODE>4900</FUND_AGCY_CODE>
<AWDG_AGCY_CODE>4900</AWDG_AGCY_CODE>
<AwardID>2001591</AwardID>
<Investigator>
<FirstName>Mark</FirstName>
<LastName>Walker</LastName>
<PI_MID_INIT>E</PI_MID_INIT>
<PI_SUFX_NAME/>
<PI_FULL_NAME>Mark E Walker</PI_FULL_NAME>
<EmailAddress>mark.walker@unl.edu</EmailAddress>
<PI_PHON>4024720521</PI_PHON>
<NSF_ID>000461775</NSF_ID>
<StartDate>12/06/2019</StartDate>
<EndDate/>
<RoleCode>Principal Investigator</RoleCode>
</Investigator>
<Investigator>
<FirstName>Su Ji</FirstName>
<LastName>Hong</LastName>
<PI_MID_INIT/>
<PI_SUFX_NAME/>
<PI_FULL_NAME>Su Ji Hong</PI_FULL_NAME>
<EmailAddress>sujihong@huskers.unl.edu</EmailAddress>
<PI_PHON>4024723731</PI_PHON>
<NSF_ID>000808228</NSF_ID>
<StartDate>12/06/2019</StartDate>
<EndDate/>
<RoleCode>Co-Principal Investigator</RoleCode>
</Investigator>
<Investigator>
<FirstName>Adolfo</FirstName>
<LastName>Martin</LastName>
<PI_MID_INIT>A</PI_MID_INIT>
<PI_SUFX_NAME/>
<PI_FULL_NAME>Adolfo A Martin</PI_FULL_NAME>
<EmailAddress>amadeus@huskers.unl.edu</EmailAddress>
<PI_PHON>4156068705</PI_PHON>
<NSF_ID>000807210</NSF_ID>
<StartDate>12/06/2019</StartDate>
<EndDate/>
<RoleCode>Co-Principal Investigator</RoleCode>
</Investigator>
<Investigator>
<FirstName>Taran</FirstName>
<LastName>Funk</LastName>
<PI_MID_INIT/>
<PI_SUFX_NAME/>
<PI_FULL_NAME>Taran Funk</PI_FULL_NAME>
<EmailAddress>taran.funk@huskers.unl.edu</EmailAddress>
<PI_PHON>2176495458</PI_PHON>
<NSF_ID>000808474</NSF_ID>
<StartDate>12/06/2019</StartDate>
<EndDate/>
<RoleCode>Co-Principal Investigator</RoleCode>
</Investigator>
<Institution>
<Name>University of Nebraska-Lincoln</Name>
<CityName>LINCOLN</CityName>
<ZipCode>685032427</ZipCode>
<PhoneNumber>4024723171</PhoneNumber>
<StreetAddress>2200 VINE ST BOX 830861</StreetAddress>
<StreetAddress2/>
<CountryName>United States</CountryName>
<StateName>Nebraska</StateName>
<StateCode>NE</StateCode>
<CONGRESSDISTRICT>01</CONGRESSDISTRICT>
<CONGRESS_DISTRICT_ORG>NE01</CONGRESS_DISTRICT_ORG>
<ORG_UEI_NUM>HTQ6K6NJFHA6</ORG_UEI_NUM>
<ORG_LGL_BUS_NAME>BOARD OF REGENTS OF THE UNIVERSITY OF NEBRASKA</ORG_LGL_BUS_NAME>
<ORG_PRNT_UEI_NUM>LF77GRM3FWG5</ORG_PRNT_UEI_NUM>
</Institution>
<Performance_Institution>
<Name><![CDATA[University of Nebraska-Lincoln]]></Name>
<CityName>Lincoln</CityName>
<StateCode>NE</StateCode>
<ZipCode>685880130</ZipCode>
<StreetAddress><![CDATA[203 Avery Hall]]></StreetAddress>
<CountryCode>US</CountryCode>
<CountryName>United States</CountryName>
<StateName>Nebraska</StateName>
<CountryFlag>1</CountryFlag>
<CONGRESSDISTRICT>01</CONGRESSDISTRICT>
<CONGRESS_DISTRICT_PERF>NE01</CONGRESS_DISTRICT_PERF>
</Performance_Institution>
<ProgramElement>
<Code>1264</Code>
<Text>ALGEBRA,NUMBER THEORY,AND COM</Text>
</ProgramElement>
<ProgramReference>
<Code>7556</Code>
<Text>CONFERENCE AND WORKSHOPS</Text>
</ProgramReference>
<ProgramReference>
<Code>9150</Code>
<Text>EXP PROG TO STIM COMP RES</Text>
</ProgramReference>
<Appropriation>
<Code>0120</Code>
<Name>NSF RESEARCH &amp; RELATED ACTIVIT</Name>
<APP_SYMB_ID>040100</APP_SYMB_ID>
</Appropriation>
<Fund>
<Code>01002021DB</Code>
<Name><![CDATA[NSF RESEARCH & RELATED ACTIVIT]]></Name>
<FUND_SYMB_ID>040100</FUND_SYMB_ID>
</Fund>
<FUND_OBLG>2020~19500</FUND_OBLG>
</Award>
</rootTag>
