<?xml version="1.0" encoding="UTF-8"?>
<rootTag>
<Award>
<AwardTitle><![CDATA[Biomimetic Redox Chemistry for Antiviral Application]]></AwardTitle>
<AGENCY>NSF</AGENCY>
<AwardEffectiveDate>07/15/2020</AwardEffectiveDate>
<AwardExpirationDate>06/30/2023</AwardExpirationDate>
<AwardTotalIntnAmount>302958.00</AwardTotalIntnAmount>
<AwardAmount>302958</AwardAmount>
<AwardInstrument>
<Value>Continuing Grant</Value>
</AwardInstrument>
<Organization>
<Code>03070000</Code>
<Directorate>
<Abbreviation>MPS</Abbreviation>
<LongName>Direct For Mathematical &amp; Physical Scien</LongName>
</Directorate>
<Division>
<Abbreviation>DMR</Abbreviation>
<LongName>Division Of Materials Research</LongName>
</Division>
</Organization>
<ProgramOfficer>
<SignBlockName>Abraham Joy</SignBlockName>
<PO_EMAI>ajoy@nsf.gov</PO_EMAI>
<PO_PHON>7032922913</PO_PHON>
</ProgramOfficer>
<AbstractNarration><![CDATA[PART 1:   NON-TECHNICAL SUMMARY&lt;br/&gt; &lt;br/&gt;Reactive oxygen species (ROS) can be used to disinfect a wide range of pathogens, such as viruses, bacteria, and fungi. ROS is an attractive disinfectant as it decomposes into non-toxic degradation products (water and oxygen). However, ROS is highly reactive and can be hazardous to store and transport. This project aims at utilizing a unique chemistry found in mussel adhesive proteins to create a portable biomaterial that can be activated to generate ROS. The antiviral capability of the generated ROS will be tested against different viruses with varying properties and levels of chemical resistance. The biomaterial itself does not contain ROS and is only activated to generate ROS by a simple hydration process. The proposed biomimetic material can potentially be used as a portable, light-weight disinfectant for preventing viral infection. The proposed research will engage undergraduate and graduate students, as well as underrepresented community college students, in interdisciplinary research involving polymeric materials, biomimetic chemistry, and antiviral research. Additionally, investigators will develop a new polymeric biomaterials module as part of the Michigan Technology University Summer Youth Program to introduce high school students in hands-on activities related to the use of biomaterials as a drug carrier. &lt;br/&gt;&lt;br/&gt;&lt;br/&gt;PART 2:   TECHNICAL SUMMARY&lt;br/&gt;&lt;br/&gt;The proposed work aims at harvesting the byproduct of a unique reduction-oxidation chemistry found in mussel adhesive proteins for antiviral application. Polymers are functionalized with the adhesive molecule, catechol, which generate hydrogen peroxide during autoxidation. To enhance the antiviral capability of catechol-containing materials, polymer architecture and composition, as well as the reactivity of catechol will be tuned to create polymer systems that are optimized to generate potent radical-based ROS, such as superoxide anion and hydroxyl radical. The ability for the generated ROS to inactivate both enveloped and non-enveloped viruses as well as a herpes virus will be explored. Results from this proposal will provide a greater understanding on the dose, duration, and type of ROS needed to inactivate different types of viruses with varying properties and levels of biocide resistance. ROS is generated on-demand when the material is hydrated in an aqueous solution with neutral pH. This process involves the conversion of molecular oxygen in the solution to ROS, through the oxidation of the catechol moiety. This approach is drastically different from other existing approaches that contain ROS, require externally provided chemical reactants, or require external energy sources to generate ROS. The material does not contain a reservoir for storing the reactive ROS, which greatly simplifies how it could be stored and transported.&lt;br/&gt;&lt;br/&gt;This award reflects NSF's statutory mission and has been deemed worthy of support through evaluation using the Foundation's intellectual merit and broader impacts review criteria.]]></AbstractNarration>
<MinAmdLetterDate>06/18/2020</MinAmdLetterDate>
<MaxAmdLetterDate>06/04/2022</MaxAmdLetterDate>
<ARRAAmount/>
<TRAN_TYPE>Grant</TRAN_TYPE>
<CFDA_NUM>47.049</CFDA_NUM>
<NSF_PAR_USE_FLAG>1</NSF_PAR_USE_FLAG>
<FUND_AGCY_CODE>4900</FUND_AGCY_CODE>
<AWDG_AGCY_CODE>4900</AWDG_AGCY_CODE>
<AwardID>2001076</AwardID>
<Investigator>
<FirstName>Caryn</FirstName>
<LastName>Heldt</LastName>
<PI_MID_INIT/>
<PI_SUFX_NAME/>
<PI_FULL_NAME>Caryn Heldt</PI_FULL_NAME>
<EmailAddress><![CDATA[heldt@mtu.edu]]></EmailAddress>
<NSF_ID>000571994</NSF_ID>
<StartDate>06/18/2020</StartDate>
<EndDate/>
<RoleCode>Co-Principal Investigator</RoleCode>
</Investigator>
<Investigator>
<FirstName>Bruce</FirstName>
<LastName>Lee</LastName>
<PI_MID_INIT>P</PI_MID_INIT>
<PI_SUFX_NAME/>
<PI_FULL_NAME>Bruce P Lee</PI_FULL_NAME>
<EmailAddress><![CDATA[bplee@mtu.edu]]></EmailAddress>
<NSF_ID>000606183</NSF_ID>
<StartDate>06/18/2020</StartDate>
<EndDate/>
<RoleCode>Principal Investigator</RoleCode>
</Investigator>
<Institution>
<Name>Michigan Technological University</Name>
<CityName>HOUGHTON</CityName>
<ZipCode>499311200</ZipCode>
<PhoneNumber>9064871885</PhoneNumber>
<StreetAddress>1400 TOWNSEND DR</StreetAddress>
<StreetAddress2/>
<CountryName>United States</CountryName>
<StateName>Michigan</StateName>
<StateCode>MI</StateCode>
<CONGRESSDISTRICT>01</CONGRESSDISTRICT>
<CONGRESS_DISTRICT_ORG>MI01</CONGRESS_DISTRICT_ORG>
<ORG_UEI_NUM>GKMSN3DA6P91</ORG_UEI_NUM>
<ORG_LGL_BUS_NAME>MICHIGAN TECHNOLOGICAL UNIVERSITY</ORG_LGL_BUS_NAME>
<ORG_PRNT_UEI_NUM>GKMSN3DA6P91</ORG_PRNT_UEI_NUM>
</Institution>
<Performance_Institution>
<Name><![CDATA[Michigan Technological University]]></Name>
<CityName>Houghton</CityName>
<StateCode>MI</StateCode>
<ZipCode>499311295</ZipCode>
<StreetAddress><![CDATA[1400 Townsend Drive]]></StreetAddress>
<CountryCode>US</CountryCode>
<CountryName>United States</CountryName>
<StateName>Michigan</StateName>
<CountryFlag>1</CountryFlag>
<CONGRESSDISTRICT>01</CONGRESSDISTRICT>
<CONGRESS_DISTRICT_PERF>MI01</CONGRESS_DISTRICT_PERF>
</Performance_Institution>
<ProgramElement>
<Code>7623</Code>
<Text>BIOMATERIALS PROGRAM</Text>
</ProgramElement>
<ProgramReference>
<Code>096Z</Code>
<Text>COVID-19 Research</Text>
</ProgramReference>
<ProgramReference>
<Code>7237</Code>
<Text>NANO NON-SOLIC SCI &amp; ENG AWD</Text>
</ProgramReference>
<ProgramReference>
<Code>7573</Code>
<Text>BIO-RELATED MATERIALS RESEARCH</Text>
</ProgramReference>
<ProgramReference>
<Code>8614</Code>
<Text>Nanomaterials</Text>
</ProgramReference>
<Appropriation>
<Code/>
<Name/>
<APP_SYMB_ID/>
</Appropriation>
<Appropriation>
<Code/>
<Name/>
<APP_SYMB_ID/>
</Appropriation>
<Appropriation>
<Code/>
<Name/>
<APP_SYMB_ID/>
</Appropriation>
<Fund>
<Code>01002223DB</Code>
<Name><![CDATA[NSF RESEARCH & RELATED ACTIVIT]]></Name>
<FUND_SYMB_ID>040100</FUND_SYMB_ID>
</Fund>
<Fund>
<Code>01002021DB</Code>
<Name><![CDATA[NSF RESEARCH & RELATED ACTIVIT]]></Name>
<FUND_SYMB_ID>040100</FUND_SYMB_ID>
</Fund>
<Fund>
<Code>01002122DB</Code>
<Name><![CDATA[NSF RESEARCH & RELATED ACTIVIT]]></Name>
<FUND_SYMB_ID>040100</FUND_SYMB_ID>
</Fund>
<FUND_OBLG>2020~80586</FUND_OBLG>
<FUND_OBLG>2021~108979</FUND_OBLG>
<FUND_OBLG>2022~113393</FUND_OBLG>
</Award>
</rootTag>
