<?xml version="1.0" encoding="UTF-8"?>
<rootTag>
<Award>
<AwardTitle>Collaborative Research: Resolving the relationships of Melastomataceae, one of the world's most diverse flowering plant radiations</AwardTitle>
<AGENCY>NSF</AGENCY>
<AwardEffectiveDate>08/01/2020</AwardEffectiveDate>
<AwardExpirationDate>07/31/2024</AwardExpirationDate>
<AwardTotalIntnAmount>396915.00</AwardTotalIntnAmount>
<AwardAmount>396915</AwardAmount>
<AwardInstrument>
<Value>Standard Grant</Value>
</AwardInstrument>
<Organization>
<Code>08010000</Code>
<Directorate>
<Abbreviation>BIO</Abbreviation>
<LongName>Direct For Biological Sciences</LongName>
</Directorate>
<Division>
<Abbreviation>DEB</Abbreviation>
<LongName>Division Of Environmental Biology</LongName>
</Division>
</Organization>
<ProgramOfficer>
<SignBlockName>Shannon Fehlberg</SignBlockName>
<PO_EMAI>sfehlber@nsf.gov</PO_EMAI>
<PO_PHON>7032928784</PO_PHON>
</ProgramOfficer>
<AbstractNarration>The Melastomataceae are the eighth largest family of flowering plants on the planet with more than 5600 species, most of which grow in the New World tropics. It is not known why this family is so diverse, but some of its interesting structural variants may have played a role. The family exhibits several unusual traits, including special structures that house ants or mites, modified floral parts, and wide variation in fruit type. The plants’ growth form also varies, ranging from annuals to shrubs to trees, and even epiphytes or vines. This project aims to explore whether any of these factors may have contributed to the extreme diversity of Melastomataceae by using genomic data to build an evolutionary tree for approximately 3000 species from the family. The researchers will then test the geographic origin and subsequent movement of the family across continents and environments, the evolution of morphological and genetic features, and associated diversification rate shifts throughout the worldwide distribution of Melastomataceae. This collaborative project represents a model for tackling speciose and widespread tropical plant radiations and will shed light on the origin and subsequent diversification of one of the largest tropical plant families on the planet. Two postdoctoral scholars and a graduate student will be trained, and the researchers will offer short training courses to a variety of students. The project’s discoveries will be highlighted in exhibits at the Florida Museum of Natural History and the New York Botanical Garden, which have a combined annual visitation of over 500,000 people.&lt;br/&gt;&lt;br/&gt;Understanding the generation of tropical angiosperm diversity worldwide is often complicated by the lack of sufficient phylogenetic data for major radiations. Given its broad geographic distribution, its morphological diversity, and its size, the Melastomataceae is an ideal model for developing a comprehensive phylogenomic dataset to test geographic origins, morphological evolution, and diversification rates of a major tropical radiation, a task currently intractable based on limited global datasets. Taking a Hyb-seq approach, the project will produce phylogenomic datasets using 384 nuclear loci and entire plastomes to reconstruct the phylogeny of at least 3000 species across all major lineages of the Melastomataceae. The five principal goals of the project are to: 1) generate a robust phylogenetic hypothesis of relationships among all major groups; 2) estimate the timing of key evolutionary events and diversification rates across the family, including correlations with morphological evolution; 3) analyze biogeographic scenarios and determine the origin of the family, as well as correlations between diversification rates and major biogeographical shifts; 4) estimate the degree of polyploidy across the family using allele frequencies from our nuclear loci to infer chromosomal evolution across the tree; and 5) develop robust classifications based on our phylogenetic hypotheses, incorporating morphological characters delineating major lineages.&lt;br/&gt;&lt;br/&gt;This award reflects NSF's statutory mission and has been deemed worthy of support through evaluation using the Foundation's intellectual merit and broader impacts review criteria.</AbstractNarration>
<MinAmdLetterDate>07/23/2020</MinAmdLetterDate>
<MaxAmdLetterDate>07/23/2020</MaxAmdLetterDate>
<ARRAAmount/>
<TRAN_TYPE>Grant</TRAN_TYPE>
<CFDA_NUM>47.074</CFDA_NUM>
<NSF_PAR_USE_FLAG>1</NSF_PAR_USE_FLAG>
<FUND_AGCY_CODE>4900</FUND_AGCY_CODE>
<AWDG_AGCY_CODE>4900</AWDG_AGCY_CODE>
<AwardID>2001357</AwardID>
<Investigator>
<FirstName>Fabian</FirstName>
<LastName>Michelangeli</LastName>
<PI_MID_INIT>A</PI_MID_INIT>
<PI_SUFX_NAME/>
<PI_FULL_NAME>Fabian A Michelangeli</PI_FULL_NAME>
<EmailAddress>fabian@nybg.org</EmailAddress>
<PI_PHON>7188178199</PI_PHON>
<NSF_ID>000488893</NSF_ID>
<StartDate>07/23/2020</StartDate>
<EndDate/>
<RoleCode>Principal Investigator</RoleCode>
</Investigator>
<Institution>
<Name>New York Botanical Garden</Name>
<CityName>BRONX</CityName>
<ZipCode>104585153</ZipCode>
<PhoneNumber>7188178840</PhoneNumber>
<StreetAddress>2900 SOUTHERN BLVD</StreetAddress>
<StreetAddress2/>
<CountryName>United States</CountryName>
<StateName>New York</StateName>
<StateCode>NY</StateCode>
<CONGRESSDISTRICT>14</CONGRESSDISTRICT>
<CONGRESS_DISTRICT_ORG>NY14</CONGRESS_DISTRICT_ORG>
<ORG_UEI_NUM>E7S2Q4L89F44</ORG_UEI_NUM>
<ORG_LGL_BUS_NAME>NEW YORK BOTANICAL GARDEN, THE</ORG_LGL_BUS_NAME>
<ORG_PRNT_UEI_NUM>E7S2Q4L89F44</ORG_PRNT_UEI_NUM>
</Institution>
<Performance_Institution>
<Name><![CDATA[New York Botanical Garden]]></Name>
<CityName>Bronx</CityName>
<StateCode>NY</StateCode>
<ZipCode>104585126</ZipCode>
<StreetAddress><![CDATA[2900 Southern Blvd c/o F. A. Mic]]></StreetAddress>
<CountryCode>US</CountryCode>
<CountryName>United States</CountryName>
<StateName>New York</StateName>
<CountryFlag>1</CountryFlag>
<CONGRESSDISTRICT>14</CONGRESSDISTRICT>
<CONGRESS_DISTRICT_PERF>NY14</CONGRESS_DISTRICT_PERF>
</Performance_Institution>
<ProgramElement>
<Code>7374</Code>
<Text>Systematics &amp; Biodiversity Sci</Text>
</ProgramElement>
<Appropriation>
<Code>0120</Code>
<Name>NSF RESEARCH &amp; RELATED ACTIVIT</Name>
<APP_SYMB_ID>040100</APP_SYMB_ID>
</Appropriation>
<Fund>
<Code>01002021DB</Code>
<Name><![CDATA[NSF RESEARCH & RELATED ACTIVIT]]></Name>
<FUND_SYMB_ID>040100</FUND_SYMB_ID>
</Fund>
<FUND_OBLG>2020~396915</FUND_OBLG>
</Award>
</rootTag>
