<?xml version="1.0" encoding="UTF-8"?>
<rootTag>
<Award>
<AwardTitle><![CDATA[Collaborative Research: Understanding the Evolution of High-latitude Permo-Triassic Paleoenvironments and their Vertebrate Communities.]]></AwardTitle>
<AGENCY>NSF</AGENCY>
<AwardEffectiveDate>08/27/2019</AwardEffectiveDate>
<AwardExpirationDate>08/31/2021</AwardExpirationDate>
<AwardTotalIntnAmount>61286.00</AwardTotalIntnAmount>
<AwardAmount>61286</AwardAmount>
<AwardInstrument>
<Value>Standard Grant</Value>
</AwardInstrument>
<Organization>
<Code>06090300</Code>
<Directorate>
<Abbreviation>GEO</Abbreviation>
<LongName>Directorate For Geosciences</LongName>
</Directorate>
<Division>
<Abbreviation>OPP</Abbreviation>
<LongName>Office of Polar Programs (OPP)</LongName>
</Division>
</Organization>
<ProgramOfficer>
<SignBlockName>Michael E. Jackson</SignBlockName>
<PO_EMAI>mejackso@nsf.gov</PO_EMAI>
<PO_PHON>7032927120</PO_PHON>
</ProgramOfficer>
<AbstractNarration><![CDATA[Around 252 million years ago, a major mass extinction wiped out upwards of 90% of species on Earth.  Coincident with this extinction, the Antarctic portion of the supercontinent of Pangea transitioned to a warmer climatic regime and became devoid of glaciers.  Little is known about the survivors of the extinction in Antarctica, although it has been hypothesized that the continent?s more polar location shielded it from the worst of the extinction?s effects.  The Shackleton Glacier region is the best place to study this extinction in Antarctica because it exposes the correct age rocks in abundance and relevant fossils were found there in the 1960s and 1980s.  For this research, paleontologists will study fossil vertebrates that span from about 260?240 million years ago to understand how life evolved at high latitudes in the face of massive climate change.  In addition, geologists will use fossil soils and fossil plant matter to more precisely understand the climate of Antarctica across this extinction boundary.  These data will allow for a more complete understanding of ancient climates and how Antarctic life compared to that at lower latitudes.  Undergraduate and graduate students will be actively involved in this research.  Public engagement in Antarctic science will be accomplished at several natural history museums.&lt;br/&gt;&lt;br/&gt;This three-year project will examine the evolution of Permo-Triassic paleoenvironments and their vertebrate communities by conducting fieldwork in the Shackleton Glacier region of Antarctica.  The team will characterize the Permo-Triassic boundary within Shackleton area strata and correlate it to other stratigraphic successions in the region (e.g. via stable carbon isotope stratigraphy of fossilized plant organic matter).  The researchers will use multiple types of data to assess the paleoenvironment, including: 1) paleosol morphology; 2) paleosol geochemistry; 3) pedogenic organic matter; and 4) fossil wood chronology and stable isotopes.  The Fremouw Formation of Antarctica preserves the highest paleolatitude (~70° S) tetrapod fauna of the entire Triassic and thus has the potential to shed important light on the evolution of polar life during the early Mesozoic.  The biology of Triassic vertebrates from Antarctica will be compared to conspecifics from lower paleolatitudes through analysis of growth in bone and tusk histology.  An interdisciplinary approach will be used to address relationships between environmental change, faunal composition, and biogeographic patterns in the context of the high-latitude strata preserved in the Buckley and Fremouw formations in the Shackleton Glacier region.]]></AbstractNarration>
<MinAmdLetterDate>11/04/2019</MinAmdLetterDate>
<MaxAmdLetterDate>11/04/2019</MaxAmdLetterDate>
<ARRAAmount/>
<TRAN_TYPE>Grant</TRAN_TYPE>
<CFDA_NUM>47.078</CFDA_NUM>
<NSF_PAR_USE_FLAG>0</NSF_PAR_USE_FLAG>
<FUND_AGCY_CODE>4900</FUND_AGCY_CODE>
<AWDG_AGCY_CODE>4900</AWDG_AGCY_CODE>
<AwardID>2001033</AwardID>
<Investigator>
<FirstName>Peter</FirstName>
<LastName>Makovicky</LastName>
<PI_MID_INIT>J</PI_MID_INIT>
<PI_SUFX_NAME/>
<PI_FULL_NAME>Peter J Makovicky</PI_FULL_NAME>
<EmailAddress><![CDATA[pmakovicky@fieldmuseum.org]]></EmailAddress>
<NSF_ID>000233097</NSF_ID>
<StartDate>11/04/2019</StartDate>
<EndDate/>
<RoleCode>Principal Investigator</RoleCode>
</Investigator>
<Institution>
<Name>University of Minnesota-Twin Cities</Name>
<CityName>MINNEAPOLIS</CityName>
<ZipCode>554552009</ZipCode>
<PhoneNumber>6126245599</PhoneNumber>
<StreetAddress>200 OAK ST SE # 224</StreetAddress>
<StreetAddress2/>
<CountryName>United States</CountryName>
<StateName>Minnesota</StateName>
<StateCode>MN</StateCode>
<CONGRESSDISTRICT>05</CONGRESSDISTRICT>
<CONGRESS_DISTRICT_ORG>MN05</CONGRESS_DISTRICT_ORG>
<ORG_UEI_NUM>KABJZBBJ4B54</ORG_UEI_NUM>
<ORG_LGL_BUS_NAME>REGENTS OF THE UNIVERSITY OF MINNESOTA</ORG_LGL_BUS_NAME>
<ORG_PRNT_UEI_NUM>CB47L9C9MDX1</ORG_PRNT_UEI_NUM>
</Institution>
<Performance_Institution>
<Name><![CDATA[University of Minnesota-Twin Cities]]></Name>
<CityName/>
<StateCode>MN</StateCode>
<ZipCode>554552070</ZipCode>
<StreetAddress/>
<CountryCode>US</CountryCode>
<CountryName>United States</CountryName>
<StateName>Minnesota</StateName>
<CountryFlag>1</CountryFlag>
<CONGRESSDISTRICT>05</CONGRESSDISTRICT>
<CONGRESS_DISTRICT_PERF>MN05</CONGRESS_DISTRICT_PERF>
</Performance_Institution>
<ProgramElement>
<Code>5112</Code>
<Text>ANT Earth Sciences</Text>
</ProgramElement>
<Appropriation>
<Code>02XX</Code>
<Name>NSF RESEARCH &amp; RELATED ACTIVIT</Name>
<APP_SYMB_ID>040100</APP_SYMB_ID>
</Appropriation>
<Fund>
<Code>0100XXXXDB</Code>
<Name><![CDATA[NSF RESEARCH & RELATED ACTIVIT]]></Name>
<FUND_SYMB_ID>040100</FUND_SYMB_ID>
</Fund>
<FUND_OBLG>2016~61286</FUND_OBLG>
</Award>
</rootTag>
