<?xml version="1.0" encoding="UTF-8"?>
<rootTag>
<Award>
<AwardTitle>Predicting the evolution of vector-borne disease dynamics in a changing world</AwardTitle>
<AGENCY>NSF</AGENCY>
<AwardEffectiveDate>08/05/2019</AwardEffectiveDate>
<AwardExpirationDate>08/31/2022</AwardExpirationDate>
<AwardTotalIntnAmount>1813708.00</AwardTotalIntnAmount>
<AwardAmount>2132920</AwardAmount>
<AwardInstrument>
<Value>Standard Grant</Value>
</AwardInstrument>
<Organization>
<Code>08010000</Code>
<Directorate>
<Abbreviation>BIO</Abbreviation>
<LongName>Direct For Biological Sciences</LongName>
</Directorate>
<Division>
<Abbreviation>DEB</Abbreviation>
<LongName>Division Of Environmental Biology</LongName>
</Division>
</Organization>
<ProgramOfficer>
<SignBlockName>Samuel Scheiner</SignBlockName>
<PO_EMAI>sscheine@nsf.gov</PO_EMAI>
<PO_PHON>7032927175</PO_PHON>
</ProgramOfficer>
<AbstractNarration>This project will advance our understanding of how disease transmission will be affected by and evolve in response to environmental change. Diseases transmitted among hosts by small invertebrates such as mosquitoes or ticks (vectors) are on the rise across the world but our ability to measure and predict risk is lagging. Predicting vector-borne disease risk requires both an understanding of how all the species involved are likely to be affected by environmental change and how those interactions may evolve. The transmission of avian malaria in native and introduced Hawaiian birds is an ideal system to gain this understanding. The project will focus on the Hawaiian honeycreepers, a diverse group that includes many species that are threatened with extinction. Through the use of historical specimens of both the birds and the malaria parasite, the project will be able to document and model the evolution of disease tolerance and resistance over the past 80 years. The model methodology will then be available for broad application into any disease system in which evolution is expected to occur in response to shifting environmental conditions. The results will also be used for management of the bird species in Hawaii. The project will support undergraduate and graduate student training, and participation of local high school students. &lt;br/&gt;&lt;br/&gt;The agent of avian malaria in Hawaii is a non-native Haemosporidian parasite, Plasmodium relictum, vectored by mixes of two non-native strains of the mosquito Culex quinquefasciatus. Avian malaria in Hawaii occurs as a series of replicated natural experiments in which vector and parasite prevalence vary along elevational gradients on several islands, and a parallel gradient in tolerance among some bird hosts has been reported. Although P. relictum was previously highly virulent to all of the &gt;50 species of Hawaiian honeycreepers, evolution of tolerance (or resistance) has been observed in at least three species including the amakihi (Chlorodrepanis sp.). Additionally, there is geographic variation within and across islands in host species composition, host tolerance, climate (temperature and precipitation), vector abundance, vector competence, and pathogen fitness. This project will 1) characterize the genomic signatures of parasites, hosts and vectors at different elevations replicated across islands and through time, the latter by using museum specimens; 2) perform common-garden experiments and experimental infections to assess differences in competence or virulence among strains of vectors and parasites, respectively; 3) integrate Aims 1 and 2 in predictive models of the impact of co-evolutionary changes on vector-borne disease transmission under current and future climate scenarios. We will use comparative genomics and transcriptomics at multiple spatial, temporal and experimental scales, and combine Susceptible-Infected-Resistant (SIR) models with evolutionary game theory to capture the reciprocal influence of changing populations.</AbstractNarration>
<MinAmdLetterDate>10/28/2019</MinAmdLetterDate>
<MaxAmdLetterDate>08/12/2021</MaxAmdLetterDate>
<ARRAAmount/>
<TRAN_TYPE>Grant</TRAN_TYPE>
<CFDA_NUM>47.074</CFDA_NUM>
<NSF_PAR_USE_FLAG>1</NSF_PAR_USE_FLAG>
<FUND_AGCY_CODE>4900</FUND_AGCY_CODE>
<AWDG_AGCY_CODE>4900</AWDG_AGCY_CODE>
<AwardID>2001213</AwardID>
<Investigator>
<FirstName>Dina</FirstName>
<LastName>Fonseca</LastName>
<PI_MID_INIT>M</PI_MID_INIT>
<PI_SUFX_NAME/>
<PI_FULL_NAME>Dina M Fonseca</PI_FULL_NAME>
<EmailAddress>Dina.fonseca@rutgers.edu</EmailAddress>
<PI_PHON>8489323146</PI_PHON>
<NSF_ID>000323363</NSF_ID>
<StartDate>10/28/2019</StartDate>
<EndDate/>
<RoleCode>Principal Investigator</RoleCode>
</Investigator>
<Institution>
<Name>Rutgers University New Brunswick</Name>
<CityName>NEW BRUNSWICK</CityName>
<ZipCode>089018559</ZipCode>
<PhoneNumber>8489320150</PhoneNumber>
<StreetAddress>3 RUTGERS PLZA</StreetAddress>
<StreetAddress2/>
<CountryName>United States</CountryName>
<StateName>New Jersey</StateName>
<StateCode>NJ</StateCode>
<CONGRESSDISTRICT>06</CONGRESSDISTRICT>
<CONGRESS_DISTRICT_ORG>NJ06</CONGRESS_DISTRICT_ORG>
<ORG_UEI_NUM>M1LVPE5GLSD9</ORG_UEI_NUM>
<ORG_LGL_BUS_NAME>RUTGERS, THE STATE UNIVERSITY OF NEW JERSEY</ORG_LGL_BUS_NAME>
<ORG_PRNT_UEI_NUM>M1LVPE5GLSD9</ORG_PRNT_UEI_NUM>
</Institution>
<Performance_Institution>
<Name><![CDATA[Rutgers University New Brunswick]]></Name>
<CityName>Piscataway</CityName>
<StateCode>NJ</StateCode>
<ZipCode>088543925</ZipCode>
<StreetAddress><![CDATA[33 Knightsbridge Road]]></StreetAddress>
<CountryCode>US</CountryCode>
<CountryName>United States</CountryName>
<StateName>New Jersey</StateName>
<CountryFlag>1</CountryFlag>
<CONGRESSDISTRICT>06</CONGRESSDISTRICT>
<CONGRESS_DISTRICT_PERF>NJ06</CONGRESS_DISTRICT_PERF>
</Performance_Institution>
<ProgramElement>
<Code>7242</Code>
<Text>Ecology of Infectious Diseases</Text>
</ProgramElement>
<ProgramReference>
<Code>097Z</Code>
<Text>COVID-19 Impacts on Existing Activities</Text>
</ProgramReference>
<ProgramReference>
<Code>102Z</Code>
<Text>COVID-Disproportionate Impcts Inst-Indiv</Text>
</ProgramReference>
<ProgramReference>
<Code>7242</Code>
<Text>ECOLOGY OF INFECTIOUS DISEASES</Text>
</ProgramReference>
<Appropriation>
<Code>0117</Code>
<Name>NSF RESEARCH &amp; RELATED ACTIVIT</Name>
<APP_SYMB_ID>040100</APP_SYMB_ID>
</Appropriation>
<Appropriation>
<Code>0121</Code>
<Name>NSF RESEARCH &amp; RELATED ACTIVIT</Name>
<APP_SYMB_ID>040100</APP_SYMB_ID>
</Appropriation>
<Fund>
<Code>01001718DB</Code>
<Name><![CDATA[NSF RESEARCH & RELATED ACTIVIT]]></Name>
<FUND_SYMB_ID>040100</FUND_SYMB_ID>
</Fund>
<Fund>
<Code>01002122DB</Code>
<Name><![CDATA[NSF RESEARCH & RELATED ACTIVIT]]></Name>
<FUND_SYMB_ID>040100</FUND_SYMB_ID>
</Fund>
<FUND_OBLG>2017~1813708</FUND_OBLG>
<FUND_OBLG>2021~319212</FUND_OBLG>
</Award>
</rootTag>
