<?xml version="1.0" encoding="UTF-8"?>
<rootTag>
<Award>
<AwardTitle>Groups and Arithmetic Geometry</AwardTitle>
<AGENCY>NSF</AGENCY>
<AwardEffectiveDate>07/01/2020</AwardEffectiveDate>
<AwardExpirationDate>06/30/2023</AwardExpirationDate>
<AwardTotalIntnAmount>216000.00</AwardTotalIntnAmount>
<AwardAmount>216000</AwardAmount>
<AwardInstrument>
<Value>Standard Grant</Value>
</AwardInstrument>
<Organization>
<Code>03040000</Code>
<Directorate>
<Abbreviation>MPS</Abbreviation>
<LongName>Direct For Mathematical &amp; Physical Scien</LongName>
</Directorate>
<Division>
<Abbreviation>DMS</Abbreviation>
<LongName>Division Of Mathematical Sciences</LongName>
</Division>
</Organization>
<ProgramOfficer>
<SignBlockName>Adriana Salerno</SignBlockName>
<PO_EMAI>asalerno@nsf.gov</PO_EMAI>
<PO_PHON>7032922271</PO_PHON>
</ProgramOfficer>
<AbstractNarration>The principal investigator's research explores the connections between three of the central concepts in algebra: groups, fields, and varieties. Groups are symmetry types; for instance, all bilaterally symmetric animals share a symmetry group, which is different  from the symmetry group of a starfish.  Fields are systems of numbers which can be added, subtracted, multiplied, or divided; for instance, the usual real numbers form a field, but the rational numbers, which can be expressed as fractions, form a smaller field of particular interest to number theorists.  Varieties are systems of simultaneous equations in a number of variables.  The PI is trying to understand the deep connections between these three concepts.  For instance, simple groups, the building blocks for all finite groups, can almost always be expressed essentially as the points of a variety over a finite field. Varieties determine fields whose symmetry groups have been of interest in mathematics for more than 200 years, when Gauss gave a compass and straightedge construction for the regular 17-gon. This project also provides research training opportunities for graduate students working with the PI on these questions.&lt;br/&gt;&lt;br/&gt;More specifically, this project involves using group theory to describe the images of Galois representations arising either from varieties or from automorphic forms.  Problems of this kind can often be approached via by what might be termed the "inverse problem" in invariant theory, recognizing an algebraic group from data about its representation category.  Group theory and algebraic geometry can be applied together to analyze the Galois action on Mordell-Weil groups of abelian varieties over Galois extensions. In a different direction, the project involves using algebraic geometry, alone or in combination with character-theoretic methods, to solve problems about finite simple groups. In particular, these tools can be applied to investigate word maps, defined by elements in free groups or related objects such as surface groups.&lt;br/&gt;&lt;br/&gt;This award reflects NSF's statutory mission and has been deemed worthy of support through evaluation using the Foundation's intellectual merit and broader impacts review criteria.</AbstractNarration>
<MinAmdLetterDate>03/26/2020</MinAmdLetterDate>
<MaxAmdLetterDate>03/26/2020</MaxAmdLetterDate>
<ARRAAmount/>
<TRAN_TYPE>Grant</TRAN_TYPE>
<CFDA_NUM>47.049</CFDA_NUM>
<NSF_PAR_USE_FLAG>1</NSF_PAR_USE_FLAG>
<FUND_AGCY_CODE>4900</FUND_AGCY_CODE>
<AWDG_AGCY_CODE>4900</AWDG_AGCY_CODE>
<AwardID>2001349</AwardID>
<Investigator>
<FirstName>Michael</FirstName>
<LastName>Larsen</LastName>
<PI_MID_INIT>J</PI_MID_INIT>
<PI_SUFX_NAME/>
<PI_FULL_NAME>Michael J Larsen</PI_FULL_NAME>
<EmailAddress>larsen@math.indiana.edu</EmailAddress>
<PI_PHON>8128551064</PI_PHON>
<NSF_ID>000098187</NSF_ID>
<StartDate>03/26/2020</StartDate>
<EndDate/>
<RoleCode>Principal Investigator</RoleCode>
</Investigator>
<Institution>
<Name>Indiana University</Name>
<CityName>BLOOMINGTON</CityName>
<ZipCode>474057000</ZipCode>
<PhoneNumber>3172783473</PhoneNumber>
<StreetAddress>107 S INDIANA AVE</StreetAddress>
<StreetAddress2/>
<CountryName>United States</CountryName>
<StateName>Indiana</StateName>
<StateCode>IN</StateCode>
<CONGRESSDISTRICT>09</CONGRESSDISTRICT>
<CONGRESS_DISTRICT_ORG>IN09</CONGRESS_DISTRICT_ORG>
<ORG_UEI_NUM>YH86RTW2YVJ4</ORG_UEI_NUM>
<ORG_LGL_BUS_NAME>TRUSTEES OF INDIANA UNIVERSITY</ORG_LGL_BUS_NAME>
<ORG_PRNT_UEI_NUM>YH86RTW2YVJ4</ORG_PRNT_UEI_NUM>
</Institution>
<Performance_Institution>
<Name><![CDATA[Indiana University]]></Name>
<CityName>Bloomington</CityName>
<StateCode>IN</StateCode>
<ZipCode>474057106</ZipCode>
<StreetAddress><![CDATA[831 E. 3rd St., Rawles Hall 343]]></StreetAddress>
<CountryCode>US</CountryCode>
<CountryName>United States</CountryName>
<StateName>Indiana</StateName>
<CountryFlag>1</CountryFlag>
<CONGRESSDISTRICT>09</CONGRESSDISTRICT>
<CONGRESS_DISTRICT_PERF>IN09</CONGRESS_DISTRICT_PERF>
</Performance_Institution>
<ProgramElement>
<Code>1264</Code>
<Text>ALGEBRA,NUMBER THEORY,AND COM</Text>
</ProgramElement>
<Appropriation>
<Code>0120</Code>
<Name>NSF RESEARCH &amp; RELATED ACTIVIT</Name>
<APP_SYMB_ID>040100</APP_SYMB_ID>
</Appropriation>
<Fund>
<Code>01002021DB</Code>
<Name><![CDATA[NSF RESEARCH & RELATED ACTIVIT]]></Name>
<FUND_SYMB_ID>040100</FUND_SYMB_ID>
</Fund>
<FUND_OBLG>2020~216000</FUND_OBLG>
</Award>
</rootTag>
