<?xml version="1.0" encoding="UTF-8"?>
<rootTag>
<Award>
<AwardTitle>CAREER: Adaptation and learning processes in human locomotion</AwardTitle>
<AGENCY>NSF</AGENCY>
<AwardEffectiveDate>09/01/2019</AwardEffectiveDate>
<AwardExpirationDate>03/31/2023</AwardExpirationDate>
<AwardTotalIntnAmount>490931.00</AwardTotalIntnAmount>
<AwardAmount>384119</AwardAmount>
<AwardInstrument>
<Value>Continuing Grant</Value>
</AwardInstrument>
<Organization>
<Code>04040000</Code>
<Directorate>
<Abbreviation>SBE</Abbreviation>
<LongName>Direct For Social, Behav &amp; Economic Scie</LongName>
</Directorate>
<Division>
<Abbreviation>BCS</Abbreviation>
<LongName>Division Of Behavioral and Cognitive Sci</LongName>
</Division>
</Organization>
<ProgramOfficer>
<SignBlockName>Soo-Siang Lim</SignBlockName>
<PO_EMAI>slim@nsf.gov</PO_EMAI>
<PO_PHON>7032927878</PO_PHON>
</ProgramOfficer>
<AbstractNarration>Motor adaptation and learning is fundamental to the flexibility of walking. Our movement patterns must be constantly adapted as we grow, age, or experience changing conditions such as slippery sidewalks. Learning new motor skills initiates a process of memory formation that generated improved and more stable performance. Previously learned motor memories can also be used to learn another motor task more rapidly. The goal of this project is to reveal how the human brain creates and recalls memories in walking. This will be achieved by studying a set of tasks inspired by research of arm control. The expected findings will have broad implications for human walking flexibility in health and disease, because motor learning and rehabilitation are thought to share similar mechanisms. The advanced scientific knowledge will have broader impacts, including the possible transformation of gait rehabilitation approaches and enhanced understanding of learning and memory in the human brain. Further, this work includes interdisciplinary neuroscience training of promising students with diverse ethnic, gender, and academic backgrounds.&lt;br/&gt;&lt;br/&gt;The research objective of this CAREER proposal is to understand the mechanisms for human locomotor adaptation and learning. While motor learning has received ample attention in studies utilizing upper limbs, there are relatively few studies of motor learning in the context of human locomotion. These experiments will examine the commonalities as well as task-specific distinctions across different types of locomotor learning paradigms: sequence learning, visuomotor adaptation and dynamic (split-belt treadmill) adaptation. Specifically, this work will examine how consolidation leads to offline learning and resistance to interferences between different walking patterns, and the immediate and delayed benefits of variable practice on the generalization of learning. This research will also examine the role of sleep in consolidation and generalization of locomotor learning. The integrated educational plan will provide interdisciplinary neuroscience training to undergraduate and graduate students in order to develop and retain young scientists in the area of movement neuroscience. The project will promote active participation from underrepresented students in order to equip women and minorities to pursue STEM education. The project team will engage in public outreach and the dissemination of scientific progress to regional communities, to enhance general interest in science and technology amongst the public.&lt;br/&gt;&lt;br/&gt;This award reflects NSF's statutory mission and has been deemed worthy of support through evaluation using the Foundation's intellectual merit and broader impacts review criteria.</AbstractNarration>
<MinAmdLetterDate>01/28/2020</MinAmdLetterDate>
<MaxAmdLetterDate>08/19/2021</MaxAmdLetterDate>
<ARRAAmount/>
<TRAN_TYPE>Grant</TRAN_TYPE>
<CFDA_NUM>47.075</CFDA_NUM>
<NSF_PAR_USE_FLAG>1</NSF_PAR_USE_FLAG>
<FUND_AGCY_CODE>4900</FUND_AGCY_CODE>
<AWDG_AGCY_CODE>4900</AWDG_AGCY_CODE>
<AwardID>2001222</AwardID>
<Investigator>
<FirstName>Julia</FirstName>
<LastName>Choi</LastName>
<PI_MID_INIT>T</PI_MID_INIT>
<PI_SUFX_NAME/>
<PI_FULL_NAME>Julia T Choi</PI_FULL_NAME>
<EmailAddress>juliachoi@ufl.edu</EmailAddress>
<PI_PHON>3522941720</PI_PHON>
<NSF_ID>000647920</NSF_ID>
<StartDate>01/28/2020</StartDate>
<EndDate/>
<RoleCode>Principal Investigator</RoleCode>
</Investigator>
<Institution>
<Name>University of Florida</Name>
<CityName>GAINESVILLE</CityName>
<ZipCode>326111941</ZipCode>
<PhoneNumber>3523923516</PhoneNumber>
<StreetAddress>1523 UNION RD RM 207</StreetAddress>
<StreetAddress2/>
<CountryName>United States</CountryName>
<StateName>Florida</StateName>
<StateCode>FL</StateCode>
<CONGRESSDISTRICT>03</CONGRESSDISTRICT>
<CONGRESS_DISTRICT_ORG>FL03</CONGRESS_DISTRICT_ORG>
<ORG_UEI_NUM>NNFQH1JAPEP3</ORG_UEI_NUM>
<ORG_LGL_BUS_NAME>UNIVERSITY OF FLORIDA</ORG_LGL_BUS_NAME>
<ORG_PRNT_UEI_NUM>D4GCCCMXR1H3</ORG_PRNT_UEI_NUM>
</Institution>
<Performance_Institution>
<Name><![CDATA[University of Florida]]></Name>
<CityName>Gainsville</CityName>
<StateCode>FL</StateCode>
<ZipCode>326112002</ZipCode>
<StreetAddress><![CDATA[1 Univeristy of Florida]]></StreetAddress>
<CountryCode>US</CountryCode>
<CountryName>United States</CountryName>
<StateName>Florida</StateName>
<CountryFlag>1</CountryFlag>
<CONGRESSDISTRICT>03</CONGRESSDISTRICT>
<CONGRESS_DISTRICT_PERF>FL03</CONGRESS_DISTRICT_PERF>
</Performance_Institution>
<ProgramElement>
<Code>004Y</Code>
<Text>Science of Learning</Text>
</ProgramElement>
<ProgramElement>
<Code>127Y</Code>
<Text>Sci of Lrng &amp; Augmented Intel</Text>
</ProgramElement>
<ProgramElement>
<Code>1397</Code>
<Text>Cross-Directorate  Activities</Text>
</ProgramElement>
<ProgramElement>
<Code>7252</Code>
<Text>Perception, Action &amp; Cognition</Text>
</ProgramElement>
<ProgramReference>
<Code>019Z</Code>
<Text>Grad Prep APG:Enhan. Experience</Text>
</ProgramReference>
<ProgramReference>
<Code>059Z</Code>
<Text>Science of Learning</Text>
</ProgramReference>
<ProgramReference>
<Code>1045</Code>
<Text>CAREER-Faculty Erly Career Dev</Text>
</ProgramReference>
<ProgramReference>
<Code>7252</Code>
<Text>Perception, Action and Cognition</Text>
</ProgramReference>
<ProgramReference>
<Code>8089</Code>
<Text>Understanding the Brain/Cognitive Scienc</Text>
</ProgramReference>
<Appropriation>
<Code>0118</Code>
<Name>NSF RESEARCH &amp; RELATED ACTIVIT</Name>
<APP_SYMB_ID>040100</APP_SYMB_ID>
</Appropriation>
<Appropriation>
<Code>0120</Code>
<Name>NSF RESEARCH &amp; RELATED ACTIVIT</Name>
<APP_SYMB_ID>040100</APP_SYMB_ID>
</Appropriation>
<Appropriation>
<Code>0121</Code>
<Name>NSF RESEARCH &amp; RELATED ACTIVIT</Name>
<APP_SYMB_ID>040100</APP_SYMB_ID>
</Appropriation>
<Fund>
<Code>01001819DB</Code>
<Name><![CDATA[NSF RESEARCH & RELATED ACTIVIT]]></Name>
<FUND_SYMB_ID>040100</FUND_SYMB_ID>
</Fund>
<Fund>
<Code>01002021DB</Code>
<Name><![CDATA[NSF RESEARCH & RELATED ACTIVIT]]></Name>
<FUND_SYMB_ID>040100</FUND_SYMB_ID>
</Fund>
<Fund>
<Code>01002122DB</Code>
<Name><![CDATA[NSF RESEARCH & RELATED ACTIVIT]]></Name>
<FUND_SYMB_ID>040100</FUND_SYMB_ID>
</Fund>
<FUND_OBLG>2018~227784</FUND_OBLG>
<FUND_OBLG>2020~51482</FUND_OBLG>
<FUND_OBLG>2021~104852</FUND_OBLG>
</Award>
</rootTag>
