<?xml version="1.0" encoding="UTF-8"?>
<rootTag>
<Award>
<AwardTitle>Arithmetic Aspects of Electric-Magnetic Duality</AwardTitle>
<AGENCY>NSF</AGENCY>
<AwardEffectiveDate>09/01/2020</AwardEffectiveDate>
<AwardExpirationDate>08/31/2023</AwardExpirationDate>
<AwardTotalIntnAmount>296148.00</AwardTotalIntnAmount>
<AwardAmount>226320</AwardAmount>
<AwardInstrument>
<Value>Continuing Grant</Value>
</AwardInstrument>
<Organization>
<Code>03040000</Code>
<Directorate>
<Abbreviation>MPS</Abbreviation>
<LongName>Direct For Mathematical &amp; Physical Scien</LongName>
</Directorate>
<Division>
<Abbreviation>DMS</Abbreviation>
<LongName>Division Of Mathematical Sciences</LongName>
</Division>
</Organization>
<ProgramOfficer>
<SignBlockName>James Matthew Douglass</SignBlockName>
<PO_EMAI>mdouglas@nsf.gov</PO_EMAI>
<PO_PHON>7032922467</PO_PHON>
</ProgramOfficer>
<AbstractNarration>This mathematics research project aims to apply insights from physics to questions in number theory. A central theme in theoretical physics is electric-magnetic duality, the symmetry between electricity and magnetism in Maxwell's equations and its generalization to idealized (supersymmetric) variants of the equations that govern the weak and strong nuclear forces. One of the central themes in number theory is the Langlands program, a profound link between arithmetic and geometry that counts among its successes the proof of Fermat's Last Theorem. A surprisingly close analogy between these two themes has been developed in the last decade. This project employs structures that are natural in physics to provide crucial insights missing in the number theory -- specifically, the behavior of boundaries or edges in physics suggests a new understanding of the use of integral calculus in arithmetic. This project provides research training opportunities for graduate students.&lt;br/&gt;&lt;br/&gt;The goal of this project is to develop new connections between physics and number theory. Electric-magnetic duality, the symmetry between electricity and magnetism (a variant of the Fourier transform), and its generalization (S-duality) to supersymmetric variants of the nonabelian gauge theories that describe fundamental interactions, can be considered analogous to the Langlands program, a profound nonabelian analog of the Fourier transform linking arithmetic questions to the algebra and analysis of symmetry groups. This project will take insights from physics (the understanding of electric-magnetic duality for boundary conditions) and apply them to fundamental problems in number theory (the connection between period integrals and the arithmetic of L-functions). The investigator will work to disseminate physics ideas to number theorists and vice versa, bridging two intellectually distant communities.&lt;br/&gt;&lt;br/&gt;This award reflects NSF's statutory mission and has been deemed worthy of support through evaluation using the Foundation's intellectual merit and broader impacts review criteria.</AbstractNarration>
<MinAmdLetterDate>04/03/2020</MinAmdLetterDate>
<MaxAmdLetterDate>08/19/2021</MaxAmdLetterDate>
<ARRAAmount/>
<TRAN_TYPE>Grant</TRAN_TYPE>
<CFDA_NUM>47.049</CFDA_NUM>
<NSF_PAR_USE_FLAG>1</NSF_PAR_USE_FLAG>
<FUND_AGCY_CODE>4900</FUND_AGCY_CODE>
<AWDG_AGCY_CODE>4900</AWDG_AGCY_CODE>
<AwardID>2001398</AwardID>
<Investigator>
<FirstName>David</FirstName>
<LastName>Ben-Zvi</LastName>
<PI_MID_INIT>D</PI_MID_INIT>
<PI_SUFX_NAME/>
<PI_FULL_NAME>David D Ben-Zvi</PI_FULL_NAME>
<EmailAddress>benzvi@math.utexas.edu</EmailAddress>
<PI_PHON>5124718151</PI_PHON>
<NSF_ID>000183201</NSF_ID>
<StartDate>04/03/2020</StartDate>
<EndDate/>
<RoleCode>Principal Investigator</RoleCode>
</Investigator>
<Institution>
<Name>University of Texas at Austin</Name>
<CityName>AUSTIN</CityName>
<ZipCode>787121139</ZipCode>
<PhoneNumber>5124716424</PhoneNumber>
<StreetAddress>110 INNER CAMPUS DR</StreetAddress>
<StreetAddress2/>
<CountryName>United States</CountryName>
<StateName>Texas</StateName>
<StateCode>TX</StateCode>
<CONGRESSDISTRICT>25</CONGRESSDISTRICT>
<CONGRESS_DISTRICT_ORG>TX25</CONGRESS_DISTRICT_ORG>
<ORG_UEI_NUM>V6AFQPN18437</ORG_UEI_NUM>
<ORG_LGL_BUS_NAME>UNIVERSITY OF TEXAS AT AUSTIN</ORG_LGL_BUS_NAME>
<ORG_PRNT_UEI_NUM>X5NKD2NFF2V3</ORG_PRNT_UEI_NUM>
</Institution>
<Performance_Institution>
<Name><![CDATA[University of Texas at Austin]]></Name>
<CityName>Austin</CityName>
<StateCode>TX</StateCode>
<ZipCode>787595316</ZipCode>
<StreetAddress><![CDATA[3925 W Braker Lane, Ste 3.340]]></StreetAddress>
<CountryCode>US</CountryCode>
<CountryName>United States</CountryName>
<StateName>Texas</StateName>
<CountryFlag>1</CountryFlag>
<CONGRESSDISTRICT>10</CONGRESSDISTRICT>
<CONGRESS_DISTRICT_PERF>TX10</CONGRESS_DISTRICT_PERF>
</Performance_Institution>
<ProgramElement>
<Code>1264</Code>
<Text>ALGEBRA,NUMBER THEORY,AND COM</Text>
</ProgramElement>
<Appropriation>
<Code>0120</Code>
<Name>NSF RESEARCH &amp; RELATED ACTIVIT</Name>
<APP_SYMB_ID>040100</APP_SYMB_ID>
</Appropriation>
<Appropriation>
<Code>0121</Code>
<Name>NSF RESEARCH &amp; RELATED ACTIVIT</Name>
<APP_SYMB_ID>040100</APP_SYMB_ID>
</Appropriation>
<Fund>
<Code>01002021DB</Code>
<Name><![CDATA[NSF RESEARCH & RELATED ACTIVIT]]></Name>
<FUND_SYMB_ID>040100</FUND_SYMB_ID>
</Fund>
<Fund>
<Code>01002122DB</Code>
<Name><![CDATA[NSF RESEARCH & RELATED ACTIVIT]]></Name>
<FUND_SYMB_ID>040100</FUND_SYMB_ID>
</Fund>
<FUND_OBLG>2020~156607</FUND_OBLG>
<FUND_OBLG>2021~69713</FUND_OBLG>
</Award>
</rootTag>
