<?xml version="1.0" encoding="UTF-8"?>
<rootTag>
<Award>
<AwardTitle><![CDATA[Workshop on Clusters, Clouds, and Data Analytics for Scientific Computing]]></AwardTitle>
<AGENCY>NSF</AGENCY>
<AwardEffectiveDate>09/01/2020</AwardEffectiveDate>
<AwardExpirationDate>08/31/2023</AwardExpirationDate>
<AwardTotalIntnAmount>20000.00</AwardTotalIntnAmount>
<AwardAmount>20000</AwardAmount>
<AwardInstrument>
<Value>Standard Grant</Value>
</AwardInstrument>
<Organization>
<Code>05090000</Code>
<Directorate>
<Abbreviation>CSE</Abbreviation>
<LongName>Direct For Computer &amp; Info Scie &amp; Enginr</LongName>
</Directorate>
<Division>
<Abbreviation>OAC</Abbreviation>
<LongName>Office of Advanced Cyberinfrastructure (OAC)</LongName>
</Division>
</Organization>
<ProgramOfficer>
<SignBlockName>Ashok Srinivasan</SignBlockName>
<PO_EMAI>asriniva@nsf.gov</PO_EMAI>
<PO_PHON>7032920000</PO_PHON>
</ProgramOfficer>
<AbstractNarration><![CDATA[This workshop will be held in La Maison Des Contes, Dareize, France, and will bring together international experts from the US, France, and other countries to discuss advances in cyberinfrastructure (CI). The specific focus will be on commonalities that exist between cluster, cloud, and high-end data analytics. CI has become of growing importance to nearly all NSF research, which makes increasing use of computational simulations and large-data analytics methods. The results will be published in an open report as well as in multiple journal papers. The results will contribute to and leverage new ideas in cluster, cloud, and data analytics computing for the benefit of the research community.&lt;br/&gt;&lt;br/&gt;The architectural similarities between the above issues, and the fact that high performance clusters typically make up the major compute nodes of computational grids and clouds, means that deployment, operational, and usage issues surrounding computational clouds form a superset of the issues that revolve around clusters. The workshop will focus on five tasks: (1) survey and analyze the key deployment, operational, and usage issues for clusters, clouds, and data analytics-- focusing especially on discontinuities produced by multicore and hybrid architectures, data-intensive science, and the increasing need for wide-area/local-area interaction; (2) document the current state-of-the-art in each of these areas, identifying interesting questions and limitations; (3) discuss experiences with clusters, clouds, and data relative to the research communities and science domains benefiting from the technology; (4) explore interoperability among disparate clouds and between various clouds and grids and their impact on domain sciences; and (5) explore directions for future research and development against the background of disruptive trends and technologies and the recognized gaps in the current state-of-the-art.&lt;br/&gt;&lt;br/&gt;This award reflects NSF's statutory mission and has been deemed worthy of support through evaluation using the Foundation's intellectual merit and broader impacts review criteria.]]></AbstractNarration>
<MinAmdLetterDate>08/18/2020</MinAmdLetterDate>
<MaxAmdLetterDate>10/15/2020</MaxAmdLetterDate>
<ARRAAmount/>
<TRAN_TYPE>Grant</TRAN_TYPE>
<CFDA_NUM>47.070</CFDA_NUM>
<NSF_PAR_USE_FLAG>1</NSF_PAR_USE_FLAG>
<FUND_AGCY_CODE>4900</FUND_AGCY_CODE>
<AWDG_AGCY_CODE>4900</AWDG_AGCY_CODE>
<AwardID>2001329</AwardID>
<Investigator>
<FirstName>Jack</FirstName>
<LastName>Dongarra</LastName>
<PI_MID_INIT>J</PI_MID_INIT>
<PI_SUFX_NAME/>
<PI_FULL_NAME>Jack J Dongarra</PI_FULL_NAME>
<EmailAddress><![CDATA[dongarra@icl.utk.edu]]></EmailAddress>
<NSF_ID>000299281</NSF_ID>
<StartDate>08/18/2020</StartDate>
<EndDate/>
<RoleCode>Principal Investigator</RoleCode>
</Investigator>
<Institution>
<Name>University of Tennessee Knoxville</Name>
<CityName>Knoxville</CityName>
<ZipCode>379163801</ZipCode>
<PhoneNumber>8659743466</PhoneNumber>
<StreetAddress>1331 CIR PARK DR</StreetAddress>
<StreetAddress2/>
<CountryName>United States</CountryName>
<StateName>Tennessee</StateName>
<StateCode>TN</StateCode>
<CONGRESSDISTRICT>02</CONGRESSDISTRICT>
<CONGRESS_DISTRICT_ORG>TN02</CONGRESS_DISTRICT_ORG>
<ORG_UEI_NUM>FN2YCS2YAUW3</ORG_UEI_NUM>
<ORG_LGL_BUS_NAME>UNIVERSITY OF TENNESSEE</ORG_LGL_BUS_NAME>
<ORG_PRNT_UEI_NUM>FN2YCS2YAUW3</ORG_PRNT_UEI_NUM>
</Institution>
<Performance_Institution>
<Name><![CDATA[University of Tennessee]]></Name>
<CityName>Knoxville</CityName>
<StateCode>TN</StateCode>
<ZipCode>379960003</ZipCode>
<StreetAddress><![CDATA[1 Circle Park]]></StreetAddress>
<CountryCode>US</CountryCode>
<CountryName>United States</CountryName>
<StateName>Tennessee</StateName>
<CountryFlag>1</CountryFlag>
<CONGRESSDISTRICT>02</CONGRESSDISTRICT>
<CONGRESS_DISTRICT_PERF>TN02</CONGRESS_DISTRICT_PERF>
</Performance_Institution>
<ProgramElement>
<Code>7361</Code>
<Text>EDUCATION AND WORKFORCE</Text>
</ProgramElement>
<ProgramReference>
<Code>026Z</Code>
<Text>NSCI: National Strategic Computing Initi</Text>
</ProgramReference>
<ProgramReference>
<Code>7556</Code>
<Text>CONFERENCE AND WORKSHOPS</Text>
</ProgramReference>
<Appropriation>
<Code>0120</Code>
<Name>NSF RESEARCH &amp; RELATED ACTIVIT</Name>
<APP_SYMB_ID>040100</APP_SYMB_ID>
</Appropriation>
<Fund>
<Code>01002021DB</Code>
<Name><![CDATA[NSF RESEARCH & RELATED ACTIVIT]]></Name>
<FUND_SYMB_ID>040100</FUND_SYMB_ID>
</Fund>
<FUND_OBLG>2020~20000</FUND_OBLG>
</Award>
</rootTag>
