<?xml version="1.0" encoding="UTF-8"?>
<rootTag>
<Award>
<AwardTitle><![CDATA[CDS&amp;E: Efficient Uncertainty Analysis in Multi-physics Phase Field Models of Microstructure Evolution]]></AwardTitle>
<AGENCY>NSF</AGENCY>
<AwardEffectiveDate>01/01/2021</AwardEffectiveDate>
<AwardExpirationDate>12/31/2023</AwardExpirationDate>
<AwardTotalIntnAmount>460000.00</AwardTotalIntnAmount>
<AwardAmount>301620</AwardAmount>
<AwardInstrument>
<Value>Continuing Grant</Value>
</AwardInstrument>
<Organization>
<Code>03070000</Code>
<Directorate>
<Abbreviation>MPS</Abbreviation>
<LongName>Direct For Mathematical &amp; Physical Scien</LongName>
</Directorate>
<Division>
<Abbreviation>DMR</Abbreviation>
<LongName>Division Of Materials Research</LongName>
</Division>
</Organization>
<ProgramOfficer>
<SignBlockName>Daryl Hess</SignBlockName>
<PO_EMAI>dhess@nsf.gov</PO_EMAI>
<PO_PHON>7032924942</PO_PHON>
</ProgramOfficer>
<AbstractNarration><![CDATA[Nontechnical Summary&lt;br/&gt;&lt;br/&gt;Materials design has been accelerated under the Materials-Genome Initiative by simulating materials with many possible input parameters (composition, processing, etc.) in order to predict those combinations that will yield desired properties, for example, more efficient thermoelectrics for cooling applications.  In any such design cycle, there are uncertainties in the inputs, and it is important to understand how these uncertainties propagate to uncertainties in the output properties.  For complex computations, uncertainty propagation has traditionally been estimated with random ("Monte-Carlo") sampling, but when each calculation takes substantial computer time, such sampling becomes prohibitively expensive.  A major outcome of this project is the development and public release of efficient software to propagate uncertainty across computational materials-science calculations.  While the focus will be on simulations of the evolution of materials microstructures, the proposed framework will be applicable to a wide range of materials-science-relevant modeling tools. Activities will also be conducted to increase the impact of the project.  These include the generation of an extensive library of 2D and 3D microstructures that can be used as model systems to teach and develop new frameworks for microstructure informatics, the creation of a microstructure-zoo citizen-science platform to assist in labeling and annotating synthetic microstructures created in this project, and the creation of interdisciplinary training tools for uncertainty quantification in computational materials science.  This award will also support the training of two graduate students at the interface of materials science and statistical analysis.&lt;br/&gt;&lt;br/&gt;&lt;br/&gt;Technical Summary&lt;br/&gt;&lt;br/&gt;The objective of this research is to create sequentially optimal sampling policies for the propagation of uncertainty from model inputs to model outputs. The problem considered here is that of conducting accurate and efficient uncertainty propagation when faced with computationally expensive models, specifically phase-field models of microstructure evolution in thermoelectrics and other materials.  Expensive in this research refers to models for which resources will only permit order 10 model evaluations prior to the need to make a decision informed by the uncertainty analysis. Such models are prevalent in many fields, though the focus here will be on computational materials-science applications.  Specifically, in this project, the research team will demonstrate the efficient propagation of uncertainty across CALPHAD-Phase Field Model chains that attempt to describe the microstructure evolution of materials under chemical and elastic driving forces. These models tend to be highly non-regular in that the model output can differ qualitatively depending on the region in the input/parameter space being sampled.  Moreover, they are computationally expensive, with full three-dimensional realizations of the simulations requiring upwards of 10,000 CPU-hours. In addition, the input/parameter space is often high dimensional, with more than 20 stochastic input conditions and model parameters. One of the main features of this uncertainty propagation framework is that it is non-intrusive, as it works on the input space of the models. Thus, the only information needed is the joint probability distribution of the input parameters, which makes the framework widely applicable, beyond the specific test problem(s) used to develop it.  The framework is capable of reweighting previously executed model evaluations in order to maximize efficiency for uncertainty propagation with negligible additional computational expense.  The PIs will release uncertainty-propagation and phase-field code through a Github repository under open licenses.  They will set up a public Materials Models and Data Management System (MMDMS) to make the phase-field and DFT data they generate in the course of this research widely available and coordinate with other data repositories.&lt;br/&gt;&lt;br/&gt;This award reflects NSF's statutory mission and has been deemed worthy of support through evaluation using the Foundation's intellectual merit and broader impacts review criteria.]]></AbstractNarration>
<MinAmdLetterDate>12/21/2020</MinAmdLetterDate>
<MaxAmdLetterDate>05/19/2021</MaxAmdLetterDate>
<ARRAAmount/>
<TRAN_TYPE>Grant</TRAN_TYPE>
<CFDA_NUM>47.049</CFDA_NUM>
<NSF_PAR_USE_FLAG>1</NSF_PAR_USE_FLAG>
<FUND_AGCY_CODE>4900</FUND_AGCY_CODE>
<AWDG_AGCY_CODE>4900</AWDG_AGCY_CODE>
<AwardID>2001333</AwardID>
<Investigator>
<FirstName>Douglas</FirstName>
<LastName>Allaire</LastName>
<PI_MID_INIT>L</PI_MID_INIT>
<PI_SUFX_NAME/>
<PI_FULL_NAME>Douglas L Allaire</PI_FULL_NAME>
<EmailAddress><![CDATA[dallaire@tamu.edu]]></EmailAddress>
<NSF_ID>000645088</NSF_ID>
<StartDate>12/21/2020</StartDate>
<EndDate/>
<RoleCode>Co-Principal Investigator</RoleCode>
</Investigator>
<Investigator>
<FirstName>Raymundo</FirstName>
<LastName>Arroyave</LastName>
<PI_MID_INIT/>
<PI_SUFX_NAME/>
<PI_FULL_NAME>Raymundo Arroyave</PI_FULL_NAME>
<EmailAddress><![CDATA[rarroyave@tamu.edu]]></EmailAddress>
<NSF_ID>000095307</NSF_ID>
<StartDate>12/21/2020</StartDate>
<EndDate/>
<RoleCode>Principal Investigator</RoleCode>
</Investigator>
<Institution>
<Name>Texas A&amp;M Engineering Experiment Station</Name>
<CityName>COLLEGE STATION</CityName>
<ZipCode>778433124</ZipCode>
<PhoneNumber>9798626777</PhoneNumber>
<StreetAddress>3124 TAMU</StreetAddress>
<StreetAddress2/>
<CountryName>United States</CountryName>
<StateName>Texas</StateName>
<StateCode>TX</StateCode>
<CONGRESSDISTRICT>17</CONGRESSDISTRICT>
<CONGRESS_DISTRICT_ORG>TX17</CONGRESS_DISTRICT_ORG>
<ORG_UEI_NUM>QD1MX6N5YTN4</ORG_UEI_NUM>
<ORG_LGL_BUS_NAME>TEXAS A&amp;M ENGINEERING EXPERIMENT STATION</ORG_LGL_BUS_NAME>
<ORG_PRNT_UEI_NUM>QD1MX6N5YTN4</ORG_PRNT_UEI_NUM>
</Institution>
<Performance_Institution>
<Name><![CDATA[Texas A&M Engineering Experiment Station]]></Name>
<CityName>College Station</CityName>
<StateCode>TX</StateCode>
<ZipCode>778454645</ZipCode>
<StreetAddress><![CDATA[RDMD 216]]></StreetAddress>
<CountryCode>US</CountryCode>
<CountryName>United States</CountryName>
<StateName>Texas</StateName>
<CountryFlag>1</CountryFlag>
<CONGRESSDISTRICT>17</CONGRESSDISTRICT>
<CONGRESS_DISTRICT_PERF>TX17</CONGRESS_DISTRICT_PERF>
</Performance_Institution>
<ProgramElement>
<Code>1765</Code>
<Text>CONDENSED MATTER &amp; MAT THEORY</Text>
</ProgramElement>
<ProgramReference>
<Code>026Z</Code>
<Text>NSCI: National Strategic Computing Initi</Text>
</ProgramReference>
<ProgramReference>
<Code>054Z</Code>
<Text>(MGI) Materials Genome Initiative</Text>
</ProgramReference>
<ProgramReference>
<Code>8084</Code>
<Text>CDS&amp;E</Text>
</ProgramReference>
<ProgramReference>
<Code>8396</Code>
<Text>Clean Energy Technology</Text>
</ProgramReference>
<ProgramReference>
<Code>8611</Code>
<Text>Energy Efficiency and End Use</Text>
</ProgramReference>
<Appropriation>
<Code/>
<Name/>
<APP_SYMB_ID/>
</Appropriation>
<Fund>
<Code>01002122DB</Code>
<Name><![CDATA[NSF RESEARCH & RELATED ACTIVIT]]></Name>
<FUND_SYMB_ID>040100</FUND_SYMB_ID>
</Fund>
<FUND_OBLG>2021~301620</FUND_OBLG>
</Award>
</rootTag>
