<?xml version="1.0" encoding="UTF-8"?>
<rootTag>
<Award>
<AwardTitle><![CDATA[Multigraded Methods for Syzygies, Arrangements, and Differential Operators]]></AwardTitle>
<AGENCY>NSF</AGENCY>
<AwardEffectiveDate>07/01/2020</AwardEffectiveDate>
<AwardExpirationDate>06/30/2023</AwardExpirationDate>
<AwardTotalIntnAmount>273999.00</AwardTotalIntnAmount>
<AwardAmount>273999</AwardAmount>
<AwardInstrument>
<Value>Standard Grant</Value>
</AwardInstrument>
<Organization>
<Code>03040000</Code>
<Directorate>
<Abbreviation>MPS</Abbreviation>
<LongName>Direct For Mathematical &amp; Physical Scien</LongName>
</Directorate>
<Division>
<Abbreviation>DMS</Abbreviation>
<LongName>Division Of Mathematical Sciences</LongName>
</Division>
</Organization>
<ProgramOfficer>
<SignBlockName>Sandra Spiroff</SignBlockName>
<PO_EMAI>sspiroff@nsf.gov</PO_EMAI>
<PO_PHON>7032928069</PO_PHON>
</ProgramOfficer>
<AbstractNarration><![CDATA[At the heart of the research components of this project are homological objects with group actions, which arise in a wide range of areas of application, including biology, chemistry, algebraic topology and geometry, optimization, and physics, among others. The project involves the development of a host of new tools to express geometric properties algebraically, via certain families of matrices with polynomial entries. The education and broader impacts portions integrate with these projects through work with undergraduate and graduate students, as well as postdocs. The PI will also continue involvement in several mentoring initiatives, including the Enhancing Diversity in Graduate Education (EDGE) Program, Math Alliance, and Minnesota's Women in Math program; organization of regional and international conferences organization; and software development and distribution for the open source computer algebra system Macaulay2.&lt;br/&gt;&lt;br/&gt;The research components of this project seek to establish a foundational framework for each of the following: (1) free complexes corresponding to line bundle resolutions of sheaves on smooth toric varieties, (2) resolutions of certain equivariant sheaves via vector bundles over smooth toric varieties, (3) arrangements of hyperplanes, and (4) rings of differential operators for toric face rings. More specifically the research includes (respectively): (1) constructing an explicit vector bundle resolution of the diagonal for smooth toric varieties, which will yield an analogue of the celebrated Hilbert Syzygy Theorem, (2) resolutions of certain equivariant sheaves via vector bundles over smooth toric varieties, (3) A-hypergeometric polynomials in prime characteristic, and (4) rings of differential operators for toric face rings. The research will yield a host of new tools that will shed light on the underlying geometry and group actions by aiding the computation of important algebro-geometric and PDE invariants.&lt;br/&gt;&lt;br/&gt;This award reflects NSF's statutory mission and has been deemed worthy of support through evaluation using the Foundation's intellectual merit and broader impacts review criteria.]]></AbstractNarration>
<MinAmdLetterDate>03/26/2020</MinAmdLetterDate>
<MaxAmdLetterDate>03/26/2020</MaxAmdLetterDate>
<ARRAAmount/>
<TRAN_TYPE>Grant</TRAN_TYPE>
<CFDA_NUM>47.049</CFDA_NUM>
<NSF_PAR_USE_FLAG>1</NSF_PAR_USE_FLAG>
<FUND_AGCY_CODE>4900</FUND_AGCY_CODE>
<AWDG_AGCY_CODE>4900</AWDG_AGCY_CODE>
<AwardID>2001101</AwardID>
<Investigator>
<FirstName>Christine</FirstName>
<LastName>Berkesch</LastName>
<PI_MID_INIT/>
<PI_SUFX_NAME/>
<PI_FULL_NAME>Christine Berkesch</PI_FULL_NAME>
<EmailAddress><![CDATA[cberkesc@umn.edu]]></EmailAddress>
<NSF_ID>000627723</NSF_ID>
<StartDate>03/26/2020</StartDate>
<EndDate/>
<RoleCode>Principal Investigator</RoleCode>
</Investigator>
<Institution>
<Name>University of Minnesota-Twin Cities</Name>
<CityName>MINNEAPOLIS</CityName>
<ZipCode>554552009</ZipCode>
<PhoneNumber>6126245599</PhoneNumber>
<StreetAddress>200 OAK ST SE # 224</StreetAddress>
<StreetAddress2/>
<CountryName>United States</CountryName>
<StateName>Minnesota</StateName>
<StateCode>MN</StateCode>
<CONGRESSDISTRICT>05</CONGRESSDISTRICT>
<CONGRESS_DISTRICT_ORG>MN05</CONGRESS_DISTRICT_ORG>
<ORG_UEI_NUM>KABJZBBJ4B54</ORG_UEI_NUM>
<ORG_LGL_BUS_NAME>REGENTS OF THE UNIVERSITY OF MINNESOTA</ORG_LGL_BUS_NAME>
<ORG_PRNT_UEI_NUM>CB47L9C9MDX1</ORG_PRNT_UEI_NUM>
</Institution>
<Performance_Institution>
<Name><![CDATA[University of Minnesota-Twin Cities]]></Name>
<CityName>Minneapolis</CityName>
<StateCode>MN</StateCode>
<ZipCode>554550488</ZipCode>
<StreetAddress><![CDATA[206 Church Street SE]]></StreetAddress>
<CountryCode>US</CountryCode>
<CountryName>United States</CountryName>
<StateName>Minnesota</StateName>
<CountryFlag>1</CountryFlag>
<CONGRESSDISTRICT>05</CONGRESSDISTRICT>
<CONGRESS_DISTRICT_PERF>MN05</CONGRESS_DISTRICT_PERF>
</Performance_Institution>
<ProgramElement>
<Code>1264</Code>
<Text>ALGEBRA,NUMBER THEORY,AND COM</Text>
</ProgramElement>
<Appropriation>
<Code>0120</Code>
<Name>NSF RESEARCH &amp; RELATED ACTIVIT</Name>
<APP_SYMB_ID>040100</APP_SYMB_ID>
</Appropriation>
<Fund>
<Code>01002021DB</Code>
<Name><![CDATA[NSF RESEARCH & RELATED ACTIVIT]]></Name>
<FUND_SYMB_ID>040100</FUND_SYMB_ID>
</Fund>
<FUND_OBLG>2020~273999</FUND_OBLG>
</Award>
</rootTag>
