<?xml version="1.0" encoding="UTF-8"?>
<rootTag>
<Award>
<AwardTitle>Flexible Optoelectronic Systems for Chronic Bi-Directional Neural Interfacing</AwardTitle>
<AGENCY>NSF</AGENCY>
<AwardEffectiveDate>05/15/2020</AwardEffectiveDate>
<AwardExpirationDate>04/30/2023</AwardExpirationDate>
<AwardTotalIntnAmount>450000.00</AwardTotalIntnAmount>
<AwardAmount>450000</AwardAmount>
<AwardInstrument>
<Value>Standard Grant</Value>
</AwardInstrument>
<Organization>
<Code>07020000</Code>
<Directorate>
<Abbreviation>ENG</Abbreviation>
<LongName>Directorate For Engineering</LongName>
</Directorate>
<Division>
<Abbreviation>CBET</Abbreviation>
<LongName>Div Of Chem, Bioeng, Env, &amp; Transp Sys</LongName>
</Division>
</Organization>
<ProgramOfficer>
<SignBlockName>Aleksandr Simonian</SignBlockName>
<PO_EMAI>asimonia@nsf.gov</PO_EMAI>
<PO_PHON>7032922191</PO_PHON>
</ProgramOfficer>
<AbstractNarration>Understanding how the brain produces behavior and mental processes such as cognitive functions is one of the major goals in neuroscience. The brain consists of millions of neurons that are interconnected and form distinct circuits that transmit signals in coordinated manners. To analyze how neural circuit activity lead to behavior, neuroscientists rely on technologies to manipulate and track signal transmission of neurons in live animals. This project aims to develop strategies to form a novel interfacing device technology capable of chronically stable, optical, multi-regional, and bi-directional neural communication in behaving animals. Successful development of the flexible neural interfacing device would enable newfound understanding of the mechanism of human brain functions, as well as improved treatment protocols for neuropsychological diseases such as the Parkinson’s disease. Another aim of this project is to create a new course on bioelectronics that include intensive lab modules on layer-transfer processes for thin-film electronic devices, aimed at providing K-12 to graduate students opportunities to apply textbook theories to research laboratory settings or industry. &lt;br/&gt;&lt;br/&gt;The state-of-the-art neurotechnologies rely on optical fibers or miniaturized microscopes to deliver light to and from the animal’s brain, which is engineered to produce proteins that make neurons interact with light at specific wavelengths. The two approaches, however, suffer problems such as poor resolution and inability to interact with neurons in deep brain regions, respectively, which limit their potential for brain-wide interfacing. This project aims to address these issues by developing a novel semiconductor-based optical brain-machine interface via the heterointegration of thin-film III-V optoelectronic devices in flexible geometries. Integration of freestanding, single-crystalline layers of micro-LEDs and photodetectors can yield a novel device platform capable of simultaneous optogenetic neuromodulation and functional recording in behaving mouse brains. The development of such technology requires wide range of skillset including the design, epitaxial growth, layer-transfer, and micro-fabrication of the neural probe, as well as in vivo demonstration including surgical implantation, input/output interconnection, optical stimulation and recording, and data analysis.&lt;br/&gt;&lt;br/&gt;This award reflects NSF's statutory mission and has been deemed worthy of support through evaluation using the Foundation's intellectual merit and broader impacts review criteria.</AbstractNarration>
<MinAmdLetterDate>04/29/2020</MinAmdLetterDate>
<MaxAmdLetterDate>04/29/2020</MaxAmdLetterDate>
<ARRAAmount/>
<TRAN_TYPE>Grant</TRAN_TYPE>
<CFDA_NUM>47.041</CFDA_NUM>
<NSF_PAR_USE_FLAG>1</NSF_PAR_USE_FLAG>
<FUND_AGCY_CODE>4900</FUND_AGCY_CODE>
<AWDG_AGCY_CODE>4900</AWDG_AGCY_CODE>
<AwardID>2001231</AwardID>
<Investigator>
<FirstName>Kwanghun</FirstName>
<LastName>Chung</LastName>
<PI_MID_INIT/>
<PI_SUFX_NAME/>
<PI_FULL_NAME>Kwanghun Chung</PI_FULL_NAME>
<EmailAddress>khchung@mit.edu</EmailAddress>
<PI_PHON>6172531000</PI_PHON>
<NSF_ID>000674539</NSF_ID>
<StartDate>04/29/2020</StartDate>
<EndDate/>
<RoleCode>Co-Principal Investigator</RoleCode>
</Investigator>
<Investigator>
<FirstName>Jeehwan</FirstName>
<LastName>Kim</LastName>
<PI_MID_INIT/>
<PI_SUFX_NAME/>
<PI_FULL_NAME>Jeehwan Kim</PI_FULL_NAME>
<EmailAddress>jeehwan@MIT.EDU</EmailAddress>
<PI_PHON/>
<NSF_ID>000726703</NSF_ID>
<StartDate>04/29/2020</StartDate>
<EndDate/>
<RoleCode>Principal Investigator</RoleCode>
</Investigator>
<Institution>
<Name>Massachusetts Institute of Technology</Name>
<CityName>CAMBRIDGE</CityName>
<ZipCode>021394301</ZipCode>
<PhoneNumber>6172531000</PhoneNumber>
<StreetAddress>77 MASSACHUSETTS AVE</StreetAddress>
<StreetAddress2/>
<CountryName>United States</CountryName>
<StateName>Massachusetts</StateName>
<StateCode>MA</StateCode>
<CONGRESSDISTRICT>07</CONGRESSDISTRICT>
<CONGRESS_DISTRICT_ORG>MA07</CONGRESS_DISTRICT_ORG>
<ORG_UEI_NUM>E2NYLCDML6V1</ORG_UEI_NUM>
<ORG_LGL_BUS_NAME>MASSACHUSETTS INSTITUTE OF TECHNOLOGY</ORG_LGL_BUS_NAME>
<ORG_PRNT_UEI_NUM>E2NYLCDML6V1</ORG_PRNT_UEI_NUM>
</Institution>
<Performance_Institution>
<Name><![CDATA[Massachusetts Institute of Technology]]></Name>
<CityName>Cambridge</CityName>
<StateCode>MA</StateCode>
<ZipCode>021394307</ZipCode>
<StreetAddress><![CDATA[77 Massachusetts Avenue]]></StreetAddress>
<CountryCode>US</CountryCode>
<CountryName>United States</CountryName>
<StateName>Massachusetts</StateName>
<CountryFlag>1</CountryFlag>
<CONGRESSDISTRICT>07</CONGRESSDISTRICT>
<CONGRESS_DISTRICT_PERF>MA07</CONGRESS_DISTRICT_PERF>
</Performance_Institution>
<ProgramElement>
<Code>7909</Code>
<Text>BIOSENS-Biosensing</Text>
</ProgramElement>
<Appropriation>
<Code>0120</Code>
<Name>NSF RESEARCH &amp; RELATED ACTIVIT</Name>
<APP_SYMB_ID>040100</APP_SYMB_ID>
</Appropriation>
<Fund>
<Code>01002021DB</Code>
<Name><![CDATA[NSF RESEARCH & RELATED ACTIVIT]]></Name>
<FUND_SYMB_ID>040100</FUND_SYMB_ID>
</Fund>
<FUND_OBLG>2020~450000</FUND_OBLG>
</Award>
</rootTag>
