<?xml version="1.0" encoding="UTF-8"?>
<rootTag>
<Award>
<AwardTitle>Collaborative Research: Electrospray Additive Manufacturing of Thin Low Resistance Polyamide-Based Ion Exchange Membranes for Water Treatment</AwardTitle>
<AGENCY>NSF</AGENCY>
<AwardEffectiveDate>07/01/2020</AwardEffectiveDate>
<AwardExpirationDate>06/30/2023</AwardExpirationDate>
<AwardTotalIntnAmount>317469.00</AwardTotalIntnAmount>
<AwardAmount>317469</AwardAmount>
<AwardInstrument>
<Value>Standard Grant</Value>
</AwardInstrument>
<Organization>
<Code>07030000</Code>
<Directorate>
<Abbreviation>ENG</Abbreviation>
<LongName>Directorate For Engineering</LongName>
</Directorate>
<Division>
<Abbreviation>CMMI</Abbreviation>
<LongName>Div Of Civil, Mechanical, &amp; Manufact Inn</LongName>
</Division>
</Organization>
<ProgramOfficer>
<SignBlockName>Khershed Cooper</SignBlockName>
<PO_EMAI>khcooper@nsf.gov</PO_EMAI>
<PO_PHON>7032927017</PO_PHON>
</ProgramOfficer>
<AbstractNarration>This grant supports research to develop new knowledge about an electrospray additive manufacturing process to promote the progress of science and to advance national prosperity and well-being by facilitating the manufacture of materials to address water purification challenges and clean water shortages. Electrospray additive manufacturing is a process where organic monomers are deposited onto a surface to form a thin polymer film or membrane. This process carefully controls the way by which these molecules are placed on the surface and can be quickly adapted to manufacture a range of different membrane materials. The electrospray process, in this sense, has significant advantages over conventional film coating or casting processes. An example of one benefit of this approach would be that manufacturers could quickly adapt the process to make tailored water treatment membranes in response to emerging contaminants or pollutants in water. Results from this research benefit the U.S. economy and society by enabling the manufacture of very efficient membranes that provide better access to clean water. This research involves several disciplines including advanced manufacturing, materials science, chemical engineering, and electrochemistry. The use of a multi-disciplinary approach broadens participation of underrepresented groups in research and enhances engineering education and training for the future engineering workforce.&lt;br/&gt;&lt;br/&gt;The electrospray additive manufacturing process overcomes fundamental limitations, inherent to conventional manufacturing, that prevent reliable and controlled preparation of very thin polyamide ion exchange membranes with tunable properties. This research addresses knowledge gaps related to the use of electrospray additive manufacturing to enable incorporation of a range of co-monomers into the final membrane. This range of compositions allow the manufacture of materials not previously accessible via conventional manufacturing such as doctor-blade or slot-die casting. The research team prepares and characterizes the membranes to determine if electrospray additive manufacturing can be used to overcome mass transfer, solubility, and reaction kinetics limitations associated with conventional interfacial polymerization manufacturing. Additionally, the team uses the new process to incorporate fixed ionic groups into polyamide membranes to precisely engineer their properties via control of fixed ionic group concentration and cross-link density. Furthermore, the research team demonstrates that the electrospray additive manufacturing process can be used to manufacture membranes on a range of different substrates and that a resistances-in-series model can be used to inform the selection of support substrates.&lt;br/&gt;&lt;br/&gt;This award reflects NSF's statutory mission and has been deemed worthy of support through evaluation using the Foundation's intellectual merit and broader impacts review criteria.</AbstractNarration>
<MinAmdLetterDate>06/04/2020</MinAmdLetterDate>
<MaxAmdLetterDate>06/04/2020</MaxAmdLetterDate>
<ARRAAmount/>
<TRAN_TYPE>Grant</TRAN_TYPE>
<CFDA_NUM>47.041</CFDA_NUM>
<NSF_PAR_USE_FLAG>1</NSF_PAR_USE_FLAG>
<FUND_AGCY_CODE>4900</FUND_AGCY_CODE>
<AWDG_AGCY_CODE>4900</AWDG_AGCY_CODE>
<AwardID>2001544</AwardID>
<Investigator>
<FirstName>Jeffrey</FirstName>
<LastName>McCutcheon</LastName>
<PI_MID_INIT>R</PI_MID_INIT>
<PI_SUFX_NAME/>
<PI_FULL_NAME>Jeffrey R McCutcheon</PI_FULL_NAME>
<EmailAddress>jeff@engr.uconn.edu</EmailAddress>
<PI_PHON>8604863622</PI_PHON>
<NSF_ID>000512106</NSF_ID>
<StartDate>06/04/2020</StartDate>
<EndDate/>
<RoleCode>Principal Investigator</RoleCode>
</Investigator>
<Institution>
<Name>University of Connecticut</Name>
<CityName>STORRS</CityName>
<ZipCode>062691133</ZipCode>
<PhoneNumber>8604863622</PhoneNumber>
<StreetAddress>438 WHITNEY RD EXTENSION UNIT 11</StreetAddress>
<StreetAddress2/>
<CountryName>United States</CountryName>
<StateName>Connecticut</StateName>
<StateCode>CT</StateCode>
<CONGRESSDISTRICT>02</CONGRESSDISTRICT>
<CONGRESS_DISTRICT_ORG>CT02</CONGRESS_DISTRICT_ORG>
<ORG_UEI_NUM>WNTPS995QBM7</ORG_UEI_NUM>
<ORG_LGL_BUS_NAME>UNIVERSITY OF CONNECTICUT</ORG_LGL_BUS_NAME>
<ORG_PRNT_UEI_NUM>D9SNFDRCW3W7</ORG_PRNT_UEI_NUM>
</Institution>
<Performance_Institution>
<Name><![CDATA[University of Connecticut]]></Name>
<CityName/>
<StateCode>CT</StateCode>
<ZipCode>062693222</ZipCode>
<StreetAddress/>
<CountryCode>US</CountryCode>
<CountryName>United States</CountryName>
<StateName>Connecticut</StateName>
<CountryFlag>1</CountryFlag>
<CONGRESSDISTRICT>02</CONGRESSDISTRICT>
<CONGRESS_DISTRICT_PERF>CT02</CONGRESS_DISTRICT_PERF>
</Performance_Institution>
<ProgramElement>
<Code>088Y</Code>
<Text>AM-Advanced Manufacturing</Text>
</ProgramElement>
<ProgramReference>
<Code>081E</Code>
<Text>NANO SCALE ASSEMBLY</Text>
</ProgramReference>
<ProgramReference>
<Code>083E</Code>
<Text>MATERIAL TRANSFORMATION PROC</Text>
</ProgramReference>
<ProgramReference>
<Code>084E</Code>
<Text>NANOMANUFACTURING</Text>
</ProgramReference>
<Appropriation>
<Code>0120</Code>
<Name>NSF RESEARCH &amp; RELATED ACTIVIT</Name>
<APP_SYMB_ID>040100</APP_SYMB_ID>
</Appropriation>
<Fund>
<Code>01002021DB</Code>
<Name><![CDATA[NSF RESEARCH & RELATED ACTIVIT]]></Name>
<FUND_SYMB_ID>040100</FUND_SYMB_ID>
</Fund>
<FUND_OBLG>2020~317469</FUND_OBLG>
</Award>
</rootTag>
