<?xml version="1.0" encoding="UTF-8"?>
<rootTag>
<Award>
<AwardTitle>Quantitative, Computational, and Stochastic Aspects of Topology</AwardTitle>
<AGENCY>NSF</AGENCY>
<AwardEffectiveDate>08/01/2019</AwardEffectiveDate>
<AwardExpirationDate>07/31/2022</AwardExpirationDate>
<AwardTotalIntnAmount>174244.00</AwardTotalIntnAmount>
<AwardAmount>174244</AwardAmount>
<AwardInstrument>
<Value>Standard Grant</Value>
</AwardInstrument>
<Organization>
<Code>03040000</Code>
<Directorate>
<Abbreviation>MPS</Abbreviation>
<LongName>Direct For Mathematical &amp; Physical Scien</LongName>
</Directorate>
<Division>
<Abbreviation>DMS</Abbreviation>
<LongName>Division Of Mathematical Sciences</LongName>
</Division>
</Organization>
<ProgramOfficer>
<SignBlockName>Krishnan Shankar</SignBlockName>
<PO_EMAI>kshankar@nsf.gov</PO_EMAI>
<PO_PHON>7032924703</PO_PHON>
</ProgramOfficer>
<AbstractNarration>Topology is the study of global properties of geometric objects which are preserved under deformation; it has recently found applications in areas such as protein folding and analysis of high-dimensional data. A particularly successful approach, which has produced innumerable results since the 1950's, is computing algebraic invariants which are then studied through algebraic means.  However, in many situations this way of transforming the problem hides some inherent geometric complexity -- for example, one can deform one object to another, but only by making it very complicated somewhere in the middle.  In such a case, the existence of a deformation may not be particularly meaningful from a physical, application-oriented point of view.  In other cases, in contrast, one can always find a reasonably straightforward deformation, validating the use of algebraic methods for applications.  The purpose of this project is to investigate these phenomena.&lt;br/&gt;&lt;br/&gt;The project will enrich our understanding of the ideas of geometric topology by proving results of three types: quantitative results, measuring the size and complexity, in various senses, of objects whose existence is known via algebra; algorithmic results, showing that certain problems can be resolved algorithmically while others cannot; and stochastic results, describing the properties of random objects. One can think of many such results as answering questions about the geometry of function and moduli spaces. Closely related questions are studied in geometric group theory, knot theory, the combinatorics of expander graphs, and the theory of topological data analysis. However, the study of high-dimensional and simply connected manifolds and complexes requires a different set of tools which have only begun to be developed. Since function spaces are found  all over mathematics, this project offers connections to a number of mathematical fields ranging from theoretical computer science to fluid dynamics.&lt;br/&gt;&lt;br/&gt;This award reflects NSF's statutory mission and has been deemed worthy of support through evaluation using the Foundation's intellectual merit and broader impacts review criteria.</AbstractNarration>
<MinAmdLetterDate>10/23/2019</MinAmdLetterDate>
<MaxAmdLetterDate>10/23/2019</MaxAmdLetterDate>
<ARRAAmount/>
<TRAN_TYPE>Grant</TRAN_TYPE>
<CFDA_NUM>47.049</CFDA_NUM>
<NSF_PAR_USE_FLAG>1</NSF_PAR_USE_FLAG>
<FUND_AGCY_CODE>4900</FUND_AGCY_CODE>
<AWDG_AGCY_CODE>4900</AWDG_AGCY_CODE>
<AwardID>2001042</AwardID>
<Investigator>
<FirstName>Fedor</FirstName>
<LastName>Manin</LastName>
<PI_MID_INIT/>
<PI_SUFX_NAME/>
<PI_FULL_NAME>Fedor Manin</PI_FULL_NAME>
<EmailAddress>manin@math.ucsb.edu</EmailAddress>
<PI_PHON>7739166267</PI_PHON>
<NSF_ID>000791192</NSF_ID>
<StartDate>10/23/2019</StartDate>
<EndDate/>
<RoleCode>Principal Investigator</RoleCode>
</Investigator>
<Institution>
<Name>University of California-Santa Barbara</Name>
<CityName>SANTA BARBARA</CityName>
<ZipCode>931060001</ZipCode>
<PhoneNumber>8058934188</PhoneNumber>
<StreetAddress>3227 CHEADLE HALL</StreetAddress>
<StreetAddress2/>
<CountryName>United States</CountryName>
<StateName>California</StateName>
<StateCode>CA</StateCode>
<CONGRESSDISTRICT>24</CONGRESSDISTRICT>
<CONGRESS_DISTRICT_ORG>CA24</CONGRESS_DISTRICT_ORG>
<ORG_UEI_NUM>G9QBQDH39DF4</ORG_UEI_NUM>
<ORG_LGL_BUS_NAME>UNIVERSITY OF CALIFORNIA, SANTA BARBARA</ORG_LGL_BUS_NAME>
<ORG_PRNT_UEI_NUM>NUDGYLBB4S99</ORG_PRNT_UEI_NUM>
</Institution>
<Performance_Institution>
<Name><![CDATA[University of California-Santa Barbara]]></Name>
<CityName/>
<StateCode>CA</StateCode>
<ZipCode>931062050</ZipCode>
<StreetAddress/>
<CountryCode>US</CountryCode>
<CountryName>United States</CountryName>
<StateName>California</StateName>
<CountryFlag>1</CountryFlag>
<CONGRESSDISTRICT>24</CONGRESSDISTRICT>
<CONGRESS_DISTRICT_PERF>CA24</CONGRESS_DISTRICT_PERF>
</Performance_Institution>
<ProgramElement>
<Code>1267</Code>
<Text>TOPOLOGY</Text>
</ProgramElement>
<Appropriation>
<Code>0119</Code>
<Name>NSF RESEARCH &amp; RELATED ACTIVIT</Name>
<APP_SYMB_ID>040100</APP_SYMB_ID>
</Appropriation>
<Fund>
<Code>01001920DB</Code>
<Name><![CDATA[NSF RESEARCH & RELATED ACTIVIT]]></Name>
<FUND_SYMB_ID>040100</FUND_SYMB_ID>
</Fund>
<FUND_OBLG>2019~174244</FUND_OBLG>
</Award>
</rootTag>
