<?xml version="1.0" encoding="UTF-8"?>
<rootTag>
<Award>
<AwardTitle>Minimal Free Resolutions and Syzygies</AwardTitle>
<AGENCY>NSF</AGENCY>
<AwardEffectiveDate>09/01/2020</AwardEffectiveDate>
<AwardExpirationDate>08/31/2023</AwardExpirationDate>
<AwardTotalIntnAmount>272325.00</AwardTotalIntnAmount>
<AwardAmount>272325</AwardAmount>
<AwardInstrument>
<Value>Standard Grant</Value>
</AwardInstrument>
<Organization>
<Code>03040000</Code>
<Directorate>
<Abbreviation>MPS</Abbreviation>
<LongName>Direct For Mathematical &amp; Physical Scien</LongName>
</Directorate>
<Division>
<Abbreviation>DMS</Abbreviation>
<LongName>Division Of Mathematical Sciences</LongName>
</Division>
</Organization>
<ProgramOfficer>
<SignBlockName>Sandra Spiroff</SignBlockName>
<PO_EMAI>sspiroff@nsf.gov</PO_EMAI>
<PO_PHON>7032928069</PO_PHON>
</ProgramOfficer>
<AbstractNarration>A core goal in the mathematical areas Algebraic Geometry and Commutative Algebra deals with understanding the solutions of a system of polynomial equations, possibly in a large number of variables and with a large number of equations. The solution set forms a geometric object. The main idea is to study the rich and beautiful interplay between its geometric and algebraic properties. Closely related to this is the concept of a free resolution, which was introduced by the famous mathematician David Hilbert in two papers in 1890 and 1893. Constructing a free resolution amounts to repeatedly solving systems of polynomial equations. The study of these objects flourished in the second half of the twentieth century, and has seen spectacular progress recently. The field is very broad, with strong connections and applications to other mathematical areas and string theory. Recent computational methods have made it possible to compute some free resolutions by computer. &lt;br/&gt; &lt;br/&gt;The main research goal in this project is to make significant progress in understanding the structure of free resolutions and their numerical invariants. The main research topics are:&lt;br/&gt;(1)  The structure of minimal free resolutions of binomial edge ideals  with a quadratic initial ideal in a polynomial ring. The project is inspired by a conjecture of Ene, Herzog, and Hibi, that the graded  Betti numbers of such an ideal coincide with the graded Betti numbers of its quadratic initial ideal (with respect to the lex order). &lt;br/&gt;(2)   The structure of infinite minimal free resolutions of lexicographic ideals in Clements-Lindstrom quotient rings, which will be studied using the methods recently introduced by Eisenbud and Peeva in their research monograph "Minimal free resolutions over complete intersections”.&lt;br/&gt;(3)  The PI plans to explore a new area of research: minimal free resolutions of binomial edge ideals over exterior algebras. &lt;br/&gt;&lt;br/&gt;The PI plans to train graduate students in her research field.&lt;br/&gt;&lt;br/&gt;This award reflects NSF's statutory mission and has been deemed worthy of support through evaluation using the Foundation's intellectual merit and broader impacts review criteria.</AbstractNarration>
<MinAmdLetterDate>03/10/2020</MinAmdLetterDate>
<MaxAmdLetterDate>03/10/2020</MaxAmdLetterDate>
<ARRAAmount/>
<TRAN_TYPE>Grant</TRAN_TYPE>
<CFDA_NUM>47.049</CFDA_NUM>
<NSF_PAR_USE_FLAG>1</NSF_PAR_USE_FLAG>
<FUND_AGCY_CODE>4900</FUND_AGCY_CODE>
<AWDG_AGCY_CODE>4900</AWDG_AGCY_CODE>
<AwardID>2001064</AwardID>
<Investigator>
<FirstName>Irena</FirstName>
<LastName>Peeva</LastName>
<PI_MID_INIT/>
<PI_SUFX_NAME/>
<PI_FULL_NAME>Irena Peeva</PI_FULL_NAME>
<EmailAddress>irena@math.cornell.edu</EmailAddress>
<PI_PHON>6078825787</PI_PHON>
<NSF_ID>000090208</NSF_ID>
<StartDate>03/10/2020</StartDate>
<EndDate/>
<RoleCode>Principal Investigator</RoleCode>
</Investigator>
<Institution>
<Name>Cornell University</Name>
<CityName>ITHACA</CityName>
<ZipCode>148502820</ZipCode>
<PhoneNumber>6072555014</PhoneNumber>
<StreetAddress>341 PINE TREE RD</StreetAddress>
<StreetAddress2/>
<CountryName>United States</CountryName>
<StateName>New York</StateName>
<StateCode>NY</StateCode>
<CONGRESSDISTRICT>23</CONGRESSDISTRICT>
<CONGRESS_DISTRICT_ORG>NY23</CONGRESS_DISTRICT_ORG>
<ORG_UEI_NUM>G56PUALJ3KT5</ORG_UEI_NUM>
<ORG_LGL_BUS_NAME>CORNELL UNIVERSITY</ORG_LGL_BUS_NAME>
<ORG_PRNT_UEI_NUM>EQA8NBEN9WD5</ORG_PRNT_UEI_NUM>
</Institution>
<Performance_Institution>
<Name><![CDATA[Cornell University]]></Name>
<CityName>Ithaca</CityName>
<StateCode>NY</StateCode>
<ZipCode>148534201</ZipCode>
<StreetAddress><![CDATA[Malott Hall]]></StreetAddress>
<CountryCode>US</CountryCode>
<CountryName>United States</CountryName>
<StateName>New York</StateName>
<CountryFlag>1</CountryFlag>
<CONGRESSDISTRICT>23</CONGRESSDISTRICT>
<CONGRESS_DISTRICT_PERF>NY23</CONGRESS_DISTRICT_PERF>
</Performance_Institution>
<ProgramElement>
<Code>1264</Code>
<Text>ALGEBRA,NUMBER THEORY,AND COM</Text>
</ProgramElement>
<Appropriation>
<Code>0120</Code>
<Name>NSF RESEARCH &amp; RELATED ACTIVIT</Name>
<APP_SYMB_ID>040100</APP_SYMB_ID>
</Appropriation>
<Fund>
<Code>01002021DB</Code>
<Name><![CDATA[NSF RESEARCH & RELATED ACTIVIT]]></Name>
<FUND_SYMB_ID>040100</FUND_SYMB_ID>
</Fund>
<FUND_OBLG>2020~272325</FUND_OBLG>
</Award>
</rootTag>
