<?xml version="1.0" encoding="UTF-8"?>
<rootTag>
<Award>
<AwardTitle>Collaborative Research: The Nonlinear Stochastic Dynamics of Micro and Nanomechanical Systems</AwardTitle>
<AGENCY>NSF</AGENCY>
<AwardEffectiveDate>06/15/2020</AwardEffectiveDate>
<AwardExpirationDate>05/31/2023</AwardExpirationDate>
<AwardTotalIntnAmount>353334.00</AwardTotalIntnAmount>
<AwardAmount>353334</AwardAmount>
<AwardInstrument>
<Value>Standard Grant</Value>
</AwardInstrument>
<Organization>
<Code>07030000</Code>
<Directorate>
<Abbreviation>ENG</Abbreviation>
<LongName>Directorate For Engineering</LongName>
</Directorate>
<Division>
<Abbreviation>CMMI</Abbreviation>
<LongName>Div Of Civil, Mechanical, &amp; Manufact Inn</LongName>
</Division>
</Organization>
<ProgramOfficer>
<SignBlockName>Eva Kanso</SignBlockName>
<PO_EMAI>ekanso@nsf.gov</PO_EMAI>
<PO_PHON>7032920000</PO_PHON>
</ProgramOfficer>
<AbstractNarration>Technology continues to make great strides at the nanoscale, resulting in unprecedented capabilities.  Currently, thermal fluctuations have not driven nano systems outside their linear regime where their dynamics are well understood.  However, as mechanical systems are made smaller for next-generation technologies, their performance is becoming limited by the random thermal movements of the molecules that make up the device and surrounding medium as the thermal fluctuations are becoming sufficient to drive the mechanical system into a nonlinear regime.  Developing an understanding of the fluctuations of nano mechanical systems in this nonlinear regime is the focus of this work.  Three-dimensional nanoprinting will be employed to create structures designed to study nonlinear behavior when driven by the temperature alone.  A theoretical understanding of the nonlinear behavior will be created by utilizing the fundamental relationship between the fluctuations and the dissipation present in the system.  The findings will provide the insights necessary to realize the next generation of nanotechnology where performance is anticipated to be well beyond the current state-of-the art.&lt;br/&gt;&lt;br/&gt;The stochastic dynamics of nanoscale systems are at the heart of many important phenomena.  Currently, there is a good understanding of stochastic dynamics when a mechanical system remains in the linear regime.  However, many important challenges remain in understanding nonlinear fluctuations of nanomechanical systems.  In order to build this understanding, state-of-the-art nanofabrication and measurement approaches, coupled with the development of analytical and numerical methods to describe and predict these dynamics, will be utilized.  A direct laser write system will be used to fabricate structures tailored to exhibit highly nonlinear stochastic dynamics when driven by temperature alone.  The nonlinear stochastic dynamics of structures constructed from soft polymeric materials will be experimentally studied using measurements from a heterodyne interferometer.  A physical understanding of the system dynamics will be built using the powerful fluctuation-dissipation theorem.  The dynamics will be probed perturbatively and a factorization approach will be used to create a deterministic approach to describe the dynamics of strongly nonlinear systems.  After developing an understanding of the nonlinear fluctuations of a single mode of oscillation, the coupling between the different modes of oscillation of a complex structure will be investigated.&lt;br/&gt;&lt;br/&gt;This award reflects NSF's statutory mission and has been deemed worthy of support through evaluation using the Foundation's intellectual merit and broader impacts review criteria.</AbstractNarration>
<MinAmdLetterDate>06/05/2020</MinAmdLetterDate>
<MaxAmdLetterDate>06/05/2020</MaxAmdLetterDate>
<ARRAAmount/>
<TRAN_TYPE>Grant</TRAN_TYPE>
<CFDA_NUM>47.041</CFDA_NUM>
<NSF_PAR_USE_FLAG>1</NSF_PAR_USE_FLAG>
<FUND_AGCY_CODE>4900</FUND_AGCY_CODE>
<AWDG_AGCY_CODE>4900</AWDG_AGCY_CODE>
<AwardID>2001403</AwardID>
<Investigator>
<FirstName>Kamil</FirstName>
<LastName>Ekinci</LastName>
<PI_MID_INIT/>
<PI_SUFX_NAME/>
<PI_FULL_NAME>Kamil Ekinci</PI_FULL_NAME>
<EmailAddress>ekinci@bu.edu</EmailAddress>
<PI_PHON>6173538670</PI_PHON>
<NSF_ID>000109117</NSF_ID>
<StartDate>06/05/2020</StartDate>
<EndDate/>
<RoleCode>Principal Investigator</RoleCode>
</Investigator>
<Institution>
<Name>Trustees of Boston University</Name>
<CityName>BOSTON</CityName>
<ZipCode>022151703</ZipCode>
<PhoneNumber>6173534365</PhoneNumber>
<StreetAddress>1 SILBER WAY</StreetAddress>
<StreetAddress2/>
<CountryName>United States</CountryName>
<StateName>Massachusetts</StateName>
<StateCode>MA</StateCode>
<CONGRESSDISTRICT>07</CONGRESSDISTRICT>
<CONGRESS_DISTRICT_ORG>MA07</CONGRESS_DISTRICT_ORG>
<ORG_UEI_NUM>THL6A6JLE1S7</ORG_UEI_NUM>
<ORG_LGL_BUS_NAME>TRUSTEES OF BOSTON UNIVERSITY</ORG_LGL_BUS_NAME>
<ORG_PRNT_UEI_NUM/>
</Institution>
<Performance_Institution>
<Name><![CDATA[Boston University]]></Name>
<CityName>Boston</CityName>
<StateCode>MA</StateCode>
<ZipCode>022152407</ZipCode>
<StreetAddress><![CDATA[110 Cummington Mall]]></StreetAddress>
<CountryCode>US</CountryCode>
<CountryName>United States</CountryName>
<StateName>Massachusetts</StateName>
<CountryFlag>1</CountryFlag>
<CONGRESSDISTRICT>07</CONGRESSDISTRICT>
<CONGRESS_DISTRICT_PERF>MA07</CONGRESS_DISTRICT_PERF>
</Performance_Institution>
<ProgramElement>
<Code>7569</Code>
<Text>Dynamics, Control and System D</Text>
</ProgramElement>
<ProgramReference>
<Code>034E</Code>
<Text>Dynamical systems</Text>
</ProgramReference>
<Appropriation>
<Code>0120</Code>
<Name>NSF RESEARCH &amp; RELATED ACTIVIT</Name>
<APP_SYMB_ID>040100</APP_SYMB_ID>
</Appropriation>
<Fund>
<Code>01002021DB</Code>
<Name><![CDATA[NSF RESEARCH & RELATED ACTIVIT]]></Name>
<FUND_SYMB_ID>040100</FUND_SYMB_ID>
</Fund>
<FUND_OBLG>2020~353334</FUND_OBLG>
</Award>
</rootTag>
