<?xml version="1.0" encoding="UTF-8"?>
<rootTag>
<Award>
<AwardTitle>W-Algebras and Universal Objects in Vertex Algebra Theory</AwardTitle>
<AGENCY>NSF</AGENCY>
<AwardEffectiveDate>09/01/2020</AwardEffectiveDate>
<AwardExpirationDate>08/31/2023</AwardExpirationDate>
<AwardTotalIntnAmount>165802.00</AwardTotalIntnAmount>
<AwardAmount>165802</AwardAmount>
<AwardInstrument>
<Value>Standard Grant</Value>
</AwardInstrument>
<Organization>
<Code>03040000</Code>
<Directorate>
<Abbreviation>MPS</Abbreviation>
<LongName>Direct For Mathematical &amp; Physical Scien</LongName>
</Directorate>
<Division>
<Abbreviation>DMS</Abbreviation>
<LongName>Division Of Mathematical Sciences</LongName>
</Division>
</Organization>
<ProgramOfficer>
<SignBlockName>James Matthew Douglass</SignBlockName>
<PO_EMAI>mdouglas@nsf.gov</PO_EMAI>
<PO_PHON>7032922467</PO_PHON>
</ProgramOfficer>
<AbstractNarration>Many structures and concepts that were inspired by physics have had a profound influence on mathematics during the last half century. For example, stringy invariants of manifolds such as quantum cohomology have led to spectacular advances in enumerative geometry. On the algebraic side, a fundamental new structure called a vertex operator algebra (VOA) emerged from quantum field theory in the 1980s, and was axiomatized by Borcherds in his work on the Moonshine Conjecture. VOAs are natural generalizations of commutative rings, and in the last thirty years, they have found applications in a diverse range of subjects including finite group theory, representation theory, combinatorics, number theory, and algebraic geometry. In this project, the PI will investigate the structure and representation theory of VOAs, as well as some connections between VOAs and algebraic geometry. These projects will advance the subject and provide educational and collaborative opportunities for the PI's current and former graduate students.&lt;br/&gt;&lt;br/&gt;First, the PI's work on the coset realization of principal W-algebras of A, D, and E types resolved a 30-year-old conjecture which had been a key starting assumption in physics. It has many striking corollaries such as the unitarity of all discrete series representations of principal W-algebras, and the existence of modular tensor categories of modules for affine VOAs at admissible levels. The PI will construct coset realizations of principal W-algebras of other Lie types, as well as non-principal W-algebras and W-superalgebras. Second, the PI recently constructed a universal two-parameter VOA which interpolates between all the type A principal W-algebras, in the sense that they arise as one-parameter quotients of this structure. The PI will construct more general universal objects, which are VOAs defined over the ring of functions on some variety X. Typically, interesting VOAs are obtained by specializing the universal object along certain subvarieties of X, and unexpected isomorphisms of these VOAs correspond to intersection points on these subvarieties. Third, the PI will study two affine schemes that have been attached to a VOA by Arakawa: the associated scheme and the singular support. There is always a closed embedding of the singular support in the arc space of the associated scheme. The PI will investigate good criteria for this embedding to be an isomorphism. This has many applications in VOA theory and is connected to questions about the geometry of arc spaces that are of independent interest.&lt;br/&gt;&lt;br/&gt;This award reflects NSF's statutory mission and has been deemed worthy of support through evaluation using the Foundation's intellectual merit and broader impacts review criteria.</AbstractNarration>
<MinAmdLetterDate>03/30/2020</MinAmdLetterDate>
<MaxAmdLetterDate>03/30/2020</MaxAmdLetterDate>
<ARRAAmount/>
<TRAN_TYPE>Grant</TRAN_TYPE>
<CFDA_NUM>47.049</CFDA_NUM>
<NSF_PAR_USE_FLAG>1</NSF_PAR_USE_FLAG>
<FUND_AGCY_CODE>4900</FUND_AGCY_CODE>
<AWDG_AGCY_CODE>4900</AWDG_AGCY_CODE>
<AwardID>2001484</AwardID>
<Investigator>
<FirstName>Andrew</FirstName>
<LastName>Linshaw</LastName>
<PI_MID_INIT>R</PI_MID_INIT>
<PI_SUFX_NAME/>
<PI_FULL_NAME>Andrew R Linshaw</PI_FULL_NAME>
<EmailAddress>andrew.linshaw@du.edu</EmailAddress>
<PI_PHON>3038712911</PI_PHON>
<NSF_ID>000071003</NSF_ID>
<StartDate>03/30/2020</StartDate>
<EndDate/>
<RoleCode>Principal Investigator</RoleCode>
</Investigator>
<Institution>
<Name>University of Denver</Name>
<CityName>DENVER</CityName>
<ZipCode>802104711</ZipCode>
<PhoneNumber>3038712000</PhoneNumber>
<StreetAddress>2199 S UNIVERSITY BLVD</StreetAddress>
<StreetAddress2/>
<CountryName>United States</CountryName>
<StateName>Colorado</StateName>
<StateCode>CO</StateCode>
<CONGRESSDISTRICT>01</CONGRESSDISTRICT>
<CONGRESS_DISTRICT_ORG>CO01</CONGRESS_DISTRICT_ORG>
<ORG_UEI_NUM>WCUGNQQ8DZU1</ORG_UEI_NUM>
<ORG_LGL_BUS_NAME>COLORADO SEMINARY</ORG_LGL_BUS_NAME>
<ORG_PRNT_UEI_NUM>WCUGNQQ8DZU1</ORG_PRNT_UEI_NUM>
</Institution>
<Performance_Institution>
<Name><![CDATA[University of Denver]]></Name>
<CityName>Denver</CityName>
<StateCode>CO</StateCode>
<ZipCode>802104711</ZipCode>
<StreetAddress><![CDATA[2199 S. University Blvd]]></StreetAddress>
<CountryCode>US</CountryCode>
<CountryName>United States</CountryName>
<StateName>Colorado</StateName>
<CountryFlag>1</CountryFlag>
<CONGRESSDISTRICT>01</CONGRESSDISTRICT>
<CONGRESS_DISTRICT_PERF>CO01</CONGRESS_DISTRICT_PERF>
</Performance_Institution>
<ProgramElement>
<Code>1264</Code>
<Text>ALGEBRA,NUMBER THEORY,AND COM</Text>
</ProgramElement>
<Appropriation>
<Code>0120</Code>
<Name>NSF RESEARCH &amp; RELATED ACTIVIT</Name>
<APP_SYMB_ID>040100</APP_SYMB_ID>
</Appropriation>
<Fund>
<Code>01002021DB</Code>
<Name><![CDATA[NSF RESEARCH & RELATED ACTIVIT]]></Name>
<FUND_SYMB_ID>040100</FUND_SYMB_ID>
</Fund>
<FUND_OBLG>2020~165802</FUND_OBLG>
</Award>
</rootTag>
