<?xml version="1.0" encoding="UTF-8"?>
<rootTag>
<Award>
<AwardTitle><![CDATA[SaTC: CORE: Small: Collaborative: Exploring the Boundaries of Large-Scale Secure Computation]]></AwardTitle>
<AGENCY>NSF</AGENCY>
<AwardEffectiveDate>07/01/2020</AwardEffectiveDate>
<AwardExpirationDate>06/30/2023</AwardExpirationDate>
<AwardTotalIntnAmount>300000.00</AwardTotalIntnAmount>
<AwardAmount>324000</AwardAmount>
<AwardInstrument>
<Value>Standard Grant</Value>
</AwardInstrument>
<Organization>
<Code>05050000</Code>
<Directorate>
<Abbreviation>CSE</Abbreviation>
<LongName>Direct For Computer &amp; Info Scie &amp; Enginr</LongName>
</Directorate>
<Division>
<Abbreviation>CNS</Abbreviation>
<LongName>Division Of Computer and Network Systems</LongName>
</Division>
</Organization>
<ProgramOfficer>
<SignBlockName>Phillip Regalia</SignBlockName>
<PO_EMAI>pregalia@nsf.gov</PO_EMAI>
<PO_PHON>7032922981</PO_PHON>
</ProgramOfficer>
<AbstractNarration><![CDATA[As the capability and connectivity of communication networks scale up, existing secure distributed protocols need to resort to a frugal use of their communication resources to ensure their scalability. Secure multi-party computation (MPC), which allows a set of mutually distrustful parties to perform arbitrary computations on their joint inputs in a secure way, even in the presence of malicious participants and attackers, epitomizes such kind of secure distributed computation, and despite great improvements in all communication metrics over the last decade, existing solutions do not scale well in settings where a large number of participants are involved. One of the reasons is that in standard MPC protocols every party needs to directly communicate will all other parties, yielding protocols with high communication costs. Recently, some attempts to address this issue were made to carry out MPC with lower communication costs. The project's impacts are to put forth a systematic study of this type of MPC protocols, which we call "Communication-Frugal MPC" (CF-MPC), and to advance its theoretical foundations to meet the state of the art comparable to standard MPC. In an era where computation on large data has become a dominant application, such exploration is of central importance in both theory and practice.&lt;br/&gt;&lt;br/&gt;The project's novelties include: (1) Development of a rigorous and composable cryptographic model for capturing CF-MPC; (2) feasibility study of CF-MPC with optimal resiliency (i.e., the maximal number of potentially malicious participants that can be tolerated) across all standard communication and adversary models (synchronous vs asynchronous, and static vs adaptive); and (3) improved constructions on additional communication metrics such as message, bit, and round complexity. The project will train graduate and undergraduate students.&lt;br/&gt;&lt;br/&gt;This award reflects NSF's statutory mission and has been deemed worthy of support through evaluation using the Foundation's intellectual merit and broader impacts review criteria.]]></AbstractNarration>
<MinAmdLetterDate>03/26/2020</MinAmdLetterDate>
<MaxAmdLetterDate>06/02/2022</MaxAmdLetterDate>
<ARRAAmount/>
<TRAN_TYPE>Grant</TRAN_TYPE>
<CFDA_NUM>47.070</CFDA_NUM>
<NSF_PAR_USE_FLAG>1</NSF_PAR_USE_FLAG>
<FUND_AGCY_CODE>4900</FUND_AGCY_CODE>
<AWDG_AGCY_CODE>4900</AWDG_AGCY_CODE>
<AwardID>2001096</AwardID>
<Investigator>
<FirstName>Rafail</FirstName>
<LastName>Ostrovsky</LastName>
<PI_MID_INIT/>
<PI_SUFX_NAME/>
<PI_FULL_NAME>Rafail Ostrovsky</PI_FULL_NAME>
<EmailAddress><![CDATA[rafail@cs.ucla.edu]]></EmailAddress>
<NSF_ID>000119295</NSF_ID>
<StartDate>03/26/2020</StartDate>
<EndDate/>
<RoleCode>Principal Investigator</RoleCode>
</Investigator>
<Institution>
<Name>University of California-Los Angeles</Name>
<CityName>LOS ANGELES</CityName>
<ZipCode>900244201</ZipCode>
<PhoneNumber>3107940102</PhoneNumber>
<StreetAddress>10889 WILSHIRE BLVD STE 700</StreetAddress>
<StreetAddress2/>
<CountryName>United States</CountryName>
<StateName>California</StateName>
<StateCode>CA</StateCode>
<CONGRESSDISTRICT>37</CONGRESSDISTRICT>
<CONGRESS_DISTRICT_ORG>CA37</CONGRESS_DISTRICT_ORG>
<ORG_UEI_NUM>RN64EPNH8JC6</ORG_UEI_NUM>
<ORG_LGL_BUS_NAME>UNIVERSITY OF CALIFORNIA, LOS ANGELES</ORG_LGL_BUS_NAME>
<ORG_PRNT_UEI_NUM>NUDGYLBB4S99</ORG_PRNT_UEI_NUM>
</Institution>
<Performance_Institution>
<Name><![CDATA[UCLA, Computer Science Dept.]]></Name>
<CityName>Los Angeles</CityName>
<StateCode>CA</StateCode>
<ZipCode>900951596</ZipCode>
<StreetAddress><![CDATA[404 Westwood Plaza, 475 Engr. VI]]></StreetAddress>
<CountryCode>US</CountryCode>
<CountryName>United States</CountryName>
<StateName>California</StateName>
<CountryFlag>1</CountryFlag>
<CONGRESSDISTRICT>33</CONGRESSDISTRICT>
<CONGRESS_DISTRICT_PERF>CA33</CONGRESS_DISTRICT_PERF>
</Performance_Institution>
<ProgramElement>
<Code>8060</Code>
<Text>Secure &amp;Trustworthy Cyberspace</Text>
</ProgramElement>
<ProgramReference>
<Code>025Z</Code>
<Text>SaTC: Secure and Trustworthy Cyberspace</Text>
</ProgramReference>
<ProgramReference>
<Code>7923</Code>
<Text>SMALL PROJECT</Text>
</ProgramReference>
<ProgramReference>
<Code>9178</Code>
<Text>UNDERGRADUATE EDUCATION</Text>
</ProgramReference>
<ProgramReference>
<Code>9251</Code>
<Text>REU SUPP-Res Exp for Ugrd Supp</Text>
</ProgramReference>
<Appropriation>
<Code>0120</Code>
<Name>NSF RESEARCH &amp; RELATED ACTIVIT</Name>
<APP_SYMB_ID>040100</APP_SYMB_ID>
</Appropriation>
<Fund>
<Code>01002021DB</Code>
<Name><![CDATA[NSF RESEARCH & RELATED ACTIVIT]]></Name>
<FUND_SYMB_ID>040100</FUND_SYMB_ID>
</Fund>
<FUND_OBLG>2020~300000</FUND_OBLG>
<FUND_OBLG>2022~24000</FUND_OBLG>
</Award>
</rootTag>
