<?xml version="1.0" encoding="UTF-8"?>
<rootTag>
<Award>
<AwardTitle>Arc Spaces, Singularities, and Motivic Integration</AwardTitle>
<AGENCY>NSF</AGENCY>
<AwardEffectiveDate>08/01/2020</AwardEffectiveDate>
<AwardExpirationDate>07/31/2023</AwardExpirationDate>
<AwardTotalIntnAmount>276582.00</AwardTotalIntnAmount>
<AwardAmount>276582</AwardAmount>
<AwardInstrument>
<Value>Standard Grant</Value>
</AwardInstrument>
<Organization>
<Code>03040000</Code>
<Directorate>
<Abbreviation>MPS</Abbreviation>
<LongName>Direct For Mathematical &amp; Physical Scien</LongName>
</Directorate>
<Division>
<Abbreviation>DMS</Abbreviation>
<LongName>Division Of Mathematical Sciences</LongName>
</Division>
</Organization>
<ProgramOfficer>
<SignBlockName>Andrew Pollington</SignBlockName>
<PO_EMAI>adpollin@nsf.gov</PO_EMAI>
<PO_PHON>7032924878</PO_PHON>
</ProgramOfficer>
<AbstractNarration>The research in this project explores the local geometry of algebraic varieties at their singular (non-manifold) points. A classical way of studying singularities it to restrict to a small neighborhood and analyze its boundary. In an influential paper written in the sixties, John Nash proposed an alternative approach which relies on the analysis of the space of germs of curves through the singular locus. Twenty years later, Vladimir Berkovich developed a general theory of non-Archimedean geometry which provides, among other things, a yet new approach to study singularities. These three very different points of view are in fact closely related to each other. The goals set in this project address different open problems in each of these areas, seeking new connections and applications. The project also provides research training activities for graduate students.&lt;br/&gt;&lt;br/&gt;The space of arcs of an algebraic variety provides the underlying space in motivic integration and has been used to study invariants of singularities in the minimal model program. The first part of the project sets two distinct objectives regarding arc spaces. The first pertains a theorem of Drinfeld, Grinberg, and Kazhdan of the formal neighborhood of the arc space at non-degenerate arcs and addresses the question whether the stated decomposition globalizes along a suitable stratification of the arc space. The second objective concerns the Nash problem on families of arcs through the singularities of a variety: the Nash problem has recently been settled for surfaces in characteristic zero and there are several results in higher dimensions, but little is known in positive characteristic, even in dimension two, and the proposal addresses this case. A third objective sees the continuation of ongoing work devoted to the development of a theory of motivic integration on the Berkovich analytification of an algebraic variety and aims to understand its connections with other existing theories of integration such as Kontsevich's motivic integration, p-adic integration, and Hrushovski-Kazhdan’s integration. The fourth and last objective is motivated by the Lipman–Zariski conjecture, and aims to use ideas from prior works on links of isolated singularities and the complex Plateau problem to set up a new approach toward the conjecture.&lt;br/&gt;&lt;br/&gt;This award reflects NSF's statutory mission and has been deemed worthy of support through evaluation using the Foundation's intellectual merit and broader impacts review criteria.</AbstractNarration>
<MinAmdLetterDate>03/19/2020</MinAmdLetterDate>
<MaxAmdLetterDate>03/19/2020</MaxAmdLetterDate>
<ARRAAmount/>
<TRAN_TYPE>Grant</TRAN_TYPE>
<CFDA_NUM>47.049</CFDA_NUM>
<NSF_PAR_USE_FLAG>1</NSF_PAR_USE_FLAG>
<FUND_AGCY_CODE>4900</FUND_AGCY_CODE>
<AWDG_AGCY_CODE>4900</AWDG_AGCY_CODE>
<AwardID>2001254</AwardID>
<Investigator>
<FirstName>Tommaso</FirstName>
<LastName>de Fernex</LastName>
<PI_MID_INIT/>
<PI_SUFX_NAME/>
<PI_FULL_NAME>Tommaso de Fernex</PI_FULL_NAME>
<EmailAddress>defernex@math.utah.edu</EmailAddress>
<PI_PHON>8015816851</PI_PHON>
<NSF_ID>000299015</NSF_ID>
<StartDate>03/19/2020</StartDate>
<EndDate/>
<RoleCode>Principal Investigator</RoleCode>
</Investigator>
<Institution>
<Name>University of Utah</Name>
<CityName>SALT LAKE CITY</CityName>
<ZipCode>841129049</ZipCode>
<PhoneNumber>8015816903</PhoneNumber>
<StreetAddress>201 PRESIDENTS CIR</StreetAddress>
<StreetAddress2/>
<CountryName>United States</CountryName>
<StateName>Utah</StateName>
<StateCode>UT</StateCode>
<CONGRESSDISTRICT>02</CONGRESSDISTRICT>
<CONGRESS_DISTRICT_ORG>UT02</CONGRESS_DISTRICT_ORG>
<ORG_UEI_NUM>LL8GLEVH6MG3</ORG_UEI_NUM>
<ORG_LGL_BUS_NAME>UNIVERSITY OF UTAH, THE</ORG_LGL_BUS_NAME>
<ORG_PRNT_UEI_NUM>LL8GLEVH6MG3</ORG_PRNT_UEI_NUM>
</Institution>
<Performance_Institution>
<Name><![CDATA[UNIV OF UTAH]]></Name>
<CityName>SALT LAKE CITY</CityName>
<StateCode>UT</StateCode>
<ZipCode>841120090</ZipCode>
<StreetAddress><![CDATA[155 S 1400 E RM 233]]></StreetAddress>
<CountryCode>US</CountryCode>
<CountryName>United States</CountryName>
<StateName>Utah</StateName>
<CountryFlag>1</CountryFlag>
<CONGRESSDISTRICT>02</CONGRESSDISTRICT>
<CONGRESS_DISTRICT_PERF>UT02</CONGRESS_DISTRICT_PERF>
</Performance_Institution>
<ProgramElement>
<Code>1264</Code>
<Text>ALGEBRA,NUMBER THEORY,AND COM</Text>
</ProgramElement>
<Appropriation>
<Code>0120</Code>
<Name>NSF RESEARCH &amp; RELATED ACTIVIT</Name>
<APP_SYMB_ID>040100</APP_SYMB_ID>
</Appropriation>
<Fund>
<Code>01002021DB</Code>
<Name><![CDATA[NSF RESEARCH & RELATED ACTIVIT]]></Name>
<FUND_SYMB_ID>040100</FUND_SYMB_ID>
</Fund>
<FUND_OBLG>2020~276582</FUND_OBLG>
</Award>
</rootTag>
