<?xml version="1.0" encoding="UTF-8"?>
<rootTag>
<Award>
<AwardTitle>CAREER: Hierarchical Models for Spatial Extremes</AwardTitle>
<AGENCY>NSF</AGENCY>
<AwardEffectiveDate>09/01/2019</AwardEffectiveDate>
<AwardExpirationDate>06/30/2024</AwardExpirationDate>
<AwardTotalIntnAmount>313955.00</AwardTotalIntnAmount>
<AwardAmount>288036</AwardAmount>
<AwardInstrument>
<Value>Continuing Grant</Value>
</AwardInstrument>
<Organization>
<Code>03040000</Code>
<Directorate>
<Abbreviation>MPS</Abbreviation>
<LongName>Direct For Mathematical &amp; Physical Scien</LongName>
</Directorate>
<Division>
<Abbreviation>DMS</Abbreviation>
<LongName>Division Of Mathematical Sciences</LongName>
</Division>
</Organization>
<ProgramOfficer>
<SignBlockName>Pena Edsel</SignBlockName>
<PO_EMAI>epena@nsf.gov</PO_EMAI>
<PO_PHON>7032928080</PO_PHON>
</ProgramOfficer>
<AbstractNarration>Rare events can have crippling effects on economies, infrastructure, and human health and well being. But in order to make sound decisions, understanding how large the most severe events are likely to be is imperative. The PI will focus on developing statistical tools for understanding the spatial structure of the most extreme events. These new tools will improve on existing models because they will be both more realistic and more computationally tractable.  The PI will also apply these tools to help scientists and policymakers study risks posed by severe environmental phenomena like inland floods, wildfires, and coastal storm surges. Furthermore, the PI will organize workshops to foster closer integration of statistical and Earth science research, as well as develop graduate courses and a textbook focused on modern statistical methods for Earth science.&lt;br/&gt;&lt;br/&gt;The PI will develop stochastic models for extreme events in space that are 1) flexible enough to transition across different classes of extremal dependence, and 2) permit inference through likelihood functions that can be computed for large datasets.  It will accomplish these modeling goals by representing stochastic dependence relationships conditionally, which will induce desirable tail dependence properties and allow efficient inference through Markov chain Monte Carlo (MCMC). The first research component will develop sub-asymptotic models for spatial extremes using max-infinitely divisible (max-id) processes, a generalization of the limiting max-stable class of processes, based on a conditional representation.  The second research component will develop sub-asymptotic spatial models for extremes based on scale mixtures of spatial Gaussian processes.  The PI will conduct closely interwoven computational development and theoretical explication of the joint tail dependence that the proposed hierarchically specified max-id and scale mixture processes induce.  Finally, the PI will apply these models to problems of high societal impact, such as extreme precipitation risk, wildfire susceptibility, and coastal storm surge exposure.  The PI will enhance connections between extreme value statisticians and communities of climate and atmospheric scientists, mitigation researchers, and stakeholders, through 1) biannual international workshops on weather and climate extremes, 2)  a Ph.D. level course in spatial statistics which will include new advances and applications of spatial extremes, and 3) writing the textbook Modern Statistics for Earth Scientists.  The PI also will add modules on extremes to Penn State's Sustainable Climate Risk Management (SCRiM) summer school, and contribute to SCRiM's electronic resources and interactive teaching materials for educators, decision makers, underrepresented groups, and the general public.  The PI will strengthen existing collaborations with government agencies which are responsible for communicating and mitigating risk to the public posed by extremal environment phenomena.&lt;br/&gt;&lt;br/&gt;This award reflects NSF's statutory mission and has been deemed worthy of support through evaluation using the Foundation's intellectual merit and broader impacts review criteria.</AbstractNarration>
<MinAmdLetterDate>10/28/2019</MinAmdLetterDate>
<MaxAmdLetterDate>12/01/2021</MaxAmdLetterDate>
<ARRAAmount/>
<TRAN_TYPE>Grant</TRAN_TYPE>
<CFDA_NUM>47.049</CFDA_NUM>
<NSF_PAR_USE_FLAG>1</NSF_PAR_USE_FLAG>
<FUND_AGCY_CODE>4900</FUND_AGCY_CODE>
<AWDG_AGCY_CODE>4900</AWDG_AGCY_CODE>
<AwardID>2001433</AwardID>
<Investigator>
<FirstName>Benjamin</FirstName>
<LastName>Shaby</LastName>
<PI_MID_INIT/>
<PI_SUFX_NAME/>
<PI_FULL_NAME>Benjamin Shaby</PI_FULL_NAME>
<EmailAddress>bshaby@colostate.edu</EmailAddress>
<PI_PHON>6507930757</PI_PHON>
<NSF_ID>000699035</NSF_ID>
<StartDate>10/28/2019</StartDate>
<EndDate/>
<RoleCode>Principal Investigator</RoleCode>
</Investigator>
<Institution>
<Name>Colorado State University</Name>
<CityName>FORT COLLINS</CityName>
<ZipCode>805212807</ZipCode>
<PhoneNumber>9704916355</PhoneNumber>
<StreetAddress>601 S HOWES ST</StreetAddress>
<StreetAddress2/>
<CountryName>United States</CountryName>
<StateName>Colorado</StateName>
<StateCode>CO</StateCode>
<CONGRESSDISTRICT>02</CONGRESSDISTRICT>
<CONGRESS_DISTRICT_ORG>CO02</CONGRESS_DISTRICT_ORG>
<ORG_UEI_NUM>LT9CXX8L19G1</ORG_UEI_NUM>
<ORG_LGL_BUS_NAME>COLORADO STATE UNIVERSITY</ORG_LGL_BUS_NAME>
<ORG_PRNT_UEI_NUM>Q7VRM266G891</ORG_PRNT_UEI_NUM>
</Institution>
<Performance_Institution>
<Name><![CDATA[Colorado State University]]></Name>
<CityName>Fort Collins</CityName>
<StateCode>CO</StateCode>
<ZipCode>805232002</ZipCode>
<StreetAddress><![CDATA[601 S. Howes Street]]></StreetAddress>
<CountryCode>US</CountryCode>
<CountryName>United States</CountryName>
<StateName>Colorado</StateName>
<CountryFlag>1</CountryFlag>
<CONGRESSDISTRICT>02</CONGRESSDISTRICT>
<CONGRESS_DISTRICT_PERF>CO02</CONGRESS_DISTRICT_PERF>
</Performance_Institution>
<ProgramElement>
<Code>1253</Code>
<Text>OFFICE OF MULTIDISCIPLINARY AC</Text>
</ProgramElement>
<ProgramElement>
<Code>1269</Code>
<Text>STATISTICS</Text>
</ProgramElement>
<ProgramElement>
<Code>8048</Code>
<Text>Division Co-Funding: CAREER</Text>
</ProgramElement>
<ProgramReference>
<Code>1045</Code>
<Text>CAREER-Faculty Erly Career Dev</Text>
</ProgramReference>
<ProgramReference>
<Code>1515</Code>
<Text>MINORITY GRADUATE EDUC ACTIVIT</Text>
</ProgramReference>
<Appropriation>
<Code>0119</Code>
<Name>NSF RESEARCH &amp; RELATED ACTIVIT</Name>
<APP_SYMB_ID>040100</APP_SYMB_ID>
</Appropriation>
<Appropriation>
<Code>0120</Code>
<Name>NSF RESEARCH &amp; RELATED ACTIVIT</Name>
<APP_SYMB_ID>040100</APP_SYMB_ID>
</Appropriation>
<Appropriation>
<Code>0121</Code>
<Name>NSF RESEARCH &amp; RELATED ACTIVIT</Name>
<APP_SYMB_ID>040100</APP_SYMB_ID>
</Appropriation>
<Fund>
<Code>01001920DB</Code>
<Name><![CDATA[NSF RESEARCH & RELATED ACTIVIT]]></Name>
<FUND_SYMB_ID>040100</FUND_SYMB_ID>
</Fund>
<Fund>
<Code>01002021DB</Code>
<Name><![CDATA[NSF RESEARCH & RELATED ACTIVIT]]></Name>
<FUND_SYMB_ID>040100</FUND_SYMB_ID>
</Fund>
<Fund>
<Code>01002122DB</Code>
<Name><![CDATA[NSF RESEARCH & RELATED ACTIVIT]]></Name>
<FUND_SYMB_ID>040100</FUND_SYMB_ID>
</Fund>
<FUND_OBLG>2019~62020</FUND_OBLG>
<FUND_OBLG>2020~81186</FUND_OBLG>
<FUND_OBLG>2021~87828</FUND_OBLG>
<FUND_OBLG>2022~57002</FUND_OBLG>
</Award>
</rootTag>
