<?xml version="1.0" encoding="UTF-8"?>
<rootTag>
<Award>
<AwardTitle>Anabelian Methods in Arithmetic and Algebraic Geometry</AwardTitle>
<AGENCY>NSF</AGENCY>
<AwardEffectiveDate>08/01/2020</AwardEffectiveDate>
<AwardExpirationDate>07/31/2023</AwardExpirationDate>
<AwardTotalIntnAmount>142422.00</AwardTotalIntnAmount>
<AwardAmount>142422</AwardAmount>
<AwardInstrument>
<Value>Standard Grant</Value>
</AwardInstrument>
<Organization>
<Code>03040000</Code>
<Directorate>
<Abbreviation>MPS</Abbreviation>
<LongName>Direct For Mathematical &amp; Physical Scien</LongName>
</Directorate>
<Division>
<Abbreviation>DMS</Abbreviation>
<LongName>Division Of Mathematical Sciences</LongName>
</Division>
</Organization>
<ProgramOfficer>
<SignBlockName>Adriana Salerno</SignBlockName>
<PO_EMAI>asalerno@nsf.gov</PO_EMAI>
<PO_PHON>7032922271</PO_PHON>
</ProgramOfficer>
<AbstractNarration>Algebraic geometry and number theory are both concerned with systems of polynomial equations. The former seeks to understand the shapes they define, and the latter seeks to understand the set of (say) integer or rational solutions to the system. One of the most important themes of 21st century mathematics is the interplay between these two viewpoints: the properties of the shape in question influence, and are in turn influenced by, the arithmetic of the equations. This project seeks to understand this fundamental interplay through a study of the arithmetic of fundamental groups of algebraic varieties.&lt;br/&gt;&lt;br/&gt;Specifically, this project is concerned with (1) an analysis of the representation theory of arithmetic fundamental groups, taking as input the geometric Langlands program, tools from p-adic analysis, and p-adic Hodge theory, and (2) an application of these results to concrete problems in arithmetic and algebraic geometry: for example, the geometric torsion conjecture, the non-abelian Chabauty-Kim method, and the section conjecture. The project aims to expand on new techniques developed by the author and collaborators to investigate these difficult open questions.&lt;br/&gt;&lt;br/&gt;This award reflects NSF's statutory mission and has been deemed worthy of support through evaluation using the Foundation's intellectual merit and broader impacts review criteria.</AbstractNarration>
<MinAmdLetterDate>03/18/2020</MinAmdLetterDate>
<MaxAmdLetterDate>03/18/2020</MaxAmdLetterDate>
<ARRAAmount/>
<TRAN_TYPE>Grant</TRAN_TYPE>
<CFDA_NUM>47.049</CFDA_NUM>
<NSF_PAR_USE_FLAG>1</NSF_PAR_USE_FLAG>
<FUND_AGCY_CODE>4900</FUND_AGCY_CODE>
<AWDG_AGCY_CODE>4900</AWDG_AGCY_CODE>
<AwardID>2001196</AwardID>
<Investigator>
<FirstName>Daniel</FirstName>
<LastName>Litt</LastName>
<PI_MID_INIT/>
<PI_SUFX_NAME/>
<PI_FULL_NAME>Daniel Litt</PI_FULL_NAME>
<EmailAddress>chocolitt@gmail.com</EmailAddress>
<PI_PHON>2165344354</PI_PHON>
<NSF_ID>000755225</NSF_ID>
<StartDate>03/18/2020</StartDate>
<EndDate/>
<RoleCode>Principal Investigator</RoleCode>
</Investigator>
<Institution>
<Name>University of Georgia Research Foundation Inc</Name>
<CityName>ATHENS</CityName>
<ZipCode>306021589</ZipCode>
<PhoneNumber>7065425939</PhoneNumber>
<StreetAddress>310 EAST CAMPUS RD TUCKER HALL R</StreetAddress>
<StreetAddress2/>
<CountryName>United States</CountryName>
<StateName>Georgia</StateName>
<StateCode>GA</StateCode>
<CONGRESSDISTRICT>10</CONGRESSDISTRICT>
<CONGRESS_DISTRICT_ORG>GA10</CONGRESS_DISTRICT_ORG>
<ORG_UEI_NUM>NMJHD63STRC5</ORG_UEI_NUM>
<ORG_LGL_BUS_NAME>UNIVERSITY OF GEORGIA RESEARCH FOUNDATION, INC.</ORG_LGL_BUS_NAME>
<ORG_PRNT_UEI_NUM/>
</Institution>
<Performance_Institution>
<Name><![CDATA[University of Georgia Research Foundation Inc]]></Name>
<CityName>ATHENS</CityName>
<StateCode>GA</StateCode>
<ZipCode>306021589</ZipCode>
<StreetAddress><![CDATA[310 East Campus Rd]]></StreetAddress>
<CountryCode>US</CountryCode>
<CountryName>United States</CountryName>
<StateName>Georgia</StateName>
<CountryFlag>1</CountryFlag>
<CONGRESSDISTRICT>10</CONGRESSDISTRICT>
<CONGRESS_DISTRICT_PERF>GA10</CONGRESS_DISTRICT_PERF>
</Performance_Institution>
<ProgramElement>
<Code>1264</Code>
<Text>ALGEBRA,NUMBER THEORY,AND COM</Text>
</ProgramElement>
<Appropriation>
<Code>0120</Code>
<Name>NSF RESEARCH &amp; RELATED ACTIVIT</Name>
<APP_SYMB_ID>040100</APP_SYMB_ID>
</Appropriation>
<Fund>
<Code>01002021DB</Code>
<Name><![CDATA[NSF RESEARCH & RELATED ACTIVIT]]></Name>
<FUND_SYMB_ID>040100</FUND_SYMB_ID>
</Fund>
<FUND_OBLG>2020~142422</FUND_OBLG>
</Award>
</rootTag>
