<?xml version="1.0" encoding="UTF-8"?>
<rootTag>
<Award>
<AwardTitle>Digitiation PEN: Augmenting the Endless Forms TCN: digitization of imperiled plants with unique morphological adaptations</AwardTitle>
<AGENCY>NSF</AGENCY>
<AwardEffectiveDate>09/15/2020</AwardEffectiveDate>
<AwardExpirationDate>08/31/2023</AwardExpirationDate>
<AwardTotalIntnAmount>149959.00</AwardTotalIntnAmount>
<AwardAmount>149959</AwardAmount>
<AwardInstrument>
<Value>Standard Grant</Value>
</AwardInstrument>
<Organization>
<Code>08080000</Code>
<Directorate>
<Abbreviation>BIO</Abbreviation>
<LongName>Direct For Biological Sciences</LongName>
</Directorate>
<Division>
<Abbreviation>DBI</Abbreviation>
<LongName>Div Of Biological Infrastructure</LongName>
</Division>
</Organization>
<ProgramOfficer>
<SignBlockName>Reed Beaman</SignBlockName>
<PO_EMAI>rsbeaman@nsf.gov</PO_EMAI>
<PO_PHON>7032927163</PO_PHON>
</ProgramOfficer>
<AbstractNarration>Only 36 areas on earth contain almost half of the world’s plant diversity. Biodiversity hotspots occupy only 2.3% of the earth’s land surface but harbor a high proportion of endemic species and house most undescribed plant diversity. An important biotic component of biodiversity hotspots include plants with unusual morphologies, such as succulence, carnivory, and epiphytism. These plants are highly adapted to live in extreme environments but face serious threats of extinction due to changing climate and land use regimes. This project partners the Herbarium at Rancho Santa Ana Botanic Garden (RSA) with the Endless Forms Project, a Thematic Collections Network (TCN) involving 17 institutions aimed at digitizing nearly 2 million herbarium specimens from 15 plant families with unusual adaptations. Collections targeted for this project are emblematic of the unique strengths of RSA and will add immeasurably to the Endless Forms TCN. This partnership fills an important gap by adding 70,100 herbarium specimens representing all families, some of which are especially diverse (cacti, agave, spurge) in California, a world biodiversity hotspot. Digitization will promote scientific investigation and public understanding of these potentially imperiled plants, and through public databases, will provide access to a rich source of specimen data. Graduate and undergraduate students will make up 90% of the workforce and participate in all aspects of the project. This project will enhance RSA’s existing internship program through increased participation of students from Hispanic Serving Institutions in the Greater Los Angeles metropolitan area. Through coordinated efforts with California Polytechnic University, Pomona (a Hispanic Serving Institution), undergraduate students will barcode specimens as partial fulfillment of course objectives. An exhibit will highlight plants of the Endless Forms project, including digitization activities and student participation.&lt;br/&gt;&lt;br/&gt;Funding of the Endless Forms TCN was based on the unique value of digitizing plants that exhibit extreme morphologies, such as succulence, carnivory, and epiphytism, that can be used increase our understanding of how these plants have adapted to extreme environments and how changing climate regimes may impact future distributions. This project will add immeasurably to the Endless Forms TCN’s endeavor with the digitization of 70,100 unique specimens held at the RSA Herbarium. Important and TCN-relevant collections for the 15 families with unusual morphologies included for digitization are well represented in the RSA Herbarium, both in geographic breadth and taxonomic diversity, and owe significantly to the contributions of several noteworthy researchers affiliated with RSA who specialize on these plants. Digitization of these specimens will result in high-resolution images and georeferenced collection locations that will enable the potential discovery of species new to science, new distribution and phenology data, and increased access to a rich source of specimen data currently unavailable to the research community, students, and the public. Data capture, efficient workflow development, and dissemination of data will adhere to established guidelines as specified by the Endless Forms TCN. A large cadre of students at different levels in their academic career will participate in all aspects of the project, including data entry, imaging, and georeferencing. All data resulting from this project will be made available through the national resource (iDigBio.org). Additional information about RSA, its outreach activities, and the results of this project is available at calbg.org.&lt;br/&gt;&lt;br/&gt;This award reflects NSF's statutory mission and has been deemed worthy of support through evaluation using the Foundation's intellectual merit and broader impacts review criteria.</AbstractNarration>
<MinAmdLetterDate>08/20/2020</MinAmdLetterDate>
<MaxAmdLetterDate>10/15/2020</MaxAmdLetterDate>
<ARRAAmount/>
<TRAN_TYPE>Grant</TRAN_TYPE>
<CFDA_NUM>47.074</CFDA_NUM>
<NSF_PAR_USE_FLAG>1</NSF_PAR_USE_FLAG>
<FUND_AGCY_CODE>4900</FUND_AGCY_CODE>
<AWDG_AGCY_CODE>4900</AWDG_AGCY_CODE>
<AwardID>2001358</AwardID>
<Investigator>
<FirstName>Mare</FirstName>
<LastName>Nazaire</LastName>
<PI_MID_INIT/>
<PI_SUFX_NAME/>
<PI_FULL_NAME>Mare Nazaire</PI_FULL_NAME>
<EmailAddress>mnazaire@rsabg.org</EmailAddress>
<PI_PHON>9096258767</PI_PHON>
<NSF_ID>000578371</NSF_ID>
<StartDate>08/20/2020</StartDate>
<EndDate/>
<RoleCode>Principal Investigator</RoleCode>
</Investigator>
<Institution>
<Name>Rancho Santa Ana Botanic Garden</Name>
<CityName>CLAREMONT</CityName>
<ZipCode>917113157</ZipCode>
<PhoneNumber>9096258767</PhoneNumber>
<StreetAddress>1500 N COLLEGE AVE</StreetAddress>
<StreetAddress2/>
<CountryName>United States</CountryName>
<StateName>California</StateName>
<StateCode>CA</StateCode>
<CONGRESSDISTRICT>27</CONGRESSDISTRICT>
<CONGRESS_DISTRICT_ORG>CA27</CONGRESS_DISTRICT_ORG>
<ORG_UEI_NUM>JMF6A3MR7S99</ORG_UEI_NUM>
<ORG_LGL_BUS_NAME>RANCHO SANTA ANA BOTANIC GARDEN</ORG_LGL_BUS_NAME>
<ORG_PRNT_UEI_NUM/>
</Institution>
<Performance_Institution>
<Name><![CDATA[Rancho Santa Ana Botanic Garden]]></Name>
<CityName/>
<StateCode>CA</StateCode>
<ZipCode>917113157</ZipCode>
<StreetAddress/>
<CountryCode>US</CountryCode>
<CountryName>United States</CountryName>
<StateName>California</StateName>
<CountryFlag>1</CountryFlag>
<CONGRESSDISTRICT>27</CONGRESSDISTRICT>
<CONGRESS_DISTRICT_PERF>CA27</CONGRESS_DISTRICT_PERF>
</Performance_Institution>
<ProgramElement>
<Code>6895</Code>
<Text>Digitization</Text>
</ProgramElement>
<ProgramReference>
<Code>6895</Code>
<Text>DIGITIZATION</Text>
</ProgramReference>
<Appropriation>
<Code>0120</Code>
<Name>NSF RESEARCH &amp; RELATED ACTIVIT</Name>
<APP_SYMB_ID>040100</APP_SYMB_ID>
</Appropriation>
<Fund>
<Code>01002021DB</Code>
<Name><![CDATA[NSF RESEARCH & RELATED ACTIVIT]]></Name>
<FUND_SYMB_ID>040100</FUND_SYMB_ID>
</Fund>
<FUND_OBLG>2020~149959</FUND_OBLG>
</Award>
</rootTag>
