<?xml version="1.0" encoding="UTF-8"?>
<rootTag>
<Award>
<AwardTitle>Collaborative Research: SpecEES:  Towards Energy and Spectrally Efficient Millimeter Wave MIMO Platforms - A Unified System, Circuits, and Machine Learning Framework</AwardTitle>
<AGENCY>NSF</AGENCY>
<AwardEffectiveDate>10/01/2019</AwardEffectiveDate>
<AwardExpirationDate>02/28/2021</AwardExpirationDate>
<AwardTotalIntnAmount>450000.00</AwardTotalIntnAmount>
<AwardAmount>450000</AwardAmount>
<AwardInstrument>
<Value>Standard Grant</Value>
</AwardInstrument>
<Organization>
<Code>07010000</Code>
<Directorate>
<Abbreviation>ENG</Abbreviation>
<LongName>Directorate For Engineering</LongName>
</Directorate>
<Division>
<Abbreviation>ECCS</Abbreviation>
<LongName>Div Of Electrical, Commun &amp; Cyber Sys</LongName>
</Division>
</Organization>
<ProgramOfficer>
<SignBlockName>Mohammod Ali</SignBlockName>
<PO_EMAI/>
<PO_PHON/>
</ProgramOfficer>
<AbstractNarration>Wireless networks have played a transformative societal role since their inception. The development of the next generation of wireless networks is a national priority for the United States and other countries around the world. As of 2019, 5G wireless networks are in early stages of deployment, and have the goals of being able to support rapidly increasing mobile data traffic with low latency across billions of devices, while reducing overall network energy consumption and cost. The deployment of 5G networks in their most advanced form is expected to take several years lasting well into the 2020's. However, consumer demands that drive wireless network capacity is projected to continue unabated, especially as new application scenarios such as autonomous transportation and delivery networks mature. In anticipation of such needs, this project seeks to investigate hardware and physical layer needs of "beyond 5G" networks by taking a unified approach that encompasses circuits, systems and artificial intelligence. The  proposed  theories,  algorithms,  and  hardware  implementation  are expected to have impacts  in  a  number  of  areas  that  include technology transfer to industry,  development  of  undergraduate and graduate course materials, graduate student training, undergraduate research experiences and community outreach via wireless testbed development, and public release of all simulation frameworks and machine learning datasets.  &lt;br/&gt;&lt;br/&gt;The research goal of this project is to develop a set of analysis and design tools for mm-wave MIMO systems including specific circuits-aware signal processing techniques, and novel algorithms-aware circuit designs. Fundamental algorithmic contributions will be made to solve key mm-wave MIMO system challenges such as enhancing the spectral efficiency and energy efficiency in highly-mobile applications and dense mm-wave deployments. Fundamental circuit contributions will include solutions to designing energy-efficient MIMO transmitters, designing energy- and area-efficient RF precoders and combiners, and designing platforms to support machine learning algorithms. The project has several inter-related thrusts: (1) Investigate joint system/circuit analysis and design approaches for hybrid architectures; (2) Develop novel circuits (including high-efficiency transmitters and bi-directional signal paths) to enable high energy-efficiency, reconfigurability and concurrent multi-band operation in hybrid MIMO architectures (3) Adopt machine learning tools to design circuits- and deployment-aware beamforming codebooks, and leverage machine learning techniques to design mm-wave interference-aware beamforming; (5) Integrate into MIMO platforms with appropriate sensors and actuators to enable hardware implementation of the aforementioned machine learning techniques&lt;br/&gt;&lt;br/&gt;This award reflects NSF's statutory mission and has been deemed worthy of support through evaluation using the Foundation's intellectual merit and broader impacts review criteria.</AbstractNarration>
<MinAmdLetterDate>11/13/2019</MinAmdLetterDate>
<MaxAmdLetterDate>11/13/2019</MaxAmdLetterDate>
<ARRAAmount/>
<TRAN_TYPE>Grant</TRAN_TYPE>
<CFDA_NUM>47.041</CFDA_NUM>
<NSF_PAR_USE_FLAG>1</NSF_PAR_USE_FLAG>
<FUND_AGCY_CODE>4900</FUND_AGCY_CODE>
<AWDG_AGCY_CODE>4900</AWDG_AGCY_CODE>
<AwardID>2001135</AwardID>
<Investigator>
<FirstName>Jeyanandh</FirstName>
<LastName>Paramesh</LastName>
<PI_MID_INIT/>
<PI_SUFX_NAME/>
<PI_FULL_NAME>Jeyanandh Paramesh</PI_FULL_NAME>
<EmailAddress>paramesh@tamu.edu</EmailAddress>
<NSF_ID>000435523</NSF_ID>
<StartDate>11/13/2019</StartDate>
<EndDate/>
<RoleCode>Principal Investigator</RoleCode>
</Investigator>
<Institution>
<Name>Southern Methodist University</Name>
<CityName>Dallas</CityName>
<ZipCode>752750302</ZipCode>
<PhoneNumber>2147684708</PhoneNumber>
<StreetAddress>6425 BOAZ</StreetAddress>
<StreetAddress2/>
<CountryName>United States</CountryName>
<StateName>Texas</StateName>
<StateCode>TX</StateCode>
<CONGRESSDISTRICT>32</CONGRESSDISTRICT>
<CONGRESS_DISTRICT_ORG>TX32</CONGRESS_DISTRICT_ORG>
<ORG_DUNS_NUM>001981133</ORG_DUNS_NUM>
<ORG_LGL_BUS_NAME>SOUTHERN METHODIST UNIVERSITY</ORG_LGL_BUS_NAME>
<ORG_PRNT_DUNS_NUM>001981133</ORG_PRNT_DUNS_NUM>
</Institution>
<Performance_Institution>
<Name><![CDATA[Southern Methodist University]]></Name>
<CityName>Dallas</CityName>
<StateCode>TX</StateCode>
<ZipCode>752750302</ZipCode>
<StreetAddress><![CDATA[6425 Boaz]]></StreetAddress>
<CountryCode>US</CountryCode>
<CountryName>United States</CountryName>
<StateName>Texas</StateName>
<CountryFlag>1</CountryFlag>
<CONGRESSDISTRICT>32</CONGRESSDISTRICT>
<CONGRESS_DISTRICT_PERF>TX32</CONGRESS_DISTRICT_PERF>
</Performance_Institution>
<ProgramElement>
<Code>059Y</Code>
<Text>SpecEES Spectrum Efficiency, E</Text>
</ProgramElement>
<ProgramReference>
<Code>055Z</Code>
<Text>SpecEES Spectrum Efficiency, Energy Effi</Text>
</ProgramReference>
<Appropriation>
<Code>0119</Code>
<Name>NSF RESEARCH &amp; RELATED ACTIVIT</Name>
<APP_SYMB_ID>040100</APP_SYMB_ID>
</Appropriation>
<FUND_OBLG>2019~5412</FUND_OBLG>
</Award>
</rootTag>
