<?xml version="1.0" encoding="UTF-8"?>
<rootTag>
<Award>
<AwardTitle><![CDATA[Topics in Noncommutative Algebra]]></AwardTitle>
<AGENCY>NSF</AGENCY>
<AwardEffectiveDate>07/01/2020</AwardEffectiveDate>
<AwardExpirationDate>06/30/2023</AwardExpirationDate>
<AwardTotalIntnAmount>330000.00</AwardTotalIntnAmount>
<AwardAmount>330000</AwardAmount>
<AwardInstrument>
<Value>Continuing Grant</Value>
</AwardInstrument>
<Organization>
<Code>03040000</Code>
<Directorate>
<Abbreviation>MPS</Abbreviation>
<LongName>Direct For Mathematical &amp; Physical Scien</LongName>
</Directorate>
<Division>
<Abbreviation>DMS</Abbreviation>
<LongName>Division Of Mathematical Sciences</LongName>
</Division>
</Organization>
<ProgramOfficer>
<SignBlockName>Sandra Spiroff</SignBlockName>
<PO_EMAI>sspiroff@nsf.gov</PO_EMAI>
<PO_PHON>7032928069</PO_PHON>
</ProgramOfficer>
<AbstractNarration><![CDATA[A noncommutative algebra is a fundamental concept that represents solutions  to a system of equations of several non-commuting variables. Noncommutative  algebras are frequently used to encode models for networks, communication,  quantum computing, and chemical molecules, as well as many other objects in sciences and engineering. It is generally impossible to assess a given  algebra by dealing with its elements, while invariants of an algebra capture  many key features of the algebra. Then understanding invariants becomes extremely beneficial for understanding different aspects of these algebras.  This project focuses on new invariants of noncommutative algebras that arise  from several subjects such as noncommutative projective geometry, category  theory, combinatorics, and the study of infinite dimensional Hopf algebras  or quantum groups. The principal investigator will involve graduate students and postdoctoral  fellows in this research.&lt;br/&gt;&lt;br/&gt;&lt;br/&gt;This project concerns several central topics in the field of noncommutative  algebra with connections to noncommutative geometry, combinatorics, the  representation theory of quivers and category theory. The principal investigator plans to study  several invariants of noncommutative algebras and their associated categories,  to develop foundations for new research directions, and to classify algebraic  objects that describe noncommutative spaces. Specifically the project investigates noncommutative discriminants, Frobenius-Perron dimension,  primitive cohomology, and other effective invariants and crucial structures  in noncommutative algebras, quiver representations and tensor triangulated  categories. The principal investigator continues to search for methods for the automorphism  problem, the isomorphism problem, and different versions of the cancellation  problem in noncommutative algebra. Finally one of PI's ultimate goals is to  construct new Hopf algebra domains of Gelfand-Kirillov dimension two in  positive characteristic and new tensor triangulated structures on the quiver  representations of either finite or tame representation type.  The principal investigator will train students in fields closely related to his research.&lt;br/&gt;&lt;br/&gt;This award reflects NSF's statutory mission and has been deemed worthy of support through evaluation using the Foundation's intellectual merit and broader impacts review criteria.]]></AbstractNarration>
<MinAmdLetterDate>03/18/2020</MinAmdLetterDate>
<MaxAmdLetterDate>06/27/2022</MaxAmdLetterDate>
<ARRAAmount/>
<TRAN_TYPE>Grant</TRAN_TYPE>
<CFDA_NUM>47.049</CFDA_NUM>
<NSF_PAR_USE_FLAG>1</NSF_PAR_USE_FLAG>
<FUND_AGCY_CODE>4900</FUND_AGCY_CODE>
<AWDG_AGCY_CODE>4900</AWDG_AGCY_CODE>
<AwardID>2001015</AwardID>
<Investigator>
<FirstName>Jian</FirstName>
<LastName>Zhang</LastName>
<PI_MID_INIT>J</PI_MID_INIT>
<PI_SUFX_NAME/>
<PI_FULL_NAME>Jian J Zhang</PI_FULL_NAME>
<EmailAddress><![CDATA[zhang@math.washington.edu]]></EmailAddress>
<NSF_ID>000103958</NSF_ID>
<StartDate>03/18/2020</StartDate>
<EndDate/>
<RoleCode>Principal Investigator</RoleCode>
</Investigator>
<Institution>
<Name>University of Washington</Name>
<CityName>Seattle</CityName>
<ZipCode>981950001</ZipCode>
<PhoneNumber>2065434043</PhoneNumber>
<StreetAddress>4333 Brooklyn Ave NE</StreetAddress>
<StreetAddress2/>
<CountryName>United States</CountryName>
<StateName>Washington</StateName>
<StateCode>WA</StateCode>
<CONGRESSDISTRICT>07</CONGRESSDISTRICT>
<CONGRESS_DISTRICT_ORG>WA07</CONGRESS_DISTRICT_ORG>
<ORG_UEI_NUM>HD1WMN6945W6</ORG_UEI_NUM>
<ORG_LGL_BUS_NAME>UNIVERSITY OF WASHINGTON</ORG_LGL_BUS_NAME>
<ORG_PRNT_UEI_NUM>NFJ3CMQ4B418</ORG_PRNT_UEI_NUM>
</Institution>
<Performance_Institution>
<Name><![CDATA[University of Washington]]></Name>
<CityName/>
<StateCode>WA</StateCode>
<ZipCode>981950001</ZipCode>
<StreetAddress/>
<CountryCode>US</CountryCode>
<CountryName>United States</CountryName>
<StateName>Washington</StateName>
<CountryFlag>1</CountryFlag>
<CONGRESSDISTRICT>07</CONGRESSDISTRICT>
<CONGRESS_DISTRICT_PERF>WA07</CONGRESS_DISTRICT_PERF>
</Performance_Institution>
<ProgramElement>
<Code>1264</Code>
<Text>ALGEBRA,NUMBER THEORY,AND COM</Text>
</ProgramElement>
<Appropriation>
<Code>0120</Code>
<Name>NSF RESEARCH &amp; RELATED ACTIVIT</Name>
<APP_SYMB_ID>040100</APP_SYMB_ID>
</Appropriation>
<Appropriation>
<Code>0121</Code>
<Name>NSF RESEARCH &amp; RELATED ACTIVIT</Name>
<APP_SYMB_ID>040100</APP_SYMB_ID>
</Appropriation>
<Appropriation>
<Code>0122</Code>
<Name>NSF RESEARCH &amp; RELATED ACTIVIT</Name>
<APP_SYMB_ID>040100</APP_SYMB_ID>
</Appropriation>
<Fund>
<Code>01002021DB</Code>
<Name><![CDATA[NSF RESEARCH & RELATED ACTIVIT]]></Name>
<FUND_SYMB_ID>040100</FUND_SYMB_ID>
</Fund>
<Fund>
<Code>01002122DB</Code>
<Name><![CDATA[NSF RESEARCH & RELATED ACTIVIT]]></Name>
<FUND_SYMB_ID>040100</FUND_SYMB_ID>
</Fund>
<Fund>
<Code>01002223DB</Code>
<Name><![CDATA[NSF RESEARCH & RELATED ACTIVIT]]></Name>
<FUND_SYMB_ID>040100</FUND_SYMB_ID>
</Fund>
<FUND_OBLG>2020~108649</FUND_OBLG>
<FUND_OBLG>2021~112060</FUND_OBLG>
<FUND_OBLG>2022~109291</FUND_OBLG>
</Award>
</rootTag>
