<?xml version="1.0" encoding="UTF-8"?>
<rootTag>
<Award>
<AwardTitle><![CDATA[Whittaker Models and p-Adic Deformation in the Langlands Program]]></AwardTitle>
<AGENCY>NSF</AGENCY>
<AwardEffectiveDate>08/01/2020</AwardEffectiveDate>
<AwardExpirationDate>07/31/2023</AwardExpirationDate>
<AwardTotalIntnAmount>95375.00</AwardTotalIntnAmount>
<AwardAmount>95375</AwardAmount>
<AwardInstrument>
<Value>Standard Grant</Value>
</AwardInstrument>
<Organization>
<Code>03040000</Code>
<Directorate>
<Abbreviation>MPS</Abbreviation>
<LongName>Direct For Mathematical &amp; Physical Scien</LongName>
</Directorate>
<Division>
<Abbreviation>DMS</Abbreviation>
<LongName>Division Of Mathematical Sciences</LongName>
</Division>
</Organization>
<ProgramOfficer>
<SignBlockName>Andrew Pollington</SignBlockName>
<PO_EMAI>adpollin@nsf.gov</PO_EMAI>
<PO_PHON>7032924878</PO_PHON>
</ProgramOfficer>
<AbstractNarration><![CDATA[Primes numbers are integers, or whole numbers, which cannot be factored into a product of smaller integers. When considered as parts of larger and more abstract number systems, for example those containing imaginary numbers, there are several ways primes may factor. The splitting behavior of prime numbers is a fascinating and mysterious part of nature, and number theory is concerned with studying it systematically, especially by connecting it with the arithmetic of polynomials and the geometry of their solution sets. Over the past several decades, the Langlands program has revealed striking connections between these solution sets of polynomials and sets of symmetries that naturally occur in infinite-dimensional spaces. It has been especially fruitful in the Langlands program to consider the way these symmetries deform within families, and this project approaches two outstanding problems in this area by using the framework of Whittaker models to make them more concrete, or to turn them into explicit computational problems.&lt;br/&gt;&lt;br/&gt;Spaces of Whittaker functions of automorphic forms are called Whittaker models. Symmetries in Whittaker models capture what is needed to construct L-functions in the Langlands program, in many cases. This project will study the deformation theory of Whittaker models in order to understand the behavior of Langlands reciprocity with respect to congruences modulo prime numbers, and with respect to deformation in families. The first goal is to generalize Ihara’s lemma by controlling congruences between automorphic forms in terms of their local Whittaker models. The approach is to use a computer to test, in many examples, the congruences that can occur in the action of the local Iwahori-Hecke algebra on a non-Eisenstein integral eigenform. The second goal is to formulate, and prove in the banal case, a local Langlands conjecture in families for reductive groups other than the general linear group, especially quasi-split groups that split over a tame extension. The approach is to construct a moduli space of Langlands parameters, study its geometry, and use converse theorems to connect it to the integral Bernstein center.&lt;br/&gt;&lt;br/&gt;This award reflects NSF's statutory mission and has been deemed worthy of support through evaluation using the Foundation's intellectual merit and broader impacts review criteria.]]></AbstractNarration>
<MinAmdLetterDate>07/20/2020</MinAmdLetterDate>
<MaxAmdLetterDate>07/20/2020</MaxAmdLetterDate>
<ARRAAmount/>
<TRAN_TYPE>Grant</TRAN_TYPE>
<CFDA_NUM>47.049</CFDA_NUM>
<NSF_PAR_USE_FLAG>1</NSF_PAR_USE_FLAG>
<FUND_AGCY_CODE>4900</FUND_AGCY_CODE>
<AWDG_AGCY_CODE>4900</AWDG_AGCY_CODE>
<AwardID>2001272</AwardID>
<Investigator>
<FirstName>Gilbert</FirstName>
<LastName>Moss</LastName>
<PI_MID_INIT/>
<PI_SUFX_NAME/>
<PI_FULL_NAME>Gilbert Moss</PI_FULL_NAME>
<EmailAddress><![CDATA[moss@math.utah.edu]]></EmailAddress>
<NSF_ID>000678843</NSF_ID>
<StartDate>07/20/2020</StartDate>
<EndDate/>
<RoleCode>Principal Investigator</RoleCode>
</Investigator>
<Institution>
<Name>University of Utah</Name>
<CityName>SALT LAKE CITY</CityName>
<ZipCode>841129049</ZipCode>
<PhoneNumber>8015816903</PhoneNumber>
<StreetAddress>201 PRESIDENTS CIR</StreetAddress>
<StreetAddress2/>
<CountryName>United States</CountryName>
<StateName>Utah</StateName>
<StateCode>UT</StateCode>
<CONGRESSDISTRICT>02</CONGRESSDISTRICT>
<CONGRESS_DISTRICT_ORG>UT02</CONGRESS_DISTRICT_ORG>
<ORG_UEI_NUM>LL8GLEVH6MG3</ORG_UEI_NUM>
<ORG_LGL_BUS_NAME>UNIVERSITY OF UTAH, THE</ORG_LGL_BUS_NAME>
<ORG_PRNT_UEI_NUM>LL8GLEVH6MG3</ORG_PRNT_UEI_NUM>
</Institution>
<Performance_Institution>
<Name><![CDATA[UNIV OF UTAH]]></Name>
<CityName>SALT LAKE CITY</CityName>
<StateCode>UT</StateCode>
<ZipCode>841120090</ZipCode>
<StreetAddress/>
<CountryCode>US</CountryCode>
<CountryName>United States</CountryName>
<StateName>Utah</StateName>
<CountryFlag>1</CountryFlag>
<CONGRESSDISTRICT>02</CONGRESSDISTRICT>
<CONGRESS_DISTRICT_PERF>UT02</CONGRESS_DISTRICT_PERF>
</Performance_Institution>
<ProgramElement>
<Code>1264</Code>
<Text>ALGEBRA,NUMBER THEORY,AND COM</Text>
</ProgramElement>
<ProgramReference>
<Code>9251</Code>
<Text>REU SUPP-Res Exp for Ugrd Supp</Text>
</ProgramReference>
<Appropriation>
<Code>0120</Code>
<Name>NSF RESEARCH &amp; RELATED ACTIVIT</Name>
<APP_SYMB_ID>040100</APP_SYMB_ID>
</Appropriation>
<Fund>
<Code>01002021DB</Code>
<Name><![CDATA[NSF RESEARCH & RELATED ACTIVIT]]></Name>
<FUND_SYMB_ID>040100</FUND_SYMB_ID>
</Fund>
<FUND_OBLG>2020~95375</FUND_OBLG>
</Award>
</rootTag>
