<?xml version="1.0" encoding="UTF-8"?>
<rootTag>
<Award>
<AwardTitle><![CDATA[Improving Professional Development in Mathematics by Understanding the Mechanisms that Translate Teacher Learning into Student Learning]]></AwardTitle>
<AGENCY>NSF</AGENCY>
<AwardEffectiveDate>09/01/2021</AwardEffectiveDate>
<AwardExpirationDate>08/31/2025</AwardExpirationDate>
<AwardTotalIntnAmount>2906445.00</AwardTotalIntnAmount>
<AwardAmount>1470932</AwardAmount>
<AwardInstrument>
<Value>Continuing Grant</Value>
</AwardInstrument>
<Organization>
<Code>11090000</Code>
<Directorate>
<Abbreviation>EHR</Abbreviation>
<LongName>Direct For Education and Human Resources</LongName>
</Directorate>
<Division>
<Abbreviation>DRL</Abbreviation>
<LongName>Division Of Research On Learning</LongName>
</Division>
</Organization>
<ProgramOfficer>
<SignBlockName>Michael Steele</SignBlockName>
<PO_EMAI>msteele@nsf.gov</PO_EMAI>
<PO_PHON>7032920000</PO_PHON>
</ProgramOfficer>
<AbstractNarration><![CDATA[A great deal is known about the effects of mathematics teacher professional development on teachers' mathematical knowledge for teaching. While some professional development programs show meaningful changes in teacher knowledge, these changes do not always translate into changes in teacher practice. This project explores the mechanisms by which teachers translate what they learn from professional development into their teaching practice. The goal of this project is to study how the knowledge and skills teachers acquire during professional development (PD) translate into more conceptually oriented mathematics teaching and, in turn, into increased student learning. The project builds on a promising video-based PD that engages teachers in analyzing videos of classroom mathematics teaching. Previous research indicates that teachers who can analyze teaching by focusing on the nature of the mathematical learning opportunities experienced by students often teach more effectively. The researchers aim to better understand the path teachers follow as they develop this professional competency and translate it into more ambitious teaching that supports richer student learning. The lack of understanding of how a PD program can reach students is a significant barrier to improving the effectiveness of PD. To build this understanding, the researchers aim to test and refine an implementation theory that specifies the obstacles teachers face as they apply their learning to their classroom teaching and the contextual supports that help teachers surmount these obstacles. Lessons learned from understanding the factors that impact the effects of PD will help educators design PD programs that maximize the translation of teacher learning into student learning. &lt;br/&gt;&lt;br/&gt;The project will recruit and support a cohort of teachers, grades 4–5 (n=40) and grades 6–7 (n=40) for three years to trace growth in teacher learning, changes in teaching practices, and increases in student learning. The PD will be provided throughout the year for three consecutive years. The researchers will focus on two mathematics topics with a third topic assessed to measure transfer effects. Several cycles of lesson analysis will occur each year, with small grade-alike curriculum-alike groups assisted by trained coaches to help teachers translate their growing analysis skills into planning, implementing, and reflecting on their own lessons. Additional days will be allocated each year to assist the larger groups of teachers in developing pedagogical content knowledge for analyzing teaching. The research focuses on the following questions: 1) What are the relationships between teacher learning from PD, classroom teaching, and student learning, how do hypothesized mediating variables affect these relationships, and how do these relationships change as teachers become more competent at analyzing teaching?; and 2) How do teachers describe the obstacles and supports they believe affect their learning and teaching, and how do these obstacles and supports deepen and broaden the implementation theory? Multi-level modeling will be used to address the first question, taking into account for the nested nature of the data, in order to test a model that hypothesizes direct and indirect relationships between teacher learning and teaching practice and, in turn, teaching practice and student learning. Teachers will take assessments each year, for each mathematics topic, on the analysis of teaching skills, on the use of teaching practices, and on students’ learning. Cluster analysis will be used to explore the extent to which the relationship between learning to analyze the mathematics of a lesson, teaching quality, and student achievement may be different for different teachers based on measured characteristics. Longitudinal analysis will be used to examine the theoretical relationships among variables in the hypothesized path model. Teachers’ mathematical knowledge for teaching, lesson planning, and textbook curricular material use will be examined as possible mediating variables between teacher learning and teaching practice. To address the second research question, participants will engage in annual interviews about the factors they are obstacles to doing this work and about the supports within and outside of the PD that ameliorate these obstacles. Quantitative analyses will test the relationships between the obstacles and supports with teacher learning and classroom teaching. Through qualitative analyses, the obstacles and supports to translating professional learning into practice will be further articulated. These obstacles and supports, along with the professional development model, will be disseminated to the field. &lt;br/&gt;&lt;br/&gt;The Discovery Research preK-12 program (DRK-12) seeks to significantly enhance the learning and teaching of science, technology, engineering and mathematics (STEM) by preK-12 students and teachers, through research and development of innovative resources, models and tools. Projects in the DRK-12 program build on fundamental research in STEM education and prior research and development efforts that provide theoretical and empirical justification for proposed projects.&lt;br/&gt;&lt;br/&gt;This award reflects NSF's statutory mission and has been deemed worthy of support through evaluation using the Foundation's intellectual merit and broader impacts review criteria.]]></AbstractNarration>
<MinAmdLetterDate>03/17/2021</MinAmdLetterDate>
<MaxAmdLetterDate>08/27/2021</MaxAmdLetterDate>
<ARRAAmount/>
<TRAN_TYPE>Grant</TRAN_TYPE>
<CFDA_NUM>47.076</CFDA_NUM>
<NSF_PAR_USE_FLAG>1</NSF_PAR_USE_FLAG>
<FUND_AGCY_CODE>4900</FUND_AGCY_CODE>
<AWDG_AGCY_CODE>4900</AWDG_AGCY_CODE>
<AwardID>2100617</AwardID>
<Investigator>
<FirstName>James</FirstName>
<LastName>Hiebert</LastName>
<PI_MID_INIT/>
<PI_SUFX_NAME/>
<PI_FULL_NAME>James Hiebert</PI_FULL_NAME>
<EmailAddress><![CDATA[hiebert@udel.edu]]></EmailAddress>
<NSF_ID>000438289</NSF_ID>
<StartDate>03/17/2021</StartDate>
<EndDate/>
<RoleCode>Principal Investigator</RoleCode>
</Investigator>
<Investigator>
<FirstName>Lynsey</FirstName>
<LastName>Gibbons</LastName>
<PI_MID_INIT/>
<PI_SUFX_NAME/>
<PI_FULL_NAME>Lynsey Gibbons</PI_FULL_NAME>
<EmailAddress><![CDATA[lgibbons@bu.edu]]></EmailAddress>
<NSF_ID>000715462</NSF_ID>
<StartDate>08/27/2021</StartDate>
<EndDate/>
<RoleCode>Co-Principal Investigator</RoleCode>
</Investigator>
<Investigator>
<FirstName>Jamila</FirstName>
<LastName>Riser</LastName>
<PI_MID_INIT>Q</PI_MID_INIT>
<PI_SUFX_NAME/>
<PI_FULL_NAME>Jamila Q Riser</PI_FULL_NAME>
<EmailAddress><![CDATA[jqriser@gmail.com]]></EmailAddress>
<NSF_ID>000763776</NSF_ID>
<StartDate>03/17/2021</StartDate>
<EndDate/>
<RoleCode>Co-Principal Investigator</RoleCode>
</Investigator>
<Investigator>
<FirstName>Erica</FirstName>
<LastName>Litke</LastName>
<PI_MID_INIT>G</PI_MID_INIT>
<PI_SUFX_NAME/>
<PI_FULL_NAME>Erica G Litke</PI_FULL_NAME>
<EmailAddress><![CDATA[litke@udel.edu]]></EmailAddress>
<NSF_ID>000764057</NSF_ID>
<StartDate>03/17/2021</StartDate>
<EndDate/>
<RoleCode>Co-Principal Investigator</RoleCode>
</Investigator>
<Investigator>
<FirstName>Valerie</FirstName>
<LastName>Maxwell</LastName>
<PI_MID_INIT>C</PI_MID_INIT>
<PI_SUFX_NAME/>
<PI_FULL_NAME>Valerie C Maxwell</PI_FULL_NAME>
<EmailAddress><![CDATA[vmaxwell@udel.edu]]></EmailAddress>
<NSF_ID>000764067</NSF_ID>
<StartDate>03/17/2021</StartDate>
<EndDate/>
<RoleCode>Co-Principal Investigator</RoleCode>
</Investigator>
<Institution>
<Name>University of Delaware</Name>
<CityName>NEWARK</CityName>
<ZipCode>197160099</ZipCode>
<PhoneNumber>3028312136</PhoneNumber>
<StreetAddress>220 HULLIHEN HALL</StreetAddress>
<StreetAddress2/>
<CountryName>United States</CountryName>
<StateName>Delaware</StateName>
<StateCode>DE</StateCode>
<CONGRESSDISTRICT>00</CONGRESSDISTRICT>
<CONGRESS_DISTRICT_ORG>DE00</CONGRESS_DISTRICT_ORG>
<ORG_UEI_NUM>T72NHKM259N3</ORG_UEI_NUM>
<ORG_LGL_BUS_NAME>UNIVERSITY OF DELAWARE</ORG_LGL_BUS_NAME>
<ORG_PRNT_UEI_NUM>T72NHKM259N3</ORG_PRNT_UEI_NUM>
</Institution>
<Performance_Institution>
<Name><![CDATA[University of Delaware]]></Name>
<CityName>Newark</CityName>
<StateCode>DE</StateCode>
<ZipCode>197160099</ZipCode>
<StreetAddress><![CDATA[210 Hullihen Hall]]></StreetAddress>
<CountryCode>US</CountryCode>
<CountryName>United States</CountryName>
<StateName>Delaware</StateName>
<CountryFlag>1</CountryFlag>
<CONGRESSDISTRICT>00</CONGRESSDISTRICT>
<CONGRESS_DISTRICT_PERF>DE00</CONGRESS_DISTRICT_PERF>
</Performance_Institution>
<ProgramElement>
<Code>7645</Code>
<Text>Discovery Research K-12</Text>
</ProgramElement>
<Appropriation>
<Code>0421</Code>
<Name>NSF Education &amp; Human Resource</Name>
<APP_SYMB_ID>040106</APP_SYMB_ID>
</Appropriation>
<Fund>
<Code>04002122DB</Code>
<Name><![CDATA[NSF Education & Human Resource]]></Name>
<FUND_SYMB_ID>040106</FUND_SYMB_ID>
</Fund>
<FUND_OBLG>2021~1470932</FUND_OBLG>
</Award>
</rootTag>
