<?xml version="1.0" encoding="UTF-8"?>
<rootTag>
<Award>
<AwardTitle>Collaborative Research: Optimizing Trauma Care Network Design</AwardTitle>
<AGENCY>NSF</AGENCY>
<AwardEffectiveDate>08/01/2020</AwardEffectiveDate>
<AwardExpirationDate>08/31/2022</AwardExpirationDate>
<AwardTotalIntnAmount>180009.00</AwardTotalIntnAmount>
<AwardAmount>194889</AwardAmount>
<AwardInstrument>
<Value>Standard Grant</Value>
</AwardInstrument>
<Organization>
<Code>07030000</Code>
<Directorate>
<Abbreviation>ENG</Abbreviation>
<LongName>Directorate For Engineering</LongName>
</Directorate>
<Division>
<Abbreviation>CMMI</Abbreviation>
<LongName>Div Of Civil, Mechanical, &amp; Manufact Inn</LongName>
</Division>
</Organization>
<ProgramOfficer>
<SignBlockName>Georgia-Ann Klutke</SignBlockName>
<PO_EMAI>gaklutke@nsf.gov</PO_EMAI>
<PO_PHON>7032922443</PO_PHON>
</ProgramOfficer>
<AbstractNarration>This award advances the national health by supporting research that will improve trauma care network design.  Trauma is a leading cause  of death in younger populations.  Trauma care networks include trauma centers, staffed and equipped round the clock to treat the most severely injured cases, community hospitals, equipped to stabilize and transport patients to appropriate trauma centers, and air/ground transport services.  The trauma care network should ensure that severely injured patients receive the right care in the right amount of time, but maldistribution of trauma care facilities can result in undertreatment of severely injured patients as well as expensive overtreatment of less-severely injured patients.  This project will facilitate coordinated network design between state agencies and hospital networks, two key stakeholders in the trauma care system. It will enable trauma policy makers to quantitatively benchmark trauma care regionally and nationally in terms of triage errors and costs.  The research team will collaborate with state officials, hospitals, and emergency care providers to validate the network optimization methods.  The award will support graduate student research and provide experiential learning opportunities for undergraduate and graduate students in operations research related to healthcare policy and management.  Research findings will be widely distributed to both the academic and practitioner communities. &lt;br/&gt;&lt;br/&gt;Innovative optimization methods to coordinate the bilevel decision making process for trauma center location are developed in this project.  The research frames the trauma network design problem as a bilevel biobjective optimization problem to capture the hierarchical interaction between the upper level (regional authority) decisions involving subsidy allocation to improve social wellbeing and minimize public spending, and lower level (hospital networks) decisions involving upgrade or downgrade to maximize revenue. Novel techniques for cross-decomposition to bound the combinatorial lower level problem and adaptive scalarization to approximate the entire Pareto set of nonlinear nonconvex multiobjective bilevel programs will enable efficient problem solution. Robustness will be evaluated in response to spatial variations in on-scene decisions, and temporal deviations in projected trauma demand and transport resource availability. New surrogate modeling-based algorithms will help solve the resultant maximal parameter subspace identification problem. Data from two states will be used to validate the approach.&lt;br/&gt;&lt;br/&gt;This award reflects NSF's statutory mission and has been deemed worthy of support through evaluation using the Foundation's intellectual merit and broader impacts review criteria.</AbstractNarration>
<MinAmdLetterDate>10/23/2020</MinAmdLetterDate>
<MaxAmdLetterDate>10/23/2020</MaxAmdLetterDate>
<ARRAAmount/>
<TRAN_TYPE>Grant</TRAN_TYPE>
<CFDA_NUM>47.041</CFDA_NUM>
<NSF_PAR_USE_FLAG>1</NSF_PAR_USE_FLAG>
<FUND_AGCY_CODE>4900</FUND_AGCY_CODE>
<AWDG_AGCY_CODE>4900</AWDG_AGCY_CODE>
<AwardID>2100979</AwardID>
<Investigator>
<FirstName>Pratik</FirstName>
<LastName>Parikh</LastName>
<PI_MID_INIT>J</PI_MID_INIT>
<PI_SUFX_NAME/>
<PI_FULL_NAME>Pratik J Parikh</PI_FULL_NAME>
<EmailAddress>pratik.parikh@louisville.edu</EmailAddress>
<PI_PHON>5402304420</PI_PHON>
<NSF_ID>000543996</NSF_ID>
<StartDate>10/23/2020</StartDate>
<EndDate/>
<RoleCode>Principal Investigator</RoleCode>
</Investigator>
<Institution>
<Name>University of Louisville Research Foundation Inc</Name>
<CityName>LOUISVILLE</CityName>
<ZipCode>402081838</ZipCode>
<PhoneNumber>5028523788</PhoneNumber>
<StreetAddress>2301 S 3RD ST</StreetAddress>
<StreetAddress2/>
<CountryName>United States</CountryName>
<StateName>Kentucky</StateName>
<StateCode>KY</StateCode>
<CONGRESSDISTRICT>03</CONGRESSDISTRICT>
<CONGRESS_DISTRICT_ORG>KY03</CONGRESS_DISTRICT_ORG>
<ORG_UEI_NUM>E1KJM4T54MK6</ORG_UEI_NUM>
<ORG_LGL_BUS_NAME>UNIVERSITY OF LOUISVILLE</ORG_LGL_BUS_NAME>
<ORG_PRNT_UEI_NUM>E1KJM4T54MK6</ORG_PRNT_UEI_NUM>
</Institution>
<Performance_Institution>
<Name><![CDATA[University of Louisville Research Foundation]]></Name>
<CityName>Louisville</CityName>
<StateCode>KY</StateCode>
<ZipCode>402021959</ZipCode>
<StreetAddress><![CDATA[2301 South Third Street]]></StreetAddress>
<CountryCode>US</CountryCode>
<CountryName>United States</CountryName>
<StateName>Kentucky</StateName>
<CountryFlag>1</CountryFlag>
<CONGRESSDISTRICT>03</CONGRESSDISTRICT>
<CONGRESS_DISTRICT_PERF>KY03</CONGRESS_DISTRICT_PERF>
</Performance_Institution>
<ProgramElement>
<Code>006Y</Code>
<Text>OE Operations Engineering</Text>
</ProgramElement>
<ProgramReference>
<Code>073E</Code>
<Text>OPTIMIZATION &amp; DECISION MAKING</Text>
</ProgramReference>
<ProgramReference>
<Code>078E</Code>
<Text>ENTERPRISE DESIGN &amp; LOGISTICS</Text>
</ProgramReference>
<ProgramReference>
<Code>116E</Code>
<Text>RESEARCH EXP FOR UNDERGRADS</Text>
</ProgramReference>
<ProgramReference>
<Code>8023</Code>
<Text>Health Care Enterprise Systems</Text>
</ProgramReference>
<ProgramReference>
<Code>9178</Code>
<Text>UNDERGRADUATE EDUCATION</Text>
</ProgramReference>
<ProgramReference>
<Code>9231</Code>
<Text>SUPPL FOR UNDERGRAD RES ASSIST</Text>
</ProgramReference>
<ProgramReference>
<Code>9251</Code>
<Text>REU SUPP-Res Exp for Ugrd Supp</Text>
</ProgramReference>
<Appropriation>
<Code>0118</Code>
<Name>NSF RESEARCH &amp; RELATED ACTIVIT</Name>
<APP_SYMB_ID>040100</APP_SYMB_ID>
</Appropriation>
<Appropriation>
<Code>0119</Code>
<Name>NSF RESEARCH &amp; RELATED ACTIVIT</Name>
<APP_SYMB_ID>040100</APP_SYMB_ID>
</Appropriation>
<Fund>
<Code>01001819DB</Code>
<Name><![CDATA[NSF RESEARCH & RELATED ACTIVIT]]></Name>
<FUND_SYMB_ID>040100</FUND_SYMB_ID>
</Fund>
<Fund>
<Code>01001920DB</Code>
<Name><![CDATA[NSF RESEARCH & RELATED ACTIVIT]]></Name>
<FUND_SYMB_ID>040100</FUND_SYMB_ID>
</Fund>
<FUND_OBLG>2018~180009</FUND_OBLG>
<FUND_OBLG>2019~14880</FUND_OBLG>
</Award>
</rootTag>
