<?xml version="1.0" encoding="UTF-8"?>
<rootTag>
<Award>
<AwardTitle>Shimura Varieties, p-Adic Shtukas, and Local Systems</AwardTitle>
<AGENCY>NSF</AGENCY>
<AwardEffectiveDate>05/01/2021</AwardEffectiveDate>
<AwardExpirationDate>04/30/2024</AwardExpirationDate>
<AwardTotalIntnAmount>250000.00</AwardTotalIntnAmount>
<AwardAmount>250000</AwardAmount>
<AwardInstrument>
<Value>Standard Grant</Value>
</AwardInstrument>
<Organization>
<Code>03040000</Code>
<Directorate>
<Abbreviation>MPS</Abbreviation>
<LongName>Direct For Mathematical &amp; Physical Scien</LongName>
</Directorate>
<Division>
<Abbreviation>DMS</Abbreviation>
<LongName>Division Of Mathematical Sciences</LongName>
</Division>
</Organization>
<ProgramOfficer>
<SignBlockName>Adriana Salerno</SignBlockName>
<PO_EMAI>asalerno@nsf.gov</PO_EMAI>
<PO_PHON>7032922271</PO_PHON>
</ProgramOfficer>
<AbstractNarration>The PI will conduct research in the field of arithmetic algebraic geometry. This is a subject that blends two of the oldest areas of mathematics: The geometry of shapes that can be described by the simplest equations, namely polynomials, and the study of numbers. This combination of disciplines has proved extraordinarily fruitful - having solved problems that withstood generations (such as "Fermat's last theorem"). The general field has connections with physics, and has found important applications to the construction of error correcting codes and cryptography. The PI's work mainly concentrates on the study of specific equations which describe shapes with many symmetries and on connections of the subject with certain constructions in mathematical physics. The PI plans to involve graduate students in some of the projects.&lt;br/&gt;&lt;br/&gt;The PI is working to describe integral models for Shimura varieties at primes of non-smooth reduction and study related spaces. In particular, he will continue to investigate the singularities of Shimura varieties of abelian type at such primes. He plans to characterize these integral models by using the novel theory of p-adic shtukas and, in the case of orthogonal Shimura varieties, explicitly study the local structure of their reductions. He would also like to interpret Shimura varieties as special cases of more general moduli spaces of "arithmetic shtukas" and to generalize the concept of special points of Shimura varieties to such moduli spaces. Finally, motivated by an analogy with the theory of moduli of bundles over Riemann surfaces as it appears in mathematical physics, the PI will investigate symplectic properties of deformation spaces of local systems and Galois representations.&lt;br/&gt;&lt;br/&gt;This award reflects NSF's statutory mission and has been deemed worthy of support through evaluation using the Foundation's intellectual merit and broader impacts review criteria.</AbstractNarration>
<MinAmdLetterDate>03/09/2021</MinAmdLetterDate>
<MaxAmdLetterDate>05/21/2021</MaxAmdLetterDate>
<ARRAAmount/>
<TRAN_TYPE>Grant</TRAN_TYPE>
<CFDA_NUM>47.049</CFDA_NUM>
<NSF_PAR_USE_FLAG>1</NSF_PAR_USE_FLAG>
<FUND_AGCY_CODE>4900</FUND_AGCY_CODE>
<AWDG_AGCY_CODE>4900</AWDG_AGCY_CODE>
<AwardID>2100743</AwardID>
<Investigator>
<FirstName>Georgios</FirstName>
<LastName>Pappas</LastName>
<PI_MID_INIT/>
<PI_SUFX_NAME/>
<PI_FULL_NAME>Georgios Pappas</PI_FULL_NAME>
<EmailAddress>pappas@math.msu.edu</EmailAddress>
<PI_PHON>5173534655</PI_PHON>
<NSF_ID>000162104</NSF_ID>
<StartDate>03/09/2021</StartDate>
<EndDate/>
<RoleCode>Principal Investigator</RoleCode>
</Investigator>
<Institution>
<Name>Michigan State University</Name>
<CityName>EAST LANSING</CityName>
<ZipCode>488242600</ZipCode>
<PhoneNumber>5173555040</PhoneNumber>
<StreetAddress>426 AUDITORIUM RD RM 2</StreetAddress>
<StreetAddress2/>
<CountryName>United States</CountryName>
<StateName>Michigan</StateName>
<StateCode>MI</StateCode>
<CONGRESSDISTRICT>08</CONGRESSDISTRICT>
<CONGRESS_DISTRICT_ORG>MI08</CONGRESS_DISTRICT_ORG>
<ORG_UEI_NUM>R28EKN92ZTZ9</ORG_UEI_NUM>
<ORG_LGL_BUS_NAME>MICHIGAN STATE UNIVERSITY</ORG_LGL_BUS_NAME>
<ORG_PRNT_UEI_NUM>VJKZC4D1JN36</ORG_PRNT_UEI_NUM>
</Institution>
<Performance_Institution>
<Name><![CDATA[MICHIGAN STATE UNIVERSITY]]></Name>
<CityName>EAST LANSING</CityName>
<StateCode>MI</StateCode>
<ZipCode>488242600</ZipCode>
<StreetAddress/>
<CountryCode>US</CountryCode>
<CountryName>United States</CountryName>
<StateName>Michigan</StateName>
<CountryFlag>1</CountryFlag>
<CONGRESSDISTRICT>08</CONGRESSDISTRICT>
<CONGRESS_DISTRICT_PERF>MI08</CONGRESS_DISTRICT_PERF>
</Performance_Institution>
<ProgramElement>
<Code>1264</Code>
<Text>ALGEBRA,NUMBER THEORY,AND COM</Text>
</ProgramElement>
<Appropriation>
<Code>0121</Code>
<Name>NSF RESEARCH &amp; RELATED ACTIVIT</Name>
<APP_SYMB_ID>040100</APP_SYMB_ID>
</Appropriation>
<Fund>
<Code>01002122DB</Code>
<Name><![CDATA[NSF RESEARCH & RELATED ACTIVIT]]></Name>
<FUND_SYMB_ID>040100</FUND_SYMB_ID>
</Fund>
<FUND_OBLG>2021~250000</FUND_OBLG>
</Award>
</rootTag>
