<?xml version="1.0" encoding="UTF-8"?>
<rootTag>
<Award>
<AwardTitle><![CDATA[Collaborative Research: Toward placing contemporary Arctic summer warming in a millennial perspective with a pan-Arctic record of Neoglacial crysophere expansion]]></AwardTitle>
<AGENCY>NSF</AGENCY>
<AwardEffectiveDate>07/15/2021</AwardEffectiveDate>
<AwardExpirationDate>06/30/2023</AwardExpirationDate>
<AwardTotalIntnAmount>55333.00</AwardTotalIntnAmount>
<AwardAmount>55333</AwardAmount>
<AwardInstrument>
<Value>Standard Grant</Value>
</AwardInstrument>
<Organization>
<Code>06090100</Code>
<Directorate>
<Abbreviation>GEO</Abbreviation>
<LongName>Directorate For Geosciences</LongName>
</Directorate>
<Division>
<Abbreviation>OPP</Abbreviation>
<LongName>Office of Polar Programs (OPP)</LongName>
</Division>
</Organization>
<ProgramOfficer>
<SignBlockName>Marc Stieglitz</SignBlockName>
<PO_EMAI>mstiegli@nsf.gov</PO_EMAI>
<PO_PHON>7032924354</PO_PHON>
</ProgramOfficer>
<AbstractNarration><![CDATA[Miller/Kaufman: Toward placing contemporary Arctic summer warming in a millennial perspective with a pan- Arctic record of Neoglacial crysophere expansion&lt;br/&gt;&lt;br/&gt;Non-technical summary. Glacier dimensions in the Arctic are set by summer temperature, but changes in the dimensions of Alaskan glaciers since the end of the ice age are poorly constrained. In response to recent Arctic warming, glaciers in the Brooks Range, Alaska are receding rapidly, and in special settings, on gentle slopes where the ice is thin, glaciers act as preservation agents, rather than erosive agents, preserving intact tiny tundra plants living before the ice expanded over that site in the distant past. The goal of this project is to visit the most likely sites in the Brooks Range where glaciers preserved, rather than eroded the landscape, where we expect tundra plants are being re-exposed as ice recedes. The radiocarbon ages of these plants document when past summers grew colder, allowing ice to expand across these sites, and provide the most reliable&lt;br/&gt;evidence of when in the past Arctic summers cooled enough to allow glaciers to grow.&lt;br/&gt;Broader Impacts. Comparing the ages of ice-entombed Alaska plants to ages of plants exposed in other Arctic regions will allow us to better understand large-scale climate change on a hemispheric scale. These results serve as tests for climate models that are used to predict future climate. The same models used for future projections can be run in reverse to predict climate evolution in the past. If the models predict similar patterns of past climate change as documented by the ages of ice-entombed plants across the Arctic, our confidence in the ability of climate models to reliably predict future climate is increased. If the models fail to predict patterns similar to the plant ages, then it is likely the models have underestimated certain aspects of the climate system.&lt;br/&gt;&lt;br/&gt;Technical summary. Changes in the dimensions of Brooks Range glaciers through the Holocene, a primary proxy for changes in summer temperature, are poorly constrained. Where glaciers are cold-based and on gently sloping terrain, they often do not erode, but act as exceptional preservation agents, preserving tiny tundra plants killed by expanding ice. Rapid ice recession across the Brooks Range is now exposing landscapes likely to preserve in situ tundra plants killed by late Holocene ice expansion, with their radiocarbon ages defining episodes of consistently cold summers. This project will visit the most promising sites to look for iceentombed plants emerging as the ice margins recede, and take advantage of the new NSF-supported accelerator mass spectrometer at Northern Arizona University for dating. We expect the resultant composite probability density functions of dated plants to produce age clusters reflecting episodes of ice expansion/cold summers, which can be compared with results from the North Atlantic Arctic, and collectively serve as targets for Common Era climate modeling now underway with CMIP-6.&lt;br/&gt;Broader Impacts. Communicating climate change with the wider public is more important than ever as climate change accelerates and climate literacy lags. Although it's widely understood that glaciers in Alaska (and elsewhere) are rapidly receding, there is less understanding of how unusual this recession really is. This study will place glacier recession in a millennial perspective, likely illustrating that current warming is unprecedented over thousands of years, a concept easily grasped by the general public. To advance public outreach, we will support an experienced graphic designer to translate our science to a form that is accessible to the citizens of Alaska and the broader US community.&lt;br/&gt;&lt;br/&gt;This award reflects NSF's statutory mission and has been deemed worthy of support through evaluation using the Foundation's intellectual merit and broader impacts review criteria.]]></AbstractNarration>
<MinAmdLetterDate>06/21/2021</MinAmdLetterDate>
<MaxAmdLetterDate>06/21/2021</MaxAmdLetterDate>
<ARRAAmount/>
<TRAN_TYPE>Grant</TRAN_TYPE>
<CFDA_NUM>47.078</CFDA_NUM>
<NSF_PAR_USE_FLAG>1</NSF_PAR_USE_FLAG>
<FUND_AGCY_CODE>4900</FUND_AGCY_CODE>
<AWDG_AGCY_CODE>4900</AWDG_AGCY_CODE>
<AwardID>2100379</AwardID>
<Investigator>
<FirstName>Darrell</FirstName>
<LastName>Kaufman</LastName>
<PI_MID_INIT>S</PI_MID_INIT>
<PI_SUFX_NAME/>
<PI_FULL_NAME>Darrell S Kaufman</PI_FULL_NAME>
<EmailAddress><![CDATA[Darrell.Kaufman@nau.edu]]></EmailAddress>
<NSF_ID>000464202</NSF_ID>
<StartDate>06/21/2021</StartDate>
<EndDate/>
<RoleCode>Principal Investigator</RoleCode>
</Investigator>
<Institution>
<Name>Northern Arizona University</Name>
<CityName>FLAGSTAFF</CityName>
<ZipCode>860117034</ZipCode>
<PhoneNumber>9285230886</PhoneNumber>
<StreetAddress>601 S KNOLES DR ROOM 220</StreetAddress>
<StreetAddress2/>
<CountryName>United States</CountryName>
<StateName>Arizona</StateName>
<StateCode>AZ</StateCode>
<CONGRESSDISTRICT>01</CONGRESSDISTRICT>
<CONGRESS_DISTRICT_ORG>AZ01</CONGRESS_DISTRICT_ORG>
<ORG_UEI_NUM>MXHAS3AKPRN1</ORG_UEI_NUM>
<ORG_LGL_BUS_NAME>NORTHERN ARIZONA UNIVERSITY</ORG_LGL_BUS_NAME>
<ORG_PRNT_UEI_NUM>MXHAS3AKPRN1</ORG_PRNT_UEI_NUM>
</Institution>
<Performance_Institution>
<Name><![CDATA[Northern Arizona University]]></Name>
<CityName/>
<StateCode>AZ</StateCode>
<ZipCode>860110001</ZipCode>
<StreetAddress/>
<CountryCode>US</CountryCode>
<CountryName>United States</CountryName>
<StateName>Arizona</StateName>
<CountryFlag>1</CountryFlag>
<CONGRESSDISTRICT>01</CONGRESSDISTRICT>
<CONGRESS_DISTRICT_PERF>AZ01</CONGRESS_DISTRICT_PERF>
</Performance_Institution>
<ProgramElement>
<Code>5280</Code>
<Text>ANS-Arctic Natural Sciences</Text>
</ProgramElement>
<ProgramReference>
<Code>1079</Code>
<Text>ARCTIC RESEARCH</Text>
</ProgramReference>
<ProgramReference>
<Code>5294</Code>
<Text>USGCRP</Text>
</ProgramReference>
<Appropriation>
<Code>02XX</Code>
<Name>NSF RESEARCH &amp; RELATED ACTIVIT</Name>
<APP_SYMB_ID>040100</APP_SYMB_ID>
</Appropriation>
<Fund>
<Code>0100XXXXDB</Code>
<Name><![CDATA[NSF RESEARCH & RELATED ACTIVIT]]></Name>
<FUND_SYMB_ID>040100</FUND_SYMB_ID>
</Fund>
<FUND_OBLG>2021~55333</FUND_OBLG>
</Award>
</rootTag>
