<?xml version="1.0" encoding="UTF-8"?>
<rootTag>
<Award>
<AwardTitle><![CDATA[Personalizing Math Instruction at Scale: A Meta-Analytic and Cost-Effectiveness Analysis of Math Tutoring Programs]]></AwardTitle>
<AGENCY>NSF</AGENCY>
<AwardEffectiveDate>09/01/2021</AwardEffectiveDate>
<AwardExpirationDate>08/31/2024</AwardExpirationDate>
<AwardTotalIntnAmount>817090.00</AwardTotalIntnAmount>
<AwardAmount>817090</AwardAmount>
<AwardInstrument>
<Value>Standard Grant</Value>
</AwardInstrument>
<Organization>
<Code>11090000</Code>
<Directorate>
<Abbreviation>EHR</Abbreviation>
<LongName>Direct For Education and Human Resources</LongName>
</Directorate>
<Division>
<Abbreviation>DRL</Abbreviation>
<LongName>Division Of Research On Learning</LongName>
</Division>
</Organization>
<ProgramOfficer>
<SignBlockName>Jolene Jesse</SignBlockName>
<PO_EMAI>jjesse@nsf.gov</PO_EMAI>
<PO_PHON>7032927303</PO_PHON>
</ProgramOfficer>
<AbstractNarration><![CDATA[This project will identify the most cost-effective and scalable methods of delivering mathematics tutoring to K-12 public school students for the purpose of accelerating learning. While there is a notably large body of rigorous research documenting that high-dosage tutoring produces large academic gains for children who have fallen behind academically, less is known about the features of effective programs needed to guide program design. Additionally, the widespread adoption of tutoring programs has been hampered by the high upfront costs of intensive individualized instructional programs. This project will therefore isolate the key features of the most effective tutoring programs and the costs associated with these programs to identify program models with the potential to deliver the greatest benefits at the lowest cost. Program features could relate to tutor characteristics, the dosage of tutoring delivered, the timing of tutoring sessions, the training and support provided to tutors, tutor-student ratios, the content of tutoring sessions, and more. The project is particularly timely given policymakers and educators are currently looking to invest in affordable strategies to support students’ learning in mathematics given early evidence that Covid-19-related educational disruptions have negatively affected mathematics achievement. This project is funded by the EHR Core Research (ECR) program, which supports work that advances fundamental research on STEM learning and learning environments, broadening participation in STEM, and STEM workforce development.&lt;br/&gt;&lt;br/&gt;The project will include a thorough meta-analysis of all existing studies of mathematics tutoring interventions that use quasi-experimental or experimental methods designed to isolate the causal effects of the tutoring program in question. More specifically, the research team will search for, collect, and code all studies based on the features of the intervention under examination, the size of the effects the intervention had on student outcomes, as well as information that will allow them to calculate costs for each intervention. Researchers will then pool estimates across studies to identify the average effects of mathematics tutoring on student achievement and average per-pupil costs and to examine how the effects and costs of tutoring programs vary by design and program features. Finally, the researchers will examine which features of interventions predict the largest academic gains for students and calculate cost-benefit ratios for each intervention. Meta-analytic and cost-effectiveness reviews are a critical step in developing new scientific knowledge by generating conclusions with greater precision and external validity and accounting for publication bias which can skew perceptions about the overall effectiveness of an intervention when only well-known or successful programs are highlighted in the literature. This project will provide a comprehensive review across all existing studies, ultimately allowing the research team to accurately identify those mathematics tutoring models with the greatest promise for both impact and scalability.&lt;br/&gt;&lt;br/&gt;This award reflects NSF's statutory mission and has been deemed worthy of support through evaluation using the Foundation's intellectual merit and broader impacts review criteria.]]></AbstractNarration>
<MinAmdLetterDate>04/06/2021</MinAmdLetterDate>
<MaxAmdLetterDate>05/21/2021</MaxAmdLetterDate>
<ARRAAmount/>
<TRAN_TYPE>Grant</TRAN_TYPE>
<CFDA_NUM>47.076</CFDA_NUM>
<NSF_PAR_USE_FLAG>1</NSF_PAR_USE_FLAG>
<FUND_AGCY_CODE>4900</FUND_AGCY_CODE>
<AWDG_AGCY_CODE>4900</AWDG_AGCY_CODE>
<AwardID>2100334</AwardID>
<Investigator>
<FirstName>Matthew</FirstName>
<LastName>Kraft</LastName>
<PI_MID_INIT>A</PI_MID_INIT>
<PI_SUFX_NAME/>
<PI_FULL_NAME>Matthew A Kraft</PI_FULL_NAME>
<EmailAddress><![CDATA[mkraft@brown.edu]]></EmailAddress>
<NSF_ID>000647416</NSF_ID>
<StartDate>04/06/2021</StartDate>
<EndDate/>
<RoleCode>Principal Investigator</RoleCode>
</Investigator>
<Investigator>
<FirstName>Beth</FirstName>
<LastName>Schueler</LastName>
<PI_MID_INIT/>
<PI_SUFX_NAME/>
<PI_FULL_NAME>Beth Schueler</PI_FULL_NAME>
<EmailAddress><![CDATA[bs6bv@virginia.edu]]></EmailAddress>
<NSF_ID>000839391</NSF_ID>
<StartDate>04/06/2021</StartDate>
<EndDate/>
<RoleCode>Co-Principal Investigator</RoleCode>
</Investigator>
<Institution>
<Name>Brown University</Name>
<CityName>PROVIDENCE</CityName>
<ZipCode>029129127</ZipCode>
<PhoneNumber>4018632777</PhoneNumber>
<StreetAddress>1 PROSPECT ST</StreetAddress>
<StreetAddress2/>
<CountryName>United States</CountryName>
<StateName>Rhode Island</StateName>
<StateCode>RI</StateCode>
<CONGRESSDISTRICT>01</CONGRESSDISTRICT>
<CONGRESS_DISTRICT_ORG>RI01</CONGRESS_DISTRICT_ORG>
<ORG_UEI_NUM>E3FDXZ6TBHW3</ORG_UEI_NUM>
<ORG_LGL_BUS_NAME>BROWN UNIVERSITY</ORG_LGL_BUS_NAME>
<ORG_PRNT_UEI_NUM>E3FDXZ6TBHW3</ORG_PRNT_UEI_NUM>
</Institution>
<Performance_Institution>
<Name><![CDATA[Brown University]]></Name>
<CityName/>
<StateCode>RI</StateCode>
<ZipCode>029129002</ZipCode>
<StreetAddress/>
<CountryCode>US</CountryCode>
<CountryName>United States</CountryName>
<StateName>Rhode Island</StateName>
<CountryFlag>1</CountryFlag>
<CONGRESSDISTRICT>01</CONGRESSDISTRICT>
<CONGRESS_DISTRICT_PERF>RI01</CONGRESS_DISTRICT_PERF>
</Performance_Institution>
<ProgramElement>
<Code>7980</Code>
<Text>ECR-EHR Core Research</Text>
</ProgramElement>
<ProgramReference>
<Code>8817</Code>
<Text>STEM Learning &amp; Learning Environments</Text>
</ProgramReference>
<Appropriation>
<Code>0421</Code>
<Name>NSF Education &amp; Human Resource</Name>
<APP_SYMB_ID>040106</APP_SYMB_ID>
</Appropriation>
<Fund>
<Code>04002122DB</Code>
<Name><![CDATA[NSF Education & Human Resource]]></Name>
<FUND_SYMB_ID>040106</FUND_SYMB_ID>
</Fund>
<FUND_OBLG>2021~817090</FUND_OBLG>
</Award>
</rootTag>
