<?xml version="1.0" encoding="UTF-8"?>
<rootTag>
<Award>
<AwardTitle>Measuring and Modeling Visual Attention in Online Multimedia Instruction</AwardTitle>
<AGENCY>NSF</AGENCY>
<AwardEffectiveDate>10/01/2021</AwardEffectiveDate>
<AwardExpirationDate>09/30/2024</AwardExpirationDate>
<AwardTotalIntnAmount>471982.00</AwardTotalIntnAmount>
<AwardAmount>471982</AwardAmount>
<AwardInstrument>
<Value>Standard Grant</Value>
</AwardInstrument>
<Organization>
<Code>11040000</Code>
<Directorate>
<Abbreviation>EHR</Abbreviation>
<LongName>Direct For Education and Human Resources</LongName>
</Directorate>
<Division>
<Abbreviation>DUE</Abbreviation>
<LongName>Division Of Undergraduate Education</LongName>
</Division>
</Organization>
<ProgramOfficer>
<SignBlockName>Bonnie Green</SignBlockName>
<PO_EMAI>bongreen@nsf.gov</PO_EMAI>
<PO_PHON>7032924386</PO_PHON>
</ProgramOfficer>
<AbstractNarration>Online multimedia instruction is expected to grow. Yet, given the tendency for students’ minds to wander and to be distracted especially during online instruction, it is important for researchers and educators to understand how to help students to stay focused on the important information while ignoring the unimportant information. This project addresses two fundamental issues: How does the online Science, Technology, Engineering, and Mathematics (STEM) instructor or educational materials developer know when learners are effectively paying attention to the learning material? How can they use this information to improve the  design of their online learning materials in STEM? Attention and learning outcomes will be collected for several hundred students as they use multiple online modules, over a semester-long of a university introductory physics course. These data will be used to predict students’ attention and how it relates to their learning outcomes. This information will then be used to help improve online multimedia instruction.&lt;br/&gt;&lt;br/&gt;This project addresses a gap between the known effects of attention on learning and attempts to translate those theoretical constructs into pedagogical practice in rigorously, reliably, and validly measurable ways. This study is the first to bridge the theory and methods of studying attention in cognitive science with educational practice during a semester-long university online course. It points the way to making rapid, ecologically valid  progress in understanding the connections between students' moment-to-moment attentional states and their long-term STEM learning. Such progress could be useful in advancing policy and practice surrounding improving STEM learning. In Phase 1(Basic Research), the Principal Investigators (PIs) propose a longitudinal, naturalistic study of attention and learning from online instruction. The PIs will study several hundred students' attention to online  learning materials, and their learning, over a semester-long of a large university introductory physics course. In Phase 2 (Applied Research), using the above information, the PIs will identify generalizable targets of change in students' attentional states by alerting students at critical moments of attentional lapses, or cueing their attention to relevant information.  For instructors and instructional designers, the project will provide meaningful, high impact data on students' varying attentional states over time, and will pinpoint attentional deficiencies. The proposed research will develop an Attentional Toolkit that takes a two-pronged approach to leveraging students' attentional states and improving their educational outcomes. The first prong ("demand side") addresses the learner by measuring their level of attentiveness and alerting/cueing their attention. The second prong ("supply side") addresses the instructor or online materials developer. To improve the broader impact of their research, the PIs will seek out a diverse pool of participants and take all measures necessary to improve fairness and reduce bias. Further, because the proposed methods are likely generalizable across numerous educational domains, the Attentional Toolkit could be broadly used across educational disciplines. In addition to publications and presentations, the Attentional Toolkit will be made available to faculty. The PIs will also provide workshops to faculty who are teaching multimedia online courses on how to use the Attentional Toolkit. This project is funded by the EHR Core Research (ECR) program, which supports work that advances fundamental research on STEM learning and learning environments, broadening participation in STEM, and STEM workforce development.&lt;br/&gt;&lt;br/&gt;This award reflects NSF's statutory mission and has been deemed worthy of support through evaluation using the Foundation's intellectual merit and broader impacts review criteria.</AbstractNarration>
<MinAmdLetterDate>08/12/2021</MinAmdLetterDate>
<MaxAmdLetterDate>08/12/2021</MaxAmdLetterDate>
<ARRAAmount/>
<TRAN_TYPE>Grant</TRAN_TYPE>
<CFDA_NUM>47.076</CFDA_NUM>
<NSF_PAR_USE_FLAG>1</NSF_PAR_USE_FLAG>
<FUND_AGCY_CODE>4900</FUND_AGCY_CODE>
<AWDG_AGCY_CODE>4900</AWDG_AGCY_CODE>
<AwardID>2100218</AwardID>
<Investigator>
<FirstName>N. Sanjay</FirstName>
<LastName>Rebello</LastName>
<PI_MID_INIT/>
<PI_SUFX_NAME/>
<PI_FULL_NAME>N. Sanjay Rebello</PI_FULL_NAME>
<EmailAddress>rebellos@purdue.edu</EmailAddress>
<PI_PHON>7855377543</PI_PHON>
<NSF_ID>000110470</NSF_ID>
<StartDate>08/12/2021</StartDate>
<EndDate/>
<RoleCode>Principal Investigator</RoleCode>
</Investigator>
<Institution>
<Name>Purdue University</Name>
<CityName>WEST LAFAYETTE</CityName>
<ZipCode>479061332</ZipCode>
<PhoneNumber>7654941055</PhoneNumber>
<StreetAddress>2550 NORTHWESTERN AVE STE 1900</StreetAddress>
<StreetAddress2/>
<CountryName>United States</CountryName>
<StateName>Indiana</StateName>
<StateCode>IN</StateCode>
<CONGRESSDISTRICT>04</CONGRESSDISTRICT>
<CONGRESS_DISTRICT_ORG>IN04</CONGRESS_DISTRICT_ORG>
<ORG_UEI_NUM>YRXVL4JYCEF5</ORG_UEI_NUM>
<ORG_LGL_BUS_NAME>PURDUE UNIVERSITY</ORG_LGL_BUS_NAME>
<ORG_PRNT_UEI_NUM>YRXVL4JYCEF5</ORG_PRNT_UEI_NUM>
</Institution>
<Performance_Institution>
<Name><![CDATA[Purdue University]]></Name>
<CityName>West Lafayette</CityName>
<StateCode>IN</StateCode>
<ZipCode>479072036</ZipCode>
<StreetAddress><![CDATA[525 Northwestern Ave]]></StreetAddress>
<CountryCode>US</CountryCode>
<CountryName>United States</CountryName>
<StateName>Indiana</StateName>
<CountryFlag>1</CountryFlag>
<CONGRESSDISTRICT>04</CONGRESSDISTRICT>
<CONGRESS_DISTRICT_PERF>IN04</CONGRESS_DISTRICT_PERF>
</Performance_Institution>
<ProgramElement>
<Code>7980</Code>
<Text>ECR-EHR Core Research</Text>
</ProgramElement>
<ProgramReference>
<Code>7261</Code>
<Text>PROGRAM EVALUATION</Text>
</ProgramReference>
<ProgramReference>
<Code>8212</Code>
<Text>Broaden Particip STEM Resrch</Text>
</ProgramReference>
<ProgramReference>
<Code>8816</Code>
<Text>Workforce Development</Text>
</ProgramReference>
<ProgramReference>
<Code>8817</Code>
<Text>STEM Learning &amp; Learning Environments</Text>
</ProgramReference>
<Appropriation>
<Code>0421</Code>
<Name>NSF Education &amp; Human Resource</Name>
<APP_SYMB_ID>040106</APP_SYMB_ID>
</Appropriation>
<Fund>
<Code>04002122DB</Code>
<Name><![CDATA[NSF Education & Human Resource]]></Name>
<FUND_SYMB_ID>040106</FUND_SYMB_ID>
</Fund>
<FUND_OBLG>2021~471982</FUND_OBLG>
</Award>
</rootTag>
