<?xml version="1.0" encoding="UTF-8"?>
<rootTag>
<Award>
<AwardTitle><![CDATA[Staying in Science: Investigating STEM Persistence Among High School Youth]]></AwardTitle>
<AGENCY>NSF</AGENCY>
<AwardEffectiveDate>07/15/2021</AwardEffectiveDate>
<AwardExpirationDate>06/30/2026</AwardExpirationDate>
<AwardTotalIntnAmount>1993215.00</AwardTotalIntnAmount>
<AwardAmount>764191</AwardAmount>
<AwardInstrument>
<Value>Continuing Grant</Value>
</AwardInstrument>
<Organization>
<Code>11010000</Code>
<Directorate>
<Abbreviation>EHR</Abbreviation>
<LongName>Direct For Education and Human Resources</LongName>
</Directorate>
<Division>
<Abbreviation>DGE</Abbreviation>
<LongName>Division Of Graduate Education</LongName>
</Division>
</Organization>
<ProgramOfficer>
<SignBlockName>Earnestine Psalmonds</SignBlockName>
<PO_EMAI>eeaster@nsf.gov</PO_EMAI>
<PO_PHON>7032928112</PO_PHON>
</ProgramOfficer>
<AbstractNarration><![CDATA[The American Museum of Natural History plans to investigate the relationship between mentored research and youths’ STEM trajectory from high school to early college. The study builds on a previously funded project that examined the experiences of 733 high school youth who participated in an out-of-school, in-depth science research and mentoring program through the New York City Science Research Mentoring Consortium. The current study will examine how 380 of the initial participants navigate obstacles and biases during college, workforce preparation, and initial jobs, and how the institutional settings for these experiences contribute to a sense of belonging and support or function to further marginalize them and challenge their motivation to pursue STEM education. The study will take an innovative approach of studying relationships among and changes in (1) youths’ participation in communities of practice associated with sustained, mentored science research experience; (2) youths’ social networks; and (3) youths’ academic achievement to identify variations in their pathways and supports.  The project will generate evidence-based findings to position STEM education and workforce development initiatives to implement more effective broadening participation strategies.&lt;br/&gt;&lt;br/&gt;The conceptual framework for the longitudinal research design is the Bronfenbrenner ecological model that enables the investigators to respond to the findings from the prior study and to the theoretical knowledge base that informs factors that mediate STEM persistence for historically marginalized youth. The investigators will investigate questions about how dominant institutional structures afford or limit STEM learning and integration of experiences for marginalized youth and how claims of objectivity and neutrality and a culture of meritocracy in the sciences affect opportunities for such youth.  The investigators will use a mixed-methods approach to answer three research questions: (1) What factors influence commitment to, or divergence from, a pursuit of a STEM major and career? (2) How do institutions, internships, and workplaces create opportunities, experiences, and strategies for students to develop a sense of belonging or function to marginalize youth? (3) In what ways do youth experience and manage obstacles and biases, stereotypes, and microaggressions that they encounter in college, workforce preparation experiences, and first jobs?  The study will focus on alumni who completed their mentored research in 2017 or 2018. Surveys will explore key constructs from the conceptual framework that all the investigators to operationalize the theoretical variables in the research design. The sources of data include surveys with alumni and significant adults, social network analysis surveys, and interviews. The study will provide insight into a key challenge that STEM fields face in increasing interest and persistence in STEM among underrepresented populations. &lt;br/&gt; &lt;br/&gt;This project is supported by the EHR Core Research program that funds fundamental research on STEM learning and learning environments, broadening participation in STEM fields, and STEM workforce development.&lt;br/&gt;&lt;br/&gt;This award reflects NSF's statutory mission and has been deemed worthy of support through evaluation using the Foundation's intellectual merit and broader impacts review criteria.]]></AbstractNarration>
<MinAmdLetterDate>07/14/2021</MinAmdLetterDate>
<MaxAmdLetterDate>07/27/2021</MaxAmdLetterDate>
<ARRAAmount/>
<TRAN_TYPE>Grant</TRAN_TYPE>
<CFDA_NUM>47.076</CFDA_NUM>
<NSF_PAR_USE_FLAG>1</NSF_PAR_USE_FLAG>
<FUND_AGCY_CODE>4900</FUND_AGCY_CODE>
<AWDG_AGCY_CODE>4900</AWDG_AGCY_CODE>
<AwardID>2100155</AwardID>
<Investigator>
<FirstName>Jennifer</FirstName>
<LastName>Adams</LastName>
<PI_MID_INIT>D</PI_MID_INIT>
<PI_SUFX_NAME/>
<PI_FULL_NAME>Jennifer D Adams</PI_FULL_NAME>
<EmailAddress><![CDATA[jennifer.adams1@ucalgary.ca]]></EmailAddress>
<NSF_ID>000136442</NSF_ID>
<StartDate>07/14/2021</StartDate>
<EndDate/>
<RoleCode>Co-Principal Investigator</RoleCode>
</Investigator>
<Investigator>
<FirstName>Timothy</FirstName>
<LastName>Podkul</LastName>
<PI_MID_INIT/>
<PI_SUFX_NAME/>
<PI_FULL_NAME>Timothy Podkul</PI_FULL_NAME>
<EmailAddress><![CDATA[tpodkul@menloedu.org]]></EmailAddress>
<NSF_ID>000506820</NSF_ID>
<StartDate>07/14/2021</StartDate>
<EndDate>07/27/2021</EndDate>
<RoleCode>Former Co-Principal Investigator</RoleCode>
</Investigator>
<Investigator>
<FirstName>Preeti</FirstName>
<LastName>Gupta</LastName>
<PI_MID_INIT/>
<PI_SUFX_NAME/>
<PI_FULL_NAME>Preeti Gupta</PI_FULL_NAME>
<EmailAddress><![CDATA[pgupta@amnh.org]]></EmailAddress>
<NSF_ID>000628799</NSF_ID>
<StartDate>07/14/2021</StartDate>
<EndDate/>
<RoleCode>Principal Investigator</RoleCode>
</Investigator>
<Investigator>
<FirstName>Karen</FirstName>
<LastName>Hammerness</LastName>
<PI_MID_INIT/>
<PI_SUFX_NAME/>
<PI_FULL_NAME>Karen Hammerness</PI_FULL_NAME>
<EmailAddress><![CDATA[khammerness@amnh.org]]></EmailAddress>
<NSF_ID>000701887</NSF_ID>
<StartDate>07/14/2021</StartDate>
<EndDate/>
<RoleCode>Co-Principal Investigator</RoleCode>
</Investigator>
<Investigator>
<FirstName>Rachel</FirstName>
<LastName>Chaffee</LastName>
<PI_MID_INIT/>
<PI_SUFX_NAME/>
<PI_FULL_NAME>Rachel Chaffee</PI_FULL_NAME>
<EmailAddress><![CDATA[rchaffee@amnh.org]]></EmailAddress>
<NSF_ID>000839208</NSF_ID>
<StartDate>07/14/2021</StartDate>
<EndDate/>
<RoleCode>Co-Principal Investigator</RoleCode>
</Investigator>
<Institution>
<Name>American Museum Natural History</Name>
<CityName>NEW YORK</CityName>
<ZipCode>100245102</ZipCode>
<PhoneNumber>2127695975</PhoneNumber>
<StreetAddress>200 CENTRAL PARK W</StreetAddress>
<StreetAddress2/>
<CountryName>United States</CountryName>
<StateName>New York</StateName>
<StateCode>NY</StateCode>
<CONGRESSDISTRICT>10</CONGRESSDISTRICT>
<CONGRESS_DISTRICT_ORG>NY10</CONGRESS_DISTRICT_ORG>
<ORG_UEI_NUM>MNJDKB4FXLM6</ORG_UEI_NUM>
<ORG_LGL_BUS_NAME>THE AMERICAN MUSEUM OF NATURAL HISTORY</ORG_LGL_BUS_NAME>
<ORG_PRNT_UEI_NUM>MNJDKB4FXLM6</ORG_PRNT_UEI_NUM>
</Institution>
<Performance_Institution>
<Name><![CDATA[American Museum of Natural History]]></Name>
<CityName>New York</CityName>
<StateCode>NY</StateCode>
<ZipCode>100245102</ZipCode>
<StreetAddress><![CDATA[200 Central Park West]]></StreetAddress>
<CountryCode>US</CountryCode>
<CountryName>United States</CountryName>
<StateName>New York</StateName>
<CountryFlag>1</CountryFlag>
<CONGRESSDISTRICT>10</CONGRESSDISTRICT>
<CONGRESS_DISTRICT_PERF>NY10</CONGRESS_DISTRICT_PERF>
</Performance_Institution>
<ProgramElement>
<Code>7980</Code>
<Text>ECR-EHR Core Research</Text>
</ProgramElement>
<ProgramReference>
<Code>8212</Code>
<Text>Broaden Particip STEM Resrch</Text>
</ProgramReference>
<ProgramReference>
<Code>8816</Code>
<Text>Workforce Development</Text>
</ProgramReference>
<Appropriation>
<Code>0421</Code>
<Name>NSF Education &amp; Human Resource</Name>
<APP_SYMB_ID>040106</APP_SYMB_ID>
</Appropriation>
<Fund>
<Code>04002122DB</Code>
<Name><![CDATA[NSF Education & Human Resource]]></Name>
<FUND_SYMB_ID>040106</FUND_SYMB_ID>
</Fund>
<FUND_OBLG>2021~764191</FUND_OBLG>
</Award>
</rootTag>
