<?xml version="1.0" encoding="UTF-8"?>
<rootTag>
<Award>
<AwardTitle>Linking Matrix Composition with Spatially Resolved Mechanical Properties in Polymicrobial Biofilms</AwardTitle>
<AGENCY>NSF</AGENCY>
<AwardEffectiveDate>08/15/2021</AwardEffectiveDate>
<AwardExpirationDate>07/31/2024</AwardExpirationDate>
<AwardTotalIntnAmount>450000.00</AwardTotalIntnAmount>
<AwardAmount>450000</AwardAmount>
<AwardInstrument>
<Value>Standard Grant</Value>
</AwardInstrument>
<Organization>
<Code>07030000</Code>
<Directorate>
<Abbreviation>ENG</Abbreviation>
<LongName>Directorate For Engineering</LongName>
</Directorate>
<Division>
<Abbreviation>CMMI</Abbreviation>
<LongName>Div Of Civil, Mechanical, &amp; Manufact Inn</LongName>
</Division>
</Organization>
<ProgramOfficer>
<SignBlockName>Laurel Kuxhaus</SignBlockName>
<PO_EMAI>lkuxhaus@nsf.gov</PO_EMAI>
<PO_PHON>7032924465</PO_PHON>
</ProgramOfficer>
<AbstractNarration>This award will support research to understand the mechanistic underpinnings of biofilm mechanical and physical properties. Biofilms are soft multi-component biological materials.  They are made of microbial communities attached to surfaces and encased in polymeric substances.  It is thought that these polymeric substances provide mechanical stability. Detrimental biofilms cause billions of dollars per year of damage via biofouling or corrosion of ship hulls, heat exchangers, water treatment and distribution infrastructure, membranes, and in the food, oil, and beverage industries. In addition, they account for 65% of infections that originate in hospitals, affecting 17 million people and causing at least 550,000 deaths annually in the US. Conversely, beneficial biofilms can clean water and remediate groundwater and soil. Despite the crucial relevance of biofilms to diverse industrial, medical, and environmental applications, little is known about how local biofilm mechanical properties are mediated by encasement composition, community diversity, and biofilm physical structure. This award will support fundamental research to understand the relationship between microscale biofilm mechanical properties, encasement and community composition, and physical structure.  This work will study biofilms of increasing complexity, including complex environmentally-relevant mixed-culture biofilms. The results generated from executing this award will directly inform new strategies to manage biofilms in critical applications (e.g., remove when they are undesirable, and retain when they are beneficial), leading to significant cost savings. The project provides additional benefits, including diversifying the nation’s STEM workforce through multidisciplinary training for underrepresented students at grade school, undergraduate, and graduate levels.&lt;br/&gt;&lt;br/&gt;This grant will advance our understanding of critical yet poorly understood interrelationships between molecular composition, physical structure, and mechanical properties in polymicrobial biofilms exposed to disparate environmental cues. The majority of the work to date on biofilm mechanical properties has employed macrorheological tools that neglect the inherent local heterogeneity in biofilms and has focused primarily on pure culture biofilms (e.g., P. aeruginosa alone) that are not representative of, and likely differ significantly in extracellular polymeric substances (EPS) composition and mechanical properties from, polymicrobial biofilms that are found in medical, environmental and industrial settings. Specifically, the research team will, 1) study local structure- composition-viscoelastic property relationships in biofilms; 2) study biofilmsubstratum adhesion and cohesion properties; and 3) develop homogenization-based constitutive models to predict the multi-scale mechanical properties of biofilms. Project results will elucidate, for the first time, how microscale variations in EPS constituents (e.g., polysaccharides, proteins, eDNA) mediate local heterogeneity in shear moduli and viscosity, adhesion strength, and cohesive fracture energy in dual and mixed-culture biofilms, and how environmental cues and microbial populations present modify this relationship. This improved understanding of spatially resolved structure/ composition- mechanical property relationships will provide the basis for rational management and control of biofilms.&lt;br/&gt;&lt;br/&gt;This award reflects NSF's statutory mission and has been deemed worthy of support through evaluation using the Foundation's intellectual merit and broader impacts review criteria.</AbstractNarration>
<MinAmdLetterDate>07/26/2021</MinAmdLetterDate>
<MaxAmdLetterDate>07/26/2021</MaxAmdLetterDate>
<ARRAAmount/>
<TRAN_TYPE>Grant</TRAN_TYPE>
<CFDA_NUM>47.041</CFDA_NUM>
<NSF_PAR_USE_FLAG>1</NSF_PAR_USE_FLAG>
<FUND_AGCY_CODE>4900</FUND_AGCY_CODE>
<AWDG_AGCY_CODE>4900</AWDG_AGCY_CODE>
<AwardID>2100447</AwardID>
<Investigator>
<FirstName>Oluwaseyi</FirstName>
<LastName>Balogun</LastName>
<PI_MID_INIT/>
<PI_SUFX_NAME/>
<PI_FULL_NAME>Oluwaseyi Balogun</PI_FULL_NAME>
<EmailAddress>o-balogun@northwestern.edu</EmailAddress>
<PI_PHON>8474913054</PI_PHON>
<NSF_ID>000525885</NSF_ID>
<StartDate>07/26/2021</StartDate>
<EndDate/>
<RoleCode>Principal Investigator</RoleCode>
</Investigator>
<Investigator>
<FirstName>Victor</FirstName>
<LastName>Lefevre</LastName>
<PI_MID_INIT/>
<PI_SUFX_NAME/>
<PI_FULL_NAME>Victor Lefevre</PI_FULL_NAME>
<EmailAddress>victor.lefevre@northwestern.edu</EmailAddress>
<PI_PHON>8474914322</PI_PHON>
<NSF_ID>000805689</NSF_ID>
<StartDate>07/26/2021</StartDate>
<EndDate/>
<RoleCode>Co-Principal Investigator</RoleCode>
</Investigator>
<Investigator>
<FirstName>George</FirstName>
<LastName>Wells</LastName>
<PI_MID_INIT>F</PI_MID_INIT>
<PI_SUFX_NAME/>
<PI_FULL_NAME>George F Wells</PI_FULL_NAME>
<EmailAddress>george.wells@northwestern.edu</EmailAddress>
<PI_PHON>8474918794</PI_PHON>
<NSF_ID>000571365</NSF_ID>
<StartDate>07/26/2021</StartDate>
<EndDate/>
<RoleCode>Co-Principal Investigator</RoleCode>
</Investigator>
<Institution>
<Name>Northwestern University</Name>
<CityName>EVANSTON</CityName>
<ZipCode>602080001</ZipCode>
<PhoneNumber>3125037955</PhoneNumber>
<StreetAddress>633 CLARK</StreetAddress>
<StreetAddress2/>
<CountryName>United States</CountryName>
<StateName>Illinois</StateName>
<StateCode>IL</StateCode>
<CONGRESSDISTRICT>09</CONGRESSDISTRICT>
<CONGRESS_DISTRICT_ORG>IL09</CONGRESS_DISTRICT_ORG>
<ORG_UEI_NUM>EXZVPWZBLUE8</ORG_UEI_NUM>
<ORG_LGL_BUS_NAME>NORTHWESTERN UNIVERSITY</ORG_LGL_BUS_NAME>
<ORG_PRNT_UEI_NUM>KG76WYENL5K1</ORG_PRNT_UEI_NUM>
</Institution>
<Performance_Institution>
<Name><![CDATA[Northwestern University]]></Name>
<CityName>Evanston</CityName>
<StateCode>IL</StateCode>
<ZipCode>602083109</ZipCode>
<StreetAddress><![CDATA[2137 N Tech Drive, Catalysis 325]]></StreetAddress>
<CountryCode>US</CountryCode>
<CountryName>United States</CountryName>
<StateName>Illinois</StateName>
<CountryFlag>1</CountryFlag>
<CONGRESSDISTRICT>09</CONGRESSDISTRICT>
<CONGRESS_DISTRICT_PERF>IL09</CONGRESS_DISTRICT_PERF>
</Performance_Institution>
<ProgramElement>
<Code>7479</Code>
<Text>BMMB-Biomech &amp; Mechanobiology</Text>
</ProgramElement>
<ProgramReference>
<Code>028E</Code>
<Text>BIOMECHANICS</Text>
</ProgramReference>
<ProgramReference>
<Code>070Z</Code>
<Text>MB-Mechanobiology</Text>
</ProgramReference>
<ProgramReference>
<Code>9102</Code>
<Text>WOMEN, MINORITY, DISABLED, NEC</Text>
</ProgramReference>
<ProgramReference>
<Code>9251</Code>
<Text>REU SUPP-Res Exp for Ugrd Supp</Text>
</ProgramReference>
<Appropriation>
<Code>0121</Code>
<Name>NSF RESEARCH &amp; RELATED ACTIVIT</Name>
<APP_SYMB_ID>040100</APP_SYMB_ID>
</Appropriation>
<Fund>
<Code>01002122DB</Code>
<Name><![CDATA[NSF RESEARCH & RELATED ACTIVIT]]></Name>
<FUND_SYMB_ID>040100</FUND_SYMB_ID>
</Fund>
<FUND_OBLG>2021~450000</FUND_OBLG>
</Award>
</rootTag>
