<?xml version="1.0" encoding="UTF-8"?>
<rootTag>
<Award>
<AwardTitle><![CDATA[STTR Phase I:  Development of a lighted infusion line to optimize care and decrease complications of critically ill patients in infectious isolation (COVID-19)]]></AwardTitle>
<AGENCY>NSF</AGENCY>
<AwardEffectiveDate>05/15/2021</AwardEffectiveDate>
<AwardExpirationDate>12/31/2022</AwardExpirationDate>
<AwardTotalIntnAmount>255957.00</AwardTotalIntnAmount>
<AwardAmount>255957</AwardAmount>
<AwardInstrument>
<Value>Standard Grant</Value>
</AwardInstrument>
<Organization>
<Code>15030000</Code>
<Directorate>
<Abbreviation>TIP</Abbreviation>
<LongName>Dir for Tech, Innovation, &amp; Partnerships</LongName>
</Directorate>
<Division>
<Abbreviation>TI</Abbreviation>
<LongName>Translational Impacts</LongName>
</Division>
</Organization>
<ProgramOfficer>
<SignBlockName>Edward Chinchoy</SignBlockName>
<PO_EMAI>echincho@nsf.gov</PO_EMAI>
<PO_PHON>7032927103</PO_PHON>
</ProgramOfficer>
<AbstractNarration><![CDATA[The broader impact/commercial potential of this Small Business Technology Transfer Program (STTR) Phase I project is to make the intensive care unit (ICU) safer for patients and less burdensome for nurses through the development of an illuminated intravenous tubes (IVT) for easier and error-free delivery of medications, enabling better care generally as well as during the COVID-19 pandemic. IVT identification requires an inordinate amount of nurses’ time and confers an immense cognitive burden as it requires manual tracing of the line from pump to patient. The errors associated with manual IVT tracing are costly, contributing to increased ICU length of stay and hospital liability. The current pandemic has exacerbated these issues as ICU admissions are rising and the use of enhanced isolation requiring extended IVT. Successful completion of the proposed program will support the development of an extended illuminated IVT that allows for reliable identification of IVT from pump to patient through the use of a fiber optic cable that nurses can turn on and off as needed when identifying lines. In comparison to the manual tracing of lines, an illuminated line has the potential to provide more rapid and error-free identification of IVT lines, thus reducing the impact of errors on patients, decreasing associated medical costs, and improving nurse workload.&lt;br/&gt;&lt;br/&gt;This Small Business Technology Transfer Program (STTR) Phase I Project will advance the development of a novel lighted intravenous tubing (IVT) device to allow nurses to quickly and accurately identify IVT through the use of a light-emitting fiber optic cable attached to the outer wall of the IVT. Management of IVT and medication delivery, requires nurses to manually trace lines from pump to patient, which is an error prone process and particular interest for ICU patients that require upwards of 10 or more IVT lines simultaneously. The proposed program will advance the development of the extended illuminated IVT through the execution of two objectives. The first objective is to engineer the device to ensure that illumination can be maintained over the length of an extended line used in isolation settings. The second objective is to assess the performance of the extended prototype in a simulated ICU setting with enhanced isolation. Successful completion of the Phase I program will demonstrate feasibility of the extended illuminated IVT device in an isolation critical care setting as defined by reduced nurse burden and time in motion.&lt;br/&gt;&lt;br/&gt;This award reflects NSF's statutory mission and has been deemed worthy of support through evaluation using the Foundation's intellectual merit and broader impacts review criteria.]]></AbstractNarration>
<MinAmdLetterDate>05/13/2021</MinAmdLetterDate>
<MaxAmdLetterDate>05/13/2021</MaxAmdLetterDate>
<ARRAAmount/>
<TRAN_TYPE>Grant</TRAN_TYPE>
<CFDA_NUM>47.041</CFDA_NUM>
<NSF_PAR_USE_FLAG>1</NSF_PAR_USE_FLAG>
<FUND_AGCY_CODE>4900</FUND_AGCY_CODE>
<AWDG_AGCY_CODE>4900</AWDG_AGCY_CODE>
<AwardID>2100995</AwardID>
<Investigator>
<FirstName>CHristina</FirstName>
<LastName>Calamaro</LastName>
<PI_MID_INIT>J</PI_MID_INIT>
<PI_SUFX_NAME/>
<PI_FULL_NAME>CHristina J Calamaro</PI_FULL_NAME>
<EmailAddress><![CDATA[Ccalama@emory.edu]]></EmailAddress>
<NSF_ID>000817798</NSF_ID>
<StartDate>05/13/2021</StartDate>
<EndDate/>
<RoleCode>Co-Principal Investigator</RoleCode>
</Investigator>
<Investigator>
<FirstName>Hans</FirstName>
<LastName>Utz</LastName>
<PI_MID_INIT/>
<PI_SUFX_NAME/>
<PI_FULL_NAME>Hans Utz</PI_FULL_NAME>
<EmailAddress><![CDATA[hans@lightengalehealth.com]]></EmailAddress>
<NSF_ID>000830799</NSF_ID>
<StartDate>05/13/2021</StartDate>
<EndDate/>
<RoleCode>Principal Investigator</RoleCode>
</Investigator>
<Institution>
<Name>CHS HEALTHCARE VENTURES, INC</Name>
<CityName>DECATUR</CityName>
<ZipCode>300301958</ZipCode>
<PhoneNumber>6785061596</PhoneNumber>
<StreetAddress>690 SYCAMORE ST</StreetAddress>
<StreetAddress2/>
<CountryName>United States</CountryName>
<StateName>Georgia</StateName>
<StateCode>GA</StateCode>
<CONGRESSDISTRICT>04</CONGRESSDISTRICT>
<CONGRESS_DISTRICT_ORG>GA04</CONGRESS_DISTRICT_ORG>
<ORG_UEI_NUM>LL15RDS34HE7</ORG_UEI_NUM>
<ORG_LGL_BUS_NAME>CHS HEALTHCARE VENTURES INC</ORG_LGL_BUS_NAME>
<ORG_PRNT_UEI_NUM/>
</Institution>
<Performance_Institution>
<Name><![CDATA[CHS HEALTHCARE VENTURES, INC]]></Name>
<CityName>DECATUR</CityName>
<StateCode>GA</StateCode>
<ZipCode>300301958</ZipCode>
<StreetAddress><![CDATA[690 SYCAMORE ST]]></StreetAddress>
<CountryCode>US</CountryCode>
<CountryName>United States</CountryName>
<StateName>Georgia</StateName>
<CountryFlag>1</CountryFlag>
<CONGRESSDISTRICT>04</CONGRESSDISTRICT>
<CONGRESS_DISTRICT_PERF>GA04</CONGRESS_DISTRICT_PERF>
</Performance_Institution>
<ProgramElement>
<Code>1505</Code>
<Text>STTR Phase I</Text>
</ProgramElement>
<ProgramReference>
<Code>096Z</Code>
<Text>COVID-19 Research</Text>
</ProgramReference>
<ProgramReference>
<Code>5345</Code>
<Text>BIOMEDICAL ENGINEERING</Text>
</ProgramReference>
<Appropriation>
<Code>0121</Code>
<Name>NSF RESEARCH &amp; RELATED ACTIVIT</Name>
<APP_SYMB_ID>040100</APP_SYMB_ID>
</Appropriation>
<Fund>
<Code>01002122DB</Code>
<Name><![CDATA[NSF RESEARCH & RELATED ACTIVIT]]></Name>
<FUND_SYMB_ID>040100</FUND_SYMB_ID>
</Fund>
<FUND_OBLG>2021~255957</FUND_OBLG>
</Award>
</rootTag>
