<?xml version="1.0" encoding="UTF-8"?>
<rootTag>
<Award>
<AwardTitle>Algebraic and Probabilistic Methods in Extremal Combinatorics</AwardTitle>
<AGENCY>NSF</AGENCY>
<AwardEffectiveDate>09/01/2020</AwardEffectiveDate>
<AwardExpirationDate>05/31/2023</AwardExpirationDate>
<AwardTotalIntnAmount>110866.00</AwardTotalIntnAmount>
<AwardAmount>110866</AwardAmount>
<AwardInstrument>
<Value>Standard Grant</Value>
</AwardInstrument>
<Organization>
<Code>03040000</Code>
<Directorate>
<Abbreviation>MPS</Abbreviation>
<LongName>Direct For Mathematical &amp; Physical Scien</LongName>
</Directorate>
<Division>
<Abbreviation>DMS</Abbreviation>
<LongName>Division Of Mathematical Sciences</LongName>
</Division>
</Organization>
<ProgramOfficer>
<SignBlockName>Stefaan De Winter</SignBlockName>
<PO_EMAI>sgdewint@nsf.gov</PO_EMAI>
<PO_PHON>7032922599</PO_PHON>
</ProgramOfficer>
<AbstractNarration>Extremal combinatorics is an area of mathematics that investigates how large or small configurations of mathematical objects can be under certain constraints. This area is rapidly developing and has close connections to many other areas of mathematics, as well as to theoretical computer science. This research project aims to make progress on questions in extremal combinatorics using methods from algebra and probability theory. The research focuses on some longstanding open questions and conjectures, as well as several related problems. The work will lead to the development of new mathematical tools and techniques and push the limits of known methods. Moreover, through her teaching and mentoring, the investigator strives to encourage students to learn about mathematics and to pursue careers in STEM fields.&lt;br/&gt;&lt;br/&gt;The questions studied in this project fall into two rough topic areas. The first of these areas is centered around the slice rank polynomial method that was introduced in 2016. This method has led to several spectacular results in additive combinatorics, but many related questions remain open. The investigator intends to study specific problems exemplifying the current limitations of the slice rank polynomial method. One aim of this project is to find ways to make the method more flexible and more widely applicable. The second topic area of the project concerns the inducibility problem, which was posed over forty years ago and is still wide open. Given a fixed graph H, and a large integer n, this problem asks about the maximum number of induced copies of H that an n-vertex graph can contain. A major open question in this area is the case where the graph H is a path or a cycle. Using probabilistic techniques, the PI plans to investigate this question as well as other inducibility-type problems.&lt;br/&gt;&lt;br/&gt;This award reflects NSF's statutory mission and has been deemed worthy of support through evaluation using the Foundation's intellectual merit and broader impacts review criteria.</AbstractNarration>
<MinAmdLetterDate>10/19/2020</MinAmdLetterDate>
<MaxAmdLetterDate>10/19/2020</MaxAmdLetterDate>
<ARRAAmount/>
<TRAN_TYPE>Grant</TRAN_TYPE>
<CFDA_NUM>47.049</CFDA_NUM>
<NSF_PAR_USE_FLAG>1</NSF_PAR_USE_FLAG>
<FUND_AGCY_CODE>4900</FUND_AGCY_CODE>
<AWDG_AGCY_CODE>4900</AWDG_AGCY_CODE>
<AwardID>2100157</AwardID>
<Investigator>
<FirstName>Lisa</FirstName>
<LastName>Sauermann</LastName>
<PI_MID_INIT/>
<PI_SUFX_NAME/>
<PI_FULL_NAME>Lisa Sauermann</PI_FULL_NAME>
<EmailAddress>lsauerma@stanford.edu</EmailAddress>
<PI_PHON>6502898682</PI_PHON>
<NSF_ID>000809974</NSF_ID>
<StartDate>10/19/2020</StartDate>
<EndDate/>
<RoleCode>Principal Investigator</RoleCode>
</Investigator>
<Institution>
<Name>Massachusetts Institute of Technology</Name>
<CityName>CAMBRIDGE</CityName>
<ZipCode>021394301</ZipCode>
<PhoneNumber>6172531000</PhoneNumber>
<StreetAddress>77 MASSACHUSETTS AVE</StreetAddress>
<StreetAddress2/>
<CountryName>United States</CountryName>
<StateName>Massachusetts</StateName>
<StateCode>MA</StateCode>
<CONGRESSDISTRICT>07</CONGRESSDISTRICT>
<CONGRESS_DISTRICT_ORG>MA07</CONGRESS_DISTRICT_ORG>
<ORG_UEI_NUM>E2NYLCDML6V1</ORG_UEI_NUM>
<ORG_LGL_BUS_NAME>MASSACHUSETTS INSTITUTE OF TECHNOLOGY</ORG_LGL_BUS_NAME>
<ORG_PRNT_UEI_NUM>E2NYLCDML6V1</ORG_PRNT_UEI_NUM>
</Institution>
<Performance_Institution>
<Name><![CDATA[Massachusetts Institute of Technology]]></Name>
<CityName/>
<StateCode>MA</StateCode>
<ZipCode>021394301</ZipCode>
<StreetAddress/>
<CountryCode>US</CountryCode>
<CountryName>United States</CountryName>
<StateName>Massachusetts</StateName>
<CountryFlag>1</CountryFlag>
<CONGRESSDISTRICT>07</CONGRESSDISTRICT>
<CONGRESS_DISTRICT_PERF>MA07</CONGRESS_DISTRICT_PERF>
</Performance_Institution>
<ProgramElement>
<Code>7970</Code>
<Text>Combinatorics</Text>
</ProgramElement>
<Appropriation>
<Code>0120</Code>
<Name>NSF RESEARCH &amp; RELATED ACTIVIT</Name>
<APP_SYMB_ID>040100</APP_SYMB_ID>
</Appropriation>
<Fund>
<Code>01002021DB</Code>
<Name><![CDATA[NSF RESEARCH & RELATED ACTIVIT]]></Name>
<FUND_SYMB_ID>040100</FUND_SYMB_ID>
</Fund>
<FUND_OBLG>2020~110866</FUND_OBLG>
</Award>
</rootTag>
