<?xml version="1.0" encoding="UTF-8"?>
<rootTag>
<Award>
<AwardTitle><![CDATA[Excellence in Research: Aptamer integrated graphene-gold conjugates for machine learning aided pesticide residue screening]]></AwardTitle>
<AGENCY>NSF</AGENCY>
<AwardEffectiveDate>08/15/2021</AwardEffectiveDate>
<AwardExpirationDate>07/31/2024</AwardExpirationDate>
<AwardTotalIntnAmount>500000.00</AwardTotalIntnAmount>
<AwardAmount>500000</AwardAmount>
<AwardInstrument>
<Value>Standard Grant</Value>
</AwardInstrument>
<Organization>
<Code>07010000</Code>
<Directorate>
<Abbreviation>ENG</Abbreviation>
<LongName>Directorate For Engineering</LongName>
</Directorate>
<Division>
<Abbreviation>ECCS</Abbreviation>
<LongName>Div Of Electrical, Commun &amp; Cyber Sys</LongName>
</Division>
</Organization>
<ProgramOfficer>
<SignBlockName>Svetlana Tatic-Lucic</SignBlockName>
<PO_EMAI>staticlu@nsf.gov</PO_EMAI>
<PO_PHON>7032924627</PO_PHON>
</ProgramOfficer>
<AbstractNarration><![CDATA[The main objective of this proposal is to design graphene-gold-aptamer bioconjugates for building colorimetric pesticide sensors. The bioconjugates designed will be tailored for inkjet printing on flexible substrates. The colorimetric output will be captured by a camera integrated handheld device or a smartphone camera. Dependency on capture device and illumination conditions will be corrected using a machine learning algorithm to extract the precise chromatic information that correlate to pesticide levels. In order to prove the versatility of the proposed platform, a case study on detection of four pesticides namely Glyphosate, Malathion, Acetamiprid, and Chlorpyrifos will be performed. By being part of this project, graduate and undergraduate students of the Department of Engineering, Norfolk State University, will gain valuable multidisciplinary experience in designing sensing systems by applying concepts of engineering, nanotechnology, image processing and machine learning. This project will also be enhanced by offering curricular opportunities such as independent study, summer internships, and senior capstone projects. Project displays and demonstrations will be included in Engineering Department outreach to Norfolk area high school students and teachers. &lt;br/&gt;&lt;br/&gt;The proposed bioconjugate is based on the peroxidase like nanozyme activity of the Graphene-gold conjugate, selectivity of the aptamer and reliability of machine learning. The proposed architecture can serve as a universal colorimetric sensing platform by changing the aptamer sequence for different targets, providing a powerful and versatile engineered system which is scalable, allowing testing of a wide range of pesticides. Products of the research tasks will not only result in a rapid analysis tool for pesticide analysis but will also yield unprecedented new knowledge on aptamer-small molecule target binding. In order to accurately correlate chrominance changes to pesticide levels, the illuminance element will be separated from the chrominance factor using a machine learning approach. The effect of varying illumination conditions on the colorimetric output of the sensor using RGB, LAB and HSV color spaces will be investigated. The machine learning approach will also provide the methodological framework needed to understand the influence of experimental parameters such as sample pH and conductivity, aptamer length, and %GC on aptamer-target affinity. The platform developed will be capable of measuring binding kinetics, monitoring equilibrium affinities of aptamers and adjusting for the presence of nonspecific interactions. Moreover, this technology has high commercial potential as the sensor fabrication is based on low-cost techniques like inkjet printing and thermal embossing.&lt;br/&gt;&lt;br/&gt;This award reflects NSF's statutory mission and has been deemed worthy of support through evaluation using the Foundation's intellectual merit and broader impacts review criteria.]]></AbstractNarration>
<MinAmdLetterDate>08/10/2021</MinAmdLetterDate>
<MaxAmdLetterDate>08/10/2021</MaxAmdLetterDate>
<ARRAAmount/>
<TRAN_TYPE>Grant</TRAN_TYPE>
<CFDA_NUM>47.041</CFDA_NUM>
<NSF_PAR_USE_FLAG>1</NSF_PAR_USE_FLAG>
<FUND_AGCY_CODE>4900</FUND_AGCY_CODE>
<AWDG_AGCY_CODE>4900</AWDG_AGCY_CODE>
<AwardID>2100930</AwardID>
<Investigator>
<FirstName>Patricia</FirstName>
<LastName>Mead</LastName>
<PI_MID_INIT>F</PI_MID_INIT>
<PI_SUFX_NAME/>
<PI_FULL_NAME>Patricia F Mead</PI_FULL_NAME>
<EmailAddress><![CDATA[pmead@nsu.edu]]></EmailAddress>
<NSF_ID>000243399</NSF_ID>
<StartDate>08/10/2021</StartDate>
<EndDate/>
<RoleCode>Co-Principal Investigator</RoleCode>
</Investigator>
<Investigator>
<FirstName>Renny</FirstName>
<LastName>Fernandez</LastName>
<PI_MID_INIT>E</PI_MID_INIT>
<PI_SUFX_NAME/>
<PI_FULL_NAME>Renny E Fernandez</PI_FULL_NAME>
<EmailAddress><![CDATA[refernandez@nsu.edu]]></EmailAddress>
<NSF_ID>000760917</NSF_ID>
<StartDate>08/10/2021</StartDate>
<EndDate/>
<RoleCode>Principal Investigator</RoleCode>
</Investigator>
<Institution>
<Name>Norfolk State University</Name>
<CityName>NORFOLK</CityName>
<ZipCode>235048090</ZipCode>
<PhoneNumber>7578239053</PhoneNumber>
<StreetAddress>700 PARK AVE STE 310</StreetAddress>
<StreetAddress2/>
<CountryName>United States</CountryName>
<StateName>Virginia</StateName>
<StateCode>VA</StateCode>
<CONGRESSDISTRICT>03</CONGRESSDISTRICT>
<CONGRESS_DISTRICT_ORG>VA03</CONGRESS_DISTRICT_ORG>
<ORG_UEI_NUM>XAHKEJAWL1N6</ORG_UEI_NUM>
<ORG_LGL_BUS_NAME>NORFOLK STATE UNIVERSITY</ORG_LGL_BUS_NAME>
<ORG_PRNT_UEI_NUM>GMQLHKD9TQR7</ORG_PRNT_UEI_NUM>
</Institution>
<Performance_Institution>
<Name><![CDATA[Norfolk State University]]></Name>
<CityName>Virginia Beach</CityName>
<StateCode>VA</StateCode>
<ZipCode>235048060</ZipCode>
<StreetAddress><![CDATA[700 Park Avenue]]></StreetAddress>
<CountryCode>US</CountryCode>
<CountryName>United States</CountryName>
<StateName>Virginia</StateName>
<CountryFlag>1</CountryFlag>
<CONGRESSDISTRICT>03</CONGRESSDISTRICT>
<CONGRESS_DISTRICT_PERF>VA03</CONGRESS_DISTRICT_PERF>
</Performance_Institution>
<ProgramElement>
<Code>070Y</Code>
<Text>HBCU-EiR - HBCU-Excellence in</Text>
</ProgramElement>
<ProgramReference>
<Code>7234</Code>
<Text>SENSORS NON-SOLICITATION RESEA</Text>
</ProgramReference>
<ProgramReference>
<Code>8091</Code>
<Text>BRAIN Initiative Res Support</Text>
</ProgramReference>
<Appropriation>
<Code>0121</Code>
<Name>NSF RESEARCH &amp; RELATED ACTIVIT</Name>
<APP_SYMB_ID>040100</APP_SYMB_ID>
</Appropriation>
<Fund>
<Code>01002122DB</Code>
<Name><![CDATA[NSF RESEARCH & RELATED ACTIVIT]]></Name>
<FUND_SYMB_ID>040100</FUND_SYMB_ID>
</Fund>
<FUND_OBLG>2021~500000</FUND_OBLG>
</Award>
</rootTag>
