<?xml version="1.0" encoding="UTF-8"?>
<rootTag>
<Award>
<AwardTitle>FET: Small: Collaborative Research: Efficient and Robust Characterization of Quantum Systems</AwardTitle>
<AGENCY>NSF</AGENCY>
<AwardEffectiveDate>08/01/2020</AwardEffectiveDate>
<AwardExpirationDate>09/30/2022</AwardExpirationDate>
<AwardTotalIntnAmount>22645.00</AwardTotalIntnAmount>
<AwardAmount>22645</AwardAmount>
<AwardInstrument>
<Value>Standard Grant</Value>
</AwardInstrument>
<Organization>
<Code>05010000</Code>
<Directorate>
<Abbreviation>CSE</Abbreviation>
<LongName>Direct For Computer &amp; Info Scie &amp; Enginr</LongName>
</Directorate>
<Division>
<Abbreviation>CCF</Abbreviation>
<LongName>Division of Computing and Communication Foundations</LongName>
</Division>
</Organization>
<ProgramOfficer>
<SignBlockName>Pinaki Mazumder</SignBlockName>
<PO_EMAI>pmazumde@nsf.gov</PO_EMAI>
<PO_PHON>7032927375</PO_PHON>
</ProgramOfficer>
<AbstractNarration>Advances in quantum information and algorithms enable solutions that are beyond the reach of conventional technologies, with applications in many-body quantum physics, chemistry, cryptography, communication, and machine learning. While prototypes for quantum computers are being built, these are still prone to errors: reducing the noise to a tolerable and controllable level faces technical hurdles. To be able to scale-up to a full-fledged quantum computer, it is imperative to characterize, verify, and rigorously certify the behavior of current and near-future prototypes. The latter task incurs a heavy burden in data acquisition, processing and storage that leads to a pressing need for efficient and noise-robust characterization and verification protocols to test current quantum devices. The work done by members of this research team on novel optimization theory and algorithms, compressed sensing, and verification techniques have direct applications to this problem. The project will investigate and propose novel, highly-efficient, and robust methodologies to  characterize, verify, and certify the behavior of quantum systems implementations, for better acquisition and processing of quantum information. The research will affect positively on how non-convex algorithms could be used in modern data science applications. Key broader outcomes of this proposal will be the establishment of an academic-industry collaboration (with the mentorship of two students in the process), and the introduction of quantum computing courses to Rice University.&lt;br/&gt;&lt;br/&gt;This project focuses on benchmarking and testing quantum states and processes, through efficient, noise-robust and provable quantum state tomography, as well as novel validation and certification tools for quantum computing.  This research proposes to investigate new theoretical and practical approaches, via the following three paths: i) By using provable methods for distributing non-convex computations  and optimization for the task of large-scale quantum state tomography. The proposed method  complements the setting of compressed sensing quantum state tomography, where only a few measurements --compared to full tomography-- are available from a low-rank (highly-pure) quantum state and will be used in settings that are beyond the reach of state-of-the-art approaches. ii) By robustifying state-of-the-art validation methods using noise-robust optimization and techniques. The proposed research involves new, customized non-convex algorithms for the case where measurements are contaminated with non-homogeneous noise. iii) By designing efficient and noise-robust schemes for validating and certifying experimentally-relevant quantum operations. This project will study schemes to validate gates and error models behavior, which in turn will help certify the quality of the basic physical operations. The results of this proposal will be publicly available as an integrated part of an open-source software framework, in order to enhance reproducibility on available quantum information processors.&lt;br/&gt;&lt;br/&gt;This award reflects NSF's statutory mission and has been deemed worthy of support through evaluation using the Foundation's intellectual merit and broader impacts review criteria.</AbstractNarration>
<MinAmdLetterDate>11/06/2020</MinAmdLetterDate>
<MaxAmdLetterDate>11/06/2020</MaxAmdLetterDate>
<ARRAAmount/>
<TRAN_TYPE>Grant</TRAN_TYPE>
<CFDA_NUM>47.070</CFDA_NUM>
<NSF_PAR_USE_FLAG>1</NSF_PAR_USE_FLAG>
<FUND_AGCY_CODE>4900</FUND_AGCY_CODE>
<AWDG_AGCY_CODE>4900</AWDG_AGCY_CODE>
<AwardID>2100794</AwardID>
<Investigator>
<FirstName>Amir</FirstName>
<LastName>Kalev</LastName>
<PI_MID_INIT/>
<PI_SUFX_NAME/>
<PI_FULL_NAME>Amir Kalev</PI_FULL_NAME>
<EmailAddress>amirk@isi.edu</EmailAddress>
<PI_PHON>5056204952</PI_PHON>
<NSF_ID>000772333</NSF_ID>
<StartDate>11/06/2020</StartDate>
<EndDate/>
<RoleCode>Principal Investigator</RoleCode>
</Investigator>
<Institution>
<Name>University of Southern California</Name>
<CityName>LOS ANGELES</CityName>
<ZipCode>900074304</ZipCode>
<PhoneNumber>2137407762</PhoneNumber>
<StreetAddress>3720 S FLOWER ST FL 3</StreetAddress>
<StreetAddress2/>
<CountryName>United States</CountryName>
<StateName>California</StateName>
<StateCode>CA</StateCode>
<CONGRESSDISTRICT>37</CONGRESSDISTRICT>
<CONGRESS_DISTRICT_ORG>CA37</CONGRESS_DISTRICT_ORG>
<ORG_UEI_NUM>G88KLJR3KYT5</ORG_UEI_NUM>
<ORG_LGL_BUS_NAME>UNIVERSITY OF SOUTHERN CALIFORNIA</ORG_LGL_BUS_NAME>
<ORG_PRNT_UEI_NUM>G88KLJR3KYT5</ORG_PRNT_UEI_NUM>
</Institution>
<Performance_Institution>
<Name><![CDATA[University of Southern California]]></Name>
<CityName>Arlington</CityName>
<StateCode>VA</StateCode>
<ZipCode>222031707</ZipCode>
<StreetAddress><![CDATA[3811 Fairfax Drive]]></StreetAddress>
<CountryCode>US</CountryCode>
<CountryName>United States</CountryName>
<StateName>Virginia</StateName>
<CountryFlag>1</CountryFlag>
<CONGRESSDISTRICT>08</CONGRESSDISTRICT>
<CONGRESS_DISTRICT_PERF>VA08</CONGRESS_DISTRICT_PERF>
</Performance_Institution>
<ProgramElement>
<Code>089Y</Code>
<Text>FET-Fndtns of Emerging Tech</Text>
</ProgramElement>
<ProgramReference>
<Code>7923</Code>
<Text>SMALL PROJECT</Text>
</ProgramReference>
<ProgramReference>
<Code>7928</Code>
<Text>QUANTUM COMPUTING</Text>
</ProgramReference>
<Appropriation>
<Code>0119</Code>
<Name>NSF RESEARCH &amp; RELATED ACTIVIT</Name>
<APP_SYMB_ID>040100</APP_SYMB_ID>
</Appropriation>
<Fund>
<Code>01001920DB</Code>
<Name><![CDATA[NSF RESEARCH & RELATED ACTIVIT]]></Name>
<FUND_SYMB_ID>040100</FUND_SYMB_ID>
</Fund>
<FUND_OBLG>2019~22645</FUND_OBLG>
</Award>
</rootTag>
