<?xml version="1.0" encoding="UTF-8"?>
<rootTag>
<Award>
<AwardTitle>Collaborative Research: Generalized Cluster Structures on Poisson Varieties and Applications</AwardTitle>
<AGENCY>NSF</AGENCY>
<AwardEffectiveDate>08/01/2021</AwardEffectiveDate>
<AwardExpirationDate>07/31/2024</AwardExpirationDate>
<AwardTotalIntnAmount>365000.00</AwardTotalIntnAmount>
<AwardAmount>365000</AwardAmount>
<AwardInstrument>
<Value>Standard Grant</Value>
</AwardInstrument>
<Organization>
<Code>03040000</Code>
<Directorate>
<Abbreviation>MPS</Abbreviation>
<LongName>Direct For Mathematical &amp; Physical Scien</LongName>
</Directorate>
<Division>
<Abbreviation>DMS</Abbreviation>
<LongName>Division Of Mathematical Sciences</LongName>
</Division>
</Organization>
<ProgramOfficer>
<SignBlockName>James Matthew Douglass</SignBlockName>
<PO_EMAI>mdouglas@nsf.gov</PO_EMAI>
<PO_PHON>7032922467</PO_PHON>
</ProgramOfficer>
<AbstractNarration>This project lies in an area of algebra that is being developed with a view toward applications in Mathematical and Theoretical Physics. A particular focus is on the theory of Poisson-Lie groups and cluster algebras. The former has long served  as a natural framework in which important exactly solvable models of classical and quantum mechanics can be studied. The latter, discovered by Fomin and Zelevinsky in 2001, have since been shown to have numerous exciting connections with a wide range of mathematical subjects, including combinatorics, representation theory, algebraic and Poisson geometry, as well as mirror symmetry and statistical and high energy physics. The PIs will build upon their previous collaborations to continue a systematic study of multiple cluster structures in coordinate rings of a number of varieties of importance in algebraic geometry, representation theory and mathematical physics and study an interaction between corresponding cluster algebras. This research will be linked to the development of undergraduate and graduate courses and research projects. Synergistic activities are planned to promote inter-institutional and inter-departmental cooperation, to attract graduate students from underrepresented groups and with diverse educational backgrounds, and, through community outreach, to expose high school students to mathematical research.&lt;br/&gt;&lt;br/&gt;The PIs will work on applications of Poisson geometry to the theory of cluster algebras. In more detail, the main goals of the project include: 1) construction and study of generalized cluster structures on Poisson-Lie groups and Poisson homogeneous varieties including Poisson-Lie groups equipped with Belavin-Drinfeld brackets, Drinfeld doubles and Poisson-Lie duals of simple Poisson-Lie groups,and K-theoretic Coulomb branches of 3d N = 4 SUSY gauge theories; and 2) applications of generalized cluster structures on Poisson varieties to classical and non-commutative discrete, integrable systems that arise as sequences of cluster transformations, representations of quantum groups at roots of unity, and higher Teichmuller theory.&lt;br/&gt;&lt;br/&gt;This award reflects NSF's statutory mission and has been deemed worthy of support through evaluation using the Foundation's intellectual merit and broader impacts review criteria.</AbstractNarration>
<MinAmdLetterDate>07/19/2021</MinAmdLetterDate>
<MaxAmdLetterDate>07/19/2021</MaxAmdLetterDate>
<ARRAAmount/>
<TRAN_TYPE>Grant</TRAN_TYPE>
<CFDA_NUM>47.049</CFDA_NUM>
<NSF_PAR_USE_FLAG>1</NSF_PAR_USE_FLAG>
<FUND_AGCY_CODE>4900</FUND_AGCY_CODE>
<AWDG_AGCY_CODE>4900</AWDG_AGCY_CODE>
<AwardID>2100791</AwardID>
<Investigator>
<FirstName>Michael</FirstName>
<LastName>Shapiro</LastName>
<PI_MID_INIT>Z</PI_MID_INIT>
<PI_SUFX_NAME/>
<PI_FULL_NAME>Michael Z Shapiro</PI_FULL_NAME>
<EmailAddress>mshapiro@math.msu.edu</EmailAddress>
<PI_PHON>5173539248</PI_PHON>
<NSF_ID>000485335</NSF_ID>
<StartDate>07/19/2021</StartDate>
<EndDate/>
<RoleCode>Principal Investigator</RoleCode>
</Investigator>
<Institution>
<Name>Michigan State University</Name>
<CityName>EAST LANSING</CityName>
<ZipCode>488242600</ZipCode>
<PhoneNumber>5173555040</PhoneNumber>
<StreetAddress>426 AUDITORIUM RD RM 2</StreetAddress>
<StreetAddress2/>
<CountryName>United States</CountryName>
<StateName>Michigan</StateName>
<StateCode>MI</StateCode>
<CONGRESSDISTRICT>08</CONGRESSDISTRICT>
<CONGRESS_DISTRICT_ORG>MI08</CONGRESS_DISTRICT_ORG>
<ORG_UEI_NUM>R28EKN92ZTZ9</ORG_UEI_NUM>
<ORG_LGL_BUS_NAME>MICHIGAN STATE UNIVERSITY</ORG_LGL_BUS_NAME>
<ORG_PRNT_UEI_NUM>VJKZC4D1JN36</ORG_PRNT_UEI_NUM>
</Institution>
<Performance_Institution>
<Name><![CDATA[Michigan State University]]></Name>
<CityName>East Lansing</CityName>
<StateCode>MI</StateCode>
<ZipCode>488242600</ZipCode>
<StreetAddress><![CDATA[288 Farm Lane]]></StreetAddress>
<CountryCode>US</CountryCode>
<CountryName>United States</CountryName>
<StateName>Michigan</StateName>
<CountryFlag>1</CountryFlag>
<CONGRESSDISTRICT>08</CONGRESSDISTRICT>
<CONGRESS_DISTRICT_PERF>MI08</CONGRESS_DISTRICT_PERF>
</Performance_Institution>
<ProgramElement>
<Code>1264</Code>
<Text>ALGEBRA,NUMBER THEORY,AND COM</Text>
</ProgramElement>
<Appropriation>
<Code>0121</Code>
<Name>NSF RESEARCH &amp; RELATED ACTIVIT</Name>
<APP_SYMB_ID>040100</APP_SYMB_ID>
</Appropriation>
<Fund>
<Code>01002122DB</Code>
<Name><![CDATA[NSF RESEARCH & RELATED ACTIVIT]]></Name>
<FUND_SYMB_ID>040100</FUND_SYMB_ID>
</Fund>
<FUND_OBLG>2021~365000</FUND_OBLG>
</Award>
</rootTag>
