<?xml version="1.0" encoding="UTF-8"?>
<rootTag>
<Award>
<AwardTitle>Teaching Technician Troubleshooting with Mini Industry 4.0 Factories</AwardTitle>
<AGENCY>NSF</AGENCY>
<AwardEffectiveDate>10/01/2021</AwardEffectiveDate>
<AwardExpirationDate>09/30/2024</AwardExpirationDate>
<AwardTotalIntnAmount>547981.00</AwardTotalIntnAmount>
<AwardAmount>547981</AwardAmount>
<AwardInstrument>
<Value>Standard Grant</Value>
</AwardInstrument>
<Organization>
<Code>11040100</Code>
<Directorate>
<Abbreviation>EHR</Abbreviation>
<LongName>Direct For Education and Human Resources</LongName>
</Directorate>
<Division>
<Abbreviation>DUE</Abbreviation>
<LongName>Division Of Undergraduate Education</LongName>
</Division>
</Organization>
<ProgramOfficer>
<SignBlockName>Virginia Carter</SignBlockName>
<PO_EMAI>vccarter@nsf.gov</PO_EMAI>
<PO_PHON>7032924651</PO_PHON>
</ProgramOfficer>
<AbstractNarration>Utah is facing a critical shortage of skilled advanced manufacturing technicians due to the large number of industries that continue to automate their facilities, the limited number of advanced manufacturing programs in the state, and the looming retirement of a large portion of the workforce in the next several years. Automated systems that formerly employed standalone electronic systems are now integrated with more automated processes such as: information technology, big data, and industrial robotics. Manufacturers are calling for students who not only understand the constituent parts of manufacturing systems and how they interact but fundamentally understand troubleshooting methodology. Highly skilled technicians need to be able to troubleshoot complex systems that are not only composed of motors, conveyors, and sensors, but also reliant on networks of devices, intricate computer codes that control processes, and high-speed exchanges of data about the state of the different components in the systems. Bridgerland Applied Technology College, in collaboration with industry partners, aims to develop and build a “Mini Industry 4.0” factory along with associated curricular materials. Together they will be used to teach troubleshooting practices in support of the education of the skilled technical workforce needed by the advanced manufacturing industry.&lt;br/&gt;&lt;br/&gt;To meet the demands of industry, this project will pursue four objectives. First is to integrate troubleshooting methodology into the current curriculum of three programs at the institution. Second is to build a low cost "Mini Industry 4.0" factory and develop a corresponding troubleshooting curriculum. Third is to provide professional development in troubleshooting complex manufacturing systems for faculty. And fourth is to deliver high-quality professional development to high school and college faculty throughout the region. The project will evaluate how the mini-factory and augmented reality impact student learning outcomes with respect to troubleshooting, and the College will evaluate students periodically throughout the certificate with respect to "Employment Skills &amp; Ethics." Redesigned certificate courses and newly designed industry courses will be shared across the state and nation. This project is funded by the Advanced Technological Education program that focuses on the education of technicians for the advanced-technology fields that drive the nation's economy.&lt;br/&gt;&lt;br/&gt;This award reflects NSF's statutory mission and has been deemed worthy of support through evaluation using the Foundation's intellectual merit and broader impacts review criteria.</AbstractNarration>
<MinAmdLetterDate>07/12/2021</MinAmdLetterDate>
<MaxAmdLetterDate>07/12/2021</MaxAmdLetterDate>
<ARRAAmount/>
<TRAN_TYPE>Grant</TRAN_TYPE>
<CFDA_NUM>47.076</CFDA_NUM>
<NSF_PAR_USE_FLAG>1</NSF_PAR_USE_FLAG>
<FUND_AGCY_CODE>4900</FUND_AGCY_CODE>
<AWDG_AGCY_CODE>4900</AWDG_AGCY_CODE>
<AwardID>2100322</AwardID>
<Investigator>
<FirstName>Jeffrey</FirstName>
<LastName>Waddoups</LastName>
<PI_MID_INIT>G</PI_MID_INIT>
<PI_SUFX_NAME/>
<PI_FULL_NAME>Jeffrey G Waddoups</PI_FULL_NAME>
<EmailAddress>jwaddoups@btech.edu</EmailAddress>
<PI_PHON>4357503272</PI_PHON>
<NSF_ID>000839676</NSF_ID>
<StartDate>07/12/2021</StartDate>
<EndDate/>
<RoleCode>Co-Principal Investigator</RoleCode>
</Investigator>
<Investigator>
<FirstName>Matt</FirstName>
<LastName>Fuller</LastName>
<PI_MID_INIT/>
<PI_SUFX_NAME/>
<PI_FULL_NAME>Matt Fuller</PI_FULL_NAME>
<EmailAddress>mfuller@btech.edu</EmailAddress>
<PI_PHON>8016362112</PI_PHON>
<NSF_ID>000747013</NSF_ID>
<StartDate>07/12/2021</StartDate>
<EndDate/>
<RoleCode>Co-Principal Investigator</RoleCode>
</Investigator>
<Investigator>
<FirstName>Tyler</FirstName>
<LastName>Storey</LastName>
<PI_MID_INIT/>
<PI_SUFX_NAME/>
<PI_FULL_NAME>Tyler Storey</PI_FULL_NAME>
<EmailAddress>tstorey@btech.edu</EmailAddress>
<PI_PHON>4352131853</PI_PHON>
<NSF_ID>000839580</NSF_ID>
<StartDate>07/12/2021</StartDate>
<EndDate/>
<RoleCode>Co-Principal Investigator</RoleCode>
</Investigator>
<Investigator>
<FirstName>Mason</FirstName>
<LastName>Lefler</LastName>
<PI_MID_INIT/>
<PI_SUFX_NAME/>
<PI_FULL_NAME>Mason Lefler</PI_FULL_NAME>
<EmailAddress>mlefler@btech.edu</EmailAddress>
<PI_PHON>4357503126</PI_PHON>
<NSF_ID>000747007</NSF_ID>
<StartDate>07/12/2021</StartDate>
<EndDate/>
<RoleCode>Principal Investigator</RoleCode>
</Investigator>
<Institution>
<Name>Bridgerland Applied Technology College</Name>
<CityName>LOGAN</CityName>
<ZipCode>843212292</ZipCode>
<PhoneNumber>4357503214</PhoneNumber>
<StreetAddress>1301 N 600 W</StreetAddress>
<StreetAddress2/>
<CountryName>United States</CountryName>
<StateName>Utah</StateName>
<StateCode>UT</StateCode>
<CONGRESSDISTRICT>01</CONGRESSDISTRICT>
<CONGRESS_DISTRICT_ORG>UT01</CONGRESS_DISTRICT_ORG>
<ORG_UEI_NUM>XW23NNCTGEE3</ORG_UEI_NUM>
<ORG_LGL_BUS_NAME>BRIDGERLAND TECHNICAL COLLEGE</ORG_LGL_BUS_NAME>
<ORG_PRNT_UEI_NUM>P4NRDF8EYS51</ORG_PRNT_UEI_NUM>
</Institution>
<Performance_Institution>
<Name><![CDATA[Bridgerland Technical College]]></Name>
<CityName>Logan</CityName>
<StateCode>UT</StateCode>
<ZipCode>843212292</ZipCode>
<StreetAddress><![CDATA[1301 North 600 West]]></StreetAddress>
<CountryCode>US</CountryCode>
<CountryName>United States</CountryName>
<StateName>Utah</StateName>
<CountryFlag>1</CountryFlag>
<CONGRESSDISTRICT>01</CONGRESSDISTRICT>
<CONGRESS_DISTRICT_PERF>UT01</CONGRESS_DISTRICT_PERF>
</Performance_Institution>
<ProgramElement>
<Code>7412</Code>
<Text>Advanced Tech Education Prog</Text>
</ProgramElement>
<ProgramReference>
<Code>102Z</Code>
<Text>COVID-Disproportionate Impcts Inst-Indiv</Text>
</ProgramReference>
<ProgramReference>
<Code>1032</Code>
<Text>ADVANCED TECHNOLOGY EDUCATION</Text>
</ProgramReference>
<ProgramReference>
<Code>9178</Code>
<Text>UNDERGRADUATE EDUCATION</Text>
</ProgramReference>
<ProgramReference>
<Code>SMET</Code>
<Text>SCIENCE, MATH, ENG &amp; TECH EDUCATION</Text>
</ProgramReference>
<Appropriation>
<Code>0421</Code>
<Name>NSF Education &amp; Human Resource</Name>
<APP_SYMB_ID>040106</APP_SYMB_ID>
</Appropriation>
<Fund>
<Code>04002122DB</Code>
<Name><![CDATA[NSF Education & Human Resource]]></Name>
<FUND_SYMB_ID>040106</FUND_SYMB_ID>
</Fund>
<FUND_OBLG>2021~547981</FUND_OBLG>
</Award>
</rootTag>
