<?xml version="1.0" encoding="UTF-8"?>
<rootTag>
<Award>
<AwardTitle><![CDATA[CSBR: Rehousing of the Mammal Collection at the University of Kansas Biodiversity Institute]]></AwardTitle>
<AGENCY>NSF</AGENCY>
<AwardEffectiveDate>09/01/2021</AwardEffectiveDate>
<AwardExpirationDate>08/31/2023</AwardExpirationDate>
<AwardTotalIntnAmount>645647.00</AwardTotalIntnAmount>
<AwardAmount>645647</AwardAmount>
<AwardInstrument>
<Value>Standard Grant</Value>
</AwardInstrument>
<Organization>
<Code>08080000</Code>
<Directorate>
<Abbreviation>BIO</Abbreviation>
<LongName>Direct For Biological Sciences</LongName>
</Directorate>
<Division>
<Abbreviation>DBI</Abbreviation>
<LongName>Div Of Biological Infrastructure</LongName>
</Division>
</Organization>
<ProgramOfficer>
<SignBlockName>Reed Beaman</SignBlockName>
<PO_EMAI>rsbeaman@nsf.gov</PO_EMAI>
<PO_PHON>7032927163</PO_PHON>
</ProgramOfficer>
<AbstractNarration><![CDATA[This project ensures the long-term preservation and security of the mammalian research collections housed at the University of Kansas (KU) Biodiversity Institute. The KU Biodiversity Institute’s mammal collection is of international importance, ranked as the sixth largest in North America, and the third largest university holding in the world. This project replaces antiquated wooden specimen cabinets with updated stainless steel casing to rescue irreplaceable specimens from environmentally deficient conditions and preserve them in ideal, climate-controlled, pest-free housing in perpetuity. Safeguarding the KU Biodiversity Institute’s mammal collection ensures the continued contribution of these resources to biodiversity science, formal undergraduate and graduate education, and public programming for K–12 students, teachers, and public audiences of the KU Biodiversity Institute’s Natural History Museum. This project engages several undergraduate and graduate students in collections-based research projects and active curation. The physical specimens preserved at the Biodiversity Institute provide a critical foundation for research and education on DNA, climate change, evolution, conservation, and emerging pathogens, and are available for loan by researchers across the globe.&lt;br/&gt;&lt;br/&gt;The KU Biodiversity Institute’s mammal collection houses 279,936 dry specimens in 332 cabinets, 185 of which are antiquated and compromised wooden cabinets that date to the 1950s and 1960s, and whose joints, doors, and seals are inadequate for protecting dry specimens from pest infestations. Specimens will be vacuumed and frozen at -40ºC for 2 weeks to eliminate pests, then transferred to stainless steel cases for long-term preservation. During the transfer, data from specimen tags will be verified and digitally recorded in the Specify museum database, and served to the community through GBIF, iDigBio, BISON, and VertNet. As specimens are processed, phenotypic characters will be recorded, including the reproductive status or molting progress of each specimen, and these data will be used to test for shifts in mammalian life history events overtime. Students will collaborate with Exhibits Staff at the KU Biodiversity Institute to conceive and build a new public exhibit focused on the importance of scientific collections. The exhibit will highlight research stories that illustrate how critical collections are for solving problems of societal interest, including recognizing emerging pathogens and tracing the origins of invasive species.&lt;br/&gt;&lt;br/&gt;This award reflects NSF's statutory mission and has been deemed worthy of support through evaluation using the Foundation's intellectual merit and broader impacts review criteria.]]></AbstractNarration>
<MinAmdLetterDate>08/02/2021</MinAmdLetterDate>
<MaxAmdLetterDate>08/02/2021</MaxAmdLetterDate>
<ARRAAmount/>
<TRAN_TYPE>Grant</TRAN_TYPE>
<CFDA_NUM>47.074</CFDA_NUM>
<NSF_PAR_USE_FLAG>1</NSF_PAR_USE_FLAG>
<FUND_AGCY_CODE>4900</FUND_AGCY_CODE>
<AWDG_AGCY_CODE>4900</AWDG_AGCY_CODE>
<AwardID>2100955</AwardID>
<Investigator>
<FirstName>Maria</FirstName>
<LastName>Eifler</LastName>
<PI_MID_INIT>A</PI_MID_INIT>
<PI_SUFX_NAME/>
<PI_FULL_NAME>Maria A Eifler</PI_FULL_NAME>
<EmailAddress><![CDATA[meifler@ku.edu]]></EmailAddress>
<NSF_ID>000153111</NSF_ID>
<StartDate>08/02/2021</StartDate>
<EndDate/>
<RoleCode>Co-Principal Investigator</RoleCode>
</Investigator>
<Investigator>
<FirstName>Jocelyn</FirstName>
<LastName>Colella</LastName>
<PI_MID_INIT>P</PI_MID_INIT>
<PI_SUFX_NAME/>
<PI_FULL_NAME>Jocelyn P Colella</PI_FULL_NAME>
<EmailAddress><![CDATA[colella@ku.edu]]></EmailAddress>
<NSF_ID>000828737</NSF_ID>
<StartDate>08/02/2021</StartDate>
<EndDate/>
<RoleCode>Principal Investigator</RoleCode>
</Investigator>
<Institution>
<Name>University of Kansas Center for Research Inc</Name>
<CityName>Lawrence</CityName>
<ZipCode>660457552</ZipCode>
<PhoneNumber>7858643441</PhoneNumber>
<StreetAddress>2385 IRVING HILL RD</StreetAddress>
<StreetAddress2/>
<CountryName>United States</CountryName>
<StateName>Kansas</StateName>
<StateCode>KS</StateCode>
<CONGRESSDISTRICT>02</CONGRESSDISTRICT>
<CONGRESS_DISTRICT_ORG>KS02</CONGRESS_DISTRICT_ORG>
<ORG_UEI_NUM>SSUJB3GSH8A5</ORG_UEI_NUM>
<ORG_LGL_BUS_NAME>UNIVERSITY OF KANSAS CENTER FOR RESEARCH, INC.</ORG_LGL_BUS_NAME>
<ORG_PRNT_UEI_NUM>WGK8J9FEKW65</ORG_PRNT_UEI_NUM>
</Institution>
<Performance_Institution>
<Name><![CDATA[University of Kansas Center for Research Inc]]></Name>
<CityName>Lawrence</CityName>
<StateCode>KS</StateCode>
<ZipCode>660457568</ZipCode>
<StreetAddress><![CDATA[2385 IRVING HILL RD]]></StreetAddress>
<CountryCode>US</CountryCode>
<CountryName>United States</CountryName>
<StateName>Kansas</StateName>
<CountryFlag>1</CountryFlag>
<CONGRESSDISTRICT>02</CONGRESSDISTRICT>
<CONGRESS_DISTRICT_PERF>KS02</CONGRESS_DISTRICT_PERF>
</Performance_Institution>
<ProgramElement>
<Code>167Y</Code>
<Text>Capacity: Bio Collections</Text>
</ProgramElement>
<ProgramReference>
<Code>1197</Code>
<Text>BIOLOGICAL RESEARCH COLLECTION</Text>
</ProgramReference>
<Appropriation>
<Code>0121</Code>
<Name>NSF RESEARCH &amp; RELATED ACTIVIT</Name>
<APP_SYMB_ID>040100</APP_SYMB_ID>
</Appropriation>
<Fund>
<Code>01002122DB</Code>
<Name><![CDATA[NSF RESEARCH & RELATED ACTIVIT]]></Name>
<FUND_SYMB_ID>040100</FUND_SYMB_ID>
</Fund>
<FUND_OBLG>2021~645647</FUND_OBLG>
</Award>
</rootTag>
