<?xml version="1.0" encoding="UTF-8"?>
<rootTag>
<Award>
<AwardTitle><![CDATA[Collaborative Research: Microbiota Role in Intestinal Regeneration]]></AwardTitle>
<AGENCY>NSF</AGENCY>
<AwardEffectiveDate>08/01/2021</AwardEffectiveDate>
<AwardExpirationDate>07/31/2024</AwardExpirationDate>
<AwardTotalIntnAmount>661175.00</AwardTotalIntnAmount>
<AwardAmount>561175</AwardAmount>
<AwardInstrument>
<Value>Continuing Grant</Value>
</AwardInstrument>
<Organization>
<Code>08090000</Code>
<Directorate>
<Abbreviation>BIO</Abbreviation>
<LongName>Direct For Biological Sciences</LongName>
</Directorate>
<Division>
<Abbreviation>IOS</Abbreviation>
<LongName>Division Of Integrative Organismal Systems</LongName>
</Division>
</Organization>
<ProgramOfficer>
<SignBlockName>Anna Allen</SignBlockName>
<PO_EMAI>akallen@nsf.gov</PO_EMAI>
<PO_PHON>7032928011</PO_PHON>
</ProgramOfficer>
<AbstractNarration><![CDATA[Little is known about why some animals can regenerate certain tissues or organs, while other species cannot. This research explores regeneration in a novel organism, the sea cucumber Holothuria glaberrima. These animals have an incredible ability to regenerate lost structures and this study will focus on the regeneration of the intestine.  In recent years, the microbial environment associated with organisms, or microbiota, has been shown to play important roles in the development and proper function of an organism. This project aims to determine the possible role of the microbiota on the process of intestinal regeneration. For this study, the bacteria and other microorganisms that are associated with the regenerating intestine will be characterized to determine if and which species might be modulating intestinal regeneration. Moreover, the project provides "hands-on" research training to undergraduate students as a way of guiding them toward scientific research careers and help increase the diversity of the scientific community. &lt;br/&gt;&lt;br/&gt;The microbiota within the digestive tract has been shown to modulate energy metabolism and immunity in both vertebrate and invertebrate species. However, little is known of their role in organogenesis and in particular in the regeneration of new organs following loss or injury. This proposal aims to extend our knowledge of the microbiota role in developmental and regenerative processes. The proposal brings together two research scientists with different areas of expertise that will join forces to focus on the characterization of holothurian intestinal microbiota and its function in the regeneration of the holothurian digestive tract. To determine the possible effects of the microbiota, state of the art technology including RNA-Seq and 16rRNA sequencing together with more traditional microbiota analyses will be utilized. The proposed project will: (1) Characterize the intestinal microbiota of two different species of holothurians, that inhabit different environments and use different feeding methods and determine the spatial and temporal changes in the microbiota during intestinal regeneration. (2) Determine the role of the microbiota by modifying the microbiota using antibiotics and antifungal agents. (3) Identify the host genes that are under the control of the microbiota in normal and regenerating animals by performing transcriptomic analyses of normal and regenerating animals treated with specific antibiotic agents. The outcome of the proposal will be a clear description of how the microbiota modulates intestinal regeneration, a characterization of species that play a major role in the process and the target genes involved in the process.&lt;br/&gt;&lt;br/&gt;This award reflects NSF's statutory mission and has been deemed worthy of support through evaluation using the Foundation's intellectual merit and broader impacts review criteria.]]></AbstractNarration>
<MinAmdLetterDate>07/19/2021</MinAmdLetterDate>
<MaxAmdLetterDate>06/29/2022</MaxAmdLetterDate>
<ARRAAmount/>
<TRAN_TYPE>Grant</TRAN_TYPE>
<CFDA_NUM>47.074</CFDA_NUM>
<NSF_PAR_USE_FLAG>1</NSF_PAR_USE_FLAG>
<FUND_AGCY_CODE>4900</FUND_AGCY_CODE>
<AWDG_AGCY_CODE>4900</AWDG_AGCY_CODE>
<AwardID>2100494</AwardID>
<Investigator>
<FirstName>Carlos</FirstName>
<LastName>Rios-Velazquez</LastName>
<PI_MID_INIT/>
<PI_SUFX_NAME/>
<PI_FULL_NAME>Carlos Rios-Velazquez</PI_FULL_NAME>
<EmailAddress><![CDATA[Carlos.rios5@upr.edu]]></EmailAddress>
<NSF_ID>000478430</NSF_ID>
<StartDate>07/19/2021</StartDate>
<EndDate/>
<RoleCode>Co-Principal Investigator</RoleCode>
</Investigator>
<Investigator>
<FirstName>Jose</FirstName>
<LastName>Garcia-Arraras</LastName>
<PI_MID_INIT>E</PI_MID_INIT>
<PI_SUFX_NAME/>
<PI_FULL_NAME>Jose E Garcia-Arraras</PI_FULL_NAME>
<EmailAddress><![CDATA[jegarcia@hpcf.upr.edu]]></EmailAddress>
<NSF_ID>000479736</NSF_ID>
<StartDate>07/19/2021</StartDate>
<EndDate/>
<RoleCode>Principal Investigator</RoleCode>
</Investigator>
<Institution>
<Name>University of Puerto Rico-Rio Piedras</Name>
<CityName>SAN JUAN</CityName>
<ZipCode>00931</ZipCode>
<PhoneNumber>7877634949</PhoneNumber>
<StreetAddress>39 PONCE DE LEON AVE</StreetAddress>
<StreetAddress2/>
<CountryName>United States</CountryName>
<StateName>Puerto Rico</StateName>
<StateCode>PR</StateCode>
<CONGRESSDISTRICT>98</CONGRESSDISTRICT>
<CONGRESS_DISTRICT_ORG>PR98</CONGRESS_DISTRICT_ORG>
<ORG_UEI_NUM>Q3LLLDFHPNL3</ORG_UEI_NUM>
<ORG_LGL_BUS_NAME>UNIVERSITY OF PUERTO RICO</ORG_LGL_BUS_NAME>
<ORG_PRNT_UEI_NUM>LLABHNB9ABM4</ORG_PRNT_UEI_NUM>
</Institution>
<Performance_Institution>
<Name><![CDATA[University of Puerto Rico-Rio Piedras]]></Name>
<CityName>Rio Piedras</CityName>
<StateCode>PR</StateCode>
<ZipCode>009313360</ZipCode>
<StreetAddress><![CDATA[Ponce de Leon Ave]]></StreetAddress>
<CountryCode>US</CountryCode>
<CountryName>United States</CountryName>
<StateName>Puerto Rico</StateName>
<CountryFlag>1</CountryFlag>
<CONGRESSDISTRICT>00</CONGRESSDISTRICT>
<CONGRESS_DISTRICT_PERF>PR00</CONGRESS_DISTRICT_PERF>
</Performance_Institution>
<ProgramElement>
<Code>1119</Code>
<Text>Animal Developmental Mechanism</Text>
</ProgramElement>
<ProgramReference>
<Code>2886</Code>
<Text>MINORITY INSTITUTIONS PROGRAM</Text>
</ProgramReference>
<ProgramReference>
<Code>9150</Code>
<Text>EXP PROG TO STIM COMP RES</Text>
</ProgramReference>
<ProgramReference>
<Code>9179</Code>
<Text>GRADUATE INVOLVEMENT</Text>
</ProgramReference>
<Appropriation>
<Code/>
<Name/>
<APP_SYMB_ID/>
</Appropriation>
<Appropriation>
<Code/>
<Name/>
<APP_SYMB_ID/>
</Appropriation>
<Fund>
<Code>01002223DB</Code>
<Name><![CDATA[NSF RESEARCH & RELATED ACTIVIT]]></Name>
<FUND_SYMB_ID>040100</FUND_SYMB_ID>
</Fund>
<Fund>
<Code>01002122DB</Code>
<Name><![CDATA[NSF RESEARCH & RELATED ACTIVIT]]></Name>
<FUND_SYMB_ID>040100</FUND_SYMB_ID>
</Fund>
<FUND_OBLG>2021~361175</FUND_OBLG>
<FUND_OBLG>2022~200000</FUND_OBLG>
</Award>
</rootTag>
