<?xml version="1.0" encoding="UTF-8"?>
<rootTag>
<Award>
<AwardTitle>I-Corps:  Artificial Intelligence Quantitative Angiographic System To Guide Endovascular Procedures</AwardTitle>
<AGENCY>NSF</AGENCY>
<AwardEffectiveDate>02/15/2021</AwardEffectiveDate>
<AwardExpirationDate>07/31/2022</AwardExpirationDate>
<AwardTotalIntnAmount>50000.00</AwardTotalIntnAmount>
<AwardAmount>50000</AwardAmount>
<AwardInstrument>
<Value>Standard Grant</Value>
</AwardInstrument>
<Organization>
<Code>15030000</Code>
<Directorate>
<Abbreviation>TIP</Abbreviation>
<LongName>Dir for Tech, Innovation, &amp; Partnerships</LongName>
</Directorate>
<Division>
<Abbreviation>TI</Abbreviation>
<LongName>Translational Impacts</LongName>
</Division>
</Organization>
<ProgramOfficer>
<SignBlockName>Ruth Shuman</SignBlockName>
<PO_EMAI>rshuman@nsf.gov</PO_EMAI>
<PO_PHON>7032922160</PO_PHON>
</ProgramOfficer>
<AbstractNarration>The broader impact/commercial potential of this I-Corps project is the development of a surgical assistive software that will improve overall healthcare provided to patients by ensuring successful endovascular treatments on the first attempt and reducing retreatment procedures in surgical suites.  In current clinical practice, neuro-interventionalists cannot guarantee good outcomes, such as the successful healing of intracranial aneurysms immediately following treatment by an endovascular device. In such cases, treated patients have to wait a minimum of 3-6 months before their aneurysm is reassessed on medical imaging and the clinician decides if re-treatment is necessary. During this critical time, patients are still at risk of an aneurysm rupture, which may cause disastrous hemorrhagic strokes. Furthermore, if re-treatment is needed, the additional procedures have higher risk to the patient, and put further financial burden on hospitals and insurance companies. The proposed technology, a digital companion to medical imaging, can predict problem cases intra-procedurally, so that they may be immediately rectified, thus avoiding potential ruptures and reducing rates of re-treatments from 30% to 5%.&lt;br/&gt;&lt;br/&gt;This I-Corps project is based on the development of a software tool to analyze intracranial aneurysm (IA) hemodynamics and predict long-term treatment outcomes using quantitative angiographic imaging. This is a completely autonomous method that rapidly performs three tasks for each angiogram. First, artificial intelligence (AI)-based detection and segmentation of the aneurysm dome are performed with a Dice coefficient of 0.84. Next, physics-based quantitative angiographic parameters related to the nature of blood flow are automatically extracted from the aneurysm dome. High correlation is observed with parameters extracted by a human expert (Pearson correlation of 0.87) but the technology is 1,000 times faster. Finally, the parameters are input into an AI prediction algorithm to predict 6-month occlusion probability (successful treatment), which has an area under the receiver operating characteristic curve of 77%. This prototype software is designed to be seamlessly integrated into the imaging suite and provide a prediction in under 1 second. This software is 10–20 times faster than current methods, which involve neuro-interventionalists leaving the operating suite, loading the images on a separate workstation, and then analyzing the device placement with respect to the aneurysm. Moreover, the current time-consuming method does not provide information regarding the future healing of the aneurysm with treatment.&lt;br/&gt;&lt;br/&gt;This award reflects NSF's statutory mission and has been deemed worthy of support through evaluation using the Foundation's intellectual merit and broader impacts review criteria.</AbstractNarration>
<MinAmdLetterDate>02/24/2021</MinAmdLetterDate>
<MaxAmdLetterDate>05/21/2021</MaxAmdLetterDate>
<ARRAAmount/>
<TRAN_TYPE>Grant</TRAN_TYPE>
<CFDA_NUM>47.041</CFDA_NUM>
<NSF_PAR_USE_FLAG>1</NSF_PAR_USE_FLAG>
<FUND_AGCY_CODE>4900</FUND_AGCY_CODE>
<AWDG_AGCY_CODE>4900</AWDG_AGCY_CODE>
<AwardID>2100863</AwardID>
<Investigator>
<FirstName>Ciprian</FirstName>
<LastName>Ionita</LastName>
<PI_MID_INIT>N</PI_MID_INIT>
<PI_SUFX_NAME/>
<PI_FULL_NAME>Ciprian N Ionita</PI_FULL_NAME>
<EmailAddress>cnionita@buffalo.edu</EmailAddress>
<PI_PHON>7168295413</PI_PHON>
<NSF_ID>000776408</NSF_ID>
<StartDate>02/24/2021</StartDate>
<EndDate/>
<RoleCode>Principal Investigator</RoleCode>
</Investigator>
<Institution>
<Name>SUNY at Buffalo</Name>
<CityName>AMHERST</CityName>
<ZipCode>142282577</ZipCode>
<PhoneNumber>7166452634</PhoneNumber>
<StreetAddress>520 LEE ENTRANCE STE 211</StreetAddress>
<StreetAddress2/>
<CountryName>United States</CountryName>
<StateName>New York</StateName>
<StateCode>NY</StateCode>
<CONGRESSDISTRICT>26</CONGRESSDISTRICT>
<CONGRESS_DISTRICT_ORG>NY26</CONGRESS_DISTRICT_ORG>
<ORG_UEI_NUM>LMCJKRFW5R81</ORG_UEI_NUM>
<ORG_LGL_BUS_NAME>RESEARCH FOUNDATION FOR THE STATE UNIVERSITY OF NEW YORK, THE</ORG_LGL_BUS_NAME>
<ORG_PRNT_UEI_NUM>GMZUKXFDJMA9</ORG_PRNT_UEI_NUM>
</Institution>
<Performance_Institution>
<Name><![CDATA[SUNY at Buffalo]]></Name>
<CityName>Buffalo</CityName>
<StateCode>NY</StateCode>
<ZipCode>142282567</ZipCode>
<StreetAddress><![CDATA[520 Lee Entrance]]></StreetAddress>
<CountryCode>US</CountryCode>
<CountryName>United States</CountryName>
<StateName>New York</StateName>
<CountryFlag>1</CountryFlag>
<CONGRESSDISTRICT>26</CONGRESSDISTRICT>
<CONGRESS_DISTRICT_PERF>NY26</CONGRESS_DISTRICT_PERF>
</Performance_Institution>
<ProgramElement>
<Code>8023</Code>
<Text>I-Corps</Text>
</ProgramElement>
<ProgramReference>
<Code>7453</Code>
<Text>GRAPHICS &amp; VISUALIZATION</Text>
</ProgramReference>
<Appropriation>
<Code>0121</Code>
<Name>NSF RESEARCH &amp; RELATED ACTIVIT</Name>
<APP_SYMB_ID>040100</APP_SYMB_ID>
</Appropriation>
<Fund>
<Code>01002122DB</Code>
<Name><![CDATA[NSF RESEARCH & RELATED ACTIVIT]]></Name>
<FUND_SYMB_ID>040100</FUND_SYMB_ID>
</Fund>
<FUND_OBLG>2021~50000</FUND_OBLG>
</Award>
</rootTag>
