<?xml version="1.0" encoding="UTF-8"?>
<rootTag>
<Award>
<AwardTitle><![CDATA[How Do Unrepresentative College Grades Shape Race and Gender Gaps in the STEM Pipeline?]]></AwardTitle>
<AGENCY>NSF</AGENCY>
<AwardEffectiveDate>09/01/2021</AwardEffectiveDate>
<AwardExpirationDate>08/31/2024</AwardExpirationDate>
<AwardTotalIntnAmount>498250.00</AwardTotalIntnAmount>
<AwardAmount>498250</AwardAmount>
<AwardInstrument>
<Value>Standard Grant</Value>
</AwardInstrument>
<Organization>
<Code>11060000</Code>
<Directorate>
<Abbreviation>EHR</Abbreviation>
<LongName>Direct For Education and Human Resources</LongName>
</Directorate>
<Division>
<Abbreviation>HRD</Abbreviation>
<LongName>Division Of Human Resource Development</LongName>
</Division>
</Organization>
<ProgramOfficer>
<SignBlockName>Chrystal Smith</SignBlockName>
<PO_EMAI>chrsmith@nsf.gov</PO_EMAI>
<PO_PHON>7032924342</PO_PHON>
</ProgramOfficer>
<AbstractNarration><![CDATA[While course grades are a primary way instructors communicate with students about their academic performance, there is less research on how grades are interpreted differently by college students.  As a result, differential responses to grades may aﬀect which students pursue STEM degrees and may therefore be an important contributing factor in the well documented gender and race/ethnicity gaps in STEM degrees. Prior studies examining this hypothesis, however, have been largely limited to analyzing data from individual courses or from single colleges and therefore cannot rule out alternative explanations based on other aspects of a student’s academic record or aspects of the institution where the student is enrolled. Likewise, previous studies have not been able to account for factors influencing students’ ﬁnal grades in a course, such as a personal hardship. This project proposes to address these challenges by examining student grades across all STEM courses at all campuses in the University of North Carolina system. The study will include analyses of the Spring 2020 disruption caused by COVID-19 and will consider how the potentially unrepresentative grades students received in Spring 2020 may have shaped subsequent choices to pursue STEM coursework.  This project intends to generate generalizable estimates of how students’ differential sensitivity to grades may affect the size of race and gender gaps in the STEM pipeline. Understanding these responses has the potential to allow schools to devise fairer grading systems and better tailor advising programs and resources to support students pursuing STEM majors.&lt;br/&gt;&lt;br/&gt;The project team will employ a mixed-methods approach to better understand whether unrepresentative grades change students’ trajectories through the STEM pipeline, whether these changes vary with students’ race/ethnicity or gender, and how departments advise students when they receive unrepresentative grades. The team will use student transcript data from 15 campuses in the University of North Carolina system from the academic years 2015-16 through 2023-24 to compare the trajectories of students in STEM majors based on whether they received uncharacteristically high or low grades in STEM courses in Spring 2020  compared to what might be expected based on the performance of prior cohorts of students. In addition, the team plans to interview academic advisors from a sample of STEM departments in the UNC system to better understand the guidance students receive about how to interpret their grades when deciding whether to pursue a STEM degree. One potential broader impact of this project is inform knowledge about grading policies and academic advising with an aim to reduce achievement gaps in STEM participation. The team plans to disseminate results in academic journals and distribute findings among local and regional stakeholders in the form of policy briefs and presentations.  This project is funded by the EHR Core Research (ECR) program, which supports work that advances fundamental research on STEM learning and learning environments, broadening participation in STEM, and STEM workforce development.&lt;br/&gt;&lt;br/&gt;This award reflects NSF's statutory mission and has been deemed worthy of support through evaluation using the Foundation's intellectual merit and broader impacts review criteria.]]></AbstractNarration>
<MinAmdLetterDate>06/14/2021</MinAmdLetterDate>
<MaxAmdLetterDate>06/14/2021</MaxAmdLetterDate>
<ARRAAmount/>
<TRAN_TYPE>Grant</TRAN_TYPE>
<CFDA_NUM>47.076</CFDA_NUM>
<NSF_PAR_USE_FLAG>1</NSF_PAR_USE_FLAG>
<FUND_AGCY_CODE>4900</FUND_AGCY_CODE>
<AWDG_AGCY_CODE>4900</AWDG_AGCY_CODE>
<AwardID>2100122</AwardID>
<Investigator>
<FirstName>Ethan</FirstName>
<LastName>Hutt</LastName>
<PI_MID_INIT/>
<PI_SUFX_NAME/>
<PI_FULL_NAME>Ethan Hutt</PI_FULL_NAME>
<EmailAddress><![CDATA[ehutt@unc.edu]]></EmailAddress>
<NSF_ID>000756907</NSF_ID>
<StartDate>06/14/2021</StartDate>
<EndDate/>
<RoleCode>Co-Principal Investigator</RoleCode>
</Investigator>
<Investigator>
<FirstName>Daniel</FirstName>
<LastName>Klasik</LastName>
<PI_MID_INIT/>
<PI_SUFX_NAME/>
<PI_FULL_NAME>Daniel Klasik</PI_FULL_NAME>
<EmailAddress><![CDATA[djklasik@unc.edu]]></EmailAddress>
<NSF_ID>000729996</NSF_ID>
<StartDate>06/14/2021</StartDate>
<EndDate/>
<RoleCode>Principal Investigator</RoleCode>
</Investigator>
<Investigator>
<FirstName>Lauren</FirstName>
<LastName>Sartain</LastName>
<PI_MID_INIT/>
<PI_SUFX_NAME/>
<PI_FULL_NAME>Lauren Sartain</PI_FULL_NAME>
<EmailAddress><![CDATA[lsartain@unc.edu]]></EmailAddress>
<NSF_ID>000810718</NSF_ID>
<StartDate>06/14/2021</StartDate>
<EndDate/>
<RoleCode>Co-Principal Investigator</RoleCode>
</Investigator>
<Institution>
<Name>University of North Carolina at Chapel Hill</Name>
<CityName>CHAPEL HILL</CityName>
<ZipCode>275995023</ZipCode>
<PhoneNumber>9199663411</PhoneNumber>
<StreetAddress>104 AIRPORT DR STE 2200</StreetAddress>
<StreetAddress2/>
<CountryName>United States</CountryName>
<StateName>North Carolina</StateName>
<StateCode>NC</StateCode>
<CONGRESSDISTRICT>04</CONGRESSDISTRICT>
<CONGRESS_DISTRICT_ORG>NC04</CONGRESS_DISTRICT_ORG>
<ORG_UEI_NUM>D3LHU66KBLD5</ORG_UEI_NUM>
<ORG_LGL_BUS_NAME>UNIVERSITY OF NORTH CAROLINA AT CHAPEL HILL</ORG_LGL_BUS_NAME>
<ORG_PRNT_UEI_NUM>N8DMK1K4C2K5</ORG_PRNT_UEI_NUM>
</Institution>
<Performance_Institution>
<Name><![CDATA[University of North Carolina at Chapel Hill]]></Name>
<CityName>CHAPEL HILL</CityName>
<StateCode>NC</StateCode>
<ZipCode>275991350</ZipCode>
<StreetAddress><![CDATA[104 AIRPORT DR STE 2200]]></StreetAddress>
<CountryCode>US</CountryCode>
<CountryName>United States</CountryName>
<StateName>North Carolina</StateName>
<CountryFlag>1</CountryFlag>
<CONGRESSDISTRICT>04</CONGRESSDISTRICT>
<CONGRESS_DISTRICT_PERF>NC04</CONGRESS_DISTRICT_PERF>
</Performance_Institution>
<ProgramElement>
<Code>7980</Code>
<Text>ECR-EHR Core Research</Text>
</ProgramElement>
<ProgramReference>
<Code>8212</Code>
<Text>Broaden Particip STEM Resrch</Text>
</ProgramReference>
<ProgramReference>
<Code>8817</Code>
<Text>STEM Learning &amp; Learning Environments</Text>
</ProgramReference>
<Appropriation>
<Code>0421</Code>
<Name>NSF Education &amp; Human Resource</Name>
<APP_SYMB_ID>040106</APP_SYMB_ID>
</Appropriation>
<Fund>
<Code>04002122DB</Code>
<Name><![CDATA[NSF Education & Human Resource]]></Name>
<FUND_SYMB_ID>040106</FUND_SYMB_ID>
</Fund>
<FUND_OBLG>2021~498250</FUND_OBLG>
</Award>
</rootTag>
