<?xml version="1.0" encoding="UTF-8"?>
<rootTag>
<Award>
<AwardTitle>Neutron scattering studies of magnetic order and spin dynamics in two-dimensional van der Waals magnetic materials</AwardTitle>
<AGENCY>NSF</AGENCY>
<AwardEffectiveDate>12/01/2021</AwardEffectiveDate>
<AwardExpirationDate>11/30/2024</AwardExpirationDate>
<AwardTotalIntnAmount>601089.00</AwardTotalIntnAmount>
<AwardAmount>400726</AwardAmount>
<AwardInstrument>
<Value>Continuing Grant</Value>
</AwardInstrument>
<Organization>
<Code>03070000</Code>
<Directorate>
<Abbreviation>MPS</Abbreviation>
<LongName>Direct For Mathematical &amp; Physical Scien</LongName>
</Directorate>
<Division>
<Abbreviation>DMR</Abbreviation>
<LongName>Division Of Materials Research</LongName>
</Division>
</Organization>
<ProgramOfficer>
<SignBlockName>Elizabeth Mann</SignBlockName>
<PO_EMAI>elmann@nsf.gov</PO_EMAI>
<PO_PHON>7032924821</PO_PHON>
</ProgramOfficer>
<AbstractNarration>Non-Technical abstract&lt;br/&gt;&lt;br/&gt;Why does your cell phone get so hot? And how come the battery never lasts long enough? It is because cell phones — and other common devices like laptops and TVs — need to send electric currents through pieces of metal and transistors to power on, and they produce heat, called Ohmic heating, in the process. In fact, most of your battery’s energy is not going toward getting you online: It is producing wasted heat. Scientists are now reaching a ceiling on making those transistors better. But there is progress on a material that might make our devices even faster and last longer: a spin electronic device. Colloquially called a “spintronic,” these materials are built out of insulators instead of metal, and as such, do not produce Ohmic heating. Instead of electric currents, they rely on the intrinsic spin of an electron — which means they could transmit information without generating heat. The goal of this NSF grant is to study materials that might work as spintronics. This experimental research aims to explore and understand the magnetic properties of the materials, which are called two-dimensional van der Waals materials. To do it, we will be using a process called neutron scattering. Because neutrons do not have a charge but carry spin, the way that they scatter when aimed at a material can help us understand its magnetic properties. Practically speaking, these experiments will help further the research around spintronics and could revolutionize the electronic device industry. They can also provide deeper insight into nature: about how the inherent magnetic properties of the world around us fundamentally work. Broad impacts of this program will include training of graduate students, particularly women and under-represented minorities, and hosting undergraduate and high school students during summer. &lt;br/&gt;&lt;br/&gt;Technical abstract&lt;br/&gt;&lt;br/&gt;This NSF project is an innovative experimental program that integrates neutron scattering experiments with lab-based materials efforts, aimed at gaining a fundamental understanding of the magnetic order and spin dynamics in bulk two-dimensional (2D) van der Waals (vdW) magnetic materials. The objective of this program is to explore and understand the microscopic origin of magnetic order and interactions in various phases of 2D vdW honeycomb and Kagomé lattice structure magnetic materials. In particular, the team will focus on bulk single crystals of CrI3, CrBr3, CrCl3, Cr(I,Br,Cl)3, Cr2Ge2Te6, alpha-RuCl3, and YMn6Sn6. The program has three components: bulk single crystal synthesis, initial materials characterization, and neutron scattering. The focus of the program will be on neutron scattering. For synthesis, the PI has established a comprehensive materials laboratory and can grow single crystals of the proposed materials. The initial characterization of these single crystals will be performed using facilities in the group, including an in-situ uniaxial pressure device. Neutron scattering will be used to study the magnetic order and spin dynamical properties of these materials. These experiments will be performed at the best facilities in the US, including the high-flux isotope reactor (HFIR) and the Spallation Neutron Source (SNS) at Oak Ridge National Laboratory (ORNL), and the NIST Center for Neutron Research (NCNR). In addition, world-class neutron scattering facilities in Europe and Japan will also be utilized when similar capabilities are unavailable in the US.&lt;br/&gt;&lt;br/&gt;This award reflects NSF's statutory mission and has been deemed worthy of support through evaluation using the Foundation's intellectual merit and broader impacts review criteria.</AbstractNarration>
<MinAmdLetterDate>11/10/2021</MinAmdLetterDate>
<MaxAmdLetterDate>11/10/2021</MaxAmdLetterDate>
<ARRAAmount/>
<TRAN_TYPE>Grant</TRAN_TYPE>
<CFDA_NUM>47.049</CFDA_NUM>
<NSF_PAR_USE_FLAG>1</NSF_PAR_USE_FLAG>
<FUND_AGCY_CODE>4900</FUND_AGCY_CODE>
<AWDG_AGCY_CODE>4900</AWDG_AGCY_CODE>
<AwardID>2100741</AwardID>
<Investigator>
<FirstName>Pengcheng</FirstName>
<LastName>Dai</LastName>
<PI_MID_INIT/>
<PI_SUFX_NAME/>
<PI_FULL_NAME>Pengcheng Dai</PI_FULL_NAME>
<EmailAddress>pdai@rice.edu</EmailAddress>
<PI_PHON>7133483731</PI_PHON>
<NSF_ID>000396070</NSF_ID>
<StartDate>11/10/2021</StartDate>
<EndDate/>
<RoleCode>Principal Investigator</RoleCode>
</Investigator>
<Institution>
<Name>William Marsh Rice University</Name>
<CityName>Houston</CityName>
<ZipCode>770051827</ZipCode>
<PhoneNumber>7133484820</PhoneNumber>
<StreetAddress>6100 MAIN ST</StreetAddress>
<StreetAddress2/>
<CountryName>United States</CountryName>
<StateName>Texas</StateName>
<StateCode>TX</StateCode>
<CONGRESSDISTRICT>02</CONGRESSDISTRICT>
<CONGRESS_DISTRICT_ORG>TX02</CONGRESS_DISTRICT_ORG>
<ORG_UEI_NUM>K51LECU1G8N3</ORG_UEI_NUM>
<ORG_LGL_BUS_NAME>WILLIAM MARSH RICE UNIVERSITY</ORG_LGL_BUS_NAME>
<ORG_PRNT_UEI_NUM>K51LECU1G8N3</ORG_PRNT_UEI_NUM>
</Institution>
<Performance_Institution>
<Name><![CDATA[William Marsh Rice University]]></Name>
<CityName>Houston</CityName>
<StateCode>TX</StateCode>
<ZipCode>770051827</ZipCode>
<StreetAddress><![CDATA[6100 Main St.]]></StreetAddress>
<CountryCode>US</CountryCode>
<CountryName>United States</CountryName>
<StateName>Texas</StateName>
<CountryFlag>1</CountryFlag>
<CONGRESSDISTRICT>02</CONGRESSDISTRICT>
<CONGRESS_DISTRICT_PERF>TX02</CONGRESS_DISTRICT_PERF>
</Performance_Institution>
<ProgramElement>
<Code>1710</Code>
<Text>CONDENSED MATTER PHYSICS</Text>
</ProgramElement>
<ProgramReference>
<Code>7203</Code>
<Text>QUANTUM INFORMATION SCIENCE</Text>
</ProgramReference>
<FUND_OBLG>2022~400726</FUND_OBLG>
</Award>
</rootTag>
