<?xml version="1.0" encoding="UTF-8"?>
<rootTag>
<Award>
<AwardTitle><![CDATA[Collaborative Research: Flow Channel Control of Substorm Expansion Phase Spatial Coverage and Duration]]></AwardTitle>
<AGENCY>NSF</AGENCY>
<AwardEffectiveDate>09/01/2021</AwardEffectiveDate>
<AwardExpirationDate>08/31/2024</AwardExpirationDate>
<AwardTotalIntnAmount>79984.00</AwardTotalIntnAmount>
<AwardAmount>79984</AwardAmount>
<AwardInstrument>
<Value>Standard Grant</Value>
</AwardInstrument>
<Organization>
<Code>06020200</Code>
<Directorate>
<Abbreviation>GEO</Abbreviation>
<LongName>Directorate For Geosciences</LongName>
</Directorate>
<Division>
<Abbreviation>AGS</Abbreviation>
<LongName>Div Atmospheric &amp; Geospace Sciences</LongName>
</Division>
</Organization>
<ProgramOfficer>
<SignBlockName>Alan Liu</SignBlockName>
<PO_EMAI>zhualiu@nsf.gov</PO_EMAI>
<PO_PHON>7032927051</PO_PHON>
</ProgramOfficer>
<AbstractNarration><![CDATA[Space weather describes the variations in the space environment between the sun and Earth.  Space weather often manifests as substorms, where a beautiful auroral display is accompanied by an electrical current in space which can impact systems and technologies in orbit and on Earth, such as spacecrafts and power distribution systems.  The substorm is localized in time (a few hours) and space (polar region). This project will benefit society by advancing understanding of space weather disturbances, which significantly affect space and susceptible ground systems.  More specifically, current space weather forecasting has some validity over long time scales, but severely lacks ability to predict onset, duration, and spatial coverage of short term (e.g., substorm and streamer time scales) disturbances. This project is directly aimed at this issue by examining what determines spatial and temporal development of individual disturbances.  The project will also set further precedents on coordinated use of ground-based capabilities to attack major facets of coupled magnetosphere-ionosphere physics.  The team will promote research partnerships and coordination between the relevant research activities at UCLA, Boston University, and Penn State to publicize and develop new approaches for maximizing return from NSF observing facilities.  The research will also continue to provide material and motivation for a UCLA freshman seminar (“Fiat Lux”) course at UCLA “Secrets of the Northern Lights: The Earth’s aurora” that has stimulated a talented, diverse, and enthusiastic group of students, leading to undergraduate research projects.&lt;br/&gt;&lt;br/&gt;The Space Weather effects of a substorm depend not only on its peak instantaneous strength, but also on the highly variable spatial extent and duration. Despite their significant importance, the spatial extent and duration has received little attention due to the lack of ideas on what may be the important factors.  It has recently become known that flow channels of charged particles within the auroral oval (the ring of aurora above the Earth’s geomagnetic North Pole) that move from higher to lower latitude are a crucial feature of the oval and are responsible for the onset of a substorm.  This research project will focus on the role of these flow channels that occur after substorm onset and evaluate whether they play a crucial role in controlling the local time extent, the poleward expansion, and the duration of the substorm. Since flow channel related flows and field-aligned currents map along magnetic field lines that connect the magnetosphere and ionosphere, the team will make evaluation using primarily the NSF funded (and some other) radars and all-sky imagers that have greatly improved measurements over North America of ionospheric flows and aurora (which represent upward field-aligned currents). This allows the team to make two-dimensional measurement versus time, which cannot be done with sparse spacecraft. The investigators will also make use of a major new development in 2-D flow determination from radar data. The goals of this project are to establish: 1. Are plasma flows relative to the azimuthal expansion of the brightening of the onset arc consistent with that brightening expansion being the result of azimuthal expansion of the low entropy plasma from the onset flow channel as predicted by the Rice Convection Model? 2. What is the role of post-onset flow channels outside the auroral bulge in controlling the longitudinal development of substorm expansion? 3. Are polar cap flow channels directed toward the poleward boundary of the active substorm auroral bulge important in controlling further poleward expansion and the duration of substorm expansion-phase auroral activity? 4. Is the longitudinal extent and duration of the expansion-phase-like disturbances that initiate from the auroral polar boundary controlled by polar cap flow channels?&lt;br/&gt;&lt;br/&gt;This award reflects NSF's statutory mission and has been deemed worthy of support through evaluation using the Foundation's intellectual merit and broader impacts review criteria.]]></AbstractNarration>
<MinAmdLetterDate>08/23/2021</MinAmdLetterDate>
<MaxAmdLetterDate>08/23/2021</MaxAmdLetterDate>
<ARRAAmount/>
<TRAN_TYPE>Grant</TRAN_TYPE>
<CFDA_NUM>47.050</CFDA_NUM>
<NSF_PAR_USE_FLAG>1</NSF_PAR_USE_FLAG>
<FUND_AGCY_CODE>4900</FUND_AGCY_CODE>
<AWDG_AGCY_CODE>4900</AWDG_AGCY_CODE>
<AwardID>2100975</AwardID>
<Investigator>
<FirstName>Yukitoshi</FirstName>
<LastName>Nishimura</LastName>
<PI_MID_INIT/>
<PI_SUFX_NAME/>
<PI_FULL_NAME>Yukitoshi Nishimura</PI_FULL_NAME>
<EmailAddress><![CDATA[toshi16@bu.edu]]></EmailAddress>
<NSF_ID>000564420</NSF_ID>
<StartDate>08/23/2021</StartDate>
<EndDate/>
<RoleCode>Principal Investigator</RoleCode>
</Investigator>
<Institution>
<Name>Trustees of Boston University</Name>
<CityName>BOSTON</CityName>
<ZipCode>022151703</ZipCode>
<PhoneNumber>6173534365</PhoneNumber>
<StreetAddress>1 SILBER WAY</StreetAddress>
<StreetAddress2/>
<CountryName>United States</CountryName>
<StateName>Massachusetts</StateName>
<StateCode>MA</StateCode>
<CONGRESSDISTRICT>07</CONGRESSDISTRICT>
<CONGRESS_DISTRICT_ORG>MA07</CONGRESS_DISTRICT_ORG>
<ORG_UEI_NUM>THL6A6JLE1S7</ORG_UEI_NUM>
<ORG_LGL_BUS_NAME>TRUSTEES OF BOSTON UNIVERSITY</ORG_LGL_BUS_NAME>
<ORG_PRNT_UEI_NUM/>
</Institution>
<Performance_Institution>
<Name><![CDATA[Trustees of Boston University]]></Name>
<CityName>Boston</CityName>
<StateCode>MA</StateCode>
<ZipCode>022151400</ZipCode>
<StreetAddress><![CDATA[881 Commonwealth Avenue]]></StreetAddress>
<CountryCode>US</CountryCode>
<CountryName>United States</CountryName>
<StateName>Massachusetts</StateName>
<CountryFlag>1</CountryFlag>
<CONGRESSDISTRICT>07</CONGRESSDISTRICT>
<CONGRESS_DISTRICT_PERF>MA07</CONGRESS_DISTRICT_PERF>
</Performance_Institution>
<ProgramElement>
<Code>1521</Code>
<Text>AERONOMY</Text>
</ProgramElement>
<Appropriation>
<Code>0121</Code>
<Name>NSF RESEARCH &amp; RELATED ACTIVIT</Name>
<APP_SYMB_ID>040100</APP_SYMB_ID>
</Appropriation>
<Fund>
<Code>01002122DB</Code>
<Name><![CDATA[NSF RESEARCH & RELATED ACTIVIT]]></Name>
<FUND_SYMB_ID>040100</FUND_SYMB_ID>
</Fund>
<FUND_OBLG>2021~79984</FUND_OBLG>
</Award>
</rootTag>
