<?xml version="1.0" encoding="UTF-8"?>
<rootTag>
<Award>
<AwardTitle>GOALI: Coating of Rotating Discrete Objects</AwardTitle>
<AGENCY>NSF</AGENCY>
<AwardEffectiveDate>04/01/2021</AwardEffectiveDate>
<AwardExpirationDate>03/31/2024</AwardExpirationDate>
<AwardTotalIntnAmount>413178.00</AwardTotalIntnAmount>
<AwardAmount>413178</AwardAmount>
<AwardInstrument>
<Value>Standard Grant</Value>
</AwardInstrument>
<Organization>
<Code>07030000</Code>
<Directorate>
<Abbreviation>ENG</Abbreviation>
<LongName>Directorate For Engineering</LongName>
</Directorate>
<Division>
<Abbreviation>CMMI</Abbreviation>
<LongName>Div Of Civil, Mechanical, &amp; Manufact Inn</LongName>
</Division>
</Organization>
<ProgramOfficer>
<SignBlockName>Tom Kuech</SignBlockName>
<PO_EMAI>tkuech@nsf.gov</PO_EMAI>
<PO_PHON>7032922218</PO_PHON>
</ProgramOfficer>
<AbstractNarration>Coating of liquid films onto non-flat discrete objects arises in the manufacturing of a broad variety of products such as automobile and aerospace components, medical implants, three-dimensional printed parts, and foodstuffs.  Coatings are often needed to protect or functionalize surfaces, or even to create the final product itself.  It is an essential element in American manufacturing. This Grant Opportunity for Academic Liaison with Industry (GOALI) research promotes national prosperity in this critical area while developing new scientific insights into a complex problem. In contrast to liquid-film coating on flat substrates, liquid-film coating on non-flat discrete objects is considerably more challenging to understand at a fundamental level.  For most applications, a coating of uniform thickness is desired. However, the complex interplay between forces arising from object rotation, object curvature, gravity, viscosity, surface tension, and inertia may lead to the growth of instabilities and thus coating non-uniformities.  The overall objective of this project is to use a combination of theory, experiment, and industrial interaction to significantly advance fundamental understanding of the flow of liquid films on rotating discrete objects.  The general principles that the work aims to establish provides a firm foundation for systematic design and optimization of industrial coating processes, thereby enabling future breakthroughs that address critical industry needs.  Industrial outreach and involvement of undergraduate students from underrepresented groups complement the research activities.&lt;br/&gt;&lt;br/&gt;This project uses a combination of theory, experiment, and industrial interaction to significantly advance fundamental understanding of how liquid rheology, non-circular cross sections, and end-effects influence the flow of liquid films on rotating discrete objects.  The theory involves finite-difference and finite-element simulations of generalized Newtonian liquids and viscoelastic liquids. The simulations yield predictions of coating-film thickness and stability limits as function of parameters characterizing rotation velocity, object shape, and, rheological properties.  These predictions, along with asymptotic analysis of the underlying equations, are used to generate scaling laws that provide quick and accurate estimates helpful for industrial practitioners.  The experiments involve flow visualizations using three-dimensional printed objects having non-circular cross sections and liquids having rheological properties consistent with the rheological models used in the simulations.  Film-thickness variations and the onset of instabilities are inferred from the visualizations and compared to the theoretical predictions.  The interplay between theory, experiment, and industrial interaction ultimately advances physical understanding and lead to general principles that can be applied in manufacturing processes involving the coating of discrete objects.&lt;br/&gt;&lt;br/&gt;This award reflects NSF's statutory mission and has been deemed worthy of support through evaluation using the Foundation's intellectual merit and broader impacts review criteria.</AbstractNarration>
<MinAmdLetterDate>03/18/2021</MinAmdLetterDate>
<MaxAmdLetterDate>05/21/2021</MaxAmdLetterDate>
<ARRAAmount/>
<TRAN_TYPE>Grant</TRAN_TYPE>
<CFDA_NUM>47.041</CFDA_NUM>
<NSF_PAR_USE_FLAG>1</NSF_PAR_USE_FLAG>
<FUND_AGCY_CODE>4900</FUND_AGCY_CODE>
<AWDG_AGCY_CODE>4900</AWDG_AGCY_CODE>
<AwardID>2100765</AwardID>
<Investigator>
<FirstName>Satish</FirstName>
<LastName>Kumar</LastName>
<PI_MID_INIT/>
<PI_SUFX_NAME/>
<PI_FULL_NAME>Satish Kumar</PI_FULL_NAME>
<EmailAddress>kumar@cems.umn.edu</EmailAddress>
<PI_PHON>6126252558</PI_PHON>
<NSF_ID>000383188</NSF_ID>
<StartDate>03/18/2021</StartDate>
<EndDate/>
<RoleCode>Principal Investigator</RoleCode>
</Investigator>
<Investigator>
<FirstName>Aparna</FirstName>
<LastName>Bhave</LastName>
<PI_MID_INIT>V</PI_MID_INIT>
<PI_SUFX_NAME/>
<PI_FULL_NAME>Aparna V Bhave</PI_FULL_NAME>
<EmailAddress>aparna.bhave@bsci.com</EmailAddress>
<PI_PHON>7633501511</PI_PHON>
<NSF_ID>000838307</NSF_ID>
<StartDate>03/18/2021</StartDate>
<EndDate/>
<RoleCode>Co-Principal Investigator</RoleCode>
</Investigator>
<Institution>
<Name>University of Minnesota-Twin Cities</Name>
<CityName>MINNEAPOLIS</CityName>
<ZipCode>554552009</ZipCode>
<PhoneNumber>6126245599</PhoneNumber>
<StreetAddress>200 OAK ST SE # 224</StreetAddress>
<StreetAddress2/>
<CountryName>United States</CountryName>
<StateName>Minnesota</StateName>
<StateCode>MN</StateCode>
<CONGRESSDISTRICT>05</CONGRESSDISTRICT>
<CONGRESS_DISTRICT_ORG>MN05</CONGRESS_DISTRICT_ORG>
<ORG_UEI_NUM>KABJZBBJ4B54</ORG_UEI_NUM>
<ORG_LGL_BUS_NAME>REGENTS OF THE UNIVERSITY OF MINNESOTA</ORG_LGL_BUS_NAME>
<ORG_PRNT_UEI_NUM>CB47L9C9MDX1</ORG_PRNT_UEI_NUM>
</Institution>
<Performance_Institution>
<Name><![CDATA[University of Minnesota-Twin Cities]]></Name>
<CityName>Minneapolis</CityName>
<StateCode>MN</StateCode>
<ZipCode>554552070</ZipCode>
<StreetAddress><![CDATA[Amundson Hall]]></StreetAddress>
<CountryCode>US</CountryCode>
<CountryName>United States</CountryName>
<StateName>Minnesota</StateName>
<CountryFlag>1</CountryFlag>
<CONGRESSDISTRICT>05</CONGRESSDISTRICT>
<CONGRESS_DISTRICT_PERF>MN05</CONGRESS_DISTRICT_PERF>
</Performance_Institution>
<ProgramElement>
<Code>088Y</Code>
<Text>AM-Advanced Manufacturing</Text>
</ProgramElement>
<ProgramElement>
<Code>1504</Code>
<Text>GOALI-Grnt Opp Acad Lia wIndus</Text>
</ProgramElement>
<ProgramReference>
<Code>1504</Code>
<Text>GRANT OPP FOR ACAD LIA W/INDUS</Text>
</ProgramReference>
<ProgramReference>
<Code>8021</Code>
<Text>Materials Engineering</Text>
</ProgramReference>
<ProgramReference>
<Code>8025</Code>
<Text>Advanced Materials Processing</Text>
</ProgramReference>
<ProgramReference>
<Code>8037</Code>
<Text>Advanced Manufacturing</Text>
</ProgramReference>
<ProgramReference>
<Code>MANU</Code>
<Text>MANUFACTURING</Text>
</ProgramReference>
<Appropriation>
<Code>0121</Code>
<Name>NSF RESEARCH &amp; RELATED ACTIVIT</Name>
<APP_SYMB_ID>040100</APP_SYMB_ID>
</Appropriation>
<Fund>
<Code>01002122DB</Code>
<Name><![CDATA[NSF RESEARCH & RELATED ACTIVIT]]></Name>
<FUND_SYMB_ID>040100</FUND_SYMB_ID>
</Fund>
<FUND_OBLG>2021~413178</FUND_OBLG>
</Award>
</rootTag>
