<?xml version="1.0" encoding="UTF-8"?>
<rootTag>
<Award>
<AwardTitle>Developing the Skilled Technical Workforce for Regenerative Medicine Biomanufacturing in the Piedmont Triad Region of North Carolina</AwardTitle>
<AGENCY>NSF</AGENCY>
<AwardEffectiveDate>06/01/2021</AwardEffectiveDate>
<AwardExpirationDate>05/31/2024</AwardExpirationDate>
<AwardTotalIntnAmount>441028.00</AwardTotalIntnAmount>
<AwardAmount>441028</AwardAmount>
<AwardInstrument>
<Value>Standard Grant</Value>
</AwardInstrument>
<Organization>
<Code>11040100</Code>
<Directorate>
<Abbreviation>EHR</Abbreviation>
<LongName>Direct For Education and Human Resources</LongName>
</Directorate>
<Division>
<Abbreviation>DUE</Abbreviation>
<LongName>Division Of Undergraduate Education</LongName>
</Division>
</Organization>
<ProgramOfficer>
<SignBlockName>Virginia Carter</SignBlockName>
<PO_EMAI>vccarter@nsf.gov</PO_EMAI>
<PO_PHON>7032924651</PO_PHON>
</ProgramOfficer>
<AbstractNarration>A 2019 National Science Board report stressed the critical need for an exceptional skilled technical workforce to ensure the success of the nation's science- and engineering-driven industries. This project will serve the national interest by preparing skilled technical workers in regenerative medicine, an emerging field that aims to repair, regrow, or replace damaged cells, organs, and tissues.  Regenerative medicine is a cross-disciplinary field of biotechnology and bioengineering that includes convergent technologies such as nanotechnology, artificial intelligence and machine learning, mechanical engineering technologies, data science, and cyberbiosecurity. Regenerative medicine is rapidly evolving from basic research and development stages, through clinical translation and into biomanufacturing.  A significant gap in availability of skilled technicians in regenerative medicine biomanufacturing has been defined by identifying the required skills and the extent of the skills gap. To help fill this need, Wake Forest Institute for Regenerative Medicine is partnering with Forsyth Technical Community College, Simon G. Atkins High School, regional Historically Black Colleges and Universities, employers, and professional and trades organizations.  This partnership intends to bring the new science and technology of regenerative medicine into the community college sector to ensure the nation prepares the needed regenerative medicine technicians.  &lt;br/&gt;&lt;br/&gt;The project intends to meet this goal by developing a regional model for education of skilled technicians in regenerative medicine biomanufacturing.  Specifically, it will develop and deliver faculty professional development in regenerative medicine, from the high school level through community college and university levels (through articulated programs).  It will also disseminate research-based knowledge, skills, and abilities for the regenerative medicine field to community colleges and their partners.  Finally, the project will develop multiple career entry options and pathways for community college-prepared technicians and incumbent employees, with a focus on serving people from communities that are underrepresented in STEM. The project builds upon recent NSF-sponsored Advanced Technology Education efforts, which have provided the scientific, technical, and educational foundation for this project. The project team plans to work with diverse teams of experts enabling development and production of replacement cells and organs and the expansion of cells for therapy. This project is funded by the Advanced Technological Education program that focuses on the education technicians for the advanced-technology fields that drive the nation's economy.&lt;br/&gt;&lt;br/&gt;This award reflects NSF's statutory mission and has been deemed worthy of support through evaluation using the Foundation's intellectual merit and broader impacts review criteria.</AbstractNarration>
<MinAmdLetterDate>03/29/2021</MinAmdLetterDate>
<MaxAmdLetterDate>05/21/2021</MaxAmdLetterDate>
<ARRAAmount/>
<TRAN_TYPE>Grant</TRAN_TYPE>
<CFDA_NUM>47.076</CFDA_NUM>
<NSF_PAR_USE_FLAG>1</NSF_PAR_USE_FLAG>
<FUND_AGCY_CODE>4900</FUND_AGCY_CODE>
<AWDG_AGCY_CODE>4900</AWDG_AGCY_CODE>
<AwardID>2100268</AwardID>
<Investigator>
<FirstName>Russ</FirstName>
<LastName>Read</LastName>
<PI_MID_INIT>H</PI_MID_INIT>
<PI_SUFX_NAME/>
<PI_FULL_NAME>Russ H Read</PI_FULL_NAME>
<EmailAddress>rread@forsythtech.edu</EmailAddress>
<PI_PHON>3367347651</PI_PHON>
<NSF_ID>000515011</NSF_ID>
<StartDate>03/29/2021</StartDate>
<EndDate/>
<RoleCode>Co-Principal Investigator</RoleCode>
</Investigator>
<Investigator>
<FirstName>Gary</FirstName>
<LastName>Green</LastName>
<PI_MID_INIT>M</PI_MID_INIT>
<PI_SUFX_NAME/>
<PI_FULL_NAME>Gary M Green</PI_FULL_NAME>
<EmailAddress>gmgreen@wakehealth.edu</EmailAddress>
<PI_PHON>3364166777</PI_PHON>
<NSF_ID>000838707</NSF_ID>
<StartDate>03/29/2021</StartDate>
<EndDate/>
<RoleCode>Principal Investigator</RoleCode>
</Investigator>
<Investigator>
<FirstName>Cheryl</FirstName>
<LastName>Burrell</LastName>
<PI_MID_INIT>G</PI_MID_INIT>
<PI_SUFX_NAME/>
<PI_FULL_NAME>Cheryl G Burrell</PI_FULL_NAME>
<EmailAddress>cburrell@forsythtech.edu</EmailAddress>
<PI_PHON>3367573428</PI_PHON>
<NSF_ID>000838729</NSF_ID>
<StartDate>03/29/2021</StartDate>
<EndDate/>
<RoleCode>Co-Principal Investigator</RoleCode>
</Investigator>
<Institution>
<Name>Wake Forest University School of Medicine</Name>
<CityName>WINSTON SALEM</CityName>
<ZipCode>271570001</ZipCode>
<PhoneNumber>3367162382</PhoneNumber>
<StreetAddress>MEDICAL CENTER BLVD</StreetAddress>
<StreetAddress2/>
<CountryName>United States</CountryName>
<StateName>North Carolina</StateName>
<StateCode>NC</StateCode>
<CONGRESSDISTRICT>10</CONGRESSDISTRICT>
<CONGRESS_DISTRICT_ORG>NC10</CONGRESS_DISTRICT_ORG>
<ORG_UEI_NUM>SN7KD2UK7GC5</ORG_UEI_NUM>
<ORG_LGL_BUS_NAME>WAKE FOREST UNIVERSITY HEALTH SCIENCES</ORG_LGL_BUS_NAME>
<ORG_PRNT_UEI_NUM/>
</Institution>
<Performance_Institution>
<Name><![CDATA[Wake Forest University School of Medicine]]></Name>
<CityName>Winston Salem</CityName>
<StateCode>NC</StateCode>
<ZipCode>271573972</ZipCode>
<StreetAddress><![CDATA[Medical Center Blvd]]></StreetAddress>
<CountryCode>US</CountryCode>
<CountryName>United States</CountryName>
<StateName>North Carolina</StateName>
<CountryFlag>1</CountryFlag>
<CONGRESSDISTRICT>10</CONGRESSDISTRICT>
<CONGRESS_DISTRICT_PERF>NC10</CONGRESS_DISTRICT_PERF>
</Performance_Institution>
<ProgramElement>
<Code>7412</Code>
<Text>Advanced Tech Education Prog</Text>
</ProgramElement>
<ProgramReference>
<Code>102Z</Code>
<Text>COVID-Disproportionate Impcts Inst-Indiv</Text>
</ProgramReference>
<ProgramReference>
<Code>1032</Code>
<Text>ADVANCED TECHNOLOGY EDUCATION</Text>
</ProgramReference>
<ProgramReference>
<Code>9178</Code>
<Text>UNDERGRADUATE EDUCATION</Text>
</ProgramReference>
<ProgramReference>
<Code>SMET</Code>
<Text>SCIENCE, MATH, ENG &amp; TECH EDUCATION</Text>
</ProgramReference>
<Appropriation>
<Code>0421</Code>
<Name>NSF Education &amp; Human Resource</Name>
<APP_SYMB_ID>040106</APP_SYMB_ID>
</Appropriation>
<Fund>
<Code>04002122DB</Code>
<Name><![CDATA[NSF Education & Human Resource]]></Name>
<FUND_SYMB_ID>040106</FUND_SYMB_ID>
</Fund>
<FUND_OBLG>2021~441028</FUND_OBLG>
</Award>
</rootTag>
