<?xml version="1.0" encoding="UTF-8"?>
<rootTag>
<Award>
<AwardTitle><![CDATA[Collaborative Research: An Agent-Based Investigation of Hurricane Evacuation Dynamics: Key Factors, Connections, and Emergent Behaviors]]></AwardTitle>
<AGENCY>NSF</AGENCY>
<AwardEffectiveDate>09/01/2021</AwardEffectiveDate>
<AwardExpirationDate>08/31/2024</AwardExpirationDate>
<AwardTotalIntnAmount>71021.00</AwardTotalIntnAmount>
<AwardAmount>71021</AwardAmount>
<AwardInstrument>
<Value>Continuing Grant</Value>
</AwardInstrument>
<Organization>
<Code>07030000</Code>
<Directorate>
<Abbreviation>ENG</Abbreviation>
<LongName>Directorate For Engineering</LongName>
</Directorate>
<Division>
<Abbreviation>CMMI</Abbreviation>
<LongName>Div Of Civil, Mechanical, &amp; Manufact Inn</LongName>
</Division>
</Organization>
<ProgramOfficer>
<SignBlockName>Daan Liang</SignBlockName>
<PO_EMAI>dliang@nsf.gov</PO_EMAI>
<PO_PHON>7032922441</PO_PHON>
</ProgramOfficer>
<AbstractNarration><![CDATA[Hurricane evacuations are a complex process involving interactions among hurricane systems, the built environment, particularly transportation systems, and the evacuation decisions and actions of individuals and households in our coastal communities. Previous research suggests that evacuation processes vary depending up on the nature of hurricanes in terms of their intensity, direction, and speed, but the research community has been lacking in approaches to link these complex systems together within a single modeling framework. This project will model the interactions among these different systems to better capture and understand the problems and issues associated with evacuations under different kinds of hurricane storms scenarios within a single framework. The resulting framework will greatly facilitate the scientific understanding of these processes helping reduce potential loss of life that often accompany hurricanes and help state and local agencies better plan for hurricane evacuation. The broader societal beneficiaries of this work include coastal communities, government agencies, and businesses. &lt;br/&gt;&lt;br/&gt;Hurricane evacuations are a complex process involving many intersecting physical-social factors and uncertainties which evolve over time. The ultimate goal of the research is to examine the complex dynamics of the integrated hurricane evacuation system, and subsequently, to help mitigate the loss of life that often accompanies tropical systems. To that end, models are constructed representing three interwoven elements relevant to the hurricane evacuation system: the natural hazard (hurricane, forecasts, warning information), the human system (information flow, evacuation-related decisions), and the built environment (transportation infrastructure and evacuation routing). By integrating these models into a unified, agent-based framework, the project will create a virtual laboratory where model pieces can be perturbed in different ways to see how components interact and influence evacuation processes under different hurricane scenarios. The model system generated will advance the scientific community’s ability to model and understand the complexities of the integrated hurricane evacuation system dynamics and outcomes.&lt;br/&gt;&lt;br/&gt;This award reflects NSF's statutory mission and has been deemed worthy of support through evaluation using the Foundation's intellectual merit and broader impacts review criteria.]]></AbstractNarration>
<MinAmdLetterDate>08/19/2021</MinAmdLetterDate>
<MaxAmdLetterDate>09/01/2021</MaxAmdLetterDate>
<ARRAAmount/>
<TRAN_TYPE>Grant</TRAN_TYPE>
<CFDA_NUM>47.041</CFDA_NUM>
<NSF_PAR_USE_FLAG>1</NSF_PAR_USE_FLAG>
<FUND_AGCY_CODE>4900</FUND_AGCY_CODE>
<AWDG_AGCY_CODE>4900</AWDG_AGCY_CODE>
<AwardID>2100837</AwardID>
<Investigator>
<FirstName>Rebecca</FirstName>
<LastName>Morss</LastName>
<PI_MID_INIT/>
<PI_SUFX_NAME/>
<PI_FULL_NAME>Rebecca Morss</PI_FULL_NAME>
<EmailAddress><![CDATA[morss@ucar.edu]]></EmailAddress>
<NSF_ID>000197909</NSF_ID>
<StartDate>08/19/2021</StartDate>
<EndDate/>
<RoleCode>Principal Investigator</RoleCode>
</Investigator>
<Institution>
<Name>University Corporation For Atmospheric Res</Name>
<CityName>BOULDER</CityName>
<ZipCode>803012252</ZipCode>
<PhoneNumber>3034971000</PhoneNumber>
<StreetAddress>3090 CENTER GREEN DR</StreetAddress>
<StreetAddress2/>
<CountryName>United States</CountryName>
<StateName>Colorado</StateName>
<StateCode>CO</StateCode>
<CONGRESSDISTRICT>02</CONGRESSDISTRICT>
<CONGRESS_DISTRICT_ORG>CO02</CONGRESS_DISTRICT_ORG>
<ORG_UEI_NUM>YEZEE8W5JKA3</ORG_UEI_NUM>
<ORG_LGL_BUS_NAME>UNIVERSITY CORPORATION FOR ATMOSPHERIC RESEARCH</ORG_LGL_BUS_NAME>
<ORG_PRNT_UEI_NUM>YEZEE8W5JKA3</ORG_PRNT_UEI_NUM>
</Institution>
<Performance_Institution>
<Name><![CDATA[University Corporation for Atmospheric Research (UCAR)]]></Name>
<CityName>Boulder</CityName>
<StateCode>CO</StateCode>
<ZipCode>803012252</ZipCode>
<StreetAddress><![CDATA[3090 Center Green Dr.]]></StreetAddress>
<CountryCode>US</CountryCode>
<CountryName>United States</CountryName>
<StateName>Colorado</StateName>
<CountryFlag>1</CountryFlag>
<CONGRESSDISTRICT>02</CONGRESSDISTRICT>
<CONGRESS_DISTRICT_PERF>CO02</CONGRESS_DISTRICT_PERF>
</Performance_Institution>
<ProgramElement>
<Code>1638</Code>
<Text>HDBE-Humans, Disasters, and th</Text>
</ProgramElement>
<ProgramReference>
<Code>042E</Code>
<Text>HAZARD AND DISASTER RESPONSE</Text>
</ProgramReference>
<ProgramReference>
<Code>9102</Code>
<Text>WOMEN, MINORITY, DISABLED, NEC</Text>
</ProgramReference>
<Appropriation>
<Code>0121</Code>
<Name>NSF RESEARCH &amp; RELATED ACTIVIT</Name>
<APP_SYMB_ID>040100</APP_SYMB_ID>
</Appropriation>
<Fund>
<Code>01002122DB</Code>
<Name><![CDATA[NSF RESEARCH & RELATED ACTIVIT]]></Name>
<FUND_SYMB_ID>040100</FUND_SYMB_ID>
</Fund>
<FUND_OBLG>2021~71021</FUND_OBLG>
</Award>
</rootTag>
