<?xml version="1.0" encoding="UTF-8"?>
<rootTag>
<Award>
<AwardTitle>Excellence in Research: MicroRNA Detection Strategies via Exploration of Flavin Binding Allosteric Switches</AwardTitle>
<AGENCY>NSF</AGENCY>
<AwardEffectiveDate>09/01/2021</AwardEffectiveDate>
<AwardExpirationDate>08/31/2024</AwardExpirationDate>
<AwardTotalIntnAmount>353998.00</AwardTotalIntnAmount>
<AwardAmount>353998</AwardAmount>
<AwardInstrument>
<Value>Standard Grant</Value>
</AwardInstrument>
<Organization>
<Code>03090000</Code>
<Directorate>
<Abbreviation>MPS</Abbreviation>
<LongName>Direct For Mathematical &amp; Physical Scien</LongName>
</Directorate>
<Division>
<Abbreviation>CHE</Abbreviation>
<LongName>Division Of Chemistry</LongName>
</Division>
</Organization>
<ProgramOfficer>
<SignBlockName>Herman Sintim</SignBlockName>
<PO_EMAI>hsintim@nsf.gov</PO_EMAI>
<PO_PHON>7032927244</PO_PHON>
</ProgramOfficer>
<AbstractNarration>With the support of the Chemistry of Life Processes (CLP) Program in the Division of Chemistry, Mehnaaz F. Ali of Xavier University of Louisiana is studying the design and exploration of flavin induced allosteric aptamers with microRNA specific functional domains. Flavin mononucleotide (FMN) and flavin adenine dinucleotide (FAD), are biologically active forms of riboflavin. These molecules play diverse and wide-ranging roles in a multitude of biological processes due to their structure and chemical versatility. The exploration of FAD and their interactions as ligands within allosteric nucleic acid probes will offer fundamental insight into their potential role as molecular switches, chemo-responsive sensors or genetic control elements. In addition to promoting discovery in nucleic acid chemistry and sensing fields, this project (both directly and indirectly-via Dr. Ali’s teaching responsibilities and outreach program) will also promote teaching, and learning of chemistry at the middle school through undergraduate level. &lt;br/&gt;&lt;br/&gt;RNA polymers are well known for their ability to present a range of distinct structural conformations. These molecules lend themselves to the formation of allosteric nucleic acid scaffolds with multiple binding domains. Although ubiquitous in nature, the isolation of molecules with dual-domain functionality from a random sequence population is not facile. An approach to generating allosteric ribozymes is to utilize a mixture of modular rational design in combination with in-vitro selection strategies. To explore the utility of flavins as ligands, Dr. Ali is interested in using a combination of these existing efforts to design allosteric systems by using rational design to construct flavin dependent conformational switches, where flavin binding will lead to the formation of binding pockets using an aptamer scaffold with tailored miR binding regions. Such forms of ‘adaptive-binding’ have traditionally been used with RNA motifs to allosterically regulate the activity of naturally occurring catalytic RNA. Together, these systems provide novel approaches to chemo-responsive sensing, particularly novel methods of allosteric aptamer development.  Specifically, these studies are expected to contribute to the design of new flavin binding scaffolds for sensing microRNA.&lt;br/&gt;&lt;br/&gt;This award reflects NSF's statutory mission and has been deemed worthy of support through evaluation using the Foundation's intellectual merit and broader impacts review criteria.</AbstractNarration>
<MinAmdLetterDate>05/18/2021</MinAmdLetterDate>
<MaxAmdLetterDate>05/18/2021</MaxAmdLetterDate>
<ARRAAmount/>
<TRAN_TYPE>Grant</TRAN_TYPE>
<CFDA_NUM>47.049</CFDA_NUM>
<NSF_PAR_USE_FLAG>1</NSF_PAR_USE_FLAG>
<FUND_AGCY_CODE>4900</FUND_AGCY_CODE>
<AWDG_AGCY_CODE>4900</AWDG_AGCY_CODE>
<AwardID>2100898</AwardID>
<Investigator>
<FirstName>Mehnaaz</FirstName>
<LastName>Ali</LastName>
<PI_MID_INIT>F</PI_MID_INIT>
<PI_SUFX_NAME/>
<PI_FULL_NAME>Mehnaaz F Ali</PI_FULL_NAME>
<EmailAddress>mali2@xula.edu</EmailAddress>
<PI_PHON>5045207378</PI_PHON>
<NSF_ID>000653383</NSF_ID>
<StartDate>05/18/2021</StartDate>
<EndDate/>
<RoleCode>Principal Investigator</RoleCode>
</Investigator>
<Institution>
<Name>Xavier University of Louisiana</Name>
<CityName>NEW ORLEANS</CityName>
<ZipCode>701251098</ZipCode>
<PhoneNumber>5045205440</PhoneNumber>
<StreetAddress>1 DREXEL DR</StreetAddress>
<StreetAddress2/>
<CountryName>United States</CountryName>
<StateName>Louisiana</StateName>
<StateCode>LA</StateCode>
<CONGRESSDISTRICT>02</CONGRESSDISTRICT>
<CONGRESS_DISTRICT_ORG>LA02</CONGRESS_DISTRICT_ORG>
<ORG_UEI_NUM>HGAAKCE3A7P7</ORG_UEI_NUM>
<ORG_LGL_BUS_NAME>XAVIER UNIVERSITY OF LOUISIANA</ORG_LGL_BUS_NAME>
<ORG_PRNT_UEI_NUM>HGAAKCE3A7P7</ORG_PRNT_UEI_NUM>
</Institution>
<Performance_Institution>
<Name><![CDATA[Xavier University of Louisiana]]></Name>
<CityName>New Orleans</CityName>
<StateCode>LA</StateCode>
<ZipCode>701251098</ZipCode>
<StreetAddress><![CDATA[1 Drexel Drive]]></StreetAddress>
<CountryCode>US</CountryCode>
<CountryName>United States</CountryName>
<StateName>Louisiana</StateName>
<CountryFlag>1</CountryFlag>
<CONGRESSDISTRICT>02</CONGRESSDISTRICT>
<CONGRESS_DISTRICT_PERF>LA02</CONGRESS_DISTRICT_PERF>
</Performance_Institution>
<ProgramElement>
<Code>6883</Code>
<Text>Chemistry of Life Processes</Text>
</ProgramElement>
<ProgramReference>
<Code>8038</Code>
<Text>Biotechnology</Text>
</ProgramReference>
<Appropriation>
<Code>0121</Code>
<Name>NSF RESEARCH &amp; RELATED ACTIVIT</Name>
<APP_SYMB_ID>040100</APP_SYMB_ID>
</Appropriation>
<Fund>
<Code>01002122DB</Code>
<Name><![CDATA[NSF RESEARCH & RELATED ACTIVIT]]></Name>
<FUND_SYMB_ID>040100</FUND_SYMB_ID>
</Fund>
<FUND_OBLG>2021~353998</FUND_OBLG>
</Award>
</rootTag>
