<?xml version="1.0" encoding="UTF-8"?>
<rootTag>
<Award>
<AwardTitle>Collaborative Research: Two-way Coupled Fluid/Particulate Transport in Fractured Media - Bridging the Scales from Microscopic Origins to Macroscopic Networks</AwardTitle>
<AGENCY>NSF</AGENCY>
<AwardEffectiveDate>08/01/2021</AwardEffectiveDate>
<AwardExpirationDate>07/31/2024</AwardExpirationDate>
<AwardTotalIntnAmount>172301.00</AwardTotalIntnAmount>
<AwardAmount>172301</AwardAmount>
<AwardInstrument>
<Value>Standard Grant</Value>
</AwardInstrument>
<Organization>
<Code>06030000</Code>
<Directorate>
<Abbreviation>GEO</Abbreviation>
<LongName>Directorate For Geosciences</LongName>
</Directorate>
<Division>
<Abbreviation>EAR</Abbreviation>
<LongName>Division Of Earth Sciences</LongName>
</Division>
</Organization>
<ProgramOfficer>
<SignBlockName>Justin Lawrence</SignBlockName>
<PO_EMAI>jlawrenc@nsf.gov</PO_EMAI>
<PO_PHON>7032922425</PO_PHON>
</ProgramOfficer>
<AbstractNarration>The contamination of hydrologic systems such as oceans, rivers, lakes, and aquifers with particulates has emerged as one of the most urgent environmental issues of today. Recent field data suggests a clear presence of solid contaminants, such as microplastics and pathogens, in fractured aquifers which make up a significant portion of the world's drinking water supply and in other subsurface media. Understanding and predicting particulate transport in subsurface fracture flows poses both fundamental and practical challenges, as it requires a quantitative understanding of particle/fluid transport across many length scales that range from individual particles to a network of fractures. To overcome these challenges, our research will uncover the physical origin of the coupled particle/fluid transport and its effects on the large-scale particle transport, by combining laboratory experiments, theoretical modeling, and computations both at the particle scale and the network scale. The resultant particulate transport models will greatly improve our predictive capabilities for wide-ranging subsurface processes, which include contaminant transport, geological nuclear waste disposal, hydraulic fracturing, and enhanced geothermal systems. In addition, this project will provide training opportunities for graduate students and post-docs from diverse backgrounds, as well as collaborative educational activities for high school summer interns who will gain project-based experience as part of interdisciplinary teams.&lt;br/&gt;&lt;br/&gt;The investigators will explore and quantify the effects of two-way coupled particle/fluid motion on particulate transport in fractured media, across a wide range of scales. Towards this end, they will combine detailed laboratory experiments as well as particle-resolving simulations at the single-fracture scale, with novel upscaling approaches to the fracture network scale. Traditional particulate transport models in subsurface systems treat particles as passive scalars that do not affect the surrounding flow field, although their preliminary experiments demonstrate that particles can actively modify the fluid flow and even trigger hydrodynamic instabilities. By overcoming this deficiency of traditional models, this research project will provide the next generation of large-scale subsurface particulate transport models. Specifically, they will address three research questions: 1) the microscopic origins of the two-way coupling; 2) the hydrodynamic instabilities and dispersion in a single fracture; 3) the effects of two-way coupling on network-scale particulate transport. They will conduct systematic laboratory experiments to characterize particle-scale instabilities and collective particle behavior at the single fracture scale, which will be verified and supplemented by particle-resolving Navier-Stokes simulations of concentrated suspensions in rough fractures. The resulting data will provide effective dispersivities and stochastic rules of particulate motion that capture the two-way coupling effects on particulate transport. These results from the single fracture study will be incorporated into fracture network models, in order to assess the influence of two-way coupling on particulate transport at the network scale and to develop upscaled particulate transport models.&lt;br/&gt;&lt;br/&gt;This award reflects NSF's statutory mission and has been deemed worthy of support through evaluation using the Foundation's intellectual merit and broader impacts review criteria.</AbstractNarration>
<MinAmdLetterDate>07/13/2021</MinAmdLetterDate>
<MaxAmdLetterDate>07/13/2021</MaxAmdLetterDate>
<ARRAAmount/>
<TRAN_TYPE>Grant</TRAN_TYPE>
<CFDA_NUM>47.050</CFDA_NUM>
<NSF_PAR_USE_FLAG>1</NSF_PAR_USE_FLAG>
<FUND_AGCY_CODE>4900</FUND_AGCY_CODE>
<AWDG_AGCY_CODE>4900</AWDG_AGCY_CODE>
<AwardID>2100691</AwardID>
<Investigator>
<FirstName>Eckart</FirstName>
<LastName>Meiburg</LastName>
<PI_MID_INIT>H</PI_MID_INIT>
<PI_SUFX_NAME/>
<PI_FULL_NAME>Eckart H Meiburg</PI_FULL_NAME>
<EmailAddress>meiburg@engineering.ucsb.edu</EmailAddress>
<PI_PHON>8058935278</PI_PHON>
<NSF_ID>000461012</NSF_ID>
<StartDate>07/13/2021</StartDate>
<EndDate/>
<RoleCode>Principal Investigator</RoleCode>
</Investigator>
<Institution>
<Name>University of California-Santa Barbara</Name>
<CityName>SANTA BARBARA</CityName>
<ZipCode>931060001</ZipCode>
<PhoneNumber>8058934188</PhoneNumber>
<StreetAddress>3227 CHEADLE HALL</StreetAddress>
<StreetAddress2/>
<CountryName>United States</CountryName>
<StateName>California</StateName>
<StateCode>CA</StateCode>
<CONGRESSDISTRICT>24</CONGRESSDISTRICT>
<CONGRESS_DISTRICT_ORG>CA24</CONGRESS_DISTRICT_ORG>
<ORG_UEI_NUM>G9QBQDH39DF4</ORG_UEI_NUM>
<ORG_LGL_BUS_NAME>UNIVERSITY OF CALIFORNIA, SANTA BARBARA</ORG_LGL_BUS_NAME>
<ORG_PRNT_UEI_NUM>NUDGYLBB4S99</ORG_PRNT_UEI_NUM>
</Institution>
<Performance_Institution>
<Name><![CDATA[UC Santa Barbara]]></Name>
<CityName>Santa Barbara</CityName>
<StateCode>CA</StateCode>
<ZipCode>931065070</ZipCode>
<StreetAddress><![CDATA[Mechanical Engineering Dept.]]></StreetAddress>
<CountryCode>US</CountryCode>
<CountryName>United States</CountryName>
<StateName>California</StateName>
<CountryFlag>1</CountryFlag>
<CONGRESSDISTRICT>24</CONGRESSDISTRICT>
<CONGRESS_DISTRICT_PERF>CA24</CONGRESS_DISTRICT_PERF>
</Performance_Institution>
<ProgramElement>
<Code>1579</Code>
<Text>Hydrologic Sciences</Text>
</ProgramElement>
<Appropriation>
<Code>0121</Code>
<Name>NSF RESEARCH &amp; RELATED ACTIVIT</Name>
<APP_SYMB_ID>040100</APP_SYMB_ID>
</Appropriation>
<Fund>
<Code>01002122DB</Code>
<Name><![CDATA[NSF RESEARCH & RELATED ACTIVIT]]></Name>
<FUND_SYMB_ID>040100</FUND_SYMB_ID>
</Fund>
<FUND_OBLG>2021~172301</FUND_OBLG>
</Award>
</rootTag>
