<?xml version="1.0" encoding="UTF-8"?>
<rootTag>
<Award>
<AwardTitle><![CDATA[Excellence in Research: Development of two-dimensional (2D) molybdenum disulfide (MoS2) and molybdenum selenium (MoSe2) thin-film nanomaterials and nanoelectronic devices]]></AwardTitle>
<AGENCY>NSF</AGENCY>
<AwardEffectiveDate>07/15/2021</AwardEffectiveDate>
<AwardExpirationDate>06/30/2024</AwardExpirationDate>
<AwardTotalIntnAmount>491235.00</AwardTotalIntnAmount>
<AwardAmount>491235</AwardAmount>
<AwardInstrument>
<Value>Standard Grant</Value>
</AwardInstrument>
<Organization>
<Code>07010000</Code>
<Directorate>
<Abbreviation>ENG</Abbreviation>
<LongName>Directorate For Engineering</LongName>
</Directorate>
<Division>
<Abbreviation>ECCS</Abbreviation>
<LongName>Div Of Electrical, Commun &amp; Cyber Sys</LongName>
</Division>
</Organization>
<ProgramOfficer>
<SignBlockName>Usha Varshney</SignBlockName>
<PO_EMAI>uvarshne@nsf.gov</PO_EMAI>
<PO_PHON>7032925385</PO_PHON>
</ProgramOfficer>
<AbstractNarration><![CDATA[Two-dimensional (2D) semiconductor nanomaterials are promising electronic nanomaterials and could be used for future high-speed nanoelectronics because of their superior electrical properties. In this project, 2D molybdenum disulfide (MoS2) and molybdenum selenium (MoSe2) semiconductor thin-film nanomaterials will be grown using plasma-enhanced atomic layer deposition. The 2D molybdenum disulfide and molybdenum selenium thin-film nanomaterials will be used to fabricate 2D nanomaterial-based field-effect transistors and integrated electronic devices. The device fabrication is compatible with the current standard fabrication of silicon integrated devices for computer chips and could lead to 2D nanomaterial-based computer chips with much smaller transistors. Semiconductor devices represent a multi-trillion-dollar industry. The 2D nanomaterial-based nanoelectronic devices could contribute to the rapidly growing industry of semiconductor and nano-manufacturing and are potential alternatives to silicon-based electronic devices. This project can have great impacts on US and global societies and provide many societal benefits. The primary educational goal of this program is to integrate the research objectives to enhance the educational experiences of students. Minority graduate and undergraduate students will be mentored to perform research in nanofabrication and nanotechnology in the project. The project will also offer summer research opportunities for high school students. &lt;br/&gt;&lt;br/&gt;The research objective of this project is to grow two-dimensional (2D) molybdenum disulfide (MoS2) and molybdenum selenium (MoSe2) semiconductor thin-film nanomaterials using remote plasma-enhanced atomic layer deposition (PE-ALD) and fabricate 2D nanomaterial-based nanoelectronic devices. An innovative localized growth method will be used to grow the 2D nanomaterials with higher ordered nanolayers and nanostructures. Unlike the conventional growth of 2D nanomaterials which grow the nanomaterials on a flat and smooth surface of substrate, the innovative localized growth will use nano-patterned substrates to grow the 2D nanomaterials with higher-ordered nanolayers and nanostructures and would allow substrate materials such as hafnium oxide and zirconium oxide for the growth of the 2D nanomaterials. The 2D nanomaterials will then be used as the active channel material to fabricate 2D nanomaterial-based field-effect transistors (FETs) and integrated electronic circuits such as inverters and oscillators using cleanroom-based micro and nanofabrication techniques. The 2D molybdenum disulfide and molybdenum selenium nanomaterials are semiconductor materials with appropriate band gaps for electronic devices applications and have unique electrical properties such as ballistic quantum transport, which enable the 2D nanomaterial-based FETs to have higher current on/off ratios and to operate faster without energy dissipation. Nanoelectronic devices built on the 2D materials offer many benefits for further miniaturization beyond Moore’s Law and the possibility to revolutionize future electronic technologies. This project is potentially transformative and will create a new 2D nanomaterial and device fabrication paradigm. The project will greatly benefit the research community and semiconductor industry by providing new approaches for the fabrication of 2D nanomaterials and nanoelectronic devices. The innovative localized growth method can effectively grow nanolayered 2D thin-film materials with higher-ordered nanolayers and nanostructures while remote plasma-enhanced atomic layer deposition can offer new opportunities to grow 2D nanomaterials with improved electrical properties, leading to higher-performance functional 2D nanoelectronic devices.&lt;br/&gt;&lt;br/&gt;This award reflects NSF's statutory mission and has been deemed worthy of support through evaluation using the Foundation's intellectual merit and broader impacts review criteria.]]></AbstractNarration>
<MinAmdLetterDate>07/06/2021</MinAmdLetterDate>
<MaxAmdLetterDate>07/06/2021</MaxAmdLetterDate>
<ARRAAmount/>
<TRAN_TYPE>Grant</TRAN_TYPE>
<CFDA_NUM>47.041</CFDA_NUM>
<NSF_PAR_USE_FLAG>1</NSF_PAR_USE_FLAG>
<FUND_AGCY_CODE>4900</FUND_AGCY_CODE>
<AWDG_AGCY_CODE>4900</AWDG_AGCY_CODE>
<AwardID>2100748</AwardID>
<Investigator>
<FirstName>Qunying</FirstName>
<LastName>Yuan</LastName>
<PI_MID_INIT/>
<PI_SUFX_NAME/>
<PI_FULL_NAME>Qunying Yuan</PI_FULL_NAME>
<EmailAddress><![CDATA[qunying.yuan@aamu.edu]]></EmailAddress>
<NSF_ID>000735742</NSF_ID>
<StartDate>07/06/2021</StartDate>
<EndDate/>
<RoleCode>Co-Principal Investigator</RoleCode>
</Investigator>
<Investigator>
<FirstName>Zhigang</FirstName>
<LastName>Xiao</LastName>
<PI_MID_INIT/>
<PI_SUFX_NAME/>
<PI_FULL_NAME>Zhigang Xiao</PI_FULL_NAME>
<EmailAddress><![CDATA[zhigang.xiao@aamu.edu]]></EmailAddress>
<NSF_ID>000484336</NSF_ID>
<StartDate>07/06/2021</StartDate>
<EndDate/>
<RoleCode>Principal Investigator</RoleCode>
</Investigator>
<Institution>
<Name>Alabama A&amp;M University</Name>
<CityName>NORMAL</CityName>
<ZipCode>35762</ZipCode>
<PhoneNumber>2563728186</PhoneNumber>
<StreetAddress>105 PATTON BUILDING</StreetAddress>
<StreetAddress2/>
<CountryName>United States</CountryName>
<StateName>Alabama</StateName>
<StateCode>AL</StateCode>
<CONGRESSDISTRICT>05</CONGRESSDISTRICT>
<CONGRESS_DISTRICT_ORG>AL05</CONGRESS_DISTRICT_ORG>
<ORG_UEI_NUM>JDVGS67MSLH7</ORG_UEI_NUM>
<ORG_LGL_BUS_NAME>ALABAMA A &amp; M UNIVERSITY</ORG_LGL_BUS_NAME>
<ORG_PRNT_UEI_NUM>JDVGS67MSLH7</ORG_PRNT_UEI_NUM>
</Institution>
<Performance_Institution>
<Name><![CDATA[Alabama A&M University]]></Name>
<CityName/>
<StateCode>AL</StateCode>
<ZipCode>357620285</ZipCode>
<StreetAddress/>
<CountryCode>US</CountryCode>
<CountryName>United States</CountryName>
<StateName>Alabama</StateName>
<CountryFlag>1</CountryFlag>
<CONGRESSDISTRICT>05</CONGRESSDISTRICT>
<CONGRESS_DISTRICT_PERF>AL05</CONGRESS_DISTRICT_PERF>
</Performance_Institution>
<ProgramElement>
<Code>070Y</Code>
<Text>HBCU-EiR - HBCU-Excellence in</Text>
</ProgramElement>
<ProgramReference>
<Code>9150</Code>
<Text>EXP PROG TO STIM COMP RES</Text>
</ProgramReference>
<Appropriation>
<Code>0121</Code>
<Name>NSF RESEARCH &amp; RELATED ACTIVIT</Name>
<APP_SYMB_ID>040100</APP_SYMB_ID>
</Appropriation>
<Fund>
<Code>01002122DB</Code>
<Name><![CDATA[NSF RESEARCH & RELATED ACTIVIT]]></Name>
<FUND_SYMB_ID>040100</FUND_SYMB_ID>
</Fund>
<FUND_OBLG>2021~491235</FUND_OBLG>
</Award>
</rootTag>
