<?xml version="1.0" encoding="UTF-8"?>
<rootTag>
<Award>
<AwardTitle><![CDATA[CAREER: Amplifying Developer-Written Tests for Code Injection Vulnerability Detection]]></AwardTitle>
<AGENCY>NSF</AGENCY>
<AwardEffectiveDate>09/01/2020</AwardEffectiveDate>
<AwardExpirationDate>04/30/2024</AwardExpirationDate>
<AwardTotalIntnAmount>404797.00</AwardTotalIntnAmount>
<AwardAmount>309350</AwardAmount>
<AwardInstrument>
<Value>Continuing Grant</Value>
</AwardInstrument>
<Organization>
<Code>05050000</Code>
<Directorate>
<Abbreviation>CSE</Abbreviation>
<LongName>Direct For Computer &amp; Info Scie &amp; Enginr</LongName>
</Directorate>
<Division>
<Abbreviation>CNS</Abbreviation>
<LongName>Division Of Computer and Network Systems</LongName>
</Division>
</Organization>
<ProgramOfficer>
<SignBlockName>Sol Greenspan</SignBlockName>
<PO_EMAI>sgreensp@nsf.gov</PO_EMAI>
<PO_PHON>7032927841</PO_PHON>
</ProgramOfficer>
<AbstractNarration><![CDATA[Code injection vulnerabilities are a class of security vulnerabilities that have been exploited increasingly often, including in the high-profile 2017 Equifax breach as well as in many recent attacks on our country's election and financial systems. These vulnerabilities are very tricky to detect, and there are no existing automated techniques to protect critical software from being released with these dangerous flaws. This project is developing new and transformative approaches for detecting code injection vulnerabilities in complex, large-scale systems. The line between high-assurance and general-purpose software is increasingly blurred, as nowadays nearly any insecure software can have severe economic consequences. Hence, this project is developing, validating and disseminating better tools that any engineer can use to detect code injection vulnerabilities in their applications during testing (without requiring specialized security knowledge).&lt;br/&gt;&lt;br/&gt;To detect these vulnerabilities, this project harnesses the combined power of both human developers and automated dynamic program analysis, combining existing test suites with dynamic dataflow analysis. Given an existing (and perhaps low quality) developer-written test suite, this project simultaneously increases the depth of each test (adding new security-related checks to each test) and the breadth of each test (ensuring that the test suite thoroughly validates each security check). When one of these tests suggests that there might be a vulnerability, the tool will generate a proof-of-exploit test case that demonstrates the existence of the exploit and allows developers to understand and debug the issue, preventing it from escaping to the wild. The tools will be carefully designed to be adoptable by everyday software engineers without requiring specialized knowledge of program analysis, with easy integration with existing tooling and continuous integration infrastructure. This project involves undergraduate and graduate students in research. All software and curricula resulting from this project will be freely and publicly available; the resulting tools will be publicly disseminated and are expected to be useful for other testing and security researchers.&lt;br/&gt;&lt;br/&gt;This award reflects NSF's statutory mission and has been deemed worthy of support through evaluation using the Foundation's intellectual merit and broader impacts review criteria.]]></AbstractNarration>
<MinAmdLetterDate>11/04/2020</MinAmdLetterDate>
<MaxAmdLetterDate>05/16/2022</MaxAmdLetterDate>
<ARRAAmount/>
<TRAN_TYPE>Grant</TRAN_TYPE>
<CFDA_NUM>47.070</CFDA_NUM>
<NSF_PAR_USE_FLAG>1</NSF_PAR_USE_FLAG>
<FUND_AGCY_CODE>4900</FUND_AGCY_CODE>
<AWDG_AGCY_CODE>4900</AWDG_AGCY_CODE>
<AwardID>2100015</AwardID>
<Investigator>
<FirstName>Jonathan</FirstName>
<LastName>Bell</LastName>
<PI_MID_INIT/>
<PI_SUFX_NAME/>
<PI_FULL_NAME>Jonathan Bell</PI_FULL_NAME>
<EmailAddress><![CDATA[j.bell@northeastern.edu]]></EmailAddress>
<NSF_ID>000730377</NSF_ID>
<StartDate>11/04/2020</StartDate>
<EndDate/>
<RoleCode>Principal Investigator</RoleCode>
</Investigator>
<Institution>
<Name>Northeastern University</Name>
<CityName>BOSTON</CityName>
<ZipCode>021155005</ZipCode>
<PhoneNumber>6173733004</PhoneNumber>
<StreetAddress>360 HUNTINGTON AVE</StreetAddress>
<StreetAddress2/>
<CountryName>United States</CountryName>
<StateName>Massachusetts</StateName>
<StateCode>MA</StateCode>
<CONGRESSDISTRICT>07</CONGRESSDISTRICT>
<CONGRESS_DISTRICT_ORG>MA07</CONGRESS_DISTRICT_ORG>
<ORG_UEI_NUM>HLTMVS2JZBS6</ORG_UEI_NUM>
<ORG_LGL_BUS_NAME>NORTHEASTERN UNIVERSITY</ORG_LGL_BUS_NAME>
<ORG_PRNT_UEI_NUM>HLTMVS2JZBS6</ORG_PRNT_UEI_NUM>
</Institution>
<Performance_Institution>
<Name><![CDATA[Northeastern University]]></Name>
<CityName>Boston</CityName>
<StateCode>MA</StateCode>
<ZipCode>021155005</ZipCode>
<StreetAddress><![CDATA[360 Huntington Ave]]></StreetAddress>
<CountryCode>US</CountryCode>
<CountryName>United States</CountryName>
<StateName>Massachusetts</StateName>
<CountryFlag>1</CountryFlag>
<CONGRESSDISTRICT>07</CONGRESSDISTRICT>
<CONGRESS_DISTRICT_PERF>MA07</CONGRESS_DISTRICT_PERF>
</Performance_Institution>
<ProgramElement>
<Code>8060</Code>
<Text>Secure &amp;Trustworthy Cyberspace</Text>
</ProgramElement>
<ProgramReference>
<Code>025Z</Code>
<Text>SaTC: Secure and Trustworthy Cyberspace</Text>
</ProgramReference>
<ProgramReference>
<Code>1045</Code>
<Text>CAREER-Faculty Erly Career Dev</Text>
</ProgramReference>
<ProgramReference>
<Code>7434</Code>
<Text>CNCI</Text>
</ProgramReference>
<FUND_OBLG>2019~101384</FUND_OBLG>
<FUND_OBLG>2021~102506</FUND_OBLG>
<FUND_OBLG>2022~105460</FUND_OBLG>
</Award>
</rootTag>
