<?xml version="1.0" encoding="UTF-8"?>
<rootTag>
<Award>
<AwardTitle><![CDATA[Educating Technicians to Use Precision Technology for Innovative Livestock Management]]></AwardTitle>
<AGENCY>NSF</AGENCY>
<AwardEffectiveDate>05/15/2021</AwardEffectiveDate>
<AwardExpirationDate>04/30/2024</AwardExpirationDate>
<AwardTotalIntnAmount>304580.00</AwardTotalIntnAmount>
<AwardAmount>304580</AwardAmount>
<AwardInstrument>
<Value>Standard Grant</Value>
</AwardInstrument>
<Organization>
<Code>11040100</Code>
<Directorate>
<Abbreviation>EHR</Abbreviation>
<LongName>Direct For Education and Human Resources</LongName>
</Directorate>
<Division>
<Abbreviation>DUE</Abbreviation>
<LongName>Division Of Undergraduate Education</LongName>
</Division>
</Organization>
<ProgramOfficer>
<SignBlockName>Keith Sverdrup</SignBlockName>
<PO_EMAI>ksverdru@nsf.gov</PO_EMAI>
<PO_PHON>7032924671</PO_PHON>
</ProgramOfficer>
<AbstractNarration><![CDATA[The livestock industry is an important part of Utah's economy, especially in the rural six-county region served by Snow College. Livestock managers apply biological and chemical principles to livestock growth and production.  In livestock operations, feed is the largest annual expense. Thus, to increase profitability, livestock farmers and ranchers must find ways to minimize feed costs.  An emerging technological approach to feed costs and sustainability is Innovative Livestock Management.  This approach includes the use of complex technologies, such as precision irrigation and geospatial monitoring of grazing and feed production to maximize fodder production. In addition, Innovative Livestock Management includes composting technologies to manage livestock waste, while maintaining and improving water quality, increasing environmental sustainability, and producing marketable compost that can further increase profitability.  This project will support development of the first Innovative Livestock Management program in Utah.  Through this program, students will learn about innovative livestock management approaches and gain the related technical skills to improve economic success, profitability, and sustainability of livestock production. Graduates will be able to apply these skills to manage large industrial ranching operations or small family-owned farms. As a result, this project can strengthen Utah’s agricultural economy, while improving water conservation and water quality. In addition, the new Innovative Livestock Management program, which focuses on scientific, technical, and management skills, may be replicable at colleges throughout the nation. &lt;br/&gt;&lt;br/&gt;  &lt;br/&gt;&lt;br/&gt;The new Innovative Livestock Management program will offer stackable certificates and an A.A.S. degree.  It will also develop articulation agreements that enable students to transfer to four-year institutions and earn advanced degrees. The program will offer a curriculum that includes two new classes, "Forage and Grazing Management" and "Composting and Regenerative Livestock Waste Management," along with modifications of existing courses in irrigation management, animal feeds and animal science, and drones and aerial imagery. Graduates will be able to assume management responsibilities by applying their knowledge and skills in data-driven precision technologies in 1) the planting of forage varieties, 2) the use of fertilizer and irrigation to improve feed production, 3) livestock waste management and composting, 4) the use of drones, GPS, and GIS for monitoring both grazing and feed production, and 5) evaluation of animal performance. An advisory committee of representatives from local livestock industries, including family farms, will guide program development to ensure that it appropriately addresses specific management needs. An additional component of the project will be the development of a pathway that connects high school students in agricultural courses to this program. This project is funded by the Advanced Technological Education program that focuses on the education of technicians for the advanced-technology fields that drive the nation's economy.&lt;br/&gt;&lt;br/&gt;This award reflects NSF's statutory mission and has been deemed worthy of support through evaluation using the Foundation's intellectual merit and broader impacts review criteria.]]></AbstractNarration>
<MinAmdLetterDate>05/03/2021</MinAmdLetterDate>
<MaxAmdLetterDate>05/03/2021</MaxAmdLetterDate>
<ARRAAmount/>
<TRAN_TYPE>Grant</TRAN_TYPE>
<CFDA_NUM>47.076</CFDA_NUM>
<NSF_PAR_USE_FLAG>1</NSF_PAR_USE_FLAG>
<FUND_AGCY_CODE>4900</FUND_AGCY_CODE>
<AWDG_AGCY_CODE>4900</AWDG_AGCY_CODE>
<AwardID>2100339</AwardID>
<Investigator>
<FirstName>Jay</FirstName>
<LastName>Olsen</LastName>
<PI_MID_INIT/>
<PI_SUFX_NAME/>
<PI_FULL_NAME>Jay Olsen</PI_FULL_NAME>
<EmailAddress><![CDATA[Jay.Olsen@snow.edu]]></EmailAddress>
<NSF_ID>000694171</NSF_ID>
<StartDate>05/03/2021</StartDate>
<EndDate/>
<RoleCode>Principal Investigator</RoleCode>
</Investigator>
<Investigator>
<FirstName>Matthew</FirstName>
<LastName>Goble</LastName>
<PI_MID_INIT/>
<PI_SUFX_NAME/>
<PI_FULL_NAME>Matthew Goble</PI_FULL_NAME>
<EmailAddress><![CDATA[Matthew.Goble@snow.edu]]></EmailAddress>
<NSF_ID>000764330</NSF_ID>
<StartDate>05/03/2021</StartDate>
<EndDate/>
<RoleCode>Co-Principal Investigator</RoleCode>
</Investigator>
<Investigator>
<FirstName>Kendra</FirstName>
<LastName>Bagley</LastName>
<PI_MID_INIT/>
<PI_SUFX_NAME/>
<PI_FULL_NAME>Kendra Bagley</PI_FULL_NAME>
<EmailAddress><![CDATA[kendra.bagley@snow.edu]]></EmailAddress>
<NSF_ID>000837547</NSF_ID>
<StartDate>05/03/2021</StartDate>
<EndDate/>
<RoleCode>Co-Principal Investigator</RoleCode>
</Investigator>
<Institution>
<Name>Snow College</Name>
<CityName>EPHRAIM</CityName>
<ZipCode>846271550</ZipCode>
<PhoneNumber>4352837072</PhoneNumber>
<StreetAddress>150 E COLLEGE AVE</StreetAddress>
<StreetAddress2/>
<CountryName>United States</CountryName>
<StateName>Utah</StateName>
<StateCode>UT</StateCode>
<CONGRESSDISTRICT>02</CONGRESSDISTRICT>
<CONGRESS_DISTRICT_ORG>UT02</CONGRESS_DISTRICT_ORG>
<ORG_UEI_NUM>HMEGGUS7E8E9</ORG_UEI_NUM>
<ORG_LGL_BUS_NAME>SNOW COLLEGE</ORG_LGL_BUS_NAME>
<ORG_PRNT_UEI_NUM>HMEGGUS7E8E9</ORG_PRNT_UEI_NUM>
</Institution>
<Performance_Institution>
<Name><![CDATA[Snow College]]></Name>
<CityName>Ephraim</CityName>
<StateCode>UT</StateCode>
<ZipCode>846271550</ZipCode>
<StreetAddress><![CDATA[150 College Avenue]]></StreetAddress>
<CountryCode>US</CountryCode>
<CountryName>United States</CountryName>
<StateName>Utah</StateName>
<CountryFlag>1</CountryFlag>
<CONGRESSDISTRICT>02</CONGRESSDISTRICT>
<CONGRESS_DISTRICT_PERF>UT02</CONGRESS_DISTRICT_PERF>
</Performance_Institution>
<ProgramElement>
<Code>7412</Code>
<Text>Advanced Tech Education Prog</Text>
</ProgramElement>
<ProgramReference>
<Code>1032</Code>
<Text>ADVANCED TECHNOLOGY EDUCATION</Text>
</ProgramReference>
<ProgramReference>
<Code>9178</Code>
<Text>UNDERGRADUATE EDUCATION</Text>
</ProgramReference>
<ProgramReference>
<Code>SMET</Code>
<Text>SCIENCE, MATH, ENG &amp; TECH EDUCATION</Text>
</ProgramReference>
<Appropriation>
<Code>0421</Code>
<Name>NSF Education &amp; Human Resource</Name>
<APP_SYMB_ID>040106</APP_SYMB_ID>
</Appropriation>
<Fund>
<Code>04002122DB</Code>
<Name><![CDATA[NSF Education & Human Resource]]></Name>
<FUND_SYMB_ID>040106</FUND_SYMB_ID>
</Fund>
<FUND_OBLG>2021~304580</FUND_OBLG>
</Award>
</rootTag>
