<?xml version="1.0" encoding="UTF-8"?>
<rootTag>
<Award>
<AwardTitle>RUI: Collaborative Research: Optimized design principles inspired by compliant natural propulsors.</AwardTitle>
<AGENCY>NSF</AGENCY>
<AwardEffectiveDate>05/01/2021</AwardEffectiveDate>
<AwardExpirationDate>04/30/2024</AwardExpirationDate>
<AwardTotalIntnAmount>150004.00</AwardTotalIntnAmount>
<AwardAmount>150004</AwardAmount>
<AwardInstrument>
<Value>Standard Grant</Value>
</AwardInstrument>
<Organization>
<Code>07020000</Code>
<Directorate>
<Abbreviation>ENG</Abbreviation>
<LongName>Directorate For Engineering</LongName>
</Directorate>
<Division>
<Abbreviation>CBET</Abbreviation>
<LongName>Div Of Chem, Bioeng, Env, &amp; Transp Sys</LongName>
</Division>
</Organization>
<ProgramOfficer>
<SignBlockName>Ron Joslin</SignBlockName>
<PO_EMAI>rjoslin@nsf.gov</PO_EMAI>
<PO_PHON>7032927030</PO_PHON>
</ProgramOfficer>
<AbstractNarration>High efficiency is a fundamental design goal of vehicles moving through both air and water.  Although most human designs of propulsors such as wings or propellers are rigid, natural propulsors are generally flexible. Propulsive efficiencies of natural flyers and swimmers are typically higher than human-designed vehicles of similar weight and dimensions. However, attempts to emulate flexible animal designs have met with limited success. Recent comparative animal studies have demonstrated startlingly consistent patterns of bending kinematics among a broad diversity of swimmers and flyers constructed from very different materials and of very different physical dimensions. These patterns encompass cilia to whale flukes and fluid regimes from water to air. This project will use computational fluid dynamics and particle image velocimetry to measure fluid velocities to investigate the mechanical and fluid dynamic details that enable high force production by flexible natural propulsors.  K-12 outreach activities are planned at the universities and at the Cabrillo Aquarium in San Pedro, CA and undergraduate and graduate student involvement is core to the research project. &lt;br/&gt;&lt;br/&gt;The goal of this project is to develop a set of design rules that govern force production by flexible propulsors. To achieve this goal, experiments and computations will be used to investigate: a) bending kinematics of propulsors as control surfaces of vorticity, pressure fields and thrust, b) the hydrodynamic basis of vortex-vortex interactions that generate pressure fields and thrust and c) the advantageous limits of bending kinematics. Each of these will be investigated using a combination of experiments (particle image velocimetry) with natural organisms and computational fluid dynamic models. The results of this project will define the necessary design criteria that enable performance enhancement by bending propulsors of different types and across a range of fluid regimes. While contributing to interpretation of the natural world, the results will also contribute to novel engineered designs ranging from biomedical applications (cilia) to vehicle design (swimming, flight).&lt;br/&gt;&lt;br/&gt;This award reflects NSF's statutory mission and has been deemed worthy of support through evaluation using the Foundation's intellectual merit and broader impacts review criteria.</AbstractNarration>
<MinAmdLetterDate>04/22/2021</MinAmdLetterDate>
<MaxAmdLetterDate>04/22/2021</MaxAmdLetterDate>
<ARRAAmount/>
<TRAN_TYPE>Grant</TRAN_TYPE>
<CFDA_NUM>47.041</CFDA_NUM>
<NSF_PAR_USE_FLAG>1</NSF_PAR_USE_FLAG>
<FUND_AGCY_CODE>4900</FUND_AGCY_CODE>
<AWDG_AGCY_CODE>4900</AWDG_AGCY_CODE>
<AwardID>2100705</AwardID>
<Investigator>
<FirstName>John</FirstName>
<LastName>Costello</LastName>
<PI_MID_INIT>H</PI_MID_INIT>
<PI_SUFX_NAME/>
<PI_FULL_NAME>John H Costello</PI_FULL_NAME>
<EmailAddress>costello@providence.edu</EmailAddress>
<PI_PHON>4018652474</PI_PHON>
<NSF_ID>000176715</NSF_ID>
<StartDate>04/22/2021</StartDate>
<EndDate/>
<RoleCode>Principal Investigator</RoleCode>
</Investigator>
<Institution>
<Name>Providence College</Name>
<CityName>PROVIDENCE</CityName>
<ZipCode>029180001</ZipCode>
<PhoneNumber>4018651000</PhoneNumber>
<StreetAddress>1 CUNNINGHAM SQ</StreetAddress>
<StreetAddress2/>
<CountryName>United States</CountryName>
<StateName>Rhode Island</StateName>
<StateCode>RI</StateCode>
<CONGRESSDISTRICT>01</CONGRESSDISTRICT>
<CONGRESS_DISTRICT_ORG>RI01</CONGRESS_DISTRICT_ORG>
<ORG_UEI_NUM>PS92FW9E6MR8</ORG_UEI_NUM>
<ORG_LGL_BUS_NAME>PROVIDENCE COLLEGE</ORG_LGL_BUS_NAME>
<ORG_PRNT_UEI_NUM>PS92FW9E6MR8</ORG_PRNT_UEI_NUM>
</Institution>
<Performance_Institution>
<Name><![CDATA[Marine Biological Laboratory]]></Name>
<CityName>Woods Hole</CityName>
<StateCode>MA</StateCode>
<ZipCode>025431015</ZipCode>
<StreetAddress><![CDATA[7 MBL St]]></StreetAddress>
<CountryCode>US</CountryCode>
<CountryName>United States</CountryName>
<StateName>Massachusetts</StateName>
<CountryFlag>1</CountryFlag>
<CONGRESSDISTRICT>09</CONGRESSDISTRICT>
<CONGRESS_DISTRICT_PERF>MA09</CONGRESS_DISTRICT_PERF>
</Performance_Institution>
<ProgramElement>
<Code>1443</Code>
<Text>FD-Fluid Dynamics</Text>
</ProgramElement>
<ProgramReference>
<Code>9150</Code>
<Text>EXP PROG TO STIM COMP RES</Text>
</ProgramReference>
<Appropriation>
<Code>0121</Code>
<Name>NSF RESEARCH &amp; RELATED ACTIVIT</Name>
<APP_SYMB_ID>040100</APP_SYMB_ID>
</Appropriation>
<Fund>
<Code>01002122DB</Code>
<Name><![CDATA[NSF RESEARCH & RELATED ACTIVIT]]></Name>
<FUND_SYMB_ID>040100</FUND_SYMB_ID>
</Fund>
<FUND_OBLG>2021~150004</FUND_OBLG>
</Award>
</rootTag>
