<?xml version="1.0" encoding="UTF-8"?>
<rootTag>
<Award>
<AwardTitle>RUI: Electronic Spectroscopy of Vanadium Hydride and Niobium Hydride</AwardTitle>
<AGENCY>NSF</AGENCY>
<AwardEffectiveDate>08/15/2021</AwardEffectiveDate>
<AwardExpirationDate>07/31/2024</AwardExpirationDate>
<AwardTotalIntnAmount>264328.00</AwardTotalIntnAmount>
<AwardAmount>264328</AwardAmount>
<AwardInstrument>
<Value>Standard Grant</Value>
</AwardInstrument>
<Organization>
<Code>03090000</Code>
<Directorate>
<Abbreviation>MPS</Abbreviation>
<LongName>Direct For Mathematical &amp; Physical Scien</LongName>
</Directorate>
<Division>
<Abbreviation>CHE</Abbreviation>
<LongName>Division Of Chemistry</LongName>
</Division>
</Organization>
<ProgramOfficer>
<SignBlockName>Rebecca Peebles</SignBlockName>
<PO_EMAI>rpeebles@nsf.gov</PO_EMAI>
<PO_PHON>7032928809</PO_PHON>
</ProgramOfficer>
<AbstractNarration>WIth support from the Chemical Structure, Dynamics, and Mechanisms-A (CSDM-A) Program of the Division of Chemistry, Professor Thomas D. Varberg and his undergraduate student researchers at Macalester College will use visible and near-infrared spectroscopy to study the structure and bonding of two transition metal hydrides, vanadium hydride (VH) and niobium hydride (NbH), in the gas phase. The molecules will be probed using a combination of laser excitation and dispersed fluorescence spectroscopy to identify low-lying and excited electronic states. Analyses of the spectra will provide values for molecular properties such as the bond length and vibrational frequency. Transition metal chemistry and bonding is important to other areas of modern science, including organometallic chemistry, nanoscience, chemical catalysis, and astronomy. Detailed studies of metal-containing diatomic molecules are useful for understanding bonding in these more complex systems. &lt;br/&gt;&lt;br/&gt;Electronic spectra in the visible and near-infrared will be recorded with a high-resolution continuous-wave laser capable of resolving the vibrational, rotational, and hyperfine structures of the two molecules. Spectral assignment and model fitting will lead to a detailed characterization of the electronic states and the chemical bonding, as well as providing accurate transition frequencies useful to other scientists. Supporting computational work by collaborator Professor Keith Kuwata and his students, also at Macalester College, will utilize density functional theory to provide accurate estimates of the ground state magnetic dipole and electric quadrupole hyperfine constants. Results will also be compared with multi-configurational self-consistent field (MCSCF) calculations by other workers to test the accuracy of this computational methodology. A substantial broader impact of this work is to prepare Macalester students, including students from underrepresented groups, for graduate work and employment in the fields of physical chemistry and chemical physics. Accurately determined transition frequencies for vanadium hydride provide an additional broader impact, as VH is a good candidate for astronomical detection in cooler stars or brown dwarfs in our Galaxy.&lt;br/&gt;&lt;br/&gt;This award reflects NSF's statutory mission and has been deemed worthy of support through evaluation using the Foundation's intellectual merit and broader impacts review criteria.</AbstractNarration>
<MinAmdLetterDate>08/12/2021</MinAmdLetterDate>
<MaxAmdLetterDate>08/12/2021</MaxAmdLetterDate>
<ARRAAmount/>
<TRAN_TYPE>Grant</TRAN_TYPE>
<CFDA_NUM>47.049</CFDA_NUM>
<NSF_PAR_USE_FLAG>1</NSF_PAR_USE_FLAG>
<FUND_AGCY_CODE>4900</FUND_AGCY_CODE>
<AWDG_AGCY_CODE>4900</AWDG_AGCY_CODE>
<AwardID>2100542</AwardID>
<Investigator>
<FirstName>Thomas</FirstName>
<LastName>Varberg</LastName>
<PI_MID_INIT>D</PI_MID_INIT>
<PI_SUFX_NAME/>
<PI_FULL_NAME>Thomas D Varberg</PI_FULL_NAME>
<EmailAddress>varberg@macalester.edu</EmailAddress>
<PI_PHON>6516966468</PI_PHON>
<NSF_ID>000386331</NSF_ID>
<StartDate>08/12/2021</StartDate>
<EndDate/>
<RoleCode>Principal Investigator</RoleCode>
</Investigator>
<Institution>
<Name>Macalester College</Name>
<CityName>SAINT PAUL</CityName>
<ZipCode>551051801</ZipCode>
<PhoneNumber>6516966062</PhoneNumber>
<StreetAddress>1600 GRAND AVE</StreetAddress>
<StreetAddress2/>
<CountryName>United States</CountryName>
<StateName>Minnesota</StateName>
<StateCode>MN</StateCode>
<CONGRESSDISTRICT>04</CONGRESSDISTRICT>
<CONGRESS_DISTRICT_ORG>MN04</CONGRESS_DISTRICT_ORG>
<ORG_UEI_NUM>MNFCECSHS166</ORG_UEI_NUM>
<ORG_LGL_BUS_NAME>MACALESTER COLLEGE</ORG_LGL_BUS_NAME>
<ORG_PRNT_UEI_NUM/>
</Institution>
<Performance_Institution>
<Name><![CDATA[Macalester College]]></Name>
<CityName>St. Paul</CityName>
<StateCode>MN</StateCode>
<ZipCode>551051899</ZipCode>
<StreetAddress><![CDATA[1600 Grand Avenue]]></StreetAddress>
<CountryCode>US</CountryCode>
<CountryName>United States</CountryName>
<StateName>Minnesota</StateName>
<CountryFlag>1</CountryFlag>
<CONGRESSDISTRICT>04</CONGRESSDISTRICT>
<CONGRESS_DISTRICT_PERF>MN04</CONGRESS_DISTRICT_PERF>
</Performance_Institution>
<ProgramElement>
<Code>9101</Code>
<Text>Chem Struct,Dynmcs&amp;Mechansms A</Text>
</ProgramElement>
<ProgramReference>
<Code>9229</Code>
<Text>RES IN UNDERGRAD INST-RESEARCH</Text>
</ProgramReference>
<Appropriation>
<Code>0121</Code>
<Name>NSF RESEARCH &amp; RELATED ACTIVIT</Name>
<APP_SYMB_ID>040100</APP_SYMB_ID>
</Appropriation>
<Fund>
<Code>01002122DB</Code>
<Name><![CDATA[NSF RESEARCH & RELATED ACTIVIT]]></Name>
<FUND_SYMB_ID>040100</FUND_SYMB_ID>
</Fund>
<FUND_OBLG>2021~264328</FUND_OBLG>
</Award>
</rootTag>
