<?xml version="1.0" encoding="UTF-8"?>
<rootTag>
<Award>
<AwardTitle><![CDATA[Excellence in Research: Convergent Physics-based Data-driven Bioprinting of Regenerative Tissues for Future Biomanufacturing]]></AwardTitle>
<AGENCY>NSF</AGENCY>
<AwardEffectiveDate>08/01/2021</AwardEffectiveDate>
<AwardExpirationDate>07/31/2024</AwardExpirationDate>
<AwardTotalIntnAmount>528738.00</AwardTotalIntnAmount>
<AwardAmount>528738</AwardAmount>
<AwardInstrument>
<Value>Standard Grant</Value>
</AwardInstrument>
<Organization>
<Code>07030000</Code>
<Directorate>
<Abbreviation>ENG</Abbreviation>
<LongName>Directorate For Engineering</LongName>
</Directorate>
<Division>
<Abbreviation>CMMI</Abbreviation>
<LongName>Div Of Civil, Mechanical, &amp; Manufact Inn</LongName>
</Division>
</Organization>
<ProgramOfficer>
<SignBlockName>Chou, Y. Kevin</SignBlockName>
<PO_EMAI>ychou@nsf.gov</PO_EMAI>
<PO_PHON>7032927932</PO_PHON>
</ProgramOfficer>
<AbstractNarration><![CDATA[Regenerative tissue engineering holds great promise to replace diseased and dysfunctional organs with stem cells. The fabrication of tissue scaffolds in stem-cell engineering is, however, dependent on an interplay of several factors such as biochemical signaling, cellular arrangement and related process parameters. Key impediments in progressing biomanufacturing research are the lack of formal guiding principles and real-time process monitoring, in addition to the exorbitant resources required to conduct stem-cell based bioprinting experiments. This critical barrier has limited the ability to control the growth behavior of multiple cell types to form viable tissue constructs for organ replacement. To address these issues, this Excellent in Research award will investigate physics-based models that integrate sensor data with machine learning algorithms and experimentation to create a digital twin of bioprinting processes. The discovery-driven research will generate a body of knowledge to guide researchers and industrial users through an open-source repository of Bioprinting Design and Manufacturing rules for regenerative tissue engineering. The education efforts including the development of biomanufacturing coursework will impact underrepresented students at the North Carolina Agricultural and Technical State University, one of the nation’s largest historical black colleges and universities, and beyond. A scholar exchange program with the Wake Forest Institute for Regenerative Medicine (WFIRM) will train student cohorts in biomanufacturing, data-analytics and guiding procedures.&lt;br/&gt;&lt;br/&gt;The overall goal of this project is to establish a physics-based data-driven structure in hybrid bioprinting to custom engineer stem-cell based tissue constructs. The specific objectives include (1) creating a robust framework integrating computational modeling, experimental results and industrial internet of things based scaffold health monitoring techniques for bioprinting, (2) understanding the combinatorial effect of adsorption configurations of biochemical cues and nanoscale topologies using hybrid physics-based data-driven models, and (3) investigating relationships among interacting materials, process parameters and microenvironmental variables of bioprinting for closed-loop control. The team plans a convergent approach wherein, computational modeling data, experimental research, real-time in-situ sensors and diagnostics will be augmented to investigate bioprinting process parameters. Machine learning algorithms will be applied to the consolidated data sets to unravel the underlying hidden patterns between topography, mechanical stimuli and biochemical cues in determining cell fate and function. The hybrid predictive models will be developed to enable real-time monitoring and control of the bioprinting process and material formulations. Cell proliferation, histological staining, and biochemical assays will be performed at the WFIRM to validate the hybrid models. Input-output relationship mappings will enable integrated process control, monitoring and smart process data analytics towards a Biomanufacturing Industry 4.0.&lt;br/&gt;&lt;br/&gt;This award reflects NSF's statutory mission and has been deemed worthy of support through evaluation using the Foundation's intellectual merit and broader impacts review criteria.]]></AbstractNarration>
<MinAmdLetterDate>07/16/2021</MinAmdLetterDate>
<MaxAmdLetterDate>07/16/2021</MaxAmdLetterDate>
<ARRAAmount/>
<TRAN_TYPE>Grant</TRAN_TYPE>
<CFDA_NUM>47.041</CFDA_NUM>
<NSF_PAR_USE_FLAG>1</NSF_PAR_USE_FLAG>
<FUND_AGCY_CODE>4900</FUND_AGCY_CODE>
<AWDG_AGCY_CODE>4900</AWDG_AGCY_CODE>
<AwardID>2100739</AwardID>
<Investigator>
<FirstName>Sang Jin</FirstName>
<LastName>Lee</LastName>
<PI_MID_INIT/>
<PI_SUFX_NAME/>
<PI_FULL_NAME>Sang Jin Lee</PI_FULL_NAME>
<EmailAddress><![CDATA[sjlee@wakehealth.edu]]></EmailAddress>
<NSF_ID>000107370</NSF_ID>
<StartDate>07/16/2021</StartDate>
<EndDate/>
<RoleCode>Co-Principal Investigator</RoleCode>
</Investigator>
<Investigator>
<FirstName>Salil</FirstName>
<LastName>Desai</LastName>
<PI_MID_INIT/>
<PI_SUFX_NAME/>
<PI_FULL_NAME>Salil Desai</PI_FULL_NAME>
<EmailAddress><![CDATA[sdesai@ncat.edu]]></EmailAddress>
<NSF_ID>000221610</NSF_ID>
<StartDate>07/16/2021</StartDate>
<EndDate/>
<RoleCode>Principal Investigator</RoleCode>
</Investigator>
<Institution>
<Name>North Carolina Agricultural &amp; Technical State University</Name>
<CityName>GREENSBORO</CityName>
<ZipCode>274110001</ZipCode>
<PhoneNumber>3363347995</PhoneNumber>
<StreetAddress>1601 E MARKET ST DOWDY BLDG STE</StreetAddress>
<StreetAddress2/>
<CountryName>United States</CountryName>
<StateName>North Carolina</StateName>
<StateCode>NC</StateCode>
<CONGRESSDISTRICT>06</CONGRESSDISTRICT>
<CONGRESS_DISTRICT_ORG>NC06</CONGRESS_DISTRICT_ORG>
<ORG_UEI_NUM>SKH5GMBR9GL3</ORG_UEI_NUM>
<ORG_LGL_BUS_NAME>NORTH CAROLINA AGRICULTURAL AND TECHNICAL STATE UNIVERSITY</ORG_LGL_BUS_NAME>
<ORG_PRNT_UEI_NUM>SKH5GMBR9GL3</ORG_PRNT_UEI_NUM>
</Institution>
<Performance_Institution>
<Name><![CDATA[North Carolina Agricultural & Technical State University]]></Name>
<CityName/>
<StateCode>NC</StateCode>
<ZipCode>274110001</ZipCode>
<StreetAddress/>
<CountryCode>US</CountryCode>
<CountryName>United States</CountryName>
<StateName>North Carolina</StateName>
<CountryFlag>1</CountryFlag>
<CONGRESSDISTRICT>06</CONGRESSDISTRICT>
<CONGRESS_DISTRICT_PERF>NC06</CONGRESS_DISTRICT_PERF>
</Performance_Institution>
<ProgramElement>
<Code>088Y</Code>
<Text>AM-Advanced Manufacturing</Text>
</ProgramElement>
<ProgramElement>
<Code>7680</Code>
<Text>EDA-Eng Diversity Activities</Text>
</ProgramElement>
<ProgramReference>
<Code>7237</Code>
<Text>NANO NON-SOLIC SCI &amp; ENG AWD</Text>
</ProgramReference>
<ProgramReference>
<Code>8021</Code>
<Text>Materials Engineering</Text>
</ProgramReference>
<ProgramReference>
<Code>8025</Code>
<Text>Advanced Materials Processing</Text>
</ProgramReference>
<ProgramReference>
<Code>8037</Code>
<Text>Advanced Manufacturing</Text>
</ProgramReference>
<ProgramReference>
<Code>MANU</Code>
<Text>MANUFACTURING</Text>
</ProgramReference>
<Appropriation>
<Code>0121</Code>
<Name>NSF RESEARCH &amp; RELATED ACTIVIT</Name>
<APP_SYMB_ID>040100</APP_SYMB_ID>
</Appropriation>
<Fund>
<Code>01002122DB</Code>
<Name><![CDATA[NSF RESEARCH & RELATED ACTIVIT]]></Name>
<FUND_SYMB_ID>040100</FUND_SYMB_ID>
</Fund>
<FUND_OBLG>2021~528738</FUND_OBLG>
</Award>
</rootTag>
