<?xml version="1.0" encoding="UTF-8"?>
<rootTag>
<Award>
<AwardTitle><![CDATA[RUI: Thermodynamics and NMR Crystallography of Organic Crystal Forms]]></AwardTitle>
<AGENCY>NSF</AGENCY>
<AwardEffectiveDate>07/01/2021</AwardEffectiveDate>
<AwardExpirationDate>06/30/2025</AwardExpirationDate>
<AwardTotalIntnAmount>422360.00</AwardTotalIntnAmount>
<AwardAmount>422360</AwardAmount>
<AwardInstrument>
<Value>Standard Grant</Value>
</AwardInstrument>
<Organization>
<Code>03090000</Code>
<Directorate>
<Abbreviation>MPS</Abbreviation>
<LongName>Direct For Mathematical &amp; Physical Scien</LongName>
</Directorate>
<Division>
<Abbreviation>CHE</Abbreviation>
<LongName>Division Of Chemistry</LongName>
</Division>
</Organization>
<ProgramOfficer>
<SignBlockName>Colby Foss</SignBlockName>
<PO_EMAI>cfoss@nsf.gov</PO_EMAI>
<PO_PHON>7032925327</PO_PHON>
</ProgramOfficer>
<AbstractNarration><![CDATA[In this project, funded by the Chemical Structure Dynamics and Mechanisms-A (CSDM-A) program of the Chemistry Division, Professor Manish Mehta of Oberlin College is using experimental methods of physical chemistry to study the stability of organic co-crystals, the molecular basis of plastic and elastic crystals, and the creation of crystals that will allow existing techniques to determine their structures to a new level of accuracy. Co-crystals have proved to be a useful formulation for some medicinal compounds, one that allows control over factors such as solubility and biological effectiveness, yet their stability is poorly understood. The PI and his research team are  building two custom instruments that will enable measurements of physical properties to determine that stability. His team is also investigating the structural characteristics of an unusual class of bendable organic crystals. If success, these studies will add to our understanding of the connection between structure and stability, and this will inform the design of new compounds. The research is being performed by college students as part of a course taught by the PI. Undergraduate participants in this research are gaining hands-on experience with modern experimental methods, acquiring skills in written and oral communication, and eventually are expected be undergraduate coauthors on peer-reviewed publications.&lt;br/&gt;&lt;br/&gt;This project concerns organic crystal forms and is divided into two main thrust areas. The first goal is to determine three key thermodynamic quantities necessary to understand the relative stability of crystal forms: the enthalpy of formation via bomb calorimetry, standard molar entropy via heat capacities using low-temperature calorimetry, and the enthalpy of sublimation via the Knudsen effusion mass-loss method. These three quantities are being combined to yield the Gibbs energy of formation, which determines overall thermodynamic stability. The study focuses a set of molecular targets chosen for their structural homology; included are common functional groups and ubiquitous supramolecular synthons. This course-based undergraduate research is being performed as part of a thermodynamics course taught by the PI. In the second thrust area, the PI and his research team are investigating elastic and plastic molecular crystals by using solid-state NMR to detect subtle changes when the crystals are subjected to mechanical strain.  The team will attempt to detect the effects of isotope substitution on organic crystalline structure. Students are gaining hands-on experience with cutting-edge techniques which will prepare them for advanced study in the chemical sciences.&lt;br/&gt;&lt;br/&gt;This award reflects NSF's statutory mission and has been deemed worthy of support through evaluation using the Foundation's intellectual merit and broader impacts review criteria.]]></AbstractNarration>
<MinAmdLetterDate>06/07/2021</MinAmdLetterDate>
<MaxAmdLetterDate>06/07/2021</MaxAmdLetterDate>
<ARRAAmount/>
<TRAN_TYPE>Grant</TRAN_TYPE>
<CFDA_NUM>47.049</CFDA_NUM>
<NSF_PAR_USE_FLAG>1</NSF_PAR_USE_FLAG>
<FUND_AGCY_CODE>4900</FUND_AGCY_CODE>
<AWDG_AGCY_CODE>4900</AWDG_AGCY_CODE>
<AwardID>2100582</AwardID>
<Investigator>
<FirstName>Manish</FirstName>
<LastName>Mehta</LastName>
<PI_MID_INIT>A</PI_MID_INIT>
<PI_SUFX_NAME/>
<PI_FULL_NAME>Manish A Mehta</PI_FULL_NAME>
<EmailAddress><![CDATA[manish.mehta@oberlin.edu]]></EmailAddress>
<NSF_ID>000167947</NSF_ID>
<StartDate>06/07/2021</StartDate>
<EndDate/>
<RoleCode>Principal Investigator</RoleCode>
</Investigator>
<Institution>
<Name>Oberlin College</Name>
<CityName>OBERLIN</CityName>
<ZipCode>440741073</ZipCode>
<PhoneNumber>4407758461</PhoneNumber>
<StreetAddress>173 W LORAIN ST</StreetAddress>
<StreetAddress2/>
<CountryName>United States</CountryName>
<StateName>Ohio</StateName>
<StateCode>OH</StateCode>
<CONGRESSDISTRICT>04</CONGRESSDISTRICT>
<CONGRESS_DISTRICT_ORG>OH04</CONGRESS_DISTRICT_ORG>
<ORG_UEI_NUM>ZY4LY6PDKLM1</ORG_UEI_NUM>
<ORG_LGL_BUS_NAME>OBERLIN COLLEGE</ORG_LGL_BUS_NAME>
<ORG_PRNT_UEI_NUM>ZY4LY6PDKLM1</ORG_PRNT_UEI_NUM>
</Institution>
<Performance_Institution>
<Name><![CDATA[Oberlin College]]></Name>
<CityName>Oberlin</CityName>
<StateCode>OH</StateCode>
<ZipCode>440741060</ZipCode>
<StreetAddress><![CDATA[119 Woodland Street, Rm. 286]]></StreetAddress>
<CountryCode>US</CountryCode>
<CountryName>United States</CountryName>
<StateName>Ohio</StateName>
<CountryFlag>1</CountryFlag>
<CONGRESSDISTRICT>04</CONGRESSDISTRICT>
<CONGRESS_DISTRICT_PERF>OH04</CONGRESS_DISTRICT_PERF>
</Performance_Institution>
<ProgramElement>
<Code>9101</Code>
<Text>Chem Struct,Dynmcs&amp;Mechansms A</Text>
</ProgramElement>
<ProgramReference>
<Code>9229</Code>
<Text>RES IN UNDERGRAD INST-RESEARCH</Text>
</ProgramReference>
<ProgramReference>
<Code>9263</Code>
<Text>COMPUTATIONAL SCIENCE &amp; ENGING</Text>
</ProgramReference>
<Appropriation>
<Code>0121</Code>
<Name>NSF RESEARCH &amp; RELATED ACTIVIT</Name>
<APP_SYMB_ID>040100</APP_SYMB_ID>
</Appropriation>
<Fund>
<Code>01002122DB</Code>
<Name><![CDATA[NSF RESEARCH & RELATED ACTIVIT]]></Name>
<FUND_SYMB_ID>040100</FUND_SYMB_ID>
</Fund>
<FUND_OBLG>2021~422360</FUND_OBLG>
</Award>
</rootTag>
