<?xml version="1.0" encoding="UTF-8"?>
<rootTag>
<Award>
<AwardTitle><![CDATA[High-Precision Synthesis and Analysis of Deuterated Cycloalkene Isotopomers]]></AwardTitle>
<AGENCY>NSF</AGENCY>
<AwardEffectiveDate>07/01/2021</AwardEffectiveDate>
<AwardExpirationDate>06/30/2024</AwardExpirationDate>
<AwardTotalIntnAmount>500000.00</AwardTotalIntnAmount>
<AwardAmount>500000</AwardAmount>
<AwardInstrument>
<Value>Standard Grant</Value>
</AwardInstrument>
<Organization>
<Code>03090000</Code>
<Directorate>
<Abbreviation>MPS</Abbreviation>
<LongName>Direct For Mathematical &amp; Physical Scien</LongName>
</Directorate>
<Division>
<Abbreviation>CHE</Abbreviation>
<LongName>Division Of Chemistry</LongName>
</Division>
</Organization>
<ProgramOfficer>
<SignBlockName>Laura Anderson</SignBlockName>
<PO_EMAI>laanders@nsf.gov</PO_EMAI>
<PO_PHON>7032922934</PO_PHON>
</ProgramOfficer>
<AbstractNarration><![CDATA[With the support of the Chemical Synthesis Program in the Division of Chemistry, Professors W. Dean Harman and Brooks Pate of the University of Virginia are studying ways to make and identify molecules with distinct three-dimensional structures that differ in the attachment of hydrogen (H) and its isotope deuterium (D = a hydrogen atom with an extra neutron) to specific carbon atoms. Professor Harman is using a metal complex to template the controlled addition of deuterium to organic molecules. Professor Pate is developing molecular rotational resonance spectroscopy techniques to identify the structural distinctions between molecules that only differ in the attachment of hydrogen and deuterium. While hydrogen and deuterium exhibit similar broad reactivity patterns, carbon-deuterium bonds are slightly stronger than carbon-hydrogen bonds and this difference can be used to alter how a fast a reaction occurs. By installing deuterium instead of hydrogen in specific portions of a molecule, the biological activity of the molecule can be adapted to provide opportunities for increased drug lifetime, reduced dosing, and improved safety margins. Common techniques used by organic chemists to identify the structures of molecules are insufficient for determining the attachment of a hydrogen and a deuterium at a single carbon atom. Molecular resonance spectroscopy is being developed to address this limitation. These activities will provide an interdisciplinary education for a diverse group of graduate and undergraduate students. Professors Harman and Pate are also actively pursuing opportunities to increase participation in chemistry by underrepresented groups through engagement in outreach activities.&lt;br/&gt;&lt;br/&gt;Owing to the deuterium kinetic isotope effect, compounds in which hydrogen atoms have been replaced with deuterium can show dramatically reduced rates of metabolism. To progress toward the goal of having accessible isotopologue building blocks for incorporation into the active pharmaceutical ingredient of existing or potential drugs, Professor Harman is developing strategies for the precise synthesis of isotopologues and stereoisotopomers of common cycloalkenes. The fundamental reactivity of aromatic molecules bound to tungsten complexes is being investigated to enable the precise, sequential addition of individual deuterium atoms to aromatic rings. Through this process, a variety of specific isomers can be generated in high purity, solely differentiated by the number, position, and three-dimensional location of the deuterium atoms. A key challenge to making isotopologue and stereoisotopomer building blocks is the inability to accurately determine their molecular geometry and extent of purity through conventional characterization methods. Professor Pate is addressing this limitation through the development of molecular resonance spectroscopy techniques for enantio-enriched isotopomers, an approach that his designed to accommodate high-throughput analysis. With the good synergy between the development of synthetic chemistry and of new complementary analytical techniques, this research will provide a strong, interdisciplinary training environment for graduate and undergraduate students.&lt;br/&gt;&lt;br/&gt;This award reflects NSF's statutory mission and has been deemed worthy of support through evaluation using the Foundation's intellectual merit and broader impacts review criteria.]]></AbstractNarration>
<MinAmdLetterDate>06/04/2021</MinAmdLetterDate>
<MaxAmdLetterDate>06/04/2021</MaxAmdLetterDate>
<ARRAAmount/>
<TRAN_TYPE>Grant</TRAN_TYPE>
<CFDA_NUM>47.049</CFDA_NUM>
<NSF_PAR_USE_FLAG>1</NSF_PAR_USE_FLAG>
<FUND_AGCY_CODE>4900</FUND_AGCY_CODE>
<AWDG_AGCY_CODE>4900</AWDG_AGCY_CODE>
<AwardID>2100345</AwardID>
<Investigator>
<FirstName>Brooks</FirstName>
<LastName>Pate</LastName>
<PI_MID_INIT>H</PI_MID_INIT>
<PI_SUFX_NAME/>
<PI_FULL_NAME>Brooks H Pate</PI_FULL_NAME>
<EmailAddress><![CDATA[bp2k@virginia.edu]]></EmailAddress>
<NSF_ID>000232424</NSF_ID>
<StartDate>06/04/2021</StartDate>
<EndDate/>
<RoleCode>Co-Principal Investigator</RoleCode>
</Investigator>
<Investigator>
<FirstName>Walter</FirstName>
<LastName>Harman</LastName>
<PI_MID_INIT>D</PI_MID_INIT>
<PI_SUFX_NAME/>
<PI_FULL_NAME>Walter D Harman</PI_FULL_NAME>
<EmailAddress><![CDATA[wdh5z@virginia.edu]]></EmailAddress>
<NSF_ID>000445050</NSF_ID>
<StartDate>06/04/2021</StartDate>
<EndDate/>
<RoleCode>Principal Investigator</RoleCode>
</Investigator>
<Institution>
<Name>University of Virginia Main Campus</Name>
<CityName>CHARLOTTESVILLE</CityName>
<ZipCode>229034833</ZipCode>
<PhoneNumber>4349244270</PhoneNumber>
<StreetAddress>1001 N EMMET ST</StreetAddress>
<StreetAddress2/>
<CountryName>United States</CountryName>
<StateName>Virginia</StateName>
<StateCode>VA</StateCode>
<CONGRESSDISTRICT>05</CONGRESSDISTRICT>
<CONGRESS_DISTRICT_ORG>VA05</CONGRESS_DISTRICT_ORG>
<ORG_UEI_NUM>JJG6HU8PA4S5</ORG_UEI_NUM>
<ORG_LGL_BUS_NAME>RECTOR &amp; VISITORS OF THE UNIVERSITY OF VIRGINIA</ORG_LGL_BUS_NAME>
<ORG_PRNT_UEI_NUM>JJG6HU8PA4S5</ORG_PRNT_UEI_NUM>
</Institution>
<Performance_Institution>
<Name><![CDATA[University of Virginia Main Campus]]></Name>
<CityName>CHARLOTTESVILLE</CityName>
<StateCode>VA</StateCode>
<ZipCode>229044319</ZipCode>
<StreetAddress><![CDATA[409 McCormick Road]]></StreetAddress>
<CountryCode>US</CountryCode>
<CountryName>United States</CountryName>
<StateName>Virginia</StateName>
<CountryFlag>1</CountryFlag>
<CONGRESSDISTRICT>05</CONGRESSDISTRICT>
<CONGRESS_DISTRICT_PERF>VA05</CONGRESS_DISTRICT_PERF>
</Performance_Institution>
<ProgramElement>
<Code>6878</Code>
<Text>Chemical Synthesis</Text>
</ProgramElement>
<ProgramReference>
<Code>8037</Code>
<Text>Advanced Manufacturing</Text>
</ProgramReference>
<Appropriation>
<Code>0121</Code>
<Name>NSF RESEARCH &amp; RELATED ACTIVIT</Name>
<APP_SYMB_ID>040100</APP_SYMB_ID>
</Appropriation>
<Fund>
<Code>01002122DB</Code>
<Name><![CDATA[NSF RESEARCH & RELATED ACTIVIT]]></Name>
<FUND_SYMB_ID>040100</FUND_SYMB_ID>
</Fund>
<FUND_OBLG>2021~500000</FUND_OBLG>
</Award>
</rootTag>
