<?xml version="1.0" encoding="UTF-8"?>
<rootTag>
<Award>
<AwardTitle>Singularities and Duality with Applications to Moduli Theory</AwardTitle>
<AGENCY>NSF</AGENCY>
<AwardEffectiveDate>07/01/2021</AwardEffectiveDate>
<AwardExpirationDate>06/30/2026</AwardExpirationDate>
<AwardTotalIntnAmount>465000.00</AwardTotalIntnAmount>
<AwardAmount>194728</AwardAmount>
<AwardInstrument>
<Value>Continuing Grant</Value>
</AwardInstrument>
<Organization>
<Code>03040000</Code>
<Directorate>
<Abbreviation>MPS</Abbreviation>
<LongName>Direct For Mathematical &amp; Physical Scien</LongName>
</Directorate>
<Division>
<Abbreviation>DMS</Abbreviation>
<LongName>Division Of Mathematical Sciences</LongName>
</Division>
</Organization>
<ProgramOfficer>
<SignBlockName>Andrew Pollington</SignBlockName>
<PO_EMAI>adpollin@nsf.gov</PO_EMAI>
<PO_PHON>7032924878</PO_PHON>
</ProgramOfficer>
<AbstractNarration>This project is in the field of algebraic geometry, one of the oldest fields in modern mathematics, and one that blossomed to the point where it has solved centuries-old problems. In its simplest form it treats figures defined in space by polynomials, such as a sphere or an (infinite) cone. Today, the field uses methods not only from algebra, but also from analysis and topology, and conversely it is extensively used in those fields. Moreover, it has proved applicable in fields as diverse as physics, theoretical computer science, cryptography, coding theory, and robotics. A central problem in algebraic geometry is the classification of all geometric objects. In turn, an important part of classification theory is the theory of moduli. The latter's core idea is that one not only wants to understand these objects, but also understand the way they can be deformed. Moduli spaces play an important role in theoretical physics: studying curves on moduli spaces provides information on how an object is moving in space-time. The investigator is also involved in mentoring the next generation of researchers. This project supports several graduate students, who are working toward their doctoral degree on related projects under the direction of the investigator.&lt;br/&gt;&lt;br/&gt;The project concerns several topics in higher dimensional algebraic geometry, especially singularities and their applications to moduli theory.  At the center is the study of singularities and their interconnections, especially rational, Du Bois, and other singularities related to the minimal model program and moduli theory of higher dimensional algebraic varieties, which in turn are the two main pillars of classification theory of higher dimensional varieties.  One of the main goals of the project is to further develop the theory of rational singularities in arbitrary characteristic. In particular, the investigator is working toward obtaining criteria which are easier to check than the current definition as well as toward establishing the existence of partial resolutions with rational singularities. Another of the main goals is to extend the definition of Du Bois singularities to arbitrary characteristics and study their deformation theoretic properties and their connections to rational singularities.  Yet another goal of the project is to better understand the relatively new notion of 'liftable local cohomology' and its relations to deformations.  The results obtained with regard to singularities and liftable local cohomology will be used in applications to moduli theory.&lt;br/&gt;&lt;br/&gt;This award reflects NSF's statutory mission and has been deemed worthy of support through evaluation using the Foundation's intellectual merit and broader impacts review criteria.</AbstractNarration>
<MinAmdLetterDate>06/22/2021</MinAmdLetterDate>
<MaxAmdLetterDate>05/20/2022</MaxAmdLetterDate>
<ARRAAmount/>
<TRAN_TYPE>Grant</TRAN_TYPE>
<CFDA_NUM>47.049</CFDA_NUM>
<NSF_PAR_USE_FLAG>1</NSF_PAR_USE_FLAG>
<FUND_AGCY_CODE>4900</FUND_AGCY_CODE>
<AWDG_AGCY_CODE>4900</AWDG_AGCY_CODE>
<AwardID>2100389</AwardID>
<Investigator>
<FirstName>Sandor</FirstName>
<LastName>Kovacs</LastName>
<PI_MID_INIT>J</PI_MID_INIT>
<PI_SUFX_NAME/>
<PI_FULL_NAME>Sandor J Kovacs</PI_FULL_NAME>
<EmailAddress>kovacs@math.washington.edu</EmailAddress>
<PI_PHON>2062216680</PI_PHON>
<NSF_ID>000493270</NSF_ID>
<StartDate>06/22/2021</StartDate>
<EndDate/>
<RoleCode>Principal Investigator</RoleCode>
</Investigator>
<Institution>
<Name>University of Washington</Name>
<CityName>Seattle</CityName>
<ZipCode>981950001</ZipCode>
<PhoneNumber>2065434043</PhoneNumber>
<StreetAddress>4333 Brooklyn Ave NE</StreetAddress>
<StreetAddress2/>
<CountryName>United States</CountryName>
<StateName>Washington</StateName>
<StateCode>WA</StateCode>
<CONGRESSDISTRICT>07</CONGRESSDISTRICT>
<CONGRESS_DISTRICT_ORG>WA07</CONGRESS_DISTRICT_ORG>
<ORG_UEI_NUM>HD1WMN6945W6</ORG_UEI_NUM>
<ORG_LGL_BUS_NAME>UNIVERSITY OF WASHINGTON</ORG_LGL_BUS_NAME>
<ORG_PRNT_UEI_NUM>NFJ3CMQ4B418</ORG_PRNT_UEI_NUM>
</Institution>
<Performance_Institution>
<Name><![CDATA[University of Washington]]></Name>
<CityName>Seattle</CityName>
<StateCode>WA</StateCode>
<ZipCode>981950001</ZipCode>
<StreetAddress><![CDATA[4333 Brooklyn Ave NE]]></StreetAddress>
<CountryCode>US</CountryCode>
<CountryName>United States</CountryName>
<StateName>Washington</StateName>
<CountryFlag>1</CountryFlag>
<CONGRESSDISTRICT>07</CONGRESSDISTRICT>
<CONGRESS_DISTRICT_PERF>WA07</CONGRESS_DISTRICT_PERF>
</Performance_Institution>
<ProgramElement>
<Code>1264</Code>
<Text>ALGEBRA,NUMBER THEORY,AND COM</Text>
</ProgramElement>
<FUND_OBLG>2021~96985</FUND_OBLG>
<FUND_OBLG>2022~97743</FUND_OBLG>
</Award>
</rootTag>
