<?xml version="1.0" encoding="UTF-8"?>
<rootTag>
<Award>
<AwardTitle><![CDATA[Supporting Diversity to Increase Innovation: Building New Mexico’s Computer Information Systems Technician Workforce through Equity and Inclusion]]></AwardTitle>
<AGENCY>NSF</AGENCY>
<AwardEffectiveDate>07/01/2021</AwardEffectiveDate>
<AwardExpirationDate>06/30/2024</AwardExpirationDate>
<AwardTotalIntnAmount>298757.00</AwardTotalIntnAmount>
<AwardAmount>298757</AwardAmount>
<AwardInstrument>
<Value>Standard Grant</Value>
</AwardInstrument>
<Organization>
<Code>11040100</Code>
<Directorate>
<Abbreviation>EHR</Abbreviation>
<LongName>Direct For Education and Human Resources</LongName>
</Directorate>
<Division>
<Abbreviation>DUE</Abbreviation>
<LongName>Division Of Undergraduate Education</LongName>
</Division>
</Organization>
<ProgramOfficer>
<SignBlockName>Paul Tymann</SignBlockName>
<PO_EMAI>ptymann@nsf.gov</PO_EMAI>
<PO_PHON>7032922832</PO_PHON>
</ProgramOfficer>
<AbstractNarration><![CDATA[The Department of Labor estimates that more than a million computing-related job openings will be available in the U.S. by 2024.  It also estimates that more than two thirds of these jobs could go unfilled due to an insufficient pool of qualified applicants. Addressing the underrepresentation of women and other minoritized groups in the computing workforce will help to close this predicted employment gap.  Evidence suggests that the resulting increased diversity of the workforce can also lead to increased productivity and better problem solving in the workplace. This project will investigate how to recruit, retain, and prepare women and minoritized students to pursue careers in Computer Information Systems (CIS). Project goals include: 1) providing CIS faculty at Central New Mexico Community College with resources to support and retain traditionally underrepresented groups in CIS technician majors; 2) introducing high school students to careers in CIS, with a focus on girls and students from other minoritized groups; 3) preparing these students for success in postsecondary CIS pathways; and 4) strengthening high school teachers’ knowledge and understanding of CIS careers.&lt;br/&gt;&lt;br/&gt;Project efforts will focus on the entire pipeline, from high school teachers and students to college faculty and students in the CIS program.  The project intends to broaden participation in CIS by recruiting high school students from minoritized groups, including women, into CIS career pathways and supporting their success within the pathway.  The project will leverage multiple approaches including providing high school students with CIS skills workshops, paid internships, and courses that provide dual enrollment credit.  It will also train college faculty to better support the educational journeys of all their students using customized curriculum.  Quantitative instruments will be developed to monitor the impact of activities on high school students. Descriptive statistics will be used to determine the baseline perceptions of CIS and confidence in ability to learn CIS skills. The student cohort will be surveyed over time to measure changes in attitude and behavior, as well as changes in their intention to pursue CIS education after high school. This project is funded by the Advanced Technological Education program that focuses on the education of technicians for the advanced-technology fields that drive the nation's economy.&lt;br/&gt;&lt;br/&gt;This award reflects NSF's statutory mission and has been deemed worthy of support through evaluation using the Foundation's intellectual merit and broader impacts review criteria.]]></AbstractNarration>
<MinAmdLetterDate>03/22/2021</MinAmdLetterDate>
<MaxAmdLetterDate>05/21/2021</MaxAmdLetterDate>
<ARRAAmount/>
<TRAN_TYPE>Grant</TRAN_TYPE>
<CFDA_NUM>47.076</CFDA_NUM>
<NSF_PAR_USE_FLAG>1</NSF_PAR_USE_FLAG>
<FUND_AGCY_CODE>4900</FUND_AGCY_CODE>
<AWDG_AGCY_CODE>4900</AWDG_AGCY_CODE>
<AwardID>2100146</AwardID>
<Investigator>
<FirstName>Ivonne</FirstName>
<LastName>Nelson</LastName>
<PI_MID_INIT>I</PI_MID_INIT>
<PI_SUFX_NAME/>
<PI_FULL_NAME>Ivonne I Nelson</PI_FULL_NAME>
<EmailAddress><![CDATA[inelson1@cnm.edu]]></EmailAddress>
<NSF_ID>000838986</NSF_ID>
<StartDate>03/22/2021</StartDate>
<EndDate/>
<RoleCode>Co-Principal Investigator</RoleCode>
</Investigator>
<Investigator>
<FirstName>Sandy</FirstName>
<LastName>Wilson</LastName>
<PI_MID_INIT/>
<PI_SUFX_NAME/>
<PI_FULL_NAME>Sandy Wilson</PI_FULL_NAME>
<EmailAddress><![CDATA[swilson97@cnm.edu]]></EmailAddress>
<NSF_ID>000837489</NSF_ID>
<StartDate>03/22/2021</StartDate>
<EndDate/>
<RoleCode>Principal Investigator</RoleCode>
</Investigator>
<Institution>
<Name>Central New Mexico Community College</Name>
<CityName>Albuquerque</CityName>
<ZipCode>871064023</ZipCode>
<PhoneNumber/>
<StreetAddress>525 Buena Vista SE</StreetAddress>
<StreetAddress2/>
<CountryName>United States</CountryName>
<StateName>New Mexico</StateName>
<StateCode>NM</StateCode>
<CONGRESSDISTRICT>01</CONGRESSDISTRICT>
<CONGRESS_DISTRICT_ORG>NM01</CONGRESS_DISTRICT_ORG>
<ORG_UEI_NUM>EN21ZJ5KXAF8</ORG_UEI_NUM>
<ORG_LGL_BUS_NAME>CENTRAL NEW MEXICO COMMUNITY COLLEGE</ORG_LGL_BUS_NAME>
<ORG_PRNT_UEI_NUM>EN21ZJ5KXAF8</ORG_PRNT_UEI_NUM>
</Institution>
<Performance_Institution>
<Name><![CDATA[Central New Mexico Community College]]></Name>
<CityName/>
<StateCode>NM</StateCode>
<ZipCode>871064347</ZipCode>
<StreetAddress/>
<CountryCode>US</CountryCode>
<CountryName>United States</CountryName>
<StateName>New Mexico</StateName>
<CountryFlag>1</CountryFlag>
<CONGRESSDISTRICT>01</CONGRESSDISTRICT>
<CONGRESS_DISTRICT_PERF>NM01</CONGRESS_DISTRICT_PERF>
</Performance_Institution>
<ProgramElement>
<Code>7412</Code>
<Text>Advanced Tech Education Prog</Text>
</ProgramElement>
<ProgramReference>
<Code>1032</Code>
<Text>ADVANCED TECHNOLOGY EDUCATION</Text>
</ProgramReference>
<ProgramReference>
<Code>9178</Code>
<Text>UNDERGRADUATE EDUCATION</Text>
</ProgramReference>
<ProgramReference>
<Code>SMET</Code>
<Text>SCIENCE, MATH, ENG &amp; TECH EDUCATION</Text>
</ProgramReference>
<Appropriation>
<Code>0421</Code>
<Name>NSF Education &amp; Human Resource</Name>
<APP_SYMB_ID>040106</APP_SYMB_ID>
</Appropriation>
<Fund>
<Code>04002122DB</Code>
<Name><![CDATA[NSF Education & Human Resource]]></Name>
<FUND_SYMB_ID>040106</FUND_SYMB_ID>
</Fund>
<FUND_OBLG>2021~298757</FUND_OBLG>
</Award>
</rootTag>
