<?xml version="1.0" encoding="UTF-8"?>
<rootTag>
<Award>
<AwardTitle><![CDATA[Excellence in Research:  Spectroelectrochemical Measurements on Intact Microorganisms Under Oxic and Anoxic Conditions]]></AwardTitle>
<AGENCY>NSF</AGENCY>
<AwardEffectiveDate>09/01/2021</AwardEffectiveDate>
<AwardExpirationDate>08/31/2024</AwardExpirationDate>
<AwardTotalIntnAmount>449348.00</AwardTotalIntnAmount>
<AwardAmount>449348</AwardAmount>
<AwardInstrument>
<Value>Standard Grant</Value>
</AwardInstrument>
<Organization>
<Code>08070000</Code>
<Directorate>
<Abbreviation>BIO</Abbreviation>
<LongName>Direct For Biological Sciences</LongName>
</Directorate>
<Division>
<Abbreviation>MCB</Abbreviation>
<LongName>Div Of Molecular and Cellular Bioscience</LongName>
</Division>
</Organization>
<ProgramOfficer>
<SignBlockName>Matt Buechner</SignBlockName>
<PO_EMAI>mbuechne@nsf.gov</PO_EMAI>
<PO_PHON>7032924675</PO_PHON>
</ProgramOfficer>
<AbstractNarration><![CDATA[The practical goal of this project is to develop and exploit a new method, known as spectroelectrochemistry, that permits one to measure the exchange of electrons at liquid/solid or liquid/liquid interfaces using intact microorganisms under physiological solution conditions.  Although this project will focus on those microorganisms that exchange electrons with solid minerals within an ore body, it is anticipated that the same experimental method could be adapted to study any oxidation/reduction reaction at any liquid/solid or liquid/immiscible liquid interface. The fundamental knowledge thus acquired regarding the mechanisms of reactivity at such interfaces could then be used to improve man’s purposeful efforts to exploit microorganisms to extract metals for commercial gain (biomining), convert recalcitrant biomass into useful liquid fuels (biofuel production), remediate large crude oil spills (bioremediation), and many other applications.  The immediate human impact is that 2 undergraduate minority students will be employed in each of the 3 years of this project.  Other minority undergraduate students who are funded from other infrastructure grants at Xavier University will also be eligible to participate in this project.  Thus a minimum of 3 or 4 minority students will each have the opportunity to participate in this project for each of the 3 years.&lt;br/&gt;&lt;br/&gt;Prior studies on chemolithotrophic microorganisms utilized a novel integrating cavity absorption meter (ICAM) to conduct absorbance measurements on electron transfer reactions among colored prosthetic groups within intact model organisms as they respired aerobically on soluble ferrous iron.  Those studies generated hypotheses that can be addressed only through similar studies under both oxic and anoxic conditions.  Accordingly, this project will produce spectroelectrochemical and kinetic measurements in intact cells in both the presence and the absence of molecular oxygen.  The following hypotheses will be tested:  (i) The majority of microorganisms that respire on solid pyrite will also exchange electrons directly with a solid working electrode; (ii) Molecular oxygen will compete with the anodic electrode to recover electrons introduced into the bacterium during the cathodic wave; (iii) Each microorganism will exploit the same terminal oxidase to respire aerobically on cathodic electrons as it does to respire on ferrous ions; (iv) The ratio of Fe(II) oxidized to O2 reduced will be four; and (v) The same electron transfer biomolecules that participate in Fe(II) oxidation under aerobic conditions will also participate in Fe(III) reduction under anaerobic or anoxic conditions.  The existing ICAM will be modified to exclude atmospheric oxygen during measurement, and the existing observation/reaction chamber will be customized to optimize the signal-to-noise characteristics of the spectroelectrochemical measurements.  The intact organisms to be examined include members of the following genera:  Acidithiobacillus, Leptospirillum, Ferrimicrobium, Sulfobacillus, Ferroplasma, and Metallosphaera.  This project will yield fundamental information on the energy metabolism of these unusual organisms.   This project will also create the opportunity for up to 12 undergraduate students of under-represented groups at Xavier University of Louisiana, an HBCU, to conduct publishable research on a part of the project that each student can call his or her own, to present their results at a national scientific meeting, and to co-author a peer-reviewed paper.&lt;br/&gt;&lt;br/&gt;This project is jointly funded by the Historically Black Colleges and Universities - Excellence in Research Program (EiR) and the Directorate of Biological Sciences.&lt;br/&gt;&lt;br/&gt;This award reflects NSF's statutory mission and has been deemed worthy of support through evaluation using the Foundation's intellectual merit and broader impacts review criteria.]]></AbstractNarration>
<MinAmdLetterDate>08/09/2021</MinAmdLetterDate>
<MaxAmdLetterDate>08/09/2021</MaxAmdLetterDate>
<ARRAAmount/>
<TRAN_TYPE>Grant</TRAN_TYPE>
<CFDA_NUM>47.074</CFDA_NUM>
<NSF_PAR_USE_FLAG>1</NSF_PAR_USE_FLAG>
<FUND_AGCY_CODE>4900</FUND_AGCY_CODE>
<AWDG_AGCY_CODE>4900</AWDG_AGCY_CODE>
<AwardID>2100950</AwardID>
<Investigator>
<FirstName>Robert</FirstName>
<LastName>Blake</LastName>
<PI_MID_INIT>C</PI_MID_INIT>
<PI_SUFX_NAME>II</PI_SUFX_NAME>
<PI_FULL_NAME>Robert C Blake</PI_FULL_NAME>
<EmailAddress><![CDATA[rblake@xula.edu]]></EmailAddress>
<NSF_ID>000280737</NSF_ID>
<StartDate>08/09/2021</StartDate>
<EndDate/>
<RoleCode>Principal Investigator</RoleCode>
</Investigator>
<Institution>
<Name>Xavier University of Louisiana</Name>
<CityName>NEW ORLEANS</CityName>
<ZipCode>701251098</ZipCode>
<PhoneNumber>5045205440</PhoneNumber>
<StreetAddress>1 DREXEL DR</StreetAddress>
<StreetAddress2/>
<CountryName>United States</CountryName>
<StateName>Louisiana</StateName>
<StateCode>LA</StateCode>
<CONGRESSDISTRICT>02</CONGRESSDISTRICT>
<CONGRESS_DISTRICT_ORG>LA02</CONGRESS_DISTRICT_ORG>
<ORG_UEI_NUM>HGAAKCE3A7P7</ORG_UEI_NUM>
<ORG_LGL_BUS_NAME>XAVIER UNIVERSITY OF LOUISIANA</ORG_LGL_BUS_NAME>
<ORG_PRNT_UEI_NUM>HGAAKCE3A7P7</ORG_PRNT_UEI_NUM>
</Institution>
<Performance_Institution>
<Name><![CDATA[Xavier University of Louisiana]]></Name>
<CityName>New Orleans</CityName>
<StateCode>LA</StateCode>
<ZipCode>701251098</ZipCode>
<StreetAddress><![CDATA[1 Drexel Drive]]></StreetAddress>
<CountryCode>US</CountryCode>
<CountryName>United States</CountryName>
<StateName>Louisiana</StateName>
<CountryFlag>1</CountryFlag>
<CONGRESSDISTRICT>02</CONGRESSDISTRICT>
<CONGRESS_DISTRICT_PERF>LA02</CONGRESS_DISTRICT_PERF>
</Performance_Institution>
<ProgramElement>
<Code>070Y</Code>
<Text>HBCU-EiR - HBCU-Excellence in</Text>
</ProgramElement>
<ProgramReference>
<Code>7465</Code>
<Text>NANOSCALE BIO CORE</Text>
</ProgramReference>
<ProgramReference>
<Code>9150</Code>
<Text>EXP PROG TO STIM COMP RES</Text>
</ProgramReference>
<Appropriation>
<Code>0121</Code>
<Name>NSF RESEARCH &amp; RELATED ACTIVIT</Name>
<APP_SYMB_ID>040100</APP_SYMB_ID>
</Appropriation>
<Fund>
<Code>01002122DB</Code>
<Name><![CDATA[NSF RESEARCH & RELATED ACTIVIT]]></Name>
<FUND_SYMB_ID>040100</FUND_SYMB_ID>
</Fund>
<FUND_OBLG>2021~449348</FUND_OBLG>
</Award>
</rootTag>
