<?xml version="1.0" encoding="UTF-8"?>
<rootTag>
<Award>
<AwardTitle>Excellence in Research: Molecular mechanism of Tissue Factor encryption and decryption.</AwardTitle>
<AGENCY>NSF</AGENCY>
<AwardEffectiveDate>08/01/2021</AwardEffectiveDate>
<AwardExpirationDate>07/31/2024</AwardExpirationDate>
<AwardTotalIntnAmount>448258.00</AwardTotalIntnAmount>
<AwardAmount>448258</AwardAmount>
<AwardInstrument>
<Value>Standard Grant</Value>
</AwardInstrument>
<Organization>
<Code>08070000</Code>
<Directorate>
<Abbreviation>BIO</Abbreviation>
<LongName>Direct For Biological Sciences</LongName>
</Directorate>
<Division>
<Abbreviation>MCB</Abbreviation>
<LongName>Div Of Molecular and Cellular Bioscience</LongName>
</Division>
</Organization>
<ProgramOfficer>
<SignBlockName>Engin Serpersu</SignBlockName>
<PO_EMAI>eserpers@nsf.gov</PO_EMAI>
<PO_PHON>7032927124</PO_PHON>
</ProgramOfficer>
<AbstractNarration>This project is focused on the regulation of activity of a membrane protein Tissue Factor (TF) that serves as a cofactor for enzymes that initiate cascade reactions of blood coagulation. TF is inactive or encrypted in normal conditions, while in conditions of tissue damage, TF is exposed to coagulation enzymes and is turned into an activated or decrypted state. The primary mechanism of TF decryption is determined by the changes in membrane phospholipids leading to high-affinity binding of coagulation enzymes to the membrane surface and the TF, located on the membrane.  However, mechanisms of encryption and decryption related directly to TF are not known.  This project, with the state-of-the-art computational resources of the UT System, will provide training for undergraduate HBCU students.  Outcomes of this project will have societal impact by providing new details about critical molecules with impacts in cardiovascular diseases and roles in viral infections.  &lt;br/&gt;&lt;br/&gt;This project will develop a model of TF encryption and decryption based on the dimerization of TF. The model proposes an equilibrium between TF monomers and dimers. Dimers can be formed by two TF molecules bound in alternate configurations to produce encrypted, partially active, and fully active decrypted structures. This equilibrium depends on the lipid environment whereby specific lipids can selectively stabilize encrypted or decrypted dimers. The project will create models composed of full-length TF and other members of the coagulation cascade (Factor VIIa and Factor Xa)inserted into lipid bilayers of different phospholipid compositions. Molecular dynamics (MD) simulations and molecular docking will be carried out with the TF dimer models. Extensive comparative analysis of MD trajectories will be performed to reveal amino acids and membrane lipids essential for stabilizing TF dimers in an encrypted or decrypted state. In addition, amino acid residues involved in selective phospholipid binding and stabilization of encrypted or decrypted dimers will be selected for experimental validation of their role in TF encryption or decryption using mutational analysis combined with functional activity assays.&lt;br/&gt;&lt;br/&gt;This award reflects NSF's statutory mission and has been deemed worthy of support through evaluation using the Foundation's intellectual merit and broader impacts review criteria.</AbstractNarration>
<MinAmdLetterDate>07/21/2021</MinAmdLetterDate>
<MaxAmdLetterDate>07/21/2021</MaxAmdLetterDate>
<ARRAAmount/>
<TRAN_TYPE>Grant</TRAN_TYPE>
<CFDA_NUM>47.074</CFDA_NUM>
<NSF_PAR_USE_FLAG>1</NSF_PAR_USE_FLAG>
<FUND_AGCY_CODE>4900</FUND_AGCY_CODE>
<AWDG_AGCY_CODE>4900</AWDG_AGCY_CODE>
<AwardID>2100878</AwardID>
<Investigator>
<FirstName>Alexei</FirstName>
<LastName>Iakhiaev</LastName>
<PI_MID_INIT>V</PI_MID_INIT>
<PI_SUFX_NAME/>
<PI_FULL_NAME>Alexei V Iakhiaev</PI_FULL_NAME>
<EmailAddress>aiakhiaev@texascollege.edu</EmailAddress>
<PI_PHON>9035938311</PI_PHON>
<NSF_ID>000229992</NSF_ID>
<StartDate>07/21/2021</StartDate>
<EndDate/>
<RoleCode>Principal Investigator</RoleCode>
</Investigator>
<Institution>
<Name>Texas College</Name>
<CityName>TYLER</CityName>
<ZipCode>757021999</ZipCode>
<PhoneNumber>9035938311</PhoneNumber>
<StreetAddress>2404 N GRAND AVE</StreetAddress>
<StreetAddress2/>
<CountryName>United States</CountryName>
<StateName>Texas</StateName>
<StateCode>TX</StateCode>
<CONGRESSDISTRICT>01</CONGRESSDISTRICT>
<CONGRESS_DISTRICT_ORG>TX01</CONGRESS_DISTRICT_ORG>
<ORG_UEI_NUM>H9QUXLM7UBJ9</ORG_UEI_NUM>
<ORG_LGL_BUS_NAME>TEXAS COLLEGE</ORG_LGL_BUS_NAME>
<ORG_PRNT_UEI_NUM>H9QUXLM7UBJ9</ORG_PRNT_UEI_NUM>
</Institution>
<Performance_Institution>
<Name><![CDATA[Texas College]]></Name>
<CityName/>
<StateCode>TX</StateCode>
<ZipCode>757124500</ZipCode>
<StreetAddress/>
<CountryCode>US</CountryCode>
<CountryName>United States</CountryName>
<StateName>Texas</StateName>
<CountryFlag>1</CountryFlag>
<CONGRESSDISTRICT>01</CONGRESSDISTRICT>
<CONGRESS_DISTRICT_PERF>TX01</CONGRESS_DISTRICT_PERF>
</Performance_Institution>
<ProgramElement>
<Code>070Y</Code>
<Text>HBCU-EiR - HBCU-Excellence in</Text>
</ProgramElement>
<ProgramReference>
<Code>7465</Code>
<Text>NANOSCALE BIO CORE</Text>
</ProgramReference>
<ProgramReference>
<Code>9251</Code>
<Text>REU SUPP-Res Exp for Ugrd Supp</Text>
</ProgramReference>
<Appropriation>
<Code>0121</Code>
<Name>NSF RESEARCH &amp; RELATED ACTIVIT</Name>
<APP_SYMB_ID>040100</APP_SYMB_ID>
</Appropriation>
<Fund>
<Code>01002122DB</Code>
<Name><![CDATA[NSF RESEARCH & RELATED ACTIVIT]]></Name>
<FUND_SYMB_ID>040100</FUND_SYMB_ID>
</Fund>
<FUND_OBLG>2021~448258</FUND_OBLG>
</Award>
</rootTag>
