<?xml version="1.0" encoding="UTF-8"?>
<rootTag>
<Award>
<AwardTitle>RI: Small: Collaborative Research: Computational Methods for Argument Mining: Extraction, Aggregation, and Generation</AwardTitle>
<AGENCY>NSF</AGENCY>
<AwardEffectiveDate>08/31/2020</AwardEffectiveDate>
<AwardExpirationDate>07/31/2022</AwardExpirationDate>
<AwardTotalIntnAmount>160482.00</AwardTotalIntnAmount>
<AwardAmount>168481</AwardAmount>
<AwardInstrument>
<Value>Standard Grant</Value>
</AwardInstrument>
<Organization>
<Code>05020000</Code>
<Directorate>
<Abbreviation>CSE</Abbreviation>
<LongName>Direct For Computer &amp; Info Scie &amp; Enginr</LongName>
</Directorate>
<Division>
<Abbreviation>IIS</Abbreviation>
<LongName>Div Of Information &amp; Intelligent Systems</LongName>
</Division>
</Organization>
<ProgramOfficer>
<SignBlockName>Tatiana Korelsky</SignBlockName>
<PO_EMAI>tkorelsk@nsf.gov</PO_EMAI>
<PO_PHON>7032928729</PO_PHON>
</ProgramOfficer>
<AbstractNarration>Understanding, evaluating and generating arguments are all crucial elements in the decision-making and reasoning process. Not surprisingly then, a multitude of arguments are encountered and constructed on a daily basis as decisions are made at work and at home, in our social life and in our civic life. In spite of their ubiquity in our lives, most people are not particularly skilled in the interpretation or generation of arguments. At best, making sense of the often massive amount of argumentative online text on a topic of interest remains a daunting task. And while numerous tools exist for representing, modeling and visualizing arguments and argumentative discussions, they are limited by the substantial human effort required to input, organize and annotate arguments for use by the tools. Thus there exists a pressing need for, and this project aims to develop, automated techniques from the field of Natural Language Processing to support all facets of argumentation. This project will have a wide array of broader impacts, including providing other&lt;br/&gt;researchers with annotated datasets and tools for the analysis and generation of arguments, enhancing education through graduate and &lt;br/&gt;undergraduate mentoring, and promoting STEM education diversity through programs for middle and high school girls.  &lt;br/&gt;&lt;br/&gt;&lt;br/&gt;This project aims to break new ground in the burgeoning area of argument mining. It develops a collection of computational models that comprise the basis of an argumentation toolkit---methods that can be combined and reused to support a range of argumentation applications. The project focuses on inter-related threads of research covering three critical areas of exploration for computational argumentation: (1) argument extraction---making sense of argumentative text. Drawing upon recent developments in structured learning, techniques are developed to identify the components and the structure of an argument within a single document or single turn in an online dialog. (2) Argument aggregation---clustering the components of argumentative text (e.g. sentences, turns) drawn from multiple documents according to the facets of the topic under discussion that they address. Representation learning methods are proposed to better capture topical content and argumentative styles. (3) Argument generation---constructing coherent arguments via rewriting. A neural argument generation framework with key phrase extraction as an intermediate representation is created to improve interpretation of sentences from different sources. A discourse-aware neural generation model is also investigated as an extension to improve the coherence of the generated text.&lt;br/&gt;&lt;br/&gt;This award reflects NSF's statutory mission and has been deemed worthy of support through evaluation using the Foundation's intellectual merit and broader impacts review criteria.</AbstractNarration>
<MinAmdLetterDate>11/04/2020</MinAmdLetterDate>
<MaxAmdLetterDate>11/04/2020</MaxAmdLetterDate>
<ARRAAmount/>
<TRAN_TYPE>Grant</TRAN_TYPE>
<CFDA_NUM>47.070</CFDA_NUM>
<NSF_PAR_USE_FLAG>1</NSF_PAR_USE_FLAG>
<FUND_AGCY_CODE>4900</FUND_AGCY_CODE>
<AWDG_AGCY_CODE>4900</AWDG_AGCY_CODE>
<AwardID>2100885</AwardID>
<Investigator>
<FirstName>Lu</FirstName>
<LastName>Wang</LastName>
<PI_MID_INIT/>
<PI_SUFX_NAME/>
<PI_FULL_NAME>Lu Wang</PI_FULL_NAME>
<EmailAddress>wangluxy@umich.edu</EmailAddress>
<PI_PHON>7346478221</PI_PHON>
<NSF_ID>000701671</NSF_ID>
<StartDate>11/04/2020</StartDate>
<EndDate/>
<RoleCode>Principal Investigator</RoleCode>
</Investigator>
<Institution>
<Name>Regents of the University of Michigan - Ann Arbor</Name>
<CityName>ANN ARBOR</CityName>
<ZipCode>481091340</ZipCode>
<PhoneNumber>7347636438</PhoneNumber>
<StreetAddress>503 THOMPSON ST</StreetAddress>
<StreetAddress2/>
<CountryName>United States</CountryName>
<StateName>Michigan</StateName>
<StateCode>MI</StateCode>
<CONGRESSDISTRICT>12</CONGRESSDISTRICT>
<CONGRESS_DISTRICT_ORG>MI12</CONGRESS_DISTRICT_ORG>
<ORG_UEI_NUM>GNJ7BBP73WE9</ORG_UEI_NUM>
<ORG_LGL_BUS_NAME>REGENTS OF THE UNIVERSITY OF MICHIGAN</ORG_LGL_BUS_NAME>
<ORG_PRNT_UEI_NUM>GNJ7BBP73WE9</ORG_PRNT_UEI_NUM>
</Institution>
<Performance_Institution>
<Name><![CDATA[Regents of the University of Michigan - Ann Arbor]]></Name>
<CityName>Ann Arbor</CityName>
<StateCode>MI</StateCode>
<ZipCode>481092121</ZipCode>
<StreetAddress><![CDATA[2260 Hayward Street]]></StreetAddress>
<CountryCode>US</CountryCode>
<CountryName>United States</CountryName>
<StateName>Michigan</StateName>
<CountryFlag>1</CountryFlag>
<CONGRESSDISTRICT>12</CONGRESSDISTRICT>
<CONGRESS_DISTRICT_PERF>MI12</CONGRESS_DISTRICT_PERF>
</Performance_Institution>
<ProgramElement>
<Code>7495</Code>
<Text>Robust Intelligence</Text>
</ProgramElement>
<ProgramReference>
<Code>075Z</Code>
<Text>Artificial Intelligence (AI)</Text>
</ProgramReference>
<ProgramReference>
<Code>7495</Code>
<Text>ROBUST INTELLIGENCE</Text>
</ProgramReference>
<ProgramReference>
<Code>7923</Code>
<Text>SMALL PROJECT</Text>
</ProgramReference>
<ProgramReference>
<Code>9251</Code>
<Text>REU SUPP-Res Exp for Ugrd Supp</Text>
</ProgramReference>
<Appropriation>
<Code>0118</Code>
<Name>NSF RESEARCH &amp; RELATED ACTIVIT</Name>
<APP_SYMB_ID>040100</APP_SYMB_ID>
</Appropriation>
<Appropriation>
<Code>0119</Code>
<Name>NSF RESEARCH &amp; RELATED ACTIVIT</Name>
<APP_SYMB_ID>040100</APP_SYMB_ID>
</Appropriation>
<Fund>
<Code>01001819DB</Code>
<Name><![CDATA[NSF RESEARCH & RELATED ACTIVIT]]></Name>
<FUND_SYMB_ID>040100</FUND_SYMB_ID>
</Fund>
<Fund>
<Code>01001920DB</Code>
<Name><![CDATA[NSF RESEARCH & RELATED ACTIVIT]]></Name>
<FUND_SYMB_ID>040100</FUND_SYMB_ID>
</Fund>
<FUND_OBLG>2018~160480</FUND_OBLG>
<FUND_OBLG>2019~8000</FUND_OBLG>
</Award>
</rootTag>
