<?xml version="1.0" encoding="UTF-8"?>
<rootTag>
<Award>
<AwardTitle><![CDATA[Collaborative Research: SaTC: EDU: Authentic Learning of Machine Learning in Cybersecurity with Portable Hands-on Labware]]></AwardTitle>
<AGENCY>NSF</AGENCY>
<AwardEffectiveDate>09/01/2021</AwardEffectiveDate>
<AwardExpirationDate>08/31/2024</AwardExpirationDate>
<AwardTotalIntnAmount>279844.00</AwardTotalIntnAmount>
<AwardAmount>279844</AwardAmount>
<AwardInstrument>
<Value>Standard Grant</Value>
</AwardInstrument>
<Organization>
<Code>11010000</Code>
<Directorate>
<Abbreviation>EHR</Abbreviation>
<LongName>Direct For Education and Human Resources</LongName>
</Directorate>
<Division>
<Abbreviation>DGE</Abbreviation>
<LongName>Division Of Graduate Education</LongName>
</Division>
</Organization>
<ProgramOfficer>
<SignBlockName>Victor Piotrowski</SignBlockName>
<PO_EMAI>vpiotrow@nsf.gov</PO_EMAI>
<PO_PHON>7032925141</PO_PHON>
</ProgramOfficer>
<AbstractNarration><![CDATA[This award is funded in whole or in part under the American Rescue Plan Act of 2021 (Public Law 117-2).&lt;br/&gt;&lt;br/&gt;As cybersecurity threats grow in complexity, the burden of responding to these threats also increases. Early detection of security vulnerabilities and threats is needed. Machine learning (ML) approaches enable the analysis of large amounts of data and could be used to predict and prevent future cybersecurity threats. This project will enhance the cybersecurity curricula across computing disciplines using an authentic learning approach. Authentic learning approaches engage students’ active learning and problem-solving capabilities by using hands-on approaches and real-world topics. This approach has been increasingly popular for teaching cybersecurity but is less commonly used to teach ML in cybersecurity. The project will design and develop ten portable labware modules that will support a broad audience to learn ML in cybersecurity effectively and result in more efficient student engagement.  The resources developed will support authentic learning of cybersecurity topics, and increase student learning and interests as well as faculty collaboration between Kennesaw State University and Tuskegee University. The project will disseminate the resources via faculty workshops, conference publications, and webinars.&lt;br/&gt;&lt;br/&gt;The design of the proposed learning modules will be based on popular machine learning algorithms and publicly available free datasets related to common cybersecurity problems such as Denial of Service, CAPTCHA bypassing, and SQL Injection attacks. The modules will be deployed on the open-source Google CoLaboratory (CoLab) environment. Learners will access and practice all labs interactively using a browser anywhere and anytime without a need for time-consuming installation and configuration. The hands-on labs will provide students with step-by-step interactive activities to learn ML models in the CoLab environment, followed by testing of models. The project will seek to answer the following research questions: (i) Do innovative, authentic learning-based ML in cybersecurity resources increase learners’ knowledge and interest in solving real-world problems and careers in the cybersecurity workforce? (ii) Does the hands-on labware developed by the project impact students’ grades, learning, attitudes, motivation, and self-efficacy towards ML in cybersecurity?  (iii) What is the relationship between students’ motivation and ML in cybersecurity learning? (iv) Do participating faculty perceive the ML in cybersecurity authentic learning resources as effective in engaging diverse, underrepresented students in cybersecurity? The project evaluation will use a mixed-methods design and  administrative data, focus groups, and survey data. The quantitative and qualitative data generated from these sources will be used for formative and summative assessments.  &lt;br/&gt;&lt;br/&gt;This project is supported by the Secure and Trustworthy Cyberspace (SaTC) program, which funds proposals that address cybersecurity and privacy, and in this case specifically cybersecurity education. The SaTC program aligns with the Federal Cybersecurity Research and Development Strategic Plan and the National Privacy Research Strategy to protect and preserve the growing social and economic benefits of cyber systems while ensuring security and privacy.&lt;br/&gt;&lt;br/&gt;This award reflects NSF's statutory mission and has been deemed worthy of support through evaluation using the Foundation's intellectual merit and broader impacts review criteria.]]></AbstractNarration>
<MinAmdLetterDate>08/30/2021</MinAmdLetterDate>
<MaxAmdLetterDate>08/30/2021</MaxAmdLetterDate>
<ARRAAmount/>
<TRAN_TYPE>Grant</TRAN_TYPE>
<CFDA_NUM>47.076</CFDA_NUM>
<NSF_PAR_USE_FLAG>1</NSF_PAR_USE_FLAG>
<FUND_AGCY_CODE>4900</FUND_AGCY_CODE>
<AWDG_AGCY_CODE>4900</AWDG_AGCY_CODE>
<AwardID>2100115</AwardID>
<Investigator>
<FirstName>Michael</FirstName>
<LastName>Whitman</LastName>
<PI_MID_INIT>E</PI_MID_INIT>
<PI_SUFX_NAME/>
<PI_FULL_NAME>Michael E Whitman</PI_FULL_NAME>
<EmailAddress><![CDATA[mwhitman@kennesaw.edu]]></EmailAddress>
<NSF_ID>000352950</NSF_ID>
<StartDate>08/30/2021</StartDate>
<EndDate/>
<RoleCode>Co-Principal Investigator</RoleCode>
</Investigator>
<Investigator>
<FirstName>Dan</FirstName>
<LastName>Lo</LastName>
<PI_MID_INIT>C</PI_MID_INIT>
<PI_SUFX_NAME/>
<PI_FULL_NAME>Dan C Lo</PI_FULL_NAME>
<EmailAddress><![CDATA[danlo@ieee.org]]></EmailAddress>
<NSF_ID>000304931</NSF_ID>
<StartDate>08/30/2021</StartDate>
<EndDate/>
<RoleCode>Co-Principal Investigator</RoleCode>
</Investigator>
<Investigator>
<FirstName>Hossain</FirstName>
<LastName>Shahriar</LastName>
<PI_MID_INIT/>
<PI_SUFX_NAME/>
<PI_FULL_NAME>Hossain Shahriar</PI_FULL_NAME>
<EmailAddress><![CDATA[hshahria@kennesaw.edu]]></EmailAddress>
<NSF_ID>000630552</NSF_ID>
<StartDate>08/30/2021</StartDate>
<EndDate/>
<RoleCode>Principal Investigator</RoleCode>
</Investigator>
<Institution>
<Name>Kennesaw State University Research and Service Foundation</Name>
<CityName>KENNESAW</CityName>
<ZipCode>301445588</ZipCode>
<PhoneNumber>4705786381</PhoneNumber>
<StreetAddress>1000 CHASTAIN RD MAILSTOP 0111</StreetAddress>
<StreetAddress2/>
<CountryName>United States</CountryName>
<StateName>Georgia</StateName>
<StateCode>GA</StateCode>
<CONGRESSDISTRICT>11</CONGRESSDISTRICT>
<CONGRESS_DISTRICT_ORG>GA11</CONGRESS_DISTRICT_ORG>
<ORG_UEI_NUM>G8DZHNRKWTN3</ORG_UEI_NUM>
<ORG_LGL_BUS_NAME>KENNESAW STATE UNIVERSITY RESEARCH AND SERVICE FOUNDATION, INC.</ORG_LGL_BUS_NAME>
<ORG_PRNT_UEI_NUM/>
</Institution>
<Performance_Institution>
<Name><![CDATA[Kennesaw State University]]></Name>
<CityName>Marietta</CityName>
<StateCode>GA</StateCode>
<ZipCode>300602855</ZipCode>
<StreetAddress><![CDATA[1100 S Marietta Pkwy SE]]></StreetAddress>
<CountryCode>US</CountryCode>
<CountryName>United States</CountryName>
<StateName>Georgia</StateName>
<CountryFlag>1</CountryFlag>
<CONGRESSDISTRICT>11</CONGRESSDISTRICT>
<CONGRESS_DISTRICT_PERF>GA11</CONGRESS_DISTRICT_PERF>
</Performance_Institution>
<ProgramElement>
<Code>1668</Code>
<Text>CYBERCORPS: SCHLAR FOR SER</Text>
</ProgramElement>
<ProgramReference>
<Code>025Z</Code>
<Text>SaTC: Secure and Trustworthy Cyberspace</Text>
</ProgramReference>
<ProgramReference>
<Code>102Z</Code>
<Text>COVID-Disproportionate Impcts Inst-Indiv</Text>
</ProgramReference>
<Appropriation>
<Code>4V21</Code>
<Name>EHR ARP Act DEFC V</Name>
<APP_SYMB_ID>040106</APP_SYMB_ID>
</Appropriation>
<Fund>
<Code>040V2122DB</Code>
<Name><![CDATA[EHR ARP Act DEFC V]]></Name>
<FUND_SYMB_ID>040106</FUND_SYMB_ID>
</Fund>
<FUND_OBLG>2021~279844</FUND_OBLG>
</Award>
</rootTag>
