<?xml version="1.0" encoding="UTF-8"?>
<rootTag>
<Award>
<AwardTitle><![CDATA[RI: Small: Uncertainty Quantification for  Nonconvex Low-Complexity Models]]></AwardTitle>
<AGENCY>NSF</AGENCY>
<AwardEffectiveDate>10/01/2021</AwardEffectiveDate>
<AwardExpirationDate>03/31/2022</AwardExpirationDate>
<AwardTotalIntnAmount>450000.00</AwardTotalIntnAmount>
<AwardAmount>450000</AwardAmount>
<AwardInstrument>
<Value>Standard Grant</Value>
</AwardInstrument>
<Organization>
<Code>05020000</Code>
<Directorate>
<Abbreviation>CSE</Abbreviation>
<LongName>Direct For Computer &amp; Info Scie &amp; Enginr</LongName>
</Directorate>
<Division>
<Abbreviation>IIS</Abbreviation>
<LongName>Div Of Information &amp; Intelligent Systems</LongName>
</Division>
</Organization>
<ProgramOfficer>
<SignBlockName>Rebecca Hwa</SignBlockName>
<PO_EMAI>rhwa@nsf.gov</PO_EMAI>
<PO_PHON>7032927148</PO_PHON>
</ProgramOfficer>
<AbstractNarration><![CDATA[Emerging applications in data science often involve estimating an enormous number of parameters from a highly  incomplete and noisy set of measurements.  In order for these applications to support modern scientific discovery and decision making, however, it is necessary to seek not merely reasonable estimations for the parameters, but perhaps more crucially, a trustworthy interpretation of the estimations and their implications. For instance, what reassurances can we offer about the quality of the estimates in hand? Can we quantify the uncertainty of our estimates due to the imperfectness of the data?  Providing valid and quantitative answers to such questions is a crucial step in ensuring that: the scientific discovery and decision made based on our estimate are informative and trustworthy. Nevertheless, the existing statistical toolbox remains highly inadequate in providing measures of uncertainty for large-scale estimation methods, particularly in those scenarios where the availability of data samples is severely limited. This limits the overall value of the estimates and hampers scientific and decision-making processes. Some example application areas include: joint shape matching in computer vision and water-fat separation in medical imaging.&lt;br/&gt; &lt;br/&gt;Motivated by the above issues, the overarching goal of this project is to develop new foundational theory that integrates statistical assessment and algorithm design in an end-to-end manner, allowing for optimal inferential procedures for various nonconvex low-complexity models. Blending large-scale optimization techniques with statistical thinking, the proposed project seeks to develop a novel suite of distributional theory that enables valid uncertainty assessment for various nonconvex low-complexity models. Specifically, this project consists of the following research. First,  develop a principled approach to construct optimal confidence intervals for unknown continuous parameters, on the basis of novel nonconvex estimation and de-biasing methods. Second, develop fast nonconvex algorithms and efficient uncertainty assessment procedures to reason about unknown discrete variables. Third, investigate the intimate connection between convex relaxation and nonconvex optimization, thus enabling a unified uncertainty quantification framework to accommodate both approaches. All research thrusts are motivated by, and will ultimately be tested on concrete practical applications. This project will significantly advance the fundamental techniques of uncertainty quantification in data-driven applications, and will enrich the foundations for mathematical optimization, data analytics, and statistical modeling.&lt;br/&gt;&lt;br/&gt;This award reflects NSF's statutory mission and has been deemed worthy of support through evaluation using the Foundation's intellectual merit and broader impacts review criteria.]]></AbstractNarration>
<MinAmdLetterDate>07/20/2021</MinAmdLetterDate>
<MaxAmdLetterDate>07/20/2021</MaxAmdLetterDate>
<ARRAAmount/>
<TRAN_TYPE>Grant</TRAN_TYPE>
<CFDA_NUM>47.070</CFDA_NUM>
<NSF_PAR_USE_FLAG>1</NSF_PAR_USE_FLAG>
<FUND_AGCY_CODE>4900</FUND_AGCY_CODE>
<AWDG_AGCY_CODE>4900</AWDG_AGCY_CODE>
<AwardID>2100158</AwardID>
<Investigator>
<FirstName>Yuxin</FirstName>
<LastName>Chen</LastName>
<PI_MID_INIT/>
<PI_SUFX_NAME/>
<PI_FULL_NAME>Yuxin Chen</PI_FULL_NAME>
<EmailAddress><![CDATA[yuxinc@wharton.upenn.edu]]></EmailAddress>
<NSF_ID>000745304</NSF_ID>
<StartDate>07/20/2021</StartDate>
<EndDate/>
<RoleCode>Principal Investigator</RoleCode>
</Investigator>
<Institution>
<Name>Princeton University</Name>
<CityName>PRINCETON</CityName>
<ZipCode>085442001</ZipCode>
<PhoneNumber>6092583090</PhoneNumber>
<StreetAddress>1 NASSAU HALL</StreetAddress>
<StreetAddress2/>
<CountryName>United States</CountryName>
<StateName>New Jersey</StateName>
<StateCode>NJ</StateCode>
<CONGRESSDISTRICT>12</CONGRESSDISTRICT>
<CONGRESS_DISTRICT_ORG>NJ12</CONGRESS_DISTRICT_ORG>
<ORG_UEI_NUM>NJ1YPQXQG7U5</ORG_UEI_NUM>
<ORG_LGL_BUS_NAME>TRUSTEES OF PRINCETON UNIVERSITY, THE</ORG_LGL_BUS_NAME>
<ORG_PRNT_UEI_NUM>NJ1YPQXQG7U5</ORG_PRNT_UEI_NUM>
</Institution>
<Performance_Institution>
<Name><![CDATA[The Trustees of Princeton University]]></Name>
<CityName>Princeton</CityName>
<StateCode>NJ</StateCode>
<ZipCode>085442020</ZipCode>
<StreetAddress><![CDATA[Olden Street]]></StreetAddress>
<CountryCode>US</CountryCode>
<CountryName>United States</CountryName>
<StateName>New Jersey</StateName>
<CountryFlag>1</CountryFlag>
<CONGRESSDISTRICT>12</CONGRESSDISTRICT>
<CONGRESS_DISTRICT_PERF>NJ12</CONGRESS_DISTRICT_PERF>
</Performance_Institution>
<ProgramElement>
<Code>7495</Code>
<Text>Robust Intelligence</Text>
</ProgramElement>
<ProgramReference>
<Code>7495</Code>
<Text>ROBUST INTELLIGENCE</Text>
</ProgramReference>
<ProgramReference>
<Code>7923</Code>
<Text>SMALL PROJECT</Text>
</ProgramReference>
<Appropriation>
<Code>0121</Code>
<Name>NSF RESEARCH &amp; RELATED ACTIVIT</Name>
<APP_SYMB_ID>040100</APP_SYMB_ID>
</Appropriation>
<Fund>
<Code>01002122DB</Code>
<Name><![CDATA[NSF RESEARCH & RELATED ACTIVIT]]></Name>
<FUND_SYMB_ID>040100</FUND_SYMB_ID>
</Fund>
<FUND_OBLG>2021~0</FUND_OBLG>
</Award>
</rootTag>
