<?xml version="1.0" encoding="UTF-8"?>
<rootTag>
<Award>
<AwardTitle>RAISE:  Spring &amp; Wings:  Resonance in insect and engineered flight with synchronous and stretch-activated actuation</AwardTitle>
<AGENCY>NSF</AGENCY>
<AwardEffectiveDate>08/01/2021</AwardEffectiveDate>
<AwardExpirationDate>07/31/2025</AwardExpirationDate>
<AwardTotalIntnAmount>999844.00</AwardTotalIntnAmount>
<AwardAmount>999844</AwardAmount>
<AwardInstrument>
<Value>Standard Grant</Value>
</AwardInstrument>
<Organization>
<Code>08090000</Code>
<Directorate>
<Abbreviation>BIO</Abbreviation>
<LongName>Direct For Biological Sciences</LongName>
</Directorate>
<Division>
<Abbreviation>IOS</Abbreviation>
<LongName>Division Of Integrative Organismal Systems</LongName>
</Division>
</Organization>
<ProgramOfficer>
<SignBlockName>John Long</SignBlockName>
<PO_EMAI>jlong@nsf.gov</PO_EMAI>
<PO_PHON>7032927944</PO_PHON>
</ProgramOfficer>
<AbstractNarration>This Research Advanced by Interdisciplinary Science and Engineering (RAISE) project will develop a dynamical model to enhance understanding of insect flight as an integrated system and apply this information to robotic design. Flight at the size of insects is very energetically challenging. Nonetheless, the evolution of flight spurred much of the evolutionary diversity of insects we see today. Insects fly long distances, maneuver in crowded and gusty environments, and overcome the energetic limitations of flapping wing flight in ways that cannot yet be matched in human-engineered systems. Insects couple springy exoskeletons to their wings to help store and return energy on every flap; however, to maximize energy return, insects would have to beat their wings at a steady rate. This project will explore how insects couple springs and wings together to manage energy requirements and flight control under a range of conditions. This project will also explore how the two distinct types of muscle contraction that insects use to power flight could both be achieved with the same underlying mechanics and muscle properties, enabling a mathematical framework for understanding how insects achieve such different types of flight. The project will use robophysical models with springy exoskeletons coupled to wings and insect-scale flapping robots to establish a general “spring-wing” framework. Research at both collaborating institutions will include an immersive, vertically integrated undergraduate research program. Student teams will receive mentorship and on-site research experience during the school year and will travel to their exchange location for interdisciplinary summer research. At least two graduate students and a post-doctoral fellow will also receive cross-disciplinary training.&lt;br/&gt;&lt;br/&gt;Insect-scale flapping-wing flight demands both high-power actuation and low-latency control. To mitigate flight power requirements, most insects actuate their wings indirectly via muscles that deform a stiff, elastic exoskeleton. Coupling elastic elements to the wings allows insects potentially to operate as a resonant system, which would reduce power costs but also would introduce control constraints, such as limiting wingbeat frequency modulation. To power flapping flight, insects evolved two distinct actuation strategies: synchronous flight, with time-periodic forcing of antagonistic muscles paced by the nervous system, and asynchronous flight, in which muscles set up self-excited oscillations due to strain-dependent activation. The project will establish an analytic framework for spring-wing systems, test if insects operate at their hypothesized resonant frequencies, and develop a dynamically scaled robophysical spring-wing flapper to explore how a single non-dimensional parameter, the Weis-Fogh number, influences elastic energy storage and aerodynamic force control. The two muscle actuation strategies will then be combined, testing if synchronous flying insects that have evolved from asynchronous insects retain the necessary physiological signatures of self-excited (asynchronous) oscillations. A single dynamic system that can transition from the two regimes of stable flapping will be tested in the robophysical system and in an at-scale, bio-inspired flapping wing robot. Finally, the tradeoffs of operating at or away from resonance in spring-wing systems will be investigated. The project bridges the biological and physical sciences, will expand understanding of physiological and biomechanical principles and trade-offs involved in flight, and should transform the current understanding of insect flight, with applications to robotics. Undergraduate and graduate students and a post-doctoral fellow will participate in mentored, interdisciplinary research teams, and will present research results at national scientific meetings. Research results will also be disseminated through a bio-inspired design workshop. &lt;br/&gt;&lt;br/&gt;This award is co-funded by the Dynamics, Control and Systems Diagnostics Program in the Division of Civil, Mechanical and Manufacturing Innovation, Directorate for Engineering, and the Physiological Mechanisms and Biomechanics Program in the Division of Integrative Organismal Systems, Directorate for Biological Sciences.&lt;br/&gt;&lt;br/&gt;This award reflects NSF's statutory mission and has been deemed worthy of support through evaluation using the Foundation's intellectual merit and broader impacts review criteria.</AbstractNarration>
<MinAmdLetterDate>06/23/2021</MinAmdLetterDate>
<MaxAmdLetterDate>06/23/2021</MaxAmdLetterDate>
<ARRAAmount/>
<TRAN_TYPE>Grant</TRAN_TYPE>
<CFDA_NUM>47.074</CFDA_NUM>
<NSF_PAR_USE_FLAG>1</NSF_PAR_USE_FLAG>
<FUND_AGCY_CODE>4900</FUND_AGCY_CODE>
<AWDG_AGCY_CODE>4900</AWDG_AGCY_CODE>
<AwardID>2100858</AwardID>
<Investigator>
<FirstName>Nicholas</FirstName>
<LastName>Gravish</LastName>
<PI_MID_INIT/>
<PI_SUFX_NAME/>
<PI_FULL_NAME>Nicholas Gravish</PI_FULL_NAME>
<EmailAddress>ngravish@ucsd.edu</EmailAddress>
<PI_PHON>8055702969</PI_PHON>
<NSF_ID>000757116</NSF_ID>
<StartDate>06/23/2021</StartDate>
<EndDate/>
<RoleCode>Co-Principal Investigator</RoleCode>
</Investigator>
<Investigator>
<FirstName>Simon</FirstName>
<LastName>Sponberg</LastName>
<PI_MID_INIT/>
<PI_SUFX_NAME/>
<PI_FULL_NAME>Simon Sponberg</PI_FULL_NAME>
<EmailAddress>sponberg@physics.gatech.edu</EmailAddress>
<PI_PHON>5108475453</PI_PHON>
<NSF_ID>000515917</NSF_ID>
<StartDate>06/23/2021</StartDate>
<EndDate/>
<RoleCode>Principal Investigator</RoleCode>
</Investigator>
<Institution>
<Name>Georgia Tech Research Corporation</Name>
<CityName>ATLANTA</CityName>
<ZipCode>30332</ZipCode>
<PhoneNumber>4048944819</PhoneNumber>
<StreetAddress>926 DALNEY ST NW</StreetAddress>
<StreetAddress2/>
<CountryName>United States</CountryName>
<StateName>Georgia</StateName>
<StateCode>GA</StateCode>
<CONGRESSDISTRICT>05</CONGRESSDISTRICT>
<CONGRESS_DISTRICT_ORG>GA05</CONGRESS_DISTRICT_ORG>
<ORG_UEI_NUM>EMW9FC8J3HN4</ORG_UEI_NUM>
<ORG_LGL_BUS_NAME>GEORGIA TECH RESEARCH CORPORATION</ORG_LGL_BUS_NAME>
<ORG_PRNT_UEI_NUM>EMW9FC8J3HN4</ORG_PRNT_UEI_NUM>
</Institution>
<Performance_Institution>
<Name><![CDATA[Georgia Institute of Technology]]></Name>
<CityName>Atlanta</CityName>
<StateCode>GA</StateCode>
<ZipCode>303320002</ZipCode>
<StreetAddress><![CDATA[225 North Ave NW]]></StreetAddress>
<CountryCode>US</CountryCode>
<CountryName>United States</CountryName>
<StateName>Georgia</StateName>
<CountryFlag>1</CountryFlag>
<CONGRESSDISTRICT>05</CONGRESSDISTRICT>
<CONGRESS_DISTRICT_PERF>GA05</CONGRESS_DISTRICT_PERF>
</Performance_Institution>
<ProgramElement>
<Code>7569</Code>
<Text>Dynamics, Control and System D</Text>
</ProgramElement>
<ProgramElement>
<Code>7658</Code>
<Text>Physiolgcl Mechnsms&amp;Biomechnsm</Text>
</ProgramElement>
<ProgramReference>
<Code>030E</Code>
<Text>CONTROL SYSTEMS</Text>
</ProgramReference>
<ProgramReference>
<Code>034E</Code>
<Text>Dynamical systems</Text>
</ProgramReference>
<ProgramReference>
<Code>049Z</Code>
<Text>RAISE-Research Advanced by Interdiscipli</Text>
</ProgramReference>
<ProgramReference>
<Code>8024</Code>
<Text>Complex Systems</Text>
</ProgramReference>
<ProgramReference>
<Code>9178</Code>
<Text>UNDERGRADUATE EDUCATION</Text>
</ProgramReference>
<ProgramReference>
<Code>9179</Code>
<Text>GRADUATE INVOLVEMENT</Text>
</ProgramReference>
<ProgramReference>
<Code>9251</Code>
<Text>REU SUPP-Res Exp for Ugrd Supp</Text>
</ProgramReference>
<Appropriation>
<Code>0121</Code>
<Name>NSF RESEARCH &amp; RELATED ACTIVIT</Name>
<APP_SYMB_ID>040100</APP_SYMB_ID>
</Appropriation>
<Fund>
<Code>01002122DB</Code>
<Name><![CDATA[NSF RESEARCH & RELATED ACTIVIT]]></Name>
<FUND_SYMB_ID>040100</FUND_SYMB_ID>
</Fund>
<FUND_OBLG>2021~999844</FUND_OBLG>
</Award>
</rootTag>
