<?xml version="1.0" encoding="UTF-8"?>
<rootTag>
<Award>
<AwardTitle>Collaborative Research: SHF: Small: Context-aware Models of Source Code Summarization</AwardTitle>
<AGENCY>NSF</AGENCY>
<AwardEffectiveDate>10/01/2021</AwardEffectiveDate>
<AwardExpirationDate>09/30/2024</AwardExpirationDate>
<AwardTotalIntnAmount>408991.00</AwardTotalIntnAmount>
<AwardAmount>408991</AwardAmount>
<AwardInstrument>
<Value>Standard Grant</Value>
</AwardInstrument>
<Organization>
<Code>05010000</Code>
<Directorate>
<Abbreviation>CSE</Abbreviation>
<LongName>Direct For Computer &amp; Info Scie &amp; Enginr</LongName>
</Directorate>
<Division>
<Abbreviation>CCF</Abbreviation>
<LongName>Division of Computing and Communication Foundations</LongName>
</Division>
</Organization>
<ProgramOfficer>
<SignBlockName>Sol Greenspan</SignBlockName>
<PO_EMAI>sgreensp@nsf.gov</PO_EMAI>
<PO_PHON>7032927841</PO_PHON>
</ProgramOfficer>
<AbstractNarration>The objective of this research project is to address key barriers towards automatic documentation generation for software source code.  Programmers create software by writing instructions in source code.  That source code is often very difficult to understand, and programmers often must spend significant time writing and updating natural language descriptions of the code to serve as a guide to other programmers.  But programmers tend to avoid this task, leading to difficult-to-understand legacy code, bugs, struggles for novice programmers, and other problems.  The process of writing these natural language descriptions is called "source code summarization" and this project aims to automate this process.  The long-term goal of the project is that automatic documentation generation will improve productivity for software engineers, and increase the quality of software generally.&lt;br/&gt;&lt;br/&gt;The two key barriers that this project targets are: 1) context-aware models of code summarization, and 2) improved optimization and evaluation procedures for those models.  The research towards item (1) centers on novel neural network-based algorithms for reading and understanding source code.  The "context" of a section of source code includes the surrounding source code, dependencies and dependents, programmer communications, bug reports, architecture documentation, and many other software artifacts.  This proposal aims to build new neural models of code that include this context such as attentional graph neural networks and dynamic memory networks.  The research towards item (2) centers on improving the metrics used to evaluate models of source code summarization, as well as optimization functions used to train these models.  This project includes both design of these metrics and functions, and experiments to evaluate them.&lt;br/&gt;&lt;br/&gt;This award reflects NSF's statutory mission and has been deemed worthy of support through evaluation using the Foundation's intellectual merit and broader impacts review criteria.</AbstractNarration>
<MinAmdLetterDate>09/01/2021</MinAmdLetterDate>
<MaxAmdLetterDate>09/01/2021</MaxAmdLetterDate>
<ARRAAmount/>
<TRAN_TYPE>Grant</TRAN_TYPE>
<CFDA_NUM>47.070</CFDA_NUM>
<NSF_PAR_USE_FLAG>1</NSF_PAR_USE_FLAG>
<FUND_AGCY_CODE>4900</FUND_AGCY_CODE>
<AWDG_AGCY_CODE>4900</AWDG_AGCY_CODE>
<AwardID>2100035</AwardID>
<Investigator>
<FirstName>Collin</FirstName>
<LastName>McMillan</LastName>
<PI_MID_INIT/>
<PI_SUFX_NAME/>
<PI_FULL_NAME>Collin McMillan</PI_FULL_NAME>
<EmailAddress>collin.mcmillan@nd.edu</EmailAddress>
<PI_PHON>5746317432</PI_PHON>
<NSF_ID>000626801</NSF_ID>
<StartDate>09/01/2021</StartDate>
<EndDate/>
<RoleCode>Principal Investigator</RoleCode>
</Investigator>
<Institution>
<Name>University of Notre Dame</Name>
<CityName>NOTRE DAME</CityName>
<ZipCode>465565708</ZipCode>
<PhoneNumber>5746317432</PhoneNumber>
<StreetAddress>940 Grace Hall</StreetAddress>
<StreetAddress2/>
<CountryName>United States</CountryName>
<StateName>Indiana</StateName>
<StateCode>IN</StateCode>
<CONGRESSDISTRICT>02</CONGRESSDISTRICT>
<CONGRESS_DISTRICT_ORG>IN02</CONGRESS_DISTRICT_ORG>
<ORG_UEI_NUM>FPU6XGFXMBE9</ORG_UEI_NUM>
<ORG_LGL_BUS_NAME>UNIVERSITY OF NOTRE DAME DU LAC</ORG_LGL_BUS_NAME>
<ORG_PRNT_UEI_NUM>KKBMKNFZ5PJ4</ORG_PRNT_UEI_NUM>
</Institution>
<Performance_Institution>
<Name><![CDATA[University of Notre Dame]]></Name>
<CityName/>
<StateCode>IN</StateCode>
<ZipCode>465565708</ZipCode>
<StreetAddress/>
<CountryCode>US</CountryCode>
<CountryName>United States</CountryName>
<StateName>Indiana</StateName>
<CountryFlag>1</CountryFlag>
<CONGRESSDISTRICT>02</CONGRESSDISTRICT>
<CONGRESS_DISTRICT_PERF>IN02</CONGRESS_DISTRICT_PERF>
</Performance_Institution>
<ProgramElement>
<Code>7798</Code>
<Text>Software &amp; Hardware Foundation</Text>
</ProgramElement>
<ProgramReference>
<Code>7923</Code>
<Text>SMALL PROJECT</Text>
</ProgramReference>
<ProgramReference>
<Code>7944</Code>
<Text>SOFTWARE ENG &amp; FORMAL METHODS</Text>
</ProgramReference>
<Appropriation>
<Code>0121</Code>
<Name>NSF RESEARCH &amp; RELATED ACTIVIT</Name>
<APP_SYMB_ID>040100</APP_SYMB_ID>
</Appropriation>
<Fund>
<Code>01002122DB</Code>
<Name><![CDATA[NSF RESEARCH & RELATED ACTIVIT]]></Name>
<FUND_SYMB_ID>040100</FUND_SYMB_ID>
</Fund>
<FUND_OBLG>2021~408991</FUND_OBLG>
</Award>
</rootTag>
