<?xml version="1.0" encoding="UTF-8"?>
<rootTag>
<Award>
<AwardTitle>Research Initiation Award: Secure Spectrum Sharing for Intelligent Internet-of-Things (IoT) Wireless Communication Networks</AwardTitle>
<AGENCY>NSF</AGENCY>
<AwardEffectiveDate>06/01/2021</AwardEffectiveDate>
<AwardExpirationDate>05/31/2024</AwardExpirationDate>
<AwardTotalIntnAmount>299999.00</AwardTotalIntnAmount>
<AwardAmount>299999</AwardAmount>
<AwardInstrument>
<Value>Standard Grant</Value>
</AwardInstrument>
<Organization>
<Code>11060000</Code>
<Directorate>
<Abbreviation>EHR</Abbreviation>
<LongName>Direct For Education and Human Resources</LongName>
</Directorate>
<Division>
<Abbreviation>HRD</Abbreviation>
<LongName>Division Of Human Resource Development</LongName>
</Division>
</Organization>
<ProgramOfficer>
<SignBlockName>Leroy Jones II</SignBlockName>
<PO_EMAI>ljones@nsf.gov</PO_EMAI>
<PO_PHON>7032924684</PO_PHON>
</ProgramOfficer>
<AbstractNarration>Research Initiation Awards provide support for junior and mid-career faculty at Historically Black Colleges and Universities who are building new research programs or redirecting and rebuilding existing research programs. It is expected that the award helps to further the faculty member's research capability and effectiveness, improves research and teaching at the home institution, and involves undergraduate students in research experiences.  The award to Morgan State University supports research on developing systems that defend Intelligent Internet of Things (IoT) devices – a project that supports one of “The 10 Big Ideas for Future NSF Investments,” i.e. “Work at the Human-Technology Frontier."  &lt;br/&gt;&lt;br/&gt;The goal of this project is to secure the IoT users' communication by designing and developing schemes to share the spectrum with licensed users while circumventing the attackers, thereby maximizing the network capacity.  First, vulnerabilities of IoT wireless communication networks will be investigated by designing optimal attacking strategies based on adversarial multi-armed bandits, and randomized time-varying feedback graphs. In the defense design paradigm, an intelligent IoT device will apply novel adversarial multi-armed bandit methods for effective frequency channel selection and data transmission while minimizing channel switching delay. In addition, both objectives of channel and power allocation will be integrated into a unified framework to optimize the IoT user's power consumption. Characterizing the wireless channels' inherent conditions with a time-varying stochastic process and considering both the attacker and the IoT user to be learning-based, the two agents form an online repeated stochastic game. It is intended to identify any possible equilibrium between these two agents using stochastic optimization methods. Furthermore, using a data-driven methodology based on statistical factor analysis approaches, the IoT device's robustness will be characterized as a function of its intelligence factors. Then, the proposed defense frameworks will be extended to centralized and decentralized multi-user IoT networks where combinatorial online learning approaches and various collision resolutions techniques will be utilized in the centralized and decentralized settings, respectively. Eventually, the collective intelligence of multiple IoT users will be quantitatively evaluated by extracting the group intelligence and examining its impact on the IoT users’ resiliency and network capacity in adversarial settings. Successful implementation of the proposed optimal spectrum access policy based on multidisciplinary techniques will provide secure spectrum sharing mechanisms for the IoT users with practical considerations which enables them to circumvent the adversary and maximize the network capacity.&lt;br/&gt;&lt;br/&gt;This award reflects NSF's statutory mission and has been deemed worthy of support through evaluation using the Foundation's intellectual merit and broader impacts review criteria.</AbstractNarration>
<MinAmdLetterDate>04/16/2021</MinAmdLetterDate>
<MaxAmdLetterDate>04/16/2021</MaxAmdLetterDate>
<ARRAAmount/>
<TRAN_TYPE>Grant</TRAN_TYPE>
<CFDA_NUM>47.076</CFDA_NUM>
<NSF_PAR_USE_FLAG>1</NSF_PAR_USE_FLAG>
<FUND_AGCY_CODE>4900</FUND_AGCY_CODE>
<AWDG_AGCY_CODE>4900</AWDG_AGCY_CODE>
<AwardID>2100804</AwardID>
<Investigator>
<FirstName>Monireh</FirstName>
<LastName>Dabaghchian</LastName>
<PI_MID_INIT/>
<PI_SUFX_NAME/>
<PI_FULL_NAME>Monireh Dabaghchian</PI_FULL_NAME>
<EmailAddress>monireh.dabaghchian@morgan.edu</EmailAddress>
<PI_PHON>4438852348</PI_PHON>
<NSF_ID>000811765</NSF_ID>
<StartDate>04/16/2021</StartDate>
<EndDate/>
<RoleCode>Principal Investigator</RoleCode>
</Investigator>
<Institution>
<Name>Morgan State University</Name>
<CityName>BALTIMORE</CityName>
<ZipCode>212510001</ZipCode>
<PhoneNumber>4438853200</PhoneNumber>
<StreetAddress>1700 E COLD SPRING LN</StreetAddress>
<StreetAddress2/>
<CountryName>United States</CountryName>
<StateName>Maryland</StateName>
<StateCode>MD</StateCode>
<CONGRESSDISTRICT>07</CONGRESSDISTRICT>
<CONGRESS_DISTRICT_ORG>MD07</CONGRESS_DISTRICT_ORG>
<ORG_UEI_NUM>KULSKCCZJT27</ORG_UEI_NUM>
<ORG_LGL_BUS_NAME>MORGAN STATE UNIVERSITY</ORG_LGL_BUS_NAME>
<ORG_PRNT_UEI_NUM>KULSKCCZJT27</ORG_PRNT_UEI_NUM>
</Institution>
<Performance_Institution>
<Name><![CDATA[Morgan State University]]></Name>
<CityName>Baltimore</CityName>
<StateCode>MD</StateCode>
<ZipCode>212510002</ZipCode>
<StreetAddress><![CDATA[1700 Cold Spring Lane]]></StreetAddress>
<CountryCode>US</CountryCode>
<CountryName>United States</CountryName>
<StateName>Maryland</StateName>
<CountryFlag>1</CountryFlag>
<CONGRESSDISTRICT>07</CONGRESSDISTRICT>
<CONGRESS_DISTRICT_PERF>MD07</CONGRESS_DISTRICT_PERF>
</Performance_Institution>
<ProgramElement>
<Code>1594</Code>
<Text>Hist Black Colleges and Univ</Text>
</ProgramElement>
<ProgramReference>
<Code>9178</Code>
<Text>UNDERGRADUATE EDUCATION</Text>
</ProgramReference>
<Appropriation>
<Code>0421</Code>
<Name>NSF Education &amp; Human Resource</Name>
<APP_SYMB_ID>040106</APP_SYMB_ID>
</Appropriation>
<Fund>
<Code>04002122DB</Code>
<Name><![CDATA[NSF Education & Human Resource]]></Name>
<FUND_SYMB_ID>040106</FUND_SYMB_ID>
</Fund>
<FUND_OBLG>2021~299999</FUND_OBLG>
</Award>
</rootTag>
