<?xml version="1.0" encoding="UTF-8"?>
<rootTag>
<Award>
<AwardTitle>Supporting high school students and teachers with a digital, localizable, climate education experience</AwardTitle>
<AGENCY>NSF</AGENCY>
<AwardEffectiveDate>07/01/2021</AwardEffectiveDate>
<AwardExpirationDate>06/30/2025</AwardExpirationDate>
<AwardTotalIntnAmount>2849726.00</AwardTotalIntnAmount>
<AwardAmount>1562414</AwardAmount>
<AwardInstrument>
<Value>Continuing Grant</Value>
</AwardInstrument>
<Organization>
<Code>11090000</Code>
<Directorate>
<Abbreviation>EHR</Abbreviation>
<LongName>Direct For Education and Human Resources</LongName>
</Directorate>
<Division>
<Abbreviation>DRL</Abbreviation>
<LongName>Division Of Research On Learning</LongName>
</Division>
</Organization>
<ProgramOfficer>
<SignBlockName>Gavin Fulmer</SignBlockName>
<PO_EMAI>gfulmer@nsf.gov</PO_EMAI>
<PO_PHON>7032925182</PO_PHON>
</ProgramOfficer>
<AbstractNarration>Teachers regularly adapt curriculum materials to localize for their school or community context, yet curriculum materials are not always created to support this localization. Developing materials that are intentionally designed for localization has potential to support rich science learning across different contexts, especially for a topic like climate change where global change can have varied local effects. This partnership of BSCS Science Learning, Oregon Public Broadcasting, and the National Oceanic and Atmospheric Administration advances curriculum materials development for high quality units that are intentionally designed for adaptation by teachers for their local context. It will develop and test a design process bringing together national designers and teachers across the country. Teachers will be supported through professional learning to adapt from the base unit to create a local learning experience for their students. The project will create a base unit on carbon cycling as a foundation for understanding how and why the Earth's climate is changing, and it will study the process of localizing the unit for teachers to implement across varied contexts to incorporate local phenomena, problems, and solutions. The unit will be fully digital with rich visual experiences, simulations, and computer models that incorporate real-time data and the addition of localized data sets. These data-based learning experiences will support students in reasoning with data to ask and answer questions about phenomena. Research will study the unit development and localization process, the supports appropriate for teachers and students, and the impact on classroom practice.&lt;br/&gt;&lt;br/&gt;The project will adopt an iterative design process to create a Storyline base unit, aligned to Next Generation Science Standards, for localization, piloting, and an implementation study with 40 teachers. To support teacher learning, the project adopts the STeLLA teacher professional learning model. To support student learning, the project addresses climate change content knowledge with a focus on socioscientific issues and students’ sense of agency with environmental science. The project will research how the educative features in the unit and the professional development impact teachers’ practice, including their content knowledge, comfort for teaching a socioscientific issue, and their ability to productively localize materials from a base unit. The study uses a cohort-control quasi-experimental design to examine the impact of the unit and professional learning experience on dimensions of students' sense of agency with environmental science. The study will also include exploratory analyses to examine whether all students benefit from the unit. It uses a pre-post design to examine impacts on teacher knowledge and practice.&lt;br/&gt;&lt;br/&gt;The Discovery Research preK-12 program (DRK-12) seeks to significantly enhance the learning and teaching of science, technology, engineering and mathematics (STEM) by preK-12 students and teachers, through research and development of innovative resources, models and tools. Projects in the DRK-12 program build on fundamental research in STEM education and prior research and development efforts that provide theoretical and empirical justification for proposed projects.&lt;br/&gt;&lt;br/&gt;This award reflects NSF's statutory mission and has been deemed worthy of support through evaluation using the Foundation's intellectual merit and broader impacts review criteria.</AbstractNarration>
<MinAmdLetterDate>04/22/2021</MinAmdLetterDate>
<MaxAmdLetterDate>04/22/2021</MaxAmdLetterDate>
<ARRAAmount/>
<TRAN_TYPE>Grant</TRAN_TYPE>
<CFDA_NUM>47.076</CFDA_NUM>
<NSF_PAR_USE_FLAG>1</NSF_PAR_USE_FLAG>
<FUND_AGCY_CODE>4900</FUND_AGCY_CODE>
<AWDG_AGCY_CODE>4900</AWDG_AGCY_CODE>
<AwardID>2100808</AwardID>
<Investigator>
<FirstName>Catherine</FirstName>
<LastName>Stimac</LastName>
<PI_MID_INIT/>
<PI_SUFX_NAME/>
<PI_FULL_NAME>Catherine Stimac</PI_FULL_NAME>
<EmailAddress>cstimac@opb.org</EmailAddress>
<PI_PHON>5032934800</PI_PHON>
<NSF_ID>000661226</NSF_ID>
<StartDate>04/22/2021</StartDate>
<EndDate/>
<RoleCode>Co-Principal Investigator</RoleCode>
</Investigator>
<Investigator>
<FirstName>Lindsey</FirstName>
<LastName>Mohan</LastName>
<PI_MID_INIT/>
<PI_SUFX_NAME/>
<PI_FULL_NAME>Lindsey Mohan</PI_FULL_NAME>
<EmailAddress>lmohan@bscs.org</EmailAddress>
<PI_PHON>7195315550</PI_PHON>
<NSF_ID>000756522</NSF_ID>
<StartDate>04/22/2021</StartDate>
<EndDate/>
<RoleCode>Principal Investigator</RoleCode>
</Investigator>
<Investigator>
<FirstName>Emily</FirstName>
<LastName>Harris</LastName>
<PI_MID_INIT>M</PI_MID_INIT>
<PI_SUFX_NAME/>
<PI_FULL_NAME>Emily M Harris</PI_FULL_NAME>
<EmailAddress>eharris@bscs.org</EmailAddress>
<PI_PHON>5104095014</PI_PHON>
<NSF_ID>000791778</NSF_ID>
<StartDate>04/22/2021</StartDate>
<EndDate/>
<RoleCode>Co-Principal Investigator</RoleCode>
</Investigator>
<Investigator>
<FirstName>Frank</FirstName>
<LastName>Niepold</LastName>
<PI_MID_INIT/>
<PI_SUFX_NAME>III</PI_SUFX_NAME>
<PI_FULL_NAME>Frank Niepold</PI_FULL_NAME>
<EmailAddress>frank.niepold@noaa.gov</EmailAddress>
<PI_PHON>2404290699</PI_PHON>
<NSF_ID>000839797</NSF_ID>
<StartDate>04/22/2021</StartDate>
<EndDate/>
<RoleCode>Co-Principal Investigator</RoleCode>
</Investigator>
<Institution>
<Name>BSCS Science Learning</Name>
<CityName>COLORADO SPRINGS</CityName>
<ZipCode>809183842</ZipCode>
<PhoneNumber>7195315550</PhoneNumber>
<StreetAddress>5415 MARK DABLING BLVD</StreetAddress>
<StreetAddress2/>
<CountryName>United States</CountryName>
<StateName>Colorado</StateName>
<StateCode>CO</StateCode>
<CONGRESSDISTRICT>05</CONGRESSDISTRICT>
<CONGRESS_DISTRICT_ORG>CO05</CONGRESS_DISTRICT_ORG>
<ORG_UEI_NUM>DA1EFNZJ5D29</ORG_UEI_NUM>
<ORG_LGL_BUS_NAME>BSCS SCIENCE LEARNING</ORG_LGL_BUS_NAME>
<ORG_PRNT_UEI_NUM/>
</Institution>
<Performance_Institution>
<Name><![CDATA[BSCS Science Learning]]></Name>
<CityName>COLORADO SPRINGS</CityName>
<StateCode>CO</StateCode>
<ZipCode>809183842</ZipCode>
<StreetAddress><![CDATA[5415 Mark Dabling Boulevard]]></StreetAddress>
<CountryCode>US</CountryCode>
<CountryName>United States</CountryName>
<StateName>Colorado</StateName>
<CountryFlag>1</CountryFlag>
<CONGRESSDISTRICT>05</CONGRESSDISTRICT>
<CONGRESS_DISTRICT_PERF>CO05</CONGRESS_DISTRICT_PERF>
</Performance_Institution>
<ProgramElement>
<Code>7645</Code>
<Text>Discovery Research K-12</Text>
</ProgramElement>
<ProgramReference>
<Code>8212</Code>
<Text>Broaden Particip STEM Resrch</Text>
</ProgramReference>
<ProgramReference>
<Code>8817</Code>
<Text>STEM Learning &amp; Learning Environments</Text>
</ProgramReference>
<Appropriation>
<Code>0421</Code>
<Name>NSF Education &amp; Human Resource</Name>
<APP_SYMB_ID>040106</APP_SYMB_ID>
</Appropriation>
<Fund>
<Code>04002122DB</Code>
<Name><![CDATA[NSF Education & Human Resource]]></Name>
<FUND_SYMB_ID>040106</FUND_SYMB_ID>
</Fund>
<FUND_OBLG>2021~1562414</FUND_OBLG>
</Award>
</rootTag>
