<?xml version="1.0" encoding="UTF-8"?>
<rootTag>
<Award>
<AwardTitle>CIF: Small: Learning To Correct Errors</AwardTitle>
<AGENCY>NSF</AGENCY>
<AwardEffectiveDate>10/01/2021</AwardEffectiveDate>
<AwardExpirationDate>09/30/2024</AwardExpirationDate>
<AwardTotalIntnAmount>491424.00</AwardTotalIntnAmount>
<AwardAmount>491424</AwardAmount>
<AwardInstrument>
<Value>Standard Grant</Value>
</AwardInstrument>
<Organization>
<Code>05010000</Code>
<Directorate>
<Abbreviation>CSE</Abbreviation>
<LongName>Direct For Computer &amp; Info Scie &amp; Enginr</LongName>
</Directorate>
<Division>
<Abbreviation>CCF</Abbreviation>
<LongName>Division of Computing and Communication Foundations</LongName>
</Division>
</Organization>
<ProgramOfficer>
<SignBlockName>Phillip Regalia</SignBlockName>
<PO_EMAI>pregalia@nsf.gov</PO_EMAI>
<PO_PHON>7032922981</PO_PHON>
</ProgramOfficer>
<AbstractNarration>Error-correcting codes play an essential role in ensuring integrity of data in numerous applications, including wireless communications, computer networks and data storage. The beauty of error-correcting codes and elegance of their decoding algorithms reflect the rich structure of the underlying mathematical objects, but also human creativity and ingenuity. Motivated by recent successes of Deep Neural Networks (DNN) in various applications, this project is investigating if, how, and how efficiently this structure and elegance can be learned by a machine, and how the discovery of new and improved decoding algorithms can be automated. The project is devising parallelizable neural network based decoders with ultra-low latency and improved error performance. The resulting decoders are intended to find broad applicability in emerging wireless standards (5G and beyond) as well as new applications including decoding for quantum computers, machine-to-machine communications, long-haul optical communications and flash memories in data centers.&lt;br/&gt;&lt;br/&gt;This project approaches the error-correction problem as classification of the points in a high-dimensional signal space, and uses DNNs to learn complex codeword decision region boundaries to approach the maximum-likelihood decoding performance. The project addresses two key practical challenges: a) achieving extremely low misclassification rates (many orders of magnitude lower) compared to traditional machine learning applications, and b) maintaining low-complexity of decoding via sparse and quantized neural networks. The first thrust utilizes coding-theory domain knowledge, and harnesses the structural similarities between iterative decoders and neural networks for improved learning of decoders. This is achieved by using sampled error patterns from iterative decoding algorithms for stochastic optimization of neural-network decoders. The second thrust focuses on using a new supervised approach for learning decoders, in which existing high-complexity decoders are employed to synthesize a low-complexity neural-network-based decoder with comparable performance. The third thrust establishes theoretical results on the generalization capabilities of neural-network-based decoders (including convergence rates and error performance). This research is providing multi-faceted insight into modern error-correction algorithms and machine learning, and should lead to both theoretical and practical advances of importance to the communications and computer industry.&lt;br/&gt;&lt;br/&gt;This award reflects NSF's statutory mission and has been deemed worthy of support through evaluation using the Foundation's intellectual merit and broader impacts review criteria.</AbstractNarration>
<MinAmdLetterDate>05/06/2021</MinAmdLetterDate>
<MaxAmdLetterDate>05/06/2021</MaxAmdLetterDate>
<ARRAAmount/>
<TRAN_TYPE>Grant</TRAN_TYPE>
<CFDA_NUM>47.070</CFDA_NUM>
<NSF_PAR_USE_FLAG>1</NSF_PAR_USE_FLAG>
<FUND_AGCY_CODE>4900</FUND_AGCY_CODE>
<AWDG_AGCY_CODE>4900</AWDG_AGCY_CODE>
<AwardID>2100013</AwardID>
<Investigator>
<FirstName>Bane</FirstName>
<LastName>Vasic</LastName>
<PI_MID_INIT/>
<PI_SUFX_NAME/>
<PI_FULL_NAME>Bane Vasic</PI_FULL_NAME>
<EmailAddress>vasic@ece.arizona.edu</EmailAddress>
<PI_PHON>5206265550</PI_PHON>
<NSF_ID>000178000</NSF_ID>
<StartDate>05/06/2021</StartDate>
<EndDate/>
<RoleCode>Principal Investigator</RoleCode>
</Investigator>
<Investigator>
<FirstName>Ravi</FirstName>
<LastName>Tandon</LastName>
<PI_MID_INIT/>
<PI_SUFX_NAME/>
<PI_FULL_NAME>Ravi Tandon</PI_FULL_NAME>
<EmailAddress>tandonr@email.arizona.edu</EmailAddress>
<PI_PHON>2403380118</PI_PHON>
<NSF_ID>000645715</NSF_ID>
<StartDate>05/06/2021</StartDate>
<EndDate/>
<RoleCode>Co-Principal Investigator</RoleCode>
</Investigator>
<Institution>
<Name>University of Arizona</Name>
<CityName>TUCSON</CityName>
<ZipCode>857194824</ZipCode>
<PhoneNumber>5206266000</PhoneNumber>
<StreetAddress>888 N EUCLID AVE RM 510</StreetAddress>
<StreetAddress2/>
<CountryName>United States</CountryName>
<StateName>Arizona</StateName>
<StateCode>AZ</StateCode>
<CONGRESSDISTRICT>03</CONGRESSDISTRICT>
<CONGRESS_DISTRICT_ORG>AZ03</CONGRESS_DISTRICT_ORG>
<ORG_UEI_NUM>ED44Y3W6P7B9</ORG_UEI_NUM>
<ORG_LGL_BUS_NAME>UNIVERSITY OF ARIZONA</ORG_LGL_BUS_NAME>
<ORG_PRNT_UEI_NUM>RC5JBKFSQPM6</ORG_PRNT_UEI_NUM>
</Institution>
<Performance_Institution>
<Name><![CDATA[University of Arizona]]></Name>
<CityName>Tucson</CityName>
<StateCode>AZ</StateCode>
<ZipCode>857210104</ZipCode>
<StreetAddress><![CDATA[1230 E. Speedway]]></StreetAddress>
<CountryCode>US</CountryCode>
<CountryName>United States</CountryName>
<StateName>Arizona</StateName>
<CountryFlag>1</CountryFlag>
<CONGRESSDISTRICT>03</CONGRESSDISTRICT>
<CONGRESS_DISTRICT_PERF>AZ03</CONGRESS_DISTRICT_PERF>
</Performance_Institution>
<ProgramElement>
<Code>7797</Code>
<Text>Comm &amp; Information Foundations</Text>
</ProgramElement>
<ProgramReference>
<Code>7923</Code>
<Text>SMALL PROJECT</Text>
</ProgramReference>
<ProgramReference>
<Code>7935</Code>
<Text>COMM &amp; INFORMATION THEORY</Text>
</ProgramReference>
<ProgramReference>
<Code>7936</Code>
<Text>SIGNAL PROCESSING</Text>
</ProgramReference>
<Appropriation>
<Code>0121</Code>
<Name>NSF RESEARCH &amp; RELATED ACTIVIT</Name>
<APP_SYMB_ID>040100</APP_SYMB_ID>
</Appropriation>
<Fund>
<Code>01002122DB</Code>
<Name><![CDATA[NSF RESEARCH & RELATED ACTIVIT]]></Name>
<FUND_SYMB_ID>040100</FUND_SYMB_ID>
</Fund>
<FUND_OBLG>2021~491424</FUND_OBLG>
</Award>
</rootTag>
