<?xml version="1.0" encoding="UTF-8"?>
<rootTag>
<Award>
<AwardTitle><![CDATA[Catalyst Project: Microbial trophic complexity in waterbodies: elucidating the role of algal-microbiome-nutrient interactions in harmful algal bloom formation]]></AwardTitle>
<AGENCY>NSF</AGENCY>
<AwardEffectiveDate>06/15/2021</AwardEffectiveDate>
<AwardExpirationDate>05/31/2023</AwardExpirationDate>
<AwardTotalIntnAmount>150000.00</AwardTotalIntnAmount>
<AwardAmount>150000</AwardAmount>
<AwardInstrument>
<Value>Standard Grant</Value>
</AwardInstrument>
<Organization>
<Code>11060000</Code>
<Directorate>
<Abbreviation>EHR</Abbreviation>
<LongName>Direct For Education and Human Resources</LongName>
</Directorate>
<Division>
<Abbreviation>HRD</Abbreviation>
<LongName>Division Of Human Resource Development</LongName>
</Division>
</Organization>
<ProgramOfficer>
<SignBlockName>Carleitta Paige-Anderson</SignBlockName>
<PO_EMAI>cpaigean@nsf.gov</PO_EMAI>
<PO_PHON>7032922816</PO_PHON>
</ProgramOfficer>
<AbstractNarration><![CDATA[Catalyst Projects provide support for Historically Black Colleges and Universities to work towards establishing the research capacity of faculty to strengthen science, technology, engineering, and mathematics undergraduate education and research. It is expected that the award will further the faculty member's research capability, improve research and teaching at the institution, and involve undergraduate students in research experiences. This project at Alabama State University intends to investigate the role of microbial (bacteria, protists, algae) diversity and nutrient enrichment in the formation of Harmful Algal Blooms (HAB) in collaboration with researchers at Auburn University. The project will contribute to efforts aimed at establishing an active research and training program in microbial ecology for educating and mentoring minority students.&lt;br/&gt;&lt;br/&gt;Aquatic microbial biodiversity and trophic complexity represent a diverse set of prokaryotic and eukaryotic microbes. The role of aquatic microbes in reducing nutrient loads (via nutrient assimilation or cycling) and controlling other invasive or harmful microbial species such as Microcystis spp., is acknowledged, though less explored. This project will mechanistically test the role of nutrient inputs and microbial biodiversity in the survival of Microcystis spp., and HAB formation in lab and field experiments using multi-omics approaches. The results from this project may contribute to a broader understanding of microbial factors underlying HAB formation and control in waterbodies.  Overall, the proposed research may help us develop strategies aimed at predicting and controlling HABs in the context of microbiome biodiversity and ecosystem functioning research.&lt;br/&gt;&lt;br/&gt;This award reflects NSF's statutory mission and has been deemed worthy of support through evaluation using the Foundation's intellectual merit and broader impacts review criteria.]]></AbstractNarration>
<MinAmdLetterDate>06/16/2021</MinAmdLetterDate>
<MaxAmdLetterDate>06/16/2021</MaxAmdLetterDate>
<ARRAAmount/>
<TRAN_TYPE>Grant</TRAN_TYPE>
<CFDA_NUM>47.076</CFDA_NUM>
<NSF_PAR_USE_FLAG>1</NSF_PAR_USE_FLAG>
<FUND_AGCY_CODE>4900</FUND_AGCY_CODE>
<AWDG_AGCY_CODE>4900</AWDG_AGCY_CODE>
<AwardID>2100777</AwardID>
<Investigator>
<FirstName>Muhammad</FirstName>
<LastName>Saleem</LastName>
<PI_MID_INIT/>
<PI_SUFX_NAME/>
<PI_FULL_NAME>Muhammad Saleem</PI_FULL_NAME>
<EmailAddress><![CDATA[msaleem@alasu.edu]]></EmailAddress>
<NSF_ID>000805569</NSF_ID>
<StartDate>06/16/2021</StartDate>
<EndDate/>
<RoleCode>Principal Investigator</RoleCode>
</Investigator>
<Institution>
<Name>Alabama State University</Name>
<CityName>MONTGOMERY</CityName>
<ZipCode>361045732</ZipCode>
<PhoneNumber>3342294243</PhoneNumber>
<StreetAddress>915 S JACKSON ST</StreetAddress>
<StreetAddress2/>
<CountryName>United States</CountryName>
<StateName>Alabama</StateName>
<StateCode>AL</StateCode>
<CONGRESSDISTRICT>07</CONGRESSDISTRICT>
<CONGRESS_DISTRICT_ORG>AL07</CONGRESS_DISTRICT_ORG>
<ORG_UEI_NUM>DLJWLMSNK627</ORG_UEI_NUM>
<ORG_LGL_BUS_NAME>ALABAMA STATE UNIVERSITY (INC)</ORG_LGL_BUS_NAME>
<ORG_PRNT_UEI_NUM>DLJWLMSNK627</ORG_PRNT_UEI_NUM>
</Institution>
<Performance_Institution>
<Name><![CDATA[Alabama State University]]></Name>
<CityName>Montgomery</CityName>
<StateCode>AL</StateCode>
<ZipCode>361010271</ZipCode>
<StreetAddress><![CDATA[915 Jackson Str]]></StreetAddress>
<CountryCode>US</CountryCode>
<CountryName>United States</CountryName>
<StateName>Alabama</StateName>
<CountryFlag>1</CountryFlag>
<CONGRESSDISTRICT>02</CONGRESSDISTRICT>
<CONGRESS_DISTRICT_PERF>AL02</CONGRESS_DISTRICT_PERF>
</Performance_Institution>
<ProgramElement>
<Code>1594</Code>
<Text>Hist Black Colleges and Univ</Text>
</ProgramElement>
<ProgramReference>
<Code>9150</Code>
<Text>EXP PROG TO STIM COMP RES</Text>
</ProgramReference>
<ProgramReference>
<Code>9178</Code>
<Text>UNDERGRADUATE EDUCATION</Text>
</ProgramReference>
<Appropriation>
<Code>0421</Code>
<Name>NSF Education &amp; Human Resource</Name>
<APP_SYMB_ID>040106</APP_SYMB_ID>
</Appropriation>
<Fund>
<Code>04002122DB</Code>
<Name><![CDATA[NSF Education & Human Resource]]></Name>
<FUND_SYMB_ID>040106</FUND_SYMB_ID>
</Fund>
<FUND_OBLG>2021~150000</FUND_OBLG>
</Award>
</rootTag>
