<?xml version="1.0" encoding="UTF-8"?>
<rootTag>
<Award>
<AwardTitle>Automorphic Forms on Reductive Groups and Their Covers</AwardTitle>
<AGENCY>NSF</AGENCY>
<AwardEffectiveDate>07/15/2021</AwardEffectiveDate>
<AwardExpirationDate>06/30/2024</AwardExpirationDate>
<AwardTotalIntnAmount>309000.00</AwardTotalIntnAmount>
<AwardAmount>206000</AwardAmount>
<AwardInstrument>
<Value>Continuing Grant</Value>
</AwardInstrument>
<Organization>
<Code>03040000</Code>
<Directorate>
<Abbreviation>MPS</Abbreviation>
<LongName>Direct For Mathematical &amp; Physical Scien</LongName>
</Directorate>
<Division>
<Abbreviation>DMS</Abbreviation>
<LongName>Division Of Mathematical Sciences</LongName>
</Division>
</Organization>
<ProgramOfficer>
<SignBlockName>Andrew Pollington</SignBlockName>
<PO_EMAI>adpollin@nsf.gov</PO_EMAI>
<PO_PHON>7032924878</PO_PHON>
</ProgramOfficer>
<AbstractNarration>This research project studies functions arising in number theory that exhibit special symmetry properties under transformations, called automorphic forms. Some of these functions have coefficients that encode important information in arithmetic, and some have recently been connected to aspects of string theory in physics.  The fundamental Langlands Functoriality Conjectures predict subtle relations between different spaces of automorphic forms, a structure that is closely related to many questions in number theory and analysis.  This research project focuses on establishing properties of automorphic forms and new connections between different spaces of automorphic forms.  The project will also support a graduate student and allow the PI and his students to disseminate the work through conferences and seminars.&lt;br/&gt;&lt;br/&gt;This project treats automorphic forms and representations on reductive groups and on their metaplectic covers of arbitrary degree. Automorphic forms on reductive groups are the key ingredients of the Langlands Program, and automorphic forms on covers are closely tied to reciprocity laws and related to the congruence subgroup problem. The research focuses on correspondences and on L-functions. In one series of projects, the principal investigator will develop and study new theta correspondences that generalize the classical theta correspondence but involve the tensor product of two small representations.  A second project seeks to give a new Shimura correspondence that is detected by a period involving a theta function on an orthogonal group. This will be established by means of a new relative trace formula. A third set of projects concerns the systematic development of integral representations for L-functions which make use of the residual spectrum. These projects will advance our knowledge of automorphic forms, both on reductive groups and on finite degree covers, our understanding of small automorphic representations, and our understanding of the relations between automorphic forms on different groups.  It will advance our knowledge of number theory and of representation theory.&lt;br/&gt;&lt;br/&gt;This award reflects NSF's statutory mission and has been deemed worthy of support through evaluation using the Foundation's intellectual merit and broader impacts review criteria.</AbstractNarration>
<MinAmdLetterDate>04/05/2021</MinAmdLetterDate>
<MaxAmdLetterDate>04/28/2022</MaxAmdLetterDate>
<ARRAAmount/>
<TRAN_TYPE>Grant</TRAN_TYPE>
<CFDA_NUM>47.049</CFDA_NUM>
<NSF_PAR_USE_FLAG>1</NSF_PAR_USE_FLAG>
<FUND_AGCY_CODE>4900</FUND_AGCY_CODE>
<AWDG_AGCY_CODE>4900</AWDG_AGCY_CODE>
<AwardID>2100206</AwardID>
<Investigator>
<FirstName>Solomon</FirstName>
<LastName>Friedberg</LastName>
<PI_MID_INIT/>
<PI_SUFX_NAME/>
<PI_FULL_NAME>Solomon Friedberg</PI_FULL_NAME>
<EmailAddress>friedber@bc.edu</EmailAddress>
<PI_PHON>6175523002</PI_PHON>
<NSF_ID>000462876</NSF_ID>
<StartDate>04/05/2021</StartDate>
<EndDate/>
<RoleCode>Principal Investigator</RoleCode>
</Investigator>
<Institution>
<Name>Boston College</Name>
<CityName>CHESTNUT HILL</CityName>
<ZipCode>024673800</ZipCode>
<PhoneNumber>6175528000</PhoneNumber>
<StreetAddress>140 COMMONWEALTH AVE</StreetAddress>
<StreetAddress2/>
<CountryName>United States</CountryName>
<StateName>Massachusetts</StateName>
<StateCode>MA</StateCode>
<CONGRESSDISTRICT>04</CONGRESSDISTRICT>
<CONGRESS_DISTRICT_ORG>MA04</CONGRESS_DISTRICT_ORG>
<ORG_UEI_NUM>MJ3JH8CRJBZ7</ORG_UEI_NUM>
<ORG_LGL_BUS_NAME>TRUSTEES OF BOSTON COLLEGE</ORG_LGL_BUS_NAME>
<ORG_PRNT_UEI_NUM>MJ3JH8CRJBZ7</ORG_PRNT_UEI_NUM>
</Institution>
<Performance_Institution>
<Name><![CDATA[Boston College]]></Name>
<CityName>Chestnut Hill</CityName>
<StateCode>MA</StateCode>
<ZipCode>024673800</ZipCode>
<StreetAddress><![CDATA[140 Commonwealth Avenue]]></StreetAddress>
<CountryCode>US</CountryCode>
<CountryName>United States</CountryName>
<StateName>Massachusetts</StateName>
<CountryFlag>1</CountryFlag>
<CONGRESSDISTRICT>04</CONGRESSDISTRICT>
<CONGRESS_DISTRICT_PERF>MA04</CONGRESS_DISTRICT_PERF>
</Performance_Institution>
<ProgramElement>
<Code>1264</Code>
<Text>ALGEBRA,NUMBER THEORY,AND COM</Text>
</ProgramElement>
<FUND_OBLG>2021~103000</FUND_OBLG>
<FUND_OBLG>2022~103000</FUND_OBLG>
</Award>
</rootTag>
