<?xml version="1.0" encoding="UTF-8"?>
<rootTag>
<Award>
<AwardTitle>Increasing Diversity in the Cybersecurity Talent Pool through Cyber Camps and Competitions</AwardTitle>
<AGENCY>NSF</AGENCY>
<AwardEffectiveDate>10/01/2021</AwardEffectiveDate>
<AwardExpirationDate>09/30/2024</AwardExpirationDate>
<AwardTotalIntnAmount>545733.00</AwardTotalIntnAmount>
<AwardAmount>545733</AwardAmount>
<AwardInstrument>
<Value>Standard Grant</Value>
</AwardInstrument>
<Organization>
<Code>11040100</Code>
<Directorate>
<Abbreviation>EHR</Abbreviation>
<LongName>Direct For Education and Human Resources</LongName>
</Directorate>
<Division>
<Abbreviation>DUE</Abbreviation>
<LongName>Division Of Undergraduate Education</LongName>
</Division>
</Organization>
<ProgramOfficer>
<SignBlockName>Paul Tymann</SignBlockName>
<PO_EMAI>ptymann@nsf.gov</PO_EMAI>
<PO_PHON>7032922832</PO_PHON>
</ProgramOfficer>
<AbstractNarration>This project addresses the well-documented need for skilled cybersecurity technicians in the Bay Area. Unmet demand for cybersecurity professionals keeps growing in the region and projections indicate that by 2022 there will be over 180,000 jobs for the Cybersecurity/Information Communication Technology (ICT) sector in the Bay Area, many of which will go unfilled. To help meet this demand, this project aims to increase the number of high school and community college students pursuing and completing a certificate of achievement or an associate degree in ICT from a Bay Area community college. To generate and maintain interest, the project team will engage students and teachers in an innovative year-long cybersecurity competition pathway program beginning with summer Cyber Camps and continuing with year-long activities and competitions. Two goals will guide the project team's efforts. First is to use the summer cyber camps and competitions to increase student access to and learning within an ICT program of study with a Bay Area community college. Second is to address the local need for more and better prepared high school and community college teachers in ICT.&lt;br/&gt;&lt;br/&gt;The Contra Costa Community College District will leverage this project to increase the number of high school and community college students pursuing post-secondary education and eventually joining the cybersecurity workforce. Community college students will serve as Student Technical Mentors, gaining experience providing problem solving and technical support to the high school and community college competition teams, reinforcing their own understanding of cybersecurity concepts, and preparing them for entry-level technician jobs in ICT/cybersecurity. The project design will be of interest to other institutions and the project's documentation and implementation guide will allow schools to adopt and adapt a cyber camp and competitions program either as a supplemental after-school-program or one that is integral with a school’s existing computer career pathways. The formative and summative evaluation of the project will make use of qualitative and quantitative data to ensure that the project remains on track and is meeting the stated goals. This project is funded by the Advanced Technological Education program that focuses on the education of technicians for the advanced-technology fields that drive the nation's economy.&lt;br/&gt;&lt;br/&gt;This award reflects NSF's statutory mission and has been deemed worthy of support through evaluation using the Foundation's intellectual merit and broader impacts review criteria.</AbstractNarration>
<MinAmdLetterDate>07/16/2021</MinAmdLetterDate>
<MaxAmdLetterDate>07/16/2021</MaxAmdLetterDate>
<ARRAAmount/>
<TRAN_TYPE>Grant</TRAN_TYPE>
<CFDA_NUM>47.076</CFDA_NUM>
<NSF_PAR_USE_FLAG>1</NSF_PAR_USE_FLAG>
<FUND_AGCY_CODE>4900</FUND_AGCY_CODE>
<AWDG_AGCY_CODE>4900</AWDG_AGCY_CODE>
<AwardID>2100121</AwardID>
<Investigator>
<FirstName>Irvin</FirstName>
<LastName>Lemus</LastName>
<PI_MID_INIT>B</PI_MID_INIT>
<PI_SUFX_NAME/>
<PI_FULL_NAME>Irvin B Lemus</PI_FULL_NAME>
<EmailAddress>irvin.lemus@wastc.org</EmailAddress>
<PI_PHON>8314796296</PI_PHON>
<NSF_ID>000789319</NSF_ID>
<StartDate>07/16/2021</StartDate>
<EndDate/>
<RoleCode>Co-Principal Investigator</RoleCode>
</Investigator>
<Investigator>
<FirstName>Richard</FirstName>
<LastName>Grotegut</LastName>
<PI_MID_INIT>L</PI_MID_INIT>
<PI_SUFX_NAME/>
<PI_FULL_NAME>Richard L Grotegut</PI_FULL_NAME>
<EmailAddress>rgrotegut@gmail.com</EmailAddress>
<PI_PHON>9253548785</PI_PHON>
<NSF_ID>000834754</NSF_ID>
<StartDate>07/16/2021</StartDate>
<EndDate/>
<RoleCode>Principal Investigator</RoleCode>
</Investigator>
<Investigator>
<FirstName>Denise</FirstName>
<LastName>Moss</LastName>
<PI_MID_INIT/>
<PI_SUFX_NAME/>
<PI_FULL_NAME>Denise Moss</PI_FULL_NAME>
<EmailAddress>denise.moss.ed@gmail.com</EmailAddress>
<PI_PHON>8313201214</PI_PHON>
<NSF_ID>000830829</NSF_ID>
<StartDate>07/16/2021</StartDate>
<EndDate/>
<RoleCode>Co-Principal Investigator</RoleCode>
</Investigator>
<Investigator>
<FirstName>Bijan</FirstName>
<LastName>Houshiar</LastName>
<PI_MID_INIT/>
<PI_SUFX_NAME/>
<PI_FULL_NAME>Bijan Houshiar</PI_FULL_NAME>
<EmailAddress>bhoushiar@dvc.edu</EmailAddress>
<PI_PHON>7143094536</PI_PHON>
<NSF_ID>000838319</NSF_ID>
<StartDate>07/16/2021</StartDate>
<EndDate/>
<RoleCode>Co-Principal Investigator</RoleCode>
</Investigator>
<Institution>
<Name>Contra Costa Community College District</Name>
<CityName>MARTINEZ</CityName>
<ZipCode>945531203</ZipCode>
<PhoneNumber>9252296946</PhoneNumber>
<StreetAddress>500 COURT ST FL 1</StreetAddress>
<StreetAddress2/>
<CountryName>United States</CountryName>
<StateName>California</StateName>
<StateCode>CA</StateCode>
<CONGRESSDISTRICT>05</CONGRESSDISTRICT>
<CONGRESS_DISTRICT_ORG>CA05</CONGRESS_DISTRICT_ORG>
<ORG_UEI_NUM>HBK8SBCQJ8X5</ORG_UEI_NUM>
<ORG_LGL_BUS_NAME>CONTRA COSTA COMMUNITY COLLEGE DISTRICT</ORG_LGL_BUS_NAME>
<ORG_PRNT_UEI_NUM>XKMNNKKK4NC5</ORG_PRNT_UEI_NUM>
</Institution>
<Performance_Institution>
<Name><![CDATA[Contra Costa Community College District]]></Name>
<CityName/>
<StateCode>CA</StateCode>
<ZipCode>945531200</ZipCode>
<StreetAddress/>
<CountryCode>US</CountryCode>
<CountryName>United States</CountryName>
<StateName>California</StateName>
<CountryFlag>1</CountryFlag>
<CONGRESSDISTRICT>05</CONGRESSDISTRICT>
<CONGRESS_DISTRICT_PERF>CA05</CONGRESS_DISTRICT_PERF>
</Performance_Institution>
<ProgramElement>
<Code>7412</Code>
<Text>Advanced Tech Education Prog</Text>
</ProgramElement>
<ProgramReference>
<Code>102Z</Code>
<Text>COVID-Disproportionate Impcts Inst-Indiv</Text>
</ProgramReference>
<ProgramReference>
<Code>1032</Code>
<Text>ADVANCED TECHNOLOGY EDUCATION</Text>
</ProgramReference>
<ProgramReference>
<Code>9178</Code>
<Text>UNDERGRADUATE EDUCATION</Text>
</ProgramReference>
<ProgramReference>
<Code>SMET</Code>
<Text>SCIENCE, MATH, ENG &amp; TECH EDUCATION</Text>
</ProgramReference>
<Appropriation>
<Code>0421</Code>
<Name>NSF Education &amp; Human Resource</Name>
<APP_SYMB_ID>040106</APP_SYMB_ID>
</Appropriation>
<Fund>
<Code>04002122DB</Code>
<Name><![CDATA[NSF Education & Human Resource]]></Name>
<FUND_SYMB_ID>040106</FUND_SYMB_ID>
</Fund>
<FUND_OBLG>2021~545733</FUND_OBLG>
</Award>
</rootTag>
