<?xml version="1.0" encoding="UTF-8"?>
<rootTag>
<Award>
<AwardTitle>Building Southeastern Pennsylvania's Advanced Technical Workforce in Gene and Cell Therapy</AwardTitle>
<AGENCY>NSF</AGENCY>
<AwardEffectiveDate>09/01/2021</AwardEffectiveDate>
<AwardExpirationDate>08/31/2024</AwardExpirationDate>
<AwardTotalIntnAmount>573347.00</AwardTotalIntnAmount>
<AwardAmount>573347</AwardAmount>
<AwardInstrument>
<Value>Standard Grant</Value>
</AwardInstrument>
<Organization>
<Code>11040100</Code>
<Directorate>
<Abbreviation>EHR</Abbreviation>
<LongName>Direct For Education and Human Resources</LongName>
</Directorate>
<Division>
<Abbreviation>DUE</Abbreviation>
<LongName>Division Of Undergraduate Education</LongName>
</Division>
</Organization>
<ProgramOfficer>
<SignBlockName>Virginia Carter</SignBlockName>
<PO_EMAI>vccarter@nsf.gov</PO_EMAI>
<PO_PHON>7032924651</PO_PHON>
</ProgramOfficer>
<AbstractNarration>The number of Southeastern Pennsylvania companies that develop and manufacture gene therapies and cell therapies has increased.  As a result, a regional need exists for highly skilled technicians in these fields, especially in the commercial manufacturing area. This project aims to address this need by increasing the number of graduates from local community colleges who enter this advanced therapy field. Montgomery County Community College (MCCC) is the lead institution in the Northeast Biomanufacturing Center and Collaborative.  It has an extensive track record in developing and disseminating curriculum for biopharmaceutical bioprocessing technician education. In this project, MCCC will work with local industry partners to determine skills and competencies needed in the advanced therapy technical workforce, develop curriculum in cell and gene therapy manufacturing, and facilitate adoption of the curriculum at local two-year colleges. The new curriculum will provide students with a strong foundation in the skills and knowledge for developing, manufacturing, and testing these advanced therapies, as well as hands-on experience with industry-relevant bioprocessing equipment.&lt;br/&gt;&lt;br/&gt;The project will assess the competencies, skills, and curriculum needs of local biotechnology programs at two-year institutions, provide mentorship for enhancing or building new courses where needed, provide educators with professional development relevant to the new curriculum, and connect them to local industry. Students from communities that are underrepresented in the biomanufacturing sector, including students of color and/or first-generation college students, will have increased access to successful bioprocessing careers, as the project builds a pipeline from high school to community college to the advanced therapy workforce. Project aims include: (1) improving student education and training by developing and disseminating a local industry-endorsed advanced therapy curriculum; (2) promoting and facilitating adoption of new curriculum at local community colleges through mentorship, industry engagement, and professional development; and (3) increasing awareness of the biomedical/bioprocessing career path among high school students, with emphasis on inclusion of underrepresented populations. The project will build upon the work of the Northeast Biomanufacturing Center and Collaborative and its current open-source curriculum modules on biologic bioprocessing, adding new industry-guided curriculum based on required skills and knowledge for the advanced manufacturing workforce for the cell and gene therapy industry. Developing this skilled workforce is key for the Greater Philadelphia region to become an advanced therapy manufacturing hub, a possibility with significant positive economic impacts. This project is funded by the Advanced Technological Education program that focuses on the education of technicians for the advanced-technology fields that drive the nation’s economy.&lt;br/&gt;&lt;br/&gt;This award reflects NSF's statutory mission and has been deemed worthy of support through evaluation using the Foundation's intellectual merit and broader impacts review criteria.</AbstractNarration>
<MinAmdLetterDate>04/07/2021</MinAmdLetterDate>
<MaxAmdLetterDate>05/21/2021</MaxAmdLetterDate>
<ARRAAmount/>
<TRAN_TYPE>Grant</TRAN_TYPE>
<CFDA_NUM>47.076</CFDA_NUM>
<NSF_PAR_USE_FLAG>1</NSF_PAR_USE_FLAG>
<FUND_AGCY_CODE>4900</FUND_AGCY_CODE>
<AWDG_AGCY_CODE>4900</AWDG_AGCY_CODE>
<AwardID>2100382</AwardID>
<Investigator>
<FirstName>JAMES</FirstName>
<LastName>BRETZ</LastName>
<PI_MID_INIT>R</PI_MID_INIT>
<PI_SUFX_NAME/>
<PI_FULL_NAME>JAMES R BRETZ</PI_FULL_NAME>
<EmailAddress>jbretz@mc3.edu</EmailAddress>
<PI_PHON>2156416643</PI_PHON>
<NSF_ID>000839692</NSF_ID>
<StartDate>04/07/2021</StartDate>
<EndDate/>
<RoleCode>Co-Principal Investigator</RoleCode>
</Investigator>
<Investigator>
<FirstName>Margaret</FirstName>
<LastName>Bryans</LastName>
<PI_MID_INIT/>
<PI_SUFX_NAME/>
<PI_FULL_NAME>Margaret Bryans</PI_FULL_NAME>
<EmailAddress>mbryans@mc3.edu</EmailAddress>
<PI_PHON>2156197335</PI_PHON>
<NSF_ID>000573062</NSF_ID>
<StartDate>04/07/2021</StartDate>
<EndDate/>
<RoleCode>Principal Investigator</RoleCode>
</Investigator>
<Institution>
<Name>Montgomery County Community College</Name>
<CityName>BLUE BELL</CityName>
<ZipCode>194221412</ZipCode>
<PhoneNumber>2156416466</PhoneNumber>
<StreetAddress>340 DEKALB PKE</StreetAddress>
<StreetAddress2/>
<CountryName>United States</CountryName>
<StateName>Pennsylvania</StateName>
<StateCode>PA</StateCode>
<CONGRESSDISTRICT>04</CONGRESSDISTRICT>
<CONGRESS_DISTRICT_ORG>PA04</CONGRESS_DISTRICT_ORG>
<ORG_UEI_NUM>F14HC2DQJ7F8</ORG_UEI_NUM>
<ORG_LGL_BUS_NAME>MONTGOMERY COUNTY COMMUNITY COLLEGE</ORG_LGL_BUS_NAME>
<ORG_PRNT_UEI_NUM>F14HC2DQJ7F8</ORG_PRNT_UEI_NUM>
</Institution>
<Performance_Institution>
<Name><![CDATA[Montgomery County Community College]]></Name>
<CityName>Blue Bell</CityName>
<StateCode>PA</StateCode>
<ZipCode>194221411</ZipCode>
<StreetAddress><![CDATA[340]]></StreetAddress>
<CountryCode>US</CountryCode>
<CountryName>United States</CountryName>
<StateName>Pennsylvania</StateName>
<CountryFlag>1</CountryFlag>
<CONGRESSDISTRICT>04</CONGRESSDISTRICT>
<CONGRESS_DISTRICT_PERF>PA04</CONGRESS_DISTRICT_PERF>
</Performance_Institution>
<ProgramElement>
<Code>7412</Code>
<Text>Advanced Tech Education Prog</Text>
</ProgramElement>
<ProgramReference>
<Code>1032</Code>
<Text>ADVANCED TECHNOLOGY EDUCATION</Text>
</ProgramReference>
<ProgramReference>
<Code>9178</Code>
<Text>UNDERGRADUATE EDUCATION</Text>
</ProgramReference>
<ProgramReference>
<Code>SMET</Code>
<Text>SCIENCE, MATH, ENG &amp; TECH EDUCATION</Text>
</ProgramReference>
<Appropriation>
<Code>0421</Code>
<Name>NSF Education &amp; Human Resource</Name>
<APP_SYMB_ID>040106</APP_SYMB_ID>
</Appropriation>
<Fund>
<Code>04002122DB</Code>
<Name><![CDATA[NSF Education & Human Resource]]></Name>
<FUND_SYMB_ID>040106</FUND_SYMB_ID>
</Fund>
<FUND_OBLG>2021~573347</FUND_OBLG>
</Award>
</rootTag>
