<?xml version="1.0" encoding="UTF-8"?>
<rootTag>
<Award>
<AwardTitle>Pilot Program to Prepare Adults who are Deaf or Hard-of-Hearing for Skilled Technical Positions in Information Technology</AwardTitle>
<AGENCY>NSF</AGENCY>
<AwardEffectiveDate>05/01/2021</AwardEffectiveDate>
<AwardExpirationDate>04/30/2023</AwardExpirationDate>
<AwardTotalIntnAmount>470069.00</AwardTotalIntnAmount>
<AwardAmount>470069</AwardAmount>
<AwardInstrument>
<Value>Standard Grant</Value>
</AwardInstrument>
<Organization>
<Code>11040100</Code>
<Directorate>
<Abbreviation>EHR</Abbreviation>
<LongName>Direct For Education and Human Resources</LongName>
</Directorate>
<Division>
<Abbreviation>DUE</Abbreviation>
<LongName>Division Of Undergraduate Education</LongName>
</Division>
</Organization>
<ProgramOfficer>
<SignBlockName>Virginia Carter</SignBlockName>
<PO_EMAI>vccarter@nsf.gov</PO_EMAI>
<PO_PHON>7032924651</PO_PHON>
</ProgramOfficer>
<AbstractNarration>Deafness creates communication barriers resulting in significant and unique learning needs. For example, adults who are deaf or hard-of-hearing (deaf/hh) often experience frustration and struggle with comprehending technical content when attending traditional professional development supported by sign language interpreters. These learners reported difficulties with the pace of instruction and communication with their instructors and peers. Out of class situations, such as breaks or lunch time, were described as awkward because they needed an interpreter to socialize. This indirect communication environment often left these learners feeling isolated, like “second class citizens,” and questioning their own competence and ability to learn technical content. There are extremely limited opportunities for technical professional development for deaf adults that are delivered by experienced instructors using American Sign Language (ASL). The goal of this project is to provide professional development that will improve the employment of the deaf and hard-of-hearing community as Information Technology support technicians. This project will be carried out by a partnership that includes CompTIA, the world’s leading provider of vendor-neutral IT certifications and the DeafTEC Resource Center, housed at the National Technical Institute for the Deaf (NTID) within the Rochester Institute of Technology. &lt;br/&gt;&lt;br/&gt;This professional development, referred to as the DeafTEC Ready program, will be offered in a direct communication environment in which all instructors and learners know ASL, allowing everyone to communicate freely. By participating in the DeafTEC Ready program, learners who are deaf/hh will learn technical skills such as repairing and maintaining computer equipment, networks, and operating systems, as well as key workplace skills such as professional communication and problem solving. After completing their training, the learners will sit for CompTIA A+ certification exams, the industry standard for launching a career in IT. Upon successful certification, these individuals will receive direct job placement assistance from CompTIA’s career services staff. Certified individuals will also receive credit for three courses in NTID’s Applied Computer Technology associate degree programs.  These courses can be used toward an associate degree at NTID or at other colleges across the country that accept the credit. The project will help meet industry’s need for computer support technicians and for a more diverse workforce by increasing participation of deaf/hh individuals in highly skilled technician careers.  This increased participation can also increase acceptance of deaf/hh individuals within these workplaces and beyond. The project will increase access to CompTIA training materials and exams by reducing language barriers that will not only help deaf/hh test-takers but other English language learners.  Thus, the project can help people from different communities obtain CompTIA A+ certification and enter the IT workforce. The DeafTEC Ready program will also help employers develop the sensitivity and skills to create an inclusive workplace where not only deaf/hh employees but all employees can succeed. This project is funded by the Advanced Technological Education program that focuses on the education of technicians for the advanced-technology fields that drive the nation’s economy.&lt;br/&gt;&lt;br/&gt;This award reflects NSF's statutory mission and has been deemed worthy of support through evaluation using the Foundation's intellectual merit and broader impacts review criteria.</AbstractNarration>
<MinAmdLetterDate>03/31/2021</MinAmdLetterDate>
<MaxAmdLetterDate>05/21/2021</MaxAmdLetterDate>
<ARRAAmount/>
<TRAN_TYPE>Grant</TRAN_TYPE>
<CFDA_NUM>47.076</CFDA_NUM>
<NSF_PAR_USE_FLAG>1</NSF_PAR_USE_FLAG>
<FUND_AGCY_CODE>4900</FUND_AGCY_CODE>
<AWDG_AGCY_CODE>4900</AWDG_AGCY_CODE>
<AwardID>2100330</AwardID>
<Investigator>
<FirstName>Donna</FirstName>
<LastName>Lange</LastName>
<PI_MID_INIT/>
<PI_SUFX_NAME/>
<PI_FULL_NAME>Donna Lange</PI_FULL_NAME>
<EmailAddress>dalndp@rit.edu</EmailAddress>
<PI_PHON>5854755620</PI_PHON>
<NSF_ID>000157672</NSF_ID>
<StartDate>03/31/2021</StartDate>
<EndDate/>
<RoleCode>Principal Investigator</RoleCode>
</Investigator>
<Investigator>
<FirstName>Brian</FirstName>
<LastName>Trager</LastName>
<PI_MID_INIT/>
<PI_SUFX_NAME/>
<PI_FULL_NAME>Brian Trager</PI_FULL_NAME>
<EmailAddress>bptnbs@rit.edu</EmailAddress>
<PI_PHON>5854757525</PI_PHON>
<NSF_ID>000624320</NSF_ID>
<StartDate>03/31/2021</StartDate>
<EndDate/>
<RoleCode>Co-Principal Investigator</RoleCode>
</Investigator>
<Investigator>
<FirstName>james</FirstName>
<LastName>mallory</LastName>
<PI_MID_INIT>r</PI_MID_INIT>
<PI_SUFX_NAME/>
<PI_FULL_NAME>james r mallory</PI_FULL_NAME>
<EmailAddress>jrmnet@rit.edu</EmailAddress>
<PI_PHON>5854752865</PI_PHON>
<NSF_ID>000839607</NSF_ID>
<StartDate>03/31/2021</StartDate>
<EndDate/>
<RoleCode>Co-Principal Investigator</RoleCode>
</Investigator>
<Institution>
<Name>Rochester Institute of Tech</Name>
<CityName>ROCHESTER</CityName>
<ZipCode>146235603</ZipCode>
<PhoneNumber>5854757987</PhoneNumber>
<StreetAddress>1 LOMB MEMORIAL DR</StreetAddress>
<StreetAddress2/>
<CountryName>United States</CountryName>
<StateName>New York</StateName>
<StateCode>NY</StateCode>
<CONGRESSDISTRICT>25</CONGRESSDISTRICT>
<CONGRESS_DISTRICT_ORG>NY25</CONGRESS_DISTRICT_ORG>
<ORG_UEI_NUM>J6TWTRKC1X14</ORG_UEI_NUM>
<ORG_LGL_BUS_NAME>ROCHESTER INSTITUTE OF TECHNOLOGY (INC)</ORG_LGL_BUS_NAME>
<ORG_PRNT_UEI_NUM>J6TWTRKC1X14</ORG_PRNT_UEI_NUM>
</Institution>
<Performance_Institution>
<Name><![CDATA[Rochester Institute of Tech]]></Name>
<CityName>Rochester</CityName>
<StateCode>NY</StateCode>
<ZipCode>146235603</ZipCode>
<StreetAddress><![CDATA[National Technical Institute f/t]]></StreetAddress>
<CountryCode>US</CountryCode>
<CountryName>United States</CountryName>
<StateName>New York</StateName>
<CountryFlag>1</CountryFlag>
<CONGRESSDISTRICT>25</CONGRESSDISTRICT>
<CONGRESS_DISTRICT_PERF>NY25</CONGRESS_DISTRICT_PERF>
</Performance_Institution>
<ProgramElement>
<Code>7412</Code>
<Text>Advanced Tech Education Prog</Text>
</ProgramElement>
<ProgramReference>
<Code>1032</Code>
<Text>ADVANCED TECHNOLOGY EDUCATION</Text>
</ProgramReference>
<ProgramReference>
<Code>9178</Code>
<Text>UNDERGRADUATE EDUCATION</Text>
</ProgramReference>
<ProgramReference>
<Code>SMET</Code>
<Text>SCIENCE, MATH, ENG &amp; TECH EDUCATION</Text>
</ProgramReference>
<Appropriation>
<Code>0421</Code>
<Name>NSF Education &amp; Human Resource</Name>
<APP_SYMB_ID>040106</APP_SYMB_ID>
</Appropriation>
<Fund>
<Code>04002122DB</Code>
<Name><![CDATA[NSF Education & Human Resource]]></Name>
<FUND_SYMB_ID>040106</FUND_SYMB_ID>
</Fund>
<FUND_OBLG>2021~470069</FUND_OBLG>
</Award>
</rootTag>
