<?xml version="1.0" encoding="UTF-8"?>
<rootTag>
<Award>
<AwardTitle><![CDATA[VESTA Resource Center]]></AwardTitle>
<AGENCY>NSF</AGENCY>
<AwardEffectiveDate>07/01/2021</AwardEffectiveDate>
<AwardExpirationDate>06/30/2024</AwardExpirationDate>
<AwardTotalIntnAmount>1646884.00</AwardTotalIntnAmount>
<AwardAmount>1646884</AwardAmount>
<AwardInstrument>
<Value>Standard Grant</Value>
</AwardInstrument>
<Organization>
<Code>11040100</Code>
<Directorate>
<Abbreviation>EHR</Abbreviation>
<LongName>Direct For Education and Human Resources</LongName>
</Directorate>
<Division>
<Abbreviation>DUE</Abbreviation>
<LongName>Division Of Undergraduate Education</LongName>
</Division>
</Organization>
<ProgramOfficer>
<SignBlockName>Virginia Carter</SignBlockName>
<PO_EMAI>vccarter@nsf.gov</PO_EMAI>
<PO_PHON>7032924651</PO_PHON>
</ProgramOfficer>
<AbstractNarration><![CDATA[The viticulture and enology industry is an important component of U.S. agriculture, with an estimated economic impact of $220 billion. The Viticulture and Enology Science and Technology Alliance (VESTA) Resource Center will support education of the advanced technological workforce needed in this industry. The VESTA Resource Center will help two-year colleges achieve their goals of providing students with the STEM foundational knowledge and industry-specific knowledge and skills needed for employment and career progression in the industry. The Center will enable faculty and industry to share best practices, providing access to successful recruitment and education models that can enrich their programs and business operations. Mentoring by experts within the Center will increase the capacity and capability of two-year colleges to access existing resources and funding for program development, expansion, and improvement.&lt;br/&gt;&lt;br/&gt;The VESTA Resource Center will support the development, expansion, and enhancement of Viticulture and Enology programs in two-year colleges through open access to successful models, expanded resources, and active mentorship provided by a network of experienced two-year college faculty, academic, and industry subject-matter experts. The participating two-year colleges and industry associations will employ their complementary expertise in a concerted effort aimed at enriching Viticulture and Enology programs’ ability to educate skilled technicians to meet industry needs. Accessibility of program content will be enhanced and supported with online courses and closed-captioned videos that support all learners, including learners who are deaf or hard of hearing. Virtual and in-person workshops will enable teachers to share with their students the career opportunities and critical importance of a STEM foundation for jobs in this industry. Collaboration with local industry and state-wide associations will enable educators to fill voids in workforce development for this rapidly growing industry. The Center will collaborate with two-year colleges and industry associations to establish Registered Apprenticeships that may serve as a model in other agriculture industries, an important sector in the U.S. economy that has been underrepresented in workforce development programs.  This project is funded by the Advanced Technological Education program that focuses on the education technicians for the advanced-technology fields that drive the nation's economy.&lt;br/&gt;&lt;br/&gt;This award reflects NSF's statutory mission and has been deemed worthy of support through evaluation using the Foundation's intellectual merit and broader impacts review criteria.]]></AbstractNarration>
<MinAmdLetterDate>03/31/2021</MinAmdLetterDate>
<MaxAmdLetterDate>05/21/2021</MaxAmdLetterDate>
<ARRAAmount/>
<TRAN_TYPE>Grant</TRAN_TYPE>
<CFDA_NUM>47.076</CFDA_NUM>
<NSF_PAR_USE_FLAG>1</NSF_PAR_USE_FLAG>
<FUND_AGCY_CODE>4900</FUND_AGCY_CODE>
<AWDG_AGCY_CODE>4900</AWDG_AGCY_CODE>
<AwardID>2100378</AwardID>
<Investigator>
<FirstName>Michelle</FirstName>
<LastName>Norgren</LastName>
<PI_MID_INIT/>
<PI_SUFX_NAME/>
<PI_FULL_NAME>Michelle Norgren</PI_FULL_NAME>
<EmailAddress><![CDATA[MichelleNorgren@missouristate.edu]]></EmailAddress>
<NSF_ID>000532207</NSF_ID>
<StartDate>03/31/2021</StartDate>
<EndDate/>
<RoleCode>Principal Investigator</RoleCode>
</Investigator>
<Investigator>
<FirstName>David</FirstName>
<LastName>Bower</LastName>
<PI_MID_INIT>N</PI_MID_INIT>
<PI_SUFX_NAME>III</PI_SUFX_NAME>
<PI_FULL_NAME>David N Bower</PI_FULL_NAME>
<EmailAddress><![CDATA[bowerd@surry.edu]]></EmailAddress>
<NSF_ID>000838254</NSF_ID>
<StartDate>03/31/2021</StartDate>
<EndDate/>
<RoleCode>Co-Principal Investigator</RoleCode>
</Investigator>
<Investigator>
<FirstName>Candice</FirstName>
<LastName>Fitch-Deitz</LastName>
<PI_MID_INIT>N</PI_MID_INIT>
<PI_SUFX_NAME/>
<PI_FULL_NAME>Candice N Fitch-Deitz</PI_FULL_NAME>
<EmailAddress><![CDATA[cfitchdeitz@highlandcc.edu]]></EmailAddress>
<NSF_ID>000838604</NSF_ID>
<StartDate>03/31/2021</StartDate>
<EndDate/>
<RoleCode>Co-Principal Investigator</RoleCode>
</Investigator>
<Investigator>
<FirstName>Edward</FirstName>
<LastName>Trebets</LastName>
<PI_MID_INIT>F</PI_MID_INIT>
<PI_SUFX_NAME/>
<PI_FULL_NAME>Edward F Trebets</PI_FULL_NAME>
<EmailAddress><![CDATA[etrebets@kent.edu]]></EmailAddress>
<NSF_ID>000839496</NSF_ID>
<StartDate>03/31/2021</StartDate>
<EndDate/>
<RoleCode>Co-Principal Investigator</RoleCode>
</Investigator>
<Institution>
<Name>Missouri State University</Name>
<CityName>SPRINGFIELD</CityName>
<ZipCode>658970027</ZipCode>
<PhoneNumber>4178365972</PhoneNumber>
<StreetAddress>901 S NATIONAL AVE</StreetAddress>
<StreetAddress2/>
<CountryName>United States</CountryName>
<StateName>Missouri</StateName>
<StateCode>MO</StateCode>
<CONGRESSDISTRICT>07</CONGRESSDISTRICT>
<CONGRESS_DISTRICT_ORG>MO07</CONGRESS_DISTRICT_ORG>
<ORG_UEI_NUM>CL7KJX2VFHS9</ORG_UEI_NUM>
<ORG_LGL_BUS_NAME>MISSOURI STATE UNIVERSITY</ORG_LGL_BUS_NAME>
<ORG_PRNT_UEI_NUM>CL7KJX2VFHS9</ORG_PRNT_UEI_NUM>
</Institution>
<Performance_Institution>
<Name><![CDATA[Missouri State University]]></Name>
<CityName>Springfield</CityName>
<StateCode>MO</StateCode>
<ZipCode>658970001</ZipCode>
<StreetAddress><![CDATA[Missouri State University]]></StreetAddress>
<CountryCode>US</CountryCode>
<CountryName>United States</CountryName>
<StateName>Missouri</StateName>
<CountryFlag>1</CountryFlag>
<CONGRESSDISTRICT>07</CONGRESSDISTRICT>
<CONGRESS_DISTRICT_PERF>MO07</CONGRESS_DISTRICT_PERF>
</Performance_Institution>
<ProgramElement>
<Code>7412</Code>
<Text>Advanced Tech Education Prog</Text>
</ProgramElement>
<ProgramReference>
<Code>1032</Code>
<Text>ADVANCED TECHNOLOGY EDUCATION</Text>
</ProgramReference>
<ProgramReference>
<Code>9150</Code>
<Text>EXP PROG TO STIM COMP RES</Text>
</ProgramReference>
<ProgramReference>
<Code>9178</Code>
<Text>UNDERGRADUATE EDUCATION</Text>
</ProgramReference>
<ProgramReference>
<Code>SMET</Code>
<Text>SCIENCE, MATH, ENG &amp; TECH EDUCATION</Text>
</ProgramReference>
<Appropriation>
<Code>0421</Code>
<Name>NSF Education &amp; Human Resource</Name>
<APP_SYMB_ID>040106</APP_SYMB_ID>
</Appropriation>
<Fund>
<Code>04002122DB</Code>
<Name><![CDATA[NSF Education & Human Resource]]></Name>
<FUND_SYMB_ID>040106</FUND_SYMB_ID>
</Fund>
<FUND_OBLG>2021~1646884</FUND_OBLG>
</Award>
</rootTag>
