<?xml version="1.0" encoding="UTF-8"?>
<rootTag>
<Award>
<AwardTitle>Research Initiation Award : Investigation of Petrographic and Mineralogical Properties of Aggregates Influencing Pavement Performance</AwardTitle>
<AGENCY>NSF</AGENCY>
<AwardEffectiveDate>04/01/2021</AwardEffectiveDate>
<AwardExpirationDate>03/31/2024</AwardExpirationDate>
<AwardTotalIntnAmount>299817.00</AwardTotalIntnAmount>
<AwardAmount>299817</AwardAmount>
<AwardInstrument>
<Value>Standard Grant</Value>
</AwardInstrument>
<Organization>
<Code>11060000</Code>
<Directorate>
<Abbreviation>EHR</Abbreviation>
<LongName>Direct For Education and Human Resources</LongName>
</Directorate>
<Division>
<Abbreviation>HRD</Abbreviation>
<LongName>Division Of Human Resource Development</LongName>
</Division>
</Organization>
<ProgramOfficer>
<SignBlockName>Leroy Jones II</SignBlockName>
<PO_EMAI>ljones@nsf.gov</PO_EMAI>
<PO_PHON>7032924684</PO_PHON>
</ProgramOfficer>
<AbstractNarration>Research Initiation Awards provide support for junior and mid-career faculty at Historically Black Colleges and Universities who are building new research programs or redirecting and rebuilding existing research programs. It is expected that the award helps to further the faculty member's research capability and effectiveness, improves research and teaching at the home institution, and involves undergraduate students in research experiences.  The award to Savannah State University will support research to develop machine learning models that will be used as an aggregate quality classification tool by highway agencies.  The project will also develop an undergraduate research program that will prepare undergraduate students for careers in transportation geotechnics.&lt;br/&gt;&lt;br/&gt;The primary goal of this project is to analyze and catalogue physical, mineralogical, and chemical properties of representative coarse aggregates used by different U.S. State Departments of Transportation (DOTs) in pavement construction and to identify possible relationships within those properties and pavement performance using Machine Learning (ML) approach. Chemical, physical shape, and petrographic properties especially grain size and composition of the minerals will be correlated to determine what influence, if any, one property might have on another to developed ML based prediction models.  Those petrographic characteristics with the significant correlations with shape properties will be considered the most useful predictive properties. This comprehensive study of the fundamental properties of aggregates will help to better understand material quality related aggregate type and selection factors and how they affect pavement performance.&lt;br/&gt;&lt;br/&gt;This award reflects NSF's statutory mission and has been deemed worthy of support through evaluation using the Foundation's intellectual merit and broader impacts review criteria.</AbstractNarration>
<MinAmdLetterDate>03/29/2021</MinAmdLetterDate>
<MaxAmdLetterDate>05/21/2021</MaxAmdLetterDate>
<ARRAAmount/>
<TRAN_TYPE>Grant</TRAN_TYPE>
<CFDA_NUM>47.076</CFDA_NUM>
<NSF_PAR_USE_FLAG>1</NSF_PAR_USE_FLAG>
<FUND_AGCY_CODE>4900</FUND_AGCY_CODE>
<AWDG_AGCY_CODE>4900</AWDG_AGCY_CODE>
<AwardID>2100780</AwardID>
<Investigator>
<FirstName>Maziar</FirstName>
<LastName>Moaveni</LastName>
<PI_MID_INIT/>
<PI_SUFX_NAME/>
<PI_FULL_NAME>Maziar Moaveni</PI_FULL_NAME>
<EmailAddress>moavenim@savannahstate.edu</EmailAddress>
<PI_PHON>9123583283</PI_PHON>
<NSF_ID>000809091</NSF_ID>
<StartDate>03/29/2021</StartDate>
<EndDate/>
<RoleCode>Principal Investigator</RoleCode>
</Investigator>
<Institution>
<Name>Savannah State University</Name>
<CityName>SAVANNAH</CityName>
<ZipCode>314045254</ZipCode>
<PhoneNumber>9123584277</PhoneNumber>
<StreetAddress>3219 COLLEGE ST</StreetAddress>
<StreetAddress2/>
<CountryName>United States</CountryName>
<StateName>Georgia</StateName>
<StateCode>GA</StateCode>
<CONGRESSDISTRICT>01</CONGRESSDISTRICT>
<CONGRESS_DISTRICT_ORG>GA01</CONGRESS_DISTRICT_ORG>
<ORG_UEI_NUM>WUHNDWEE8WB7</ORG_UEI_NUM>
<ORG_LGL_BUS_NAME>SAVANNAH STATE UNIVERSITY</ORG_LGL_BUS_NAME>
<ORG_PRNT_UEI_NUM>SMV4HJLNJLP3</ORG_PRNT_UEI_NUM>
</Institution>
<Performance_Institution>
<Name><![CDATA[Savannah State University]]></Name>
<CityName>Savannah</CityName>
<StateCode>GA</StateCode>
<ZipCode>314049703</ZipCode>
<StreetAddress><![CDATA[3219 College Street]]></StreetAddress>
<CountryCode>US</CountryCode>
<CountryName>United States</CountryName>
<StateName>Georgia</StateName>
<CountryFlag>1</CountryFlag>
<CONGRESSDISTRICT>01</CONGRESSDISTRICT>
<CONGRESS_DISTRICT_PERF>GA01</CONGRESS_DISTRICT_PERF>
</Performance_Institution>
<ProgramElement>
<Code>1594</Code>
<Text>Hist Black Colleges and Univ</Text>
</ProgramElement>
<ProgramReference>
<Code>9178</Code>
<Text>UNDERGRADUATE EDUCATION</Text>
</ProgramReference>
<Appropriation>
<Code>0421</Code>
<Name>NSF Education &amp; Human Resource</Name>
<APP_SYMB_ID>040106</APP_SYMB_ID>
</Appropriation>
<Fund>
<Code>04002122DB</Code>
<Name><![CDATA[NSF Education & Human Resource]]></Name>
<FUND_SYMB_ID>040106</FUND_SYMB_ID>
</Fund>
<FUND_OBLG>2021~299817</FUND_OBLG>
</Award>
</rootTag>
