<?xml version="1.0" encoding="UTF-8"?>
<rootTag>
<Award>
<AwardTitle><![CDATA[BEE: The Evolution of Fluctuation-Dependent Species Coexistence]]></AwardTitle>
<AGENCY>NSF</AGENCY>
<AwardEffectiveDate>07/01/2021</AwardEffectiveDate>
<AwardExpirationDate>06/30/2024</AwardExpirationDate>
<AwardTotalIntnAmount>1616701.00</AwardTotalIntnAmount>
<AwardAmount>1616701</AwardAmount>
<AwardInstrument>
<Value>Standard Grant</Value>
</AwardInstrument>
<Organization>
<Code>08010000</Code>
<Directorate>
<Abbreviation>BIO</Abbreviation>
<LongName>Direct For Biological Sciences</LongName>
</Directorate>
<Division>
<Abbreviation>DEB</Abbreviation>
<LongName>Division Of Environmental Biology</LongName>
</Division>
</Organization>
<ProgramOfficer>
<SignBlockName>Diana Pilson</SignBlockName>
<PO_EMAI>dpilson@nsf.gov</PO_EMAI>
<PO_PHON>7032922592</PO_PHON>
</ProgramOfficer>
<AbstractNarration><![CDATA[Understanding how similar species coexist has been a central question in ecology since its inception. The question is important because species diversity is a defining characteristic of natural ecosystems. Traditional answers to this question focus on how species differ in the types of resources they use in non-fluctuating environments. Under this paradigm, evolution can facilitate species coexistence when it makes species less similar in their resource use. However, natural ecosystems are not constant, and there has been recent interest in understanding how temporal variation in the environment, and differences in how species respond to this variation, can lead to conditions that favor coexistence. While we know about these fluctuation-dependent mechanisms in theory, we know little about whether they can promote species coexistence in natural populations. We know even less about how evolution either facilitates or impedes such fluctuation-dependent mechanisms. This research attacks these questions by leveraging studies of experimental evolution in nature together with mathematical models and experiments in artificial streams. The research will engage 38 young scientists from diverse backgrounds per year in the Young Scientist Training Program. The Young Scientists gain research experience that is complemented by training in ecology, evolution, and statistics. The researchers will also engage the public through an online outreach website and will develop training in ecology and evolution through mobile gaming, social media, and teacher training modules based on this system.&lt;br/&gt;&lt;br/&gt;This work will provide a multipronged test of fluctuation-dependent coexistence mechanisms in natural communities and investigate how they evolve. In doing so, this work will synthesize ideas in ecology and evolutionary biology. This research takes advantage of the natural laboratory provided by the structure of stream communities in Trinidad, West Indies where fish communities consist of either Trinidadian guppies and Hart’s killifish or Hart’s killifish by themselves. Killifish-guppy communities are formed when guppies invade communities with only killifish. Prior research has shown that following these invasions, guppies and killifish rapidly evolve differences in their life histories and resource use. These streams are also highly seasonal with pronounced dry and wet seasons. Do killifish and guppies respond differently to these seasonal fluctuations? Are guppies adapted to dry season conditions and killifish to wet season conditions? If so, then this difference provides an avenue for the two species to coexist. This research will also address how important these fluctuation-dependent mechanisms are relative to traditional fluctuation-independent mechanisms and identify how these contributions change through the formation of the community. This research will leverage replicated experimental evolution studies in natural ecosystems with structured models, factorial experiments in artificial streams, and stable isotope work. At the same time, the mathematical models will provide a framework for linking theory on species coexistence with evolutionary theory.&lt;br/&gt;&lt;br/&gt;This award reflects NSF's statutory mission and has been deemed worthy of support through evaluation using the Foundation's intellectual merit and broader impacts review criteria.]]></AbstractNarration>
<MinAmdLetterDate>05/11/2021</MinAmdLetterDate>
<MaxAmdLetterDate>05/11/2021</MaxAmdLetterDate>
<ARRAAmount/>
<TRAN_TYPE>Grant</TRAN_TYPE>
<CFDA_NUM>47.074</CFDA_NUM>
<NSF_PAR_USE_FLAG>1</NSF_PAR_USE_FLAG>
<FUND_AGCY_CODE>4900</FUND_AGCY_CODE>
<AWDG_AGCY_CODE>4900</AWDG_AGCY_CODE>
<AwardID>2100163</AwardID>
<Investigator>
<FirstName>David</FirstName>
<LastName>Reznick</LastName>
<PI_MID_INIT>N</PI_MID_INIT>
<PI_SUFX_NAME/>
<PI_FULL_NAME>David N Reznick</PI_FULL_NAME>
<EmailAddress><![CDATA[gupy@ucrac1.ucr.edu]]></EmailAddress>
<NSF_ID>000161770</NSF_ID>
<StartDate>05/11/2021</StartDate>
<EndDate/>
<RoleCode>Co-Principal Investigator</RoleCode>
</Investigator>
<Investigator>
<FirstName>Joseph</FirstName>
<LastName>Travis</LastName>
<PI_MID_INIT>A</PI_MID_INIT>
<PI_SUFX_NAME/>
<PI_FULL_NAME>Joseph A Travis</PI_FULL_NAME>
<EmailAddress><![CDATA[travis@bio.fsu.edu]]></EmailAddress>
<NSF_ID>000218598</NSF_ID>
<StartDate>05/11/2021</StartDate>
<EndDate/>
<RoleCode>Co-Principal Investigator</RoleCode>
</Investigator>
<Investigator>
<FirstName>Tim</FirstName>
<LastName>Coulson</LastName>
<PI_MID_INIT/>
<PI_SUFX_NAME/>
<PI_FULL_NAME>Tim Coulson</PI_FULL_NAME>
<EmailAddress><![CDATA[timothy.coulson@zoo.ox.ac.uk]]></EmailAddress>
<NSF_ID>000619458</NSF_ID>
<StartDate>05/11/2021</StartDate>
<EndDate/>
<RoleCode>Co-Principal Investigator</RoleCode>
</Investigator>
<Investigator>
<FirstName>Ron</FirstName>
<LastName>Bassar</LastName>
<PI_MID_INIT/>
<PI_SUFX_NAME/>
<PI_FULL_NAME>Ron Bassar</PI_FULL_NAME>
<EmailAddress><![CDATA[rdb4@williams.edu]]></EmailAddress>
<NSF_ID>000700914</NSF_ID>
<StartDate>05/11/2021</StartDate>
<EndDate/>
<RoleCode>Principal Investigator</RoleCode>
</Investigator>
<Institution>
<Name>Williams College</Name>
<CityName>WILLIAMSTOWN</CityName>
<ZipCode>012672600</ZipCode>
<PhoneNumber>4135974352</PhoneNumber>
<StreetAddress>880 MAIN ST</StreetAddress>
<StreetAddress2/>
<CountryName>United States</CountryName>
<StateName>Massachusetts</StateName>
<StateCode>MA</StateCode>
<CONGRESSDISTRICT>01</CONGRESSDISTRICT>
<CONGRESS_DISTRICT_ORG>MA01</CONGRESS_DISTRICT_ORG>
<ORG_UEI_NUM>JVZEJJ6N5EM8</ORG_UEI_NUM>
<ORG_LGL_BUS_NAME>PRESIDENT &amp; TRUSTEES OF WILLIAMS COLLEGE</ORG_LGL_BUS_NAME>
<ORG_PRNT_UEI_NUM>JVZEJJ6N5EM8</ORG_PRNT_UEI_NUM>
</Institution>
<Performance_Institution>
<Name><![CDATA[Williams College]]></Name>
<CityName>Williamstown</CityName>
<StateCode>MA</StateCode>
<ZipCode>012672600</ZipCode>
<StreetAddress><![CDATA[31 Morley Drive]]></StreetAddress>
<CountryCode>US</CountryCode>
<CountryName>United States</CountryName>
<StateName>Massachusetts</StateName>
<CountryFlag>1</CountryFlag>
<CONGRESSDISTRICT>01</CONGRESSDISTRICT>
<CONGRESS_DISTRICT_PERF>MA01</CONGRESS_DISTRICT_PERF>
</Performance_Institution>
<ProgramElement>
<Code>1127</Code>
<Text>Evolutionary Processes</Text>
</ProgramElement>
<ProgramElement>
<Code>1128</Code>
<Text>Population &amp; Community Ecology</Text>
</ProgramElement>
<ProgramReference>
<Code>9251</Code>
<Text>REU SUPP-Res Exp for Ugrd Supp</Text>
</ProgramReference>
<Appropriation>
<Code>0121</Code>
<Name>NSF RESEARCH &amp; RELATED ACTIVIT</Name>
<APP_SYMB_ID>040100</APP_SYMB_ID>
</Appropriation>
<Fund>
<Code>01002122DB</Code>
<Name><![CDATA[NSF RESEARCH & RELATED ACTIVIT]]></Name>
<FUND_SYMB_ID>040100</FUND_SYMB_ID>
</Fund>
<FUND_OBLG>2021~1616701</FUND_OBLG>
</Award>
</rootTag>
