<?xml version="1.0" encoding="UTF-8"?>
<rootTag>
<Award>
<AwardTitle><![CDATA[Expansion, Curriculum Evolution, and Enhancement of Biotechnician Training]]></AwardTitle>
<AGENCY>NSF</AGENCY>
<AwardEffectiveDate>05/15/2021</AwardEffectiveDate>
<AwardExpirationDate>04/30/2024</AwardExpirationDate>
<AwardTotalIntnAmount>599969.00</AwardTotalIntnAmount>
<AwardAmount>599969</AwardAmount>
<AwardInstrument>
<Value>Standard Grant</Value>
</AwardInstrument>
<Organization>
<Code>11040100</Code>
<Directorate>
<Abbreviation>EHR</Abbreviation>
<LongName>Direct For Education and Human Resources</LongName>
</Directorate>
<Division>
<Abbreviation>DUE</Abbreviation>
<LongName>Division Of Undergraduate Education</LongName>
</Division>
</Organization>
<ProgramOfficer>
<SignBlockName>Virginia Carter</SignBlockName>
<PO_EMAI>vccarter@nsf.gov</PO_EMAI>
<PO_PHON>7032924651</PO_PHON>
</ProgramOfficer>
<AbstractNarration><![CDATA[An urgent need exists for a highly trained, diverse life sciences research workforce to support the rapidly expanding U.S. biotechnology industry. To address this need, this award will enable Wistar Institute to entirely re-design an existing hands-on, mentored technician training program and expand it to additional community colleges. The project will provide students with research experiences required for employment as technicians in biomedical research. Students will participate in an accelerated, paid summer program that includes pre-apprenticeship training, a hands-on Orientation at Wistar, and two full-time mentored laboratory experiences. Program graduates will be prepared for immediate employment as laboratory technicians or for advanced training through Wistar’s Biomedical Research Technician Apprenticeship program. The project aims to engage a diverse and underrepresented student population in life sciences research, while offering a direct path to employment as a laboratory technician. The project will address the compelling need to prepare community college students who have been disproportionately impacted by the COVID-19 pandemic for employment in the skilled biotechnology workforce. This program can also serve as a model for other community colleges and scientific research partners.&lt;br/&gt;&lt;br/&gt;The project has three primary goals: 1) Expand to recruit more students, including  those from new community college partners, while developing articulation agreements that make the project a credit-bearing experience; 2) Develop  a novel project-based curriculum that more effectively engages students, especially those from underrepresented groups, in biotechnology research skills training; and 3) Redesign the existing two-summer program as a one-summer experience that includes full-time internships in both academic and industry labs. The project will use Wistar’s interactive trainee website to maintain data, measure student outcomes, track career development, and provide networking opportunities. The project will also compare participation and outcomes of students in Wistar’s existing two-summer program with those in the new one-summer option.  The project plans to map specific skills and competency standards, as well as disseminate training models and materials. It is anticipated that the project can provide a blueprint for incorporating biotechnician pre-apprenticeship training into biotechnology and science curricula at community colleges, while serving as a model for regional program expansion. This project is funded by the Advanced Technological Education program that focuses on the education of technicians for the advanced-technology fields that drive the nation's economy.&lt;br/&gt;&lt;br/&gt;This award reflects NSF's statutory mission and has been deemed worthy of support through evaluation using the Foundation's intellectual merit and broader impacts review criteria.]]></AbstractNarration>
<MinAmdLetterDate>04/06/2021</MinAmdLetterDate>
<MaxAmdLetterDate>07/14/2021</MaxAmdLetterDate>
<ARRAAmount/>
<TRAN_TYPE>Grant</TRAN_TYPE>
<CFDA_NUM>47.076</CFDA_NUM>
<NSF_PAR_USE_FLAG>1</NSF_PAR_USE_FLAG>
<FUND_AGCY_CODE>4900</FUND_AGCY_CODE>
<AWDG_AGCY_CODE>4900</AWDG_AGCY_CODE>
<AwardID>2100072</AwardID>
<Investigator>
<FirstName>Margaret</FirstName>
<LastName>Bryans</LastName>
<PI_MID_INIT/>
<PI_SUFX_NAME/>
<PI_FULL_NAME>Margaret Bryans</PI_FULL_NAME>
<EmailAddress><![CDATA[mbryans@mc3.edu]]></EmailAddress>
<NSF_ID>000573062</NSF_ID>
<StartDate>04/06/2021</StartDate>
<EndDate/>
<RoleCode>Co-Principal Investigator</RoleCode>
</Investigator>
<Investigator>
<FirstName>Dominic</FirstName>
<LastName>Salerno</LastName>
<PI_MID_INIT/>
<PI_SUFX_NAME/>
<PI_FULL_NAME>Dominic Salerno</PI_FULL_NAME>
<EmailAddress><![CDATA[dsalerno@ccp.edu]]></EmailAddress>
<NSF_ID>000651258</NSF_ID>
<StartDate>04/06/2021</StartDate>
<EndDate/>
<RoleCode>Co-Principal Investigator</RoleCode>
</Investigator>
<Investigator>
<FirstName>Kristy</FirstName>
<LastName>McGuire</LastName>
<PI_MID_INIT>S</PI_MID_INIT>
<PI_SUFX_NAME/>
<PI_FULL_NAME>Kristy S McGuire</PI_FULL_NAME>
<EmailAddress><![CDATA[kshudamcguire@wistar.org]]></EmailAddress>
<NSF_ID>000800174</NSF_ID>
<StartDate>04/06/2021</StartDate>
<EndDate/>
<RoleCode>Principal Investigator</RoleCode>
</Investigator>
<Investigator>
<FirstName>Brian</FirstName>
<LastName>Keith</LastName>
<PI_MID_INIT>D</PI_MID_INIT>
<PI_SUFX_NAME/>
<PI_FULL_NAME>Brian D Keith</PI_FULL_NAME>
<EmailAddress><![CDATA[bkeith@wistar.org]]></EmailAddress>
<NSF_ID>000808686</NSF_ID>
<StartDate>04/06/2021</StartDate>
<EndDate>07/14/2021</EndDate>
<RoleCode>Former Co-Principal Investigator</RoleCode>
</Investigator>
<Institution>
<Name>Wistar Institute</Name>
<CityName>PHILADELPHIA</CityName>
<ZipCode>191044205</ZipCode>
<PhoneNumber>2158983700</PhoneNumber>
<StreetAddress>3601 SPRUCE ST</StreetAddress>
<StreetAddress2/>
<CountryName>United States</CountryName>
<StateName>Pennsylvania</StateName>
<StateCode>PA</StateCode>
<CONGRESSDISTRICT>03</CONGRESSDISTRICT>
<CONGRESS_DISTRICT_ORG>PA03</CONGRESS_DISTRICT_ORG>
<ORG_UEI_NUM>DW1XZMGNFBL4</ORG_UEI_NUM>
<ORG_LGL_BUS_NAME>WISTAR INSTITUTE OF ANATOMY AND BIOLOGY, THE</ORG_LGL_BUS_NAME>
<ORG_PRNT_UEI_NUM>DW1XZMGNFBL4</ORG_PRNT_UEI_NUM>
</Institution>
<Performance_Institution>
<Name><![CDATA[Wistar Institute]]></Name>
<CityName>Philadelphia</CityName>
<StateCode>PA</StateCode>
<ZipCode>191044265</ZipCode>
<StreetAddress><![CDATA[3601 Spruce Street]]></StreetAddress>
<CountryCode>US</CountryCode>
<CountryName>United States</CountryName>
<StateName>Pennsylvania</StateName>
<CountryFlag>1</CountryFlag>
<CONGRESSDISTRICT>03</CONGRESSDISTRICT>
<CONGRESS_DISTRICT_PERF>PA03</CONGRESS_DISTRICT_PERF>
</Performance_Institution>
<ProgramElement>
<Code>7412</Code>
<Text>Advanced Tech Education Prog</Text>
</ProgramElement>
<ProgramReference>
<Code>102Z</Code>
<Text>COVID-Disproportionate Impcts Inst-Indiv</Text>
</ProgramReference>
<ProgramReference>
<Code>1032</Code>
<Text>ADVANCED TECHNOLOGY EDUCATION</Text>
</ProgramReference>
<ProgramReference>
<Code>9178</Code>
<Text>UNDERGRADUATE EDUCATION</Text>
</ProgramReference>
<ProgramReference>
<Code>SMET</Code>
<Text>SCIENCE, MATH, ENG &amp; TECH EDUCATION</Text>
</ProgramReference>
<Appropriation>
<Code>0421</Code>
<Name>NSF Education &amp; Human Resource</Name>
<APP_SYMB_ID>040106</APP_SYMB_ID>
</Appropriation>
<Fund>
<Code>04002122DB</Code>
<Name><![CDATA[NSF Education & Human Resource]]></Name>
<FUND_SYMB_ID>040106</FUND_SYMB_ID>
</Fund>
<FUND_OBLG>2021~599969</FUND_OBLG>
</Award>
</rootTag>
