<?xml version="1.0" encoding="UTF-8"?>
<rootTag>
<Award>
<AwardTitle>Particle Electrokinetics in Non-Newtonian Microfluidics</AwardTitle>
<AGENCY>NSF</AGENCY>
<AwardEffectiveDate>05/01/2021</AwardEffectiveDate>
<AwardExpirationDate>04/30/2024</AwardExpirationDate>
<AwardTotalIntnAmount>300684.00</AwardTotalIntnAmount>
<AwardAmount>300684</AwardAmount>
<AwardInstrument>
<Value>Standard Grant</Value>
</AwardInstrument>
<Organization>
<Code>07020000</Code>
<Directorate>
<Abbreviation>ENG</Abbreviation>
<LongName>Directorate For Engineering</LongName>
</Directorate>
<Division>
<Abbreviation>CBET</Abbreviation>
<LongName>Div Of Chem, Bioeng, Env, &amp; Transp Sys</LongName>
</Division>
</Organization>
<ProgramOfficer>
<SignBlockName>William Olbricht</SignBlockName>
<PO_EMAI>wolbrich@nsf.gov</PO_EMAI>
<PO_PHON>7032924842</PO_PHON>
</ProgramOfficer>
<AbstractNarration>Microfluidic devices have been increasingly used over the past two decades for numerous chemical, biomedical and environmental applications. Many applications require precise placement and transport of particles (ranging from macromolecules to viruses and cells, from colloids to beads, etc.) in microchannels. The application of an electric field is the method of choice to control particle motions in microfluidic systems because of the ease, precision, autonomy of operation and integration with other components for analysis.  The electric field can induce motion of a charged particle (electrophoresis) or the motion of the surrounding fluid (electroosmosis).  This so-called electrokinetic particle motion has been extensively studied in simple liquids. However, it has not been studied extensively in complex fluids such as polymer solutions, colloidal solutions, biological fluids, which are examples of non-Newtonian fluids that exhibit unusual properties in flow.  The goal of this project is to develop a fundamental knowledge of electrokinetic particle motion in polymer solutions through microchannels. The research will delinate effects of fluid elasticity and shear-thinning effects on electrophoretic motion in the direction of the channel axis and lateral migration of particles toward the channel walls in order to find ways to control particle motions.  The experiments will be extended to large electric fields that have not yet been considered for non-Newtonian fluid systems.  The research will be intimately weaved into undergraduate and graduate curricula at Clemson University and will form the basis for activities developed for high school students in South Carolina. Undergraduate and high school students, especially those from underrepresented groups, will be actively involved in the project through various programs available in the department, university, and state.&lt;br/&gt;&lt;br/&gt;This project will be the first comprehensive study of electrokinetic particle motion in non-Newtonian fluids through microchannels. A systematic experimental investigation of both the axial motion and lateral migration of particles will be performed in the flow of polymer solutions through straight rectangular microchannels under (1) pure DC electric field, (2) DC electric field imposed with a pressure gradient, and (3) pure AC electric field with a magnitude of up to 1 MV/m (one order of magnitude higher than in typical electrokinetic microfluidics) in each case. Five types of common polymer solutions with distinct rheological properties will be tested and compared against Newtonian fluids. The experiments will investigate effects of fluid elasticity and shear thinning, individually and in combination, on the linear and nonlinear electrophoretic particle motions as well as the accompanying lateral particle migration. The experimental data of particle mobility and migration will be compared with the predictions of theoretical formulae and numerical simulations, if available.&lt;br/&gt;&lt;br/&gt;This award reflects NSF's statutory mission and has been deemed worthy of support through evaluation using the Foundation's intellectual merit and broader impacts review criteria.</AbstractNarration>
<MinAmdLetterDate>03/02/2021</MinAmdLetterDate>
<MaxAmdLetterDate>05/21/2021</MaxAmdLetterDate>
<ARRAAmount/>
<TRAN_TYPE>Grant</TRAN_TYPE>
<CFDA_NUM>47.041</CFDA_NUM>
<NSF_PAR_USE_FLAG>1</NSF_PAR_USE_FLAG>
<FUND_AGCY_CODE>4900</FUND_AGCY_CODE>
<AWDG_AGCY_CODE>4900</AWDG_AGCY_CODE>
<AwardID>2100772</AwardID>
<Investigator>
<FirstName>Xiangchun</FirstName>
<LastName>Xuan</LastName>
<PI_MID_INIT/>
<PI_SUFX_NAME/>
<PI_FULL_NAME>Xiangchun Xuan</PI_FULL_NAME>
<EmailAddress>xcxuan@clemson.edu</EmailAddress>
<PI_PHON>8646565630</PI_PHON>
<NSF_ID>000493920</NSF_ID>
<StartDate>03/02/2021</StartDate>
<EndDate/>
<RoleCode>Principal Investigator</RoleCode>
</Investigator>
<Institution>
<Name>Clemson University</Name>
<CityName>CLEMSON</CityName>
<ZipCode>296340001</ZipCode>
<PhoneNumber>8646562424</PhoneNumber>
<StreetAddress>201 SIKES HALL</StreetAddress>
<StreetAddress2/>
<CountryName>United States</CountryName>
<StateName>South Carolina</StateName>
<StateCode>SC</StateCode>
<CONGRESSDISTRICT>03</CONGRESSDISTRICT>
<CONGRESS_DISTRICT_ORG>SC03</CONGRESS_DISTRICT_ORG>
<ORG_UEI_NUM>H2BMNX7DSKU8</ORG_UEI_NUM>
<ORG_LGL_BUS_NAME>CLEMSON UNIVERSITY</ORG_LGL_BUS_NAME>
<ORG_PRNT_UEI_NUM>H2BMNX7DSKU8</ORG_PRNT_UEI_NUM>
</Institution>
<Performance_Institution>
<Name><![CDATA[Clemson Univ]]></Name>
<CityName>Clemson</CityName>
<StateCode>SC</StateCode>
<ZipCode>296340001</ZipCode>
<StreetAddress><![CDATA[239 Fluor Daniel Eib]]></StreetAddress>
<CountryCode>US</CountryCode>
<CountryName>United States</CountryName>
<StateName>South Carolina</StateName>
<CountryFlag>1</CountryFlag>
<CONGRESSDISTRICT>03</CONGRESSDISTRICT>
<CONGRESS_DISTRICT_PERF>SC03</CONGRESS_DISTRICT_PERF>
</Performance_Institution>
<ProgramElement>
<Code>1415</Code>
<Text>PMP-Particul&amp;MultiphaseProcess</Text>
</ProgramElement>
<ProgramReference>
<Code>9150</Code>
<Text>EXP PROG TO STIM COMP RES</Text>
</ProgramReference>
<Appropriation>
<Code>0121</Code>
<Name>NSF RESEARCH &amp; RELATED ACTIVIT</Name>
<APP_SYMB_ID>040100</APP_SYMB_ID>
</Appropriation>
<Fund>
<Code>01002122DB</Code>
<Name><![CDATA[NSF RESEARCH & RELATED ACTIVIT]]></Name>
<FUND_SYMB_ID>040100</FUND_SYMB_ID>
</Fund>
<FUND_OBLG>2021~300684</FUND_OBLG>
</Award>
</rootTag>
