<?xml version="1.0" encoding="UTF-8"?>
<rootTag>
<Award>
<AwardTitle>Excellence in Research: Collaborative Research: Computational Modeling and Experimental Investigation on Multivalent Interaction at Nano-Bio Interface for 2D Materials</AwardTitle>
<AGENCY>NSF</AGENCY>
<AwardEffectiveDate>08/01/2021</AwardEffectiveDate>
<AwardExpirationDate>07/31/2024</AwardExpirationDate>
<AwardTotalIntnAmount>499999.00</AwardTotalIntnAmount>
<AwardAmount>499999</AwardAmount>
<AwardInstrument>
<Value>Standard Grant</Value>
</AwardInstrument>
<Organization>
<Code>03070000</Code>
<Directorate>
<Abbreviation>MPS</Abbreviation>
<LongName>Direct For Mathematical &amp; Physical Scien</LongName>
</Directorate>
<Division>
<Abbreviation>DMR</Abbreviation>
<LongName>Division Of Materials Research</LongName>
</Division>
</Organization>
<ProgramOfficer>
<SignBlockName>Abraham Joy</SignBlockName>
<PO_EMAI>ajoy@nsf.gov</PO_EMAI>
<PO_PHON>7032922913</PO_PHON>
</ProgramOfficer>
<AbstractNarration>PART 1:   NON-TECHNICAL SUMMARY &lt;br/&gt;&lt;br/&gt;Nano-materials are extremely small sized materials. Nano-materials become biomaterials when they directly or indirectly interact with living things, and also when they are used as biosensors, bioimaging or therapeutic agents. Understanding the interactions occurring at the interface of such nano-materials and biological molecules is very important for several potential applicatons. The current project will develop novel, two-dimensional (2D) nano-materials and examine their physical and chemical interactions with biomolecules. This will be accomplished by coupling computational simulations and experimental investigations. The expected outcome is that novel nano-platforms will be developed, and they will have capability to be explored for numerous promising applications in industry. Successful completion of this project will offer many fascinating physicochemical properties that will generate exciting opportunities for future two-dimensional nanomaterials-based biosensing, bioimaging, and therapeutic applications. The project will provide excellent research and education opportunities for underrepresented minority undergraduate and graduate students from Clark Atlanta University and Jackson State University. The current project will increase the skilled workforce in the important fields of computation and emerging novel material design, with an emphasis on enhancing and promoting diversity from underrepresented groups.&lt;br/&gt;&lt;br/&gt;PART 2:   TECHNICAL SUMMARY&lt;br/&gt;&lt;br/&gt;The project will provide a better understanding of the nano-bio interface at the cellular and molecular levels, which is extremely important to guide the rational design of 2D material for biomedical devices. The proposed research will address essential new questions on how the heterogeneous nature of the biological system influences the dynamics of nano-bio interactions. The research and educational activities of this project include: (i) Development, computational exploration, and characterization of chemically functionalized 2D materials of graphene oxide and phosphorene; (ii) Elucidation of the multivalent interactions at nano-bio interfaces between 2D materials with DNA/RNA, proteins, and peptides; (iii) Understanding how corona formation on 2D nano-material changes the biological fate, using cell viability and cellular uptake experiment; (iv) Performing computational modeling to understand the interactions of 2D materials with biomolecules; and (v) Engaging minority students in advanced research on emerging nano-bio technologies. The current project will provide opportunities for underrepresented minority participants to become next generation materials scientists through innovative research and education in emerging 2D material-based biotechnology research areas. The successful execution of this project may lead to the development of safe nano-materials for bio-nano technologies.&lt;br/&gt;&lt;br/&gt;This award reflects NSF's statutory mission and has been deemed worthy of support through evaluation using the Foundation's intellectual merit and broader impacts review criteria.</AbstractNarration>
<MinAmdLetterDate>06/21/2021</MinAmdLetterDate>
<MaxAmdLetterDate>06/21/2021</MaxAmdLetterDate>
<ARRAAmount/>
<TRAN_TYPE>Grant</TRAN_TYPE>
<CFDA_NUM>47.049</CFDA_NUM>
<NSF_PAR_USE_FLAG>1</NSF_PAR_USE_FLAG>
<FUND_AGCY_CODE>4900</FUND_AGCY_CODE>
<AWDG_AGCY_CODE>4900</AWDG_AGCY_CODE>
<AwardID>2100946</AwardID>
<Investigator>
<FirstName>Paresh</FirstName>
<LastName>Ray</LastName>
<PI_MID_INIT>C</PI_MID_INIT>
<PI_SUFX_NAME/>
<PI_FULL_NAME>Paresh C Ray</PI_FULL_NAME>
<EmailAddress>paresh.c.ray@jsums.edu</EmailAddress>
<PI_PHON>6019793486</PI_PHON>
<NSF_ID>000300086</NSF_ID>
<StartDate>06/21/2021</StartDate>
<EndDate/>
<RoleCode>Co-Principal Investigator</RoleCode>
</Investigator>
<Investigator>
<FirstName>Dinadayalane</FirstName>
<LastName>Tandabany</LastName>
<PI_MID_INIT/>
<PI_SUFX_NAME/>
<PI_FULL_NAME>Dinadayalane Tandabany</PI_FULL_NAME>
<EmailAddress>dtandabany@cau.edu</EmailAddress>
<PI_PHON>4048806969</PI_PHON>
<NSF_ID>000676917</NSF_ID>
<StartDate>06/21/2021</StartDate>
<EndDate/>
<RoleCode>Principal Investigator</RoleCode>
</Investigator>
<Institution>
<Name>Clark Atlanta University</Name>
<CityName>ATLANTA</CityName>
<ZipCode>303144358</ZipCode>
<PhoneNumber>4048806990</PhoneNumber>
<StreetAddress>223 JAMES P BRAWLEY DR SW</StreetAddress>
<StreetAddress2/>
<CountryName>United States</CountryName>
<StateName>Georgia</StateName>
<StateCode>GA</StateCode>
<CONGRESSDISTRICT>05</CONGRESSDISTRICT>
<CONGRESS_DISTRICT_ORG>GA05</CONGRESS_DISTRICT_ORG>
<ORG_UEI_NUM>JGA3E25MFDV9</ORG_UEI_NUM>
<ORG_LGL_BUS_NAME>CLARK ATLANTA UNIVERSITY, INC.</ORG_LGL_BUS_NAME>
<ORG_PRNT_UEI_NUM>JGA3E25MFDV9</ORG_PRNT_UEI_NUM>
</Institution>
<Performance_Institution>
<Name><![CDATA[Clark Atlanta University]]></Name>
<CityName>Atlanta</CityName>
<StateCode>GA</StateCode>
<ZipCode>303144358</ZipCode>
<StreetAddress><![CDATA[223 James P. Brawley Dr. S.W.]]></StreetAddress>
<CountryCode>US</CountryCode>
<CountryName>United States</CountryName>
<StateName>Georgia</StateName>
<CountryFlag>1</CountryFlag>
<CONGRESSDISTRICT>05</CONGRESSDISTRICT>
<CONGRESS_DISTRICT_PERF>GA05</CONGRESS_DISTRICT_PERF>
</Performance_Institution>
<ProgramElement>
<Code>070Y</Code>
<Text>HBCU-EiR - HBCU-Excellence in</Text>
</ProgramElement>
<ProgramElement>
<Code>1253</Code>
<Text>OFFICE OF MULTIDISCIPLINARY AC</Text>
</ProgramElement>
<ProgramElement>
<Code>7623</Code>
<Text>BIOMATERIALS PROGRAM</Text>
</ProgramElement>
<ProgramReference>
<Code>7573</Code>
<Text>BIO-RELATED MATERIALS RESEARCH</Text>
</ProgramReference>
<Appropriation>
<Code>0121</Code>
<Name>NSF RESEARCH &amp; RELATED ACTIVIT</Name>
<APP_SYMB_ID>040100</APP_SYMB_ID>
</Appropriation>
<Fund>
<Code>01002122DB</Code>
<Name><![CDATA[NSF RESEARCH & RELATED ACTIVIT]]></Name>
<FUND_SYMB_ID>040100</FUND_SYMB_ID>
</Fund>
<FUND_OBLG>2021~499999</FUND_OBLG>
</Award>
</rootTag>
