<?xml version="1.0" encoding="UTF-8"?>
<rootTag>
<Award>
<AwardTitle><![CDATA[I-Corps: Self-guiding drilling tool for the oil, gas and geothermal industries]]></AwardTitle>
<AGENCY>NSF</AGENCY>
<AwardEffectiveDate>03/01/2021</AwardEffectiveDate>
<AwardExpirationDate>08/31/2022</AwardExpirationDate>
<AwardTotalIntnAmount>50000.00</AwardTotalIntnAmount>
<AwardAmount>50000</AwardAmount>
<AwardInstrument>
<Value>Standard Grant</Value>
</AwardInstrument>
<Organization>
<Code>15030000</Code>
<Directorate>
<Abbreviation>TIP</Abbreviation>
<LongName>Dir for Tech, Innovation, &amp; Partnerships</LongName>
</Directorate>
<Division>
<Abbreviation>TI</Abbreviation>
<LongName>Translational Impacts</LongName>
</Division>
</Organization>
<ProgramOfficer>
<SignBlockName>Ruth Shuman</SignBlockName>
<PO_EMAI>rshuman@nsf.gov</PO_EMAI>
<PO_PHON>7032922160</PO_PHON>
</ProgramOfficer>
<AbstractNarration><![CDATA[The broader impact/commercial potential of this I-Corps project is the benefits for the energy industry, especially the US oil &amp; gas and geothermal industries. The energy sector is ramping up its digital transformation process as other sectors (e.g. automotive or information technology) have already seen tremendous progress in digitalization. Over the next five years, the markets for traditional drilling tools and digital oilfields are expected to reach $5 billion and $30 billion, respectively. Furthermore, with the increasing clean energy demand and regulations regarding eco-friendliness, the global geothermal energy market is projected to reach $9 billion by 2025, with a significant share held by North America. The proposed, automated, self-guided drilling tool targets this market to reduce the public, environmental, and economic hazards associated with deep oil and geothermal well development. Improved drilling operations will keep the overall drilling rig's footprint low, significantly minimizing sidetracks and non-productive time. Consequently, the intended semi-autonomous process will ultimately reduce costs and energy consumption resulting in more environment-friendly drilling and improved safety.&lt;br/&gt;&lt;br/&gt;This I-Corps project will explore the commercial potential of technology stemming from previously funded drilling automation research. The proposed self-guided drilling tool is superior by at least two automation levels compared to the current market tools, resulting in significant cost savings and improved safety.  Developing a tailored prototype and a functional tool requires a much better understanding of potential customer needs. This I-Corps project aims to discover critical customer needs through comprehensive customer interviews to guide prototype development. Proving technical and economic feasibility of the product will benefit automated drilling operations and open up avenues for implementing the technology in other aspects of process optimization.&lt;br/&gt;&lt;br/&gt;This award reflects NSF's statutory mission and has been deemed worthy of support through evaluation using the Foundation's intellectual merit and broader impacts review criteria.]]></AbstractNarration>
<MinAmdLetterDate>03/04/2021</MinAmdLetterDate>
<MaxAmdLetterDate>05/21/2021</MaxAmdLetterDate>
<ARRAAmount/>
<TRAN_TYPE>Grant</TRAN_TYPE>
<CFDA_NUM>47.041</CFDA_NUM>
<NSF_PAR_USE_FLAG>1</NSF_PAR_USE_FLAG>
<FUND_AGCY_CODE>4900</FUND_AGCY_CODE>
<AWDG_AGCY_CODE>4900</AWDG_AGCY_CODE>
<AwardID>2100640</AwardID>
<Investigator>
<FirstName>Eduardo</FirstName>
<LastName>Gildin</LastName>
<PI_MID_INIT/>
<PI_SUFX_NAME/>
<PI_FULL_NAME>Eduardo Gildin</PI_FULL_NAME>
<EmailAddress><![CDATA[egildin@tamu.edu]]></EmailAddress>
<NSF_ID>000839012</NSF_ID>
<StartDate>03/04/2021</StartDate>
<EndDate/>
<RoleCode>Principal Investigator</RoleCode>
</Investigator>
<Institution>
<Name>Texas A&amp;M Engineering Experiment Station</Name>
<CityName>COLLEGE STATION</CityName>
<ZipCode>778433124</ZipCode>
<PhoneNumber>9798626777</PhoneNumber>
<StreetAddress>3124 TAMU</StreetAddress>
<StreetAddress2/>
<CountryName>United States</CountryName>
<StateName>Texas</StateName>
<StateCode>TX</StateCode>
<CONGRESSDISTRICT>17</CONGRESSDISTRICT>
<CONGRESS_DISTRICT_ORG>TX17</CONGRESS_DISTRICT_ORG>
<ORG_UEI_NUM>QD1MX6N5YTN4</ORG_UEI_NUM>
<ORG_LGL_BUS_NAME>TEXAS A&amp;M ENGINEERING EXPERIMENT STATION</ORG_LGL_BUS_NAME>
<ORG_PRNT_UEI_NUM>QD1MX6N5YTN4</ORG_PRNT_UEI_NUM>
</Institution>
<Performance_Institution>
<Name><![CDATA[Texas A&M Engineering Experiment Station]]></Name>
<CityName>College Station</CityName>
<StateCode>TX</StateCode>
<ZipCode>778454645</ZipCode>
<StreetAddress><![CDATA[3116 TAMU]]></StreetAddress>
<CountryCode>US</CountryCode>
<CountryName>United States</CountryName>
<StateName>Texas</StateName>
<CountryFlag>1</CountryFlag>
<CONGRESSDISTRICT>17</CONGRESSDISTRICT>
<CONGRESS_DISTRICT_PERF>TX17</CONGRESS_DISTRICT_PERF>
</Performance_Institution>
<ProgramElement>
<Code>8023</Code>
<Text>I-Corps</Text>
</ProgramElement>
<ProgramReference>
<Code>8609</Code>
<Text>Other Energy Research</Text>
</ProgramReference>
<Appropriation>
<Code>0121</Code>
<Name>NSF RESEARCH &amp; RELATED ACTIVIT</Name>
<APP_SYMB_ID>040100</APP_SYMB_ID>
</Appropriation>
<Fund>
<Code>01002122DB</Code>
<Name><![CDATA[NSF RESEARCH & RELATED ACTIVIT]]></Name>
<FUND_SYMB_ID>040100</FUND_SYMB_ID>
</Fund>
<FUND_OBLG>2021~50000</FUND_OBLG>
</Award>
</rootTag>
