<?xml version="1.0" encoding="UTF-8"?>
<rootTag>
<Award>
<AwardTitle><![CDATA[Supporting Micro and Nano Technicians through Hybrid Teaching Methods]]></AwardTitle>
<AGENCY>NSF</AGENCY>
<AwardEffectiveDate>07/01/2021</AwardEffectiveDate>
<AwardExpirationDate>06/30/2024</AwardExpirationDate>
<AwardTotalIntnAmount>281983.00</AwardTotalIntnAmount>
<AwardAmount>281983</AwardAmount>
<AwardInstrument>
<Value>Standard Grant</Value>
</AwardInstrument>
<Organization>
<Code>11040100</Code>
<Directorate>
<Abbreviation>EHR</Abbreviation>
<LongName>Direct For Education and Human Resources</LongName>
</Directorate>
<Division>
<Abbreviation>DUE</Abbreviation>
<LongName>Division Of Undergraduate Education</LongName>
</Division>
</Organization>
<ProgramOfficer>
<SignBlockName>Michael Davis</SignBlockName>
<PO_EMAI>mdavis@nsf.gov</PO_EMAI>
<PO_PHON>7032927166</PO_PHON>
</ProgramOfficer>
<AbstractNarration><![CDATA[Labor market data show that Micro and Nano Technicians are in high demand throughout the American Southwest.  Employers have indicated that they have trouble identifying potential hires with the right combination of experience and industry knowledge.  This project at Rio Salado College, in collaboration with Arizona State University, seeks to address the critical need for skilled Micro and Nano Technicians throughout Arizona and the American Southwest.  It intends to do so by developing a technician education program with a hybrid learning environment that prepares students to quickly enter the workforce.  This award will enable Rio Salado to (1) offer a six-course certificate, and an associate degree in Nanotechnology, (2) provide an accessible and affordable academic program for students to gain employable skills, (3) actively recruit students from underrepresented and underserved groups, and (4) establish partnerships with industry and other partners to prepare students to fabricate and characterize materials for biological, textile, chemical, light, and electrical applications, all at the micro and nanometer scale.  The project team expects that the combination of flexible course options and student recruiting will increase the number of highly skilled technicians who meet industry needs.  &lt;br/&gt;&lt;br/&gt;Central to this project is the development and testing of a hybrid Micro and Nano Technology academic program that will train or reskill students.  This project will advance career and technical education by providing insights about alternative training models that are both accessible and affordable for non-traditional students.  An estimated 30 students will complete either a certificate or an associate degree, and at least 8 community college and secondary school educators will receive relevant training that will enhance their teaching with industry relevant concepts and skills.  This project will generate new knowledge about how non-traditional students use flexible pathways to complete their educational, career, and professional goals.  Rio Salado College will share the results of this work through national technical education conferences and with other colleges in the Maricopa County Community College District.  This project is funded by the Advanced Technological Education program that focuses on the education of technicians for the advanced-technology fields that drive the nation's economy.&lt;br/&gt;&lt;br/&gt;This award reflects NSF's statutory mission and has been deemed worthy of support through evaluation using the Foundation's intellectual merit and broader impacts review criteria.]]></AbstractNarration>
<MinAmdLetterDate>03/17/2021</MinAmdLetterDate>
<MaxAmdLetterDate>05/21/2021</MaxAmdLetterDate>
<ARRAAmount/>
<TRAN_TYPE>Grant</TRAN_TYPE>
<CFDA_NUM>47.076</CFDA_NUM>
<NSF_PAR_USE_FLAG>1</NSF_PAR_USE_FLAG>
<FUND_AGCY_CODE>4900</FUND_AGCY_CODE>
<AWDG_AGCY_CODE>4900</AWDG_AGCY_CODE>
<AwardID>2100402</AwardID>
<Investigator>
<FirstName>Trevor</FirstName>
<LastName>Thornton</LastName>
<PI_MID_INIT/>
<PI_SUFX_NAME/>
<PI_FULL_NAME>Trevor Thornton</PI_FULL_NAME>
<EmailAddress><![CDATA[t.thornton@asu.edu]]></EmailAddress>
<NSF_ID>000202478</NSF_ID>
<StartDate>03/17/2021</StartDate>
<EndDate/>
<RoleCode>Co-Principal Investigator</RoleCode>
</Investigator>
<Investigator>
<FirstName>Richard</FirstName>
<LastName>Vaughn</LastName>
<PI_MID_INIT/>
<PI_SUFX_NAME/>
<PI_FULL_NAME>Richard Vaughn</PI_FULL_NAME>
<EmailAddress><![CDATA[rick.vaughn@riosalado.edu]]></EmailAddress>
<NSF_ID>000614588</NSF_ID>
<StartDate>03/17/2021</StartDate>
<EndDate/>
<RoleCode>Principal Investigator</RoleCode>
</Investigator>
<Institution>
<Name>Maricopa County Community College District</Name>
<CityName>Tempe</CityName>
<ZipCode>852816941</ZipCode>
<PhoneNumber>4807318402</PhoneNumber>
<StreetAddress>2411 W 14th St</StreetAddress>
<StreetAddress2/>
<CountryName>United States</CountryName>
<StateName>Arizona</StateName>
<StateCode>AZ</StateCode>
<CONGRESSDISTRICT>09</CONGRESSDISTRICT>
<CONGRESS_DISTRICT_ORG>AZ09</CONGRESS_DISTRICT_ORG>
<ORG_UEI_NUM>L2V3TUBLQR27</ORG_UEI_NUM>
<ORG_LGL_BUS_NAME>MARICOPA COUNTY COMMUNITY COLLEGE DISTRICT</ORG_LGL_BUS_NAME>
<ORG_PRNT_UEI_NUM>L2V3TUBLQR27</ORG_PRNT_UEI_NUM>
</Institution>
<Performance_Institution>
<Name><![CDATA[Rio Salado College]]></Name>
<CityName>Tempe</CityName>
<StateCode>AZ</StateCode>
<ZipCode>852816941</ZipCode>
<StreetAddress><![CDATA[2323 W 14th St]]></StreetAddress>
<CountryCode>US</CountryCode>
<CountryName>United States</CountryName>
<StateName>Arizona</StateName>
<CountryFlag>1</CountryFlag>
<CONGRESSDISTRICT>09</CONGRESSDISTRICT>
<CONGRESS_DISTRICT_PERF>AZ09</CONGRESS_DISTRICT_PERF>
</Performance_Institution>
<ProgramElement>
<Code>7412</Code>
<Text>Advanced Tech Education Prog</Text>
</ProgramElement>
<ProgramReference>
<Code>1032</Code>
<Text>ADVANCED TECHNOLOGY EDUCATION</Text>
</ProgramReference>
<ProgramReference>
<Code>9178</Code>
<Text>UNDERGRADUATE EDUCATION</Text>
</ProgramReference>
<ProgramReference>
<Code>SMET</Code>
<Text>SCIENCE, MATH, ENG &amp; TECH EDUCATION</Text>
</ProgramReference>
<Appropriation>
<Code>0421</Code>
<Name>NSF Education &amp; Human Resource</Name>
<APP_SYMB_ID>040106</APP_SYMB_ID>
</Appropriation>
<Fund>
<Code>04002122DB</Code>
<Name><![CDATA[NSF Education & Human Resource]]></Name>
<FUND_SYMB_ID>040106</FUND_SYMB_ID>
</Fund>
<FUND_OBLG>2021~281983</FUND_OBLG>
</Award>
</rootTag>
