<?xml version="1.0" encoding="UTF-8"?>
<rootTag>
<Award>
<AwardTitle><![CDATA[Excellence in Research: PAH1-mediated regulation of lipid synthesis in the model oleaginous yeast Yarrowia lipolytica]]></AwardTitle>
<AGENCY>NSF</AGENCY>
<AwardEffectiveDate>09/01/2021</AwardEffectiveDate>
<AwardExpirationDate>08/31/2024</AwardExpirationDate>
<AwardTotalIntnAmount>534963.00</AwardTotalIntnAmount>
<AwardAmount>534963</AwardAmount>
<AwardInstrument>
<Value>Standard Grant</Value>
</AwardInstrument>
<Organization>
<Code>08070000</Code>
<Directorate>
<Abbreviation>BIO</Abbreviation>
<LongName>Direct For Biological Sciences</LongName>
</Directorate>
<Division>
<Abbreviation>MCB</Abbreviation>
<LongName>Div Of Molecular and Cellular Bioscience</LongName>
</Division>
</Organization>
<ProgramOfficer>
<SignBlockName>Matt Buechner</SignBlockName>
<PO_EMAI>mbuechne@nsf.gov</PO_EMAI>
<PO_PHON>7032924675</PO_PHON>
</ProgramOfficer>
<AbstractNarration><![CDATA[Biofuels are renewable fuels that can replace nonrenewable fossil fuels and thus decrease US dependency on oil. Microorganisms such as yeasts produce lipid-based biofuels that are considered a viable alternative to oil.  However, the large-scale production of microbial biofuels has lagged because the low yields make the economics unfavorable. The project aims to study the catalysts that convert raw materials to lipid biofuels in yeast cells. This knowledge is important for increasing the yields of lipid-based biofuels. The next step will be to use this knowledge to design more efficient production processes for biofuels. In addition, this research will provide training opportunities for African-American graduate and undergraduate students. Specifically, first-generation African American undergraduate students will be the focus of the project because they have lower graduation rates and lower graduate enrollment rates compared to white peers. The hands-on training and intensive mentoring that the PIs will provide will increase these students' retention and graduation rates and prepare them for graduate programs. &lt;br/&gt; &lt;br/&gt;Phosphatidate phosphatase (PAP) enzymes are major regulators of lipid biosynthesis in eukaryotic cells. Mammalian cells express three PAP enzymes, named lipins, while yeasts express a single lipin homolog encoded by the PAH1 gene.  PAP enzymes catalyze the Mg+2-dependent dephosphorylation of phosphatidate, and the product diacylglycerol is used to synthesize the storage lipid triacylglycerol. Lipins also act as transcriptional activators. In the oleaginous yeast Yarrowia lipolytica, the PAP activity is induced in cells growing in lipogenic media, and this induction correlates with increased lipid amounts in the cells. In this research, the role of PAH1 in lipogenesis will be studied in more detail using approaches that combine biochemistry and molecular genetics with -omics studies.  Mutant cells that lack Pah1 (i.e., pah1Δ) or express catalytically inactive forms of the protein will be used to establish the role of Pah1 in lipogenesis.  Pah1 is a cytosolic protein that translocates to the membrane fraction where the substrate phosphatidate resides to catalyze its reaction.  The protein subcellular location during lipogenesis will be studied via fractionation coupled with immunoblot analysis and by microscopy. The global effect of the pah1Δ mutation on cell physiology will be studied by transcriptomic and lipidomics analyses.&lt;br/&gt;&lt;br/&gt;This project is jointly funded by the Historically Black Colleges and Universities - Excellence in Research Program (EiR), the Established Program to Stimulate Competitive Research (EPSCoR), and the Historically Black Colleges and Universities - Undergraduate Program (HBCU-UP) of the Division of Human Resource Development.&lt;br/&gt;&lt;br/&gt;This award reflects NSF's statutory mission and has been deemed worthy of support through evaluation using the Foundation's intellectual merit and broader impacts review criteria.]]></AbstractNarration>
<MinAmdLetterDate>08/24/2021</MinAmdLetterDate>
<MaxAmdLetterDate>08/24/2021</MaxAmdLetterDate>
<ARRAAmount/>
<TRAN_TYPE>Grant</TRAN_TYPE>
<CFDA_NUM>47.074</CFDA_NUM>
<NSF_PAR_USE_FLAG>1</NSF_PAR_USE_FLAG>
<FUND_AGCY_CODE>4900</FUND_AGCY_CODE>
<AWDG_AGCY_CODE>4900</AWDG_AGCY_CODE>
<AwardID>2100980</AwardID>
<Investigator>
<FirstName>Stylianos</FirstName>
<LastName>Fakas</LastName>
<PI_MID_INIT/>
<PI_SUFX_NAME/>
<PI_FULL_NAME>Stylianos Fakas</PI_FULL_NAME>
<EmailAddress><![CDATA[stylianos.fakas@aamu.edu]]></EmailAddress>
<NSF_ID>000768568</NSF_ID>
<StartDate>08/24/2021</StartDate>
<EndDate/>
<RoleCode>Principal Investigator</RoleCode>
</Investigator>
<Investigator>
<FirstName>Venkateswara</FirstName>
<LastName>Sripathi</LastName>
<PI_MID_INIT/>
<PI_SUFX_NAME/>
<PI_FULL_NAME>Venkateswara Sripathi</PI_FULL_NAME>
<EmailAddress><![CDATA[v.sripathi@aamu.edu]]></EmailAddress>
<NSF_ID>000768573</NSF_ID>
<StartDate>08/24/2021</StartDate>
<EndDate/>
<RoleCode>Co-Principal Investigator</RoleCode>
</Investigator>
<Institution>
<Name>Alabama A&amp;M University</Name>
<CityName>NORMAL</CityName>
<ZipCode>35762</ZipCode>
<PhoneNumber>2563728186</PhoneNumber>
<StreetAddress>105 PATTON BUILDING</StreetAddress>
<StreetAddress2/>
<CountryName>United States</CountryName>
<StateName>Alabama</StateName>
<StateCode>AL</StateCode>
<CONGRESSDISTRICT>05</CONGRESSDISTRICT>
<CONGRESS_DISTRICT_ORG>AL05</CONGRESS_DISTRICT_ORG>
<ORG_UEI_NUM>JDVGS67MSLH7</ORG_UEI_NUM>
<ORG_LGL_BUS_NAME>ALABAMA A &amp; M UNIVERSITY</ORG_LGL_BUS_NAME>
<ORG_PRNT_UEI_NUM>JDVGS67MSLH7</ORG_PRNT_UEI_NUM>
</Institution>
<Performance_Institution>
<Name><![CDATA[Alabama A&M University]]></Name>
<CityName>Normal</CityName>
<StateCode>AL</StateCode>
<ZipCode>357621628</ZipCode>
<StreetAddress><![CDATA[114 ARC Building]]></StreetAddress>
<CountryCode>US</CountryCode>
<CountryName>United States</CountryName>
<StateName>Alabama</StateName>
<CountryFlag>1</CountryFlag>
<CONGRESSDISTRICT>05</CONGRESSDISTRICT>
<CONGRESS_DISTRICT_PERF>AL05</CONGRESS_DISTRICT_PERF>
</Performance_Institution>
<ProgramElement>
<Code>070Y</Code>
<Text>HBCU-EiR - HBCU-Excellence in</Text>
</ProgramElement>
<ProgramElement>
<Code>1594</Code>
<Text>Hist Black Colleges and Univ</Text>
</ProgramElement>
<ProgramElement>
<Code>9150</Code>
<Text>EPSCoR Co-Funding</Text>
</ProgramElement>
<ProgramReference>
<Code>7465</Code>
<Text>NANOSCALE BIO CORE</Text>
</ProgramReference>
<ProgramReference>
<Code>9150</Code>
<Text>EXP PROG TO STIM COMP RES</Text>
</ProgramReference>
<Appropriation>
<Code>0121</Code>
<Name>NSF RESEARCH &amp; RELATED ACTIVIT</Name>
<APP_SYMB_ID>040100</APP_SYMB_ID>
</Appropriation>
<Appropriation>
<Code>0421</Code>
<Name>NSF Education &amp; Human Resource</Name>
<APP_SYMB_ID>040106</APP_SYMB_ID>
</Appropriation>
<Fund>
<Code>01002122DB</Code>
<Name><![CDATA[NSF RESEARCH & RELATED ACTIVIT]]></Name>
<FUND_SYMB_ID>040100</FUND_SYMB_ID>
</Fund>
<Fund>
<Code>04002122DB</Code>
<Name><![CDATA[NSF Education & Human Resource]]></Name>
<FUND_SYMB_ID>040106</FUND_SYMB_ID>
</Fund>
<FUND_OBLG>2021~534963</FUND_OBLG>
</Award>
</rootTag>
