<?xml version="1.0" encoding="UTF-8"?>
<rootTag>
<Award>
<AwardTitle>Collaborative Research: Regional  impacts of increasing fire frequency on carbon dynamics and  species composition in the boreal forest</AwardTitle>
<AGENCY>NSF</AGENCY>
<AwardEffectiveDate>10/01/2020</AwardEffectiveDate>
<AwardExpirationDate>01/31/2023</AwardExpirationDate>
<AwardTotalIntnAmount>378072.00</AwardTotalIntnAmount>
<AwardAmount>174020</AwardAmount>
<AwardInstrument>
<Value>Standard Grant</Value>
</AwardInstrument>
<Organization>
<Code>06090100</Code>
<Directorate>
<Abbreviation>GEO</Abbreviation>
<LongName>Directorate For Geosciences</LongName>
</Directorate>
<Division>
<Abbreviation>OPP</Abbreviation>
<LongName>Office of Polar Programs (OPP)</LongName>
</Division>
</Organization>
<ProgramOfficer>
<SignBlockName>Marc Stieglitz</SignBlockName>
<PO_EMAI>mstiegli@nsf.gov</PO_EMAI>
<PO_PHON>7032924354</PO_PHON>
</ProgramOfficer>
<AbstractNarration>The Arctic is warming faster than any other area of the world and its boreal forests have experienced dramatic increases in the size and frequency of fires. The fast pace of these changes has prompted concern because boreal forests make up about a third of all forests worldwide, contain almost half of the world's stored carbon, and have been historically stable with black spruce dominating this landscape for the past 6,000 years. Warming of 2-8 °C is projected by the end of the century and the emergence of a new fire regime threatens to disrupt this forest ecosystem. For example, in some regions of interior Alaska, the fire return interval has decreased to 10-50 years, causing shifts from black spruce to deciduous trees and grasses. Changes in the climate and fire regime are also expected to affect global carbon cycling since fires and thawing of frozen soils (permafrost) may release large amounts of carbon into the atmosphere. This research will incorporate field studies and computer simulations to determine how fire frequency and climate change affect shifts between vegetation types (e.g. switch from conifer to grasses) and long term carbon storage in this vast and under-studied region. The study will train graduate students and involve Native American high school students from the Rural Alaska Honors Institute (RAHI) in field work. The investigators will collaborate with Your World Rocks (YWR), a nonprofit organization of female scientists and engineers dedicated to promoting science education in elementary schools. They will develop hands-on activities focusing on climate change, forests, and fire and conduct free hands-on activities in elementary schools in the greater Portland/Vancouver metro area, with a particular focus on underserved Title 1 schools. &lt;br/&gt;&lt;br/&gt;The fast pace of climate warming and an increase in fire frequency over the past few decades in northern latitudes has raised concerns about major shifts in vegetation and the long-term ability of ecosystems to capture and store carbon. Boreal forest ecosystems account for about 33% of all forests worldwide and contain about 45% of the world's carbon stocks, with the majority (~85%) stored belowground. For the past 6,000 years, black spruce (Picea mariana (Mill.) B.S.P.) has been the dominant species over a large proportion of this landscape, exhibiting substantial resilience to changes in climate. However, unprecedented warming (causing earlier snowmelt, permafrost thawing, and longer growing seasons) and the emergence of a new fire regime over the past 60 years threatens to disrupt the existing dominance by black spruce and release globally significant amounts of carbon into the atmosphere. The goal of this research is to quantify the potential for large-scale changes in carbon (C) sink strength, C stocks, and vegetation in boreal forests due to climate change and repeated wildfires by integrating mechanistic field and lab work with dynamic, spatially explicit landscape modeling. Working in central Alaska, the investigators will: 1) determine how fire frequency and climate change affect successional trajectories and above- and belowground C cycling, and 2) assess how the mechanisms that cause tipping points between vegetation types (i.e. conifer, hardwood, graminoid) and C sequestration (i.e. sink, source) vary spatially and temporally. To achieve these objectives, the investiagors will empirically measure above- and belowground C stocks, productivity, heterotrophic respiration, soil temperature and moisture content, and active layer thickness in the field and quantify C mineralization using laboratory soil incubations. They will also develop and validate a physically based permafrost/hydrology module for a widely-used, high resolution landscape simulation model (LANDIS-II) to forecast long-term dynamics of species composition and C source/sink status given projected changes in climate (including thawing permafrost) and fire. The work will improve our understanding of how C cycling and species composition in boreal forests will respond to climate change and disturbances at the fine spatial scales critical to accurately project the future of the boreal forest.</AbstractNarration>
<MinAmdLetterDate>12/07/2020</MinAmdLetterDate>
<MaxAmdLetterDate>12/07/2020</MaxAmdLetterDate>
<ARRAAmount/>
<TRAN_TYPE>Grant</TRAN_TYPE>
<CFDA_NUM>47.078</CFDA_NUM>
<NSF_PAR_USE_FLAG>1</NSF_PAR_USE_FLAG>
<FUND_AGCY_CODE>4900</FUND_AGCY_CODE>
<AWDG_AGCY_CODE>4900</AWDG_AGCY_CODE>
<AwardID>2100393</AwardID>
<Investigator>
<FirstName>Melissa</FirstName>
<LastName>Lucash</LastName>
<PI_MID_INIT>S</PI_MID_INIT>
<PI_SUFX_NAME/>
<PI_FULL_NAME>Melissa S Lucash</PI_FULL_NAME>
<EmailAddress>mlucash@uoregon.edu</EmailAddress>
<PI_PHON>9712708659</PI_PHON>
<NSF_ID>000593354</NSF_ID>
<StartDate>12/07/2020</StartDate>
<EndDate/>
<RoleCode>Principal Investigator</RoleCode>
</Investigator>
<Institution>
<Name>University of Oregon Eugene</Name>
<CityName>EUGENE</CityName>
<ZipCode>974031657</ZipCode>
<PhoneNumber>5413465131</PhoneNumber>
<StreetAddress>1585 E 13TH AVE</StreetAddress>
<StreetAddress2/>
<CountryName>United States</CountryName>
<StateName>Oregon</StateName>
<StateCode>OR</StateCode>
<CONGRESSDISTRICT>04</CONGRESSDISTRICT>
<CONGRESS_DISTRICT_ORG>OR04</CONGRESS_DISTRICT_ORG>
<ORG_UEI_NUM>Z3FGN9MF92U2</ORG_UEI_NUM>
<ORG_LGL_BUS_NAME>UNIVERSITY OF OREGON</ORG_LGL_BUS_NAME>
<ORG_PRNT_UEI_NUM>L17DBQFXJVJ6</ORG_PRNT_UEI_NUM>
</Institution>
<Performance_Institution>
<Name><![CDATA[Portland State University]]></Name>
<CityName>Portland</CityName>
<StateCode>OR</StateCode>
<ZipCode>972070751</ZipCode>
<StreetAddress><![CDATA[PO Box 751-SPA]]></StreetAddress>
<CountryCode>US</CountryCode>
<CountryName>United States</CountryName>
<StateName>Oregon</StateName>
<CountryFlag>1</CountryFlag>
<CONGRESSDISTRICT>03</CONGRESSDISTRICT>
<CONGRESS_DISTRICT_PERF>OR03</CONGRESS_DISTRICT_PERF>
</Performance_Institution>
<ProgramElement>
<Code>1181</Code>
<Text>ECOSYSTEM STUDIES</Text>
</ProgramElement>
<ProgramElement>
<Code>5280</Code>
<Text>ANS-Arctic Natural Sciences</Text>
</ProgramElement>
<ProgramReference>
<Code>1079</Code>
<Text>ARCTIC RESEARCH</Text>
</ProgramReference>
<Appropriation>
<Code>0117</Code>
<Name>NSF RESEARCH &amp; RELATED ACTIVIT</Name>
<APP_SYMB_ID>040100</APP_SYMB_ID>
</Appropriation>
<Appropriation>
<Code>02XX</Code>
<Name>NSF RESEARCH &amp; RELATED ACTIVIT</Name>
<APP_SYMB_ID>040100</APP_SYMB_ID>
</Appropriation>
<Fund>
<Code>01001718DB</Code>
<Name><![CDATA[NSF RESEARCH & RELATED ACTIVIT]]></Name>
<FUND_SYMB_ID>040100</FUND_SYMB_ID>
</Fund>
<Fund>
<Code>0100XXXXDB</Code>
<Name><![CDATA[NSF RESEARCH & RELATED ACTIVIT]]></Name>
<FUND_SYMB_ID>040100</FUND_SYMB_ID>
</Fund>
<FUND_OBLG>2017~174020</FUND_OBLG>
</Award>
</rootTag>
