<?xml version="1.0" encoding="UTF-8"?>
<rootTag>
<Award>
<AwardTitle>Collaborative Research: What Black Doctoral Students in STEM Want and What Their Faculty are Giving: How the Differences Impact Students’ Mental Health and Career Trajectory</AwardTitle>
<AGENCY>NSF</AGENCY>
<AwardEffectiveDate>06/15/2021</AwardEffectiveDate>
<AwardExpirationDate>05/31/2024</AwardExpirationDate>
<AwardTotalIntnAmount>744966.00</AwardTotalIntnAmount>
<AwardAmount>744966</AwardAmount>
<AwardInstrument>
<Value>Standard Grant</Value>
</AwardInstrument>
<Organization>
<Code>11060000</Code>
<Directorate>
<Abbreviation>EHR</Abbreviation>
<LongName>Direct For Education and Human Resources</LongName>
</Directorate>
<Division>
<Abbreviation>HRD</Abbreviation>
<LongName>Division Of Human Resource Development</LongName>
</Division>
</Organization>
<ProgramOfficer>
<SignBlockName>Jeremy Guinn</SignBlockName>
<PO_EMAI>jguinn@nsf.gov</PO_EMAI>
<PO_PHON>7032928193</PO_PHON>
</ProgramOfficer>
<AbstractNarration>To increase the diversity of the PhD-prepared workforce, understanding underlying issues affecting retention and completion of doctoral degrees is essential. Researchers at Arizona State University and University of Massachusetts Boston, propose to study the expressed needs of Black doctoral students in relation to faculty perceptions of what they are providing during advising relationships. Understanding the mental health impacts of cumulative experiences that marginalize Black graduate students, will advance knowledge by providing recommendations for developing inclusive environments and mentoring strategies that are effective at supporting Black students. Through a two-phase design, the project aims to use detailed interviews regarding the experiences of marginalization, mental health, and career trajectory decisions of graduate students, and faculty perceptions of supports and contributors or deterrents to providing supports. The project is aligned with the EHR Core Research program’s goal of addressing challenges in STEM interest, learning, and participation. &lt;br/&gt;&lt;br/&gt;The research design is framed by extending Role Strain Theory to include the tension that Black students may feel in relationships during graduate programs. The central hypothesis is that intersectional experiences of marginalization and the STEM environment among Black doctoral students impact mental health and career trajectory decisions. The project aims to understand the contributors and deterrents for faculty to address systemic barriers. A nationwide sampling strategy will include representation from Historically Black Colleges and Universities (HBCUs), Predominately White Institutions (PWIs), and Minority-Serving Institutions (MSIs). The project aims to match critical identity aspects in the interviewer-interviewee pairing within each phase of the project. Phenomenological principles grounded in a social constructivist paradigm will guide the interpretation of individual interviews. The research responds to the need for understanding barriers to success in graduate programs for Black students by novel coordination and expansion of traditional educational research strategies with strategies typically utilized by counseling psychologists. The creation of a tip sheet on promising practices for supporting Black students and an online repository aims to inform faculty advisors who seek to improve communication and mentoring for their students. &lt;br/&gt;&lt;br/&gt;The project is funded by the EHR Core Research program that supports fundamental research focused on STEM learning and learning environments, broadening participation in STEM, and STEM professional workforce development.&lt;br/&gt;&lt;br/&gt;This award reflects NSF's statutory mission and has been deemed worthy of support through evaluation using the Foundation's intellectual merit and broader impacts review criteria.</AbstractNarration>
<MinAmdLetterDate>06/14/2021</MinAmdLetterDate>
<MaxAmdLetterDate>06/14/2021</MaxAmdLetterDate>
<ARRAAmount/>
<TRAN_TYPE>Grant</TRAN_TYPE>
<CFDA_NUM>47.076</CFDA_NUM>
<NSF_PAR_USE_FLAG>1</NSF_PAR_USE_FLAG>
<FUND_AGCY_CODE>4900</FUND_AGCY_CODE>
<AWDG_AGCY_CODE>4900</AWDG_AGCY_CODE>
<AwardID>2100408</AwardID>
<Investigator>
<FirstName>Jennifer</FirstName>
<LastName>Bekki</LastName>
<PI_MID_INIT>M</PI_MID_INIT>
<PI_SUFX_NAME/>
<PI_FULL_NAME>Jennifer M Bekki</PI_FULL_NAME>
<EmailAddress>jennifer.bekki@asu.edu</EmailAddress>
<PI_PHON>4807275127</PI_PHON>
<NSF_ID>000519104</NSF_ID>
<StartDate>06/14/2021</StartDate>
<EndDate/>
<RoleCode>Co-Principal Investigator</RoleCode>
</Investigator>
<Investigator>
<FirstName>Brooke</FirstName>
<LastName>Coley</LastName>
<PI_MID_INIT>C</PI_MID_INIT>
<PI_SUFX_NAME/>
<PI_FULL_NAME>Brooke C Coley</PI_FULL_NAME>
<EmailAddress>Brooke.Coley@asu.edu</EmailAddress>
<PI_PHON>4809655479</PI_PHON>
<NSF_ID>000718380</NSF_ID>
<StartDate>06/14/2021</StartDate>
<EndDate/>
<RoleCode>Principal Investigator</RoleCode>
</Investigator>
<Institution>
<Name>Arizona State University</Name>
<CityName>TEMPE</CityName>
<ZipCode>852813670</ZipCode>
<PhoneNumber>4809655479</PhoneNumber>
<StreetAddress>660 S MILL AVE STE 312</StreetAddress>
<StreetAddress2/>
<CountryName>United States</CountryName>
<StateName>Arizona</StateName>
<StateCode>AZ</StateCode>
<CONGRESSDISTRICT>09</CONGRESSDISTRICT>
<CONGRESS_DISTRICT_ORG>AZ09</CONGRESS_DISTRICT_ORG>
<ORG_UEI_NUM>NTLHJXM55KZ6</ORG_UEI_NUM>
<ORG_LGL_BUS_NAME>ARIZONA STATE UNIVERSITY</ORG_LGL_BUS_NAME>
<ORG_PRNT_UEI_NUM>HX59VKHQH1V7</ORG_PRNT_UEI_NUM>
</Institution>
<Performance_Institution>
<Name><![CDATA[Arizona State University]]></Name>
<CityName/>
<StateCode>AZ</StateCode>
<ZipCode>852876011</ZipCode>
<StreetAddress/>
<CountryCode>US</CountryCode>
<CountryName>United States</CountryName>
<StateName>Arizona</StateName>
<CountryFlag>1</CountryFlag>
<CONGRESSDISTRICT>09</CONGRESSDISTRICT>
<CONGRESS_DISTRICT_PERF>AZ09</CONGRESS_DISTRICT_PERF>
</Performance_Institution>
<ProgramElement>
<Code>7980</Code>
<Text>ECR-EHR Core Research</Text>
</ProgramElement>
<ProgramReference>
<Code>8212</Code>
<Text>Broaden Particip STEM Resrch</Text>
</ProgramReference>
<ProgramReference>
<Code>8816</Code>
<Text>Workforce Development</Text>
</ProgramReference>
<Appropriation>
<Code>0421</Code>
<Name>NSF Education &amp; Human Resource</Name>
<APP_SYMB_ID>040106</APP_SYMB_ID>
</Appropriation>
<Fund>
<Code>04002122DB</Code>
<Name><![CDATA[NSF Education & Human Resource]]></Name>
<FUND_SYMB_ID>040106</FUND_SYMB_ID>
</Fund>
<FUND_OBLG>2021~744966</FUND_OBLG>
</Award>
</rootTag>
