<?xml version="1.0" encoding="UTF-8"?>
<rootTag>
<Award>
<AwardTitle>Defining, Measuring, and Promoting Mathematical Flexibility in Undergraduate Education</AwardTitle>
<AGENCY>NSF</AGENCY>
<AwardEffectiveDate>10/15/2021</AwardEffectiveDate>
<AwardExpirationDate>09/30/2024</AwardExpirationDate>
<AwardTotalIntnAmount>624951.00</AwardTotalIntnAmount>
<AwardAmount>624951</AwardAmount>
<AwardInstrument>
<Value>Standard Grant</Value>
</AwardInstrument>
<Organization>
<Code>11040000</Code>
<Directorate>
<Abbreviation>EHR</Abbreviation>
<LongName>Direct For Education and Human Resources</LongName>
</Directorate>
<Division>
<Abbreviation>DUE</Abbreviation>
<LongName>Division Of Undergraduate Education</LongName>
</Division>
</Organization>
<ProgramOfficer>
<SignBlockName>Mike Ferrara</SignBlockName>
<PO_EMAI>mferrara@nsf.gov</PO_EMAI>
<PO_PHON>7032922635</PO_PHON>
</ProgramOfficer>
<AbstractNarration>Investigating mathematical flexibility, where a user of mathematics recognizes that a problem can be solved in multiple ways and chooses an approach that is most appropriate to the given task, is the focus of this proposal. The importance of the mathematical sciences to the global economy has increased dramatically in recent years, due in part to the big data revolution and the continued rapid expansion of the Internet and related technologies. Flexible knowledge of mathematical procedures is known to support conceptual understanding and is therefore an essential aspect of mathematical learning. Much of what is known about procedural flexibility in mathematics and classroom strategies to promote its development has centered on middle school students, often involving their processes for solving linear equations. This project will expand and innovate on the existing literature and contribute to increased understanding of how procedural flexibility develops and how to teach for such flexibility throughout a student’s education. Major project activities include the development of a theory of procedural flexibility in undergraduate mathematics, the creation of an instrument to measure that flexibility in students, and a study to understand how educators’ choices in the classroom might contribute to increased procedural flexibility. The project will also undertake a preliminary study of how procedural flexibility impacts students’ mathematical confidence. The ultimate goal is to develop the theory and measurement tools necessary to support simple but profound ways of developing undergraduate students’ flexibility as a means to support their larger mathematical learning and understanding. &lt;br/&gt;&lt;br/&gt;This project will support a broader understanding of flexible procedural knowledge of mathematics at the undergraduate level in several stages. First, an operational definition of “flexibility” that is particularly relevant to undergraduate mathematics will be developed. This theory will be developed through analysis of both existing research on flexibility and authentic student procedural performances. Building from the developed theory, the project will next develop ways of observing and identifying flexibility in student work, including the creation of an instrument to measure procedural flexibility in undergraduate settings.  These theoretical and measurement tools will allow for a deeper study of instructional practices that promote growth in procedural flexibility. Through these activities, this project aims to make significant contributions to both the theoretical underpinnings and the teaching of flexibility in mathematics. Expected project outcomes include expansion and generalization previous research findings, specifically that favorable gains in students’ procedural flexibility, and thereby their mathematical content knowledge, can be realized through purposeful, straightforward changes in classroom practice. This project is funded by the EHR Core Research (ECR) program, which supports work that advances fundamental research on STEM learning and learning environments, broadening participation in STEM, and STEM workforce development.&lt;br/&gt;&lt;br/&gt;This award reflects NSF's statutory mission and has been deemed worthy of support through evaluation using the Foundation's intellectual merit and broader impacts review criteria.</AbstractNarration>
<MinAmdLetterDate>07/12/2021</MinAmdLetterDate>
<MaxAmdLetterDate>07/12/2021</MaxAmdLetterDate>
<ARRAAmount/>
<TRAN_TYPE>Grant</TRAN_TYPE>
<CFDA_NUM>47.076</CFDA_NUM>
<NSF_PAR_USE_FLAG>1</NSF_PAR_USE_FLAG>
<FUND_AGCY_CODE>4900</FUND_AGCY_CODE>
<AWDG_AGCY_CODE>4900</AWDG_AGCY_CODE>
<AwardID>2100396</AwardID>
<Investigator>
<FirstName>Wes</FirstName>
<LastName>Maciejewski</LastName>
<PI_MID_INIT/>
<PI_SUFX_NAME/>
<PI_FULL_NAME>Wes Maciejewski</PI_FULL_NAME>
<EmailAddress>wesley.maciejewski@sjsu.edu</EmailAddress>
<PI_PHON>6692655096</PI_PHON>
<NSF_ID>000838325</NSF_ID>
<StartDate>07/12/2021</StartDate>
<EndDate/>
<RoleCode>Principal Investigator</RoleCode>
</Investigator>
<Institution>
<Name>San Jose State University Foundation</Name>
<CityName>SAN JOSE</CityName>
<ZipCode>951125569</ZipCode>
<PhoneNumber>4089241400</PhoneNumber>
<StreetAddress>210 4TH ST 3RD FL</StreetAddress>
<StreetAddress2/>
<CountryName>United States</CountryName>
<StateName>California</StateName>
<StateCode>CA</StateCode>
<CONGRESSDISTRICT>19</CONGRESSDISTRICT>
<CONGRESS_DISTRICT_ORG>CA19</CONGRESS_DISTRICT_ORG>
<ORG_UEI_NUM>LJBXV5VF2BT9</ORG_UEI_NUM>
<ORG_LGL_BUS_NAME>SAN JOSE STATE UNIVERSITY RESEARCH FOUNDATION</ORG_LGL_BUS_NAME>
<ORG_PRNT_UEI_NUM>LJBXV5VF2BT9</ORG_PRNT_UEI_NUM>
</Institution>
<Performance_Institution>
<Name><![CDATA[San Jose State University]]></Name>
<CityName>San Jose</CityName>
<StateCode>CA</StateCode>
<ZipCode>951921001</ZipCode>
<StreetAddress><![CDATA[One Washington Square]]></StreetAddress>
<CountryCode>US</CountryCode>
<CountryName>United States</CountryName>
<StateName>California</StateName>
<CountryFlag>1</CountryFlag>
<CONGRESSDISTRICT>19</CONGRESSDISTRICT>
<CONGRESS_DISTRICT_PERF>CA19</CONGRESS_DISTRICT_PERF>
</Performance_Institution>
<ProgramElement>
<Code>7980</Code>
<Text>ECR-EHR Core Research</Text>
</ProgramElement>
<ProgramReference>
<Code>102Z</Code>
<Text>COVID-Disproportionate Impcts Inst-Indiv</Text>
</ProgramReference>
<ProgramReference>
<Code>8238</Code>
<Text>DCLS-Hispanic Serving Inst</Text>
</ProgramReference>
<ProgramReference>
<Code>8817</Code>
<Text>STEM Learning &amp; Learning Environments</Text>
</ProgramReference>
<ProgramReference>
<Code>9178</Code>
<Text>UNDERGRADUATE EDUCATION</Text>
</ProgramReference>
<Appropriation>
<Code>0421</Code>
<Name>NSF Education &amp; Human Resource</Name>
<APP_SYMB_ID>040106</APP_SYMB_ID>
</Appropriation>
<Fund>
<Code>04002122DB</Code>
<Name><![CDATA[NSF Education & Human Resource]]></Name>
<FUND_SYMB_ID>040106</FUND_SYMB_ID>
</Fund>
<FUND_OBLG>2021~624951</FUND_OBLG>
</Award>
</rootTag>
