<?xml version="1.0" encoding="UTF-8"?>
<rootTag>
<Award>
<AwardTitle>Collaborative Research: Integrated Field and Laboratory Based Assessment of Liquefaction Triggering and Residual Strength of Gravelly Soil</AwardTitle>
<AGENCY>NSF</AGENCY>
<AwardEffectiveDate>09/01/2020</AwardEffectiveDate>
<AwardExpirationDate>08/31/2022</AwardExpirationDate>
<AwardTotalIntnAmount>96699.00</AwardTotalIntnAmount>
<AwardAmount>96699</AwardAmount>
<AwardInstrument>
<Value>Standard Grant</Value>
</AwardInstrument>
<Organization>
<Code>07030000</Code>
<Directorate>
<Abbreviation>ENG</Abbreviation>
<LongName>Directorate For Engineering</LongName>
</Directorate>
<Division>
<Abbreviation>CMMI</Abbreviation>
<LongName>Div Of Civil, Mechanical, &amp; Manufact Inn</LongName>
</Division>
</Organization>
<ProgramOfficer>
<SignBlockName>Giovanna Biscontin</SignBlockName>
<PO_EMAI>gibiscon@nsf.gov</PO_EMAI>
<PO_PHON>7032922339</PO_PHON>
</ProgramOfficer>
<AbstractNarration>One of the leading causes of damage during earthquakes is soil liquefaction.  Liquefaction causes loose soil to behave more like a heavy liquid than a solid which can result in settlement of buildings as well as landslides and dam failures.  Recently, extensive gravel liquefaction and damage was observed in the 2008 Wenchuan, China, earthquake and the 2014 Cephalonia, Greece, earthquake sequences, and the evidence indicates that gravelly soils that were considered non-liquefiable using existing liquefaction susceptibility methods, did liquefy.  This study will provide a fundamental understanding, as well as practical guidance on assessing whether a gravel deposit will liquefy.  Such deposits are encountered widely and their potential liquefaction is commonly a critical consideration in the stability of our nation's ports, dams, levees and in general, civil infrastructure.  The improved procedures that will be developed will enhance the resiliency of these facilities, and will help in avoiding unnecessary expenses when gravel liquefaction is not really an issue, or more importantly, highlight the need for stabilization when gravel liquefaction is indeed expected.  The research team will establish a web-site with a gravel liquefaction database, and document all available case histories of gravel liquefaction. Videos on the mechanism of liquefaction that can be used for outreach purposes will be developed, as well as a recorded webinar and other educational resources on the outcomes of this study with emphasis on the recommended procedures for liquefaction assessment of gravelly soils. &lt;br/&gt;&lt;br/&gt;Characterization of gravelly soils in a reliable, cost-effective manner for routine engineering projects remains a challenge and methods such as the Cone Penetration Test and Standard Penetration Test are not considered appropriate.  Even for large projects, such as dams and energy projects, characterization is expensive (if Becker testing is used) and problematic. Nevertheless, because liquefaction is known to have occurred in gravelly soils in a significant number of earthquakes, dam engineers are frequently called upon to assess the potential for liquefaction in gravels and liquefaction mitigation costs often run into millions of dollars.  With the majority of research in soil liquefaction engineering focused on the assessment of the likelihood of "triggering" of liquefaction in sands and silty soils, new approaches, and transformative methods for characterizing gravels are needed.  In this collaborative project, there is a coordinated plan that combines unique large scale laboratory testing and innovative field testing at key gravel liquefaction sites to develop liquefaction triggering charts and post-liquefaction shear strength recommendations for gravelly soils.  A prototype 300-mm diameter cyclic simple shear (CSS) device has been developed at the University of Michigan and will be used to evaluate the cyclic (and monotonic) undrained shear response of gravelly soils in the laboratory.  A next-generation dynamic cone penetration test (DPT) that was originally developed in China will be modernized with key instrumentation and will be used for field testing along with in-situ shear wave velocity (Vs) measurements.  Field testing will be conducted in the USA, China, and Greece, leveraging resources from international partners, in-situ testing firms and organizations.  The PIs will leverage well-documented case studies of gravel liquefaction in the recent Cephalonia earthquake to validate the new methods and augment the field performance record of gravel liquefaction.</AbstractNarration>
<MinAmdLetterDate>10/19/2020</MinAmdLetterDate>
<MaxAmdLetterDate>10/19/2020</MaxAmdLetterDate>
<ARRAAmount/>
<TRAN_TYPE>Grant</TRAN_TYPE>
<CFDA_NUM>47.041</CFDA_NUM>
<NSF_PAR_USE_FLAG>1</NSF_PAR_USE_FLAG>
<FUND_AGCY_CODE>4900</FUND_AGCY_CODE>
<AWDG_AGCY_CODE>4900</AWDG_AGCY_CODE>
<AwardID>2100520</AwardID>
<Investigator>
<FirstName>Adda</FirstName>
<LastName>Athanasopoulos-Zekkos</LastName>
<PI_MID_INIT/>
<PI_SUFX_NAME/>
<PI_FULL_NAME>Adda Athanasopoulos-Zekkos</PI_FULL_NAME>
<EmailAddress>adda.zekkos@berkeley.edu</EmailAddress>
<PI_PHON>5106423489</PI_PHON>
<NSF_ID>000514951</NSF_ID>
<StartDate>10/19/2020</StartDate>
<EndDate/>
<RoleCode>Principal Investigator</RoleCode>
</Investigator>
<Institution>
<Name>University of California-Berkeley</Name>
<CityName>BERKELEY</CityName>
<ZipCode>947101749</ZipCode>
<PhoneNumber>5106433891</PhoneNumber>
<StreetAddress>1608 4TH ST STE 201</StreetAddress>
<StreetAddress2/>
<CountryName>United States</CountryName>
<StateName>California</StateName>
<StateCode>CA</StateCode>
<CONGRESSDISTRICT>13</CONGRESSDISTRICT>
<CONGRESS_DISTRICT_ORG>CA13</CONGRESS_DISTRICT_ORG>
<ORG_UEI_NUM>GS3YEVSS12N6</ORG_UEI_NUM>
<ORG_LGL_BUS_NAME>REGENTS OF THE UNIVERSITY OF CALIFORNIA, THE</ORG_LGL_BUS_NAME>
<ORG_PRNT_UEI_NUM>NUDGYLBB4S99</ORG_PRNT_UEI_NUM>
</Institution>
<Performance_Institution>
<Name><![CDATA[UNIVERSITY OF CALIFORNIA]]></Name>
<CityName/>
<StateCode>CA</StateCode>
<ZipCode>947101749</ZipCode>
<StreetAddress/>
<CountryCode>US</CountryCode>
<CountryName>United States</CountryName>
<StateName>California</StateName>
<CountryFlag>1</CountryFlag>
<CONGRESSDISTRICT>13</CONGRESSDISTRICT>
<CONGRESS_DISTRICT_PERF>CA13</CONGRESS_DISTRICT_PERF>
</Performance_Institution>
<ProgramElement>
<Code>014Y</Code>
<Text>Engineering for Natural Hazard</Text>
</ProgramElement>
<ProgramReference>
<Code>036E</Code>
<Text>CIVIL INFRASTRUCTURE</Text>
</ProgramReference>
<ProgramReference>
<Code>037E</Code>
<Text>GEOTECHNICAL ENGINEERING</Text>
</ProgramReference>
<ProgramReference>
<Code>038E</Code>
<Text>FOUNDATION ENGINEERING</Text>
</ProgramReference>
<ProgramReference>
<Code>043E</Code>
<Text>EARTHQUAKE ENGINEERING</Text>
</ProgramReference>
<ProgramReference>
<Code>1057</Code>
<Text>CIS BASE RESEARCH</Text>
</ProgramReference>
<ProgramReference>
<Code>1576</Code>
<Text>NATIONL EARTHQK HZRD REDCT PRG</Text>
</ProgramReference>
<ProgramReference>
<Code>9102</Code>
<Text>WOMEN, MINORITY, DISABLED, NEC</Text>
</ProgramReference>
<ProgramReference>
<Code>CVIS</Code>
<Text>CIVIL INFRASTRUCTURE</Text>
</ProgramReference>
<Appropriation>
<Code>0117</Code>
<Name>NSF RESEARCH &amp; RELATED ACTIVIT</Name>
<APP_SYMB_ID>040100</APP_SYMB_ID>
</Appropriation>
<Fund>
<Code>01001718DB</Code>
<Name><![CDATA[NSF RESEARCH & RELATED ACTIVIT]]></Name>
<FUND_SYMB_ID>040100</FUND_SYMB_ID>
</Fund>
<FUND_OBLG>2017~96699</FUND_OBLG>
</Award>
</rootTag>
