<?xml version="1.0" encoding="UTF-8"?>
<rootTag>
<Award>
<AwardTitle>SBIR Phase I:  A Transformational Method to Extract Polychlorinated Biphenyls (PCBs) from Building Masonry</AwardTitle>
<AGENCY>NSF</AGENCY>
<AwardEffectiveDate>05/15/2021</AwardEffectiveDate>
<AwardExpirationDate>04/30/2022</AwardExpirationDate>
<AwardTotalIntnAmount>256000.00</AwardTotalIntnAmount>
<AwardAmount>256000</AwardAmount>
<AwardInstrument>
<Value>Standard Grant</Value>
</AwardInstrument>
<Organization>
<Code>15030000</Code>
<Directorate>
<Abbreviation>TIP</Abbreviation>
<LongName>Dir for Tech, Innovation, &amp; Partnerships</LongName>
</Directorate>
<Division>
<Abbreviation>TI</Abbreviation>
<LongName>Translational Impacts</LongName>
</Division>
</Organization>
<ProgramOfficer>
<SignBlockName>Rajesh Mehta</SignBlockName>
<PO_EMAI>rmehta@nsf.gov</PO_EMAI>
<PO_PHON>7032922174</PO_PHON>
</ProgramOfficer>
<AbstractNarration>The broader impact of this Small Business Innovation Research (SBIR) Phase 1 project is solving the legacy polychlorinated biphenyls (PCBs) problem impacting our aging schools and infrastructure.  The U.S. Environmental Protection Agency (EPA) estimates as many as 55,000 schools and 800,000 government and non-government buildings may have been constructed with PCB-laden paints, caulks, mastics and adhesives before the 1979 PCBs ban. Simply removing the PCB-laden source in hopes it will eliminate the hazard has proven futile as a growing body of data is revealing PCBs from weathered caulk can leach as deep as 6-inches into adjacent porous masonry (e.g., concrete, brick, and mortar). Currently, total demolition and select removal (i.e., partial demolition) are the only EPA-approved PCB removal options and both are quickly filling up the handful of landfills willing to take it. The proposed technical innovation will transform a dormant government patent that extracts PCBs in paint, into a non-destructive treatment method that penetrates and extracts PCBs absorbed in building masonry.  Such an innovation will have a direct and beneficial impact on the government agencies and school renovation commissions who cannot afford to demolish the old and rebuild new.  &lt;br/&gt;&lt;br/&gt;This SBIR Phase 1 project proposes to demonstrate the feasibility of two proprietary solvent-paste formulations at extracting PCBs from different masonry types after the source (e.g., caulk) has been removed.  The solvent-paste is applied directly to the contaminated masonry surface and scraped off after a pre-determined treatment period.  Once applied, the lipophilic alcohol in the solvent-paste penetrates the masonry’s open pore spaces, and solubilizes the PCB molecules it encounters along the way. The process of desorbing the PCBs from the inorganic masonry particles and into the applied paste is aided – via capillary action – by the lipophilic alcohol drawing the hydrophobic PCBs toward the paste. Technical challenges include desorbing the stickier spectrum of hydrophobic Aroclors (e.g., 1248, 1254, 1260) added to paints, caulks and adhesives in seasonally cool (&lt; 50°F), wet weather.  Since successful commercialization of an alternative PCB treatment technology requires approval from EPA in accordance with the PCB regulations (40 CFR 761), the performance of both solvent-pastes will be evaluated against the regulation’s stringent 1 ppm high occupancy cleanup criterion.&lt;br/&gt;&lt;br/&gt;This award reflects NSF's statutory mission and has been deemed worthy of support through evaluation using the Foundation's intellectual merit and broader impacts review criteria.</AbstractNarration>
<MinAmdLetterDate>05/13/2021</MinAmdLetterDate>
<MaxAmdLetterDate>05/13/2021</MaxAmdLetterDate>
<ARRAAmount/>
<TRAN_TYPE>Grant</TRAN_TYPE>
<CFDA_NUM>47.041</CFDA_NUM>
<NSF_PAR_USE_FLAG>1</NSF_PAR_USE_FLAG>
<FUND_AGCY_CODE>4900</FUND_AGCY_CODE>
<AWDG_AGCY_CODE>4900</AWDG_AGCY_CODE>
<AwardID>2100092</AwardID>
<Investigator>
<FirstName>Martha</FirstName>
<LastName>Inglese</LastName>
<PI_MID_INIT>L</PI_MID_INIT>
<PI_SUFX_NAME/>
<PI_FULL_NAME>Martha L Inglese</PI_FULL_NAME>
<EmailAddress>mlemmon@marleyenvironmental.com</EmailAddress>
<PI_PHON>2038310123</PI_PHON>
<NSF_ID>000833060</NSF_ID>
<StartDate>05/13/2021</StartDate>
<EndDate/>
<RoleCode>Principal Investigator</RoleCode>
</Investigator>
<Institution>
<Name>MARLEY ENVIRONMENTAL INC</Name>
<CityName>AVON</CityName>
<ZipCode>060012425</ZipCode>
<PhoneNumber>2038310123</PhoneNumber>
<StreetAddress>26 E WOODHAVEN DR</StreetAddress>
<StreetAddress2/>
<CountryName>United States</CountryName>
<StateName>Connecticut</StateName>
<StateCode>CT</StateCode>
<CONGRESSDISTRICT>05</CONGRESSDISTRICT>
<CONGRESS_DISTRICT_ORG>CT05</CONGRESS_DISTRICT_ORG>
<ORG_UEI_NUM>FTNTJRMQQHE5</ORG_UEI_NUM>
<ORG_LGL_BUS_NAME>MARLEY ENVIRONMENTAL INC</ORG_LGL_BUS_NAME>
<ORG_PRNT_UEI_NUM/>
</Institution>
<Performance_Institution>
<Name><![CDATA[MARLEY ENVIRONMENTAL INC]]></Name>
<CityName>Avon</CityName>
<StateCode>CT</StateCode>
<ZipCode>060011765</ZipCode>
<StreetAddress><![CDATA[26 East Woodhaven Dr]]></StreetAddress>
<CountryCode>US</CountryCode>
<CountryName>United States</CountryName>
<StateName>Connecticut</StateName>
<CountryFlag>1</CountryFlag>
<CONGRESSDISTRICT>05</CONGRESSDISTRICT>
<CONGRESS_DISTRICT_PERF>CT05</CONGRESS_DISTRICT_PERF>
</Performance_Institution>
<ProgramElement>
<Code>5371</Code>
<Text>SBIR Phase I</Text>
</ProgramElement>
<ProgramReference>
<Code>1238</Code>
<Text>TECH FOR SUSTAINABLE ENVIRONMENT</Text>
</ProgramReference>
<Appropriation>
<Code>0121</Code>
<Name>NSF RESEARCH &amp; RELATED ACTIVIT</Name>
<APP_SYMB_ID>040100</APP_SYMB_ID>
</Appropriation>
<Fund>
<Code>01002122DB</Code>
<Name><![CDATA[NSF RESEARCH & RELATED ACTIVIT]]></Name>
<FUND_SYMB_ID>040100</FUND_SYMB_ID>
</Fund>
<FUND_OBLG>2021~256000</FUND_OBLG>
<POR>
<DRECONTENT><![CDATA[<div class="porColContainerWBG"> <div class="porContentCol"><p><strong>Outcomes</strong></p> <p>This project's objective was to complete development of&nbsp;a solvent-paste that chemically extracts polychlorinated biphenyls (PCBs) from porous building masonry after the PCB sources (e.g., caulk, paint, adhesive) have been removed. The non-destructive treatment method was patented in 2012 to extract PCBs&nbsp;<em>from paint</em>&nbsp;(US 8163972 B2) and later reformulated to extract PCBs&nbsp;<em>from porous masonry</em>&nbsp;(US 17/043,913). &nbsp;</p> <p>Since remediating PCBs is a regulated activity, the project was performed under 40 CFR 761.60(j), the Toxic Substances Control Act (TSCA) self-implementing requirements for research and development. The project data quality objectives were developed in accordance with the Uniform Federal Policy for Quality Assurance Plans and&nbsp;adopted regulatory&nbsp;framework the U.S. Environmental Protection Agency (EPA) established for the novel method following a successful project outcome: specifically, a TSCA risk-based cleanup in conformance with 40 CFR 761.61(c) and compliance with the PCBs&nbsp;&le;&nbsp;1 ppm self-implementing high occupancy cleanup criterion cited in&nbsp;40 CFR 761.61(a)(4)(i)(A).&nbsp;&nbsp;The project also adhered to&nbsp;EPA sample collection protocols and analytical methods for PCB sources and porous surfaces. Due to COVID travel restrictions, PCB Coordinators from the Connecticut Department of Energy &amp; Environmental Protection (DEEP) visited the site on behalf of EPA.</p> <p>The project tested both patented formulations on porous masonry, it corrected the PCBs &le; 50 ppm success criteria the patent holders based their proof-of-concept research on, and it challenged certain claims made in the patents.&nbsp;The project also built on an inconclusive bench study EPA performed in 2012 that evaluated the novel method using PCB-spiked concrete prepared in the lab (EPA/600/R-11/156C).&nbsp;To avoid a similar outcome, this project was performed "in the wild" at a vacant elementary school where PCB-1254 added to caulk has been leaching into the adjacent building masonry since its application around 1971.&nbsp;</p> <p>The project evaluated the efficacy of 8 solvent-paste formulations using different sorbents in both patented solvent systems. The project tested several equivalent (or better) sorbent alternatives to replace an uncommercialized sorbent the patent-pending masonry reformulation is based on.</p> <p>The post-application confirmation data confirms every solvent-paste formulation tested dissolves and extracts PCBs sorbed in masonry (PCBs detected in the&nbsp;<em>spent</em>&nbsp;solvent-paste samples verify this). However, none of the formulations achieved&nbsp;the project's PCBs&nbsp;&le;&nbsp;1 ppm success criterion, even after multiple applications. Moreover, when comparing the masonry pre-characterization data alongside multiple rounds of post-application confirmation data, the spatially-mapped data suggests solvent separating from the applied pastes are also dissolving and dispersing pockets of concentrated PCBs deeper into the structure's most porous preferential pathway (e.g., mortar) rather than toward/into the applied paste, as desired. This unexpected observation appears to be enlarging the PCBs &gt; 1 ppm contaminant profile in the mortar rather than reducing it, and should be evaluated further.</p> <p><strong>Intellectual Merit:</strong></p> <p>The project applied sound research techniques that moved the novel method out of the laboratory and into the real world. In doing so, this project was specifically oriented to the high-risk aspects of developing this transformative method for use on occupied masonry structures. The ultimate objective of the regulated activity was to achieve the TSCA regulation's PCBs&nbsp;&le;&nbsp;1 ppm cleanup level required throughout the treated masonry so EPA would approve this economically-viable alternative to current destructive remedial methods. We did not achieve that goal.</p> <p><strong>Broader/Commercial Impact:</strong></p> <p>While the project did not result in a commercial success, the PCB source (e.g., caulk, paint, etc.) and masonry (e.g., brick, mortar, horn grout) pre-characterization data the project team collected is advancing the industry's understanding of how legacy PCBs sorbed in porous surfaces behave "in the wild." &nbsp;This became evident when the project team shared the caulk and masonry pre-characterization data with EPA, the Connecticut DEEP, and 31 subject matter experts interviewed during our participation in the NSF beat-the-odds boot camp.</p> <p>&nbsp;</p><br> <p>            Last Modified: 03/30/2022<br>      Modified by: Martha&nbsp;L&nbsp;Inglese</p> </div> <div class="porSideCol"> <div class="each-gallery"> <div class="galContent" id="gallery0"> <div class="photoCount" id="photoCount0">          Images (<span id="selectedPhoto0">1</span> of <span class="totalNumber"></span>)           </div> <div class="galControls" id="controls0"></div> <div class="galSlideshow" id="slideshow0"></div> <div class="galEmbox" id="embox"> <div class="image-title"></div> </div> </div> <div class="galNavigation" id="navigation0"> <ul class="thumbs" id="thumbs0"> <li> <a href="/por/images/Reports/POR/2022/2100092/2100092_10733759_1647980911253_Figure1,Sheet18--rgov-214x142.jpg" original="/por/images/Reports/POR/2022/2100092/2100092_10733759_1647980911253_Figure1,Sheet18--rgov-800width.jpg" title="PCB Caulk Data &amp; Solvent-Paste Application Activities"><img src="/por/images/Reports/POR/2022/2100092/2100092_10733759_1647980911253_Figure1,Sheet18--rgov-66x44.jpg" alt="PCB Caulk Data &amp; Solvent-Paste Application Activities"></a> <div class="imageCaptionContainer"> <div class="imageCaption">Image provides a visual overview of the Treatment Area (blue double-door system) and illustrates the typical solvent-paste application, removal and reapplication process.</div> <div class="imageCredit">Martha Inglese</div> <div class="imagePermisssions">Copyrighted</div> <div class="imageSubmitted">Martha&nbsp;L&nbsp;Inglese</div> <div class="imageTitle">PCB Caulk Data & Solvent-Paste Application Activities</div> </div> </li> <li> <a href="/por/images/Reports/POR/2022/2100092/2100092_10733759_1647980598611_Figure3,Sheet2--rgov-214x142.jpg" original="/por/images/Reports/POR/2022/2100092/2100092_10733759_1647980598611_Figure3,Sheet2--rgov-800width.jpg" title="PCB Masonry Pre-Characterization Data Map 1 (North Wall)"><img src="/por/images/Reports/POR/2022/2100092/2100092_10733759_1647980598611_Figure3,Sheet2--rgov-66x44.jpg" alt="PCB Masonry Pre-Characterization Data Map 1 (North Wall)"></a> <div class="imageCaptionContainer"> <div class="imageCaption">PCB concentration map (north wall) for pre-characterization samples collected at 2-inch spacing.</div> <div class="imageCredit">Martha Inglese</div> <div class="imagePermisssions">Copyrighted</div> <div class="imageSubmitted">Martha&nbsp;L&nbsp;Inglese</div> <div class="imageTitle">PCB Masonry Pre-Characterization Data Map 1 (North Wall)</div> </div> </li> <li> <a href="/por/images/Reports/POR/2022/2100092/2100092_10733759_1647980738189_Figure4,Sheet3--rgov-214x142.jpg" original="/por/images/Reports/POR/2022/2100092/2100092_10733759_1647980738189_Figure4,Sheet3--rgov-800width.jpg" title="PCB Masonry Pre-Characterization Data Map 2 (North Wall)"><img src="/por/images/Reports/POR/2022/2100092/2100092_10733759_1647980738189_Figure4,Sheet3--rgov-66x44.jpg" alt="PCB Masonry Pre-Characterization Data Map 2 (North Wall)"></a> <div class="imageCaptionContainer"> <div class="imageCaption">PCB concentration map (north wall) for pre-characterization samples collected at 1-inch spacing.</div> <div class="imageCredit">Martha Inglese</div> <div class="imagePermisssions">Copyrighted</div> <div class="imageSubmitted">Martha&nbsp;L&nbsp;Inglese</div> <div class="imageTitle">PCB Masonry Pre-Characterization Data Map 2 (North Wall)</div> </div> </li> <li> <a href="/por/images/Reports/POR/2022/2100092/2100092_10733759_1647980186474_Figure2,Sheet1--rgov-214x142.jpg" original="/por/images/Reports/POR/2022/2100092/2100092_10733759_1647980186474_Figure2,Sheet1--rgov-800width.jpg" title="PCB Masonry Pre-Characterization Data Map (South Wall)"><img src="/por/images/Reports/POR/2022/2100092/2100092_10733759_1647980186474_Figure2,Sheet1--rgov-66x44.jpg" alt="PCB Masonry Pre-Characterization Data Map (South Wall)"></a> <div class="imageCaptionContainer"> <div class="imageCaption">PCB concentration map (south wall) for pre-characterization samples collected at 2-inch spacing.</div> <div class="imageCredit">Martha Inglese</div> <div class="imagePermisssions">Copyrighted</div> <div class="imageSubmitted">Martha&nbsp;L&nbsp;Inglese</div> <div class="imageTitle">PCB Masonry Pre-Characterization Data Map (South Wall)</div> </div> </li> </ul> </div> </div> </div> </div>]]></DRECONTENT>
<POR_COPY_TXT><![CDATA[ Outcomes  This project's objective was to complete development of a solvent-paste that chemically extracts polychlorinated biphenyls (PCBs) from porous building masonry after the PCB sources (e.g., caulk, paint, adhesive) have been removed. The non-destructive treatment method was patented in 2012 to extract PCBs from paint (US 8163972 B2) and later reformulated to extract PCBs from porous masonry (US 17/043,913).    Since remediating PCBs is a regulated activity, the project was performed under 40 CFR 761.60(j), the Toxic Substances Control Act (TSCA) self-implementing requirements for research and development. The project data quality objectives were developed in accordance with the Uniform Federal Policy for Quality Assurance Plans and adopted regulatory framework the U.S. Environmental Protection Agency (EPA) established for the novel method following a successful project outcome: specifically, a TSCA risk-based cleanup in conformance with 40 CFR 761.61(c) and compliance with the PCBs &le; 1 ppm self-implementing high occupancy cleanup criterion cited in 40 CFR 761.61(a)(4)(i)(A).  The project also adhered to EPA sample collection protocols and analytical methods for PCB sources and porous surfaces. Due to COVID travel restrictions, PCB Coordinators from the Connecticut Department of Energy &amp; Environmental Protection (DEEP) visited the site on behalf of EPA.  The project tested both patented formulations on porous masonry, it corrected the PCBs &le; 50 ppm success criteria the patent holders based their proof-of-concept research on, and it challenged certain claims made in the patents. The project also built on an inconclusive bench study EPA performed in 2012 that evaluated the novel method using PCB-spiked concrete prepared in the lab (EPA/600/R-11/156C). To avoid a similar outcome, this project was performed "in the wild" at a vacant elementary school where PCB-1254 added to caulk has been leaching into the adjacent building masonry since its application around 1971.   The project evaluated the efficacy of 8 solvent-paste formulations using different sorbents in both patented solvent systems. The project tested several equivalent (or better) sorbent alternatives to replace an uncommercialized sorbent the patent-pending masonry reformulation is based on.  The post-application confirmation data confirms every solvent-paste formulation tested dissolves and extracts PCBs sorbed in masonry (PCBs detected in the spent solvent-paste samples verify this). However, none of the formulations achieved the project's PCBs &le; 1 ppm success criterion, even after multiple applications. Moreover, when comparing the masonry pre-characterization data alongside multiple rounds of post-application confirmation data, the spatially-mapped data suggests solvent separating from the applied pastes are also dissolving and dispersing pockets of concentrated PCBs deeper into the structure's most porous preferential pathway (e.g., mortar) rather than toward/into the applied paste, as desired. This unexpected observation appears to be enlarging the PCBs &gt; 1 ppm contaminant profile in the mortar rather than reducing it, and should be evaluated further.  Intellectual Merit:  The project applied sound research techniques that moved the novel method out of the laboratory and into the real world. In doing so, this project was specifically oriented to the high-risk aspects of developing this transformative method for use on occupied masonry structures. The ultimate objective of the regulated activity was to achieve the TSCA regulation's PCBs &le; 1 ppm cleanup level required throughout the treated masonry so EPA would approve this economically-viable alternative to current destructive remedial methods. We did not achieve that goal.  Broader/Commercial Impact:  While the project did not result in a commercial success, the PCB source (e.g., caulk, paint, etc.) and masonry (e.g., brick, mortar, horn grout) pre-characterization data the project team collected is advancing the industry's understanding of how legacy PCBs sorbed in porous surfaces behave "in the wild."  This became evident when the project team shared the caulk and masonry pre-characterization data with EPA, the Connecticut DEEP, and 31 subject matter experts interviewed during our participation in the NSF beat-the-odds boot camp.          Last Modified: 03/30/2022       Submitted by: Martha L Inglese]]></POR_COPY_TXT>
</POR>
</Award>
</rootTag>
