<?xml version="1.0" encoding="UTF-8"?>
<rootTag>
<Award>
<AwardTitle>AIHEC/TCU Advanced Manufacturing Technician Education Network</AwardTitle>
<AGENCY>NSF</AGENCY>
<AwardEffectiveDate>07/15/2021</AwardEffectiveDate>
<AwardExpirationDate>06/30/2023</AwardExpirationDate>
<AwardTotalIntnAmount>592007.00</AwardTotalIntnAmount>
<AwardAmount>592007</AwardAmount>
<AwardInstrument>
<Value>Standard Grant</Value>
</AwardInstrument>
<Organization>
<Code>11040100</Code>
<Directorate>
<Abbreviation>EHR</Abbreviation>
<LongName>Direct For Education and Human Resources</LongName>
</Directorate>
<Division>
<Abbreviation>DUE</Abbreviation>
<LongName>Division Of Undergraduate Education</LongName>
</Division>
</Organization>
<ProgramOfficer>
<SignBlockName>Eric Sheppard</SignBlockName>
<PO_EMAI>esheppar@nsf.gov</PO_EMAI>
<PO_PHON>7032922589</PO_PHON>
</ProgramOfficer>
<AbstractNarration>This project aims to serve the national interest by expanding the Tribal College and University (TCU) Advanced Manufacturing Network Initiative to include four additional TCUs through the delivery of an online advanced manufacturing course series. The project is increasing access to advanced manufacturing and other STEM training for the American Indian and Alaskan Natives (AI/AN) population by developing a shared low cost model. Through coordination and existing organizational networks, all 37 of the TCU's will have access to the completed programming.&lt;br/&gt;&lt;br/&gt;The American Indian Higher Education Consortium (AIHEC) is establishing the Advanced Manufacturing Technician Education Network of nine TCUs that offer advanced manufacturing technician education through delivery of an online advanced manufacturing course series. The project provides a model for delivering career and technical education programs to multiple institutions through a distributed education model. The distributed program design brings together a team of faculty and support staff available to participate in Advanced Manufacturing curriculum development, training and education, activities, and includes implementation of an online learning platform that provides AI-curated content, access to remote data and virtual labs, and customizable for a wide range of pedagogical applications. In addition, the project proposes to employ Indigenous problem-based learning strategies in a culturally relevant model to engage, retain and aid students in successful completion of the program. This project is funded by the Advanced Technological Education program that focuses on the education of technicians for the advanced-technology fields that drive the nation's economy.&lt;br/&gt;&lt;br/&gt;This award reflects NSF's statutory mission and has been deemed worthy of support through evaluation using the Foundation's intellectual merit and broader impacts review criteria.</AbstractNarration>
<MinAmdLetterDate>07/07/2021</MinAmdLetterDate>
<MaxAmdLetterDate>07/07/2021</MaxAmdLetterDate>
<ARRAAmount/>
<TRAN_TYPE>Grant</TRAN_TYPE>
<CFDA_NUM>47.076</CFDA_NUM>
<NSF_PAR_USE_FLAG>1</NSF_PAR_USE_FLAG>
<FUND_AGCY_CODE>4900</FUND_AGCY_CODE>
<AWDG_AGCY_CODE>4900</AWDG_AGCY_CODE>
<AwardID>2100348</AwardID>
<Investigator>
<FirstName>Ragavanantham</FirstName>
<LastName>Shanmugam</LastName>
<PI_MID_INIT/>
<PI_SUFX_NAME/>
<PI_FULL_NAME>Ragavanantham Shanmugam</PI_FULL_NAME>
<EmailAddress>rags@navajotech.edu</EmailAddress>
<PI_PHON>5054090663</PI_PHON>
<NSF_ID>000830665</NSF_ID>
<StartDate>07/07/2021</StartDate>
<EndDate/>
<RoleCode>Co-Principal Investigator</RoleCode>
</Investigator>
<Investigator>
<FirstName>Algirdas</FirstName>
<LastName>Kuslikis</LastName>
<PI_MID_INIT>S</PI_MID_INIT>
<PI_SUFX_NAME/>
<PI_FULL_NAME>Algirdas S Kuslikis</PI_FULL_NAME>
<EmailAddress>akuslikis@aihec.org</EmailAddress>
<PI_PHON>7038380400</PI_PHON>
<NSF_ID>000329454</NSF_ID>
<StartDate>07/07/2021</StartDate>
<EndDate/>
<RoleCode>Principal Investigator</RoleCode>
</Investigator>
<Institution>
<Name>American Indian Higher Education Consortium</Name>
<CityName>ALEXANDRIA</CityName>
<ZipCode>223142015</ZipCode>
<PhoneNumber>7038380400</PhoneNumber>
<StreetAddress>121 ORONOCO ST</StreetAddress>
<StreetAddress2/>
<CountryName>United States</CountryName>
<StateName>Virginia</StateName>
<StateCode>VA</StateCode>
<CONGRESSDISTRICT>08</CONGRESSDISTRICT>
<CONGRESS_DISTRICT_ORG>VA08</CONGRESS_DISTRICT_ORG>
<ORG_UEI_NUM>EGTJJJPLRT11</ORG_UEI_NUM>
<ORG_LGL_BUS_NAME>AMERICAN INDIAN HIGHER EDUCATION CONSORTIUM</ORG_LGL_BUS_NAME>
<ORG_PRNT_UEI_NUM>EGTJJJPLRT11</ORG_PRNT_UEI_NUM>
</Institution>
<Performance_Institution>
<Name><![CDATA[American Indian Higher Education Consortium]]></Name>
<CityName>Alexandria</CityName>
<StateCode>VA</StateCode>
<ZipCode>223142015</ZipCode>
<StreetAddress><![CDATA[121 Oronoco St.]]></StreetAddress>
<CountryCode>US</CountryCode>
<CountryName>United States</CountryName>
<StateName>Virginia</StateName>
<CountryFlag>1</CountryFlag>
<CONGRESSDISTRICT>08</CONGRESSDISTRICT>
<CONGRESS_DISTRICT_PERF>VA08</CONGRESS_DISTRICT_PERF>
</Performance_Institution>
<ProgramElement>
<Code>7412</Code>
<Text>Advanced Tech Education Prog</Text>
</ProgramElement>
<ProgramReference>
<Code>102Z</Code>
<Text>COVID-Disproportionate Impcts Inst-Indiv</Text>
</ProgramReference>
<ProgramReference>
<Code>1032</Code>
<Text>ADVANCED TECHNOLOGY EDUCATION</Text>
</ProgramReference>
<ProgramReference>
<Code>9178</Code>
<Text>UNDERGRADUATE EDUCATION</Text>
</ProgramReference>
<ProgramReference>
<Code>SMET</Code>
<Text>SCIENCE, MATH, ENG &amp; TECH EDUCATION</Text>
</ProgramReference>
<Appropriation>
<Code>0421</Code>
<Name>NSF Education &amp; Human Resource</Name>
<APP_SYMB_ID>040106</APP_SYMB_ID>
</Appropriation>
<Fund>
<Code>04002122DB</Code>
<Name><![CDATA[NSF Education & Human Resource]]></Name>
<FUND_SYMB_ID>040106</FUND_SYMB_ID>
</Fund>
<FUND_OBLG>2021~592007</FUND_OBLG>
</Award>
</rootTag>
