<?xml version="1.0" encoding="UTF-8"?>
<rootTag>
<Award>
<AwardTitle>Developing a Flipped Classroom Approach to Enhance Access and Improve Learning in Electro-Mechanical Technology</AwardTitle>
<AGENCY>NSF</AGENCY>
<AwardEffectiveDate>01/01/2022</AwardEffectiveDate>
<AwardExpirationDate>12/31/2024</AwardExpirationDate>
<AwardTotalIntnAmount>457270.00</AwardTotalIntnAmount>
<AwardAmount>457270</AwardAmount>
<AwardInstrument>
<Value>Standard Grant</Value>
</AwardInstrument>
<Organization>
<Code>11040100</Code>
<Directorate>
<Abbreviation>EHR</Abbreviation>
<LongName>Direct For Education and Human Resources</LongName>
</Directorate>
<Division>
<Abbreviation>DUE</Abbreviation>
<LongName>Division Of Undergraduate Education</LongName>
</Division>
</Organization>
<ProgramOfficer>
<SignBlockName>Jill Nelson</SignBlockName>
<PO_EMAI>jnelson@nsf.gov</PO_EMAI>
<PO_PHON>7032924359</PO_PHON>
</ProgramOfficer>
<AbstractNarration>The nation has an expanding need for electro-mechanical technicians, who have expertise in both mechanical technology and electrical/electronic circuits.  These technicians apply their knowledge and skills in many fields, from generation and transmission of power to advanced manufacturing.  This proposal aims to improve the education of electro-mechanical technicians.  To do so, it will develop online teaching and learning resources that support a flipped classroom experience.  In flipped classrooms, students engage in more passive learning, such as listening to a lecture, before coming to class.  Then, in the classroom, they are guided by the instructor to work on hands-on applications of what they learned. This project will develop teaching resources for electro-mechanical technology with input from industry and other two-year colleges.  It is expected that implementing these resources in an online flipped classroom will be more effective at helping electro-mechanical technicians and instructors gain both technical knowledge and practical hands-on experience. Columbia Gorge Community College is a Hispanic-serving institution.  Thus, by preparing students for well-paying, high-demand electro-mechanical technician jobs, this project can help to mitigate the disproportionate impact of the COVID-19 pandemic on the Hispanic communities the College serves.&lt;br/&gt;&lt;br/&gt;This project leverages the results of a successful previous NSF ATE award that developed free, high-quality online resources to support flipped classroom courses for electrical engineering, industrial maintenance, and renewable energy technicians.  The project has three major aims: (1) develop high-quality online learning modules that support a flipped classroom approach for teaching electro-mechanical technologies, (2) cultivate the next generation of instructors and workforce-ready technicians for high-demand fields, and (3) advance the knowledge base about use of the flipped classroom approach to enhance technician education. The flipped classroom structure and materials can be easily updated and repurposed for other technical programs, thus increasing access to technical education and decreasing cost. U.S. economic and national security depends on the industries supported by knowledgeable, skilled technicians. This project intends to train new electro-mechanical technicians and serve practicing electro-mechanical technicians who want to stay current in their jobs.  This project is funded by the NSF Advanced Technological Education program that focuses on the education of technicians for the advanced-technology fields that drive the nation's economy.&lt;br/&gt;&lt;br/&gt;This award reflects NSF's statutory mission and has been deemed worthy of support through evaluation using the Foundation's intellectual merit and broader impacts review criteria.</AbstractNarration>
<MinAmdLetterDate>12/01/2021</MinAmdLetterDate>
<MaxAmdLetterDate>12/01/2021</MaxAmdLetterDate>
<ARRAAmount/>
<TRAN_TYPE>Grant</TRAN_TYPE>
<CFDA_NUM>47.076</CFDA_NUM>
<NSF_PAR_USE_FLAG>1</NSF_PAR_USE_FLAG>
<FUND_AGCY_CODE>4900</FUND_AGCY_CODE>
<AWDG_AGCY_CODE>4900</AWDG_AGCY_CODE>
<AwardID>2100047</AwardID>
<Investigator>
<FirstName>Jim</FirstName>
<LastName>Pytel</LastName>
<PI_MID_INIT/>
<PI_SUFX_NAME/>
<PI_FULL_NAME>Jim Pytel</PI_FULL_NAME>
<EmailAddress>jpytel@cgcc.edu</EmailAddress>
<PI_PHON>5415066123</PI_PHON>
<NSF_ID>000705891</NSF_ID>
<StartDate>12/01/2021</StartDate>
<EndDate/>
<RoleCode>Principal Investigator</RoleCode>
</Investigator>
<Institution>
<Name>Columbia Gorge Community College</Name>
<CityName>THE DALLES</CityName>
<ZipCode>970583456</ZipCode>
<PhoneNumber>5415066033</PhoneNumber>
<StreetAddress>400 E SCENIC DR</StreetAddress>
<StreetAddress2/>
<CountryName>United States</CountryName>
<StateName>Oregon</StateName>
<StateCode>OR</StateCode>
<CONGRESSDISTRICT>02</CONGRESSDISTRICT>
<CONGRESS_DISTRICT_ORG>OR02</CONGRESS_DISTRICT_ORG>
<ORG_UEI_NUM>G565V67EM4N9</ORG_UEI_NUM>
<ORG_LGL_BUS_NAME>COLUMBIA GORGE COMMUNITY COLLEGE</ORG_LGL_BUS_NAME>
<ORG_PRNT_UEI_NUM>G565V67EM4N9</ORG_PRNT_UEI_NUM>
</Institution>
<Performance_Institution>
<Name><![CDATA[Columbia Gorge Community College]]></Name>
<CityName>The Dalles</CityName>
<StateCode>OR</StateCode>
<ZipCode>970583447</ZipCode>
<StreetAddress><![CDATA[400 E Scenic Drive]]></StreetAddress>
<CountryCode>US</CountryCode>
<CountryName>United States</CountryName>
<StateName>Oregon</StateName>
<CountryFlag>1</CountryFlag>
<CONGRESSDISTRICT>02</CONGRESSDISTRICT>
<CONGRESS_DISTRICT_PERF>OR02</CONGRESS_DISTRICT_PERF>
</Performance_Institution>
<ProgramElement>
<Code>7412</Code>
<Text>Advanced Tech Education Prog</Text>
</ProgramElement>
<ProgramReference>
<Code>102Z</Code>
<Text>COVID-Disproportionate Impcts Inst-Indiv</Text>
</ProgramReference>
<ProgramReference>
<Code>1032</Code>
<Text>ADVANCED TECHNOLOGY EDUCATION</Text>
</ProgramReference>
<ProgramReference>
<Code>9178</Code>
<Text>UNDERGRADUATE EDUCATION</Text>
</ProgramReference>
<ProgramReference>
<Code>SMET</Code>
<Text>SCIENCE, MATH, ENG &amp; TECH EDUCATION</Text>
</ProgramReference>
<FUND_OBLG>2022~457270</FUND_OBLG>
</Award>
</rootTag>
