<?xml version="1.0" encoding="UTF-8"?>
<rootTag>
<Award>
<AwardTitle><![CDATA[Research Initiation Award: Molecular Mechanisms for DCLK1 Tumorigenesis Revealed by Pathway Analysis using RNA Sequencing Data]]></AwardTitle>
<AGENCY>NSF</AGENCY>
<AwardEffectiveDate>09/01/2021</AwardEffectiveDate>
<AwardExpirationDate>08/31/2024</AwardExpirationDate>
<AwardTotalIntnAmount>299997.00</AwardTotalIntnAmount>
<AwardAmount>299997</AwardAmount>
<AwardInstrument>
<Value>Standard Grant</Value>
</AwardInstrument>
<Organization>
<Code>11060000</Code>
<Directorate>
<Abbreviation>EHR</Abbreviation>
<LongName>Direct For Education and Human Resources</LongName>
</Directorate>
<Division>
<Abbreviation>HRD</Abbreviation>
<LongName>Division Of Human Resource Development</LongName>
</Division>
</Organization>
<ProgramOfficer>
<SignBlockName>Carleitta Paige-Anderson</SignBlockName>
<PO_EMAI>cpaigean@nsf.gov</PO_EMAI>
<PO_PHON>7032922816</PO_PHON>
</ProgramOfficer>
<AbstractNarration><![CDATA[Research Initiation Awards provide support for junior and mid-career faculty at Historically Black Colleges and Universities who are building new research programs or redirecting and rebuilding existing research programs. It is expected that the award helps to further the faculty member's research capability and effectiveness, improve research and teaching at the home institution, and involves undergraduate students in research experiences. The award to Tougaloo College proposes a study of stem cell markers which play a role in the growth and chemical resistance of cancer cells. The proposed work will study the molecular mechanisms of different forms of these cells to better understand the origin of tumors. The research will provide a research opportunity for Tougaloo College undergraduates. &lt;br/&gt;&lt;br/&gt;Doublecortin-like kinase 1 (DCLK1) is a putative cancer stem cells marker with 5 isoforms. DCLK1 is up regulated and plays critical roles in the initiation and progression of multiple cancers. However, which isoform of DCLK1 is more closely correlated with tumorigenesis and chemoresistance, and the underlying molecular mechanisms are unclear. The long-term goal of the lab is to develop a comprehensive understanding of DCLK1. The overall objectives of this proposal are to: 1) reveal and compare association of different DCLK1 isoforms with stemness of cancer cells; and 2) discover molecular mechanisms of different DCLK1 isoforms in tumorigenesis and chemoresistance using RNA seq technology. The current hypothesis is that different DCLK1 isoforms may correlate differently with tumorigenesis and chemoresistance of cancers. The rational is that DCLK1 protein was up-regulated in clinical cancer samples, but the promoter region of DCLK1 isoform 1 (DCLK1-I1) was epigenetically imprinted. The discrepancy of protein and gene expression strongly suggests that specific DCLK1 isoform(s) are more closely associated with tumorigenesis and chemoresistance of cancers. To achieve our goals, 1): isogenic DCLK1 isoform (I1- I5) over-expressing cells will be established using colorectal cancer cell lines with different genetic background. Association of each isoform with stemness of cells will be determined; 2) modifications of transcriptome profiles in the isogenic DCLK1 isoform (I1- I5) over-expressing cells will be determined using RNA Seq technology. Differentially expressed genes will be identified and used for pathway analysis to establish the molecular networks of individual DCLK1 isoforms; and 3) cells will be treated with 5-Fu and transcriptome profiles will be determined using RNA seq technology. Differentially expressed genes will be identified and used for pathway analysis to reveal the molecular mechanism for chemoresistance. With successful completion of the proposal, it is expected that specific DCLK1 isoform(s) which contributes to the tumorigenesis and chemoresistance of cancer cells will be identified.&lt;br/&gt;&lt;br/&gt;This award reflects NSF's statutory mission and has been deemed worthy of support through evaluation using the Foundation's intellectual merit and broader impacts review criteria.]]></AbstractNarration>
<MinAmdLetterDate>08/26/2021</MinAmdLetterDate>
<MaxAmdLetterDate>08/26/2021</MaxAmdLetterDate>
<ARRAAmount/>
<TRAN_TYPE>Grant</TRAN_TYPE>
<CFDA_NUM>47.076</CFDA_NUM>
<NSF_PAR_USE_FLAG>1</NSF_PAR_USE_FLAG>
<FUND_AGCY_CODE>4900</FUND_AGCY_CODE>
<AWDG_AGCY_CODE>4900</AWDG_AGCY_CODE>
<AwardID>2100805</AwardID>
<Investigator>
<FirstName>Lianna</FirstName>
<LastName>Li</LastName>
<PI_MID_INIT/>
<PI_SUFX_NAME/>
<PI_FULL_NAME>Lianna Li</PI_FULL_NAME>
<EmailAddress><![CDATA[lli@tougaloo.edu]]></EmailAddress>
<NSF_ID>000811178</NSF_ID>
<StartDate>08/26/2021</StartDate>
<EndDate/>
<RoleCode>Principal Investigator</RoleCode>
</Investigator>
<Institution>
<Name>Tougaloo College</Name>
<CityName>TOUGALOO</CityName>
<ZipCode>391749700</ZipCode>
<PhoneNumber>6019777700</PhoneNumber>
<StreetAddress>500 W COUNTY LINE RD</StreetAddress>
<StreetAddress2/>
<CountryName>United States</CountryName>
<StateName>Mississippi</StateName>
<StateCode>MS</StateCode>
<CONGRESSDISTRICT>02</CONGRESSDISTRICT>
<CONGRESS_DISTRICT_ORG>MS02</CONGRESS_DISTRICT_ORG>
<ORG_UEI_NUM>XELUC5A4AJQ7</ORG_UEI_NUM>
<ORG_LGL_BUS_NAME>TOUGALOO COLLEGE</ORG_LGL_BUS_NAME>
<ORG_PRNT_UEI_NUM>XELUC5A4AJQ7</ORG_PRNT_UEI_NUM>
</Institution>
<Performance_Institution>
<Name><![CDATA[TOUGALOO COLLEGE, BIOLOGY DEPT]]></Name>
<CityName>TOUGALOO</CityName>
<StateCode>MS</StateCode>
<ZipCode>391749700</ZipCode>
<StreetAddress><![CDATA[500 West County Line Rd]]></StreetAddress>
<CountryCode>US</CountryCode>
<CountryName>United States</CountryName>
<StateName>Mississippi</StateName>
<CountryFlag>1</CountryFlag>
<CONGRESSDISTRICT>02</CONGRESSDISTRICT>
<CONGRESS_DISTRICT_PERF>MS02</CONGRESS_DISTRICT_PERF>
</Performance_Institution>
<ProgramElement>
<Code>1594</Code>
<Text>Hist Black Colleges and Univ</Text>
</ProgramElement>
<ProgramReference>
<Code>9150</Code>
<Text>EXP PROG TO STIM COMP RES</Text>
</ProgramReference>
<ProgramReference>
<Code>9178</Code>
<Text>UNDERGRADUATE EDUCATION</Text>
</ProgramReference>
<Appropriation>
<Code>0421</Code>
<Name>NSF Education &amp; Human Resource</Name>
<APP_SYMB_ID>040106</APP_SYMB_ID>
</Appropriation>
<Fund>
<Code>04002122DB</Code>
<Name><![CDATA[NSF Education & Human Resource]]></Name>
<FUND_SYMB_ID>040106</FUND_SYMB_ID>
</Fund>
<FUND_OBLG>2021~299997</FUND_OBLG>
</Award>
</rootTag>
