<?xml version="1.0" encoding="UTF-8"?>
<rootTag>
<Award>
<AwardTitle><![CDATA[Broadening Participation and the Culture of Undergraduate Research Experiences]]></AwardTitle>
<AGENCY>NSF</AGENCY>
<AwardEffectiveDate>07/15/2021</AwardEffectiveDate>
<AwardExpirationDate>06/30/2024</AwardExpirationDate>
<AwardTotalIntnAmount>1288953.00</AwardTotalIntnAmount>
<AwardAmount>897310</AwardAmount>
<AwardInstrument>
<Value>Continuing Grant</Value>
</AwardInstrument>
<Organization>
<Code>11060000</Code>
<Directorate>
<Abbreviation>EHR</Abbreviation>
<LongName>Direct For Education and Human Resources</LongName>
</Directorate>
<Division>
<Abbreviation>HRD</Abbreviation>
<LongName>Division Of Human Resource Development</LongName>
</Division>
</Organization>
<ProgramOfficer>
<SignBlockName>Carrie Hall</SignBlockName>
<PO_EMAI>carhall@nsf.gov</PO_EMAI>
<PO_PHON>7032924641</PO_PHON>
</ProgramOfficer>
<AbstractNarration><![CDATA[It is critically important that the United States create and maintain a thriving scientific workforce that propels future discoveries and innovations. The academic research laboratory is an essential context where students learn what science is, what is expected of a scientist, and decide whether they will pursue or persist within the scientific community. This project investigates the transmission of norms, expectations, and values between and among scientists, their students, and their research personnel. We do not yet know how faculty communicate the cultural beliefs and practices of science in ways that do – or do not – support student motivation and experiences, especially those students who are from historically underrepresented backgrounds. &lt;br/&gt;&lt;br/&gt;The goal of this project is to follow nearly one thousand students working within faculty research labs at three universities to answer four research questions: 1. How do the messages that faculty directly and indirectly convey to their research labs shape students’ perceptions about the norms and values of science? 2. To what extent do faculty’s beliefs about the norms and values of science predict experiences of microaffirmations in the lab among students from historically underrepresented backgrounds? 3. To what extent do faculty beliefs about the norms and values of science predict undergraduate student research interest and persistence, and are these effects stronger for students from historically underrepresented backgrounds? 4. To what degree do we observe discrepancies between faculty beliefs about the norms and values of science, and what students think their faculty believe? Do these discrepancies predict student experiences and outcomes? To answer these questions, the project will draw on longitudinal social psychological methods and social capital theory. This project aims to employ behavioral measures related to student persistence, productivity, and career choices, in addition to subjective measures of research interest collected over one year. The goal is to produce transformative knowledge on scientific communication processes that shape students’ research experiences and interests, in order to retaining a diverse and robust future scientific workforce.&lt;br/&gt;&lt;br/&gt;This project is funded by the EHR Core Research (ECR) program, which supports work that advances fundamental research on STEM learning and learning environments, broadening participation in STEM, and STEM workforce development.&lt;br/&gt;&lt;br/&gt;This award reflects NSF's statutory mission and has been deemed worthy of support through evaluation using the Foundation's intellectual merit and broader impacts review criteria.]]></AbstractNarration>
<MinAmdLetterDate>07/13/2021</MinAmdLetterDate>
<MaxAmdLetterDate>07/13/2021</MaxAmdLetterDate>
<ARRAAmount/>
<TRAN_TYPE>Grant</TRAN_TYPE>
<CFDA_NUM>47.076</CFDA_NUM>
<NSF_PAR_USE_FLAG>1</NSF_PAR_USE_FLAG>
<FUND_AGCY_CODE>4900</FUND_AGCY_CODE>
<AWDG_AGCY_CODE>4900</AWDG_AGCY_CODE>
<AwardID>2100129</AwardID>
<Investigator>
<FirstName>Christal</FirstName>
<LastName>Sohl</LastName>
<PI_MID_INIT/>
<PI_SUFX_NAME/>
<PI_FULL_NAME>Christal Sohl</PI_FULL_NAME>
<EmailAddress><![CDATA[csohl@sdsu.edu]]></EmailAddress>
<NSF_ID>000756256</NSF_ID>
<StartDate>07/13/2021</StartDate>
<EndDate/>
<RoleCode>Co-Principal Investigator</RoleCode>
</Investigator>
<Investigator>
<FirstName>Dustin</FirstName>
<LastName>Thoman</LastName>
<PI_MID_INIT>B</PI_MID_INIT>
<PI_SUFX_NAME/>
<PI_FULL_NAME>Dustin B Thoman</PI_FULL_NAME>
<EmailAddress><![CDATA[dthoman@sdsu.edu]]></EmailAddress>
<NSF_ID>000656104</NSF_ID>
<StartDate>07/13/2021</StartDate>
<EndDate/>
<RoleCode>Principal Investigator</RoleCode>
</Investigator>
<Investigator>
<FirstName>Miguel</FirstName>
<LastName>Villodas</LastName>
<PI_MID_INIT/>
<PI_SUFX_NAME/>
<PI_FULL_NAME>Miguel Villodas</PI_FULL_NAME>
<EmailAddress><![CDATA[mvillodas@sdsu.edu]]></EmailAddress>
<NSF_ID>000839543</NSF_ID>
<StartDate>07/13/2021</StartDate>
<EndDate/>
<RoleCode>Co-Principal Investigator</RoleCode>
</Investigator>
<Investigator>
<FirstName>Jessi</FirstName>
<LastName>Smith</LastName>
<PI_MID_INIT>L</PI_MID_INIT>
<PI_SUFX_NAME/>
<PI_FULL_NAME>Jessi L Smith</PI_FULL_NAME>
<EmailAddress><![CDATA[jsmith20@uccs.edu]]></EmailAddress>
<NSF_ID>000073299</NSF_ID>
<StartDate>07/13/2021</StartDate>
<EndDate/>
<RoleCode>Co-Principal Investigator</RoleCode>
</Investigator>
<Institution>
<Name>San Diego State University Foundation</Name>
<CityName>SAN DIEGO</CityName>
<ZipCode>921821901</ZipCode>
<PhoneNumber>6195945731</PhoneNumber>
<StreetAddress>5250 CAMPANILE DR MC1947</StreetAddress>
<StreetAddress2/>
<CountryName>United States</CountryName>
<StateName>California</StateName>
<StateCode>CA</StateCode>
<CONGRESSDISTRICT>53</CONGRESSDISTRICT>
<CONGRESS_DISTRICT_ORG>CA53</CONGRESS_DISTRICT_ORG>
<ORG_UEI_NUM>H59JKGFZKHL7</ORG_UEI_NUM>
<ORG_LGL_BUS_NAME>SAN DIEGO STATE UNIVERSITY FOUNDATION</ORG_LGL_BUS_NAME>
<ORG_PRNT_UEI_NUM/>
</Institution>
<Performance_Institution>
<Name><![CDATA[San Diego State University Foundation]]></Name>
<CityName>San Diego</CityName>
<StateCode>CA</StateCode>
<ZipCode>921822190</ZipCode>
<StreetAddress><![CDATA[5250 Campanile Drive]]></StreetAddress>
<CountryCode>US</CountryCode>
<CountryName>United States</CountryName>
<StateName>California</StateName>
<CountryFlag>1</CountryFlag>
<CONGRESSDISTRICT>53</CONGRESSDISTRICT>
<CONGRESS_DISTRICT_PERF>CA53</CONGRESS_DISTRICT_PERF>
</Performance_Institution>
<ProgramElement>
<Code>7980</Code>
<Text>ECR-EHR Core Research</Text>
</ProgramElement>
<ProgramReference>
<Code>8212</Code>
<Text>Broaden Particip STEM Resrch</Text>
</ProgramReference>
<Appropriation>
<Code>0421</Code>
<Name>NSF Education &amp; Human Resource</Name>
<APP_SYMB_ID>040106</APP_SYMB_ID>
</Appropriation>
<Fund>
<Code>04002122DB</Code>
<Name><![CDATA[NSF Education & Human Resource]]></Name>
<FUND_SYMB_ID>040106</FUND_SYMB_ID>
</Fund>
<FUND_OBLG>2021~897310</FUND_OBLG>
</Award>
</rootTag>
