<?xml version="1.0" encoding="UTF-8"?>
<rootTag>
<Award>
<AwardTitle>Rapid, High-Throughput, and Real-time Assessment of Antibiotic Effectiveness against Pathogenic Biofilms</AwardTitle>
<AGENCY>NSF</AGENCY>
<AwardEffectiveDate>06/01/2021</AwardEffectiveDate>
<AwardExpirationDate>05/31/2024</AwardExpirationDate>
<AwardTotalIntnAmount>370000.00</AwardTotalIntnAmount>
<AwardAmount>370000</AwardAmount>
<AwardInstrument>
<Value>Standard Grant</Value>
</AwardInstrument>
<Organization>
<Code>07020000</Code>
<Directorate>
<Abbreviation>ENG</Abbreviation>
<LongName>Directorate For Engineering</LongName>
</Directorate>
<Division>
<Abbreviation>CBET</Abbreviation>
<LongName>Div Of Chem, Bioeng, Env, &amp; Transp Sys</LongName>
</Division>
</Organization>
<ProgramOfficer>
<SignBlockName>Aleksandr Simonian</SignBlockName>
<PO_EMAI>asimonia@nsf.gov</PO_EMAI>
<PO_PHON>7032922191</PO_PHON>
</ProgramOfficer>
<AbstractNarration>Bacterial infections from biofilms are a major threat to human health because biofilm bacteria become very resistant to antibiotics and human immune responses. Effective and rapid antibiotic-susceptibility testing (AST) for biofilms is urgently required to guide effective antibiotic use and to survey the spread and emergence of antimicrobial resistance. Conventional AST techniques are not generally suitable for biofilms, thus the overall objective of this project is to provide an innovative, practical, and reliable AST for disease-causing biofilms. This AST will enable rapid, high-throughput, and real-time monitoring along with controllable manipulation of bacterial microenvironments and rapid biofilm formation from a low volume sample. This is accomplished by continuously monitoring bacterial extracellular electron transfers (EEFs) through their metabolic activities, which are impaired by effective antibiotics. Furthermore, a novel strategy will be created to rapidly construct a 3-D polymicrobial biofilm and to establish various biofilm models that mimic natural polymicrobial communities. The project will address grand challenges in microbial infections critical to U.S. healthcare and the economy. Findings will first be disseminated within the discipline through local and international conferences and journal publications; then they will be distributed through educational venues maximizing the project’s reach and impact.  &lt;br/&gt;&lt;br/&gt;This project aims to provide a new strategy for rapid and high-throughput assessment of antibiotic effectiveness against pathogenic biofilms by monitoring the energy output of bacteria in a 3-D multi-laminate structure of papers as a scaffold to support bacterial biofilms. Studies are designed to test a two-fold central hypothesis that: (1) the electrons collectively harvested from a group of cells in a biofilm can be strong enough as a transducing signal to sensitively and continuously monitor both bacterial growth and antibiotic susceptibility, and (2) a 3-D multi-laminate paper stack can provide a new strategy for rapid layer-by-layer biofilm formation in a high-throughput format.  The research plan is organized under three aims:  (1) create a real-time, sensitive biosensing platform to electrically evaluate antibiotic effectiveness of bacteria in a high-throughput (96 wells) and rapid (&lt;5 hours) manner using microbial fuel cell (MFC) based biosensors previously developed by the investigator; (2) develop a multi-layer hydrophilic paper-based culturing platform for rapid biofilm formation with control of biofilm thickness and microbial concentration; and (3) demonstrate integration as a system and practical use with model biofilms of Pseudomonas aeruginosa and Enterococcus faecalis. In summary, the AST array developed will contribute to an in-depth understanding of the underlying dynamics of antibiotic resistance evolution in biofilms and test the effectiveness of an antibiotic regime for treating biofilm-associated infections.&lt;br/&gt;&lt;br/&gt;This award reflects NSF's statutory mission and has been deemed worthy of support through evaluation using the Foundation's intellectual merit and broader impacts review criteria.</AbstractNarration>
<MinAmdLetterDate>02/26/2021</MinAmdLetterDate>
<MaxAmdLetterDate>05/21/2021</MaxAmdLetterDate>
<ARRAAmount/>
<TRAN_TYPE>Grant</TRAN_TYPE>
<CFDA_NUM>47.041</CFDA_NUM>
<NSF_PAR_USE_FLAG>1</NSF_PAR_USE_FLAG>
<FUND_AGCY_CODE>4900</FUND_AGCY_CODE>
<AWDG_AGCY_CODE>4900</AWDG_AGCY_CODE>
<AwardID>2100757</AwardID>
<Investigator>
<FirstName>Seokheun</FirstName>
<LastName>Choi</LastName>
<PI_MID_INIT/>
<PI_SUFX_NAME/>
<PI_FULL_NAME>Seokheun Choi</PI_FULL_NAME>
<EmailAddress>sechoi@binghamton.edu</EmailAddress>
<PI_PHON>6077775913</PI_PHON>
<NSF_ID>000615677</NSF_ID>
<StartDate>02/26/2021</StartDate>
<EndDate/>
<RoleCode>Principal Investigator</RoleCode>
</Investigator>
<Institution>
<Name>SUNY at Binghamton</Name>
<CityName>BINGHAMTON</CityName>
<ZipCode>139024400</ZipCode>
<PhoneNumber>6077776136</PhoneNumber>
<StreetAddress>4400 VESTAL PKWY E</StreetAddress>
<StreetAddress2/>
<CountryName>United States</CountryName>
<StateName>New York</StateName>
<StateCode>NY</StateCode>
<CONGRESSDISTRICT>22</CONGRESSDISTRICT>
<CONGRESS_DISTRICT_ORG>NY22</CONGRESS_DISTRICT_ORG>
<ORG_UEI_NUM>NQMVAAQUFU53</ORG_UEI_NUM>
<ORG_LGL_BUS_NAME>RESEARCH FOUNDATION FOR THE STATE UNIVERSITY OF NEW YORK, THE</ORG_LGL_BUS_NAME>
<ORG_PRNT_UEI_NUM>GMZUKXFDJMA9</ORG_PRNT_UEI_NUM>
</Institution>
<Performance_Institution>
<Name><![CDATA[SUNY at Binghamton]]></Name>
<CityName>Binghamton</CityName>
<StateCode>NY</StateCode>
<ZipCode>139026000</ZipCode>
<StreetAddress><![CDATA[4400 Vestal PKWY E]]></StreetAddress>
<CountryCode>US</CountryCode>
<CountryName>United States</CountryName>
<StateName>New York</StateName>
<CountryFlag>1</CountryFlag>
<CONGRESSDISTRICT>22</CONGRESSDISTRICT>
<CONGRESS_DISTRICT_PERF>NY22</CONGRESS_DISTRICT_PERF>
</Performance_Institution>
<ProgramElement>
<Code>7909</Code>
<Text>BIOSENS-Biosensing</Text>
</ProgramElement>
<Appropriation>
<Code>0121</Code>
<Name>NSF RESEARCH &amp; RELATED ACTIVIT</Name>
<APP_SYMB_ID>040100</APP_SYMB_ID>
</Appropriation>
<Fund>
<Code>01002122DB</Code>
<Name><![CDATA[NSF RESEARCH & RELATED ACTIVIT]]></Name>
<FUND_SYMB_ID>040100</FUND_SYMB_ID>
</Fund>
<FUND_OBLG>2021~370000</FUND_OBLG>
</Award>
</rootTag>
