<?xml version="1.0" encoding="UTF-8"?>
<rootTag>
<Award>
<AwardTitle><![CDATA[Collaborative Research: EAGER: VisDict - Visual Dictionaries for Enhancing the Communication between Domain Scientists and Scientific Workflow Providers]]></AwardTitle>
<AGENCY>NSF</AGENCY>
<AwardEffectiveDate>05/15/2021</AwardEffectiveDate>
<AwardExpirationDate>10/31/2022</AwardExpirationDate>
<AwardTotalIntnAmount>100000.00</AwardTotalIntnAmount>
<AwardAmount>100000</AwardAmount>
<AwardInstrument>
<Value>Standard Grant</Value>
</AwardInstrument>
<Organization>
<Code>05010000</Code>
<Directorate>
<Abbreviation>CSE</Abbreviation>
<LongName>Direct For Computer &amp; Info Scie &amp; Enginr</LongName>
</Directorate>
<Division>
<Abbreviation>CCF</Abbreviation>
<LongName>Division of Computing and Communication Foundations</LongName>
</Division>
</Organization>
<ProgramOfficer>
<SignBlockName>Almadena Chtchelkanova</SignBlockName>
<PO_EMAI>achtchel@nsf.gov</PO_EMAI>
<PO_PHON>7032927498</PO_PHON>
</ProgramOfficer>
<AbstractNarration><![CDATA[The complexity of research topics, research environments, and lab instruments has majorly grown in the last 20 years and has led to an uptake of computational methods such as computational workflows. Thousands of researchers use workflows for creating and analyzing data from a diverse set of research domains and the uptake of workflows for research is also reflected in a high number of mature workflow management systems with different strengths and foci. Workflows have been instrumental in enabling significant discoveries such as the gravitational waves from colliding black holes and the analyses of DNA from Next-Generation Sequencing technologies. While workflows constitute a research domain in their own right and lead to improvements such as efficiency, feature enhancement, and usability, workflows are inherently designed to serve other domains. The creation of workflows supporting a research topic requires an understanding of the targeted problem and can be a labor-intensive and error-prone process. One source of errors is the communication between domain researchers and workflow providers. Successful communication considers diverse aspects such as the scientific background, native language, home country, and culture of the researchers. While the agreement on one natural language for communication - or involving a translator - is the typical set-up communication, there is a lack of tools or translators for communication between research domains and computer science. VisDict is intended to fill this gap by providing a set of vocabularies in a science gateway to enhance communication. The goal is to present a definition for different domains and workflow providers and, thus, serve as source for terms. Adding visualization will lower the communication barrier further following the saying, “A picture is worth a thousand words.”&lt;br/&gt;&lt;br/&gt;The main goal for VisDict is to create an intuitive visual dictionary that translates terms and concepts between research domains and computer science, specifically computational workflows. A key component of the proposed work is the development of a visual dictionary - VisDict - instantiated as a science gateway that is based on the science gateway framework HUBzero and aimed at providing a knowledge map of terms across disciplines. To accomplish this innovative and transformative goal, the project is conducting a series of surveys and interactions with workflow systems researchers and developers, and researchers from the science and engineering communities. The project is applying semantic representation to create knowledge between different domains to make it seamlessly available to researchers and thus fill the gap in this area. The visualization is intended to enhance understanding, and users are be able to vote on definitions and figures to allow for a wide adoption of the dictionary in diverse communities. By lowering the communication barrier for workflow design and development activities between computer scientists and domain scientists, this project has the potential to significantly enhance and accelerate scientific progress of critical importance for the development and sustainability of society. While the project starts with two communities - physics and ecology - the concept can be applied to any research domain with subject-specific language.&lt;br/&gt;&lt;br/&gt;This award reflects NSF's statutory mission and has been deemed worthy of support through evaluation using the Foundation's intellectual merit and broader impacts review criteria.]]></AbstractNarration>
<MinAmdLetterDate>05/17/2021</MinAmdLetterDate>
<MaxAmdLetterDate>09/21/2021</MaxAmdLetterDate>
<ARRAAmount/>
<TRAN_TYPE>Grant</TRAN_TYPE>
<CFDA_NUM>47.070</CFDA_NUM>
<NSF_PAR_USE_FLAG>1</NSF_PAR_USE_FLAG>
<FUND_AGCY_CODE>4900</FUND_AGCY_CODE>
<AWDG_AGCY_CODE>4900</AWDG_AGCY_CODE>
<AwardID>2100636</AwardID>
<Investigator>
<FirstName>Ewa</FirstName>
<LastName>Deelman</LastName>
<PI_MID_INIT/>
<PI_SUFX_NAME/>
<PI_FULL_NAME>Ewa Deelman</PI_FULL_NAME>
<EmailAddress><![CDATA[deelman@isi.edu]]></EmailAddress>
<NSF_ID>000119337</NSF_ID>
<StartDate>09/21/2021</StartDate>
<EndDate/>
<RoleCode>Principal Investigator</RoleCode>
</Investigator>
<Investigator>
<FirstName>Rafael</FirstName>
<LastName>Ferreira da Silva</LastName>
<PI_MID_INIT/>
<PI_SUFX_NAME/>
<PI_FULL_NAME>Rafael Ferreira da Silva</PI_FULL_NAME>
<EmailAddress><![CDATA[rafsilva@isi.edu]]></EmailAddress>
<NSF_ID>000663889</NSF_ID>
<StartDate>05/17/2021</StartDate>
<EndDate>09/21/2021</EndDate>
<RoleCode>Former Principal Investigator</RoleCode>
</Investigator>
<Institution>
<Name>University of Southern California</Name>
<CityName>LOS ANGELES</CityName>
<ZipCode>900074304</ZipCode>
<PhoneNumber>2137407762</PhoneNumber>
<StreetAddress>3720 S FLOWER ST FL 3</StreetAddress>
<StreetAddress2/>
<CountryName>United States</CountryName>
<StateName>California</StateName>
<StateCode>CA</StateCode>
<CONGRESSDISTRICT>37</CONGRESSDISTRICT>
<CONGRESS_DISTRICT_ORG>CA37</CONGRESS_DISTRICT_ORG>
<ORG_UEI_NUM>G88KLJR3KYT5</ORG_UEI_NUM>
<ORG_LGL_BUS_NAME>UNIVERSITY OF SOUTHERN CALIFORNIA</ORG_LGL_BUS_NAME>
<ORG_PRNT_UEI_NUM>G88KLJR3KYT5</ORG_PRNT_UEI_NUM>
</Institution>
<Performance_Institution>
<Name><![CDATA[University of Southern California]]></Name>
<CityName>Marina del Rey</CityName>
<StateCode>CA</StateCode>
<ZipCode>902926611</ZipCode>
<StreetAddress><![CDATA[4676 Admiralty Way, Ste 1001]]></StreetAddress>
<CountryCode>US</CountryCode>
<CountryName>United States</CountryName>
<StateName>California</StateName>
<CountryFlag>1</CountryFlag>
<CONGRESSDISTRICT>33</CONGRESSDISTRICT>
<CONGRESS_DISTRICT_PERF>CA33</CONGRESS_DISTRICT_PERF>
</Performance_Institution>
<ProgramElement>
<Code>7798</Code>
<Text>Software &amp; Hardware Foundation</Text>
</ProgramElement>
<ProgramReference>
<Code>7916</Code>
<Text>EAGER</Text>
</ProgramReference>
<ProgramReference>
<Code>7942</Code>
<Text>HIGH-PERFORMANCE COMPUTING</Text>
</ProgramReference>
<Appropriation>
<Code>0121</Code>
<Name>NSF RESEARCH &amp; RELATED ACTIVIT</Name>
<APP_SYMB_ID>040100</APP_SYMB_ID>
</Appropriation>
<Fund>
<Code>01002122DB</Code>
<Name><![CDATA[NSF RESEARCH & RELATED ACTIVIT]]></Name>
<FUND_SYMB_ID>040100</FUND_SYMB_ID>
</Fund>
<FUND_OBLG>2021~100000</FUND_OBLG>
</Award>
</rootTag>
