<?xml version="1.0" encoding="UTF-8"?>
<rootTag>
<Award>
<AwardTitle>Collaborative Research: Illuminating the Cenozoic Alkenone pCO2 Record</AwardTitle>
<AGENCY>NSF</AGENCY>
<AwardEffectiveDate>08/01/2021</AwardEffectiveDate>
<AwardExpirationDate>07/31/2024</AwardExpirationDate>
<AwardTotalIntnAmount>384286.00</AwardTotalIntnAmount>
<AwardAmount>384286</AwardAmount>
<AwardInstrument>
<Value>Standard Grant</Value>
</AwardInstrument>
<Organization>
<Code>06040200</Code>
<Directorate>
<Abbreviation>GEO</Abbreviation>
<LongName>Directorate For Geosciences</LongName>
</Directorate>
<Division>
<Abbreviation>OCE</Abbreviation>
<LongName>Division Of Ocean Sciences</LongName>
</Division>
</Organization>
<ProgramOfficer>
<SignBlockName>Daniel McCorkle</SignBlockName>
<PO_EMAI>dmccorkl@nsf.gov</PO_EMAI>
<PO_PHON>7032924543</PO_PHON>
</ProgramOfficer>
<AbstractNarration>This award is funded in whole or in part under the American Rescue Plan Act of 2021 (Public Law 117-2). &lt;br/&gt;&lt;br/&gt;This study will improve the foundation of a widely used geologic proxy for atmospheric carbon dioxide.  To correctly predict the magnitude of future global warming from rising greenhouse gas (GHG) concentrations, it is essential to understand the relationship between GHGs – particularly carbon dioxide (CO2) – and Earth’s temperature.  One way to investigate this relationship is to examine how Earth’s temperature and CO2 levels have varied together in the past.  Direct measurements of atmospheric CO2 extend back only to 1958, while measurements from bubbles of atmosphere trapped in ice cores extend back to about 1 million years (Ma) ago.  Any estimate of CO2 older than about 1 Ma requires the use of a proxy for CO2 concentrations.  One such proxy is based upon how ‘picky’ marine algae are about the two different isotopes of carbon.  When algae grow with high CO2 levels they mostly take up the isotope carbon-12, and use less of the isotope carbon-13.  When they grow with low CO2 levels they take up relatively more carbon-13. However, recent findings show that marine algae may also change how ‘picky’ they are due to other factors besides CO2 levels.  The primary goal of this project is to investigate how these other factors affect the algal CO2 proxy through controlled laboratory experiments and analysis of modern ocean sediments.  These findings can then be applied to ancient ocean sediments, in order to improve interpretations of reconstructed CO2 levels in the past.  This project will train a post-doctoral investigator, a Ph.D. student, and two summer undergraduate interns.&lt;br/&gt;&lt;br/&gt;Accurate reconstructions of past atmospheric pCO2 levels can improve predictions of future warming by providing geologic tests during Earth conditions that were different from the short observational record.  An important proxy for CO2 concentrations during the past 55 million years is the carbon isotopic composition of long-chain unsaturated ketones (alkenones) from the Noelaerhabdaceae family of algae.  The crucial assumptions of the existing proxy are that: (i) carbon isotope fractionation (Ep) by these algae is set by the rate of diffusive supply of CO2 relative to the rate of carbon use, and (ii) the fractionation is primarily governed by the carbon-fixing enzyme RuBisCO, with an assumed isotope effect of roughly 25 per mil.  Recent work challenges these assumptions, suggesting that non-diffusive supply of CO2 is ubiquitous, that kinetic RuBisCO fractionation in these algae may be as small as about 11 per mil and that irradiance independently influences carbon isotope fractionation.  Additional information is needed to incorporate these new factors into quantitative reconstructions of pCO2, including re-interpreting Cenozoic alkenone Ep values.  Project objectives include:&lt;br/&gt;i. Measure the response of alkenone Ep to variations in irradiance, cell size, and pCO2 in laboratory chemostat and dilute batch cultures,&lt;br/&gt;ii. Revise the quantitative framework for alkenone paleobarometry, developing practical equations to use for paleo-pCO2 reconstruction, and&lt;br/&gt;iii. Test this revised laboratory-based framework with new sediment analyses from the modern and Pleistocene ocean.&lt;br/&gt;The project goal is to provide a framework, based in mechanistic rather than empirical evidence, for understanding alkenone Ep variations during the Cenozoic.  This will help develop an equation relating Ep to CO2 that uses variables that can be measured or easily estimated, and that could be adopted readily by the paleoclimate community.&lt;br/&gt;&lt;br/&gt;This award reflects NSF's statutory mission and has been deemed worthy of support through evaluation using the Foundation's intellectual merit and broader impacts review criteria.</AbstractNarration>
<MinAmdLetterDate>07/21/2021</MinAmdLetterDate>
<MaxAmdLetterDate>07/21/2021</MaxAmdLetterDate>
<ARRAAmount/>
<TRAN_TYPE>Grant</TRAN_TYPE>
<CFDA_NUM>47.050</CFDA_NUM>
<NSF_PAR_USE_FLAG>1</NSF_PAR_USE_FLAG>
<FUND_AGCY_CODE>4900</FUND_AGCY_CODE>
<AWDG_AGCY_CODE>4900</AWDG_AGCY_CODE>
<AwardID>2100537</AwardID>
<Investigator>
<FirstName>Ann</FirstName>
<LastName>Pearson</LastName>
<PI_MID_INIT/>
<PI_SUFX_NAME/>
<PI_FULL_NAME>Ann Pearson</PI_FULL_NAME>
<EmailAddress>pearson@eps.harvard.edu</EmailAddress>
<PI_PHON>6173848392</PI_PHON>
<NSF_ID>000431323</NSF_ID>
<StartDate>07/21/2021</StartDate>
<EndDate/>
<RoleCode>Principal Investigator</RoleCode>
</Investigator>
<Institution>
<Name>Harvard University</Name>
<CityName>CAMBRIDGE</CityName>
<ZipCode>021385369</ZipCode>
<PhoneNumber>6174955501</PhoneNumber>
<StreetAddress>1033 MASSACHUSETTS AVE 5TH FL</StreetAddress>
<StreetAddress2/>
<CountryName>United States</CountryName>
<StateName>Massachusetts</StateName>
<StateCode>MA</StateCode>
<CONGRESSDISTRICT>05</CONGRESSDISTRICT>
<CONGRESS_DISTRICT_ORG>MA05</CONGRESS_DISTRICT_ORG>
<ORG_UEI_NUM>LN53LCFJFL45</ORG_UEI_NUM>
<ORG_LGL_BUS_NAME>PRESIDENT AND FELLOWS OF HARVARD COLLEGE</ORG_LGL_BUS_NAME>
<ORG_PRNT_UEI_NUM>ML98SNHE8XL1</ORG_PRNT_UEI_NUM>
</Institution>
<Performance_Institution>
<Name><![CDATA[Harvard University]]></Name>
<CityName>CAMBRIDGE</CityName>
<StateCode>MA</StateCode>
<ZipCode>021385369</ZipCode>
<StreetAddress><![CDATA[1033 Massachusetts Ave]]></StreetAddress>
<CountryCode>US</CountryCode>
<CountryName>United States</CountryName>
<StateName>Massachusetts</StateName>
<CountryFlag>1</CountryFlag>
<CONGRESSDISTRICT>05</CONGRESSDISTRICT>
<CONGRESS_DISTRICT_PERF>MA05</CONGRESS_DISTRICT_PERF>
</Performance_Institution>
<ProgramElement>
<Code>1620</Code>
<Text>Marine Geology and Geophysics</Text>
</ProgramElement>
<ProgramReference>
<Code>1304</Code>
<Text>EARTH SYSTEM HISTORY</Text>
</ProgramReference>
<ProgramReference>
<Code>1389</Code>
<Text>CARBON CYCLE RESEARCH</Text>
</ProgramReference>
<ProgramReference>
<Code>1620</Code>
<Text>MARINE GEOLOGY AND GEOPHYSICS</Text>
</ProgramReference>
<Appropriation>
<Code>0121</Code>
<Name>NSF RESEARCH &amp; RELATED ACTIVIT</Name>
<APP_SYMB_ID>040100</APP_SYMB_ID>
</Appropriation>
<Fund>
<Code>01002122DB</Code>
<Name><![CDATA[NSF RESEARCH & RELATED ACTIVIT]]></Name>
<FUND_SYMB_ID>040100</FUND_SYMB_ID>
</Fund>
<FUND_OBLG>2021~384286</FUND_OBLG>
</Award>
</rootTag>
