<?xml version="1.0" encoding="UTF-8"?>
<rootTag>
<Award>
<AwardTitle>Collaborative Research: Investigating the Impact of Mindfulness Training to Mitigate Psychological Threat and Enhance Engagement and Learning to Undergraduate Introductory Physics</AwardTitle>
<AGENCY>NSF</AGENCY>
<AwardEffectiveDate>10/01/2021</AwardEffectiveDate>
<AwardExpirationDate>09/30/2024</AwardExpirationDate>
<AwardTotalIntnAmount>1421281.00</AwardTotalIntnAmount>
<AwardAmount>948417</AwardAmount>
<AwardInstrument>
<Value>Continuing Grant</Value>
</AwardInstrument>
<Organization>
<Code>11040000</Code>
<Directorate>
<Abbreviation>EHR</Abbreviation>
<LongName>Direct For Education and Human Resources</LongName>
</Directorate>
<Division>
<Abbreviation>DUE</Abbreviation>
<LongName>Division Of Undergraduate Education</LongName>
</Division>
</Organization>
<ProgramOfficer>
<SignBlockName>Dawn Rickey</SignBlockName>
<PO_EMAI>drickey@nsf.gov</PO_EMAI>
<PO_PHON>7032924674</PO_PHON>
</ProgramOfficer>
<AbstractNarration>This project aims to serve the national interest by developing and testing a novel theoretical framework to understand and mitigate sources of disengagement and promote sources of engagement in undergraduate introductory physics courses. A premise of this project is that students under psychological threat—those who appraise demands of physics as exceeding coping resources—are more likely to disengage from physics. Critically, reducing psychological threat is suggested to boost engagement, and ultimately, learning and retention. The focus is on mindfulness as a tool to help students reappraise physics stressors, so that demands posed by learning physics can be perceived as temporary challenges to be overcome rather than permanent threats to be avoided.&lt;br/&gt;&lt;br/&gt;This project tests a model of psychological threat in relation to physics engagement and learning that integrates three separate research literatures on: 1) motivation (social and educational psychology), 2) mindfulness and stress (health and clinical science), and 3) learning (cognitive psychology and disciplinary-based physics education). In a series of randomized field experiments with undergraduates, this project tests the hypothesis that mindfulness training can help students make more adaptive stress appraisals, thereby mitigating psychological threat and boosting engagement. This project also explores whether adaptive stress appraisals and increased engagement cumulate to longer-term gains in learning and retention outcomes. Through the use of multimethod assessments (ecological momentary assessment, performance measures, self-report surveys, interviews, objective course records), the proposed studies will provide critical data necessary to rigorously test mechanisms connecting mindfulness to stress appraisals, engagement, and physics learning more broadly. Findings from this research will provide valuable insights into the relations between mindfulness, psychological threat, and engagement and learning. This project is supported by the EHR Core Research (ECR) program, which supports work that advances fundamental research on STEM learning and learning environments, broadening participation in STEM, and STEM workforce development.&lt;br/&gt;&lt;br/&gt;This award reflects NSF's statutory mission and has been deemed worthy of support through evaluation using the Foundation's intellectual merit and broader impacts review criteria.</AbstractNarration>
<MinAmdLetterDate>07/28/2021</MinAmdLetterDate>
<MaxAmdLetterDate>07/28/2021</MaxAmdLetterDate>
<ARRAAmount/>
<TRAN_TYPE>Grant</TRAN_TYPE>
<CFDA_NUM>47.076</CFDA_NUM>
<NSF_PAR_USE_FLAG>1</NSF_PAR_USE_FLAG>
<FUND_AGCY_CODE>4900</FUND_AGCY_CODE>
<AWDG_AGCY_CODE>4900</AWDG_AGCY_CODE>
<AwardID>2100040</AwardID>
<Investigator>
<FirstName>Melanie</FirstName>
<LastName>Good</LastName>
<PI_MID_INIT>L</PI_MID_INIT>
<PI_SUFX_NAME/>
<PI_FULL_NAME>Melanie L Good</PI_FULL_NAME>
<EmailAddress>mlgood@pitt.edu</EmailAddress>
<PI_PHON>7245160635</PI_PHON>
<NSF_ID>000839527</NSF_ID>
<StartDate>07/28/2021</StartDate>
<EndDate/>
<RoleCode>Co-Principal Investigator</RoleCode>
</Investigator>
<Investigator>
<FirstName>Brian</FirstName>
<LastName>Galla</LastName>
<PI_MID_INIT>M</PI_MID_INIT>
<PI_SUFX_NAME/>
<PI_FULL_NAME>Brian M Galla</PI_FULL_NAME>
<EmailAddress>gallabri@pitt.edu</EmailAddress>
<PI_PHON>4126487248</PI_PHON>
<NSF_ID>000811564</NSF_ID>
<StartDate>07/28/2021</StartDate>
<EndDate/>
<RoleCode>Principal Investigator</RoleCode>
</Investigator>
<Investigator>
<FirstName>Timothy</FirstName>
<LastName>Nokes-Malach</LastName>
<PI_MID_INIT>J</PI_MID_INIT>
<PI_SUFX_NAME/>
<PI_FULL_NAME>Timothy J Nokes-Malach</PI_FULL_NAME>
<EmailAddress>nokes@pitt.edu</EmailAddress>
<PI_PHON>4126247789</PI_PHON>
<NSF_ID>000335371</NSF_ID>
<StartDate>07/28/2021</StartDate>
<EndDate/>
<RoleCode>Co-Principal Investigator</RoleCode>
</Investigator>
<Institution>
<Name>University of Pittsburgh</Name>
<CityName>PITTSBURGH</CityName>
<ZipCode>152600001</ZipCode>
<PhoneNumber>4126247400</PhoneNumber>
<StreetAddress>4200 5TH AVE</StreetAddress>
<StreetAddress2/>
<CountryName>United States</CountryName>
<StateName>Pennsylvania</StateName>
<StateCode>PA</StateCode>
<CONGRESSDISTRICT>18</CONGRESSDISTRICT>
<CONGRESS_DISTRICT_ORG>PA18</CONGRESS_DISTRICT_ORG>
<ORG_UEI_NUM>MKAGLD59JRL1</ORG_UEI_NUM>
<ORG_LGL_BUS_NAME>UNIVERSITY OF PITTSBURGH, THE</ORG_LGL_BUS_NAME>
<ORG_PRNT_UEI_NUM>MKAGLD59JRL1</ORG_PRNT_UEI_NUM>
</Institution>
<Performance_Institution>
<Name><![CDATA[University of Pittsburgh]]></Name>
<CityName/>
<StateCode>PA</StateCode>
<ZipCode>152600001</ZipCode>
<StreetAddress/>
<CountryCode>US</CountryCode>
<CountryName>United States</CountryName>
<StateName>Pennsylvania</StateName>
<CountryFlag>1</CountryFlag>
<CONGRESSDISTRICT>18</CONGRESSDISTRICT>
<CONGRESS_DISTRICT_PERF>PA18</CONGRESS_DISTRICT_PERF>
</Performance_Institution>
<ProgramElement>
<Code>7980</Code>
<Text>ECR-EHR Core Research</Text>
</ProgramElement>
<ProgramReference>
<Code>8212</Code>
<Text>Broaden Particip STEM Resrch</Text>
</ProgramReference>
<ProgramReference>
<Code>8817</Code>
<Text>STEM Learning &amp; Learning Environments</Text>
</ProgramReference>
<Appropriation>
<Code>0421</Code>
<Name>NSF Education &amp; Human Resource</Name>
<APP_SYMB_ID>040106</APP_SYMB_ID>
</Appropriation>
<Fund>
<Code>04002122DB</Code>
<Name><![CDATA[NSF Education & Human Resource]]></Name>
<FUND_SYMB_ID>040106</FUND_SYMB_ID>
</Fund>
<FUND_OBLG>2021~948417</FUND_OBLG>
</Award>
</rootTag>
