<?xml version="1.0" encoding="UTF-8"?>
<rootTag>
<Award>
<AwardTitle>RUI: Galois Automorphisms and Local-Global Properties of Representations of Finite Groups</AwardTitle>
<AGENCY>NSF</AGENCY>
<AwardEffectiveDate>09/01/2021</AwardEffectiveDate>
<AwardExpirationDate>08/31/2024</AwardExpirationDate>
<AwardTotalIntnAmount>154444.00</AwardTotalIntnAmount>
<AwardAmount>154444</AwardAmount>
<AwardInstrument>
<Value>Standard Grant</Value>
</AwardInstrument>
<Organization>
<Code>03040000</Code>
<Directorate>
<Abbreviation>MPS</Abbreviation>
<LongName>Direct For Mathematical &amp; Physical Scien</LongName>
</Directorate>
<Division>
<Abbreviation>DMS</Abbreviation>
<LongName>Division Of Mathematical Sciences</LongName>
</Division>
</Organization>
<ProgramOfficer>
<SignBlockName>James Matthew Douglass</SignBlockName>
<PO_EMAI>mdouglas@nsf.gov</PO_EMAI>
<PO_PHON>7032922467</PO_PHON>
</ProgramOfficer>
<AbstractNarration>This project is in the area of group theory and the representation theory of finite groups. Groups may be understood as collections of symmetries and the study of group theory was motivated by the desire to understand the symmetry of an object, whether it be in nature, art, communication networks, or any other place that symmetry might play a role. Group theory has applications in physics, chemistry, and other natural sciences. In recent years, research in group theory has had a significant impact on technological advances, such as in cryptography and coding theory. Representation theory is a tool used to better understand the structure of a group and the symmetries it represents. Representations provide a way to view an abstract group as a group of matrices, whose structure is often easier to understand. This project focuses on a number of problems which seek to relate the representation theory of a finite group to the structure and representations of certain so-called local subgroups, which reflect numerical information encoded by the group. Several problems to be studied in the project involve computations and other components that are well-suited for involving undergraduate students and introducing them to group theory and mathematical research. A key part of the investigator's activities under the project will be to recruit, encourage, and mentor students to pursue undergraduate research projects.&lt;br/&gt;&lt;br/&gt;More specifically, the problems under consideration in this project require understanding the irreducible characters of finite groups of Lie type, and involve relating the character theory of a group to the characters of its local subgroups, through a collection of conjectures known as local-global conjectures. The local-global philosophy centers around the idea that critical information about the representation theory of a finite group can be deduced from knowledge of the representation theory of its local subgroups. One of the first of these local-global conjectures, and currently one of the main motivations for problems in the area, is known as the McKay conjecture. Although heavily studied, this conjecture is still somewhat of a mystery to group theorists. In pursuit of a better understanding of why local subgroups seem to provide so much information about the character theory of the group itself, several stronger forms of the McKay conjecture have been proposed, and this project considers those involving the role of Galois automorphisms (the McKay-Navarro conjecture), block theory (the Alperin-McKay conjecture), and the combination of the two (the Alperin-McKay-Navarro conjecture).  Hence, several of the questions in the project aim to further the study of the blocks of groups of Lie type and their local subgroups, as well as the action of Galois automorphisms on these objects. Since the effect of various group actions on parametrizations of these characters is an especially problematic component in a number of local-global conjectures and other important problems regarding representations of groups of Lie type, the research in this project will have applications to other problems in the area.&lt;br/&gt;&lt;br/&gt;This award reflects NSF's statutory mission and has been deemed worthy of support through evaluation using the Foundation's intellectual merit and broader impacts review criteria.</AbstractNarration>
<MinAmdLetterDate>08/27/2021</MinAmdLetterDate>
<MaxAmdLetterDate>08/27/2021</MaxAmdLetterDate>
<ARRAAmount/>
<TRAN_TYPE>Grant</TRAN_TYPE>
<CFDA_NUM>47.049</CFDA_NUM>
<NSF_PAR_USE_FLAG>1</NSF_PAR_USE_FLAG>
<FUND_AGCY_CODE>4900</FUND_AGCY_CODE>
<AWDG_AGCY_CODE>4900</AWDG_AGCY_CODE>
<AwardID>2100912</AwardID>
<Investigator>
<FirstName>Amanda</FirstName>
<LastName>Schaeffer Fry</LastName>
<PI_MID_INIT/>
<PI_SUFX_NAME/>
<PI_FULL_NAME>Amanda Schaeffer Fry</PI_FULL_NAME>
<EmailAddress>aschaef6@msudenver.edu</EmailAddress>
<PI_PHON>3035565338</PI_PHON>
<NSF_ID>000685281</NSF_ID>
<StartDate>08/27/2021</StartDate>
<EndDate/>
<RoleCode>Principal Investigator</RoleCode>
</Investigator>
<Institution>
<Name>Metropolitan State University of Denver</Name>
<CityName>DENVER</CityName>
<ZipCode>802041806</ZipCode>
<PhoneNumber>3033527004</PhoneNumber>
<StreetAddress>890 AURARIA PKWY</StreetAddress>
<StreetAddress2/>
<CountryName>United States</CountryName>
<StateName>Colorado</StateName>
<StateCode>CO</StateCode>
<CONGRESSDISTRICT>01</CONGRESSDISTRICT>
<CONGRESS_DISTRICT_ORG>CO01</CONGRESS_DISTRICT_ORG>
<ORG_UEI_NUM>UP9BGM1JEM81</ORG_UEI_NUM>
<ORG_LGL_BUS_NAME>METROPOLITAN STATE UNIVERSITY OF DENVER</ORG_LGL_BUS_NAME>
<ORG_PRNT_UEI_NUM>UP9BGM1JEM81</ORG_PRNT_UEI_NUM>
</Institution>
<Performance_Institution>
<Name><![CDATA[Metropolitan State University of Denver]]></Name>
<CityName/>
<StateCode>CO</StateCode>
<ZipCode>802173362</ZipCode>
<StreetAddress/>
<CountryCode>US</CountryCode>
<CountryName>United States</CountryName>
<StateName>Colorado</StateName>
<CountryFlag>1</CountryFlag>
<CONGRESSDISTRICT>01</CONGRESSDISTRICT>
<CONGRESS_DISTRICT_PERF>CO01</CONGRESS_DISTRICT_PERF>
</Performance_Institution>
<ProgramElement>
<Code>1264</Code>
<Text>ALGEBRA,NUMBER THEORY,AND COM</Text>
</ProgramElement>
<ProgramReference>
<Code>9229</Code>
<Text>RES IN UNDERGRAD INST-RESEARCH</Text>
</ProgramReference>
<Appropriation>
<Code>0121</Code>
<Name>NSF RESEARCH &amp; RELATED ACTIVIT</Name>
<APP_SYMB_ID>040100</APP_SYMB_ID>
</Appropriation>
<Fund>
<Code>01002122DB</Code>
<Name><![CDATA[NSF RESEARCH & RELATED ACTIVIT]]></Name>
<FUND_SYMB_ID>040100</FUND_SYMB_ID>
</Fund>
<FUND_OBLG>2021~154444</FUND_OBLG>
</Award>
</rootTag>
