<?xml version="1.0" encoding="UTF-8"?>
<rootTag>
<Award>
<AwardTitle><![CDATA[Excellence in Research: Elucidating Factors that Affect Substrate Promiscuity of Bacterial Capsule Polymerases for Synthesis of Novel Polysaccharides]]></AwardTitle>
<AGENCY>NSF</AGENCY>
<AwardEffectiveDate>06/01/2021</AwardEffectiveDate>
<AwardExpirationDate>05/31/2024</AwardExpirationDate>
<AwardTotalIntnAmount>550000.00</AwardTotalIntnAmount>
<AwardAmount>550000</AwardAmount>
<AwardInstrument>
<Value>Standard Grant</Value>
</AwardInstrument>
<Organization>
<Code>03070000</Code>
<Directorate>
<Abbreviation>MPS</Abbreviation>
<LongName>Direct For Mathematical &amp; Physical Scien</LongName>
</Directorate>
<Division>
<Abbreviation>DMR</Abbreviation>
<LongName>Division Of Materials Research</LongName>
</Division>
</Organization>
<ProgramOfficer>
<SignBlockName>Abraham Joy</SignBlockName>
<PO_EMAI>ajoy@nsf.gov</PO_EMAI>
<PO_PHON>7032922913</PO_PHON>
</ProgramOfficer>
<AbstractNarration><![CDATA[Non-Technical Abstract: &lt;br/&gt;&lt;br/&gt;Heavy metal pollution of water poses environmental risks. Bacterial Carbohydrate biomaterials, due to their chemical properties, can bind to metal cations very well and therefore have the potential to be used in the development of technologies for removing environmental heavy metal contamination, among other applications. Despite being one of the major classes of macromolecules, such bacterial carbohydrate biomaterials as well as the enzymes that synthesize them are not fully understood. More specifically, there is a lack of knowledge of (1) the three-dimensional structure of most carbohydrate-producing enzymes and (2) the rules that determine what specific types of compounds these enzymes could use to synthesize new carbohydrate biomaterial structures. The team of researchers on this project seek to gain fundamental knowledge into these two areas using computational and laboratory research approaches. Outcomes of this work will provide key findings to inform future studies leading to the design of carbohydrate-based biomaterials with enhanced metal-binding properties. The proposed work will also broaden participation of underrepresented minorities (URMs) in biomaterials research and advanced computational tools through research opportunities and curricular revisions at Morgan State University.&lt;br/&gt; &lt;br/&gt;Technical Abstract:&lt;br/&gt; &lt;br/&gt;Bacterial capsular polysaccharides, found on the outer surface of many Gram-negative bacteria, differ in length, composition, and structural properties. These polymers may provide new environmentally friendly sources of biomaterials for bioremediation, cargo-delivery systems, and biologically active polymers. An understanding of capsule-producing enzymes is critical to the design of new carbohydrate structures to serve in these applications. However, many of these enzymes have been poorly studied and there are very few known 3-dimensional structures. The proposed project seeks to study the rules governing nucleotide donor substrate specificity of the Neisseria meningitidis serogroup W (NmW) capsule polymerase as a basis for investigating its potential to serve as an enzymatic tool for the synthesis of novel polysaccharide structures. The long-term goal is to design polysaccharide-based biomaterials with improved metal remediation activity. The project team will work in coordination to carry out the following objectives: (1) Identification of key amino acids that modulate specificity of the NmW capsule polymerase using modeling, molecular dynamics simulations and mutational approaches; (2) Determination of binding kinetics and enzymatic activity of natural and modified substrates using surface plasmon resonance and bioluminescence assays; and (3) Computational modeling and molecular dynamics simulations of proposed novel carbohydrate polymers and characterization of enzymatically-produced polysaccharides. The proposed work will broaden participation of underrepresented minorities (URMs) in biomaterials research and advanced computational tools through student research opportunities at the high school, undergraduate and graduate level. In addition, a research-based bioinformatics activity will be incorporated into undergraduate and graduate Biochemistry courses. Thus, this project will provide research and educational training to students from URMs in the STEM workforce.&lt;br/&gt;&lt;br/&gt;This award reflects NSF's statutory mission and has been deemed worthy of support through evaluation using the Foundation's intellectual merit and broader impacts review criteria.]]></AbstractNarration>
<MinAmdLetterDate>06/01/2021</MinAmdLetterDate>
<MaxAmdLetterDate>06/01/2021</MaxAmdLetterDate>
<ARRAAmount/>
<TRAN_TYPE>Grant</TRAN_TYPE>
<CFDA_NUM>47.049</CFDA_NUM>
<NSF_PAR_USE_FLAG>1</NSF_PAR_USE_FLAG>
<FUND_AGCY_CODE>4900</FUND_AGCY_CODE>
<AWDG_AGCY_CODE>4900</AWDG_AGCY_CODE>
<AwardID>2100978</AwardID>
<Investigator>
<FirstName>James</FirstName>
<LastName>Wachira</LastName>
<PI_MID_INIT>M</PI_MID_INIT>
<PI_SUFX_NAME/>
<PI_FULL_NAME>James M Wachira</PI_FULL_NAME>
<EmailAddress><![CDATA[James.Wachira@Morgan.Edu]]></EmailAddress>
<NSF_ID>000236758</NSF_ID>
<StartDate>06/01/2021</StartDate>
<EndDate/>
<RoleCode>Co-Principal Investigator</RoleCode>
</Investigator>
<Investigator>
<FirstName>Pumtiwitt</FirstName>
<LastName>McCarthy</LastName>
<PI_MID_INIT/>
<PI_SUFX_NAME/>
<PI_FULL_NAME>Pumtiwitt McCarthy</PI_FULL_NAME>
<EmailAddress><![CDATA[pumtiwitt.mccarthy@morgan.edu]]></EmailAddress>
<NSF_ID>000674387</NSF_ID>
<StartDate>06/01/2021</StartDate>
<EndDate/>
<RoleCode>Principal Investigator</RoleCode>
</Investigator>
<Institution>
<Name>Morgan State University</Name>
<CityName>BALTIMORE</CityName>
<ZipCode>212510001</ZipCode>
<PhoneNumber>4438853200</PhoneNumber>
<StreetAddress>1700 E COLD SPRING LN</StreetAddress>
<StreetAddress2/>
<CountryName>United States</CountryName>
<StateName>Maryland</StateName>
<StateCode>MD</StateCode>
<CONGRESSDISTRICT>07</CONGRESSDISTRICT>
<CONGRESS_DISTRICT_ORG>MD07</CONGRESS_DISTRICT_ORG>
<ORG_UEI_NUM>KULSKCCZJT27</ORG_UEI_NUM>
<ORG_LGL_BUS_NAME>MORGAN STATE UNIVERSITY</ORG_LGL_BUS_NAME>
<ORG_PRNT_UEI_NUM>KULSKCCZJT27</ORG_PRNT_UEI_NUM>
</Institution>
<Performance_Institution>
<Name><![CDATA[Morgan State University]]></Name>
<CityName/>
<StateCode>MD</StateCode>
<ZipCode>212510002</ZipCode>
<StreetAddress/>
<CountryCode>US</CountryCode>
<CountryName>United States</CountryName>
<StateName>Maryland</StateName>
<CountryFlag>1</CountryFlag>
<CONGRESSDISTRICT>07</CONGRESSDISTRICT>
<CONGRESS_DISTRICT_PERF>MD07</CONGRESS_DISTRICT_PERF>
</Performance_Institution>
<ProgramElement>
<Code>070Y</Code>
<Text>HBCU-EiR - HBCU-Excellence in</Text>
</ProgramElement>
<ProgramElement>
<Code>7623</Code>
<Text>BIOMATERIALS PROGRAM</Text>
</ProgramElement>
<ProgramReference>
<Code>144E</Code>
<Text>Synthetic biology</Text>
</ProgramReference>
<ProgramReference>
<Code>7573</Code>
<Text>BIO-RELATED MATERIALS RESEARCH</Text>
</ProgramReference>
<ProgramReference>
<Code>8249</Code>
<Text>Sustainable Materials</Text>
</ProgramReference>
<Appropriation>
<Code>0121</Code>
<Name>NSF RESEARCH &amp; RELATED ACTIVIT</Name>
<APP_SYMB_ID>040100</APP_SYMB_ID>
</Appropriation>
<Fund>
<Code>01002122DB</Code>
<Name><![CDATA[NSF RESEARCH & RELATED ACTIVIT]]></Name>
<FUND_SYMB_ID>040100</FUND_SYMB_ID>
</Fund>
<FUND_OBLG>2021~550000</FUND_OBLG>
</Award>
</rootTag>
