<?xml version="1.0" encoding="UTF-8"?>
<rootTag>
<Award>
<AwardTitle>Research Initiation Award: Redox Regulated Phosphorylation of BCAT by PKC</AwardTitle>
<AGENCY>NSF</AGENCY>
<AwardEffectiveDate>06/01/2021</AwardEffectiveDate>
<AwardExpirationDate>05/31/2024</AwardExpirationDate>
<AwardTotalIntnAmount>299429.00</AwardTotalIntnAmount>
<AwardAmount>299429</AwardAmount>
<AwardInstrument>
<Value>Standard Grant</Value>
</AwardInstrument>
<Organization>
<Code>11060000</Code>
<Directorate>
<Abbreviation>EHR</Abbreviation>
<LongName>Direct For Education and Human Resources</LongName>
</Directorate>
<Division>
<Abbreviation>HRD</Abbreviation>
<LongName>Division Of Human Resource Development</LongName>
</Division>
</Organization>
<ProgramOfficer>
<SignBlockName>Carleitta Paige-Anderson</SignBlockName>
<PO_EMAI>cpaigean@nsf.gov</PO_EMAI>
<PO_PHON>7032922816</PO_PHON>
</ProgramOfficer>
<AbstractNarration>Research Initiation Awards provide support for junior and mid-career faculty at Historically Black Colleges and Universities who are building new research programs or redirecting and rebuilding existing research programs. It is expected that the award helps to further the faculty member's research capability and effectiveness, improve research and teaching at the home institution, and involves undergraduate students in research experiences. The award to North Carolina Agricultural &amp; Technical State University has potential to increase the understanding of the cell membrane. The proposed study intends to train undergraduate and graduate students in the study of an enzyme that affects cell membrane function. The PI will actively engage and recruit underrepresented minority students into the project so that the students may engage in cutting edge research. This activity will enhance the technical and critical thinking skills of students.&lt;br/&gt;&lt;br/&gt;The goal of this proposal is to study the PKCα-BCATc interaction via biochemical and biophysical methods. Previously the PI showed that the membrane localization of cytosolic human Branched-Chain Aminotransferase (BCATc) regulates the autophagosome synthesis which further regulates Alzheimer’s Disease (AD), and the membrane localization of BCATc is redox regulated by the Protein Kinase C α (PKCα) mediated phosphorylation. In this proposed work, the PI will identify the PKCα-mediated phosphorylation site in BCATc, express and purify the PKCα-phosphorylated BCATc, and solve the crystal structure of the phosphorylated BCATc to analyze the structural changes of BCATc triggered by the phosphorylation by PKCα. The work will analyze the structure of PKCα-BCATc complex via co-crystallization and other biophysical methods, e.g. SPRi to uncover the protein-protein interaction interface and further understand the mechanism of the phosphorylation process. The constructed model built from the project outcomes will enable the PI to understand the mechanism of how the redox-regulated phosphorylation of BCATc by PKCα regulates its conformational changes that further regulate its membrane localization. This is the first time that these interactions will be described at the molecular level, and this would be a significant contribution to the field and help advance the understanding of these two inter-related modes of BCATc regulation.&lt;br/&gt;&lt;br/&gt;This award reflects NSF's statutory mission and has been deemed worthy of support through evaluation using the Foundation's intellectual merit and broader impacts review criteria.</AbstractNarration>
<MinAmdLetterDate>04/30/2021</MinAmdLetterDate>
<MaxAmdLetterDate>04/30/2021</MaxAmdLetterDate>
<ARRAAmount/>
<TRAN_TYPE>Grant</TRAN_TYPE>
<CFDA_NUM>47.076</CFDA_NUM>
<NSF_PAR_USE_FLAG>1</NSF_PAR_USE_FLAG>
<FUND_AGCY_CODE>4900</FUND_AGCY_CODE>
<AWDG_AGCY_CODE>4900</AWDG_AGCY_CODE>
<AwardID>2100435</AwardID>
<Investigator>
<FirstName>Ming</FirstName>
<LastName>Dong</LastName>
<PI_MID_INIT/>
<PI_SUFX_NAME/>
<PI_FULL_NAME>Ming Dong</PI_FULL_NAME>
<EmailAddress>mdong@ncat.edu</EmailAddress>
<PI_PHON>3362852234</PI_PHON>
<NSF_ID>000735945</NSF_ID>
<StartDate>04/30/2021</StartDate>
<EndDate/>
<RoleCode>Principal Investigator</RoleCode>
</Investigator>
<Institution>
<Name>North Carolina Agricultural &amp; Technical State University</Name>
<CityName>GREENSBORO</CityName>
<ZipCode>274110001</ZipCode>
<PhoneNumber>3363347995</PhoneNumber>
<StreetAddress>1601 E MARKET ST DOWDY BLDG STE</StreetAddress>
<StreetAddress2/>
<CountryName>United States</CountryName>
<StateName>North Carolina</StateName>
<StateCode>NC</StateCode>
<CONGRESSDISTRICT>06</CONGRESSDISTRICT>
<CONGRESS_DISTRICT_ORG>NC06</CONGRESS_DISTRICT_ORG>
<ORG_UEI_NUM>SKH5GMBR9GL3</ORG_UEI_NUM>
<ORG_LGL_BUS_NAME>NORTH CAROLINA AGRICULTURAL AND TECHNICAL STATE UNIVERSITY</ORG_LGL_BUS_NAME>
<ORG_PRNT_UEI_NUM>SKH5GMBR9GL3</ORG_PRNT_UEI_NUM>
</Institution>
<Performance_Institution>
<Name><![CDATA[North Carolina Agricultural & Technical State University]]></Name>
<CityName/>
<StateCode>NC</StateCode>
<ZipCode>274110002</ZipCode>
<StreetAddress/>
<CountryCode>US</CountryCode>
<CountryName>United States</CountryName>
<StateName>North Carolina</StateName>
<CountryFlag>1</CountryFlag>
<CONGRESSDISTRICT>06</CONGRESSDISTRICT>
<CONGRESS_DISTRICT_PERF>NC06</CONGRESS_DISTRICT_PERF>
</Performance_Institution>
<ProgramElement>
<Code>1594</Code>
<Text>Hist Black Colleges and Univ</Text>
</ProgramElement>
<ProgramReference>
<Code>041Z</Code>
<Text>HBCU-Strengthening Research Capacities</Text>
</ProgramReference>
<ProgramReference>
<Code>9178</Code>
<Text>UNDERGRADUATE EDUCATION</Text>
</ProgramReference>
<Appropriation>
<Code>0421</Code>
<Name>NSF Education &amp; Human Resource</Name>
<APP_SYMB_ID>040106</APP_SYMB_ID>
</Appropriation>
<Fund>
<Code>04002122DB</Code>
<Name><![CDATA[NSF Education & Human Resource]]></Name>
<FUND_SYMB_ID>040106</FUND_SYMB_ID>
</Fund>
<FUND_OBLG>2021~299429</FUND_OBLG>
</Award>
</rootTag>
