<?xml version="1.0" encoding="UTF-8"?>
<rootTag>
<Award>
<AwardTitle>NNCI Coordinating Office at Georgia Tech</AwardTitle>
<AGENCY>NSF</AGENCY>
<AwardEffectiveDate>04/01/2021</AwardEffectiveDate>
<AwardExpirationDate>09/30/2025</AwardExpirationDate>
<AwardTotalIntnAmount>3150000.00</AwardTotalIntnAmount>
<AwardAmount>1400000</AwardAmount>
<AwardInstrument>
<Value>Cooperative Agreement</Value>
</AwardInstrument>
<Organization>
<Code>07010000</Code>
<Directorate>
<Abbreviation>ENG</Abbreviation>
<LongName>Directorate For Engineering</LongName>
</Directorate>
<Division>
<Abbreviation>ECCS</Abbreviation>
<LongName>Div Of Electrical, Commun &amp; Cyber Sys</LongName>
</Division>
</Organization>
<ProgramOfficer>
<SignBlockName>Lawrence Goldberg</SignBlockName>
<PO_EMAI>lgoldber@nsf.gov</PO_EMAI>
<PO_PHON>7032928339</PO_PHON>
</ProgramOfficer>
<AbstractNarration>The National Nanotechnology Coordinated Infrastructure (NNCI) comprises 16 university sites and their partners awarded individually by the National Science Foundation to provide open access to nanoscale fabrication and characterization user facilities and staff expertise across the nation. The NNCI Coordinating Office at Georgia Tech enhances the impact of NNCI as a national infrastructure network by promoting its capabilities, facilitating user access to its resources, sharing best practices, and improving overall efficiency through coordination of activities of the individual sites. The Coordinating Office assists users from academe, industry, and government in finding NNCI fabrication and characterization resources to meet their research needs through an NNCI website and other marketing approaches. The Coordinating Office leadership, using site staff expertise, facilitates programs in education and outreach, social and ethical implications, computational modeling and simulation, and innovation and entrepreneurship across the network, and helps provide linkages with other national and international nanotechnology resources. The overall activities of the NNCI Coordinating Office contribute to the economic competitiveness of the U.S. in training a globally competitive workforce and in providing efficient access to resources for commercialization of nanotechnology. They also help to inform and educate the general public on fundamentals and advances of nanoscience and engineering and their social and ethical implications.&lt;br/&gt;&lt;br/&gt;The mission of the NNCI Coordinating Office is to support the interests of individual NNCI sites, site users, and the broader public using the combined assets of a nation-wide network of university-based nanotechnology user facilities. The Coordinating Office uses a variety of mechanisms to communicate availability of network assets to users of the facilities, foster interactions among the sites, and assess the impact of the various programs. A primary mode for communication is a dedicated NNCI website, which allows new and existing users to efficiently locate capabilities and expertise within the network, and also provide up-to-date nanotechnology resources to students, teachers, and the broader public. To emphasize the importance of a network of sites, the Coordinating Office is guided by an Executive Committee with representation from all 16 sites as well as a number of Working Groups and Subcommittees that address topics of broad interest and solve common problems. Research Communities are organized around key scientific and engineering challenges and represent an opportunity for the NNCI to interact with the broader research ecosystem. A flagship event for the NNCI network is an annual NNCI Conference that will highlight the research supported by the individual sites, as well as provide a venue for site staff to share best practices and research trends. An External Advisory Board provides input on network management issues and future directions. Education and outreach activities are coordinated across the network to share and disseminate best practices and resources for impactful programs at the local, regional, and national levels. Network and multi-site programs include those for undergraduates (REU) and teachers (RET).  Societal and ethical implications programs, such as an annual retreat and workshops, enable social scientists to interact with nanoscale scientists, engineers, and students so that all groups can consider the potential impacts new discoveries might have on society. Computational modeling and simulation needs of the user community are supported through an inventory of available resources and collaboration with the Network for Computational Nanotechnology (NCN), as well as a planned seminar series. Innovation and entrepreneurship activities, such as a speaker series, undergraduate education, and entrepreneur-in-residence programs, provide a means for realizing the economic and societal benefits of NNCI resources and expertise. Assessment of the strength of the sites and the network as a whole are determined through metrics developed in collaboration with the sites and are based on site usage, site productivity and impact, contributions to the network, and education and outreach activity.&lt;br/&gt;&lt;br/&gt;This award reflects NSF's statutory mission and has been deemed worthy of support through evaluation using the Foundation's intellectual merit and broader impacts review criteria.</AbstractNarration>
<MinAmdLetterDate>03/25/2021</MinAmdLetterDate>
<MaxAmdLetterDate>08/24/2021</MaxAmdLetterDate>
<ARRAAmount/>
<TRAN_TYPE>CoopAgrmnt</TRAN_TYPE>
<CFDA_NUM>47.041</CFDA_NUM>
<NSF_PAR_USE_FLAG>1</NSF_PAR_USE_FLAG>
<FUND_AGCY_CODE>4900</FUND_AGCY_CODE>
<AWDG_AGCY_CODE>4900</AWDG_AGCY_CODE>
<AwardID>2100059</AwardID>
<Investigator>
<FirstName>David</FirstName>
<LastName>Gottfried</LastName>
<PI_MID_INIT>S</PI_MID_INIT>
<PI_SUFX_NAME/>
<PI_FULL_NAME>David S Gottfried</PI_FULL_NAME>
<EmailAddress>david.gottfried@ien.gatech.edu</EmailAddress>
<PI_PHON>4048940479</PI_PHON>
<NSF_ID>000320587</NSF_ID>
<StartDate>03/25/2021</StartDate>
<EndDate/>
<RoleCode>Co-Principal Investigator</RoleCode>
</Investigator>
<Investigator>
<FirstName>Jameson</FirstName>
<LastName>Wetmore</LastName>
<PI_MID_INIT>M</PI_MID_INIT>
<PI_SUFX_NAME/>
<PI_FULL_NAME>Jameson M Wetmore</PI_FULL_NAME>
<EmailAddress>jameson.wetmore@asu.edu</EmailAddress>
<PI_PHON>4807270750</PI_PHON>
<NSF_ID>000295884</NSF_ID>
<StartDate>03/25/2021</StartDate>
<EndDate/>
<RoleCode>Co-Principal Investigator</RoleCode>
</Investigator>
<Investigator>
<FirstName>Oliver</FirstName>
<LastName>Brand</LastName>
<PI_MID_INIT/>
<PI_SUFX_NAME/>
<PI_FULL_NAME>Oliver Brand</PI_FULL_NAME>
<EmailAddress>oliver.brand@ece.gatech.edu</EmailAddress>
<PI_PHON>4048949425</PI_PHON>
<NSF_ID>000260370</NSF_ID>
<StartDate>03/25/2021</StartDate>
<EndDate/>
<RoleCode>Principal Investigator</RoleCode>
</Investigator>
<Investigator>
<FirstName>Azad</FirstName>
<LastName>Naeemi</LastName>
<PI_MID_INIT/>
<PI_SUFX_NAME/>
<PI_FULL_NAME>Azad Naeemi</PI_FULL_NAME>
<EmailAddress>azad@gatech.edu</EmailAddress>
<PI_PHON>4048944829</PI_PHON>
<NSF_ID>000568952</NSF_ID>
<StartDate>03/25/2021</StartDate>
<EndDate/>
<RoleCode>Co-Principal Investigator</RoleCode>
</Investigator>
<Investigator>
<FirstName>Quinn</FirstName>
<LastName>Spadola</LastName>
<PI_MID_INIT>A</PI_MID_INIT>
<PI_SUFX_NAME/>
<PI_FULL_NAME>Quinn A Spadola</PI_FULL_NAME>
<EmailAddress>qspadola3@gatech.edu</EmailAddress>
<PI_PHON>4048942194</PI_PHON>
<NSF_ID>000783770</NSF_ID>
<StartDate>03/25/2021</StartDate>
<EndDate/>
<RoleCode>Co-Principal Investigator</RoleCode>
</Investigator>
<Institution>
<Name>Georgia Tech Research Corporation</Name>
<CityName>ATLANTA</CityName>
<ZipCode>30332</ZipCode>
<PhoneNumber>4048944819</PhoneNumber>
<StreetAddress>926 DALNEY ST NW</StreetAddress>
<StreetAddress2/>
<CountryName>United States</CountryName>
<StateName>Georgia</StateName>
<StateCode>GA</StateCode>
<CONGRESSDISTRICT>05</CONGRESSDISTRICT>
<CONGRESS_DISTRICT_ORG>GA05</CONGRESS_DISTRICT_ORG>
<ORG_UEI_NUM>EMW9FC8J3HN4</ORG_UEI_NUM>
<ORG_LGL_BUS_NAME>GEORGIA TECH RESEARCH CORPORATION</ORG_LGL_BUS_NAME>
<ORG_PRNT_UEI_NUM>EMW9FC8J3HN4</ORG_PRNT_UEI_NUM>
</Institution>
<Performance_Institution>
<Name><![CDATA[Georgia Institute of Technology]]></Name>
<CityName>Atlanta</CityName>
<StateCode>GA</StateCode>
<ZipCode>303320002</ZipCode>
<StreetAddress><![CDATA[225 North Avenue]]></StreetAddress>
<CountryCode>US</CountryCode>
<CountryName>United States</CountryName>
<StateName>Georgia</StateName>
<CountryFlag>1</CountryFlag>
<CONGRESSDISTRICT>05</CONGRESSDISTRICT>
<CONGRESS_DISTRICT_PERF>GA05</CONGRESS_DISTRICT_PERF>
</Performance_Institution>
<ProgramElement>
<Code>7601</Code>
<Text>National Nanotechnology Coordi</Text>
</ProgramElement>
<ProgramReference>
<Code>7601</Code>
<Text>NNCI-Nat'l Nano. Coord. Infrastructure</Text>
</ProgramReference>
<Appropriation>
<Code>0121</Code>
<Name>NSF RESEARCH &amp; RELATED ACTIVIT</Name>
<APP_SYMB_ID>040100</APP_SYMB_ID>
</Appropriation>
<Fund>
<Code>01002122DB</Code>
<Name><![CDATA[NSF RESEARCH & RELATED ACTIVIT]]></Name>
<FUND_SYMB_ID>040100</FUND_SYMB_ID>
</Fund>
<FUND_OBLG>2021~1400000</FUND_OBLG>
</Award>
</rootTag>
