<?xml version="1.0" encoding="UTF-8"?>
<rootTag>
<Award>
<AwardTitle><![CDATA[Teaching Amidst Uncertainty: Developing Mathematics Teachers' Groupwork Monitoring Practices]]></AwardTitle>
<AGENCY>NSF</AGENCY>
<AwardEffectiveDate>08/01/2021</AwardEffectiveDate>
<AwardExpirationDate>07/31/2025</AwardExpirationDate>
<AwardTotalIntnAmount>2644923.00</AwardTotalIntnAmount>
<AwardAmount>1380930</AwardAmount>
<AwardInstrument>
<Value>Continuing Grant</Value>
</AwardInstrument>
<Organization>
<Code>11090000</Code>
<Directorate>
<Abbreviation>EHR</Abbreviation>
<LongName>Direct For Education and Human Resources</LongName>
</Directorate>
<Division>
<Abbreviation>DRL</Abbreviation>
<LongName>Division Of Research On Learning</LongName>
</Division>
</Organization>
<ProgramOfficer>
<SignBlockName>Michael Steele</SignBlockName>
<PO_EMAI>msteele@nsf.gov</PO_EMAI>
<PO_PHON>7032920000</PO_PHON>
</ProgramOfficer>
<AbstractNarration><![CDATA[Decades of research shows that students learn best and instruction is more inclusive when students have opportunities to talk about mathematics. For this reason, many conceptually-oriented mathematics instructional approaches emphasize peer-to-peer discussion. Yet research diverges around questions of how teachers should manage such discussions, an instructional practice referred to as groupwork monitoring. There is contradictory guidance on issues of teacher involvement: should teachers stand back to support student autonomy or involve themselves frequently to support productive sensemaking? This study addresses two open questions in mathematics education and teacher learning research related to groupwork monitoring. The first question centers on groupwork monitoring itself: How can teachers foster productive mathematical talk among students? The second question touches on an underdeveloped topic in teacher education: in what ways can teacher preparation and professional development support teachers in learning effective group work monitoring. Many teacher education strategies  –– such as rehearsing routines or learning curriculum –– aim for teachers to learn well-structured, predictable aspects of instruction, yet there are not clear approaches in helping teachers learn to support more interactive and emergent aspects of mathematics teaching. This Design and Development project addresses these challenges by studying experienced and accomplished secondary mathematics teachers’ learning about groupwork monitoring in a large urban school district. Using contemporary information visualization techniques and open-source tools , alongside a video-based coaching activity, teachers will a) analyze classroom video records featuring group math discussions and b) uncover and investigate their specific interactions with student groups as well as their overall approach to this important phase of their lessons. Through these tools, teachers will develop strategic and integrated understandings of effective groupwork monitoring strategies. As a result of this work, teachers and researchers will be able to better connect teachers’ monitoring choices to students’ peer-to-peer math talk.&lt;br/&gt;&lt;br/&gt;To investigate how experienced secondary mathematics teachers learn about groupwork monitoring, the project will develop rich visualization tools to analyze classroom discussions, engage teachers in analytical activities, and study resultant teacher and student learning. In Phase 1, the project team will build on existing visualization tools to develop efficient processes for producing interactive visualizations of monitoring that provide new ways to link classroom video to teachers’ overall interactional patterns. In Phase 2,  12-16 experienced secondary mathematics teachers in six school-based teams will engage over a two-year period with teacher professional development designed to enhance their sensemaking about monitoring, both individually and in teams. The enhanced video feedback system will allow teachers to guide, document, and investigate their evolving sensemaking. In Phase 3, individual and team learning portraits of productive math talk will be developed from the rich corpus of classroom and teacher sensemaking data. At the same time, the corpus will be analyzed using quantitative methods to investigate the conditions under which different teacher monitoring moves support or impede students’ productive math talk. The primary research products will be: 1) novel, open-source tools that dynamically visualize teachers’ monitoring work over a lesson, coordinated with specific teacher-group interaction; 2) a framework for mathematics teachers’ monitoring; 3) a theory about teachers’ learning of responsive and situated practices, of which monitoring is an example; and 4) stronger empirical evidence to guide mathematics teachers’ monitoring practices. &lt;br/&gt;&lt;br/&gt;The Discovery Research preK-12 program (DRK-12) seeks to significantly enhance the learning and teaching of science, technology, engineering and mathematics (STEM) by preK-12 students and teachers, through research and development of innovative resources, models and tools. Projects in the DRK-12 program build on fundamental research in STEM education and prior research and development efforts that provide theoretical and empirical justification for proposed projects.&lt;br/&gt;&lt;br/&gt;This award reflects NSF's statutory mission and has been deemed worthy of support through evaluation using the Foundation's intellectual merit and broader impacts review criteria.]]></AbstractNarration>
<MinAmdLetterDate>04/27/2021</MinAmdLetterDate>
<MaxAmdLetterDate>06/27/2022</MaxAmdLetterDate>
<ARRAAmount/>
<TRAN_TYPE>Grant</TRAN_TYPE>
<CFDA_NUM>47.076</CFDA_NUM>
<NSF_PAR_USE_FLAG>1</NSF_PAR_USE_FLAG>
<FUND_AGCY_CODE>4900</FUND_AGCY_CODE>
<AWDG_AGCY_CODE>4900</AWDG_AGCY_CODE>
<AwardID>2100784</AwardID>
<Investigator>
<FirstName>Darryl</FirstName>
<LastName>Yong</LastName>
<PI_MID_INIT>H</PI_MID_INIT>
<PI_SUFX_NAME/>
<PI_FULL_NAME>Darryl H Yong</PI_FULL_NAME>
<EmailAddress><![CDATA[dyong@hmc.edu]]></EmailAddress>
<NSF_ID>000462703</NSF_ID>
<StartDate>04/27/2021</StartDate>
<EndDate/>
<RoleCode>Co-Principal Investigator</RoleCode>
</Investigator>
<Investigator>
<FirstName>Brette</FirstName>
<LastName>Garner</LastName>
<PI_MID_INIT/>
<PI_SUFX_NAME/>
<PI_FULL_NAME>Brette Garner</PI_FULL_NAME>
<EmailAddress><![CDATA[brette.garner@du.edu]]></EmailAddress>
<NSF_ID>000815842</NSF_ID>
<StartDate>04/27/2021</StartDate>
<EndDate/>
<RoleCode>Co-Principal Investigator</RoleCode>
</Investigator>
<Investigator>
<FirstName>Benjamin</FirstName>
<LastName>Shapiro</LastName>
<PI_MID_INIT>R</PI_MID_INIT>
<PI_SUFX_NAME/>
<PI_FULL_NAME>Benjamin R Shapiro</PI_FULL_NAME>
<EmailAddress><![CDATA[bshapiro@gsu.edu]]></EmailAddress>
<NSF_ID>000810174</NSF_ID>
<StartDate>04/27/2021</StartDate>
<EndDate/>
<RoleCode>Co-Principal Investigator</RoleCode>
</Investigator>
<Investigator>
<FirstName>Ilana</FirstName>
<LastName>Horn</LastName>
<PI_MID_INIT>S</PI_MID_INIT>
<PI_SUFX_NAME/>
<PI_FULL_NAME>Ilana S Horn</PI_FULL_NAME>
<EmailAddress><![CDATA[ilana.horn@vanderbilt.edu]]></EmailAddress>
<NSF_ID>000585151</NSF_ID>
<StartDate>04/27/2021</StartDate>
<EndDate/>
<RoleCode>Principal Investigator</RoleCode>
</Investigator>
<Institution>
<Name>Vanderbilt University</Name>
<CityName>NASHVILLE</CityName>
<ZipCode>372032408</ZipCode>
<PhoneNumber>6153222631</PhoneNumber>
<StreetAddress>110 21ST AVENUE S STE 800</StreetAddress>
<StreetAddress2/>
<CountryName>United States</CountryName>
<StateName>Tennessee</StateName>
<StateCode>TN</StateCode>
<CONGRESSDISTRICT>05</CONGRESSDISTRICT>
<CONGRESS_DISTRICT_ORG>TN05</CONGRESS_DISTRICT_ORG>
<ORG_UEI_NUM>GTNBNWXJ12D5</ORG_UEI_NUM>
<ORG_LGL_BUS_NAME>VANDERBILT UNIVERSITY, THE</ORG_LGL_BUS_NAME>
<ORG_PRNT_UEI_NUM>DWH7MSXKA2A8</ORG_PRNT_UEI_NUM>
</Institution>
<Performance_Institution>
<Name><![CDATA[Vanderbilt University]]></Name>
<CityName>Nashville</CityName>
<StateCode>TN</StateCode>
<ZipCode>372035721</ZipCode>
<StreetAddress><![CDATA[230 Appleton Pl]]></StreetAddress>
<CountryCode>US</CountryCode>
<CountryName>United States</CountryName>
<StateName>Tennessee</StateName>
<CountryFlag>1</CountryFlag>
<CONGRESSDISTRICT>05</CONGRESSDISTRICT>
<CONGRESS_DISTRICT_PERF>TN05</CONGRESS_DISTRICT_PERF>
</Performance_Institution>
<ProgramElement>
<Code>7645</Code>
<Text>Discovery Research K-12</Text>
</ProgramElement>
<ProgramReference>
<Code>019Z</Code>
<Text>Grad Prep APG:Enhan. Experience</Text>
</ProgramReference>
<Appropriation>
<Code/>
<Name/>
<APP_SYMB_ID/>
</Appropriation>
<Appropriation>
<Code>0421</Code>
<Name>NSF Education &amp; Human Resource</Name>
<APP_SYMB_ID>040106</APP_SYMB_ID>
</Appropriation>
<Fund>
<Code>04002223DB</Code>
<Name><![CDATA[NSF Education & Human Resource]]></Name>
<FUND_SYMB_ID>040106</FUND_SYMB_ID>
</Fund>
<Fund>
<Code>04002122DB</Code>
<Name><![CDATA[NSF Education & Human Resource]]></Name>
<FUND_SYMB_ID>040106</FUND_SYMB_ID>
</Fund>
<FUND_OBLG>2021~1279461</FUND_OBLG>
<FUND_OBLG>2022~101469</FUND_OBLG>
</Award>
</rootTag>
