<?xml version="1.0" encoding="UTF-8"?>
<rootTag>
<Award>
<AwardTitle>Polaritonic Quantum Chemistry</AwardTitle>
<AGENCY>NSF</AGENCY>
<AwardEffectiveDate>06/01/2021</AwardEffectiveDate>
<AwardExpirationDate>05/31/2024</AwardExpirationDate>
<AwardTotalIntnAmount>444721.00</AwardTotalIntnAmount>
<AwardAmount>444721</AwardAmount>
<AwardInstrument>
<Value>Standard Grant</Value>
</AwardInstrument>
<Organization>
<Code>03090000</Code>
<Directorate>
<Abbreviation>MPS</Abbreviation>
<LongName>Direct For Mathematical &amp; Physical Scien</LongName>
</Directorate>
<Division>
<Abbreviation>CHE</Abbreviation>
<LongName>Division Of Chemistry</LongName>
</Division>
</Organization>
<ProgramOfficer>
<SignBlockName>Michel Dupuis</SignBlockName>
<PO_EMAI>mdupuis@nsf.gov</PO_EMAI>
<PO_PHON>7032922919</PO_PHON>
</ProgramOfficer>
<AbstractNarration>Eugene DePrince of Florida State University is supported by an award from the Chemical Theory, Models and Computational Methods program in the Division of Chemistry to develop theoretical tools for the description of strongly-coupled light-matter systems.  Strong interactions between nanoconfined photons and molecular systems can lead to the creation of hybrid light-matter states, known as polaritons, that may display remarkably different chemical and physical properties than their parent components. The technological and chemical applications of these polariton states are wide-ranging. Recent examples of cavity-based catalysis, polariton lasing, and plasmon-based photostabilization offer only a glimpse into the transformative potential of polaritonic approaches to chemistry and materials science. In order for the field to fully live up to its promise, the experimental realization of ultra-strong light-matter coupling must be accompanied by high-quality theoretical descriptions of the properties of polaritonic features. The DePrince group will develop a robust, reliable, and systematically improvable framework for the ab initio description of polaritonic structure. The theories and software that will be developed will fill a gap in the existing computational tool kit for the high-accuracy description of polariton-mediated processes. Such tools have the potential to facilitate the rational design of new polariton-based technologies relevant to light harvesting, super conductivity, and quantum information science. All software developed under this program will be released in a free and open-source manner. Under this award, the DePrince group also will be developing readily accessible online educational materials for quantum chemistry and computer science education.&lt;br/&gt; &lt;br/&gt;Dr. DePrince and his team will take a many-body approach to the polaritonic structure problem, with an emphasis on the equation-of-motion (EOM) coupled-cluster (CC) hierarchy of methods. Polaritonic formulations of excitation-energy (EE), ionization potential (IP), and electron affinity (EA) EOM-CC theory and software will be developed and applied to a variety of problems involving cavity-bound molecules. Ab initio descriptions of strong and ultra-strong light-matter coupling are rare, with only a few existing examples of many-body approaches to this problem having recently emerged. Given that the exact form of the electron-photon exchange-correlation functional in polaritonic formulations of density functional theory (DFT) is unknown, it appears that many-body methods such as the EOM-CC approaches that will be developed under this program offer the only route to universally reliable and systematically improvable descriptions of cavity-molecule interactions.&lt;br/&gt;&lt;br/&gt;This award reflects NSF's statutory mission and has been deemed worthy of support through evaluation using the Foundation's intellectual merit and broader impacts review criteria.</AbstractNarration>
<MinAmdLetterDate>04/16/2021</MinAmdLetterDate>
<MaxAmdLetterDate>04/16/2021</MaxAmdLetterDate>
<ARRAAmount/>
<TRAN_TYPE>Grant</TRAN_TYPE>
<CFDA_NUM>47.049</CFDA_NUM>
<NSF_PAR_USE_FLAG>1</NSF_PAR_USE_FLAG>
<FUND_AGCY_CODE>4900</FUND_AGCY_CODE>
<AWDG_AGCY_CODE>4900</AWDG_AGCY_CODE>
<AwardID>2100984</AwardID>
<Investigator>
<FirstName>Albert</FirstName>
<LastName>DePrince</LastName>
<PI_MID_INIT>E</PI_MID_INIT>
<PI_SUFX_NAME/>
<PI_FULL_NAME>Albert E DePrince</PI_FULL_NAME>
<EmailAddress>deprince@chem.fsu.edu</EmailAddress>
<PI_PHON>8506451291</PI_PHON>
<NSF_ID>000590711</NSF_ID>
<StartDate>04/16/2021</StartDate>
<EndDate/>
<RoleCode>Principal Investigator</RoleCode>
</Investigator>
<Institution>
<Name>Florida State University</Name>
<CityName>TALLAHASSEE</CityName>
<ZipCode>323060001</ZipCode>
<PhoneNumber>8506445260</PhoneNumber>
<StreetAddress>874 TRADITIONS WAY</StreetAddress>
<StreetAddress2/>
<CountryName>United States</CountryName>
<StateName>Florida</StateName>
<StateCode>FL</StateCode>
<CONGRESSDISTRICT>02</CONGRESSDISTRICT>
<CONGRESS_DISTRICT_ORG>FL02</CONGRESS_DISTRICT_ORG>
<ORG_UEI_NUM>JF2BLNN4PJC3</ORG_UEI_NUM>
<ORG_LGL_BUS_NAME>FLORIDA STATE UNIVERSITY</ORG_LGL_BUS_NAME>
<ORG_PRNT_UEI_NUM>D4GCCCMXR1H3</ORG_PRNT_UEI_NUM>
</Institution>
<Performance_Institution>
<Name><![CDATA[Florida State University]]></Name>
<CityName/>
<StateCode>FL</StateCode>
<ZipCode>323064166</ZipCode>
<StreetAddress/>
<CountryCode>US</CountryCode>
<CountryName>United States</CountryName>
<StateName>Florida</StateName>
<CountryFlag>1</CountryFlag>
<CONGRESSDISTRICT>02</CONGRESSDISTRICT>
<CONGRESS_DISTRICT_PERF>FL02</CONGRESS_DISTRICT_PERF>
</Performance_Institution>
<ProgramElement>
<Code>6881</Code>
<Text>Chem Thry, Mdls &amp; Cmptnl Mthds</Text>
</ProgramElement>
<ProgramReference>
<Code>7203</Code>
<Text>QUANTUM INFORMATION SCIENCE</Text>
</ProgramReference>
<ProgramReference>
<Code>8084</Code>
<Text>CDS&amp;E</Text>
</ProgramReference>
<ProgramReference>
<Code>9216</Code>
<Text>ADVANCED SOFTWARE TECH &amp; ALGOR</Text>
</ProgramReference>
<ProgramReference>
<Code>9263</Code>
<Text>COMPUTATIONAL SCIENCE &amp; ENGING</Text>
</ProgramReference>
<Appropriation>
<Code>0121</Code>
<Name>NSF RESEARCH &amp; RELATED ACTIVIT</Name>
<APP_SYMB_ID>040100</APP_SYMB_ID>
</Appropriation>
<Fund>
<Code>01002122DB</Code>
<Name><![CDATA[NSF RESEARCH & RELATED ACTIVIT]]></Name>
<FUND_SYMB_ID>040100</FUND_SYMB_ID>
</Fund>
<FUND_OBLG>2021~444721</FUND_OBLG>
</Award>
</rootTag>
