<?xml version="1.0" encoding="UTF-8"?>
<rootTag>
<Award>
<AwardTitle>Excellence in Research: CAS: Rationally Designed Porous Metal Nanoarchitectures for Electrochemical Reduction of CO2</AwardTitle>
<AGENCY>NSF</AGENCY>
<AwardEffectiveDate>08/01/2021</AwardEffectiveDate>
<AwardExpirationDate>07/31/2024</AwardExpirationDate>
<AwardTotalIntnAmount>435000.00</AwardTotalIntnAmount>
<AwardAmount>435000</AwardAmount>
<AwardInstrument>
<Value>Standard Grant</Value>
</AwardInstrument>
<Organization>
<Code>03090000</Code>
<Directorate>
<Abbreviation>MPS</Abbreviation>
<LongName>Direct For Mathematical &amp; Physical Scien</LongName>
</Directorate>
<Division>
<Abbreviation>CHE</Abbreviation>
<LongName>Division Of Chemistry</LongName>
</Division>
</Organization>
<ProgramOfficer>
<SignBlockName>Kenneth Moloy</SignBlockName>
<PO_EMAI>kmoloy@nsf.gov</PO_EMAI>
<PO_PHON>7032928441</PO_PHON>
</ProgramOfficer>
<AbstractNarration>With the support of the Chemical Catalysis program in the Division of Chemistry, Dr. Bishnu Prasad Bastakoti of North Carolina A&amp;T State University is studying materials based solutions to address the current problems resulting from increasing CO2 levels.  The project provides a framework for the development of new catalysts for CO2 recycling and energy storage. Converting CO2 into desired chemical products provides an alternative source of carbon for fuels and useful chemicals. The educational plan of the proposed project introduces participants to the importance of materials design in addressing current and future energy-related challenges. North Carolina A&amp;T State University is an officially recognized minority institution, an HBCU, and a land-grant institution. Training students in chemistry and materials science by involving them in current research will help them to develop the techniques necessary for industrial positions or in higher-level education. Dr. Bastakoti will work with K-12 teachers to develop lesson plans that integrate research with classroom studies, and will impact many high school students. The research and integrated education components of this proposal will address several challenges in carbon dioxide conversion and utilization as well as important issues at the scientific and societal levels.&lt;br/&gt;&lt;br/&gt;Bishnu Prasad Bastakoti of North Carolina A&amp;T State University is studying the use of porous metal/alloy systems to address mechanistic questions necessary to understand the reduction of aqueous CO2 to desirable products. Amphiphilic block copolymers prepared in the Bastakoti laboratory are being used as a template and structure directing agent to synthesize self-supported nanoporous frameworks of Cu and its alloys. The co-operative self-assembly of block copolymers and soluble inorganic precursors followed by chemical reduction will give highly porous metal frameworks. The interconnected nanopores provides a Cu catalyst with a large number of atomic steps, kinks, and Cu(100) facets that facilitate the formation of C2 products in the electrochemical reduction of CO2. The addition of other metal(s) into the Cu provides multimetallic interfaces that promote the stability of key intermediates through synergistic interactions between the two metals and facilitate CO2 reduction. The catalytic sites bind the key intermediates tightly enough to set a sufficient coverage for C-C coupling but not so tightly as to increase the corresponding activation barrier. The compressive strains due to secondary metal into Cu framework favors the binding toward reactive species and offers an attractive method for the development of new nanostructured multimetallic catalysts to improve activity while simultaneously steering selectivity toward more desirable products.&lt;br/&gt;&lt;br/&gt;This award reflects NSF's statutory mission and has been deemed worthy of support through evaluation using the Foundation's intellectual merit and broader impacts review criteria.</AbstractNarration>
<MinAmdLetterDate>05/19/2021</MinAmdLetterDate>
<MaxAmdLetterDate>05/19/2021</MaxAmdLetterDate>
<ARRAAmount/>
<TRAN_TYPE>Grant</TRAN_TYPE>
<CFDA_NUM>47.049</CFDA_NUM>
<NSF_PAR_USE_FLAG>1</NSF_PAR_USE_FLAG>
<FUND_AGCY_CODE>4900</FUND_AGCY_CODE>
<AWDG_AGCY_CODE>4900</AWDG_AGCY_CODE>
<AwardID>2100710</AwardID>
<Investigator>
<FirstName>Bishnu</FirstName>
<LastName>Bastakoti</LastName>
<PI_MID_INIT>P</PI_MID_INIT>
<PI_SUFX_NAME/>
<PI_FULL_NAME>Bishnu P Bastakoti</PI_FULL_NAME>
<EmailAddress>bpbastakoti@ncat.edu</EmailAddress>
<PI_PHON>3362852233</PI_PHON>
<NSF_ID>000788192</NSF_ID>
<StartDate>05/19/2021</StartDate>
<EndDate/>
<RoleCode>Principal Investigator</RoleCode>
</Investigator>
<Institution>
<Name>North Carolina Agricultural &amp; Technical State University</Name>
<CityName>GREENSBORO</CityName>
<ZipCode>274110001</ZipCode>
<PhoneNumber>3363347995</PhoneNumber>
<StreetAddress>1601 E MARKET ST DOWDY BLDG STE</StreetAddress>
<StreetAddress2/>
<CountryName>United States</CountryName>
<StateName>North Carolina</StateName>
<StateCode>NC</StateCode>
<CONGRESSDISTRICT>06</CONGRESSDISTRICT>
<CONGRESS_DISTRICT_ORG>NC06</CONGRESS_DISTRICT_ORG>
<ORG_UEI_NUM>SKH5GMBR9GL3</ORG_UEI_NUM>
<ORG_LGL_BUS_NAME>NORTH CAROLINA AGRICULTURAL AND TECHNICAL STATE UNIVERSITY</ORG_LGL_BUS_NAME>
<ORG_PRNT_UEI_NUM>SKH5GMBR9GL3</ORG_PRNT_UEI_NUM>
</Institution>
<Performance_Institution>
<Name><![CDATA[North Carolina A&T State University]]></Name>
<CityName>Greensboro</CityName>
<StateCode>NC</StateCode>
<ZipCode>274110001</ZipCode>
<StreetAddress><![CDATA[1601 East Market Street New Scie]]></StreetAddress>
<CountryCode>US</CountryCode>
<CountryName>United States</CountryName>
<StateName>North Carolina</StateName>
<CountryFlag>1</CountryFlag>
<CONGRESSDISTRICT>06</CONGRESSDISTRICT>
<CONGRESS_DISTRICT_PERF>NC06</CONGRESS_DISTRICT_PERF>
</Performance_Institution>
<ProgramElement>
<Code>070Y</Code>
<Text>HBCU-EiR - HBCU-Excellence in</Text>
</ProgramElement>
<ProgramReference>
<Code>090Z</Code>
<Text>CAS-Critical Aspects of Sustainability</Text>
</ProgramReference>
<ProgramReference>
<Code>7237</Code>
<Text>NANO NON-SOLIC SCI &amp; ENG AWD</Text>
</ProgramReference>
<ProgramReference>
<Code>8396</Code>
<Text>Clean Energy Technology</Text>
</ProgramReference>
<ProgramReference>
<Code>8398</Code>
<Text>Hydrocarbon Conversion</Text>
</ProgramReference>
<Appropriation>
<Code>0121</Code>
<Name>NSF RESEARCH &amp; RELATED ACTIVIT</Name>
<APP_SYMB_ID>040100</APP_SYMB_ID>
</Appropriation>
<Fund>
<Code>01002122DB</Code>
<Name><![CDATA[NSF RESEARCH & RELATED ACTIVIT]]></Name>
<FUND_SYMB_ID>040100</FUND_SYMB_ID>
</Fund>
<FUND_OBLG>2021~435000</FUND_OBLG>
</Award>
</rootTag>
