<?xml version="1.0" encoding="UTF-8"?>
<rootTag>
<Award>
<AwardTitle>Crisis as Catalyst for Change and Innovation—Targeted Research on Institutional Response and Enduring Impacts on Advanced Technological Education</AwardTitle>
<AGENCY>NSF</AGENCY>
<AwardEffectiveDate>06/01/2021</AwardEffectiveDate>
<AwardExpirationDate>05/31/2024</AwardExpirationDate>
<AwardTotalIntnAmount>799773.00</AwardTotalIntnAmount>
<AwardAmount>799773</AwardAmount>
<AwardInstrument>
<Value>Standard Grant</Value>
</AwardInstrument>
<Organization>
<Code>11040100</Code>
<Directorate>
<Abbreviation>EHR</Abbreviation>
<LongName>Direct For Education and Human Resources</LongName>
</Directorate>
<Division>
<Abbreviation>DUE</Abbreviation>
<LongName>Division Of Undergraduate Education</LongName>
</Division>
</Organization>
<ProgramOfficer>
<SignBlockName>Connie Della-Piana</SignBlockName>
<PO_EMAI>cdellapi@nsf.gov</PO_EMAI>
<PO_PHON>7032925309</PO_PHON>
</ProgramOfficer>
<AbstractNarration>This project will investigate changes and innovations in technician education that were implemented in response to the COVID-19 pandemic.   Over three years, the mixed-methods research project will analyze all 16 technical colleges within the Wisconsin Technical College System.  The analysis will include perspectives and decisions at multiple scales from the statewide system to the two-year technical colleges in the system, and the institutional leaders and faculty in those colleges.  The research is expected to provide a comprehensive picture of the scope and types of changes spurred by COVID-19.  Results of the research may expand both theoretical and practical knowledge about how technical education programs respond to a crisis.  This knowledge may also identify areas of innovation in which two-year institutions lead the way, as well as identify ways to better support vulnerable student populations. &lt;br/&gt; &lt;br/&gt;Informed by disruptive adaptation theory (McGee, 2012) and the multi-faceted framework for understanding change (Kezar, 2018), this research study addresses five questions about how the system, its colleges, and college leaders and faculty: (a) engage with and address the influx of disruptions, changes, and innovations during the pandemic; (b) view the immediate and future impact of the disruptions, changes, and innovations on advanced technological education, particularly on key stakeholders and vulnerable students; and (c) inform a model for cultivating a diverse, skilled technician workforce in advanced technological education.  Deductively and inductively derived topic areas, text mining algorithms, and social network analysis will comprise the quantitative strand of the project. The social network analysis will capture large patterns that depict simultaneous links among the type and timing of innovations, and whom the innovations served across programs and institutions.  In addition, the research team will gather qualitative data from in-depth case studies to further develop an understanding of how institutions adapt to disruptive events and create innovative approaches to address them.  Research findings will be integrated toward meta-inference and model building that may provide new insights into institutional change and instruction.  This project is funded by the Advanced Technological Education program that focuses on the education of technicians for the advanced-technology fields that drive the nation's economy.&lt;br/&gt;&lt;br/&gt;This award reflects NSF's statutory mission and has been deemed worthy of support through evaluation using the Foundation's intellectual merit and broader impacts review criteria.</AbstractNarration>
<MinAmdLetterDate>04/06/2021</MinAmdLetterDate>
<MaxAmdLetterDate>05/21/2021</MaxAmdLetterDate>
<ARRAAmount/>
<TRAN_TYPE>Grant</TRAN_TYPE>
<CFDA_NUM>47.076</CFDA_NUM>
<NSF_PAR_USE_FLAG>1</NSF_PAR_USE_FLAG>
<FUND_AGCY_CODE>4900</FUND_AGCY_CODE>
<AWDG_AGCY_CODE>4900</AWDG_AGCY_CODE>
<AwardID>2100029</AwardID>
<Investigator>
<FirstName>Turina</FirstName>
<LastName>Bakken</LastName>
<PI_MID_INIT>R</PI_MID_INIT>
<PI_SUFX_NAME/>
<PI_FULL_NAME>Turina R Bakken</PI_FULL_NAME>
<EmailAddress>bakken@madisoncollege.edu</EmailAddress>
<PI_PHON>6083588146</PI_PHON>
<NSF_ID>000838795</NSF_ID>
<StartDate>04/06/2021</StartDate>
<EndDate/>
<RoleCode>Co-Principal Investigator</RoleCode>
</Investigator>
<Investigator>
<FirstName>Xueli</FirstName>
<LastName>Wang</LastName>
<PI_MID_INIT/>
<PI_SUFX_NAME/>
<PI_FULL_NAME>Xueli Wang</PI_FULL_NAME>
<EmailAddress>xwang273@wisc.edu</EmailAddress>
<PI_PHON>6082635451</PI_PHON>
<NSF_ID>000577614</NSF_ID>
<StartDate>04/06/2021</StartDate>
<EndDate/>
<RoleCode>Principal Investigator</RoleCode>
</Investigator>
<Institution>
<Name>University of Wisconsin-Madison</Name>
<CityName>MADISON</CityName>
<ZipCode>537151218</ZipCode>
<PhoneNumber>6082623822</PhoneNumber>
<StreetAddress>21 N PARK ST STE 6301</StreetAddress>
<StreetAddress2/>
<CountryName>United States</CountryName>
<StateName>Wisconsin</StateName>
<StateCode>WI</StateCode>
<CONGRESSDISTRICT>02</CONGRESSDISTRICT>
<CONGRESS_DISTRICT_ORG>WI02</CONGRESS_DISTRICT_ORG>
<ORG_UEI_NUM>LCLSJAGTNZQ7</ORG_UEI_NUM>
<ORG_LGL_BUS_NAME>UNIVERSITY OF WISCONSIN SYSTEM</ORG_LGL_BUS_NAME>
<ORG_PRNT_UEI_NUM>QAFKGG7YY396</ORG_PRNT_UEI_NUM>
</Institution>
<Performance_Institution>
<Name><![CDATA[The Board of Regents of the University of Wisconsin System]]></Name>
<CityName>Madison</CityName>
<StateCode>WI</StateCode>
<ZipCode>537151218</ZipCode>
<StreetAddress><![CDATA[21 N. Park Street, Suite 6401]]></StreetAddress>
<CountryCode>US</CountryCode>
<CountryName>United States</CountryName>
<StateName>Wisconsin</StateName>
<CountryFlag>1</CountryFlag>
<CONGRESSDISTRICT>02</CONGRESSDISTRICT>
<CONGRESS_DISTRICT_PERF>WI02</CONGRESS_DISTRICT_PERF>
</Performance_Institution>
<ProgramElement>
<Code>7412</Code>
<Text>Advanced Tech Education Prog</Text>
</ProgramElement>
<ProgramReference>
<Code>096Z</Code>
<Text>COVID-19 Research</Text>
</ProgramReference>
<ProgramReference>
<Code>102Z</Code>
<Text>COVID-Disproportionate Impcts Inst-Indiv</Text>
</ProgramReference>
<ProgramReference>
<Code>1032</Code>
<Text>ADVANCED TECHNOLOGY EDUCATION</Text>
</ProgramReference>
<ProgramReference>
<Code>9178</Code>
<Text>UNDERGRADUATE EDUCATION</Text>
</ProgramReference>
<ProgramReference>
<Code>SMET</Code>
<Text>SCIENCE, MATH, ENG &amp; TECH EDUCATION</Text>
</ProgramReference>
<Appropriation>
<Code>0421</Code>
<Name>NSF Education &amp; Human Resource</Name>
<APP_SYMB_ID>040106</APP_SYMB_ID>
</Appropriation>
<Fund>
<Code>04002122DB</Code>
<Name><![CDATA[NSF Education & Human Resource]]></Name>
<FUND_SYMB_ID>040106</FUND_SYMB_ID>
</Fund>
<FUND_OBLG>2021~799773</FUND_OBLG>
</Award>
</rootTag>
