<?xml version="1.0" encoding="UTF-8"?>
<rootTag>
<Award>
<AwardTitle>RAPID: Collaborative Research: Hydrologically driven export of pyrogenic carbon and nutrients in fire-impacted watersheds</AwardTitle>
<AGENCY>NSF</AGENCY>
<AwardEffectiveDate>11/15/2020</AwardEffectiveDate>
<AwardExpirationDate>10/31/2022</AwardExpirationDate>
<AwardTotalIntnAmount>53201.00</AwardTotalIntnAmount>
<AwardAmount>53201</AwardAmount>
<AwardInstrument>
<Value>Standard Grant</Value>
</AwardInstrument>
<Organization>
<Code>06030000</Code>
<Directorate>
<Abbreviation>GEO</Abbreviation>
<LongName>Directorate For Geosciences</LongName>
</Directorate>
<Division>
<Abbreviation>EAR</Abbreviation>
<LongName>Division Of Earth Sciences</LongName>
</Division>
</Organization>
<ProgramOfficer>
<SignBlockName>Elizabeth Boyer</SignBlockName>
<PO_EMAI>eboyer@nsf.gov</PO_EMAI>
<PO_PHON>7032922645</PO_PHON>
</ProgramOfficer>
<AbstractNarration>Wildfire magnitude and frequency are increasing across the western US. These wildfires are drastically altering Earth’s surface by burning vegetation and surface soils and destabilizing hillslopes, making them more prone to erosion. Together, these alterations impact how precipitation and other material is transported to rivers. Rivers are the main conduit for transferring water and materials from headwaters further downstream and ultimately to oceans. However, given the challenges of capturing unpredictable wildfire events, there is a lack of understanding of the composition, concentration, and timing of material export out of watersheds immediately following fires. Included in the material being transported is soot and charcoal (called pyrogenic carbon) and essential nutrients, such as nitrogen. These materials are important for local ecosystem function, global biogeochemical cycles, and for the water quality of downstream drinking water resources. This study will collect and analyze water and soil samples from burned watersheds following the fires of the Santa Clara Unit Lightning Complex. The watersheds were instrumented prior to the fires and provide an opportunity to analyze hydrologic and biochemical data previous to and after the fire. This study will generate data that will help to understand the impacts of wildfires on water resources used for drinking water purposes and provide valuable information for mitigation of these impacts.&lt;br/&gt;&lt;br/&gt;The goal of this research is to reveal how altered hillslope hydrology and streamflow in newly burned landscapes will impact the in-stream storage and export of ecologically and biogeochemically critical material, with specific focus on nitrogen and pyrogenic carbon. This research will be conducted in a headwater catchment in central coastal California, which experiences non-perennial streamflow due to its Mediterranean climate. Researchers will couple measurements of nutrient and pyrogenic carbon concentrations at the outlets of five nested watersheds to assess how previously identified differences in dominant streamflow generation processes influence observed material transport. Through deployment of automated samplers and a spectrophotometer, this work will develop a rich dataset of in-stream pyrogenic carbon and nutrient concentrations from the very first post-fire precipitation event to the summer dry down. This is critical for constructing an integrative view of hydrologic and biogeochemical processes in fire- impacted watersheds. The project will provide train undergraduate and graduate students and generate data that will inform the Santa Clara Valley Water District on the export of materials from burned watershed into drinking water sources. &lt;br/&gt;&lt;br/&gt;This project is jointly funded by the Hydrologic Sciences and Geobiology and Low-Temperature Geochemistry programs in the Division of Earth Sciences and the Ecosystem Science Cluster program in the Division of Environmental Biology.&lt;br/&gt;&lt;br/&gt;This award reflects NSF's statutory mission and has been deemed worthy of support through evaluation using the Foundation's intellectual merit and broader impacts review criteria.</AbstractNarration>
<MinAmdLetterDate>11/04/2020</MinAmdLetterDate>
<MaxAmdLetterDate>11/04/2020</MaxAmdLetterDate>
<ARRAAmount/>
<TRAN_TYPE>Grant</TRAN_TYPE>
<CFDA_NUM>47.050</CFDA_NUM>
<NSF_PAR_USE_FLAG>1</NSF_PAR_USE_FLAG>
<FUND_AGCY_CODE>4900</FUND_AGCY_CODE>
<AWDG_AGCY_CODE>4900</AWDG_AGCY_CODE>
<AwardID>2100147</AwardID>
<Investigator>
<FirstName>Margaret</FirstName>
<LastName>Zimmer</LastName>
<PI_MID_INIT/>
<PI_SUFX_NAME/>
<PI_FULL_NAME>Margaret Zimmer</PI_FULL_NAME>
<EmailAddress>mzimmer1@ucsc.edu</EmailAddress>
<PI_PHON/>
<NSF_ID>000770781</NSF_ID>
<StartDate>11/04/2020</StartDate>
<EndDate/>
<RoleCode>Principal Investigator</RoleCode>
</Investigator>
<Institution>
<Name>University of California-Santa Cruz</Name>
<CityName>SANTA CRUZ</CityName>
<ZipCode>950641077</ZipCode>
<PhoneNumber>8314595278</PhoneNumber>
<StreetAddress>1156 HIGH ST</StreetAddress>
<StreetAddress2/>
<CountryName>United States</CountryName>
<StateName>California</StateName>
<StateCode>CA</StateCode>
<CONGRESSDISTRICT>20</CONGRESSDISTRICT>
<CONGRESS_DISTRICT_ORG>CA20</CONGRESS_DISTRICT_ORG>
<ORG_UEI_NUM>VXUFPE4MCZH5</ORG_UEI_NUM>
<ORG_LGL_BUS_NAME>UNIVERSITY OF CALIFORNIA SANTA CRUZ</ORG_LGL_BUS_NAME>
<ORG_PRNT_UEI_NUM/>
</Institution>
<Performance_Institution>
<Name><![CDATA[University of California, Santa Cruz]]></Name>
<CityName>Santa Cruz</CityName>
<StateCode>CA</StateCode>
<ZipCode>950641077</ZipCode>
<StreetAddress><![CDATA[1156 High Street, Room A232]]></StreetAddress>
<CountryCode>US</CountryCode>
<CountryName>United States</CountryName>
<StateName>California</StateName>
<CountryFlag>1</CountryFlag>
<CONGRESSDISTRICT>20</CONGRESSDISTRICT>
<CONGRESS_DISTRICT_PERF>CA20</CONGRESS_DISTRICT_PERF>
</Performance_Institution>
<ProgramElement>
<Code>1579</Code>
<Text>Hydrologic Sciences</Text>
</ProgramElement>
<ProgramElement>
<Code>7222</Code>
<Text>XC-Crosscutting Activities Pro</Text>
</ProgramElement>
<ProgramElement>
<Code>7295</Code>
<Text>Geobiology &amp; Low-Temp Geochem</Text>
</ProgramElement>
<ProgramElement>
<Code>7381</Code>
<Text>Ecosystem Science</Text>
</ProgramElement>
<ProgramReference>
<Code>7914</Code>
<Text>RAPID</Text>
</ProgramReference>
<Appropriation>
<Code>0121</Code>
<Name>NSF RESEARCH &amp; RELATED ACTIVIT</Name>
<APP_SYMB_ID>040100</APP_SYMB_ID>
</Appropriation>
<Fund>
<Code>01002122DB</Code>
<Name><![CDATA[NSF RESEARCH & RELATED ACTIVIT]]></Name>
<FUND_SYMB_ID>040100</FUND_SYMB_ID>
</Fund>
<FUND_OBLG>2021~53201</FUND_OBLG>
</Award>
</rootTag>
