<?xml version="1.0" encoding="UTF-8"?>
<rootTag>
<Award>
<AwardTitle>D-Modules and Commutative Algebra</AwardTitle>
<AGENCY>NSF</AGENCY>
<AwardEffectiveDate>07/01/2021</AwardEffectiveDate>
<AwardExpirationDate>06/30/2024</AwardExpirationDate>
<AwardTotalIntnAmount>350000.00</AwardTotalIntnAmount>
<AwardAmount>350000</AwardAmount>
<AwardInstrument>
<Value>Standard Grant</Value>
</AwardInstrument>
<Organization>
<Code>03040000</Code>
<Directorate>
<Abbreviation>MPS</Abbreviation>
<LongName>Direct For Mathematical &amp; Physical Scien</LongName>
</Directorate>
<Division>
<Abbreviation>DMS</Abbreviation>
<LongName>Division Of Mathematical Sciences</LongName>
</Division>
</Organization>
<ProgramOfficer>
<SignBlockName>Sandra Spiroff</SignBlockName>
<PO_EMAI>sspiroff@nsf.gov</PO_EMAI>
<PO_PHON>7032928069</PO_PHON>
</ProgramOfficer>
<AbstractNarration>The focus of this project is in algebraic geometry, one of the most varied areas of mathematics, permeating many different branches of science such as robotics, cosmology, and computer encryption. While the origins of algebraic geometry can be traced to the works of Euclid and Pythagoras, the focus of algebraic geometry today is often on singularities, which are points that are unusual when compared to their neighbors.  For example, in a figure-eight, the point of crossing is the only one of its kind on the curve – a singularity. Singularities appear frequently in nature, as the tip of a funnel cloud, in a black hole, or in abrupt changes of physical states such as a ball bouncing off a wall.  They typically indicate states in which a given physical system becomes anomalous or unstable.  This project involves training of graduate and undergraduate students in research and educational activities, thus connecting research with the scientific advancement of the next generation.&lt;br/&gt;&lt;br/&gt;There are three parts to this project on D-modules.  At the center of the first part are D-modules that arise from embeddings of singular varieties into manifolds. The larger goals here include studying Hodge theoretic filtrations on these modules and their interplay with intersection homology. With a view towards a conjecture of Hellus, the project will also aim at establishing a certain type of vanishing result.  The second piece begins with a particular type of D-module that arises in the presence of a group action on a variety. For the resulting equivariant D-modules, the PI developed in previous NSF-funded work a categorical paradigm to study them in the toric case. Adapting these tools to the more general case of tautological systems studied by Yau et al. in mirror symmetry is at the core of this aspect of the project. To investigate their functorial presentations, goals include finding a description of the moduli space and the period module.  A third type of invariant to be investigated is the Bernstein–Sato  polynomial of a singularity, which is closely related to solution  counts via the wide-open Monodromy Conjecture.  An unexpected  approach to this conjecture is introduced, based on a translation – via Frobenius thresholds in finite characteristic – to a new feature of hypergeometric D-modules.  In all these parts, the PI will be directing thesis projects and engage undergraduates in research.&lt;br/&gt;&lt;br/&gt;This award reflects NSF's statutory mission and has been deemed worthy of support through evaluation using the Foundation's intellectual merit and broader impacts review criteria.</AbstractNarration>
<MinAmdLetterDate>06/27/2021</MinAmdLetterDate>
<MaxAmdLetterDate>06/27/2021</MaxAmdLetterDate>
<ARRAAmount/>
<TRAN_TYPE>Grant</TRAN_TYPE>
<CFDA_NUM>47.049</CFDA_NUM>
<NSF_PAR_USE_FLAG>1</NSF_PAR_USE_FLAG>
<FUND_AGCY_CODE>4900</FUND_AGCY_CODE>
<AWDG_AGCY_CODE>4900</AWDG_AGCY_CODE>
<AwardID>2100288</AwardID>
<Investigator>
<FirstName>Hans Ulrich</FirstName>
<LastName>Walther</LastName>
<PI_MID_INIT/>
<PI_SUFX_NAME/>
<PI_FULL_NAME>Hans Ulrich Walther</PI_FULL_NAME>
<EmailAddress>walther@math.purdue.edu</EmailAddress>
<PI_PHON>7654941959</PI_PHON>
<NSF_ID>000380976</NSF_ID>
<StartDate>06/27/2021</StartDate>
<EndDate/>
<RoleCode>Principal Investigator</RoleCode>
</Investigator>
<Institution>
<Name>Purdue University</Name>
<CityName>WEST LAFAYETTE</CityName>
<ZipCode>479061332</ZipCode>
<PhoneNumber>7654941055</PhoneNumber>
<StreetAddress>2550 NORTHWESTERN AVE STE 1900</StreetAddress>
<StreetAddress2/>
<CountryName>United States</CountryName>
<StateName>Indiana</StateName>
<StateCode>IN</StateCode>
<CONGRESSDISTRICT>04</CONGRESSDISTRICT>
<CONGRESS_DISTRICT_ORG>IN04</CONGRESS_DISTRICT_ORG>
<ORG_UEI_NUM>YRXVL4JYCEF5</ORG_UEI_NUM>
<ORG_LGL_BUS_NAME>PURDUE UNIVERSITY</ORG_LGL_BUS_NAME>
<ORG_PRNT_UEI_NUM>YRXVL4JYCEF5</ORG_PRNT_UEI_NUM>
</Institution>
<Performance_Institution>
<Name><![CDATA[Purdue University]]></Name>
<CityName>West Lafayette</CityName>
<StateCode>IN</StateCode>
<ZipCode>479072114</ZipCode>
<StreetAddress><![CDATA[Young Hall]]></StreetAddress>
<CountryCode>US</CountryCode>
<CountryName>United States</CountryName>
<StateName>Indiana</StateName>
<CountryFlag>1</CountryFlag>
<CONGRESSDISTRICT>04</CONGRESSDISTRICT>
<CONGRESS_DISTRICT_PERF>IN04</CONGRESS_DISTRICT_PERF>
</Performance_Institution>
<ProgramElement>
<Code>1264</Code>
<Text>ALGEBRA,NUMBER THEORY,AND COM</Text>
</ProgramElement>
<Appropriation>
<Code>0121</Code>
<Name>NSF RESEARCH &amp; RELATED ACTIVIT</Name>
<APP_SYMB_ID>040100</APP_SYMB_ID>
</Appropriation>
<Fund>
<Code>01002122DB</Code>
<Name><![CDATA[NSF RESEARCH & RELATED ACTIVIT]]></Name>
<FUND_SYMB_ID>040100</FUND_SYMB_ID>
</Fund>
<FUND_OBLG>2021~350000</FUND_OBLG>
</Award>
</rootTag>
