<?xml version="1.0" encoding="UTF-8"?>
<rootTag>
<Award>
<AwardTitle>Helping Earth and Environmental Science Programs in Changing Times: Virtual Traveling Workshops and Expanding the Conversation about Diversity, Equity and Inclusion</AwardTitle>
<AGENCY>NSF</AGENCY>
<AwardEffectiveDate>01/15/2021</AwardEffectiveDate>
<AwardExpirationDate>12/31/2022</AwardExpirationDate>
<AwardTotalIntnAmount>49933.00</AwardTotalIntnAmount>
<AwardAmount>59858</AwardAmount>
<AwardInstrument>
<Value>Standard Grant</Value>
</AwardInstrument>
<Organization>
<Code>06010000</Code>
<Directorate>
<Abbreviation>GEO</Abbreviation>
<LongName>Directorate For Geosciences</LongName>
</Directorate>
<Division>
<Abbreviation>ICER</Abbreviation>
<LongName>ICER</LongName>
</Division>
</Organization>
<ProgramOfficer>
<SignBlockName>Brandon Jones</SignBlockName>
<PO_EMAI>mbjones@nsf.gov</PO_EMAI>
<PO_PHON>7032924713</PO_PHON>
</ProgramOfficer>
<AbstractNarration>All of education is transitioning to increased reliance on virtual formats. Distance education pre-dates the internet but has had to accelerate to near-ubiquity since the COVID-19 pandemic began. The pandemic has highlighted and exacerbated inequities in the educational system, including access to virtual learning opportunities. Educators are struggling with how to address these inequities. NAGT gained experiential knowledge about virtual events when it held the annual Earth Educators’ Rendezvous virtually in July 2020 and two virtual training workshops (TW) in September 2020. The proposed TW will explore techniques for keeping participants engaged virtually and for facilitating difficult conversations regarding root causes of inequality and underrepresentation in the Earth and environmental sciences. &lt;br/&gt;&lt;br/&gt;The training workshop (TW) will help TSU, NAGT and its participating educators and educational institutions to strengthen STEM education, transform Earth and environmental education and prepare a greater diversity of students to consider jobs and careers connecting the Earth and society --a great need in the U.S. workforce. Lack of diversity is a challenge in the Earth and environmental sciences even more so than some other STEM fields. Consideration of the racial and societal contexts of Earth education leads to discussion of environmental justice and can help to attract students from underrepresented populations into Earth and environmental fields. The project goals are to expand access by converting TWs into an online format, incorporating more focus on diversity, equity and inclusion (DEI), transform workshop materials and websites, and prepare facilitators to conduct these workshops. Each TW fully incorporates evaluation by the workshop participants that will help to determine how techniques learned in the workshop are incorporated into facilitation.&lt;br/&gt;&lt;br/&gt;This award reflects NSF's statutory mission and has been deemed worthy of support through evaluation using the Foundation's intellectual merit and broader impacts review criteria.</AbstractNarration>
<MinAmdLetterDate>01/12/2021</MinAmdLetterDate>
<MaxAmdLetterDate>11/08/2021</MaxAmdLetterDate>
<ARRAAmount/>
<TRAN_TYPE>Grant</TRAN_TYPE>
<CFDA_NUM>47.050</CFDA_NUM>
<NSF_PAR_USE_FLAG>1</NSF_PAR_USE_FLAG>
<FUND_AGCY_CODE>4900</FUND_AGCY_CODE>
<AWDG_AGCY_CODE>4900</AWDG_AGCY_CODE>
<AwardID>2100754</AwardID>
<Investigator>
<FirstName>Reginald</FirstName>
<LastName>Archer</LastName>
<PI_MID_INIT/>
<PI_SUFX_NAME>Dr.</PI_SUFX_NAME>
<PI_FULL_NAME>Reginald Archer</PI_FULL_NAME>
<EmailAddress>rarcher@tnstate.edu</EmailAddress>
<PI_PHON>6159631495</PI_PHON>
<NSF_ID>000755597</NSF_ID>
<StartDate>01/12/2021</StartDate>
<EndDate/>
<RoleCode>Principal Investigator</RoleCode>
</Investigator>
<Institution>
<Name>Tennessee State University</Name>
<CityName>NASHVILLE</CityName>
<ZipCode>372091500</ZipCode>
<PhoneNumber>6159637631</PhoneNumber>
<StreetAddress>3500 JOHN A MERRITT BLVD</StreetAddress>
<StreetAddress2/>
<CountryName>United States</CountryName>
<StateName>Tennessee</StateName>
<StateCode>TN</StateCode>
<CONGRESSDISTRICT>05</CONGRESSDISTRICT>
<CONGRESS_DISTRICT_ORG>TN05</CONGRESS_DISTRICT_ORG>
<ORG_UEI_NUM>N63ZMY7UETA3</ORG_UEI_NUM>
<ORG_LGL_BUS_NAME>TENNESSEE STATE UNIVERSITY</ORG_LGL_BUS_NAME>
<ORG_PRNT_UEI_NUM>JBG7T7RXQ2B7</ORG_PRNT_UEI_NUM>
</Institution>
<Performance_Institution>
<Name><![CDATA[Tennessee State University]]></Name>
<CityName>nashville</CityName>
<StateCode>TN</StateCode>
<ZipCode>372091561</ZipCode>
<StreetAddress><![CDATA[3500 John A. Merritt Blvd.]]></StreetAddress>
<CountryCode>US</CountryCode>
<CountryName>United States</CountryName>
<StateName>Tennessee</StateName>
<CountryFlag>1</CountryFlag>
<CONGRESSDISTRICT>05</CONGRESSDISTRICT>
<CONGRESS_DISTRICT_PERF>TN05</CONGRESS_DISTRICT_PERF>
</Performance_Institution>
<ProgramElement>
<Code>178Y</Code>
<Text>GOLD-GEO Opps LeadersDiversity</Text>
</ProgramElement>
<ProgramElement>
<Code>7699</Code>
<Text>Integrat &amp; Collab Ed &amp; Rsearch</Text>
</ProgramElement>
<ProgramReference>
<Code>7556</Code>
<Text>CONFERENCE AND WORKSHOPS</Text>
</ProgramReference>
<Appropriation>
<Code>0121</Code>
<Name>NSF RESEARCH &amp; RELATED ACTIVIT</Name>
<APP_SYMB_ID>040100</APP_SYMB_ID>
</Appropriation>
<Fund>
<Code>01002122DB</Code>
<Name><![CDATA[NSF RESEARCH & RELATED ACTIVIT]]></Name>
<FUND_SYMB_ID>040100</FUND_SYMB_ID>
</Fund>
<FUND_OBLG>2021~49933</FUND_OBLG>
<FUND_OBLG>2022~9925</FUND_OBLG>
</Award>
</rootTag>
