<?xml version="1.0" encoding="UTF-8"?>
<rootTag>
<Award>
<AwardTitle><![CDATA[CAREER: MIMO-Based Blind Interference Cancellation for Wireless Networking]]></AwardTitle>
<AGENCY>NSF</AGENCY>
<AwardEffectiveDate>08/16/2020</AwardEffectiveDate>
<AwardExpirationDate>03/31/2024</AwardExpirationDate>
<AwardTotalIntnAmount>483830.00</AwardTotalIntnAmount>
<AwardAmount>378592</AwardAmount>
<AwardInstrument>
<Value>Continuing Grant</Value>
</AwardInstrument>
<Organization>
<Code>05050000</Code>
<Directorate>
<Abbreviation>CSE</Abbreviation>
<LongName>Direct For Computer &amp; Info Scie &amp; Enginr</LongName>
</Directorate>
<Division>
<Abbreviation>CNS</Abbreviation>
<LongName>Division Of Computer and Network Systems</LongName>
</Division>
</Organization>
<ProgramOfficer>
<SignBlockName>Murat Torlak</SignBlockName>
<PO_EMAI>mtorlak@nsf.gov</PO_EMAI>
<PO_PHON>7032927748</PO_PHON>
</ProgramOfficer>
<AbstractNarration><![CDATA[Interference management is a central theme in the design of wireless technologies and systems as evidenced by its evolution from interference avoidance in 2G/3G networks to interference exploitation in 4G networks. However, most of the existing interference management techniques are highly inefficient and not amenable to practical implementation as they require network-wide coordination as well as knowledge of interference characteristics. It is therefore important to develop blind interference cancellation (BIC) techniques that can tame unknown interference in uncoordinated networks. The objective of the proposed research is to develop BIC techniques and use them to advance networking solutions for 5G communications. Success of the proposed research will not only improve spectrum utilization efficiency and flexibility by enabling transparent spectrum sharing between uncoordinated networks, but also reduce the costs of network deployment and maintenance through infrastructure integration for heterogeneous networks. &lt;br/&gt;&lt;br/&gt;Although there exist many sophisticated interference management techniques, most of them are limited to cooperative networks where the network nodes have knowledge of interference characteristics (e.g., waveform, frame format, and pilot signals). The goal of this project is to develop BIC techniques that can tame unknown interference by leveraging recent advances in Multiple-Input-Multiple-Output (MIMO) technology, and use the BIC techniques to advance networking solutions for 5G communications. The proposed research will be carried out through three inter-dependent research thrusts: (1) develop a generic MIMO-based BIC framework that enables a wireless receiver to decode its signal in the face of strong unknown interference; (2) develop a transparent spectrum sharing scheme that allows uncoordinated networks to use the same spectrum at the same time; and (3) integrate a small-cell base station into a multi-antenna Wi-Fi access point (AP) to demonstrate the feasibility of infrastructure sharing between heterogeneous networks (e.g., Wi-Fi and current cellular). The research effort is inter-disciplinary, utilizing communications theory, algorithm and protocol design, as well as cross-layer optimization. The algorithms and protocols developed in this project are complemented by a system-level prototyping and experimentation effort aimed at guaranteeing that the technologies developed are suitable for deployment in real-world wireless systems.&lt;br/&gt;&lt;br/&gt;This award reflects NSF's statutory mission and has been deemed worthy of support through evaluation using the Foundation's intellectual merit and broader impacts review criteria.]]></AbstractNarration>
<MinAmdLetterDate>11/09/2020</MinAmdLetterDate>
<MaxAmdLetterDate>06/30/2022</MaxAmdLetterDate>
<ARRAAmount/>
<TRAN_TYPE>Grant</TRAN_TYPE>
<CFDA_NUM>47.070</CFDA_NUM>
<NSF_PAR_USE_FLAG>1</NSF_PAR_USE_FLAG>
<FUND_AGCY_CODE>4900</FUND_AGCY_CODE>
<AWDG_AGCY_CODE>4900</AWDG_AGCY_CODE>
<AwardID>2100112</AwardID>
<Investigator>
<FirstName>Huacheng</FirstName>
<LastName>Zeng</LastName>
<PI_MID_INIT/>
<PI_SUFX_NAME/>
<PI_FULL_NAME>Huacheng Zeng</PI_FULL_NAME>
<EmailAddress><![CDATA[hzeng@msu.edu]]></EmailAddress>
<NSF_ID>000731424</NSF_ID>
<StartDate>11/09/2020</StartDate>
<EndDate/>
<RoleCode>Principal Investigator</RoleCode>
</Investigator>
<Institution>
<Name>Michigan State University</Name>
<CityName>EAST LANSING</CityName>
<ZipCode>488242600</ZipCode>
<PhoneNumber>5173555040</PhoneNumber>
<StreetAddress>426 AUDITORIUM RD RM 2</StreetAddress>
<StreetAddress2/>
<CountryName>United States</CountryName>
<StateName>Michigan</StateName>
<StateCode>MI</StateCode>
<CONGRESSDISTRICT>08</CONGRESSDISTRICT>
<CONGRESS_DISTRICT_ORG>MI08</CONGRESS_DISTRICT_ORG>
<ORG_UEI_NUM>R28EKN92ZTZ9</ORG_UEI_NUM>
<ORG_LGL_BUS_NAME>MICHIGAN STATE UNIVERSITY</ORG_LGL_BUS_NAME>
<ORG_PRNT_UEI_NUM>VJKZC4D1JN36</ORG_PRNT_UEI_NUM>
</Institution>
<Performance_Institution>
<Name><![CDATA[Michigan State University]]></Name>
<CityName>East Lansing</CityName>
<StateCode>MI</StateCode>
<ZipCode>488241226</ZipCode>
<StreetAddress><![CDATA[428 S. Shaw Lane]]></StreetAddress>
<CountryCode>US</CountryCode>
<CountryName>United States</CountryName>
<StateName>Michigan</StateName>
<CountryFlag>1</CountryFlag>
<CONGRESSDISTRICT>08</CONGRESSDISTRICT>
<CONGRESS_DISTRICT_PERF>MI08</CONGRESS_DISTRICT_PERF>
</Performance_Institution>
<ProgramElement>
<Code>7363</Code>
<Text>Networking Technology and Syst</Text>
</ProgramElement>
<ProgramReference>
<Code>1045</Code>
<Text>CAREER-Faculty Erly Career Dev</Text>
</ProgramReference>
<ProgramReference>
<Code>9150</Code>
<Text>EXP PROG TO STIM COMP RES</Text>
</ProgramReference>
<Appropriation>
<Code>0119</Code>
<Name>NSF RESEARCH &amp; RELATED ACTIVIT</Name>
<APP_SYMB_ID>040100</APP_SYMB_ID>
</Appropriation>
<Appropriation>
<Code>0120</Code>
<Name>NSF RESEARCH &amp; RELATED ACTIVIT</Name>
<APP_SYMB_ID>040100</APP_SYMB_ID>
</Appropriation>
<Appropriation>
<Code>0121</Code>
<Name>NSF RESEARCH &amp; RELATED ACTIVIT</Name>
<APP_SYMB_ID>040100</APP_SYMB_ID>
</Appropriation>
<Appropriation>
<Code>0122</Code>
<Name>NSF RESEARCH &amp; RELATED ACTIVIT</Name>
<APP_SYMB_ID>040100</APP_SYMB_ID>
</Appropriation>
<Fund>
<Code>01001920DB</Code>
<Name><![CDATA[NSF RESEARCH & RELATED ACTIVIT]]></Name>
<FUND_SYMB_ID>040100</FUND_SYMB_ID>
</Fund>
<Fund>
<Code>01002021DB</Code>
<Name><![CDATA[NSF RESEARCH & RELATED ACTIVIT]]></Name>
<FUND_SYMB_ID>040100</FUND_SYMB_ID>
</Fund>
<Fund>
<Code>01002122DB</Code>
<Name><![CDATA[NSF RESEARCH & RELATED ACTIVIT]]></Name>
<FUND_SYMB_ID>040100</FUND_SYMB_ID>
</Fund>
<Fund>
<Code>01002223DB</Code>
<Name><![CDATA[NSF RESEARCH & RELATED ACTIVIT]]></Name>
<FUND_SYMB_ID>040100</FUND_SYMB_ID>
</Fund>
<FUND_OBLG>2019~78780</FUND_OBLG>
<FUND_OBLG>2020~97383</FUND_OBLG>
<FUND_OBLG>2021~99907</FUND_OBLG>
<FUND_OBLG>2022~102522</FUND_OBLG>
</Award>
</rootTag>
