<?xml version="1.0" encoding="UTF-8"?>
<rootTag>
<Award>
<AwardTitle><![CDATA[Collaborative Research: Supporting Teachers to Develop Equitable Mathematics Instruction Through Rubric-based Coaching]]></AwardTitle>
<AGENCY>NSF</AGENCY>
<AwardEffectiveDate>09/01/2021</AwardEffectiveDate>
<AwardExpirationDate>08/31/2025</AwardExpirationDate>
<AwardTotalIntnAmount>1146432.00</AwardTotalIntnAmount>
<AwardAmount>1146432</AwardAmount>
<AwardInstrument>
<Value>Standard Grant</Value>
</AwardInstrument>
<Organization>
<Code>11090000</Code>
<Directorate>
<Abbreviation>EHR</Abbreviation>
<LongName>Direct For Education and Human Resources</LongName>
</Directorate>
<Division>
<Abbreviation>DRL</Abbreviation>
<LongName>Division Of Research On Learning</LongName>
</Division>
</Organization>
<ProgramOfficer>
<SignBlockName>Michael Steele</SignBlockName>
<PO_EMAI>msteele@nsf.gov</PO_EMAI>
<PO_PHON>7032920000</PO_PHON>
</ProgramOfficer>
<AbstractNarration><![CDATA[Creating supportive middle school mathematics learning spaces that foster students' self-efficacy and mathematics learning is a critical need in the United States. This need is particularly urgent for mathematics classrooms with students who have been historically marginalized in such spaces. While many instructional improvement efforts have focused on broadening access to mathematical ideas, fewer efforts have paid explicit attention to the ways instructional practices may serve to marginalize students. Supporting teachers in identifying and refining their equitable mathematics instructional practices is a persistent challenge. This project brings together a successful mathematics rubric-based coaching model (MQI Coaching) and an empirically developed observation tool focused on equity-focused instructional practices, the Equity and Access Rubrics for Mathematics Instruction (EAR-MI). The project's work integrates the EAR-MI rubrics into the MQI Coaching model with 24 middle grades mathematics coaches supporting 72 teachers at grades 5-8. The project measures the effects of the coaching model on teachers' beliefs and instructional practices and on students' mathematical achievement and sense of belonging in mathematics. The project also investigates how teachers' attitudes and beliefs impact their participation and what teachers take away from engagement with the coaching model.&lt;br/&gt;&lt;br/&gt;The project makes use of a delayed-treatment experimental design to investigate effects on teacher beliefs and practices and student achievement and sense of belonging. A cohort of 14 coaches are randomly selected to participate in the coaching in Years 2 and 3, with the remaining 10 coaches assigned to a business-as-usual model in Year 2 and engaging in the training in Year 3. Coaches engage in a 4-day summer training to become acquainted with the model with coaching cycles and follow-up meetings during the school year. Each coach will engage teachers in 8-10 coaching cycles in treatment years. Data on the nature of the coaching includes logs and surveys from the coaches. Teachers submit surveys related to their beliefs and practices and two lessons each at the start and end of the academic year for analysis. Student assessment data, course grades, and administrative data, combined with survey data from students on classroom belonging and perceptions of ability and confidence in mathematics, are used to describe student outcomes. Teacher outcomes are captured through the analysis of classroom video, surveys about ethnic-racial identity and racial attitudes, beliefs about students and instruction, and beliefs about and efficacy for culturally responsive teaching. The project uses a set of survey measures with established reliability and validity, adapting some instruments to include specific indicators related to the equity and access rubrics. Analysis of the data uses a multi-level model accounting for the clustering of teachers within schools and students within classrooms and schools.&lt;br/&gt;&lt;br/&gt;This project is funded by the Discovery Research PreK-12 (DRK-12) Program and the Established Program to Stimulate Competitive Research (EPSCoR). The DRK-12 program seeks to significantly enhance the learning and teaching of science, technology, engineering and mathematics (STEM) by preK-12 students and teachers, through research and development of innovative resources, models and tools. Projects in the DRK-12 program build on fundamental research in STEM education and prior research and development efforts that provide theoretical and empirical justification for proposed projects.&lt;br/&gt;&lt;br/&gt;This award reflects NSF's statutory mission and has been deemed worthy of support through evaluation using the Foundation's intellectual merit and broader impacts review criteria.]]></AbstractNarration>
<MinAmdLetterDate>08/22/2021</MinAmdLetterDate>
<MaxAmdLetterDate>08/22/2021</MaxAmdLetterDate>
<ARRAAmount/>
<TRAN_TYPE>Grant</TRAN_TYPE>
<CFDA_NUM>47.076</CFDA_NUM>
<NSF_PAR_USE_FLAG>1</NSF_PAR_USE_FLAG>
<FUND_AGCY_CODE>4900</FUND_AGCY_CODE>
<AWDG_AGCY_CODE>4900</AWDG_AGCY_CODE>
<AwardID>2100830</AwardID>
<Investigator>
<FirstName>Jonee</FirstName>
<LastName>Wilson</LastName>
<PI_MID_INIT/>
<PI_SUFX_NAME/>
<PI_FULL_NAME>Jonee Wilson</PI_FULL_NAME>
<EmailAddress><![CDATA[jwilson9@ncsu.edu]]></EmailAddress>
<NSF_ID>000763516</NSF_ID>
<StartDate>08/22/2021</StartDate>
<EndDate/>
<RoleCode>Principal Investigator</RoleCode>
</Investigator>
<Institution>
<Name>North Carolina State University</Name>
<CityName>RALEIGH</CityName>
<ZipCode>27607</ZipCode>
<PhoneNumber>9195152444</PhoneNumber>
<StreetAddress>2601 WOLF VILLAGE WAY</StreetAddress>
<StreetAddress2/>
<CountryName>United States</CountryName>
<StateName>North Carolina</StateName>
<StateCode>NC</StateCode>
<CONGRESSDISTRICT>02</CONGRESSDISTRICT>
<CONGRESS_DISTRICT_ORG>NC02</CONGRESS_DISTRICT_ORG>
<ORG_UEI_NUM>U3NVH931QJJ3</ORG_UEI_NUM>
<ORG_LGL_BUS_NAME>NORTH CAROLINA STATE UNIVERSITY</ORG_LGL_BUS_NAME>
<ORG_PRNT_UEI_NUM>N8DMK1K4C2K5</ORG_PRNT_UEI_NUM>
</Institution>
<Performance_Institution>
<Name><![CDATA[North Carolina State University]]></Name>
<CityName>Raleigh</CityName>
<StateCode>NC</StateCode>
<ZipCode>276957801</ZipCode>
<StreetAddress><![CDATA[Poe Hall, Stinson Drive]]></StreetAddress>
<CountryCode>US</CountryCode>
<CountryName>United States</CountryName>
<StateName>North Carolina</StateName>
<CountryFlag>1</CountryFlag>
<CONGRESSDISTRICT>02</CONGRESSDISTRICT>
<CONGRESS_DISTRICT_PERF>NC02</CONGRESS_DISTRICT_PERF>
</Performance_Institution>
<ProgramElement>
<Code>7645</Code>
<Text>Discovery Research K-12</Text>
</ProgramElement>
<Appropriation>
<Code>0421</Code>
<Name>NSF Education &amp; Human Resource</Name>
<APP_SYMB_ID>040106</APP_SYMB_ID>
</Appropriation>
<Fund>
<Code>04002122DB</Code>
<Name><![CDATA[NSF Education & Human Resource]]></Name>
<FUND_SYMB_ID>040106</FUND_SYMB_ID>
</Fund>
<FUND_OBLG>2021~1146432</FUND_OBLG>
</Award>
</rootTag>
