<?xml version="1.0" encoding="UTF-8"?>
<rootTag>
<Award>
<AwardTitle><![CDATA[Reducing Racially-Biased Beliefs by Fostering a Complex Understanding of Human Genetics Research in High-School Biology Students]]></AwardTitle>
<AGENCY>NSF</AGENCY>
<AwardEffectiveDate>09/01/2021</AwardEffectiveDate>
<AwardExpirationDate>08/31/2025</AwardExpirationDate>
<AwardTotalIntnAmount>645050.00</AwardTotalIntnAmount>
<AwardAmount>303085</AwardAmount>
<AwardInstrument>
<Value>Continuing Grant</Value>
</AwardInstrument>
<Organization>
<Code>11090000</Code>
<Directorate>
<Abbreviation>EHR</Abbreviation>
<LongName>Direct For Education and Human Resources</LongName>
</Directorate>
<Division>
<Abbreviation>DRL</Abbreviation>
<LongName>Division Of Research On Learning</LongName>
</Division>
</Organization>
<ProgramOfficer>
<SignBlockName>Robert Russell</SignBlockName>
<PO_EMAI>rlrussel@nsf.gov</PO_EMAI>
<PO_PHON>7032922995</PO_PHON>
</ProgramOfficer>
<AbstractNarration><![CDATA[Genetic essentialism is the belief that people of the same race share genes that make them physically, cognitively, and behaviorally uniform, and thus different from other races. The project will refine a genetics education curriculum, called Humane Genome Literacy (HGL), in order to reduce belief in genetic essentialism. This research will provide curriculum writers and educators with knowledge about how to design a humane genetics education to maximize reductions in students’ genetic essentialist beliefs and minimize the threat of backfiring (unintentionally increasing belief in essentialism). The research findings will demonstrate how to support teachers who wish to reduce beliefs in genetic essentialism by teaching students about the complexity of human genetics research using the HGL learning materials.  Project research findings, learning materials, and professional development institutes will be made available to educators and researchers across the country who desire to teach genetics to reduce racial prejudice. &lt;br/&gt;&lt;br/&gt;To prepare for the research, the project will revise and augment the project’s existing HGL curriculum and professional development institutes.  In year one, the project will develop new versions of the HGL interventions. Using these materials, the project will train teachers to implement new versions of the HGL interventions in their classrooms. Researchers will video and audio record a sample of teachers and students as they learn. These data will be analyzed qualitatively to: (1) examine how the conceptual change of genetic essentialism was promoted or impeded by interactions between teachers, students, and the materials; and (2) identify and corroborate general factors undergirding the backfiring effect.  Knowledge constructed through these studies will be used to revise the HGL interventions and PDIs.  In year three, using the revised versions of the HGL intervention, the project will conduct a cluster randomized trial (CRT). The CRT will compare the HGL interventions to a well-defined “business as usual” genetics curriculum, using a statistically powerful and geographically diverse sample (N = 135 teachers, N = 16,200 students, from 33 states). Using data from the CRT, the project will identify classrooms where the interventions reduced essentialism, had no effect on it, and where it backfired. Then, the project will use stimulated recall methods to interview the teachers and students in those classrooms to make sense of factors that contributed to these outcomes. The project will use this information to develop the final version of the HGL interventions and PDI materials. By the end of year four, the project will have trained an additional 90-100 teachers to use HGL interventions, reaching an additional 10,800-12,000 students, in at least 33 different states. &lt;br/&gt;&lt;br/&gt;The Discovery Research preK-12 program (DRK-12) seeks to significantly enhance the learning and teaching of science, technology, engineering and mathematics (STEM) by preK-12 students and teachers, through research and development of innovative resources, models and tools. Projects in the DRK-12 program build on fundamental research in STEM education and prior research and development efforts that provide theoretical and empirical justification for proposed projects.&lt;br/&gt;&lt;br/&gt;This award reflects NSF's statutory mission and has been deemed worthy of support through evaluation using the Foundation's intellectual merit and broader impacts review criteria.]]></AbstractNarration>
<MinAmdLetterDate>06/24/2021</MinAmdLetterDate>
<MaxAmdLetterDate>06/24/2021</MaxAmdLetterDate>
<ARRAAmount/>
<TRAN_TYPE>Grant</TRAN_TYPE>
<CFDA_NUM>47.076</CFDA_NUM>
<NSF_PAR_USE_FLAG>1</NSF_PAR_USE_FLAG>
<FUND_AGCY_CODE>4900</FUND_AGCY_CODE>
<AWDG_AGCY_CODE>4900</AWDG_AGCY_CODE>
<AwardID>2100876</AwardID>
<Investigator>
<FirstName>Ravit</FirstName>
<LastName>Golan Duncan</LastName>
<PI_MID_INIT/>
<PI_SUFX_NAME/>
<PI_FULL_NAME>Ravit Golan Duncan</PI_FULL_NAME>
<EmailAddress><![CDATA[ravit.duncan@gse.rutgers.edu]]></EmailAddress>
<NSF_ID>000312719</NSF_ID>
<StartDate>06/24/2021</StartDate>
<EndDate/>
<RoleCode>Principal Investigator</RoleCode>
</Investigator>
<Institution>
<Name>Rutgers University New Brunswick</Name>
<CityName>NEW BRUNSWICK</CityName>
<ZipCode>089018559</ZipCode>
<PhoneNumber>8489320150</PhoneNumber>
<StreetAddress>3 RUTGERS PLZA</StreetAddress>
<StreetAddress2/>
<CountryName>United States</CountryName>
<StateName>New Jersey</StateName>
<StateCode>NJ</StateCode>
<CONGRESSDISTRICT>06</CONGRESSDISTRICT>
<CONGRESS_DISTRICT_ORG>NJ06</CONGRESS_DISTRICT_ORG>
<ORG_UEI_NUM>M1LVPE5GLSD9</ORG_UEI_NUM>
<ORG_LGL_BUS_NAME>RUTGERS, THE STATE UNIVERSITY OF NEW JERSEY</ORG_LGL_BUS_NAME>
<ORG_PRNT_UEI_NUM>M1LVPE5GLSD9</ORG_PRNT_UEI_NUM>
</Institution>
<Performance_Institution>
<Name><![CDATA[Rutgers Graduate School of Education]]></Name>
<CityName>New Brunswick</CityName>
<StateCode>NJ</StateCode>
<ZipCode>089011183</ZipCode>
<StreetAddress><![CDATA[10 Seminary Place]]></StreetAddress>
<CountryCode>US</CountryCode>
<CountryName>United States</CountryName>
<StateName>New Jersey</StateName>
<CountryFlag>1</CountryFlag>
<CONGRESSDISTRICT>06</CONGRESSDISTRICT>
<CONGRESS_DISTRICT_PERF>NJ06</CONGRESS_DISTRICT_PERF>
</Performance_Institution>
<ProgramElement>
<Code>7645</Code>
<Text>Discovery Research K-12</Text>
</ProgramElement>
<Appropriation>
<Code>0421</Code>
<Name>NSF Education &amp; Human Resource</Name>
<APP_SYMB_ID>040106</APP_SYMB_ID>
</Appropriation>
<Fund>
<Code>04002122DB</Code>
<Name><![CDATA[NSF Education & Human Resource]]></Name>
<FUND_SYMB_ID>040106</FUND_SYMB_ID>
</Fund>
<FUND_OBLG>2021~303085</FUND_OBLG>
</Award>
</rootTag>
