<?xml version="1.0" encoding="UTF-8"?>
<rootTag>
<Award>
<AwardTitle><![CDATA[Excellence in Research: Phytohormones and Heat-Induced Loss of Wheat Resistance to Hessian Fly]]></AwardTitle>
<AGENCY>NSF</AGENCY>
<AwardEffectiveDate>08/01/2021</AwardEffectiveDate>
<AwardExpirationDate>07/31/2024</AwardExpirationDate>
<AwardTotalIntnAmount>499748.00</AwardTotalIntnAmount>
<AwardAmount>499748</AwardAmount>
<AwardInstrument>
<Value>Standard Grant</Value>
</AwardInstrument>
<Organization>
<Code>08090000</Code>
<Directorate>
<Abbreviation>BIO</Abbreviation>
<LongName>Direct For Biological Sciences</LongName>
</Directorate>
<Division>
<Abbreviation>IOS</Abbreviation>
<LongName>Division Of Integrative Organismal Systems</LongName>
</Division>
</Organization>
<ProgramOfficer>
<SignBlockName>Michael Mishkind</SignBlockName>
<PO_EMAI>mmishkin@nsf.gov</PO_EMAI>
<PO_PHON>7032928413</PO_PHON>
</ProgramOfficer>
<AbstractNarration><![CDATA[High temperature (Heat stress) can reduce plant resistance to insects, resulting in decreased productivity of crop plants. This research aims to understand the role of phytohormones on the expression of wheat (Triticum aestivum) resistance to Hessian fly (Mayetiola destructor), one of the most destructive insect pests of wheat plants in North America. In this research, a combination of phenotyping, biochemical, and molecular biology approaches will be deployed to investigate the impact of phytohormones on the sensitivity of plant insect resistance to temperature changes. The findings will contribute to the understanding of the mechanism of heat-induced loss of host plant resistance and co-evolution between host plants and insect pests under changing temperatures. The implementation of this research will provide a platform to train undergraduate students of underserved populations at Fayetteville State University (FSU) in research, scientific communication, and molecular biology techniques via paid research internship, biotechnology workshop, and incorporation of research methodologies into classroom teaching. Such efforts will improve the competency of undergraduate students, especially minority students and/or military-associated students at FSU to enter graduate/professional schools and STEM workforce, and therefore enhance social mobility. Furthermore, findings from this research have the potential to be applied to control Hessian fly damage in wheat crop under stressed environmental conditions to improve agriculture productivity, food security, and benefit the rural community in the US.&lt;br/&gt;&lt;br/&gt;&lt;br/&gt;Heat stress can compromise plant resistance to insects. This proposal aims to understand the role of phytohormones in resistance: (R)-gene-medicated host plant resistance to insects under heat stress using wheat (Triticum aestivum)-Hessian fly (Mayetiola destructor) interaction as a model. The overall hypothesis of this research is that phytohormones jasmonic acid (JA), salicylic acid (SA), 12-oxo-phytodienoic acid (OPDA), and auxin affect OPDA metabolism in wheat plants and influence wheat resistance to Hessian fly under heat stress. To test this hypothesis, ‘Molly’, a Hessian fly resistant cultivar containing the R-gene H13 and its susceptible near-isogenic line ‘Newton’ will be infested by an avirulent biotype GP Hessian fly and subjected to heat stress, and a combination of heat stress and external application of phytohormones, respectively. A combination of phenotyping, biochemical and molecular analyses, and metabolomic approaches will be deployed to achieve four objectives:1) to determine the impact of phytohormones on wheat resistance phenotype to Hessian fly under heat conditions; 2) to demonstrate the impact of phytohormones on OPDA metabolism in wheat plants under heat stress; 3) to examine the impact of phytohormones on transcript expression of wheat genes potentially contributing to wheat resistance/susceptibility to Hessian fly under heat stress; 4) to determine the impact of phytohormones on lipid and fatty acid metabolism at Hessian fly feeding sites in wheat plants under heat stress. The findings will enhance the understanding of the molecular mechanisms of heat-induced loss of plant resistance to insects and co-evolution between host plants and parasites under changing temperatures.&lt;br/&gt;&lt;br/&gt;This award reflects NSF's statutory mission and has been deemed worthy of support through evaluation using the Foundation's intellectual merit and broader impacts review criteria.]]></AbstractNarration>
<MinAmdLetterDate>06/15/2021</MinAmdLetterDate>
<MaxAmdLetterDate>06/15/2021</MaxAmdLetterDate>
<ARRAAmount/>
<TRAN_TYPE>Grant</TRAN_TYPE>
<CFDA_NUM>47.074</CFDA_NUM>
<NSF_PAR_USE_FLAG>1</NSF_PAR_USE_FLAG>
<FUND_AGCY_CODE>4900</FUND_AGCY_CODE>
<AWDG_AGCY_CODE>4900</AWDG_AGCY_CODE>
<AwardID>2100425</AwardID>
<Investigator>
<FirstName>Lieceng</FirstName>
<LastName>Zhu</LastName>
<PI_MID_INIT/>
<PI_SUFX_NAME/>
<PI_FULL_NAME>Lieceng Zhu</PI_FULL_NAME>
<EmailAddress><![CDATA[lzhu@uncfsu.edu]]></EmailAddress>
<NSF_ID>000541999</NSF_ID>
<StartDate>06/15/2021</StartDate>
<EndDate/>
<RoleCode>Principal Investigator</RoleCode>
</Investigator>
<Institution>
<Name>Fayetteville State University</Name>
<CityName>FAYETTEVILLE</CityName>
<ZipCode>283014252</ZipCode>
<PhoneNumber>9106721141</PhoneNumber>
<StreetAddress>1200 MURCHISON RD</StreetAddress>
<StreetAddress2/>
<CountryName>United States</CountryName>
<StateName>North Carolina</StateName>
<StateCode>NC</StateCode>
<CONGRESSDISTRICT>08</CONGRESSDISTRICT>
<CONGRESS_DISTRICT_ORG>NC08</CONGRESS_DISTRICT_ORG>
<ORG_UEI_NUM>XTD7KKHEJFL1</ORG_UEI_NUM>
<ORG_LGL_BUS_NAME>FAYETTEVILLE STATE UNIVERSITY</ORG_LGL_BUS_NAME>
<ORG_PRNT_UEI_NUM>N8DMK1K4C2K5</ORG_PRNT_UEI_NUM>
</Institution>
<Performance_Institution>
<Name><![CDATA[Fayetteville State University]]></Name>
<CityName>Fayetteville</CityName>
<StateCode>NC</StateCode>
<ZipCode>283014252</ZipCode>
<StreetAddress><![CDATA[1200 Murchison Road]]></StreetAddress>
<CountryCode>US</CountryCode>
<CountryName>United States</CountryName>
<StateName>North Carolina</StateName>
<CountryFlag>1</CountryFlag>
<CONGRESSDISTRICT>08</CONGRESSDISTRICT>
<CONGRESS_DISTRICT_PERF>NC08</CONGRESS_DISTRICT_PERF>
</Performance_Institution>
<ProgramElement>
<Code>047Y</Code>
<Text>Plant-Biotic Interactions</Text>
</ProgramElement>
<ProgramElement>
<Code>070Y</Code>
<Text>HBCU-EiR - HBCU-Excellence in</Text>
</ProgramElement>
<ProgramReference>
<Code>1228</Code>
<Text>MINORITY INVOLVEMENT -- BIO</Text>
</ProgramReference>
<ProgramReference>
<Code>1594</Code>
<Text>HIST BLACK COLLEGES AND UNIV</Text>
</ProgramReference>
<ProgramReference>
<Code>2886</Code>
<Text>MINORITY INSTITUTIONS PROGRAM</Text>
</ProgramReference>
<ProgramReference>
<Code>9178</Code>
<Text>UNDERGRADUATE EDUCATION</Text>
</ProgramReference>
<ProgramReference>
<Code>9251</Code>
<Text>REU SUPP-Res Exp for Ugrd Supp</Text>
</ProgramReference>
<Appropriation>
<Code>0121</Code>
<Name>NSF RESEARCH &amp; RELATED ACTIVIT</Name>
<APP_SYMB_ID>040100</APP_SYMB_ID>
</Appropriation>
<Fund>
<Code>01002122DB</Code>
<Name><![CDATA[NSF RESEARCH & RELATED ACTIVIT]]></Name>
<FUND_SYMB_ID>040100</FUND_SYMB_ID>
</Fund>
<FUND_OBLG>2021~499748</FUND_OBLG>
</Award>
</rootTag>
