<?xml version="1.0" encoding="UTF-8"?>
<rootTag>
<Award>
<AwardTitle>A California Central-Coast Partnership for Industry-focused Micro/nanotechnology Education</AwardTitle>
<AGENCY>NSF</AGENCY>
<AwardEffectiveDate>07/01/2021</AwardEffectiveDate>
<AwardExpirationDate>06/30/2024</AwardExpirationDate>
<AwardTotalIntnAmount>299974.00</AwardTotalIntnAmount>
<AwardAmount>299974</AwardAmount>
<AwardInstrument>
<Value>Standard Grant</Value>
</AwardInstrument>
<Organization>
<Code>11040100</Code>
<Directorate>
<Abbreviation>EHR</Abbreviation>
<LongName>Direct For Education and Human Resources</LongName>
</Directorate>
<Division>
<Abbreviation>DUE</Abbreviation>
<LongName>Division Of Undergraduate Education</LongName>
</Division>
</Organization>
<ProgramOfficer>
<SignBlockName>Mary Crowe</SignBlockName>
<PO_EMAI>mcrowe@nsf.gov</PO_EMAI>
<PO_PHON>7032927177</PO_PHON>
</ProgramOfficer>
<AbstractNarration>Maintaining a successful workforce pipeline in modern micro/nanotechnology is a critical national need.  This project is designed to fill a demonstrated micro/nanotechnology industry need for job-ready cleanroom-manufacturing technicians.  Although community college students could help meet these industry needs, many community colleges lack access to semiconductor cleanroom facilities.  As a result, students at these institutions are unable to develop the cleanroom skills needed for entry into high-tech manufacturing positions. This project intends to provide community college students with access to onsite learning in manufacturing cleanroom facilities at the California Nanosystems Institute and the NSF-funded Nanofabrication Facility.  Through these experiences and related coursework, they will develop the knowledge and skills needed for work in cleanroom facilities.  The project can contribute to the local economy by increasing the number of competitive local applicants for cleanroom technician positions, which can in turn lower the need for on-the-job training and decrease employee turn-over.  &lt;br/&gt;&lt;br/&gt;Through this project, Santa Barbara City College and the University of Santa Barbara will build a partnership to provide community college students with access to and training within cleanroom facilities. At these facilities, both community college faculty and students will be trained in cleanroom techniques.  They will also tour local manufacturing facilities to experience real-world applications of cleanroom technology. Santa Barbara City College faculty members will participate in regular Industry Advisory Board discussions, creating an avenue for two-way dialogue to align industry needs and college curricula. Students will be able to earn industry-vetted certificates that comply with those set by the semiconductor industry-standards organization, SEMI. By providing community college students access to cleanroom facilities, the project can prepare students for high-tech manufacturing positions. This project intends to lay the foundation for building a robust regional workforce pipeline to serve the larger micro/nanotechnology industry.  This collaborative partnership involving a community college, a four-year institution and local industry partners to develop an industry-backed curriculum is a model that could be adopted or adapted elsewhere. This project is funded by the Advanced Technological Education program that focuses on the education of technicians for the advanced-technology fields that drive the nation's economy.&lt;br/&gt;&lt;br/&gt;This award reflects NSF's statutory mission and has been deemed worthy of support through evaluation using the Foundation's intellectual merit and broader impacts review criteria.</AbstractNarration>
<MinAmdLetterDate>06/30/2021</MinAmdLetterDate>
<MaxAmdLetterDate>06/30/2021</MaxAmdLetterDate>
<ARRAAmount/>
<TRAN_TYPE>Grant</TRAN_TYPE>
<CFDA_NUM>47.076</CFDA_NUM>
<NSF_PAR_USE_FLAG>1</NSF_PAR_USE_FLAG>
<FUND_AGCY_CODE>4900</FUND_AGCY_CODE>
<AWDG_AGCY_CODE>4900</AWDG_AGCY_CODE>
<AwardID>2100405</AwardID>
<Investigator>
<FirstName>Jens-Uwe</FirstName>
<LastName>Kuhn</LastName>
<PI_MID_INIT/>
<PI_SUFX_NAME/>
<PI_FULL_NAME>Jens-Uwe Kuhn</PI_FULL_NAME>
<EmailAddress>jkuhn@sbcc.edu</EmailAddress>
<PI_PHON>8057304339</PI_PHON>
<NSF_ID>000593569</NSF_ID>
<StartDate>06/30/2021</StartDate>
<EndDate/>
<RoleCode>Principal Investigator</RoleCode>
</Investigator>
<Investigator>
<FirstName>Nicholas</FirstName>
<LastName>Arnold</LastName>
<PI_MID_INIT>J</PI_MID_INIT>
<PI_SUFX_NAME/>
<PI_FULL_NAME>Nicholas J Arnold</PI_FULL_NAME>
<EmailAddress>arnold@sbcc.edu</EmailAddress>
<PI_PHON>8059650581</PI_PHON>
<NSF_ID>000441307</NSF_ID>
<StartDate>06/30/2021</StartDate>
<EndDate/>
<RoleCode>Co-Principal Investigator</RoleCode>
</Investigator>
<Institution>
<Name>The Foundation for Santa Barbara City College</Name>
<CityName>Santa Barbara</CityName>
<ZipCode>931092312</ZipCode>
<PhoneNumber>8057304420</PhoneNumber>
<StreetAddress>721 Cliff Drive</StreetAddress>
<StreetAddress2/>
<CountryName>United States</CountryName>
<StateName>California</StateName>
<StateCode>CA</StateCode>
<CONGRESSDISTRICT>24</CONGRESSDISTRICT>
<CONGRESS_DISTRICT_ORG>CA24</CONGRESS_DISTRICT_ORG>
<ORG_UEI_NUM>CVPNFMTL8CN6</ORG_UEI_NUM>
<ORG_LGL_BUS_NAME>FOUNDATION FOR SANTA BARBARA CITY COLLEGE, THE</ORG_LGL_BUS_NAME>
<ORG_PRNT_UEI_NUM/>
</Institution>
<Performance_Institution>
<Name><![CDATA[Santa Barbara City College]]></Name>
<CityName>Santa Barbara</CityName>
<StateCode>CA</StateCode>
<ZipCode>931092312</ZipCode>
<StreetAddress><![CDATA[721 Cliff Drive]]></StreetAddress>
<CountryCode>US</CountryCode>
<CountryName>United States</CountryName>
<StateName>California</StateName>
<CountryFlag>1</CountryFlag>
<CONGRESSDISTRICT>24</CONGRESSDISTRICT>
<CONGRESS_DISTRICT_PERF>CA24</CONGRESS_DISTRICT_PERF>
</Performance_Institution>
<ProgramElement>
<Code>7412</Code>
<Text>Advanced Tech Education Prog</Text>
</ProgramElement>
<ProgramReference>
<Code>102Z</Code>
<Text>COVID-Disproportionate Impcts Inst-Indiv</Text>
</ProgramReference>
<ProgramReference>
<Code>1032</Code>
<Text>ADVANCED TECHNOLOGY EDUCATION</Text>
</ProgramReference>
<ProgramReference>
<Code>9178</Code>
<Text>UNDERGRADUATE EDUCATION</Text>
</ProgramReference>
<ProgramReference>
<Code>SMET</Code>
<Text>SCIENCE, MATH, ENG &amp; TECH EDUCATION</Text>
</ProgramReference>
<Appropriation>
<Code>0421</Code>
<Name>NSF Education &amp; Human Resource</Name>
<APP_SYMB_ID>040106</APP_SYMB_ID>
</Appropriation>
<Fund>
<Code>04002122DB</Code>
<Name><![CDATA[NSF Education & Human Resource]]></Name>
<FUND_SYMB_ID>040106</FUND_SYMB_ID>
</Fund>
<FUND_OBLG>2021~299974</FUND_OBLG>
</Award>
</rootTag>
