<?xml version="1.0" encoding="UTF-8"?>
<rootTag>
<Award>
<AwardTitle><![CDATA[Attracting the Next Generation Cybersecurity Workforce]]></AwardTitle>
<AGENCY>NSF</AGENCY>
<AwardEffectiveDate>10/15/2021</AwardEffectiveDate>
<AwardExpirationDate>09/30/2024</AwardExpirationDate>
<AwardTotalIntnAmount>598712.00</AwardTotalIntnAmount>
<AwardAmount>598712</AwardAmount>
<AwardInstrument>
<Value>Standard Grant</Value>
</AwardInstrument>
<Organization>
<Code>11040100</Code>
<Directorate>
<Abbreviation>EHR</Abbreviation>
<LongName>Direct For Education and Human Resources</LongName>
</Directorate>
<Division>
<Abbreviation>DUE</Abbreviation>
<LongName>Division Of Undergraduate Education</LongName>
</Division>
</Organization>
<ProgramOfficer>
<SignBlockName>Paul Tymann</SignBlockName>
<PO_EMAI>ptymann@nsf.gov</PO_EMAI>
<PO_PHON>7032922832</PO_PHON>
</ProgramOfficer>
<AbstractNarration><![CDATA[This project will address the well-documented need for skilled Cybersecurity technicians in the MetroWest and Greater Boston regions of Massachusetts. Moreover, the project team aims to increase the racial and gender diversity of the overall Cybersecurity workforce that will satisfy those local workforce demands. A replicable and sustainable educational ecosystem will be developed that will recruit, retain, and graduate students in the Cybersecurity program at MassBay Community College. Through collaborations with regional industry and high school partners, the program will encourage high school students to pursue degrees, and careers, in Cybersecurity. Retention efforts will ensure that students majoring in Cybersecurity achieve a mastery of the knowledge and the practical skills needed to meet industry expectations. Students will be provided with mentoring, career advice and support, and internship opportunities to ensure their success and entry into the Cybersecurity workforce. &lt;br/&gt;&lt;br/&gt;The educational experience provided by MassBay will be based on the development of a "Cyber Range," which is an Internet-based computer network platform that provides students with hands-on experience in Cybersecurity. Exercises will be developed to give high school and college students practical experiences in Cybersecurity. These exercises will be developed in collaboration with industry partners, using their security products, to provide students with real-world experiences in Cybersecurity. The project's Cyber Range will be used to create workshop activities for high school students, develop training materials to instruct and educate students to become peer-mentors, and offer train-the trainer workshops to high school teachers and MassBay faculty.  High schools, youth serving organizations, and industry partners will use the Cyber Range to host cyber competitions, hackathons, mentoring, and internships to make students aware of and motivate them to pursue degrees in Cybersecurity. This project is funded by the Advanced Technological Education program that focuses on the education of technicians for the advanced-technology fields that drive the nation's economy.&lt;br/&gt;&lt;br/&gt;This award reflects NSF's statutory mission and has been deemed worthy of support through evaluation using the Foundation's intellectual merit and broader impacts review criteria.]]></AbstractNarration>
<MinAmdLetterDate>07/15/2021</MinAmdLetterDate>
<MaxAmdLetterDate>07/15/2021</MaxAmdLetterDate>
<ARRAAmount/>
<TRAN_TYPE>Grant</TRAN_TYPE>
<CFDA_NUM>47.076</CFDA_NUM>
<NSF_PAR_USE_FLAG>1</NSF_PAR_USE_FLAG>
<FUND_AGCY_CODE>4900</FUND_AGCY_CODE>
<AWDG_AGCY_CODE>4900</AWDG_AGCY_CODE>
<AwardID>2100114</AwardID>
<Investigator>
<FirstName>Giuseppe</FirstName>
<LastName>Sena</LastName>
<PI_MID_INIT/>
<PI_SUFX_NAME/>
<PI_FULL_NAME>Giuseppe Sena</PI_FULL_NAME>
<EmailAddress><![CDATA[gsena@massbay.edu]]></EmailAddress>
<NSF_ID>000680142</NSF_ID>
<StartDate>07/15/2021</StartDate>
<EndDate/>
<RoleCode>Co-Principal Investigator</RoleCode>
</Investigator>
<Investigator>
<FirstName>Shamsi</FirstName>
<LastName>Moussavi</LastName>
<PI_MID_INIT/>
<PI_SUFX_NAME/>
<PI_FULL_NAME>Shamsi Moussavi</PI_FULL_NAME>
<EmailAddress><![CDATA[smoussavi@massbay.edu]]></EmailAddress>
<NSF_ID>000598061</NSF_ID>
<StartDate>07/15/2021</StartDate>
<EndDate/>
<RoleCode>Principal Investigator</RoleCode>
</Investigator>
<Institution>
<Name>Massachusetts Bay Community College</Name>
<CityName>WELLESLEY HILLS</CityName>
<ZipCode>024815307</ZipCode>
<PhoneNumber>7812393123</PhoneNumber>
<StreetAddress>50 OAKLAND ST</StreetAddress>
<StreetAddress2/>
<CountryName>United States</CountryName>
<StateName>Massachusetts</StateName>
<StateCode>MA</StateCode>
<CONGRESSDISTRICT>04</CONGRESSDISTRICT>
<CONGRESS_DISTRICT_ORG>MA04</CONGRESS_DISTRICT_ORG>
<ORG_UEI_NUM>HJWBSZRT1MA7</ORG_UEI_NUM>
<ORG_LGL_BUS_NAME>MASSACHUSETTS BAY COMMUNITY COLLEGE</ORG_LGL_BUS_NAME>
<ORG_PRNT_UEI_NUM/>
</Institution>
<Performance_Institution>
<Name><![CDATA[Massachusetts Bay Community College]]></Name>
<CityName>Wellesley Hills</CityName>
<StateCode>MA</StateCode>
<ZipCode>024815359</ZipCode>
<StreetAddress><![CDATA[50 Oakland St.]]></StreetAddress>
<CountryCode>US</CountryCode>
<CountryName>United States</CountryName>
<StateName>Massachusetts</StateName>
<CountryFlag>1</CountryFlag>
<CONGRESSDISTRICT>04</CONGRESSDISTRICT>
<CONGRESS_DISTRICT_PERF>MA04</CONGRESS_DISTRICT_PERF>
</Performance_Institution>
<ProgramElement>
<Code>7412</Code>
<Text>Advanced Tech Education Prog</Text>
</ProgramElement>
<ProgramReference>
<Code>102Z</Code>
<Text>COVID-Disproportionate Impcts Inst-Indiv</Text>
</ProgramReference>
<ProgramReference>
<Code>1032</Code>
<Text>ADVANCED TECHNOLOGY EDUCATION</Text>
</ProgramReference>
<ProgramReference>
<Code>9178</Code>
<Text>UNDERGRADUATE EDUCATION</Text>
</ProgramReference>
<ProgramReference>
<Code>SMET</Code>
<Text>SCIENCE, MATH, ENG &amp; TECH EDUCATION</Text>
</ProgramReference>
<Appropriation>
<Code>0421</Code>
<Name>NSF Education &amp; Human Resource</Name>
<APP_SYMB_ID>040106</APP_SYMB_ID>
</Appropriation>
<Fund>
<Code>04002122DB</Code>
<Name><![CDATA[NSF Education & Human Resource]]></Name>
<FUND_SYMB_ID>040106</FUND_SYMB_ID>
</Fund>
<FUND_OBLG>2021~598712</FUND_OBLG>
</Award>
</rootTag>
