<?xml version="1.0" encoding="UTF-8"?>
<rootTag>
<Award>
<AwardTitle><![CDATA[ASBMB Interactive Mentoring Activities for Grantsmanship Enhancement (IMAGE 2.0)]]></AwardTitle>
<AGENCY>NSF</AGENCY>
<AwardEffectiveDate>06/15/2022</AwardEffectiveDate>
<AwardExpirationDate>05/31/2027</AwardExpirationDate>
<AwardTotalIntnAmount>1000416.00</AwardTotalIntnAmount>
<AwardAmount>188029</AwardAmount>
<AwardInstrument>
<Value>Continuing Grant</Value>
</AwardInstrument>
<Organization>
<Code>08070000</Code>
<Directorate>
<Abbreviation>BIO</Abbreviation>
<LongName>Direct For Biological Sciences</LongName>
</Directorate>
<Division>
<Abbreviation>MCB</Abbreviation>
<LongName>Div Of Molecular and Cellular Bioscience</LongName>
</Division>
</Organization>
<ProgramOfficer>
<SignBlockName>Wilson Francisco</SignBlockName>
<PO_EMAI>wfrancis@nsf.gov</PO_EMAI>
<PO_PHON>7032927856</PO_PHON>
</ProgramOfficer>
<AbstractNarration><![CDATA[While data from the National Science Foundation (NSF) have demonstrated a doubling in the number of underrepresented minorities (URM) in science, technology, engineering, and mathematics (STEM) fields over the past three decades, the numbers of African Americans, Hispanic Americans, and Native Americans in these fields remain woefully below their representation in the US population. In 2018, only ~12% of doctoral degrees in STEM fields were conferred to URM, although they constitute ~30% of the US population. Similarly, over the past 20-years, the number of URM professors in chemistry or biology has hovered around 4%, despite myriad programs aimed at diversifying the STEM workforce. These data highlight the need for additional and novel strategies that target multiple points in the STEM pipeline. As one intervention to impact on the persistence of URM professors within the STEM, the American Society of Biochemistry and Molecular Biology (ASBMB) Minority Affairs Committee (MAC) has organized an annual workshop for early-career faculty and postdoctoral fellows that provides intensive mentoring on grant writing and career and professional development. The workshops, conducted yearly since 2013, have been well received among participants and participating mentors, and assessment metrics indicate that participants are two-fold more likely to obtain federal funding than closely matched comparison-group subjects who do not participate in the program.&lt;br/&gt;&lt;br/&gt;Strengthened by the experience gained over the past almost 10 years, an enhanced five-year Interactive Mentoring Activities for Grantsmanship Enhancement (IMAGE) Program – called IMAGE 2.0 – will serve a total of 120-150 participants. IMAGE 2.0 also includes, for the first time, activities for mid-career faculty from underrepresented ethnic groups, especially those who have encountered a persistent roadblock in their ability to maintain federal funding. Moreover, the program will conduct a longitudinal analysis of the effect of IMAGE by tracking previous participants through tenure and into their mid-careers. This tracking will inform on the impact of IMAGE in obtaining and sustaining funding and in acquiring tenure. Although the workshop will be the core of IMAGE 2.0, participants will be provided with year-long mentoring through communities of grant-writers. These communities will consist of participants and grant-writing mentors or participants and grant-writing coaches, and will convene virtually on a monthly basis. Grant-writing mentors will be content-competent and will provide periodic feedback on proposal development. Grant-writing coaches will be trained in culturally sensitive career coaching, and will motivate participants, help them develop and maintain a strong science identity, and coach them as they make major career decisions. These efforts will create a sense of belonging and accountability that will encourage participants to continue forward with their proposals through ultimate submission and also facilitate their persistence in their fields.&lt;br/&gt;&lt;br/&gt;This award reflects NSF's statutory mission and has been deemed worthy of support through evaluation using the Foundation's intellectual merit and broader impacts review criteria.]]></AbstractNarration>
<MinAmdLetterDate>06/10/2022</MinAmdLetterDate>
<MaxAmdLetterDate>06/10/2022</MaxAmdLetterDate>
<ARRAAmount/>
<TRAN_TYPE>Grant</TRAN_TYPE>
<CFDA_NUM>47.074</CFDA_NUM>
<NSF_PAR_USE_FLAG>1</NSF_PAR_USE_FLAG>
<FUND_AGCY_CODE>4900</FUND_AGCY_CODE>
<AWDG_AGCY_CODE>4900</AWDG_AGCY_CODE>
<AwardID>2100693</AwardID>
<Investigator>
<FirstName>Sonia</FirstName>
<LastName>Flores</LastName>
<PI_MID_INIT/>
<PI_SUFX_NAME/>
<PI_FULL_NAME>Sonia Flores</PI_FULL_NAME>
<EmailAddress><![CDATA[Sonia.flores@ucdenver.edu]]></EmailAddress>
<NSF_ID>000562415</NSF_ID>
<StartDate>06/10/2022</StartDate>
<EndDate/>
<RoleCode>Co-Principal Investigator</RoleCode>
</Investigator>
<Investigator>
<FirstName>Kayunta</FirstName>
<LastName>Johnson-Winters</LastName>
<PI_MID_INIT/>
<PI_SUFX_NAME/>
<PI_FULL_NAME>Kayunta Johnson-Winters</PI_FULL_NAME>
<EmailAddress><![CDATA[kayunta@uta.edu]]></EmailAddress>
<NSF_ID>000585319</NSF_ID>
<StartDate>06/10/2022</StartDate>
<EndDate/>
<RoleCode>Co-Principal Investigator</RoleCode>
</Investigator>
<Investigator>
<FirstName>Anna</FirstName>
<LastName>Woodcock</LastName>
<PI_MID_INIT/>
<PI_SUFX_NAME/>
<PI_FULL_NAME>Anna Woodcock</PI_FULL_NAME>
<EmailAddress><![CDATA[woodcock@csusm.edu]]></EmailAddress>
<NSF_ID>000623364</NSF_ID>
<StartDate>06/10/2022</StartDate>
<EndDate/>
<RoleCode>Co-Principal Investigator</RoleCode>
</Investigator>
<Investigator>
<FirstName>Squire</FirstName>
<LastName>Booker</LastName>
<PI_MID_INIT/>
<PI_SUFX_NAME/>
<PI_FULL_NAME>Squire Booker</PI_FULL_NAME>
<EmailAddress><![CDATA[squire@psu.edu]]></EmailAddress>
<NSF_ID>000662653</NSF_ID>
<StartDate>06/10/2022</StartDate>
<EndDate/>
<RoleCode>Principal Investigator</RoleCode>
</Investigator>
<Investigator>
<FirstName>Vahe</FirstName>
<LastName>Bandarian</LastName>
<PI_MID_INIT/>
<PI_SUFX_NAME/>
<PI_FULL_NAME>Vahe Bandarian</PI_FULL_NAME>
<EmailAddress><![CDATA[vahe@chem.utah.edu]]></EmailAddress>
<NSF_ID>000838579</NSF_ID>
<StartDate>06/10/2022</StartDate>
<EndDate/>
<RoleCode>Co-Principal Investigator</RoleCode>
</Investigator>
<Institution>
<Name>American Society for Biochemistry and Molecular Biology</Name>
<CityName>ROCKVILLE</CityName>
<ZipCode>208523178</ZipCode>
<PhoneNumber>2402836600</PhoneNumber>
<StreetAddress>11200 ROCKVILLE PIKE STE 302</StreetAddress>
<StreetAddress2/>
<CountryName>United States</CountryName>
<StateName>Maryland</StateName>
<StateCode>MD</StateCode>
<CONGRESSDISTRICT>08</CONGRESSDISTRICT>
<CONGRESS_DISTRICT_ORG>MD08</CONGRESS_DISTRICT_ORG>
<ORG_UEI_NUM>VFT8TXT2BN43</ORG_UEI_NUM>
<ORG_LGL_BUS_NAME>AMERICAN SOCIETY FOR BIOCHEMISTRY AND MOLECULAR BIOLOGY</ORG_LGL_BUS_NAME>
<ORG_PRNT_UEI_NUM>VFT8TXT2BN43</ORG_PRNT_UEI_NUM>
</Institution>
<Performance_Institution>
<Name><![CDATA[American Society for Biochemistry and Molecular Biology]]></Name>
<CityName>Rockville</CityName>
<StateCode>MD</StateCode>
<ZipCode>208523310</ZipCode>
<StreetAddress><![CDATA[11200 Rockville Pike]]></StreetAddress>
<CountryCode>US</CountryCode>
<CountryName>United States</CountryName>
<StateName>Maryland</StateName>
<CountryFlag>1</CountryFlag>
<CONGRESSDISTRICT>08</CONGRESSDISTRICT>
<CONGRESS_DISTRICT_PERF>MD08</CONGRESS_DISTRICT_PERF>
</Performance_Institution>
<ProgramElement>
<Code>1144</Code>
<Text>Molecular Biophysics</Text>
</ProgramElement>
<ProgramReference>
<Code>7465</Code>
<Text>NANOSCALE BIO CORE</Text>
</ProgramReference>
<Appropriation>
<Code/>
<Name/>
<APP_SYMB_ID/>
</Appropriation>
<Fund>
<Code>01002223DB</Code>
<Name><![CDATA[NSF RESEARCH & RELATED ACTIVIT]]></Name>
<FUND_SYMB_ID>040100</FUND_SYMB_ID>
</Fund>
<FUND_OBLG>2022~188029</FUND_OBLG>
</Award>
</rootTag>
