<?xml version="1.0" encoding="UTF-8"?>
<rootTag>
<Award>
<AwardTitle>RAPID: American Indian Authorities, Trust, and Collective Action during the Covid-19 Pandemic</AwardTitle>
<AGENCY>NSF</AGENCY>
<AwardEffectiveDate>12/01/2020</AwardEffectiveDate>
<AwardExpirationDate>11/30/2021</AwardExpirationDate>
<AwardTotalIntnAmount>187664.00</AwardTotalIntnAmount>
<AwardAmount>187664</AwardAmount>
<AwardInstrument>
<Value>Standard Grant</Value>
</AwardInstrument>
<Organization>
<Code>04050000</Code>
<Directorate>
<Abbreviation>SBE</Abbreviation>
<LongName>Direct For Social, Behav &amp; Economic Scie</LongName>
</Directorate>
<Division>
<Abbreviation>SES</Abbreviation>
<LongName>Divn Of Social and Economic Sciences</LongName>
</Division>
</Organization>
<ProgramOfficer>
<SignBlockName>Paul Huth</SignBlockName>
<PO_EMAI>phuth@nsf.gov</PO_EMAI>
<PO_PHON>7032922802</PO_PHON>
</ProgramOfficer>
<AbstractNarration>This project will determine how citizens react to and utilize information from different sources on public health policies to inform their individual decisions on responding to the COVID-19 pandemic. The project will provide systematic and rigorous evidence on how and why citizens’ perceptions of trust and legitimacy condition their response to different sources of information from authorities on public health policies. The results of this project will contribute to improving the understanding of how public and private authorities can build trust with citizens and communities through the information they provide on public health policies to combat COVID-19 and future public health crises.&lt;br/&gt;&lt;br/&gt;The research will use multi-wave, survey experiments on rural-based national and select state populations samples to examine which sources of information providing guidelines on public health policies are deemed trustworthy and legitimate by citizens. Those evaluations in turn will be examined to determine how they influence individual choices about compliance with lockdown orders and the use of vaccines when they become available. The findings of the project will advance basic research on the causes of collective action, the public’s reaction to and use of scientific information and expertise, the social determinants of improving public health policies, and the efficacy of different information strategies in times of crisis.&lt;br/&gt;&lt;br/&gt;This award reflects NSF's statutory mission and has been deemed worthy of support through evaluation using the Foundation's intellectual merit and broader impacts review criteria.</AbstractNarration>
<MinAmdLetterDate>12/02/2020</MinAmdLetterDate>
<MaxAmdLetterDate>05/21/2021</MaxAmdLetterDate>
<ARRAAmount/>
<TRAN_TYPE>Grant</TRAN_TYPE>
<CFDA_NUM>47.075</CFDA_NUM>
<NSF_PAR_USE_FLAG>1</NSF_PAR_USE_FLAG>
<FUND_AGCY_CODE>4900</FUND_AGCY_CODE>
<AWDG_AGCY_CODE>4900</AWDG_AGCY_CODE>
<AwardID>2100385</AwardID>
<Investigator>
<FirstName>Aila</FirstName>
<LastName>Matanock</LastName>
<PI_MID_INIT/>
<PI_SUFX_NAME/>
<PI_FULL_NAME>Aila Matanock</PI_FULL_NAME>
<EmailAddress>matanock@berkeley.edu</EmailAddress>
<PI_PHON>5106424683</PI_PHON>
<NSF_ID>000690196</NSF_ID>
<StartDate>12/02/2020</StartDate>
<EndDate/>
<RoleCode>Principal Investigator</RoleCode>
</Investigator>
<Institution>
<Name>University of California-Berkeley</Name>
<CityName>BERKELEY</CityName>
<ZipCode>947101749</ZipCode>
<PhoneNumber>5106433891</PhoneNumber>
<StreetAddress>1608 4TH ST STE 201</StreetAddress>
<StreetAddress2/>
<CountryName>United States</CountryName>
<StateName>California</StateName>
<StateCode>CA</StateCode>
<CONGRESSDISTRICT>13</CONGRESSDISTRICT>
<CONGRESS_DISTRICT_ORG>CA13</CONGRESS_DISTRICT_ORG>
<ORG_UEI_NUM>GS3YEVSS12N6</ORG_UEI_NUM>
<ORG_LGL_BUS_NAME>REGENTS OF THE UNIVERSITY OF CALIFORNIA, THE</ORG_LGL_BUS_NAME>
<ORG_PRNT_UEI_NUM>NUDGYLBB4S99</ORG_PRNT_UEI_NUM>
</Institution>
<Performance_Institution>
<Name><![CDATA[University of California-Berkeley]]></Name>
<CityName/>
<StateCode>CA</StateCode>
<ZipCode>947101749</ZipCode>
<StreetAddress/>
<CountryCode>US</CountryCode>
<CountryName>United States</CountryName>
<StateName>California</StateName>
<CountryFlag>1</CountryFlag>
<CONGRESSDISTRICT>13</CONGRESSDISTRICT>
<CONGRESS_DISTRICT_PERF>CA13</CONGRESS_DISTRICT_PERF>
</Performance_Institution>
<ProgramElement>
<Code>118Y</Code>
<Text>Security &amp; Preparedness</Text>
</ProgramElement>
<ProgramReference>
<Code>096Z</Code>
<Text>COVID-19 Research</Text>
</ProgramReference>
<ProgramReference>
<Code>7914</Code>
<Text>RAPID</Text>
</ProgramReference>
<Appropriation>
<Code>0121</Code>
<Name>NSF RESEARCH &amp; RELATED ACTIVIT</Name>
<APP_SYMB_ID>040100</APP_SYMB_ID>
</Appropriation>
<Fund>
<Code>01002122DB</Code>
<Name><![CDATA[NSF RESEARCH & RELATED ACTIVIT]]></Name>
<FUND_SYMB_ID>040100</FUND_SYMB_ID>
</Fund>
<FUND_OBLG>2021~187664</FUND_OBLG>
<POR>
<DRECONTENT><![CDATA[<div class="porColContainerWBG"> <div class="porContentCol"><p>The Covid-19 pandemic deeply affected many American Indian populations, both those living on tribal lands and off them, as some American Indian communities faced especially severe early waves of Covid-19, and, on tribal lands in particular, these communities also experienced an often-complex governance response. When receiving at times differing information and even responses from local, state, federal, and tribal governments, how do individuals respond, particular on issues requiring collective action such as following lockdown orders and receiving vaccines? This project theorizes that receiving, evaluating, and then acting on information&mdash;all crucial components of response&mdash;depends on citizen trust and belief in the legitimacy of the sources. This project provides systematic evidence on how citizens&rsquo; perceptions of different governance sources shape their responses.</p> <p>This project uses a multi-sample set of survey experiments across two waves to understand the response to the Covid-19 pandemic by under-surveyed American Indian population, both nationally and also with a focus on Arizona and New Mexico, including largely difficult to sample rural regions. It measures the effects of information and endorsement by various levels of government, together with measures of trust, on responses important for collective action outcomes related to Covid-19 but also governance more broadly.</p> <p>This project advances our understanding of legitimacy and its relationship to trust in government, as well as how citizens interpret and respond to information from different governance sources. This project provides insight into how citizen living under multiple authorities, even different sovereign governments, navigate and comply with high stakes decisions. Moreover, the project also speaks to better understanding an understudied population as well as how to garner collective action in American Indian communities. &nbsp;</p><br> <p>            Last Modified: 03/30/2022<br>      Modified by: Aila&nbsp;Matanock</p> </div> <div class="porSideCol"></div> </div>]]></DRECONTENT>
<POR_COPY_TXT><![CDATA[ The Covid-19 pandemic deeply affected many American Indian populations, both those living on tribal lands and off them, as some American Indian communities faced especially severe early waves of Covid-19, and, on tribal lands in particular, these communities also experienced an often-complex governance response. When receiving at times differing information and even responses from local, state, federal, and tribal governments, how do individuals respond, particular on issues requiring collective action such as following lockdown orders and receiving vaccines? This project theorizes that receiving, evaluating, and then acting on information&mdash;all crucial components of response&mdash;depends on citizen trust and belief in the legitimacy of the sources. This project provides systematic evidence on how citizens’ perceptions of different governance sources shape their responses.  This project uses a multi-sample set of survey experiments across two waves to understand the response to the Covid-19 pandemic by under-surveyed American Indian population, both nationally and also with a focus on Arizona and New Mexico, including largely difficult to sample rural regions. It measures the effects of information and endorsement by various levels of government, together with measures of trust, on responses important for collective action outcomes related to Covid-19 but also governance more broadly.  This project advances our understanding of legitimacy and its relationship to trust in government, as well as how citizens interpret and respond to information from different governance sources. This project provides insight into how citizen living under multiple authorities, even different sovereign governments, navigate and comply with high stakes decisions. Moreover, the project also speaks to better understanding an understudied population as well as how to garner collective action in American Indian communities.         Last Modified: 03/30/2022       Submitted by: Aila Matanock]]></POR_COPY_TXT>
</POR>
</Award>
</rootTag>
