<?xml version="1.0" encoding="UTF-8"?>
<rootTag>
<Award>
<AwardTitle>Dual Cooperative Catalysis by Group 4 Metals and Cr</AwardTitle>
<AGENCY>NSF</AGENCY>
<AwardEffectiveDate>06/01/2021</AwardEffectiveDate>
<AwardExpirationDate>05/31/2024</AwardExpirationDate>
<AwardTotalIntnAmount>480000.00</AwardTotalIntnAmount>
<AwardAmount>480000</AwardAmount>
<AwardInstrument>
<Value>Standard Grant</Value>
</AwardInstrument>
<Organization>
<Code>03090000</Code>
<Directorate>
<Abbreviation>MPS</Abbreviation>
<LongName>Direct For Mathematical &amp; Physical Scien</LongName>
</Directorate>
<Division>
<Abbreviation>CHE</Abbreviation>
<LongName>Division Of Chemistry</LongName>
</Division>
</Organization>
<ProgramOfficer>
<SignBlockName>Richard Johnson</SignBlockName>
<PO_EMAI>ricjohns@nsf.gov</PO_EMAI>
<PO_PHON>7032928840</PO_PHON>
</ProgramOfficer>
<AbstractNarration>In this project, funded by the Chemical Structure, Dynamics, &amp; Mechanisms B Program of the National Science Foundation, the research team at Columbia University led by Professor Jack R. Norton will explore fundamental issues in organometallic chemistry and develop green catalysis for the synthesis of value-added chemicals. They will use inexpensive and abundant Group IV metals such as titanium, in combination with other transition metals, to cooperatively activate and transform dihydrogen gas—one of the cleanest and most economical chemical sources. This project involves a mixture of inorganic, organometallic, and organic chemistry, and therefore offers an interdisciplinary environment for training early career scientists. Students in the Norton research group are encouraged to interact with both academic and industrial scientists, to prepare themselves for careers in either professional sector.&lt;br/&gt;&lt;br/&gt;The project will address four important issues in organometallic and organic chemistry: (1) it will develop more efficient bimetallic catalysts for the preparation of a class of primary alcohols (those with unbranched structures) that are of special importance; (2) it will explore the replacement of the cyclopentadienyl ligands in the Ti part of these catalysts with less expensive and more readily available alkoxy ligands; (3) it will try to apply these bimetallic catalysts in radical cyclizations for the construction of polycyclic scaffolds in natural products; (4) it will determine whether the proton cleavage of Group IV metal-carbon bonds in O– and N–containing complexes involves a proton relay mechanism. This project involves a mixture of inorganic, organometallic, and organic chemistry, and therefore offers an interdisciplinary environment for training early career scientists.  The PI has an outstanding record of training early career scientists, and is engaged in standing up a web site that offers examples of kinetics problems the group has utilized through the years as a pedagogical tool for the community.&lt;br/&gt;&lt;br/&gt;This award reflects NSF's statutory mission and has been deemed worthy of support through evaluation using the Foundation's intellectual merit and broader impacts review criteria.</AbstractNarration>
<MinAmdLetterDate>04/26/2021</MinAmdLetterDate>
<MaxAmdLetterDate>04/26/2021</MaxAmdLetterDate>
<ARRAAmount/>
<TRAN_TYPE>Grant</TRAN_TYPE>
<CFDA_NUM>47.049</CFDA_NUM>
<NSF_PAR_USE_FLAG>1</NSF_PAR_USE_FLAG>
<FUND_AGCY_CODE>4900</FUND_AGCY_CODE>
<AWDG_AGCY_CODE>4900</AWDG_AGCY_CODE>
<AwardID>2100514</AwardID>
<Investigator>
<FirstName>Jack</FirstName>
<LastName>Norton</LastName>
<PI_MID_INIT>R</PI_MID_INIT>
<PI_SUFX_NAME/>
<PI_FULL_NAME>Jack R Norton</PI_FULL_NAME>
<EmailAddress>jrn11@columbia.edu</EmailAddress>
<PI_PHON>2128547644</PI_PHON>
<NSF_ID>000375521</NSF_ID>
<StartDate>04/26/2021</StartDate>
<EndDate/>
<RoleCode>Principal Investigator</RoleCode>
</Investigator>
<Institution>
<Name>Columbia University</Name>
<CityName>NEW YORK</CityName>
<ZipCode>10027</ZipCode>
<PhoneNumber>2128546851</PhoneNumber>
<StreetAddress>202 LOW LIBRARY 535 W 116 ST MC</StreetAddress>
<StreetAddress2/>
<CountryName>United States</CountryName>
<StateName>New York</StateName>
<StateCode>NY</StateCode>
<CONGRESSDISTRICT>10</CONGRESSDISTRICT>
<CONGRESS_DISTRICT_ORG>NY10</CONGRESS_DISTRICT_ORG>
<ORG_UEI_NUM>F4N1QNPB95M4</ORG_UEI_NUM>
<ORG_LGL_BUS_NAME>TRUSTEES OF COLUMBIA UNIVERSITY IN THE CITY OF NEW YORK, THE</ORG_LGL_BUS_NAME>
<ORG_PRNT_UEI_NUM>F4N1QNPB95M4</ORG_PRNT_UEI_NUM>
</Institution>
<Performance_Institution>
<Name><![CDATA[Columbia University]]></Name>
<CityName>New York</CityName>
<StateCode>NY</StateCode>
<ZipCode>100276902</ZipCode>
<StreetAddress><![CDATA[2960 Broadway]]></StreetAddress>
<CountryCode>US</CountryCode>
<CountryName>United States</CountryName>
<StateName>New York</StateName>
<CountryFlag>1</CountryFlag>
<CONGRESSDISTRICT>10</CONGRESSDISTRICT>
<CONGRESS_DISTRICT_PERF>NY10</CONGRESS_DISTRICT_PERF>
</Performance_Institution>
<ProgramElement>
<Code>9102</Code>
<Text>Chem Struct,Dynmcs&amp;Mechansms B</Text>
</ProgramElement>
<ProgramReference>
<Code>8037</Code>
<Text>Advanced Manufacturing</Text>
</ProgramReference>
<ProgramReference>
<Code>8396</Code>
<Text>Clean Energy Technology</Text>
</ProgramReference>
<ProgramReference>
<Code>8398</Code>
<Text>Hydrocarbon Conversion</Text>
</ProgramReference>
<Appropriation>
<Code>0121</Code>
<Name>NSF RESEARCH &amp; RELATED ACTIVIT</Name>
<APP_SYMB_ID>040100</APP_SYMB_ID>
</Appropriation>
<Fund>
<Code>01002122DB</Code>
<Name><![CDATA[NSF RESEARCH & RELATED ACTIVIT]]></Name>
<FUND_SYMB_ID>040100</FUND_SYMB_ID>
</Fund>
<FUND_OBLG>2021~480000</FUND_OBLG>
</Award>
</rootTag>
