<?xml version="1.0" encoding="UTF-8"?>
<rootTag>
<Award>
<AwardTitle><![CDATA[Developing and Implementing Hybrid Instruction to Increase the Access of Women and Adult Learners to Diesel Technology Training]]></AwardTitle>
<AGENCY>NSF</AGENCY>
<AwardEffectiveDate>06/01/2021</AwardEffectiveDate>
<AwardExpirationDate>05/31/2024</AwardExpirationDate>
<AwardTotalIntnAmount>279336.00</AwardTotalIntnAmount>
<AwardAmount>279336</AwardAmount>
<AwardInstrument>
<Value>Standard Grant</Value>
</AwardInstrument>
<Organization>
<Code>11040100</Code>
<Directorate>
<Abbreviation>EHR</Abbreviation>
<LongName>Direct For Education and Human Resources</LongName>
</Directorate>
<Division>
<Abbreviation>DUE</Abbreviation>
<LongName>Division Of Undergraduate Education</LongName>
</Division>
</Organization>
<ProgramOfficer>
<SignBlockName>Michael Davis</SignBlockName>
<PO_EMAI>mdavis@nsf.gov</PO_EMAI>
<PO_PHON>7032927166</PO_PHON>
</ProgramOfficer>
<AbstractNarration><![CDATA[The Alabama Department of Labor has identified Diesel Technicians as a high demand occupation and estimates that 3000 technicians will be hired over the next six years.  Wallace State Community College will help to meet this need by revising and enhancing its Diesel Technician program to align with industrial needs and to put students on the path to quickly earn a credential that will result in employment.  The college will leverage partnerships to build new virtual training opportunities that will make the program more accessible to students who need flexible learning options.  An additional partnership with the National Institute of Women in Trades, Technology, and Sciences will increase the diversity of students entering the Diesel Technology program, ultimately providing more opportunities and jobs for women and adult learners.  This project has the potential to establish a pathway to employment for individuals in communities that have been disproportionately impacted by the COVID-19 pandemic in Alabama. In addition, the project can decrease the potential negative impacts on supply-chain logistics that heavily rely on diesel technology for the transportation of groceries and farming supplies.&lt;br/&gt;&lt;br/&gt;The revised Diesel Technician program will be designed to (1) improve student learning outcomes by aligning the curriculum with National Automotive Technicians Education Foundation standards, (2) implement a hybrid online content delivery model that will enable students to complete up to 75% of their coursework from remote locations, and (3) increase the number of graduates who are women and/or from populations that are not yet equitably represented in diesel technology fields.  A Diesel Technology Business and Industry Leadership Team will work with college faculty to align the curriculum with the needs of employers.  Students enrolled in the program will use virtual reality training to give them access to on-the-job training that would otherwise take place in a technical workshop.  A digital coach in the virtual training modules will provide immediate feedback through Conversational Artificial Intelligence.  Information gathered from this project will be shared and replicated among ten Wallace State STEM Career and Technical Education workforce programs.  This project is funded by the Advanced Technological Education program that focuses on the education of technicians for the advanced-technology fields that drive the nation's economy.&lt;br/&gt;&lt;br/&gt;This award reflects NSF's statutory mission and has been deemed worthy of support through evaluation using the Foundation's intellectual merit and broader impacts review criteria.]]></AbstractNarration>
<MinAmdLetterDate>04/06/2021</MinAmdLetterDate>
<MaxAmdLetterDate>04/06/2021</MaxAmdLetterDate>
<ARRAAmount/>
<TRAN_TYPE>Grant</TRAN_TYPE>
<CFDA_NUM>47.076</CFDA_NUM>
<NSF_PAR_USE_FLAG>1</NSF_PAR_USE_FLAG>
<FUND_AGCY_CODE>4900</FUND_AGCY_CODE>
<AWDG_AGCY_CODE>4900</AWDG_AGCY_CODE>
<AwardID>2100297</AwardID>
<Investigator>
<FirstName>Jeremy</FirstName>
<LastName>Smith</LastName>
<PI_MID_INIT/>
<PI_SUFX_NAME/>
<PI_FULL_NAME>Jeremy Smith</PI_FULL_NAME>
<EmailAddress><![CDATA[jeremy.smith@wallacestate.edu]]></EmailAddress>
<NSF_ID>000837165</NSF_ID>
<StartDate>04/06/2021</StartDate>
<EndDate/>
<RoleCode>Principal Investigator</RoleCode>
</Investigator>
<Institution>
<Name>George C. Wallace State Community College-Hanceville</Name>
<CityName>HANCEVILLE</CityName>
<ZipCode>350775462</ZipCode>
<PhoneNumber>2563528144</PhoneNumber>
<StreetAddress>801 MAIN ST NW</StreetAddress>
<StreetAddress2/>
<CountryName>United States</CountryName>
<StateName>Alabama</StateName>
<StateCode>AL</StateCode>
<CONGRESSDISTRICT>04</CONGRESSDISTRICT>
<CONGRESS_DISTRICT_ORG>AL04</CONGRESS_DISTRICT_ORG>
<ORG_UEI_NUM>WM9JND4S9LC5</ORG_UEI_NUM>
<ORG_LGL_BUS_NAME>WALLACE STATE COMMUNITY COLLEGE</ORG_LGL_BUS_NAME>
<ORG_PRNT_UEI_NUM>HPVMN6F4P7J7</ORG_PRNT_UEI_NUM>
</Institution>
<Performance_Institution>
<Name><![CDATA[George C. Wallace State Community College-Hanceville]]></Name>
<CityName>Hanceville</CityName>
<StateCode>AL</StateCode>
<ZipCode>350772000</ZipCode>
<StreetAddress><![CDATA[801 Main Street NW]]></StreetAddress>
<CountryCode>US</CountryCode>
<CountryName>United States</CountryName>
<StateName>Alabama</StateName>
<CountryFlag>1</CountryFlag>
<CONGRESSDISTRICT>04</CONGRESSDISTRICT>
<CONGRESS_DISTRICT_PERF>AL04</CONGRESS_DISTRICT_PERF>
</Performance_Institution>
<ProgramElement>
<Code>7412</Code>
<Text>Advanced Tech Education Prog</Text>
</ProgramElement>
<ProgramReference>
<Code>102Z</Code>
<Text>COVID-Disproportionate Impcts Inst-Indiv</Text>
</ProgramReference>
<ProgramReference>
<Code>1032</Code>
<Text>ADVANCED TECHNOLOGY EDUCATION</Text>
</ProgramReference>
<ProgramReference>
<Code>9150</Code>
<Text>EXP PROG TO STIM COMP RES</Text>
</ProgramReference>
<ProgramReference>
<Code>9178</Code>
<Text>UNDERGRADUATE EDUCATION</Text>
</ProgramReference>
<ProgramReference>
<Code>SMET</Code>
<Text>SCIENCE, MATH, ENG &amp; TECH EDUCATION</Text>
</ProgramReference>
<Appropriation>
<Code>0421</Code>
<Name>NSF Education &amp; Human Resource</Name>
<APP_SYMB_ID>040106</APP_SYMB_ID>
</Appropriation>
<Fund>
<Code>04002122DB</Code>
<Name><![CDATA[NSF Education & Human Resource]]></Name>
<FUND_SYMB_ID>040106</FUND_SYMB_ID>
</Fund>
<FUND_OBLG>2021~279336</FUND_OBLG>
</Award>
</rootTag>
