<?xml version="1.0" encoding="UTF-8"?>
<rootTag>
<Award>
<AwardTitle>Outgoing IAA - Data purchase of special tabulations of Occupational Employment Statistics Survey data from the Bureau of Labor Statistics</AwardTitle>
<AGENCY>NSF</AGENCY>
<AwardEffectiveDate>11/01/2020</AwardEffectiveDate>
<AwardExpirationDate>11/01/2021</AwardExpirationDate>
<AwardTotalIntnAmount>413000.00</AwardTotalIntnAmount>
<AwardAmount>413000</AwardAmount>
<AwardInstrument>
<Value>Contract Interagency Agreement</Value>
</AwardInstrument>
<Organization>
<Code>04030000</Code>
<Directorate>
<Abbreviation>SBE</Abbreviation>
<LongName>Direct For Social, Behav &amp; Economic Scie</LongName>
</Directorate>
<Division>
<Abbreviation>NCSE</Abbreviation>
<LongName>National Center For S&amp;E Statistics</LongName>
</Division>
</Organization>
<ProgramOfficer>
<SignBlockName>Abigail Okrent</SignBlockName>
<PO_EMAI/>
<PO_PHON/>
</ProgramOfficer>
<AbstractNarration/>
<MinAmdLetterDate>10/23/2020</MinAmdLetterDate>
<MaxAmdLetterDate>10/23/2020</MaxAmdLetterDate>
<ARRAAmount/>
<TRAN_TYPE>Grant</TRAN_TYPE>
<CFDA_NUM>47.075</CFDA_NUM>
<NSF_PAR_USE_FLAG>1</NSF_PAR_USE_FLAG>
<FUND_AGCY_CODE>4900</FUND_AGCY_CODE>
<AWDG_AGCY_CODE>4900</AWDG_AGCY_CODE>
<AwardID>2100427</AwardID>
<Investigator>
<FirstName>Jeffrey</FirstName>
<LastName>Malcom</LastName>
<PI_MID_INIT/>
<PI_SUFX_NAME/>
<PI_FULL_NAME>Jeffrey Malcom</PI_FULL_NAME>
<EmailAddress>malcom.jeffrey@bls.gov</EmailAddress>
<PI_PHON>2026915285</PI_PHON>
<NSF_ID>000789464</NSF_ID>
<StartDate>10/23/2020</StartDate>
<EndDate/>
<RoleCode>Principal Investigator</RoleCode>
</Investigator>
<Institution>
<Name>Department of Labor Bureau of Labor Statistics</Name>
<CityName>Washington</CityName>
<ZipCode>20212</ZipCode>
<PhoneNumber/>
<StreetAddress/>
<StreetAddress2/>
<CountryName>United States</CountryName>
<StateName>District of Columbia</StateName>
<StateCode>DC</StateCode>
<CONGRESSDISTRICT>00</CONGRESSDISTRICT>
<CONGRESS_DISTRICT_ORG>DC00</CONGRESS_DISTRICT_ORG>
<ORG_UEI_NUM/>
<ORG_LGL_BUS_NAME/>
<ORG_PRNT_UEI_NUM/>
</Institution>
<Performance_Institution>
<Name/>
<CityName/>
<StateCode/>
<ZipCode/>
<StreetAddress/>
<CountryCode/>
<CountryName>RI REQUIRED</CountryName>
<StateName>RI REQUIRED</StateName>
<CountryFlag>0</CountryFlag>
<CONGRESSDISTRICT/>
<CONGRESS_DISTRICT_PERF>""</CONGRESS_DISTRICT_PERF>
</Performance_Institution>
<ProgramElement>
<Code>8804</Code>
<Text>S&amp;E Indicators</Text>
</ProgramElement>
<Appropriation>
<Code>0121</Code>
<Name>NSF RESEARCH &amp; RELATED ACTIVIT</Name>
<APP_SYMB_ID>040100</APP_SYMB_ID>
</Appropriation>
<Fund>
<Code>01002122DB</Code>
<Name><![CDATA[NSF RESEARCH & RELATED ACTIVIT]]></Name>
<FUND_SYMB_ID>040100</FUND_SYMB_ID>
</Fund>
<FUND_OBLG>2021~413000</FUND_OBLG>
</Award>
</rootTag>
