<?xml version="1.0" encoding="UTF-8"?>
<rootTag>
<Award>
<AwardTitle>Collaborative Research:Beyond Representation: Adversity Experiences on STEM Motivation, Performance, and Persistence</AwardTitle>
<AGENCY>NSF</AGENCY>
<AwardEffectiveDate>08/15/2021</AwardEffectiveDate>
<AwardExpirationDate>07/31/2024</AwardExpirationDate>
<AwardTotalIntnAmount>38060.00</AwardTotalIntnAmount>
<AwardAmount>38060</AwardAmount>
<AwardInstrument>
<Value>Standard Grant</Value>
</AwardInstrument>
<Organization>
<Code>11060000</Code>
<Directorate>
<Abbreviation>EHR</Abbreviation>
<LongName>Direct For Education and Human Resources</LongName>
</Directorate>
<Division>
<Abbreviation>HRD</Abbreviation>
<LongName>Division Of Human Resource Development</LongName>
</Division>
</Organization>
<ProgramOfficer>
<SignBlockName>Jeremy Guinn</SignBlockName>
<PO_EMAI>jguinn@nsf.gov</PO_EMAI>
<PO_PHON>7032928193</PO_PHON>
</ProgramOfficer>
<AbstractNarration>Understanding the impact of adversity experiences on STEM persistence and performance is significant to broaden participation of individuals from groups that have been traditionally underrepresented. Researchers at Georgia State University and Pennsylvania State University aim to study the effects of adversity experiences on student motivation to pursue STEM majors and student persistence and performance in STEM degree programs. The project aims to develop and use a model that predicts how different sources of adversity affect STEM motivation, persistence, and performance. This project aligns with the EHR Core Research program’s goal of addressing challenges in STEM interest, learning, and participation.&lt;br/&gt;&lt;br/&gt;The longitudinal study will include surveys of 1000 first-time, first-year STEM majors enrolled in introductory Chemistry and Psychology courses at two large minority-serving and economically diverse public research institutions. The project aims to produce adversity profiles, derived from Latent Profile Analysis, that will guide investigations of links among adversity, motivation, and decisions to remain in STEM fields. The project seeks to identify patterns of adversity and determine which profiles have the strongest association with STEM persistence and achievement, examine how longitudinal patterns in motivation and performance operate as a function of adversity, and determine how adversity profiles and adversity levels change over time. Demographic differences and differences between STEM departments and universities will be examined. This project seeks to advance knowledge about adversity experiences’ impact on STEM motivation that may be used to develop interventions that target students whose STEM motivation and performance are inhibited by multidimensional adversity. The project is funded by the EHR Core Research program that supports fundamental research focused on STEM learning and learning environments, broadening participation in STEM, and STEM professional workforce development.&lt;br/&gt;&lt;br/&gt;This award reflects NSF's statutory mission and has been deemed worthy of support through evaluation using the Foundation's intellectual merit and broader impacts review criteria.</AbstractNarration>
<MinAmdLetterDate>08/05/2021</MinAmdLetterDate>
<MaxAmdLetterDate>08/05/2021</MaxAmdLetterDate>
<ARRAAmount/>
<TRAN_TYPE>Grant</TRAN_TYPE>
<CFDA_NUM>47.076</CFDA_NUM>
<NSF_PAR_USE_FLAG>1</NSF_PAR_USE_FLAG>
<FUND_AGCY_CODE>4900</FUND_AGCY_CODE>
<AWDG_AGCY_CODE>4900</AWDG_AGCY_CODE>
<AwardID>2100283</AwardID>
<Investigator>
<FirstName>Jonathan</FirstName>
<LastName>Cook</LastName>
<PI_MID_INIT>E</PI_MID_INIT>
<PI_SUFX_NAME/>
<PI_FULL_NAME>Jonathan E Cook</PI_FULL_NAME>
<EmailAddress>jecook@psu.edu</EmailAddress>
<PI_PHON>8148674837</PI_PHON>
<NSF_ID>000580714</NSF_ID>
<StartDate>08/05/2021</StartDate>
<EndDate/>
<RoleCode>Principal Investigator</RoleCode>
</Investigator>
<Institution>
<Name>Pennsylvania State Univ University Park</Name>
<CityName>University Park</CityName>
<ZipCode>168021503</ZipCode>
<PhoneNumber>8148651372</PhoneNumber>
<StreetAddress>201 Old Main</StreetAddress>
<StreetAddress2/>
<CountryName>United States</CountryName>
<StateName>Pennsylvania</StateName>
<StateCode>PA</StateCode>
<CONGRESSDISTRICT>12</CONGRESSDISTRICT>
<CONGRESS_DISTRICT_ORG>PA12</CONGRESS_DISTRICT_ORG>
<ORG_UEI_NUM>NPM2J7MSCF61</ORG_UEI_NUM>
<ORG_LGL_BUS_NAME>PENNSYLVANIA STATE UNIVERSITY, THE</ORG_LGL_BUS_NAME>
<ORG_PRNT_UEI_NUM>NPM2J7MSCF61</ORG_PRNT_UEI_NUM>
</Institution>
<Performance_Institution>
<Name><![CDATA[The Pennsylvania State University]]></Name>
<CityName>University Park</CityName>
<StateCode>PA</StateCode>
<ZipCode>168021503</ZipCode>
<StreetAddress><![CDATA[110 Technology Center]]></StreetAddress>
<CountryCode>US</CountryCode>
<CountryName>United States</CountryName>
<StateName>Pennsylvania</StateName>
<CountryFlag>1</CountryFlag>
<CONGRESSDISTRICT>12</CONGRESSDISTRICT>
<CONGRESS_DISTRICT_PERF>PA12</CONGRESS_DISTRICT_PERF>
</Performance_Institution>
<ProgramElement>
<Code>7980</Code>
<Text>ECR-EHR Core Research</Text>
</ProgramElement>
<ProgramReference>
<Code>8212</Code>
<Text>Broaden Particip STEM Resrch</Text>
</ProgramReference>
<Appropriation>
<Code>0421</Code>
<Name>NSF Education &amp; Human Resource</Name>
<APP_SYMB_ID>040106</APP_SYMB_ID>
</Appropriation>
<Fund>
<Code>04002122DB</Code>
<Name><![CDATA[NSF Education & Human Resource]]></Name>
<FUND_SYMB_ID>040106</FUND_SYMB_ID>
</Fund>
<FUND_OBLG>2021~38060</FUND_OBLG>
</Award>
</rootTag>
