<?xml version="1.0" encoding="UTF-8"?>
<rootTag>
<Award>
<AwardTitle>Catalyst Award: Nuclear Science at Virginia State University, Building Connections to FRIB Science</AwardTitle>
<AGENCY>NSF</AGENCY>
<AwardEffectiveDate>08/15/2021</AwardEffectiveDate>
<AwardExpirationDate>07/31/2023</AwardExpirationDate>
<AwardTotalIntnAmount>150000.00</AwardTotalIntnAmount>
<AwardAmount>150000</AwardAmount>
<AwardInstrument>
<Value>Standard Grant</Value>
</AwardInstrument>
<Organization>
<Code>11060000</Code>
<Directorate>
<Abbreviation>EHR</Abbreviation>
<LongName>Direct For Education and Human Resources</LongName>
</Directorate>
<Division>
<Abbreviation>HRD</Abbreviation>
<LongName>Division Of Human Resource Development</LongName>
</Division>
</Organization>
<ProgramOfficer>
<SignBlockName>Leroy Jones II</SignBlockName>
<PO_EMAI>ljones@nsf.gov</PO_EMAI>
<PO_PHON>7032924684</PO_PHON>
</ProgramOfficer>
<AbstractNarration>Catalyst Projects provide support for Historically Black Colleges and Universities (HBCU) to work towards establishing research capacity of faculty to strengthen science, technology, engineering and mathematics undergraduate education and research. It is expected that the award will further the faculty member's research capability, improve research and teaching at the institution and involve undergraduate students in research experiences. The project at Tennessee State University seeks to establish a nuclear science research group that will investigate neutron-unbound states of oxygen isotopes at the Facility for Rare Isotope Beams (FRIB) at Michigan State University.&lt;br/&gt;&lt;br/&gt;This proposed work focuses on two areas: (1) analysis of data from past measurements performed with the MoNA (the Modular Neutron Array) Collaboration at National Superconducting Cyclotron Laboratory (NSCL) and (2) the development of a new segmented target to probe the structure of neutron rich nuclei. The former (1) will examine past measurements of various decay channels in order to extract information about the 27O level structure. It will involve computer programming to analyze and visualize the data as well as perform simulations using the GEANT4 toolkit to interpret the results. This data set was recorded during the first experiment to utilize a new segmented target designed to increase statistics for Radioactive Isotope Beam (RIB) experiments to study neutron-unbound systems using the invariant mass spectroscopy technique. The latter (2) will help inform the design, testing and construction of an upgraded target system, the Multilayered Active target for MoNA Experiments (MAME), that will use a gas electron multiplier (GEM) based detector to track the outgoing reaction and decay fragments. A GEANT4 simulation will be developed as part of the design process and for use in the data analysis of future experiments that will use MAME. The resulting device will provide a new tool for measuring neutron-unbound systems thus contributing to the ongoing investigation of the rich structure of atomic nuclei.&lt;br/&gt;&lt;br/&gt;This award reflects NSF's statutory mission and has been deemed worthy of support through evaluation using the Foundation's intellectual merit and broader impacts review criteria.</AbstractNarration>
<MinAmdLetterDate>04/20/2021</MinAmdLetterDate>
<MaxAmdLetterDate>04/20/2021</MaxAmdLetterDate>
<ARRAAmount/>
<TRAN_TYPE>Grant</TRAN_TYPE>
<CFDA_NUM>47.076</CFDA_NUM>
<NSF_PAR_USE_FLAG>1</NSF_PAR_USE_FLAG>
<FUND_AGCY_CODE>4900</FUND_AGCY_CODE>
<AWDG_AGCY_CODE>4900</AWDG_AGCY_CODE>
<AwardID>2100969</AwardID>
<Investigator>
<FirstName>Thomas</FirstName>
<LastName>Redpath</LastName>
<PI_MID_INIT>H</PI_MID_INIT>
<PI_SUFX_NAME/>
<PI_FULL_NAME>Thomas H Redpath</PI_FULL_NAME>
<EmailAddress>redpath@nscl.msu.edu</EmailAddress>
<PI_PHON>4342429852</PI_PHON>
<NSF_ID>000833476</NSF_ID>
<StartDate>04/20/2021</StartDate>
<EndDate/>
<RoleCode>Principal Investigator</RoleCode>
</Investigator>
<Institution>
<Name>Virginia State University</Name>
<CityName>Petersburg</CityName>
<ZipCode>238062520</ZipCode>
<PhoneNumber>8045246987</PhoneNumber>
<StreetAddress>1 HAYDEN DR</StreetAddress>
<StreetAddress2/>
<CountryName>United States</CountryName>
<StateName>Virginia</StateName>
<StateCode>VA</StateCode>
<CONGRESSDISTRICT>04</CONGRESSDISTRICT>
<CONGRESS_DISTRICT_ORG>VA04</CONGRESS_DISTRICT_ORG>
<ORG_UEI_NUM>VKZLFK6M5DD3</ORG_UEI_NUM>
<ORG_LGL_BUS_NAME>VIRGINIA STATE UNIVERSITY</ORG_LGL_BUS_NAME>
<ORG_PRNT_UEI_NUM>VKZLFK6M5DD3</ORG_PRNT_UEI_NUM>
</Institution>
<Performance_Institution>
<Name><![CDATA[Virginia State University]]></Name>
<CityName/>
<StateCode>VA</StateCode>
<ZipCode>238032520</ZipCode>
<StreetAddress/>
<CountryCode>US</CountryCode>
<CountryName>United States</CountryName>
<StateName>Virginia</StateName>
<CountryFlag>1</CountryFlag>
<CONGRESSDISTRICT>04</CONGRESSDISTRICT>
<CONGRESS_DISTRICT_PERF>VA04</CONGRESS_DISTRICT_PERF>
</Performance_Institution>
<ProgramElement>
<Code>1594</Code>
<Text>Hist Black Colleges and Univ</Text>
</ProgramElement>
<ProgramReference>
<Code>9178</Code>
<Text>UNDERGRADUATE EDUCATION</Text>
</ProgramReference>
<Appropriation>
<Code>0421</Code>
<Name>NSF Education &amp; Human Resource</Name>
<APP_SYMB_ID>040106</APP_SYMB_ID>
</Appropriation>
<Fund>
<Code>04002122DB</Code>
<Name><![CDATA[NSF Education & Human Resource]]></Name>
<FUND_SYMB_ID>040106</FUND_SYMB_ID>
</Fund>
<FUND_OBLG>2021~150000</FUND_OBLG>
</Award>
</rootTag>
