<?xml version="1.0" encoding="UTF-8"?>
<rootTag>
<Award>
<AwardTitle><![CDATA[Disentangling the developmental drivers of behavioral individuality using a clonal fish]]></AwardTitle>
<AGENCY>NSF</AGENCY>
<AwardEffectiveDate>09/01/2021</AwardEffectiveDate>
<AwardExpirationDate>08/31/2024</AwardExpirationDate>
<AwardTotalIntnAmount>1129975.00</AwardTotalIntnAmount>
<AwardAmount>1129975</AwardAmount>
<AwardInstrument>
<Value>Standard Grant</Value>
</AwardInstrument>
<Organization>
<Code>08090000</Code>
<Directorate>
<Abbreviation>BIO</Abbreviation>
<LongName>Direct For Biological Sciences</LongName>
</Directorate>
<Division>
<Abbreviation>IOS</Abbreviation>
<LongName>Division Of Integrative Organismal Systems</LongName>
</Division>
</Organization>
<ProgramOfficer>
<SignBlockName>Colette St. Mary</SignBlockName>
<PO_EMAI>cstmary@nsf.gov</PO_EMAI>
<PO_PHON>7032924332</PO_PHON>
</ProgramOfficer>
<AbstractNarration><![CDATA[The goal of this proposal is to understand how individuality develops and investigate the molecular and neurological mechanisms underlying individual variation. You are unique, as is everyone else. This age-old adage captures a very real biological phenomenon: across the animal kingdom, individuals exhibit distinctive patterns of behavior, similar to personality in humans. However, despite its prevalence we still have a limited understanding of how and why behavioral individuality emerges. Information integration theory predicts how animals will use information and experiences to shape their behavior over their lifetimes, but this is often difficult to test empirically, in part because the vast majority of individuals are also genetically distinct. This project exploits a naturally clonal fish, the Amazon molly, to isolate the effects of experience on behavior and pinpoint the molecular mechanisms generating these changes. An innovative tracking system will follow the behavior of individual mollies from birth throughout their entire lives providing unprecedented insight into how behavior changes in response to different cues. Understanding the molecular mechanisms generating behavioral individuality will clarify how easily such changes are triggered, and once they are, how durable they may be. By testing key predictions from information integration theory, the results of this project will improve our ability to predict an individual’s response to different cues before they have even experienced that cue. This could have major implications for our ability to predict species’ responses to climate change or the efficacy of therapeutic interventions on pathological behavior in animals and humans alike. In addition, the project includes the development of classroom-based authentic research experiences for undergraduates at UC Davis, as well as for high school students at minority-serving high schools in the Davis, CA area.&lt;br/&gt;&lt;br/&gt;If we can understand the mechanisms through which individuals use, value, and integrate the information they receive over their lives, we can better predict how and why individuals behave the way they do. The goal of this proposal is to test whether Bayesian updating provides a framework that can predict how individuals integrate maternal and personal cues to generate their unique behavioral phenotypes. This project will systematically manipulate whether individuals receive cues from their mothers and/or their own experiences to 1) test whether Bayesian updating predicts behavioral change, 2) investigate potential proximate mechanisms underlying such change by following changes in brain neural activation, gene expression, and methylation status and 3) test the potential adaptive value of these behavioral changes. The use of the genetically identical Amazon molly provides a rigorous experimental system to pinpoint experiential effects on behavior by controlling for genetic variation among individuals. If individuals are using Bayesian or Bayesian-like processes to build their behavioral phenotypes, then their behavioral development should follow predictable patterns of change based on the confidence in their prior expectations, which we can measure using our innovative tracking system, and the new information they receive about the most likely state of the environment, which we can control in an experimental setting. By combining a unifying mechanistic framework with a powerful animal model and an innovative tracking system, this work will provide deep insight into the developmental drivers of behavioral individuality.&lt;br/&gt;&lt;br/&gt;This award reflects NSF's statutory mission and has been deemed worthy of support through evaluation using the Foundation's intellectual merit and broader impacts review criteria.]]></AbstractNarration>
<MinAmdLetterDate>06/03/2021</MinAmdLetterDate>
<MaxAmdLetterDate>06/03/2021</MaxAmdLetterDate>
<ARRAAmount/>
<TRAN_TYPE>Grant</TRAN_TYPE>
<CFDA_NUM>47.074</CFDA_NUM>
<NSF_PAR_USE_FLAG>1</NSF_PAR_USE_FLAG>
<FUND_AGCY_CODE>4900</FUND_AGCY_CODE>
<AWDG_AGCY_CODE>4900</AWDG_AGCY_CODE>
<AwardID>2100625</AwardID>
<Investigator>
<FirstName>Kate</FirstName>
<LastName>Laskowski</LastName>
<PI_MID_INIT>L</PI_MID_INIT>
<PI_SUFX_NAME/>
<PI_FULL_NAME>Kate L Laskowski</PI_FULL_NAME>
<EmailAddress><![CDATA[klaskowski@ucdavis.edu]]></EmailAddress>
<NSF_ID>000838188</NSF_ID>
<StartDate>06/03/2021</StartDate>
<EndDate/>
<RoleCode>Principal Investigator</RoleCode>
</Investigator>
<Institution>
<Name>University of California-Davis</Name>
<CityName>DAVIS</CityName>
<ZipCode>956186153</ZipCode>
<PhoneNumber>5307547700</PhoneNumber>
<StreetAddress>1850 RESEARCH PARK DR, STE 300</StreetAddress>
<StreetAddress2/>
<CountryName>United States</CountryName>
<StateName>California</StateName>
<StateCode>CA</StateCode>
<CONGRESSDISTRICT>03</CONGRESSDISTRICT>
<CONGRESS_DISTRICT_ORG>CA03</CONGRESS_DISTRICT_ORG>
<ORG_UEI_NUM>TX2DAGQPENZ5</ORG_UEI_NUM>
<ORG_LGL_BUS_NAME>UNIVERSITY OF CALIFORNIA, DAVIS</ORG_LGL_BUS_NAME>
<ORG_PRNT_UEI_NUM>NUDGYLBB4S99</ORG_PRNT_UEI_NUM>
</Institution>
<Performance_Institution>
<Name><![CDATA[University of California-Davis]]></Name>
<CityName>Davis</CityName>
<StateCode>CA</StateCode>
<ZipCode>956165270</ZipCode>
<StreetAddress><![CDATA[One Shields Avenue]]></StreetAddress>
<CountryCode>US</CountryCode>
<CountryName>United States</CountryName>
<StateName>California</StateName>
<CountryFlag>1</CountryFlag>
<CONGRESSDISTRICT>03</CONGRESSDISTRICT>
<CONGRESS_DISTRICT_PERF>CA03</CONGRESS_DISTRICT_PERF>
</Performance_Institution>
<ProgramElement>
<Code>7659</Code>
<Text>Animal Behavior</Text>
</ProgramElement>
<ProgramReference>
<Code>9178</Code>
<Text>UNDERGRADUATE EDUCATION</Text>
</ProgramReference>
<ProgramReference>
<Code>9179</Code>
<Text>GRADUATE INVOLVEMENT</Text>
</ProgramReference>
<Appropriation>
<Code>0121</Code>
<Name>NSF RESEARCH &amp; RELATED ACTIVIT</Name>
<APP_SYMB_ID>040100</APP_SYMB_ID>
</Appropriation>
<Fund>
<Code>01002122DB</Code>
<Name><![CDATA[NSF RESEARCH & RELATED ACTIVIT]]></Name>
<FUND_SYMB_ID>040100</FUND_SYMB_ID>
</Fund>
<FUND_OBLG>2021~1129975</FUND_OBLG>
</Award>
</rootTag>
