<?xml version="1.0" encoding="UTF-8"?>
<rootTag>
<Award>
<AwardTitle>Excellence in Research: Investigation of Interfacial Chemical and Ion Transport in Solid Inorganic-Polymer Electrolytes</AwardTitle>
<AGENCY>NSF</AGENCY>
<AwardEffectiveDate>07/01/2021</AwardEffectiveDate>
<AwardExpirationDate>06/30/2024</AwardExpirationDate>
<AwardTotalIntnAmount>513443.00</AwardTotalIntnAmount>
<AwardAmount>513443</AwardAmount>
<AwardInstrument>
<Value>Standard Grant</Value>
</AwardInstrument>
<Organization>
<Code>07020000</Code>
<Directorate>
<Abbreviation>ENG</Abbreviation>
<LongName>Directorate For Engineering</LongName>
</Directorate>
<Division>
<Abbreviation>CBET</Abbreviation>
<LongName>Div Of Chem, Bioeng, Env, &amp; Transp Sys</LongName>
</Division>
</Organization>
<ProgramOfficer>
<SignBlockName>Carole Read</SignBlockName>
<PO_EMAI>cread@nsf.gov</PO_EMAI>
<PO_PHON>7032922418</PO_PHON>
</ProgramOfficer>
<AbstractNarration>Limited understanding ion transport at the interfaces in electrochemical systems is a major obstacle in the development of safe, reliable advanced lithium batteries with ultra-high energy density and high power-density.  Such batteries are needed for the widespread electrification of transportation and storage of renewably generated electricity. Fundamental understanding of ion transport and control of interfacial reactions between a composite electrolyte and electrodes will enable engineering of new interfaces containing safer, solid polymer-based composite electrolytes. In this project, the researchers will investigate ion transport at the boundaries of the electrolyte/electrodes as well as between the ceramic/polymer matrix. The team will utilize several different characterization tools to understand the properties of the materials. The students involved in this research project will be engaged in cutting-edge research on a topic of importance to addressing the global energy challenge. This project will contribute to improving diversity in the STEM (Science, Technology, Engineering, and Mathematics) workforce by recruiting and retaining highly qualified students from underrepresented minority groups and engaging these students in cutting-edge research and development in energy storage technologies. The overall collaboration between Xavier University of Louisiana (XULA) and the University of Notre Dame (ND) which includes summer visits of undergraduate XULA researchers to the ND research group will enhance the students’ research experiences, promote retention of underrepresented minority students in STEM fields, and enable research not possible by either group individually.&lt;br/&gt;&lt;br/&gt;Interfacial research is critically needed for designing new solid electrolyte systems with both high bulk ionic conductivity and that is chemically and dimensionally stable against the Li anode with cycling. Composite polymer electrolytes have flexibility necessary to withstand electrode volume changes with cycling, yet ion transport is limited between the ceramic and polymer in the bulk electrolyte and between the composite and the electrode surface. The interfacial resistances lead to reduced bulk ionic conductivities, reduced safely achievable cycling rates, and poor Li anode performance. In this project by researchers at XULA and ND, the interfacial chemistry and ion transport within the system including composite polymer electrolytes and Li anodes will be investigated as a function of polymer type to allow for the fundamental understanding of each chemistry and polymer dynamics on interfacial properties. These studies will test the hypotheses that nanoscale void formation between the electrolyte and anode, as well as between ceramic and polymer matrix, causes roughness and small contact area for ion transport which increases the interfacial resistance, and a lithium deficient layer at the interface leads to the formation of space-charge which also contributes to interfacial resistance. &lt;br/&gt;&lt;br/&gt;This project is jointly funded by the Established Program to Stimulate Competitive Research (EPSCoR), and the Broadening Participation in Engineering Program.&lt;br/&gt;&lt;br/&gt;This award reflects NSF's statutory mission and has been deemed worthy of support through evaluation using the Foundation's intellectual merit and broader impacts review criteria.</AbstractNarration>
<MinAmdLetterDate>07/06/2021</MinAmdLetterDate>
<MaxAmdLetterDate>07/06/2021</MaxAmdLetterDate>
<ARRAAmount/>
<TRAN_TYPE>Grant</TRAN_TYPE>
<CFDA_NUM>47.041</CFDA_NUM>
<NSF_PAR_USE_FLAG>1</NSF_PAR_USE_FLAG>
<FUND_AGCY_CODE>4900</FUND_AGCY_CODE>
<AWDG_AGCY_CODE>4900</AWDG_AGCY_CODE>
<AwardID>2100811</AwardID>
<Investigator>
<FirstName>Jennifer</FirstName>
<LastName>Schaefer</LastName>
<PI_MID_INIT>L</PI_MID_INIT>
<PI_SUFX_NAME/>
<PI_FULL_NAME>Jennifer L Schaefer</PI_FULL_NAME>
<EmailAddress>Jennifer.L.Schaefer.43@nd.edu</EmailAddress>
<PI_PHON>5746317432</PI_PHON>
<NSF_ID>000705883</NSF_ID>
<StartDate>07/06/2021</StartDate>
<EndDate/>
<RoleCode>Co-Principal Investigator</RoleCode>
</Investigator>
<Investigator>
<FirstName>Lamartine</FirstName>
<LastName>Meda</LastName>
<PI_MID_INIT/>
<PI_SUFX_NAME/>
<PI_FULL_NAME>Lamartine Meda</PI_FULL_NAME>
<EmailAddress>lmeda@xula.edu</EmailAddress>
<PI_PHON>5045205324</PI_PHON>
<NSF_ID>000521758</NSF_ID>
<StartDate>07/06/2021</StartDate>
<EndDate/>
<RoleCode>Principal Investigator</RoleCode>
</Investigator>
<Institution>
<Name>Xavier University of Louisiana</Name>
<CityName>NEW ORLEANS</CityName>
<ZipCode>701251098</ZipCode>
<PhoneNumber>5045205440</PhoneNumber>
<StreetAddress>1 DREXEL DR</StreetAddress>
<StreetAddress2/>
<CountryName>United States</CountryName>
<StateName>Louisiana</StateName>
<StateCode>LA</StateCode>
<CONGRESSDISTRICT>02</CONGRESSDISTRICT>
<CONGRESS_DISTRICT_ORG>LA02</CONGRESS_DISTRICT_ORG>
<ORG_UEI_NUM>HGAAKCE3A7P7</ORG_UEI_NUM>
<ORG_LGL_BUS_NAME>XAVIER UNIVERSITY OF LOUISIANA</ORG_LGL_BUS_NAME>
<ORG_PRNT_UEI_NUM>HGAAKCE3A7P7</ORG_PRNT_UEI_NUM>
</Institution>
<Performance_Institution>
<Name><![CDATA[Xavier University of Louisiana]]></Name>
<CityName>New Orleans</CityName>
<StateCode>LA</StateCode>
<ZipCode>701251098</ZipCode>
<StreetAddress><![CDATA[1 Drexel Drive]]></StreetAddress>
<CountryCode>US</CountryCode>
<CountryName>United States</CountryName>
<StateName>Louisiana</StateName>
<CountryFlag>1</CountryFlag>
<CONGRESSDISTRICT>02</CONGRESSDISTRICT>
<CONGRESS_DISTRICT_PERF>LA02</CONGRESS_DISTRICT_PERF>
</Performance_Institution>
<ProgramElement>
<Code>7680</Code>
<Text>EDA-Eng Diversity Activities</Text>
</ProgramElement>
<ProgramElement>
<Code>9150</Code>
<Text>EPSCoR Co-Funding</Text>
</ProgramElement>
<ProgramReference>
<Code>9102</Code>
<Text>WOMEN, MINORITY, DISABLED, NEC</Text>
</ProgramReference>
<ProgramReference>
<Code>9150</Code>
<Text>EXP PROG TO STIM COMP RES</Text>
</ProgramReference>
<Appropriation>
<Code>0121</Code>
<Name>NSF RESEARCH &amp; RELATED ACTIVIT</Name>
<APP_SYMB_ID>040100</APP_SYMB_ID>
</Appropriation>
<Fund>
<Code>01002122DB</Code>
<Name><![CDATA[NSF RESEARCH & RELATED ACTIVIT]]></Name>
<FUND_SYMB_ID>040100</FUND_SYMB_ID>
</Fund>
<FUND_OBLG>2021~513443</FUND_OBLG>
</Award>
</rootTag>
