<?xml version="1.0" encoding="UTF-8"?>
<rootTag>
<Award>
<AwardTitle><![CDATA[Catalyst Award: "Characterization of p27Kip1 as an Enhancer of Stem-Like Properties in Breast Cancer Stem Cells"]]></AwardTitle>
<AGENCY>NSF</AGENCY>
<AwardEffectiveDate>06/15/2021</AwardEffectiveDate>
<AwardExpirationDate>05/31/2023</AwardExpirationDate>
<AwardTotalIntnAmount>149877.00</AwardTotalIntnAmount>
<AwardAmount>149877</AwardAmount>
<AwardInstrument>
<Value>Standard Grant</Value>
</AwardInstrument>
<Organization>
<Code>11060000</Code>
<Directorate>
<Abbreviation>EHR</Abbreviation>
<LongName>Direct For Education and Human Resources</LongName>
</Directorate>
<Division>
<Abbreviation>HRD</Abbreviation>
<LongName>Division Of Human Resource Development</LongName>
</Division>
</Organization>
<ProgramOfficer>
<SignBlockName>Carleitta Paige-Anderson</SignBlockName>
<PO_EMAI>cpaigean@nsf.gov</PO_EMAI>
<PO_PHON>7032922816</PO_PHON>
</ProgramOfficer>
<AbstractNarration><![CDATA[Catalyst Awards provide support for junior and mid-career faculty at Historically Black Colleges and Universities who are building new research programs or redirecting and rebuilding existing research programs. It is expected that the award helps to further the faculty member's research capability and effectiveness, improve research and teaching at the home institution, and involves undergraduate students in research experiences. The award to Texas Southern University intends to understand the molecular mechanisms by which an enzyme inhibitor enhances the stem cell populations found in breast cancer stem cells. Undergraduate students will be involved in this work through participation in a 10-week intensive summer experience.&lt;br/&gt;&lt;br/&gt;The overall goal of this project is to identify the molecular mechanisms by which the cell cycle kinase inhibitor, p27KIP1 (termed p27), enhances stem cell populations found in breast cancer stem cells (CSCs). Texas Southern University undergraduate students will employ various in vitro cellular and molecular biology assays to perform research. The proposed study will characterize p27 protein expression in CSCs compared to non-CSCs isolated from breast cancer cell lines with different molecular signatures. Protein expression for p27 will be assessed by Western blot analysis. The subcellular compartment whereby p27 resides will be investigated using fluorescence microscopy to shed light on the role of p27 in the stemness of these populations, for p27 exerts both cell cycle-dependent (nuclear) and cell-cycle independent (cytoplasmic) functions. Moreover, the molecular factors which contribute to p27 stability in breast CSCs will be determined using cell lines stably expressing p27 with point substitutions at residues known to regulate p27 protein expression. Investigating novel biological markers involved in the stem cell niche will enhance our understanding of the factors governing stemness as identification of reliable breast cancer stem markers still remains a challenge. The implementation of this proposal will provide a unique opportunity for underrepresented minority STEM majors to be immersed in hands-on research experiences using cutting edge techniques and prepare them for graduate programs and/or careers in the STEM field.&lt;br/&gt;&lt;br/&gt;This award reflects NSF's statutory mission and has been deemed worthy of support through evaluation using the Foundation's intellectual merit and broader impacts review criteria.]]></AbstractNarration>
<MinAmdLetterDate>06/22/2021</MinAmdLetterDate>
<MaxAmdLetterDate>06/22/2021</MaxAmdLetterDate>
<ARRAAmount/>
<TRAN_TYPE>Grant</TRAN_TYPE>
<CFDA_NUM>47.076</CFDA_NUM>
<NSF_PAR_USE_FLAG>1</NSF_PAR_USE_FLAG>
<FUND_AGCY_CODE>4900</FUND_AGCY_CODE>
<AWDG_AGCY_CODE>4900</AWDG_AGCY_CODE>
<AwardID>2100655</AwardID>
<Investigator>
<FirstName>Erica</FirstName>
<LastName>Cassimere</LastName>
<PI_MID_INIT>K</PI_MID_INIT>
<PI_SUFX_NAME/>
<PI_FULL_NAME>Erica K Cassimere</PI_FULL_NAME>
<EmailAddress><![CDATA[Erica.Cassimere@tsu.edu]]></EmailAddress>
<NSF_ID>000830711</NSF_ID>
<StartDate>06/22/2021</StartDate>
<EndDate/>
<RoleCode>Principal Investigator</RoleCode>
</Investigator>
<Institution>
<Name>Texas Southern University</Name>
<CityName>HOUSTON</CityName>
<ZipCode>770044501</ZipCode>
<PhoneNumber>7133137457</PhoneNumber>
<StreetAddress>3100 CLEBURNE ST</StreetAddress>
<StreetAddress2/>
<CountryName>United States</CountryName>
<StateName>Texas</StateName>
<StateCode>TX</StateCode>
<CONGRESSDISTRICT>18</CONGRESSDISTRICT>
<CONGRESS_DISTRICT_ORG>TX18</CONGRESS_DISTRICT_ORG>
<ORG_UEI_NUM>HYYJJ5ZP7CR9</ORG_UEI_NUM>
<ORG_LGL_BUS_NAME>TEXAS SOUTHERN UNIVERSITY</ORG_LGL_BUS_NAME>
<ORG_PRNT_UEI_NUM>HYYJJ5ZP7CR9</ORG_PRNT_UEI_NUM>
</Institution>
<Performance_Institution>
<Name><![CDATA[Texas Southern University]]></Name>
<CityName>Houston</CityName>
<StateCode>TX</StateCode>
<ZipCode>770044501</ZipCode>
<StreetAddress><![CDATA[3100 Cleburne Street]]></StreetAddress>
<CountryCode>US</CountryCode>
<CountryName>United States</CountryName>
<StateName>Texas</StateName>
<CountryFlag>1</CountryFlag>
<CONGRESSDISTRICT>18</CONGRESSDISTRICT>
<CONGRESS_DISTRICT_PERF>TX18</CONGRESS_DISTRICT_PERF>
</Performance_Institution>
<ProgramElement>
<Code>1594</Code>
<Text>Hist Black Colleges and Univ</Text>
</ProgramElement>
<ProgramReference>
<Code>9178</Code>
<Text>UNDERGRADUATE EDUCATION</Text>
</ProgramReference>
<Appropriation>
<Code>0421</Code>
<Name>NSF Education &amp; Human Resource</Name>
<APP_SYMB_ID>040106</APP_SYMB_ID>
</Appropriation>
<Fund>
<Code>04002122DB</Code>
<Name><![CDATA[NSF Education & Human Resource]]></Name>
<FUND_SYMB_ID>040106</FUND_SYMB_ID>
</Fund>
<FUND_OBLG>2021~149877</FUND_OBLG>
</Award>
</rootTag>
