<?xml version="1.0" encoding="UTF-8"?>
<rootTag>
<Award>
<AwardTitle>Exploratory Evidence on the Factors that Relate to Elementary School Science Learning Gains Among English Language Learners</AwardTitle>
<AGENCY>NSF</AGENCY>
<AwardEffectiveDate>05/15/2021</AwardEffectiveDate>
<AwardExpirationDate>04/30/2023</AwardExpirationDate>
<AwardTotalIntnAmount>313159.00</AwardTotalIntnAmount>
<AwardAmount>313159</AwardAmount>
<AwardInstrument>
<Value>Standard Grant</Value>
</AwardInstrument>
<Organization>
<Code>11090000</Code>
<Directorate>
<Abbreviation>EHR</Abbreviation>
<LongName>Direct For Education and Human Resources</LongName>
</Directorate>
<Division>
<Abbreviation>DRL</Abbreviation>
<LongName>Division Of Research On Learning</LongName>
</Division>
</Organization>
<ProgramOfficer>
<SignBlockName>Jessaca Spybrook</SignBlockName>
<PO_EMAI>jspybroo@nsf.gov</PO_EMAI>
<PO_PHON>703292224</PO_PHON>
</ProgramOfficer>
<AbstractNarration>The nation’s schools are growing in linguistic and cultural diversity, with students identified as English learners (ELs) comprising more than ten percent of the student population. Unfortunately, existing research suggests that ELs lag behind other students in science achievement, even in the earliest grades of school. This project will provide evidence on how school, classroom, teacher, and student factors shape elementary school science learning trajectories for ELs. The project will broaden ELs’ participation in STEM learning by investigating how individual, classroom, and school level situations (inputs) such as instructional practices, learning environments, and characteristics of school personnel relate to EL elementary school science learning. Specifically, this study explores (1) a series of science inputs (time on science, content covered, availability of lab resources, and teacher training in science instruction), and (2) EL-specific inputs (classroom language use, EL instructional models, teacher certification and training, and the availability of EL support staff), in relation to ELs’ science learning outcomes from a national survey.  &lt;br/&gt;&lt;br/&gt;This study provides a comprehensive analysis of English learners’ (ELs) science learning in the early grades and the English learner instructional inputs and science instructional inputs that best predict early science outcomes (measured by both standardized science assessments and teacher-rated measures of science skills). The study uses the nationally representative Early Childhood Longitudinal Study (ECLS-K:2011) and employs a regression framework with latent class analysis to identify promising inputs that promote early science learning for ELs. Conceptually, rather than viewing the school-based inputs in isolation, the study explores how they combine to enhance students’ science learning trajectories. The study addresses the following research questions: How do science test performance trajectories vary across and within EL student groups in elementary school? How do access to school, teacher, and classroom level science and EL inputs vary across and within EL student groups in elementary school? Which school, teacher, and classroom level science and EL inputs are predictive of greater science test performance gains and teacher-rated science skills in elementary school? Are the relationships among these school, teacher, and classroom level inputs and student test performance and teacher-rated science skills different for subgroups of EL students, particularly by race/ethnicity or by immigration status? Are there particular combinations of school, teacher, and classroom level inputs that are predictive of science learning gains (test scores and teacher-rated skills) for ELs as compared to students more broadly?&lt;br/&gt;&lt;br/&gt;The Discovery Research preK-12 program (DRK-12) seeks to significantly enhance the learning and teaching of science, technology, engineering and mathematics (STEM) by preK-12 students and teachers, through research and development of innovative resources, models and tools. Projects in the DRK-12 program build on fundamental research in STEM education and prior research and development efforts that provide theoretical and empirical justification for proposed projects.&lt;br/&gt;&lt;br/&gt;This award reflects NSF's statutory mission and has been deemed worthy of support through evaluation using the Foundation's intellectual merit and broader impacts review criteria.</AbstractNarration>
<MinAmdLetterDate>04/01/2021</MinAmdLetterDate>
<MaxAmdLetterDate>05/21/2021</MaxAmdLetterDate>
<ARRAAmount/>
<TRAN_TYPE>Grant</TRAN_TYPE>
<CFDA_NUM>47.076</CFDA_NUM>
<NSF_PAR_USE_FLAG>1</NSF_PAR_USE_FLAG>
<FUND_AGCY_CODE>4900</FUND_AGCY_CODE>
<AWDG_AGCY_CODE>4900</AWDG_AGCY_CODE>
<AwardID>2100419</AwardID>
<Investigator>
<FirstName>Frank</FirstName>
<LastName>Curran</LastName>
<PI_MID_INIT>C</PI_MID_INIT>
<PI_SUFX_NAME/>
<PI_FULL_NAME>Frank C Curran</PI_FULL_NAME>
<EmailAddress>chriscurran@coe.ufl.edu</EmailAddress>
<PI_PHON>3522734348</PI_PHON>
<NSF_ID>000796595</NSF_ID>
<StartDate>04/01/2021</StartDate>
<EndDate/>
<RoleCode>Principal Investigator</RoleCode>
</Investigator>
<Investigator>
<FirstName>Mark</FirstName>
<LastName>Pacheco</LastName>
<PI_MID_INIT>B</PI_MID_INIT>
<PI_SUFX_NAME/>
<PI_FULL_NAME>Mark B Pacheco</PI_FULL_NAME>
<EmailAddress>mpacheco@coe.ufl.edu</EmailAddress>
<PI_PHON>3522734234</PI_PHON>
<NSF_ID>000814546</NSF_ID>
<StartDate>04/01/2021</StartDate>
<EndDate/>
<RoleCode>Co-Principal Investigator</RoleCode>
</Investigator>
<Institution>
<Name>University of Florida</Name>
<CityName>GAINESVILLE</CityName>
<ZipCode>326111941</ZipCode>
<PhoneNumber>3523923516</PhoneNumber>
<StreetAddress>1523 UNION RD RM 207</StreetAddress>
<StreetAddress2/>
<CountryName>United States</CountryName>
<StateName>Florida</StateName>
<StateCode>FL</StateCode>
<CONGRESSDISTRICT>03</CONGRESSDISTRICT>
<CONGRESS_DISTRICT_ORG>FL03</CONGRESS_DISTRICT_ORG>
<ORG_UEI_NUM>NNFQH1JAPEP3</ORG_UEI_NUM>
<ORG_LGL_BUS_NAME>UNIVERSITY OF FLORIDA</ORG_LGL_BUS_NAME>
<ORG_PRNT_UEI_NUM>D4GCCCMXR1H3</ORG_PRNT_UEI_NUM>
</Institution>
<Performance_Institution>
<Name><![CDATA[University of Florida]]></Name>
<CityName>GAINESVILLE</CityName>
<StateCode>FL</StateCode>
<ZipCode>326112002</ZipCode>
<StreetAddress><![CDATA[1 UNIVERSITY OF FLORIDA]]></StreetAddress>
<CountryCode>US</CountryCode>
<CountryName>United States</CountryName>
<StateName>Florida</StateName>
<CountryFlag>1</CountryFlag>
<CONGRESSDISTRICT>03</CONGRESSDISTRICT>
<CONGRESS_DISTRICT_PERF>FL03</CONGRESS_DISTRICT_PERF>
</Performance_Institution>
<ProgramElement>
<Code>7645</Code>
<Text>Discovery Research K-12</Text>
</ProgramElement>
<Appropriation>
<Code>0421</Code>
<Name>NSF Education &amp; Human Resource</Name>
<APP_SYMB_ID>040106</APP_SYMB_ID>
</Appropriation>
<Fund>
<Code>04002122DB</Code>
<Name><![CDATA[NSF Education & Human Resource]]></Name>
<FUND_SYMB_ID>040106</FUND_SYMB_ID>
</Fund>
<FUND_OBLG>2021~313159</FUND_OBLG>
</Award>
</rootTag>
