<?xml version="1.0" encoding="UTF-8"?>
<rootTag>
<Award>
<AwardTitle>Advancing the Development of Realistic and Probabilistic Shear Wave Velocity Profiles Using Advanced Inversion Strategies</AwardTitle>
<AGENCY>NSF</AGENCY>
<AwardEffectiveDate>01/01/2022</AwardEffectiveDate>
<AwardExpirationDate>12/31/2024</AwardExpirationDate>
<AwardTotalIntnAmount>502214.00</AwardTotalIntnAmount>
<AwardAmount>502214</AwardAmount>
<AwardInstrument>
<Value>Standard Grant</Value>
</AwardInstrument>
<Organization>
<Code>07030000</Code>
<Directorate>
<Abbreviation>ENG</Abbreviation>
<LongName>Directorate For Engineering</LongName>
</Directorate>
<Division>
<Abbreviation>CMMI</Abbreviation>
<LongName>Div Of Civil, Mechanical, &amp; Manufact Inn</LongName>
</Division>
</Organization>
<ProgramOfficer>
<SignBlockName>Giovanna Biscontin</SignBlockName>
<PO_EMAI>gibiscon@nsf.gov</PO_EMAI>
<PO_PHON>7032922339</PO_PHON>
</ProgramOfficer>
<AbstractNarration>This project will advance our ability to image the subsurface by utilizing surface wave methods to develop more realistic and probabilistic shear wave velocity profiles. In situ site characterization still remains mired in the past and continues to rely heavily on empirical approaches developed over 100 years ago, while the medical industry has made leaps forward in the field of non-invasive imaging. As the profession moves forward, the advancement of non-invasive methods is critical to meeting the challenges of tomorrow in a cost-effective manner. As a step toward this goal, this project plans to advance our ability to develop realistic and probabilistic subsurface models through advanced inversion schemes. The researched framework will harness artificial intelligence and additional wavefield information to replace a level of user skill now required to develop subsurface models. Realistic subsurface models are critical for applications including liquefaction triggering, site response analysis, bedrock rippability, and settlement analyses. In addition, the boarder impacts of the project center on promoting the use of non-invasive methods by educating students through an international student exchange program, and providing training to practicing engineers through a speaker’s bureau.&lt;br/&gt;&lt;br/&gt;The intellectual merit of this research lies in the development of state-of-the-art surface wave inversion algorithms. These algorithms will incorporate a Bayesian statistical framework into high-level inversion algorithms using machine learning and trans-dimensional Monte Carlo methodologies. The algorithms will incorporate expert knowledge into the inverse problem and characterize the uncertainty of the developed shear wave velocity profiles based on the experimental data. The use of Bayesian and machine learning methods will allow uncertainty in the solution to be considered and presented in a more robust way than current approaches. In addition, further understanding of the petrophysical link between multiple data types advances our knowledge of how different data types work together within joint inversion frameworks to constrain the inversion problem. Advances in the inversion framework will produce broader impacts for multiple applications including site response, liquefaction analysis, and infrastructure evaluation. Moreover, the development of more accurate, realistic, and probabilistic shear wave velocity profiles allows for their inclusion into performance-based designs. Lastly, advancements in inversion algorithms and knowledge of petrophysical links are transferable to other non-invasive geophysical methods, which all suffer from non-uniqueness issues.&lt;br/&gt;&lt;br/&gt;This award reflects NSF's statutory mission and has been deemed worthy of support through evaluation using the Foundation's intellectual merit and broader impacts review criteria.</AbstractNarration>
<MinAmdLetterDate>07/28/2021</MinAmdLetterDate>
<MaxAmdLetterDate>07/28/2021</MaxAmdLetterDate>
<ARRAAmount/>
<TRAN_TYPE>Grant</TRAN_TYPE>
<CFDA_NUM>47.041</CFDA_NUM>
<NSF_PAR_USE_FLAG>1</NSF_PAR_USE_FLAG>
<FUND_AGCY_CODE>4900</FUND_AGCY_CODE>
<AWDG_AGCY_CODE>4900</AWDG_AGCY_CODE>
<AwardID>2100889</AwardID>
<Investigator>
<FirstName>Clinton</FirstName>
<LastName>Wood</LastName>
<PI_MID_INIT>M</PI_MID_INIT>
<PI_SUFX_NAME/>
<PI_FULL_NAME>Clinton M Wood</PI_FULL_NAME>
<EmailAddress>cmwood@uark.edu</EmailAddress>
<PI_PHON>4795756084</PI_PHON>
<NSF_ID>000752614</NSF_ID>
<StartDate>07/28/2021</StartDate>
<EndDate/>
<RoleCode>Principal Investigator</RoleCode>
</Investigator>
<Institution>
<Name>University of Arkansas</Name>
<CityName>FAYETTEVILLE</CityName>
<ZipCode>727013124</ZipCode>
<PhoneNumber>4795753845</PhoneNumber>
<StreetAddress>1125 WEST MAPLE STE 210</StreetAddress>
<StreetAddress2/>
<CountryName>United States</CountryName>
<StateName>Arkansas</StateName>
<StateCode>AR</StateCode>
<CONGRESSDISTRICT>03</CONGRESSDISTRICT>
<CONGRESS_DISTRICT_ORG>AR03</CONGRESS_DISTRICT_ORG>
<ORG_UEI_NUM>MECEHTM8DB17</ORG_UEI_NUM>
<ORG_LGL_BUS_NAME>UNIVERSITY OF ARKANSAS SYSTEM</ORG_LGL_BUS_NAME>
<ORG_PRNT_UEI_NUM>CBQ1T88L7TC6</ORG_PRNT_UEI_NUM>
</Institution>
<Performance_Institution>
<Name><![CDATA[University of Arkansas]]></Name>
<CityName>Fayetteville</CityName>
<StateCode>AR</StateCode>
<ZipCode>727014033</ZipCode>
<StreetAddress><![CDATA[800 West Dickson Street]]></StreetAddress>
<CountryCode>US</CountryCode>
<CountryName>United States</CountryName>
<StateName>Arkansas</StateName>
<CountryFlag>1</CountryFlag>
<CONGRESSDISTRICT>03</CONGRESSDISTRICT>
<CONGRESS_DISTRICT_PERF>AR03</CONGRESS_DISTRICT_PERF>
</Performance_Institution>
<ProgramElement>
<Code>073Y</Code>
<Text>ECI-Engineering for Civil Infr</Text>
</ProgramElement>
<ProgramReference>
<Code>036E</Code>
<Text>CIVIL INFRASTRUCTURE</Text>
</ProgramReference>
<ProgramReference>
<Code>037E</Code>
<Text>GEOTECHNICAL ENGINEERING</Text>
</ProgramReference>
<ProgramReference>
<Code>043E</Code>
<Text>EARTHQUAKE ENGINEERING</Text>
</ProgramReference>
<ProgramReference>
<Code>1057</Code>
<Text>CIS BASE RESEARCH</Text>
</ProgramReference>
<ProgramReference>
<Code>172E</Code>
<Text>Geomechanics</Text>
</ProgramReference>
<ProgramReference>
<Code>CVIS</Code>
<Text>CIVIL INFRASTRUCTURE</Text>
</ProgramReference>
<Appropriation>
<Code>0121</Code>
<Name>NSF RESEARCH &amp; RELATED ACTIVIT</Name>
<APP_SYMB_ID>040100</APP_SYMB_ID>
</Appropriation>
<Fund>
<Code>01002122DB</Code>
<Name><![CDATA[NSF RESEARCH & RELATED ACTIVIT]]></Name>
<FUND_SYMB_ID>040100</FUND_SYMB_ID>
</Fund>
<FUND_OBLG>2021~502214</FUND_OBLG>
</Award>
</rootTag>
