<?xml version="1.0" encoding="UTF-8"?>
<rootTag>
<Award>
<AwardTitle>Collaborative Research: An Evidence-Based Approach Towards Technology Workforce Expansion by Increasing Female Participation in STEM Entrepreneurship</AwardTitle>
<AGENCY>NSF</AGENCY>
<AwardEffectiveDate>08/01/2021</AwardEffectiveDate>
<AwardExpirationDate>07/31/2024</AwardExpirationDate>
<AwardTotalIntnAmount>351259.00</AwardTotalIntnAmount>
<AwardAmount>351259</AwardAmount>
<AwardInstrument>
<Value>Standard Grant</Value>
</AwardInstrument>
<Organization>
<Code>11010000</Code>
<Directorate>
<Abbreviation>EHR</Abbreviation>
<LongName>Direct For Education and Human Resources</LongName>
</Directorate>
<Division>
<Abbreviation>DGE</Abbreviation>
<LongName>Division Of Graduate Education</LongName>
</Division>
</Organization>
<ProgramOfficer>
<SignBlockName>Earnestine Psalmonds</SignBlockName>
<PO_EMAI>eeaster@nsf.gov</PO_EMAI>
<PO_PHON>7032928112</PO_PHON>
</ProgramOfficer>
<AbstractNarration>This is a collaborative project, with the University of Wisconsin-Madison as the lead institution and the University of Maryland as the partnering institution, to explore the entrepreneurial proclivity of undergraduate women majoring in STEM fields. The researchers propose a multi-method approach led by an interdisciplinary team to (1) identify factors that influence entrepreneurial proclivity and (2) develop and test interventions related to closing gender disparities in STEM entrepreneurship. The research includes the analysis of a comprehensive administrative database to identify mechanisms for potential interventions and field experiments to achieve greater gender parity in entrepreneurial career choices for STEM students. Results of the field experiments will be integrated with the database to produce outcome measures.  The project will produce empirical evidence to increase the understanding of student entrepreneurship and inform interventions that improve entrepreneurship participation for women in STEM.&lt;br/&gt;&lt;br/&gt;The researchers will frame the research design and methods using the Individual-Opportunity Nexus theory that knowledge is a precursor to entrepreneurship.  There are four hypotheses: (1) Greater entrepreneurial proclivity will be found in women in STEM fields with higher curriculum diversity, who have taken at least one business class, who are enrolled in STEM courses with students with higher diversity in their courses, and who are enrolled in STEM courses with students who have taken one or more business classes. (2) Women STEM students demonstrate higher entrepreneurial proclivity when they are exposed to relatable role models in entrepreneurship. (3) Women STEM students demonstrate higher entrepreneurial proclivity when entrepreneurship is presented as a gender-neutral field. (4) Women STEM students demonstrate higher entrepreneurial proclivity when they are exposed to entrepreneurial success stories. The researchers will make causal inferences about factors that influence entrepreneurial proclivity of women in STEM by measuring self-reported activities, analyzing administrative data, and documenting student start-ups.  The core of the project is based on data drawn from a data infrastructure that combines administrative data with results of an annual survey. The researchers will use those data to evaluate the mechanisms that influence the underrepresentation of women in entrepreneurship. They will augment the data infrastructure with a field experiment to test hypotheses informed by existing literature and findings from their data analysis.  &lt;br/&gt;&lt;br/&gt;This project is co-supported by the EHR Core Research program that funds fundamental research on STEM learning and learning environments, broadening participation in STEM fields, and STEM workforce development and by the Science of Science BPINNOVATE program.&lt;br/&gt;&lt;br/&gt;This award reflects NSF's statutory mission and has been deemed worthy of support through evaluation using the Foundation's intellectual merit and broader impacts review criteria.</AbstractNarration>
<MinAmdLetterDate>07/26/2021</MinAmdLetterDate>
<MaxAmdLetterDate>07/26/2021</MaxAmdLetterDate>
<ARRAAmount/>
<TRAN_TYPE>Grant</TRAN_TYPE>
<CFDA_NUM>47.076</CFDA_NUM>
<NSF_PAR_USE_FLAG>1</NSF_PAR_USE_FLAG>
<FUND_AGCY_CODE>4900</FUND_AGCY_CODE>
<AWDG_AGCY_CODE>4900</AWDG_AGCY_CODE>
<AwardID>2100139</AwardID>
<Investigator>
<FirstName>Brent</FirstName>
<LastName>Goldfarb</LastName>
<PI_MID_INIT>D</PI_MID_INIT>
<PI_SUFX_NAME/>
<PI_FULL_NAME>Brent D Goldfarb</PI_FULL_NAME>
<EmailAddress>bgoldfarb@rhsmith.umd.edu</EmailAddress>
<PI_PHON>3014059672</PI_PHON>
<NSF_ID>000382372</NSF_ID>
<StartDate>07/26/2021</StartDate>
<EndDate/>
<RoleCode>Principal Investigator</RoleCode>
</Investigator>
<Institution>
<Name>University of Maryland, College Park</Name>
<CityName>COLLEGE PARK</CityName>
<ZipCode>207420001</ZipCode>
<PhoneNumber>3014056269</PhoneNumber>
<StreetAddress>3112 LEE BLDG 7809 REGENTS DR</StreetAddress>
<StreetAddress2/>
<CountryName>United States</CountryName>
<StateName>Maryland</StateName>
<StateCode>MD</StateCode>
<CONGRESSDISTRICT>05</CONGRESSDISTRICT>
<CONGRESS_DISTRICT_ORG>MD05</CONGRESS_DISTRICT_ORG>
<ORG_UEI_NUM>NPU8ULVAAS23</ORG_UEI_NUM>
<ORG_LGL_BUS_NAME>UNIVERSITY OF MARYLAND, COLLEGE PARK</ORG_LGL_BUS_NAME>
<ORG_PRNT_UEI_NUM>KMGEN62NKEM9</ORG_PRNT_UEI_NUM>
</Institution>
<Performance_Institution>
<Name><![CDATA[University of Maryland, College Park]]></Name>
<CityName>College Park</CityName>
<StateCode>MD</StateCode>
<ZipCode>207423370</ZipCode>
<StreetAddress/>
<CountryCode>US</CountryCode>
<CountryName>United States</CountryName>
<StateName>Maryland</StateName>
<CountryFlag>1</CountryFlag>
<CONGRESSDISTRICT>05</CONGRESSDISTRICT>
<CONGRESS_DISTRICT_PERF>MD05</CONGRESS_DISTRICT_PERF>
</Performance_Institution>
<ProgramElement>
<Code>125Y</Code>
<Text>Science of Science</Text>
</ProgramElement>
<ProgramElement>
<Code>7980</Code>
<Text>ECR-EHR Core Research</Text>
</ProgramElement>
<ProgramReference>
<Code>1544</Code>
<Text>GSE: Research on Gender in S&amp;E</Text>
</ProgramReference>
<ProgramReference>
<Code>8212</Code>
<Text>Broaden Particip STEM Resrch</Text>
</ProgramReference>
<ProgramReference>
<Code>8816</Code>
<Text>Workforce Development</Text>
</ProgramReference>
<Appropriation>
<Code>0121</Code>
<Name>NSF RESEARCH &amp; RELATED ACTIVIT</Name>
<APP_SYMB_ID>040100</APP_SYMB_ID>
</Appropriation>
<Appropriation>
<Code>0421</Code>
<Name>NSF Education &amp; Human Resource</Name>
<APP_SYMB_ID>040106</APP_SYMB_ID>
</Appropriation>
<Fund>
<Code>01002122DB</Code>
<Name><![CDATA[NSF RESEARCH & RELATED ACTIVIT]]></Name>
<FUND_SYMB_ID>040100</FUND_SYMB_ID>
</Fund>
<Fund>
<Code>04002122DB</Code>
<Name><![CDATA[NSF Education & Human Resource]]></Name>
<FUND_SYMB_ID>040106</FUND_SYMB_ID>
</Fund>
<FUND_OBLG>2021~351259</FUND_OBLG>
</Award>
</rootTag>
