<?xml version="1.0" encoding="UTF-8"?>
<rootTag>
<Award>
<AwardTitle><![CDATA[High-Temperature Ultra-Wide Bandgap Gallium Oxide Power Module]]></AwardTitle>
<AGENCY>NSF</AGENCY>
<AwardEffectiveDate>05/15/2021</AwardEffectiveDate>
<AwardExpirationDate>04/30/2024</AwardExpirationDate>
<AwardTotalIntnAmount>368711.00</AwardTotalIntnAmount>
<AwardAmount>368711</AwardAmount>
<AwardInstrument>
<Value>Standard Grant</Value>
</AwardInstrument>
<Organization>
<Code>07010000</Code>
<Directorate>
<Abbreviation>ENG</Abbreviation>
<LongName>Directorate For Engineering</LongName>
</Directorate>
<Division>
<Abbreviation>ECCS</Abbreviation>
<LongName>Div Of Electrical, Commun &amp; Cyber Sys</LongName>
</Division>
</Organization>
<ProgramOfficer>
<SignBlockName>Aranya Chakrabortty</SignBlockName>
<PO_EMAI>achakrab@nsf.gov</PO_EMAI>
<PO_PHON>7032928113</PO_PHON>
</ProgramOfficer>
<AbstractNarration><![CDATA[This NSF project aims to address the knowledge gaps and challenges that are presently limiting the advancement of high-temperature, high-density power electronics. High-temperature power electronics can increase the power density of transportation systems by reducing the size and weight of the cooling system, and enabling the power converter to be placed in strategic locations with high ambient temperatures, such as in close proximity to the engine or motor. However, higher temperatures degrade the performance and reliability of present power electronics components. This project aims to overcome these challenges and develop a high-temperature gallium oxide power module. Gallium oxide is an ultra-wide-bandgap semiconductor that is emerging as a viable candidate for high-temperature power electronics due to its advantageous material properties. The intellectual merits of the project include understanding of semiconductor device and package electro-thermal interactions, solutions for high-temperature package encapsulants and semiconductor device gate dielectrics, and strategies for thermal management. The broader impacts of the project include insight into the possibilities and challenges for gallium-oxide-based power electronics, and advancements in high-temperature packaging, which could allow for more-efficient and higher-density electric transportation and harsh-environment systems. Other broader impacts of the project include undergraduate and graduate education on power electronics packaging and ultra-wide-bandgap semiconductors, and diversity and inclusion activities, such as hands-on workshops, laboratory tours, and demonstrations for women and underrepresented minorities.&lt;br/&gt;&lt;br/&gt;Extreme temperatures challenge the limits of silicon power semiconductors, and diminish the performance benefits of wide-bandgap devices. While gallium oxide is a promising alternative due to its superior thermal stability, it has low thermal conductivity, which creates additional challenges for the package and thermal management system. Another major challenge is the reliability of the power electronics package under high temperature conditions. In particular, a key limitation for high-temperature power modules is the encapsulation. The encapsulation provides essential electrical insulation, as well as corrosion resistance and protection. Traditional polymeric encapsulants degrade rapidly at elevated temperatures. This work aims to overcome these challenges through four main research goals: 1) to develop an electro-thermal, device-package co-design framework that will enable physical insights into the device-package interdependencies, and accelerate the design of power modules optimized for emerging power semiconductor devices; 2) to evaluate and apply new dielectric materials for use as the high-temperature power module encapsulant, and as the gate dielectric and passivation for the gallium oxide power device; 3) to explore innovative heat dissipation strategies at the device and package levels for improved thermal performance of gallium-oxide-based power modules; and 4) to demonstrate a high-temperature gallium oxide power module, and assess its electrical, thermal, and reliability characteristics. The knowledge gained from this work will illuminate the potential of gallium oxide power devices, and enable significant improvements in high-temperature packaging, which could facilitate major advancements in electric transportation and harsh environment applications.&lt;br/&gt;&lt;br/&gt;This award reflects NSF's statutory mission and has been deemed worthy of support through evaluation using the Foundation's intellectual merit and broader impacts review criteria.]]></AbstractNarration>
<MinAmdLetterDate>04/29/2021</MinAmdLetterDate>
<MaxAmdLetterDate>04/29/2021</MaxAmdLetterDate>
<ARRAAmount/>
<TRAN_TYPE>Grant</TRAN_TYPE>
<CFDA_NUM>47.041</CFDA_NUM>
<NSF_PAR_USE_FLAG>1</NSF_PAR_USE_FLAG>
<FUND_AGCY_CODE>4900</FUND_AGCY_CODE>
<AWDG_AGCY_CODE>4900</AWDG_AGCY_CODE>
<AwardID>2100504</AwardID>
<Investigator>
<FirstName>Yuhao</FirstName>
<LastName>Zhang</LastName>
<PI_MID_INIT/>
<PI_SUFX_NAME/>
<PI_FULL_NAME>Yuhao Zhang</PI_FULL_NAME>
<EmailAddress><![CDATA[yhzhang@vt.edu]]></EmailAddress>
<NSF_ID>000813186</NSF_ID>
<StartDate>04/29/2021</StartDate>
<EndDate/>
<RoleCode>Co-Principal Investigator</RoleCode>
</Investigator>
<Investigator>
<FirstName>Christina</FirstName>
<LastName>DiMarino</LastName>
<PI_MID_INIT/>
<PI_SUFX_NAME/>
<PI_FULL_NAME>Christina DiMarino</PI_FULL_NAME>
<EmailAddress><![CDATA[dimaricm@vt.edu]]></EmailAddress>
<NSF_ID>000838905</NSF_ID>
<StartDate>04/29/2021</StartDate>
<EndDate/>
<RoleCode>Principal Investigator</RoleCode>
</Investigator>
<Institution>
<Name>Virginia Polytechnic Institute and State University</Name>
<CityName>BLACKSBURG</CityName>
<ZipCode>240603359</ZipCode>
<PhoneNumber>5402315281</PhoneNumber>
<StreetAddress>300 TURNER ST NW</StreetAddress>
<StreetAddress2><![CDATA[STE 4200]]></StreetAddress2>
<CountryName>United States</CountryName>
<StateName>Virginia</StateName>
<StateCode>VA</StateCode>
<CONGRESSDISTRICT>09</CONGRESSDISTRICT>
<CONGRESS_DISTRICT_ORG>VA09</CONGRESS_DISTRICT_ORG>
<ORG_UEI_NUM>QDE5UHE5XD16</ORG_UEI_NUM>
<ORG_LGL_BUS_NAME>VIRGINIA POLYTECHNIC INSTITUTE &amp; STATE UNIVERSITY</ORG_LGL_BUS_NAME>
<ORG_PRNT_UEI_NUM>M515A1DKXAN8</ORG_PRNT_UEI_NUM>
</Institution>
<Performance_Institution>
<Name><![CDATA[Virginia Polytechnic Institute and State University]]></Name>
<CityName>Arlington</CityName>
<StateCode>VA</StateCode>
<ZipCode>222031822</ZipCode>
<StreetAddress><![CDATA[900 N. Glebe Rd]]></StreetAddress>
<CountryCode>US</CountryCode>
<CountryName>United States</CountryName>
<StateName>Virginia</StateName>
<CountryFlag>1</CountryFlag>
<CONGRESSDISTRICT>08</CONGRESSDISTRICT>
<CONGRESS_DISTRICT_PERF>VA08</CONGRESS_DISTRICT_PERF>
</Performance_Institution>
<ProgramElement>
<Code>7607</Code>
<Text>EPCN-Energy-Power-Ctrl-Netwrks</Text>
</ProgramElement>
<ProgramReference>
<Code>090E</Code>
<Text>Chem/Bio and Physical Diagnostics</Text>
</ProgramReference>
<ProgramReference>
<Code>155E</Code>
<Text>Electric power networks</Text>
</ProgramReference>
<Appropriation>
<Code>0121</Code>
<Name>NSF RESEARCH &amp; RELATED ACTIVIT</Name>
<APP_SYMB_ID>040100</APP_SYMB_ID>
</Appropriation>
<Fund>
<Code>01002122DB</Code>
<Name><![CDATA[NSF RESEARCH & RELATED ACTIVIT]]></Name>
<FUND_SYMB_ID>040100</FUND_SYMB_ID>
</Fund>
<FUND_OBLG>2021~368711</FUND_OBLG>
</Award>
</rootTag>
