<?xml version="1.0" encoding="UTF-8"?>
<rootTag>
<Award>
<AwardTitle><![CDATA[SHF: Medium: Collaborative Research: Enhancing Continuous Integration Testing for the Open-Source Ecosystem]]></AwardTitle>
<AGENCY>NSF</AGENCY>
<AwardEffectiveDate>09/01/2020</AwardEffectiveDate>
<AwardExpirationDate>09/30/2023</AwardExpirationDate>
<AwardTotalIntnAmount>328425.00</AwardTotalIntnAmount>
<AwardAmount>328425</AwardAmount>
<AwardInstrument>
<Value>Continuing Grant</Value>
</AwardInstrument>
<Organization>
<Code>05010000</Code>
<Directorate>
<Abbreviation>CSE</Abbreviation>
<LongName>Direct For Computer &amp; Info Scie &amp; Enginr</LongName>
</Directorate>
<Division>
<Abbreviation>CCF</Abbreviation>
<LongName>Division of Computing and Communication Foundations</LongName>
</Division>
</Organization>
<ProgramOfficer>
<SignBlockName>Sol Greenspan</SignBlockName>
<PO_EMAI>sgreensp@nsf.gov</PO_EMAI>
<PO_PHON>7032927841</PO_PHON>
</ProgramOfficer>
<AbstractNarration><![CDATA[Continuous integration (CI) is an important software development activity that aims to improve software development by automating software compilation and regression testing.  Recent studies report that CI helps developers deploy faster and reduce development cost. Given these success stories, CI has attracted rapidly increasing interest and adoption, e.g., Travis CI, the currently most popular CI service, is used by over 300,000 GitHub projects.  Despite the success of CI, developers report they would like to see improvements in CI. First, they want to faster obtain regression test results.  Second, they want better handling of so-called flaky tests, which are regression tests that can non-deterministically pass or fail, and whose failures negatively affect developer's productivity.  Third, developers report that CI builds do not provide sufficient debugging assistance for reasoning about failed regression tests.  While regression testing has been studied for over three decades, it has not been studied in the context of CI until recently.&lt;br/&gt;&lt;br/&gt;To substantially improve regression testing in CI, the PIs propose to develop novel techniques and tools that address three important challenges: (1) test selection to speed up regression testing and the development cycle, (2) test reliability to mitigate the problems that flaky tests introduce, and (3) debugging assistance to ease the effort of diagnosing and fixing the true and flaky regression test failures. The PIs plan to develop techniques and tools based on a mix of static and dynamic program analyses, leveraging not only information from two project revisions (as traditional in regression testing) but also from all historical build and testing information available in CI testing. The PIs plan to embody their techniques in a tool-set and evaluate them extensively on open-source projects and in industrial collaborations. The broader impacts of enhancing continuous integration testing are to allow software developers to faster build higher quality software, which can benefit our modern society that greatly depends on software.&lt;br/&gt;&lt;br/&gt;This award reflects NSF's statutory mission and has been deemed worthy of support through evaluation using the Foundation's intellectual merit and broader impacts review criteria.]]></AbstractNarration>
<MinAmdLetterDate>11/04/2020</MinAmdLetterDate>
<MaxAmdLetterDate>07/12/2021</MaxAmdLetterDate>
<ARRAAmount/>
<TRAN_TYPE>Grant</TRAN_TYPE>
<CFDA_NUM>47.070</CFDA_NUM>
<NSF_PAR_USE_FLAG>1</NSF_PAR_USE_FLAG>
<FUND_AGCY_CODE>4900</FUND_AGCY_CODE>
<AWDG_AGCY_CODE>4900</AWDG_AGCY_CODE>
<AwardID>2100037</AwardID>
<Investigator>
<FirstName>Jonathan</FirstName>
<LastName>Bell</LastName>
<PI_MID_INIT/>
<PI_SUFX_NAME/>
<PI_FULL_NAME>Jonathan Bell</PI_FULL_NAME>
<EmailAddress><![CDATA[j.bell@northeastern.edu]]></EmailAddress>
<NSF_ID>000730377</NSF_ID>
<StartDate>11/04/2020</StartDate>
<EndDate/>
<RoleCode>Principal Investigator</RoleCode>
</Investigator>
<Institution>
<Name>Northeastern University</Name>
<CityName>BOSTON</CityName>
<ZipCode>021155005</ZipCode>
<PhoneNumber>6173733004</PhoneNumber>
<StreetAddress>360 HUNTINGTON AVE</StreetAddress>
<StreetAddress2/>
<CountryName>United States</CountryName>
<StateName>Massachusetts</StateName>
<StateCode>MA</StateCode>
<CONGRESSDISTRICT>07</CONGRESSDISTRICT>
<CONGRESS_DISTRICT_ORG>MA07</CONGRESS_DISTRICT_ORG>
<ORG_UEI_NUM>HLTMVS2JZBS6</ORG_UEI_NUM>
<ORG_LGL_BUS_NAME>NORTHEASTERN UNIVERSITY</ORG_LGL_BUS_NAME>
<ORG_PRNT_UEI_NUM>HLTMVS2JZBS6</ORG_PRNT_UEI_NUM>
</Institution>
<Performance_Institution>
<Name><![CDATA[Northeastern University]]></Name>
<CityName>Boston</CityName>
<StateCode>MA</StateCode>
<ZipCode>021155005</ZipCode>
<StreetAddress><![CDATA[360 Huntington Ave]]></StreetAddress>
<CountryCode>US</CountryCode>
<CountryName>United States</CountryName>
<StateName>Massachusetts</StateName>
<CountryFlag>1</CountryFlag>
<CONGRESSDISTRICT>07</CONGRESSDISTRICT>
<CONGRESS_DISTRICT_PERF>MA07</CONGRESS_DISTRICT_PERF>
</Performance_Institution>
<ProgramElement>
<Code>7798</Code>
<Text>Software &amp; Hardware Foundation</Text>
</ProgramElement>
<ProgramReference>
<Code>7924</Code>
<Text>MEDIUM PROJECT</Text>
</ProgramReference>
<ProgramReference>
<Code>7944</Code>
<Text>SOFTWARE ENG &amp; FORMAL METHODS</Text>
</ProgramReference>
<Appropriation>
<Code>0118</Code>
<Name>NSF RESEARCH &amp; RELATED ACTIVIT</Name>
<APP_SYMB_ID>040100</APP_SYMB_ID>
</Appropriation>
<Appropriation>
<Code>0120</Code>
<Name>NSF RESEARCH &amp; RELATED ACTIVIT</Name>
<APP_SYMB_ID>040100</APP_SYMB_ID>
</Appropriation>
<Appropriation>
<Code>0121</Code>
<Name>NSF RESEARCH &amp; RELATED ACTIVIT</Name>
<APP_SYMB_ID>040100</APP_SYMB_ID>
</Appropriation>
<Fund>
<Code>01001819DB</Code>
<Name><![CDATA[NSF RESEARCH & RELATED ACTIVIT]]></Name>
<FUND_SYMB_ID>040100</FUND_SYMB_ID>
</Fund>
<Fund>
<Code>01002021DB</Code>
<Name><![CDATA[NSF RESEARCH & RELATED ACTIVIT]]></Name>
<FUND_SYMB_ID>040100</FUND_SYMB_ID>
</Fund>
<Fund>
<Code>01002122DB</Code>
<Name><![CDATA[NSF RESEARCH & RELATED ACTIVIT]]></Name>
<FUND_SYMB_ID>040100</FUND_SYMB_ID>
</Fund>
<FUND_OBLG>2018~120108</FUND_OBLG>
<FUND_OBLG>2020~101970</FUND_OBLG>
<FUND_OBLG>2021~106347</FUND_OBLG>
</Award>
</rootTag>
