<?xml version="1.0" encoding="UTF-8"?>
<rootTag>
<Award>
<AwardTitle><![CDATA[Developing Authentic and Fair Computer Science Assessments]]></AwardTitle>
<AGENCY>NSF</AGENCY>
<AwardEffectiveDate>10/01/2021</AwardEffectiveDate>
<AwardExpirationDate>09/30/2024</AwardExpirationDate>
<AwardTotalIntnAmount>877449.00</AwardTotalIntnAmount>
<AwardAmount>559010</AwardAmount>
<AwardInstrument>
<Value>Continuing Grant</Value>
</AwardInstrument>
<Organization>
<Code>11040000</Code>
<Directorate>
<Abbreviation>EHR</Abbreviation>
<LongName>Direct For Education and Human Resources</LongName>
</Directorate>
<Division>
<Abbreviation>DUE</Abbreviation>
<LongName>Division Of Undergraduate Education</LongName>
</Division>
</Organization>
<ProgramOfficer>
<SignBlockName>Bonnie Green</SignBlockName>
<PO_EMAI>bongreen@nsf.gov</PO_EMAI>
<PO_PHON>7032924386</PO_PHON>
</ProgramOfficer>
<AbstractNarration><![CDATA[This project aims to promote equitable design of Computer Science (CS) assessment in secondary and post-secondary education in the United States and globally, increasing the diversity of students engaging in CS learning through reduced test bias. In this study, we aim to address difficulties in assessing computer programming by investigating critical characteristics of programming tasks using both response process and product data. Findings will have direct practical implications for developing authentic, fair and valid assessment of learners with different demographic backgrounds. Through advancing our understanding of the cognitive processes underlying programming thereby informing ways to better teach, learn, and assess programming skills, we expect the project to impact the broader CS education community through shareable data sets to the general public, assessment innovations in large CS classrooms, actionable insights on test bias for CS instructors, and the engagement of undergraduates of diverse gender, race, and ability. The research team from the University of Washington also intends to integrate scientific discoveries from this study into the university’s publicly available course materials. The planned dissemination will maximize outreach to various outlets such as the NSF-supported Exploring Computing Education pathways that brings together state leaders shaping U.S. K-12 CS Education curricula, practices, and standards.&lt;br/&gt;&lt;br/&gt;This project consists of foundational research on assessing, learning and teaching computer programming skills. The project will capitalize on the ability of recording the coding process via keystroke logs to extract and summarize vast amounts of fine-grained information captured by observing program edits. We aim to study the relations between process and task characteristics, identifying patterns that are indicative of proficiencies and suggest fluency or dysfluency. Such identification will, in turn, allow for designing instructional, learning, or assessment materials that are targeted at specific needs of learners. We plan to triangulate different types of student data to address research questions around detecting meaningful behavioral patterns from timing and process data when students are engaged with computer programming, relations between tasks characteristics and programming process, student knowledge, attitudes, experience and proficiency, as well as the extent to which task design contribute to the performance patterns detected for students that vary along gender, ethnicity, and native language. The project will use controlled experiments and cognitive interviews to collect quantitative and qualitative data. Multiple instruments will be used for data collection, such as the ETS Major Field Test-Computer Science. In terms of data analysis, the project will leverage various analytical and modeling techniques from the fields of psychometrics, statistics, machine learning, and educational data mining. Findings from this project will offer empirically-tested guidelines on which task characteristics to account for when designing fair and valid assessments across different demographic groups. This project is funded by the EHR Core Research (ECR) program, which supports work that advances fundamental research on STEM learning and learning environments, broadening participation in STEM, and STEM workforce development.&lt;br/&gt;&lt;br/&gt;This award reflects NSF's statutory mission and has been deemed worthy of support through evaluation using the Foundation's intellectual merit and broader impacts review criteria.]]></AbstractNarration>
<MinAmdLetterDate>08/23/2021</MinAmdLetterDate>
<MaxAmdLetterDate>08/23/2021</MaxAmdLetterDate>
<ARRAAmount/>
<TRAN_TYPE>Grant</TRAN_TYPE>
<CFDA_NUM>47.076</CFDA_NUM>
<NSF_PAR_USE_FLAG>1</NSF_PAR_USE_FLAG>
<FUND_AGCY_CODE>4900</FUND_AGCY_CODE>
<AWDG_AGCY_CODE>4900</AWDG_AGCY_CODE>
<AwardID>2100296</AwardID>
<Investigator>
<FirstName>Min</FirstName>
<LastName>Li</LastName>
<PI_MID_INIT/>
<PI_SUFX_NAME/>
<PI_FULL_NAME>Min Li</PI_FULL_NAME>
<EmailAddress><![CDATA[minli@u.washington.edu]]></EmailAddress>
<NSF_ID>000486022</NSF_ID>
<StartDate>08/23/2021</StartDate>
<EndDate/>
<RoleCode>Co-Principal Investigator</RoleCode>
</Investigator>
<Investigator>
<FirstName>Amy</FirstName>
<LastName>Ko</LastName>
<PI_MID_INIT>J</PI_MID_INIT>
<PI_SUFX_NAME/>
<PI_FULL_NAME>Amy J Ko</PI_FULL_NAME>
<EmailAddress><![CDATA[ajko@uw.edu]]></EmailAddress>
<NSF_ID>000510102</NSF_ID>
<StartDate>08/23/2021</StartDate>
<EndDate/>
<RoleCode>Principal Investigator</RoleCode>
</Investigator>
<Institution>
<Name>University of Washington</Name>
<CityName>Seattle</CityName>
<ZipCode>981950001</ZipCode>
<PhoneNumber>2065434043</PhoneNumber>
<StreetAddress>4333 Brooklyn Ave NE</StreetAddress>
<StreetAddress2/>
<CountryName>United States</CountryName>
<StateName>Washington</StateName>
<StateCode>WA</StateCode>
<CONGRESSDISTRICT>07</CONGRESSDISTRICT>
<CONGRESS_DISTRICT_ORG>WA07</CONGRESS_DISTRICT_ORG>
<ORG_UEI_NUM>HD1WMN6945W6</ORG_UEI_NUM>
<ORG_LGL_BUS_NAME>UNIVERSITY OF WASHINGTON</ORG_LGL_BUS_NAME>
<ORG_PRNT_UEI_NUM>NFJ3CMQ4B418</ORG_PRNT_UEI_NUM>
</Institution>
<Performance_Institution>
<Name><![CDATA[University of Washington]]></Name>
<CityName>Seattle</CityName>
<StateCode>WA</StateCode>
<ZipCode>981950001</ZipCode>
<StreetAddress><![CDATA[4333 Brooklyn Ave NE]]></StreetAddress>
<CountryCode>US</CountryCode>
<CountryName>United States</CountryName>
<StateName>Washington</StateName>
<CountryFlag>1</CountryFlag>
<CONGRESSDISTRICT>07</CONGRESSDISTRICT>
<CONGRESS_DISTRICT_PERF>WA07</CONGRESS_DISTRICT_PERF>
</Performance_Institution>
<ProgramElement>
<Code>7980</Code>
<Text>ECR-EHR Core Research</Text>
</ProgramElement>
<ProgramReference>
<Code>7261</Code>
<Text>PROGRAM EVALUATION</Text>
</ProgramReference>
<ProgramReference>
<Code>8212</Code>
<Text>Broaden Particip STEM Resrch</Text>
</ProgramReference>
<ProgramReference>
<Code>8816</Code>
<Text>Workforce Development</Text>
</ProgramReference>
<ProgramReference>
<Code>8817</Code>
<Text>STEM Learning &amp; Learning Environments</Text>
</ProgramReference>
<Appropriation>
<Code>0421</Code>
<Name>NSF Education &amp; Human Resource</Name>
<APP_SYMB_ID>040106</APP_SYMB_ID>
</Appropriation>
<Fund>
<Code>04002122DB</Code>
<Name><![CDATA[NSF Education & Human Resource]]></Name>
<FUND_SYMB_ID>040106</FUND_SYMB_ID>
</Fund>
<FUND_OBLG>2021~559010</FUND_OBLG>
</Award>
</rootTag>
