<?xml version="1.0" encoding="UTF-8"?>
<rootTag>
<Award>
<AwardTitle>Collaborative Research: Disentangling biological and environmental drivers of diversification in the Andean flora</AwardTitle>
<AGENCY>NSF</AGENCY>
<AwardEffectiveDate>08/01/2021</AwardEffectiveDate>
<AwardExpirationDate>07/31/2024</AwardExpirationDate>
<AwardTotalIntnAmount>333083.00</AwardTotalIntnAmount>
<AwardAmount>333083</AwardAmount>
<AwardInstrument>
<Value>Standard Grant</Value>
</AwardInstrument>
<Organization>
<Code>08010000</Code>
<Directorate>
<Abbreviation>BIO</Abbreviation>
<LongName>Direct For Biological Sciences</LongName>
</Directorate>
<Division>
<Abbreviation>DEB</Abbreviation>
<LongName>Division Of Environmental Biology</LongName>
</Division>
</Organization>
<ProgramOfficer>
<SignBlockName>Shannon Fehlberg</SignBlockName>
<PO_EMAI>sfehlber@nsf.gov</PO_EMAI>
<PO_PHON>7032928784</PO_PHON>
</ProgramOfficer>
<AbstractNarration>The tropical Andes of South America is one of the world’s richest biodiversity hotspots. This diversity likely evolved due to the complex environmental and geological history of this region. However, exactly how plant diversity arose from the combination of mountain uplift, the development of new habitats, and species interactions is unclear. This research aims to understand how these factors led to plant diversity in cloud forests and high-elevation grasslands. The researchers will develop new software to compare plant genomes to understand the ancestry of four groups of flowering plants in the Andes. The project will also result in new mathematical models to test the importance of different factors in shaping diversity in these plant groups. These new methods will have broad application to studies of biodiversity in the Andes and beyond. Additionally, this project aims to train the next generation of scientists in the study of biodiversity through a variety of interrelated activities, including: (1) a course for undergraduates to do guided genomic research; (2) collaborative training for students; and (3) computational training for diverse students.&lt;br/&gt;&lt;br/&gt;The project will first establish well-supported phylogenetic hypotheses for each of the four focal clades of Andean plants using low-coverage and targeted genome sequence data. Samples will be collected from Colombia as well as museums. This work highlights the importance of natural history collections in cutting-edge biological research, and new fieldwork will add to those collections. A component of the research will be to develop new approaches to address complexities common in plant genomes, including polyploidy and paralogy, that can affect estimates of evolutionary relationships. These methods will be made available through open-source software such that other researchers can easily estimate phylogenies and examine support for phylogenetic hypotheses using sequence data. Second, the project will develop new models that jointly infer the roles of dispersal and trait evolution in species diversification. These methods will be applied to phylogenomic, morphological, and distribution data collected for this project. These methods will also be made publicly available for widespread use. Finally, by comparing the roles of biogeographic and ecological processes in generating diversity in these clades, the research will address the generality or idiosyncrasy of the processes facilitating rapid radiation in tropical Andean plants.&lt;br/&gt;&lt;br/&gt;This award reflects NSF's statutory mission and has been deemed worthy of support through evaluation using the Foundation's intellectual merit and broader impacts review criteria.</AbstractNarration>
<MinAmdLetterDate>03/29/2021</MinAmdLetterDate>
<MaxAmdLetterDate>05/21/2021</MaxAmdLetterDate>
<ARRAAmount/>
<TRAN_TYPE>Grant</TRAN_TYPE>
<CFDA_NUM>47.074</CFDA_NUM>
<NSF_PAR_USE_FLAG>1</NSF_PAR_USE_FLAG>
<FUND_AGCY_CODE>4900</FUND_AGCY_CODE>
<AWDG_AGCY_CODE>4900</AWDG_AGCY_CODE>
<AwardID>2100217</AwardID>
<Investigator>
<FirstName>Rachel</FirstName>
<LastName>Schwartz</LastName>
<PI_MID_INIT>S</PI_MID_INIT>
<PI_SUFX_NAME/>
<PI_FULL_NAME>Rachel S Schwartz</PI_FULL_NAME>
<EmailAddress>rsschwartz@uri.edu</EmailAddress>
<PI_PHON>4018745404</PI_PHON>
<NSF_ID>000515761</NSF_ID>
<StartDate>03/29/2021</StartDate>
<EndDate/>
<RoleCode>Principal Investigator</RoleCode>
</Investigator>
<Institution>
<Name>University of Rhode Island</Name>
<CityName>KINGSTON</CityName>
<ZipCode>028811974</ZipCode>
<PhoneNumber>4018742635</PhoneNumber>
<StreetAddress>75 LOWER COLLEGE</StreetAddress>
<StreetAddress2/>
<CountryName>United States</CountryName>
<StateName>Rhode Island</StateName>
<StateCode>RI</StateCode>
<CONGRESSDISTRICT>02</CONGRESSDISTRICT>
<CONGRESS_DISTRICT_ORG>RI02</CONGRESS_DISTRICT_ORG>
<ORG_UEI_NUM>CJDNG9D14MW7</ORG_UEI_NUM>
<ORG_LGL_BUS_NAME>UNIVERSITY OF RHODE ISLAND</ORG_LGL_BUS_NAME>
<ORG_PRNT_UEI_NUM>NFS9RNJVPMC7</ORG_PRNT_UEI_NUM>
</Institution>
<Performance_Institution>
<Name><![CDATA[University of Rhode Island]]></Name>
<CityName>Kingston</CityName>
<StateCode>RI</StateCode>
<ZipCode>028812015</ZipCode>
<StreetAddress><![CDATA[120 Flagg Rd, CBLS - Biological]]></StreetAddress>
<CountryCode>US</CountryCode>
<CountryName>United States</CountryName>
<StateName>Rhode Island</StateName>
<CountryFlag>1</CountryFlag>
<CONGRESSDISTRICT>02</CONGRESSDISTRICT>
<CONGRESS_DISTRICT_PERF>RI02</CONGRESS_DISTRICT_PERF>
</Performance_Institution>
<ProgramElement>
<Code>7374</Code>
<Text>Systematics &amp; Biodiversity Sci</Text>
</ProgramElement>
<ProgramReference>
<Code>9150</Code>
<Text>EXP PROG TO STIM COMP RES</Text>
</ProgramReference>
<Appropriation>
<Code>0121</Code>
<Name>NSF RESEARCH &amp; RELATED ACTIVIT</Name>
<APP_SYMB_ID>040100</APP_SYMB_ID>
</Appropriation>
<Fund>
<Code>01002122DB</Code>
<Name><![CDATA[NSF RESEARCH & RELATED ACTIVIT]]></Name>
<FUND_SYMB_ID>040100</FUND_SYMB_ID>
</Fund>
<FUND_OBLG>2021~333083</FUND_OBLG>
</Award>
</rootTag>
