<?xml version="1.0" encoding="UTF-8"?>
<rootTag>
<Award>
<AwardTitle><![CDATA[Excellence in Research: Scaling Social Capital and Health across Space]]></AwardTitle>
<AGENCY>NSF</AGENCY>
<AwardEffectiveDate>08/15/2021</AwardEffectiveDate>
<AwardExpirationDate>07/31/2024</AwardExpirationDate>
<AwardTotalIntnAmount>622524.00</AwardTotalIntnAmount>
<AwardAmount>622524</AwardAmount>
<AwardInstrument>
<Value>Standard Grant</Value>
</AwardInstrument>
<Organization>
<Code>04050000</Code>
<Directorate>
<Abbreviation>SBE</Abbreviation>
<LongName>Direct For Social, Behav &amp; Economic Scie</LongName>
</Directorate>
<Division>
<Abbreviation>SES</Abbreviation>
<LongName>Divn Of Social and Economic Sciences</LongName>
</Division>
</Organization>
<ProgramOfficer>
<SignBlockName>Joseph Whitmeyer</SignBlockName>
<PO_EMAI>jwhitmey@nsf.gov</PO_EMAI>
<PO_PHON>7032927808</PO_PHON>
</ProgramOfficer>
<AbstractNarration><![CDATA[In this project, the effects of collective action and collective efficacy on health literacy are investigated.  This is undertaken for local and remote groups, including those native to their area and those who have relocated into the region.  Data are collected in two ways, through surveys, which are analyzed statistically, and through interviews.   The goal is to produce new theoretical insights for future scholars, researchers, and practitioners working on social determinants of health and population movements and their intersections at the local and global levels.  The project will also provide under-represented students with hands-on research experience by providing them with the opportunity to undertake fieldwork.  Findings from this study contribute both theoretically and empirically to the study of collective efficacy and health literacy and are relevant to public health practitioners and decision makers.&lt;br/&gt;&lt;br/&gt;In this study, sequential mixed methods are used to understand the relationship between collective efficacy and health literacy.  Drawing on a community-engaged approach for partnership building with community members, data are collected using, surveys, focus groups, and interviews for both local and relocated groups. Specifically, the main components of collective efficacy – social cohesion, informal social control, and social participation – and their relationship with health literacy are measured in both groups’ contexts.  A sample size is estimated based on Mixed Methods Test.  Data analyses use hierarchical statistical methods and qualitative coding methods as appropriate.  This project is supported jointly by the Sociology Program, the HBCU-EIR Program, and the Build and Broaden Program.&lt;br/&gt;&lt;br/&gt;This award reflects NSF's statutory mission and has been deemed worthy of support through evaluation using the Foundation's intellectual merit and broader impacts review criteria.]]></AbstractNarration>
<MinAmdLetterDate>08/27/2021</MinAmdLetterDate>
<MaxAmdLetterDate>08/27/2021</MaxAmdLetterDate>
<ARRAAmount/>
<TRAN_TYPE>Grant</TRAN_TYPE>
<CFDA_NUM>47.075</CFDA_NUM>
<NSF_PAR_USE_FLAG>1</NSF_PAR_USE_FLAG>
<FUND_AGCY_CODE>4900</FUND_AGCY_CODE>
<AWDG_AGCY_CODE>4900</AWDG_AGCY_CODE>
<AwardID>2100825</AwardID>
<Investigator>
<FirstName>Raymond</FirstName>
<LastName>Tutu</LastName>
<PI_MID_INIT>A</PI_MID_INIT>
<PI_SUFX_NAME/>
<PI_FULL_NAME>Raymond A Tutu</PI_FULL_NAME>
<EmailAddress><![CDATA[rtutu@desu.edu]]></EmailAddress>
<NSF_ID>000831999</NSF_ID>
<StartDate>08/27/2021</StartDate>
<EndDate/>
<RoleCode>Principal Investigator</RoleCode>
</Investigator>
<Investigator>
<FirstName>Anwar</FirstName>
<LastName>Ouassini</LastName>
<PI_MID_INIT/>
<PI_SUFX_NAME/>
<PI_FULL_NAME>Anwar Ouassini</PI_FULL_NAME>
<EmailAddress><![CDATA[aouassini@desu.edu]]></EmailAddress>
<NSF_ID>000839932</NSF_ID>
<StartDate>08/27/2021</StartDate>
<EndDate/>
<RoleCode>Co-Principal Investigator</RoleCode>
</Investigator>
<Institution>
<Name>Delaware State University</Name>
<CityName>DOVER</CityName>
<ZipCode>199012202</ZipCode>
<PhoneNumber>3028576001</PhoneNumber>
<StreetAddress>1200 N DUPONT HWY</StreetAddress>
<StreetAddress2/>
<CountryName>United States</CountryName>
<StateName>Delaware</StateName>
<StateCode>DE</StateCode>
<CONGRESSDISTRICT>00</CONGRESSDISTRICT>
<CONGRESS_DISTRICT_ORG>DE00</CONGRESS_DISTRICT_ORG>
<ORG_UEI_NUM>RZZ8BMQ47KX3</ORG_UEI_NUM>
<ORG_LGL_BUS_NAME>DELAWARE STATE UNIVERSITY</ORG_LGL_BUS_NAME>
<ORG_PRNT_UEI_NUM>RZZ8BMQ47KX3</ORG_PRNT_UEI_NUM>
</Institution>
<Performance_Institution>
<Name><![CDATA[Delaware State University]]></Name>
<CityName>Dover</CityName>
<StateCode>DE</StateCode>
<ZipCode>199012277</ZipCode>
<StreetAddress><![CDATA[1200 North DuPont Hwy]]></StreetAddress>
<CountryCode>US</CountryCode>
<CountryName>United States</CountryName>
<StateName>Delaware</StateName>
<CountryFlag>1</CountryFlag>
<CONGRESSDISTRICT>00</CONGRESSDISTRICT>
<CONGRESS_DISTRICT_PERF>DE00</CONGRESS_DISTRICT_PERF>
</Performance_Institution>
<ProgramElement>
<Code>070Y</Code>
<Text>HBCU-EiR - HBCU-Excellence in</Text>
</ProgramElement>
<ProgramElement>
<Code>1331</Code>
<Text>Sociology</Text>
</ProgramElement>
<ProgramElement>
<Code>146Y</Code>
<Text>Build and Broaden</Text>
</ProgramElement>
<ProgramReference>
<Code>9150</Code>
<Text>EXP PROG TO STIM COMP RES</Text>
</ProgramReference>
<Appropriation>
<Code>0121</Code>
<Name>NSF RESEARCH &amp; RELATED ACTIVIT</Name>
<APP_SYMB_ID>040100</APP_SYMB_ID>
</Appropriation>
<Fund>
<Code>01002122DB</Code>
<Name><![CDATA[NSF RESEARCH & RELATED ACTIVIT]]></Name>
<FUND_SYMB_ID>040100</FUND_SYMB_ID>
</Fund>
<FUND_OBLG>2021~622524</FUND_OBLG>
</Award>
</rootTag>
