<?xml version="1.0" encoding="UTF-8"?>
<rootTag>
<Award>
<AwardTitle><![CDATA[Collaborative Research: Examining Training Environments and Career Outcomes of Interdisciplinary STEM PhD Students]]></AwardTitle>
<AGENCY>NSF</AGENCY>
<AwardEffectiveDate>06/01/2021</AwardEffectiveDate>
<AwardExpirationDate>05/31/2026</AwardExpirationDate>
<AwardTotalIntnAmount>1389539.00</AwardTotalIntnAmount>
<AwardAmount>579826</AwardAmount>
<AwardInstrument>
<Value>Continuing Grant</Value>
</AwardInstrument>
<Organization>
<Code>11010000</Code>
<Directorate>
<Abbreviation>EHR</Abbreviation>
<LongName>Direct For Education and Human Resources</LongName>
</Directorate>
<Division>
<Abbreviation>DGE</Abbreviation>
<LongName>Division Of Graduate Education</LongName>
</Division>
</Organization>
<ProgramOfficer>
<SignBlockName>Earnestine Psalmonds</SignBlockName>
<PO_EMAI>eeaster@nsf.gov</PO_EMAI>
<PO_PHON>7032928112</PO_PHON>
</ProgramOfficer>
<AbstractNarration><![CDATA[This collaborative project with Ohio State University as the lead institution and Indiana University and Cornell University as partners examines the career outcomes across employment sectors of interdisciplinary graduate students, the environments in which they are trained, and how those environments relate to career outcomes. The investigators will use and expand an emerging infrastructure of data and measures to conduct a rich, multilevel analysis of individual career paths in the transition from graduate training to the workforce in the context of supply and demand factors that exist throughout a researcher’s career. The investigators will (1) study how the characteristics of interdisciplinary researchers compare to disciplinary researchers and how the structure of the teams and networks in which they train compare, (2) develop a range of novel measures of early career outcomes to study how outcomes relate to training environments of disciplinarians and interdisciplinarians, and (3) study how outcomes vary across disciplines and by market demand. The project will enable young researchers to be better informed about the career outcomes of interdisciplinary researchers and provide actionable information to improve the training environments for these researchers.  &lt;br/&gt;&lt;br/&gt;The project will be implemented using the emerging UMETRICS infrastructure, and the data and metrics that the investigators develop on interdisciplinarity will flow back into the UMETRICS data infrastructure and made accessible for other researchers through the virtual enclave run by the Institute for Research on Innovation and Science at the University of Michigan. The research will include three tasks. Task 1: Develop rich multi-faceted measures to identify interdisciplinarity among STEM doctoral students and researchers.  A wide range of integrated data resources will be used to operationalize “interdisciplinarity”. Investigators will generate field-based measures, citation-based measures, field transition measures, and text-based measures that will be cross-validated to trace the interdisciplinarity of research trajectories post graduation. Task 2:  Describe the environments in which interdisciplinary graduate students train.  Investigators will describe a range of dimensions of training environments and how they relate to interdisciplinary research, including advisors, teams, team size and composition, team diversity, and funding mechanism. Task 3: Estimate a wide range of career outcomes for interdisciplinary PhD recipients and the role of supply and demand in shaping outcomes. Data will examine whether interdisciplinary research is mostly induced by discoveries in new fields that open new avenues of research or whether the need for interdisciplinary research induces these discoveries.  The project will expand an evolving data infrastructure for investigating STEM workforce development.      &lt;br/&gt;&lt;br/&gt;The project is supported by the EHR Core Research program that funds fundamental research focused on STEM learning and learning environments, broadening participation in STEM fields, and STEM workforce development.&lt;br/&gt;&lt;br/&gt;This award reflects NSF's statutory mission and has been deemed worthy of support through evaluation using the Foundation's intellectual merit and broader impacts review criteria.]]></AbstractNarration>
<MinAmdLetterDate>05/28/2021</MinAmdLetterDate>
<MaxAmdLetterDate>05/28/2021</MaxAmdLetterDate>
<ARRAAmount/>
<TRAN_TYPE>Grant</TRAN_TYPE>
<CFDA_NUM>47.076</CFDA_NUM>
<NSF_PAR_USE_FLAG>1</NSF_PAR_USE_FLAG>
<FUND_AGCY_CODE>4900</FUND_AGCY_CODE>
<AWDG_AGCY_CODE>4900</AWDG_AGCY_CODE>
<AwardID>2100234</AwardID>
<Investigator>
<FirstName>Bruce</FirstName>
<LastName>Weinberg</LastName>
<PI_MID_INIT>A</PI_MID_INIT>
<PI_SUFX_NAME/>
<PI_FULL_NAME>Bruce A Weinberg</PI_FULL_NAME>
<EmailAddress><![CDATA[weinberg.27@osu.edu]]></EmailAddress>
<NSF_ID>000211882</NSF_ID>
<StartDate>05/28/2021</StartDate>
<EndDate/>
<RoleCode>Principal Investigator</RoleCode>
</Investigator>
<Investigator>
<FirstName>Andrew</FirstName>
<LastName>Hanks</LastName>
<PI_MID_INIT>S</PI_MID_INIT>
<PI_SUFX_NAME/>
<PI_FULL_NAME>Andrew S Hanks</PI_FULL_NAME>
<EmailAddress><![CDATA[hanks.46@osu.edu]]></EmailAddress>
<NSF_ID>000692341</NSF_ID>
<StartDate>05/28/2021</StartDate>
<EndDate/>
<RoleCode>Co-Principal Investigator</RoleCode>
</Investigator>
<Institution>
<Name>Ohio State University</Name>
<CityName>COLUMBUS</CityName>
<ZipCode>432101016</ZipCode>
<PhoneNumber>6146888735</PhoneNumber>
<StreetAddress>1960 KENNY RD</StreetAddress>
<StreetAddress2/>
<CountryName>United States</CountryName>
<StateName>Ohio</StateName>
<StateCode>OH</StateCode>
<CONGRESSDISTRICT>03</CONGRESSDISTRICT>
<CONGRESS_DISTRICT_ORG>OH03</CONGRESS_DISTRICT_ORG>
<ORG_UEI_NUM>DLWBSLWAJWR1</ORG_UEI_NUM>
<ORG_LGL_BUS_NAME>OHIO STATE UNIVERSITY, THE</ORG_LGL_BUS_NAME>
<ORG_PRNT_UEI_NUM>MN4MDDMN8529</ORG_PRNT_UEI_NUM>
</Institution>
<Performance_Institution>
<Name><![CDATA[Ohio State University]]></Name>
<CityName>Columbus</CityName>
<StateCode>OH</StateCode>
<ZipCode>432101016</ZipCode>
<StreetAddress><![CDATA[Office of Sponsored Programs]]></StreetAddress>
<CountryCode>US</CountryCode>
<CountryName>United States</CountryName>
<StateName>Ohio</StateName>
<CountryFlag>1</CountryFlag>
<CONGRESSDISTRICT>03</CONGRESSDISTRICT>
<CONGRESS_DISTRICT_PERF>OH03</CONGRESS_DISTRICT_PERF>
</Performance_Institution>
<ProgramElement>
<Code>7980</Code>
<Text>ECR-EHR Core Research</Text>
</ProgramElement>
<ProgramReference>
<Code>8816</Code>
<Text>Workforce Development</Text>
</ProgramReference>
<Appropriation>
<Code>0421</Code>
<Name>NSF Education &amp; Human Resource</Name>
<APP_SYMB_ID>040106</APP_SYMB_ID>
</Appropriation>
<Fund>
<Code>04002122DB</Code>
<Name><![CDATA[NSF Education & Human Resource]]></Name>
<FUND_SYMB_ID>040106</FUND_SYMB_ID>
</Fund>
<FUND_OBLG>2021~579826</FUND_OBLG>
</Award>
</rootTag>
