<?xml version="1.0" encoding="UTF-8"?>
<rootTag>
<Award>
<AwardTitle>Excellence in Research: Human Centered Visual Analytics for Evidence Based Decision Making in Hunger Relief</AwardTitle>
<AGENCY>NSF</AGENCY>
<AwardEffectiveDate>10/01/2021</AwardEffectiveDate>
<AwardExpirationDate>09/30/2024</AwardExpirationDate>
<AwardTotalIntnAmount>400000.00</AwardTotalIntnAmount>
<AwardAmount>400000</AwardAmount>
<AwardInstrument>
<Value>Standard Grant</Value>
</AwardInstrument>
<Organization>
<Code>05050000</Code>
<Directorate>
<Abbreviation>CSE</Abbreviation>
<LongName>Direct For Computer &amp; Info Scie &amp; Enginr</LongName>
</Directorate>
<Division>
<Abbreviation>CNS</Abbreviation>
<LongName>Division Of Computer and Network Systems</LongName>
</Division>
</Organization>
<ProgramOfficer>
<SignBlockName>Michelle Rogers</SignBlockName>
<PO_EMAI>mlrogers@nsf.gov</PO_EMAI>
<PO_PHON>7032927786</PO_PHON>
</ProgramOfficer>
<AbstractNarration>Food insecurity defined as the uncertain or limited access to safe and nutritious food for an active, healthy life is a growing problem in the United States. Nonprofit hunger relief organizations, such as food banks, play a significant role in providing safe and nutritious food to people who experience food insecurity.  Hunger relief operations rely on evidence based decisions and they lack scientifically-based validated tools and resources that can assist their decision making. This project integrates the computing power of data analytics with human factors to improve evidence based decision making that impacts food insecurity and hunger relief operations.  This project has substantial benefits to society. The ability to provide evidence based decisions through interactive visualization that combines analytical power and human reasoning will empower food banks to have better understanding of all aspects of food bank operations including behaviors of donors and partner agencies, demand and supply, and therefore, allow them to make informed decisions to help the people in need. This project will enable hunger relief organizations to satisfy greater demand by more efficiently allocating available resources, thus impacting human life. The nature of this project has the potential to increase participation of underrepresented minority students to conduct research in the application of engineering to problems with societal benefit.&lt;br/&gt; &lt;br/&gt;This project will focus on improving the way hunger relief organizations interact with information and develop a systematic approach that is human centered and accounts for human cognitive limitations to provide interactive visual analytics toolkits that are accessible, interpretable, and readily implementable, and are tailored to hunger relief operations. This project will significantly contribute to the knowledge base with regard to data analytics and visualization of in-kind donations and food need, which is an important but understudied topic. This project will provide a framework for how big data can be synthesized and visualized that is truly human centered in the hunger relief sector and transform the way the operations of these organizations interact with information and improve the efficiency and effectiveness of their decision making.&lt;br/&gt;&lt;br/&gt;This project is co-funded by the Historically Black Colleges and Universities-Undergraduate Program (HBCU-UP).&lt;br/&gt;&lt;br/&gt;This award reflects NSF's statutory mission and has been deemed worthy of support through evaluation using the Foundation's intellectual merit and broader impacts review criteria.</AbstractNarration>
<MinAmdLetterDate>08/26/2021</MinAmdLetterDate>
<MaxAmdLetterDate>08/26/2021</MaxAmdLetterDate>
<ARRAAmount/>
<TRAN_TYPE>Grant</TRAN_TYPE>
<CFDA_NUM>47.070</CFDA_NUM>
<NSF_PAR_USE_FLAG>1</NSF_PAR_USE_FLAG>
<FUND_AGCY_CODE>4900</FUND_AGCY_CODE>
<AWDG_AGCY_CODE>4900</AWDG_AGCY_CODE>
<AwardID>2100855</AwardID>
<Investigator>
<FirstName>Steven</FirstName>
<LastName>Jiang</LastName>
<PI_MID_INIT>X</PI_MID_INIT>
<PI_SUFX_NAME/>
<PI_FULL_NAME>Steven X Jiang</PI_FULL_NAME>
<EmailAddress>xjiang@ncat.edu</EmailAddress>
<PI_PHON>3362853726</PI_PHON>
<NSF_ID>000493859</NSF_ID>
<StartDate>08/26/2021</StartDate>
<EndDate/>
<RoleCode>Principal Investigator</RoleCode>
</Investigator>
<Investigator>
<FirstName>Lauren</FirstName>
<LastName>Davis</LastName>
<PI_MID_INIT/>
<PI_SUFX_NAME/>
<PI_FULL_NAME>Lauren Davis</PI_FULL_NAME>
<EmailAddress>lbdavis@ncat.edu</EmailAddress>
<PI_PHON>3362853724</PI_PHON>
<NSF_ID>000064815</NSF_ID>
<StartDate>08/26/2021</StartDate>
<EndDate/>
<RoleCode>Co-Principal Investigator</RoleCode>
</Investigator>
<Institution>
<Name>North Carolina Agricultural &amp; Technical State University</Name>
<CityName>GREENSBORO</CityName>
<ZipCode>274110001</ZipCode>
<PhoneNumber>3363347995</PhoneNumber>
<StreetAddress>1601 E MARKET ST DOWDY BLDG STE</StreetAddress>
<StreetAddress2/>
<CountryName>United States</CountryName>
<StateName>North Carolina</StateName>
<StateCode>NC</StateCode>
<CONGRESSDISTRICT>06</CONGRESSDISTRICT>
<CONGRESS_DISTRICT_ORG>NC06</CONGRESS_DISTRICT_ORG>
<ORG_UEI_NUM>SKH5GMBR9GL3</ORG_UEI_NUM>
<ORG_LGL_BUS_NAME>NORTH CAROLINA AGRICULTURAL AND TECHNICAL STATE UNIVERSITY</ORG_LGL_BUS_NAME>
<ORG_PRNT_UEI_NUM>SKH5GMBR9GL3</ORG_PRNT_UEI_NUM>
</Institution>
<Performance_Institution>
<Name><![CDATA[North Carolina Agricultural & Technical State University]]></Name>
<CityName>Greensboro</CityName>
<StateCode>NC</StateCode>
<ZipCode>274110001</ZipCode>
<StreetAddress><![CDATA[1601 E Market Street]]></StreetAddress>
<CountryCode>US</CountryCode>
<CountryName>United States</CountryName>
<StateName>North Carolina</StateName>
<CountryFlag>1</CountryFlag>
<CONGRESSDISTRICT>06</CONGRESSDISTRICT>
<CONGRESS_DISTRICT_PERF>NC06</CONGRESS_DISTRICT_PERF>
</Performance_Institution>
<ProgramElement>
<Code>070Y</Code>
<Text>HBCU-EiR - HBCU-Excellence in</Text>
</ProgramElement>
<ProgramElement>
<Code>1594</Code>
<Text>Hist Black Colleges and Univ</Text>
</ProgramElement>
<ProgramReference>
<Code>041Z</Code>
<Text>HBCU-Strengthening Research Capacities</Text>
</ProgramReference>
<ProgramReference>
<Code>9178</Code>
<Text>UNDERGRADUATE EDUCATION</Text>
</ProgramReference>
<Appropriation>
<Code>0121</Code>
<Name>NSF RESEARCH &amp; RELATED ACTIVIT</Name>
<APP_SYMB_ID>040100</APP_SYMB_ID>
</Appropriation>
<Appropriation>
<Code>0421</Code>
<Name>NSF Education &amp; Human Resource</Name>
<APP_SYMB_ID>040106</APP_SYMB_ID>
</Appropriation>
<Fund>
<Code>01002122DB</Code>
<Name><![CDATA[NSF RESEARCH & RELATED ACTIVIT]]></Name>
<FUND_SYMB_ID>040100</FUND_SYMB_ID>
</Fund>
<Fund>
<Code>04002122DB</Code>
<Name><![CDATA[NSF Education & Human Resource]]></Name>
<FUND_SYMB_ID>040106</FUND_SYMB_ID>
</Fund>
<FUND_OBLG>2021~400000</FUND_OBLG>
</Award>
</rootTag>
