<?xml version="1.0" encoding="UTF-8"?>
<rootTag>
<Award>
<AwardTitle>Excellence in Research - Investigating Smooth Muscle-based Regulation of Non-shivering Thermogenesis</AwardTitle>
<AGENCY>NSF</AGENCY>
<AwardEffectiveDate>07/01/2021</AwardEffectiveDate>
<AwardExpirationDate>06/30/2025</AwardExpirationDate>
<AwardTotalIntnAmount>873768.00</AwardTotalIntnAmount>
<AwardAmount>873768</AwardAmount>
<AwardInstrument>
<Value>Standard Grant</Value>
</AwardInstrument>
<Organization>
<Code>08090000</Code>
<Directorate>
<Abbreviation>BIO</Abbreviation>
<LongName>Direct For Biological Sciences</LongName>
</Directorate>
<Division>
<Abbreviation>IOS</Abbreviation>
<LongName>Division Of Integrative Organismal Systems</LongName>
</Division>
</Organization>
<ProgramOfficer>
<SignBlockName>Kathryn Dickson</SignBlockName>
<PO_EMAI>kdickson@nsf.gov</PO_EMAI>
<PO_PHON>7032927380</PO_PHON>
</ProgramOfficer>
<AbstractNarration>This project tests the hypothesis that smooth muscle contributes significantly to heat production during cold acclimation in mice, and investigates the mechanisms of heat production in these cells. Mammals and birds adjust to a cold environment by stimulating biochemical processes in specific cells to increase heat production within the body, allowing survival at cold temperatures. To date, the specific cells known to produce heat for body temperature regulation are those that comprise brown fat and skeletal muscle. This research will examine a previously unrecognized potential for smooth muscle cells to produce heat to keep animals warm when housed at a cold temperature. The study will use a unique animal model in which a protein that stimulates biochemical processes that enhance heat production is removed from smooth muscle cells. The knowledge gained from these studies may have important implications for proper cell function and body weight maintenance. Rigorous academic and civic training opportunities will be provided to under-represented minority graduate students pursuing careers in the STEM workforce. A new course that incorporates didactic and hands-on training will be developed to expand the knowledge of under-represented students in temperature regulation. Additionally, this project will engage K-12 public school students and the lay community to demystify the scientific research process and expose the lay minority community to science. &lt;br/&gt;&lt;br/&gt;This project will establish a novel paradigm for thermoregulation and energy expenditure in mammals and broaden the participation of under-represented graduate students in STEM-related basic research. The project tests the hypothesis that smooth muscle regulates energy expenditure and contributes to temperature homeostasis through a serum and glucocorticoid-inducible kinase 1 (SGK1)-based mechanism of non-shivering thermogenesis (NST). NST is the production of internal body heat and is crucial for maintenance of core body temperature and energy expenditure. Experiments will examine the contribution and function of smooth muscle and SGK1 in thermoregulation and energy expenditure in smooth-muscle-cell (SMC)-specific SGK1 null mice under thermoneutral housing temperatures and cold-challenged conditions. Preliminary studies demonstrate that thermogenic processes mediated by the mitochondria are enhanced in SMC-specific SGK1 null mice. This project will establish a novel paradigm for NST by uncovering a previously unknown thermogenic role for SGK1 in smooth muscle. The research will help to broaden scientific knowledge of how endothermic animals are able to maintain body temperature and ensure survival, and could lead to future applications for reducing obesity in humans. In addition, this proposal will facilitate training opportunities for under-represented minority students who are enrolled in the graduate programs at Morehouse School of Medicine. This award will provide an opportunity for students to conduct research, contribute to the body of scientific literature, and receive scientific, academic and civic mentorship to support future employment in STEM-related careers and contribute to the diversification of the American scientific workforce. Community-based projects involving lay minority members will be incorporated to enhance their exposure to the scientific process.&lt;br/&gt;&lt;br/&gt;This award is co-funded by the Historically Black Colleges and Universities - Excellence in Research Program in the Office of Integrative Activities and the Physiological Mechanisms and Biomechanics Program in the Division of Integrative Organismal Systems, Directorate for Biological Sciences.&lt;br/&gt;&lt;br/&gt;This award reflects NSF's statutory mission and has been deemed worthy of support through evaluation using the Foundation's intellectual merit and broader impacts review criteria.</AbstractNarration>
<MinAmdLetterDate>06/21/2021</MinAmdLetterDate>
<MaxAmdLetterDate>06/21/2021</MaxAmdLetterDate>
<ARRAAmount/>
<TRAN_TYPE>Grant</TRAN_TYPE>
<CFDA_NUM>47.074</CFDA_NUM>
<NSF_PAR_USE_FLAG>1</NSF_PAR_USE_FLAG>
<FUND_AGCY_CODE>4900</FUND_AGCY_CODE>
<AWDG_AGCY_CODE>4900</AWDG_AGCY_CODE>
<AwardID>2100832</AwardID>
<Investigator>
<FirstName>Sharon</FirstName>
<LastName>Francis</LastName>
<PI_MID_INIT/>
<PI_SUFX_NAME/>
<PI_FULL_NAME>Sharon Francis</PI_FULL_NAME>
<EmailAddress>sfrancis@msm.edu</EmailAddress>
<PI_PHON>4047528672</PI_PHON>
<NSF_ID>000768468</NSF_ID>
<StartDate>06/21/2021</StartDate>
<EndDate/>
<RoleCode>Principal Investigator</RoleCode>
</Investigator>
<Institution>
<Name>Morehouse School of Medicine</Name>
<CityName>ATLANTA</CityName>
<ZipCode>303101458</ZipCode>
<PhoneNumber>4047521725</PhoneNumber>
<StreetAddress>720 WESTVIEW DR SW</StreetAddress>
<StreetAddress2/>
<CountryName>United States</CountryName>
<StateName>Georgia</StateName>
<StateCode>GA</StateCode>
<CONGRESSDISTRICT>05</CONGRESSDISTRICT>
<CONGRESS_DISTRICT_ORG>GA05</CONGRESS_DISTRICT_ORG>
<ORG_UEI_NUM>X5S7PNXMJMC7</ORG_UEI_NUM>
<ORG_LGL_BUS_NAME>MOREHOUSE SCHOOL OF MEDICINE, INC., THE</ORG_LGL_BUS_NAME>
<ORG_PRNT_UEI_NUM>X5S7PNXMJMC7</ORG_PRNT_UEI_NUM>
</Institution>
<Performance_Institution>
<Name><![CDATA[Morehouse School of Medicine - Atlanta, GA]]></Name>
<CityName>Atlanta</CityName>
<StateCode>GA</StateCode>
<ZipCode>303101495</ZipCode>
<StreetAddress><![CDATA[720 Westview Dr SW, Research Win]]></StreetAddress>
<CountryCode>US</CountryCode>
<CountryName>United States</CountryName>
<StateName>Georgia</StateName>
<CountryFlag>1</CountryFlag>
<CONGRESSDISTRICT>05</CONGRESSDISTRICT>
<CONGRESS_DISTRICT_PERF>GA05</CONGRESS_DISTRICT_PERF>
</Performance_Institution>
<ProgramElement>
<Code>070Y</Code>
<Text>HBCU-EiR - HBCU-Excellence in</Text>
</ProgramElement>
<ProgramElement>
<Code>7658</Code>
<Text>Physiolgcl Mechnsms&amp;Biomechnsm</Text>
</ProgramElement>
<ProgramReference>
<Code>1228</Code>
<Text>MINORITY INVOLVEMENT -- BIO</Text>
</ProgramReference>
<ProgramReference>
<Code>1594</Code>
<Text>HIST BLACK COLLEGES AND UNIV</Text>
</ProgramReference>
<ProgramReference>
<Code>2886</Code>
<Text>MINORITY INSTITUTIONS PROGRAM</Text>
</ProgramReference>
<ProgramReference>
<Code>9179</Code>
<Text>GRADUATE INVOLVEMENT</Text>
</ProgramReference>
<Appropriation>
<Code>0121</Code>
<Name>NSF RESEARCH &amp; RELATED ACTIVIT</Name>
<APP_SYMB_ID>040100</APP_SYMB_ID>
</Appropriation>
<Fund>
<Code>01002122DB</Code>
<Name><![CDATA[NSF RESEARCH & RELATED ACTIVIT]]></Name>
<FUND_SYMB_ID>040100</FUND_SYMB_ID>
</Fund>
<FUND_OBLG>2021~873768</FUND_OBLG>
</Award>
</rootTag>
