<?xml version="1.0" encoding="UTF-8"?>
<rootTag>
<Award>
<AwardTitle>Excellence in Research: Statistical Network Modeling and Inference for Complex Data</AwardTitle>
<AGENCY>NSF</AGENCY>
<AwardEffectiveDate>08/01/2021</AwardEffectiveDate>
<AwardExpirationDate>07/31/2024</AwardExpirationDate>
<AwardTotalIntnAmount>783432.00</AwardTotalIntnAmount>
<AwardAmount>783432</AwardAmount>
<AwardInstrument>
<Value>Standard Grant</Value>
</AwardInstrument>
<Organization>
<Code>03040000</Code>
<Directorate>
<Abbreviation>MPS</Abbreviation>
<LongName>Direct For Mathematical &amp; Physical Scien</LongName>
</Directorate>
<Division>
<Abbreviation>DMS</Abbreviation>
<LongName>Division Of Mathematical Sciences</LongName>
</Division>
</Organization>
<ProgramOfficer>
<SignBlockName>Huixia Wang</SignBlockName>
<PO_EMAI>huiwang@nsf.gov</PO_EMAI>
<PO_PHON>7032922279</PO_PHON>
</ProgramOfficer>
<AbstractNarration>Estimation and inference of network structure have wide applications in many scientific fields such as genomics and finance. However, the abundance of complex data presents a great demand for new statistical learning methods in network analysis. A main goal of this project is to develop a set of novel methodological and theoretical tools to identify change points and infer structural changes for high-dimensional networks. Success of this project can have significant impacts on biomedical sciences and finance. Data applications to the Alzheimer's disease and portfolio risk monitoring will help to offer new insights. The team will develop computational packages to facilitate the application and dissemination of the proposed methods to academia and industry. Furthermore, the research will be closely integrated with education, through joint supervision of students and joint development of courses from two institutions. Underrepresented minority students will be recruited and involved in the project. The collaborative project will provide an opportunity for students and faculty in an HBCU institution to gain access to cutting-edge research and educational resources, and help increase the diversity of the next generation of data scientists.&lt;br/&gt;&lt;br/&gt;The research of this project has two main directions. The first one focuses on change point analysis for heterogenous data. To detect possible change points of a high-dimensional graph, a threshold variable and a threshold parameter are introduced while considering all nodes simultaneously to construct a highly effective algorithm. To simultaneously identify change points in a high-dimensional linear model, an innovative method to test homogeneity of the corresponding regression coefficients across different segments is considered. For the second direction, a nonparametric testing method is developed to compare correlation/covariance matrices. The team plans to investigate theoretical properties of the proposed methods and apply the methods to genomics and finance. This project can provide unique contributions to the statistical learning and big data literature. In addition, the knowledge gained from the proposed research can be valuable for handling other complex high dimensional problems in statistics and machine learning.&lt;br/&gt;&lt;br/&gt;This award reflects NSF's statutory mission and has been deemed worthy of support through evaluation using the Foundation's intellectual merit and broader impacts review criteria.</AbstractNarration>
<MinAmdLetterDate>06/25/2021</MinAmdLetterDate>
<MaxAmdLetterDate>02/08/2022</MaxAmdLetterDate>
<ARRAAmount/>
<TRAN_TYPE>Grant</TRAN_TYPE>
<CFDA_NUM>47.049</CFDA_NUM>
<NSF_PAR_USE_FLAG>1</NSF_PAR_USE_FLAG>
<FUND_AGCY_CODE>4900</FUND_AGCY_CODE>
<AWDG_AGCY_CODE>4900</AWDG_AGCY_CODE>
<AwardID>2100729</AwardID>
<Investigator>
<FirstName>Seong-Tae</FirstName>
<LastName>Kim</LastName>
<PI_MID_INIT/>
<PI_SUFX_NAME/>
<PI_FULL_NAME>Seong-Tae Kim</PI_FULL_NAME>
<EmailAddress>skim@ncat.edu</EmailAddress>
<PI_PHON>3362854758</PI_PHON>
<NSF_ID>000674063</NSF_ID>
<StartDate>02/08/2022</StartDate>
<EndDate/>
<RoleCode>Principal Investigator</RoleCode>
</Investigator>
<Investigator>
<FirstName>Yongli</FirstName>
<LastName>Zhang</LastName>
<PI_MID_INIT/>
<PI_SUFX_NAME/>
<PI_FULL_NAME>Yongli Zhang</PI_FULL_NAME>
<EmailAddress>yzhang2@ncat.edu</EmailAddress>
<PI_PHON>3362853459</PI_PHON>
<NSF_ID>000810639</NSF_ID>
<StartDate>06/25/2021</StartDate>
<EndDate>02/08/2022</EndDate>
<RoleCode>Former Principal Investigator</RoleCode>
</Investigator>
<Investigator>
<FirstName>Yufeng</FirstName>
<LastName>Liu</LastName>
<PI_MID_INIT/>
<PI_SUFX_NAME/>
<PI_FULL_NAME>Yufeng Liu</PI_FULL_NAME>
<EmailAddress>yfliu@email.unc.edu</EmailAddress>
<PI_PHON>9198431899</PI_PHON>
<NSF_ID>000274908</NSF_ID>
<StartDate>06/25/2021</StartDate>
<EndDate/>
<RoleCode>Co-Principal Investigator</RoleCode>
</Investigator>
<Institution>
<Name>North Carolina Agricultural &amp; Technical State University</Name>
<CityName>GREENSBORO</CityName>
<ZipCode>274110001</ZipCode>
<PhoneNumber>3363347995</PhoneNumber>
<StreetAddress>1601 E MARKET ST DOWDY BLDG STE</StreetAddress>
<StreetAddress2/>
<CountryName>United States</CountryName>
<StateName>North Carolina</StateName>
<StateCode>NC</StateCode>
<CONGRESSDISTRICT>06</CONGRESSDISTRICT>
<CONGRESS_DISTRICT_ORG>NC06</CONGRESS_DISTRICT_ORG>
<ORG_UEI_NUM>SKH5GMBR9GL3</ORG_UEI_NUM>
<ORG_LGL_BUS_NAME>NORTH CAROLINA AGRICULTURAL AND TECHNICAL STATE UNIVERSITY</ORG_LGL_BUS_NAME>
<ORG_PRNT_UEI_NUM>SKH5GMBR9GL3</ORG_PRNT_UEI_NUM>
</Institution>
<Performance_Institution>
<Name><![CDATA[North Carolina Agricultural & Technical State University]]></Name>
<CityName>Greensboro</CityName>
<StateCode>NC</StateCode>
<ZipCode>274110001</ZipCode>
<StreetAddress><![CDATA[1601 E. Market Street]]></StreetAddress>
<CountryCode>US</CountryCode>
<CountryName>United States</CountryName>
<StateName>North Carolina</StateName>
<CountryFlag>1</CountryFlag>
<CONGRESSDISTRICT>06</CONGRESSDISTRICT>
<CONGRESS_DISTRICT_PERF>NC06</CONGRESS_DISTRICT_PERF>
</Performance_Institution>
<ProgramElement>
<Code>1253</Code>
<Text>OFFICE OF MULTIDISCIPLINARY AC</Text>
</ProgramElement>
<ProgramReference>
<Code>102Z</Code>
<Text>COVID-Disproportionate Impcts Inst-Indiv</Text>
</ProgramReference>
<Appropriation>
<Code>0121</Code>
<Name>NSF RESEARCH &amp; RELATED ACTIVIT</Name>
<APP_SYMB_ID>040100</APP_SYMB_ID>
</Appropriation>
<Fund>
<Code>01002122DB</Code>
<Name><![CDATA[NSF RESEARCH & RELATED ACTIVIT]]></Name>
<FUND_SYMB_ID>040100</FUND_SYMB_ID>
</Fund>
<FUND_OBLG>2021~783432</FUND_OBLG>
</Award>
</rootTag>
