<?xml version="1.0" encoding="UTF-8"?>
<rootTag>
<Award>
<AwardTitle>Digitization PEN: Adding a world-class flea collection to the Terrestrial Parasite Tracker network</AwardTitle>
<AGENCY>NSF</AGENCY>
<AwardEffectiveDate>09/15/2021</AwardEffectiveDate>
<AwardExpirationDate>08/31/2023</AwardExpirationDate>
<AwardTotalIntnAmount>174570.00</AwardTotalIntnAmount>
<AwardAmount>174570</AwardAmount>
<AwardInstrument>
<Value>Standard Grant</Value>
</AwardInstrument>
<Organization>
<Code>08080000</Code>
<Directorate>
<Abbreviation>BIO</Abbreviation>
<LongName>Direct For Biological Sciences</LongName>
</Directorate>
<Division>
<Abbreviation>DBI</Abbreviation>
<LongName>Div Of Biological Infrastructure</LongName>
</Division>
</Organization>
<ProgramOfficer>
<SignBlockName>Reed Beaman</SignBlockName>
<PO_EMAI>rsbeaman@nsf.gov</PO_EMAI>
<PO_PHON>7032927163</PO_PHON>
</ProgramOfficer>
<AbstractNarration>Parasitic insects have a global impact on human health, livestock production, and wildlife conservation. Building robust datasets of parasites’ host preferences, seasonal activity, and geographic range can help scientists and public health professionals understand and predict patterns of disease transmission; however, much of the data needed for these assessments is accessible only through museum collections. The primary goal of this project is to extract this data from a world-class collection of fleas and associated parasites at the Carnegie Museum of Natural History (CMNH). As part of the Terrestrial Parasite Tracker Thematic Collections Network (TPT TCN), high-quality specimen images and host/locality data will be captured, digitized, and shared via public data portals. This will allow entomologists, epidemiologists, and other researchers to make essential connections between disease vectors and their host species. In turn, understanding these connections will support future assessments of economic and health risks from insect-vectored disease. &lt;br/&gt;&lt;br/&gt;The Robert Traub flea collection at CMNH is one of the largest and most meticulously curated collections of mammal parasites in the world, with 74,897 specimens mounted under glass on 60,596 glass slides with 4,615 associated genitalic dissections. This project will use automated slide scanning technology developed for pathology laboratory use to capture whole-slide and specimen images efficiently. These images will then be linked with digitized host and locality data from both slide labels and Traub’s fieldwork logs. This project will more than quintuple the Siphonaptera specimen records for the Terrestrial Parasite Tracker TCN and complete its representation of flea families. This will represent a valuable dataset and image resource not just for TPT TCN and epidemiology research, but for systematic research on Siphonaptera in general. Disseminating this data through the online data portals, including iDigBio.org, Symbiota Collection of Arthropods Network (SCAN), and the Global Biodiversity Information Facility (GBIF).  Broad digital access will enable researchers and diagnosticians worldwide to access an enormous database of host-parasite relationships as well as to compare their specimens to high-quality specimen images with reliable species-level identifications.&lt;br/&gt;&lt;br/&gt;This award reflects NSF's statutory mission and has been deemed worthy of support through evaluation using the Foundation's intellectual merit and broader impacts review criteria.</AbstractNarration>
<MinAmdLetterDate>07/22/2021</MinAmdLetterDate>
<MaxAmdLetterDate>07/22/2021</MaxAmdLetterDate>
<ARRAAmount/>
<TRAN_TYPE>Grant</TRAN_TYPE>
<CFDA_NUM>47.074</CFDA_NUM>
<NSF_PAR_USE_FLAG>1</NSF_PAR_USE_FLAG>
<FUND_AGCY_CODE>4900</FUND_AGCY_CODE>
<AWDG_AGCY_CODE>4900</AWDG_AGCY_CODE>
<AwardID>2101926</AwardID>
<Investigator>
<FirstName>Ainsley</FirstName>
<LastName>Seago</LastName>
<PI_MID_INIT>E</PI_MID_INIT>
<PI_SUFX_NAME/>
<PI_FULL_NAME>Ainsley E Seago</PI_FULL_NAME>
<EmailAddress>SeagoA@carnegiemnh.org</EmailAddress>
<PI_PHON>4123534663</PI_PHON>
<NSF_ID>000839003</NSF_ID>
<StartDate>07/22/2021</StartDate>
<EndDate/>
<RoleCode>Principal Investigator</RoleCode>
</Investigator>
<Institution>
<Name>Carnegie Institute</Name>
<CityName>PITTSBURGH</CityName>
<ZipCode>152134007</ZipCode>
<PhoneNumber>4126223232</PhoneNumber>
<StreetAddress>4400 FORBES AVE</StreetAddress>
<StreetAddress2/>
<CountryName>United States</CountryName>
<StateName>Pennsylvania</StateName>
<StateCode>PA</StateCode>
<CONGRESSDISTRICT>18</CONGRESSDISTRICT>
<CONGRESS_DISTRICT_ORG>PA18</CONGRESS_DISTRICT_ORG>
<ORG_UEI_NUM>NUSUNWWJWKJ7</ORG_UEI_NUM>
<ORG_LGL_BUS_NAME>CARNEGIE INSTITUTE</ORG_LGL_BUS_NAME>
<ORG_PRNT_UEI_NUM>NUSUNWWJWKJ7</ORG_PRNT_UEI_NUM>
</Institution>
<Performance_Institution>
<Name><![CDATA[Carnegie Institute]]></Name>
<CityName>Pittsburgh</CityName>
<StateCode>PA</StateCode>
<ZipCode>152134080</ZipCode>
<StreetAddress><![CDATA[4400 Forbes Avenue]]></StreetAddress>
<CountryCode>US</CountryCode>
<CountryName>United States</CountryName>
<StateName>Pennsylvania</StateName>
<CountryFlag>1</CountryFlag>
<CONGRESSDISTRICT>18</CONGRESSDISTRICT>
<CONGRESS_DISTRICT_PERF>PA18</CONGRESS_DISTRICT_PERF>
</Performance_Institution>
<ProgramElement>
<Code>6895</Code>
<Text>Digitization</Text>
</ProgramElement>
<ProgramReference>
<Code>6895</Code>
<Text>DIGITIZATION</Text>
</ProgramReference>
<Appropriation>
<Code>0121</Code>
<Name>NSF RESEARCH &amp; RELATED ACTIVIT</Name>
<APP_SYMB_ID>040100</APP_SYMB_ID>
</Appropriation>
<Fund>
<Code>01002122DB</Code>
<Name><![CDATA[NSF RESEARCH & RELATED ACTIVIT]]></Name>
<FUND_SYMB_ID>040100</FUND_SYMB_ID>
</Fund>
<FUND_OBLG>2021~174570</FUND_OBLG>
</Award>
</rootTag>
