<?xml version="1.0" encoding="UTF-8"?>
<rootTag>
<Award>
<AwardTitle>Geometric and Microlocal Study of Automorphic Periods</AwardTitle>
<AGENCY>NSF</AGENCY>
<AwardEffectiveDate>07/01/2021</AwardEffectiveDate>
<AwardExpirationDate>06/30/2024</AwardExpirationDate>
<AwardTotalIntnAmount>289999.00</AwardTotalIntnAmount>
<AwardAmount>289999</AwardAmount>
<AwardInstrument>
<Value>Standard Grant</Value>
</AwardInstrument>
<Organization>
<Code>03040000</Code>
<Directorate>
<Abbreviation>MPS</Abbreviation>
<LongName>Direct For Mathematical &amp; Physical Scien</LongName>
</Directorate>
<Division>
<Abbreviation>DMS</Abbreviation>
<LongName>Division Of Mathematical Sciences</LongName>
</Division>
</Organization>
<ProgramOfficer>
<SignBlockName>Andrew Pollington</SignBlockName>
<PO_EMAI>adpollin@nsf.gov</PO_EMAI>
<PO_PHON>7032924878</PO_PHON>
</ProgramOfficer>
<AbstractNarration>In harmonic analysis, one represents functions on a space as a superposition of waves with varying frequencies. In number theory and the Langlands program, one is interested in functions on certain homogeneous spaces, where the "waves" are special eigenfunctions of Laplacians and Hecke operators, called automorphic forms. Some of the most mysterious and important invariants of the automorphic forms are the L-functions, a vast class of generalizations of the Riemann zeta function. A significant, but not well-understood, principle is that their superposition often represents a function that can be described independently, in terms of what are known as spherical varieties that give rise to a distribution called the period distribution.  The amplitudes of the spectral decomposition of this distribution turn out to be special values of L-functions. The project will investigate conjectural connections between period distributions and L-functions using ideas of quantization (whose roots lie in mathematical physics). The PI also plans yearly meetings to train students and postdocs on the topics related to this proposal. &lt;br/&gt;&lt;br/&gt;According to the visionary program developed since the '60s by Abel Prize recipient Robert P. Langlands, L-functions should be understood as invariants of automorphic representations; those are the "eigenfrequencies" of "arithmetic manifolds", or else the representations of a (reductive) Lie group G, and of its algebra of Hecke operators, which appear as functions on a quotient L\G, where L is an arithmetic lattice. The precise incarnation of L-functions in this setting is by means of certain distributions called "periods", which the PI and others have studied and organized into a coherent theory in recent years. The present award aims to utilize ideas of symplectic geometry in the study of these periods. Among other goals, this project will study: (1) the duality between periods and L-functions as a duality between Hamiltonian spaces for the group and its dual group (building up on recent work with Ben-Zvi and Venkatesh); (2) the local spectrum of spherical varieties by combining the relative trace formula of Waldspurger with the geometry of the moment map studied by Knop; (3) the "transfer operators" of functoriality, in the spirit of Langlands' "beyond endoscopy", between the relative trace formulas of different groups and spaces.&lt;br/&gt;&lt;br/&gt;This award reflects NSF's statutory mission and has been deemed worthy of support through evaluation using the Foundation's intellectual merit and broader impacts review criteria.</AbstractNarration>
<MinAmdLetterDate>04/12/2021</MinAmdLetterDate>
<MaxAmdLetterDate>05/21/2021</MaxAmdLetterDate>
<ARRAAmount/>
<TRAN_TYPE>Grant</TRAN_TYPE>
<CFDA_NUM>47.049</CFDA_NUM>
<NSF_PAR_USE_FLAG>1</NSF_PAR_USE_FLAG>
<FUND_AGCY_CODE>4900</FUND_AGCY_CODE>
<AWDG_AGCY_CODE>4900</AWDG_AGCY_CODE>
<AwardID>2101700</AwardID>
<Investigator>
<FirstName>Ioannis</FirstName>
<LastName>Sakellaridis</LastName>
<PI_MID_INIT/>
<PI_SUFX_NAME/>
<PI_FULL_NAME>Ioannis Sakellaridis</PI_FULL_NAME>
<EmailAddress>sakellar@jhu.edu</EmailAddress>
<PI_PHON>4105167397</PI_PHON>
<NSF_ID>000575138</NSF_ID>
<StartDate>04/12/2021</StartDate>
<EndDate/>
<RoleCode>Principal Investigator</RoleCode>
</Investigator>
<Institution>
<Name>Johns Hopkins University</Name>
<CityName>BALTIMORE</CityName>
<ZipCode>212182608</ZipCode>
<PhoneNumber>4439971898</PhoneNumber>
<StreetAddress>3400 N CHARLES ST</StreetAddress>
<StreetAddress2/>
<CountryName>United States</CountryName>
<StateName>Maryland</StateName>
<StateCode>MD</StateCode>
<CONGRESSDISTRICT>07</CONGRESSDISTRICT>
<CONGRESS_DISTRICT_ORG>MD07</CONGRESS_DISTRICT_ORG>
<ORG_UEI_NUM>FTMTDMBR29C7</ORG_UEI_NUM>
<ORG_LGL_BUS_NAME>JOHNS HOPKINS UNIVERSITY, THE</ORG_LGL_BUS_NAME>
<ORG_PRNT_UEI_NUM>FTMTDMBR29C7</ORG_PRNT_UEI_NUM>
</Institution>
<Performance_Institution>
<Name><![CDATA[Johns Hopkins University]]></Name>
<CityName>Baltimore</CityName>
<StateCode>MD</StateCode>
<ZipCode>212182680</ZipCode>
<StreetAddress><![CDATA[3400 N Charles Street Krieger Ha]]></StreetAddress>
<CountryCode>US</CountryCode>
<CountryName>United States</CountryName>
<StateName>Maryland</StateName>
<CountryFlag>1</CountryFlag>
<CONGRESSDISTRICT>07</CONGRESSDISTRICT>
<CONGRESS_DISTRICT_PERF>MD07</CONGRESS_DISTRICT_PERF>
</Performance_Institution>
<ProgramElement>
<Code>1264</Code>
<Text>ALGEBRA,NUMBER THEORY,AND COM</Text>
</ProgramElement>
<Appropriation>
<Code>0121</Code>
<Name>NSF RESEARCH &amp; RELATED ACTIVIT</Name>
<APP_SYMB_ID>040100</APP_SYMB_ID>
</Appropriation>
<Fund>
<Code>01002122DB</Code>
<Name><![CDATA[NSF RESEARCH & RELATED ACTIVIT]]></Name>
<FUND_SYMB_ID>040100</FUND_SYMB_ID>
</Fund>
<FUND_OBLG>2021~289999</FUND_OBLG>
</Award>
</rootTag>
