<?xml version="1.0" encoding="UTF-8"?>
<rootTag>
<Award>
<AwardTitle>CNS Core: Small: Fast or Dynamic Websites? Eliminating the Need to Choose</AwardTitle>
<AGENCY>NSF</AGENCY>
<AwardEffectiveDate>10/01/2021</AwardEffectiveDate>
<AwardExpirationDate>10/31/2021</AwardExpirationDate>
<AwardTotalIntnAmount>500000.00</AwardTotalIntnAmount>
<AwardAmount>500000</AwardAmount>
<AwardInstrument>
<Value>Standard Grant</Value>
</AwardInstrument>
<Organization>
<Code>05050000</Code>
<Directorate>
<Abbreviation>CSE</Abbreviation>
<LongName>Direct For Computer &amp; Info Scie &amp; Enginr</LongName>
</Directorate>
<Division>
<Abbreviation>CNS</Abbreviation>
<LongName>Division Of Computer and Network Systems</LongName>
</Division>
</Organization>
<ProgramOfficer>
<SignBlockName>Marilyn McClure</SignBlockName>
<PO_EMAI>mmcclure@nsf.gov</PO_EMAI>
<PO_PHON>7032925197</PO_PHON>
</ProgramOfficer>
<AbstractNarration>To support evolving Internet services such as social networking, healthcare, and education, web pages increasingly embed large amounts of dynamic and personalized content. However, doing so renders previously routine recommendations for ensuring low-latency page loads insufficient, e.g., content delivery networks and caches that focus on static content. As a result, developers today face a challenging trade-off between serving rich, dynamic content and ensuring the fast page loads that their users expect, both of which greatly affect user experience. The goal of the proposed work is to holistically rethink how page loads are executed in order to address this tension, without sacrificing page correctness or end-to-end security.&lt;br/&gt;&lt;br/&gt;The key insight underlying the proposed work is to eschew optimizations for dynamic content that are siloed at either the client- or server-end of page loads, and instead pursue optimizations that synergize operations at both locations. The project involves three applications of this approach that collectively address the delays associated with dynamic content throughout the page load process. First, it develops novel page template strategies to mask the blocking delays for dynamic content fetches at the start of page loads (e.g., HTML). Second, it introduces a suite of new techniques for accelerating the execution of JavaScript code -- the primary source of intra-load dynamism -- via efficient and state-preserving parallelism and computation reuse. Third, it develops new page serving architectures that efficiently generate dynamic content close to clients and maximize utility of the client’s browser cache.&lt;br/&gt;&lt;br/&gt;The proposed research aims to democratize the ability to serve state-of-the-art web pages with high performance, thereby targeting a wide slice of the developer ecosystem. In particular, small content providers today lack the expensive infrastructure that their larger counterparts leverage to serve dynamic content with low latency; the result is a sacrifice of either performance or functionality, both of which present an uphill battle in user acquisition and retention. The proposed systems can enable performant (but affordable) dynamic content using existing web infrastructure. The project also involves outreach efforts to attract students from populations currently under-represented in Computer Science. Key to these efforts is the relatability of the web, which eliminates the terminology barrier and lets students develop services similar to those that they use daily, increasing interest.&lt;br/&gt;&lt;br/&gt;This award reflects NSF's statutory mission and has been deemed worthy of support through evaluation using the Foundation's intellectual merit and broader impacts review criteria.</AbstractNarration>
<MinAmdLetterDate>08/16/2021</MinAmdLetterDate>
<MaxAmdLetterDate>08/16/2021</MaxAmdLetterDate>
<ARRAAmount/>
<TRAN_TYPE>Grant</TRAN_TYPE>
<CFDA_NUM>47.070</CFDA_NUM>
<NSF_PAR_USE_FLAG>1</NSF_PAR_USE_FLAG>
<FUND_AGCY_CODE>4900</FUND_AGCY_CODE>
<AWDG_AGCY_CODE>4900</AWDG_AGCY_CODE>
<AwardID>2101881</AwardID>
<Investigator>
<FirstName>Ravi</FirstName>
<LastName>Netravali</LastName>
<PI_MID_INIT/>
<PI_SUFX_NAME/>
<PI_FULL_NAME>Ravi Netravali</PI_FULL_NAME>
<EmailAddress>rnetravali@cs.princeton.edu</EmailAddress>
<PI_PHON>9084183812</PI_PHON>
<NSF_ID>000786640</NSF_ID>
<StartDate>08/16/2021</StartDate>
<EndDate/>
<RoleCode>Principal Investigator</RoleCode>
</Investigator>
<Institution>
<Name>University of California-Los Angeles</Name>
<CityName>LOS ANGELES</CityName>
<ZipCode>900244201</ZipCode>
<PhoneNumber>3107940102</PhoneNumber>
<StreetAddress>10889 WILSHIRE BLVD STE 700</StreetAddress>
<StreetAddress2/>
<CountryName>United States</CountryName>
<StateName>California</StateName>
<StateCode>CA</StateCode>
<CONGRESSDISTRICT>37</CONGRESSDISTRICT>
<CONGRESS_DISTRICT_ORG>CA37</CONGRESS_DISTRICT_ORG>
<ORG_UEI_NUM>RN64EPNH8JC6</ORG_UEI_NUM>
<ORG_LGL_BUS_NAME>UNIVERSITY OF CALIFORNIA, LOS ANGELES</ORG_LGL_BUS_NAME>
<ORG_PRNT_UEI_NUM>NUDGYLBB4S99</ORG_PRNT_UEI_NUM>
</Institution>
<Performance_Institution>
<Name><![CDATA[University of California-Los Angeles]]></Name>
<CityName/>
<StateCode>CA</StateCode>
<ZipCode>900951406</ZipCode>
<StreetAddress/>
<CountryCode>US</CountryCode>
<CountryName>United States</CountryName>
<StateName>California</StateName>
<CountryFlag>1</CountryFlag>
<CONGRESSDISTRICT>33</CONGRESSDISTRICT>
<CONGRESS_DISTRICT_PERF>CA33</CONGRESS_DISTRICT_PERF>
</Performance_Institution>
<ProgramElement>
<Code>7354</Code>
<Text>CSR-Computer Systems Research</Text>
</ProgramElement>
<ProgramReference>
<Code>7354</Code>
<Text>COMPUTER SYSTEMS</Text>
</ProgramReference>
<ProgramReference>
<Code>7923</Code>
<Text>SMALL PROJECT</Text>
</ProgramReference>
<Appropriation>
<Code>0121</Code>
<Name>NSF RESEARCH &amp; RELATED ACTIVIT</Name>
<APP_SYMB_ID>040100</APP_SYMB_ID>
</Appropriation>
<Fund>
<Code>01002122DB</Code>
<Name><![CDATA[NSF RESEARCH & RELATED ACTIVIT]]></Name>
<FUND_SYMB_ID>040100</FUND_SYMB_ID>
</Fund>
<FUND_OBLG>2021~0</FUND_OBLG>
</Award>
</rootTag>
