<?xml version="1.0" encoding="UTF-8"?>
<rootTag>
<Award>
<AwardTitle>Excellence in Research: A Data-Driven Computational Framework for Seismic Detection, Modeling and Prediction</AwardTitle>
<AGENCY>NSF</AGENCY>
<AwardEffectiveDate>08/15/2021</AwardEffectiveDate>
<AwardExpirationDate>07/31/2024</AwardExpirationDate>
<AwardTotalIntnAmount>348331.00</AwardTotalIntnAmount>
<AwardAmount>348331</AwardAmount>
<AwardInstrument>
<Value>Standard Grant</Value>
</AwardInstrument>
<Organization>
<Code>06030000</Code>
<Directorate>
<Abbreviation>GEO</Abbreviation>
<LongName>Directorate For Geosciences</LongName>
</Directorate>
<Division>
<Abbreviation>EAR</Abbreviation>
<LongName>Division Of Earth Sciences</LongName>
</Division>
</Organization>
<ProgramOfficer>
<SignBlockName>Eva Zanzerkia</SignBlockName>
<PO_EMAI>ezanzerk@nsf.gov</PO_EMAI>
<PO_PHON>7032924734</PO_PHON>
</ProgramOfficer>
<AbstractNarration>This project is co-funded by the Geophysics (PH) Program and the Historically Black Colleges and Universities - Excellence in Research (HBCU-EiR) Program, along with support from Integrative and Collaborative Education and Research (ICER) funds of the NSF Geosciences Directorate.&lt;br/&gt;&lt;br/&gt;Embarking on innovative scientific approaches that fully exploit fast-growing datasets across different disciplines is necessary to achieve great scientific discovery. Such necessity stimulates urgent research initiatives across various scientific disciplines. Seismology, being a data-driven science with huge datasets recorded for more than a century, will definitely benefit from the developments of new scalable algorithms that can process such massive data volumes. Having tremendous potential, geophysics and particularly seismology innovation using machine learning and big-data analytics based on multiple seismic datasets has so far been trailing behind. Broader impacts of this project include: (1) launching a new interdisciplinary research in the areas of machine learning, big-data analytics, computational techniques and geophysics in which undergraduate STEM students and graduate students of the research project will be cross-trained to transcend traditional disciplinary boundaries, (2) creation and distribution of big-data analytics machine learning techniques useful for detecting underground nuclear explosions, modeling crustal structure and predicting the spatial distribution of aftershocks following major earthquakes, (3) delivering analytical and computational techniques that have much to offer to the field of seismology and solid-Earth geophysics at large, and (4) imparting research-enriched learning experiences to STEM undergraduate and graduate students through educational activities at Morgan State University and summer research internships at national laboratories.&lt;br/&gt;&lt;br/&gt;This project focuses on developing a data-driven computational framework for seismic detection, modeling and prediction. Having the training and expertise in geophysics/seismology, machine learning and big-data analytics to explore computational techniques, the investigators of this project will address the challenges in the development of underground nuclear explosion detection methods, predicting the spatial distribution of aftershocks following major earthquakes, and modeling crustal structure. The specific objectives of this research are: (i) to investigate the development of automatic nuclear explosion detection methods utilizing approximate nearest neighbor methods to search large archives along with the integration of template matching and iterative seismic processing framework, (ii) to explore machine learning methods to predict the likelihood that aftershocks would occur in a particular location on a spatial grid based on modeling transfer of elastic energy between regional stress fields and a set of localized faults, and (iii) to examine data analytics algorithms for modeling crustal structure using multiple complex seismic datasets that provide research communities with open source big-data analytics tools.&lt;br/&gt;&lt;br/&gt;This award reflects NSF's statutory mission and has been deemed worthy of support through evaluation using the Foundation's intellectual merit and broader impacts review criteria.</AbstractNarration>
<MinAmdLetterDate>08/22/2021</MinAmdLetterDate>
<MaxAmdLetterDate>08/22/2021</MaxAmdLetterDate>
<ARRAAmount/>
<TRAN_TYPE>Grant</TRAN_TYPE>
<CFDA_NUM>47.050</CFDA_NUM>
<NSF_PAR_USE_FLAG>1</NSF_PAR_USE_FLAG>
<FUND_AGCY_CODE>4900</FUND_AGCY_CODE>
<AWDG_AGCY_CODE>4900</AWDG_AGCY_CODE>
<AwardID>2101080</AwardID>
<Investigator>
<FirstName>Mulugeta</FirstName>
<LastName>Dugda</LastName>
<PI_MID_INIT>T</PI_MID_INIT>
<PI_SUFX_NAME/>
<PI_FULL_NAME>Mulugeta T Dugda</PI_FULL_NAME>
<EmailAddress>mulugeta.dugda@morgan.edu</EmailAddress>
<PI_PHON>4438852746</PI_PHON>
<NSF_ID>000787013</NSF_ID>
<StartDate>08/22/2021</StartDate>
<EndDate/>
<RoleCode>Principal Investigator</RoleCode>
</Investigator>
<Institution>
<Name>Morgan State University</Name>
<CityName>BALTIMORE</CityName>
<ZipCode>212510001</ZipCode>
<PhoneNumber>4438853200</PhoneNumber>
<StreetAddress>1700 E COLD SPRING LN</StreetAddress>
<StreetAddress2/>
<CountryName>United States</CountryName>
<StateName>Maryland</StateName>
<StateCode>MD</StateCode>
<CONGRESSDISTRICT>07</CONGRESSDISTRICT>
<CONGRESS_DISTRICT_ORG>MD07</CONGRESS_DISTRICT_ORG>
<ORG_UEI_NUM>KULSKCCZJT27</ORG_UEI_NUM>
<ORG_LGL_BUS_NAME>MORGAN STATE UNIVERSITY</ORG_LGL_BUS_NAME>
<ORG_PRNT_UEI_NUM>KULSKCCZJT27</ORG_PRNT_UEI_NUM>
</Institution>
<Performance_Institution>
<Name><![CDATA[Morgan State University]]></Name>
<CityName>Baltimore</CityName>
<StateCode>MD</StateCode>
<ZipCode>212510002</ZipCode>
<StreetAddress><![CDATA[1700 East Cold Spring Lane]]></StreetAddress>
<CountryCode>US</CountryCode>
<CountryName>United States</CountryName>
<StateName>Maryland</StateName>
<CountryFlag>1</CountryFlag>
<CONGRESSDISTRICT>07</CONGRESSDISTRICT>
<CONGRESS_DISTRICT_PERF>MD07</CONGRESS_DISTRICT_PERF>
</Performance_Institution>
<ProgramElement>
<Code>1642</Code>
<Text>Special Initiatives</Text>
</ProgramElement>
<ProgramElement>
<Code>7699</Code>
<Text>Integrat &amp; Collab Ed &amp; Rsearch</Text>
</ProgramElement>
<ProgramReference>
<Code>102Z</Code>
<Text>COVID-Disproportionate Impcts Inst-Indiv</Text>
</ProgramReference>
<Appropriation>
<Code>0121</Code>
<Name>NSF RESEARCH &amp; RELATED ACTIVIT</Name>
<APP_SYMB_ID>040100</APP_SYMB_ID>
</Appropriation>
<Fund>
<Code>01002122DB</Code>
<Name><![CDATA[NSF RESEARCH & RELATED ACTIVIT]]></Name>
<FUND_SYMB_ID>040100</FUND_SYMB_ID>
</Fund>
<FUND_OBLG>2021~348331</FUND_OBLG>
</Award>
</rootTag>
