<?xml version="1.0" encoding="UTF-8"?>
<rootTag>
<Award>
<AwardTitle>AstroSLAM - A Robust and Reliable Visual Localization and Pose Estimation Architecture for Space Robots in Orbit</AwardTitle>
<AGENCY>NSF</AGENCY>
<AwardEffectiveDate>10/01/2021</AwardEffectiveDate>
<AwardExpirationDate>09/30/2024</AwardExpirationDate>
<AwardTotalIntnAmount>760864.00</AwardTotalIntnAmount>
<AwardAmount>776864</AwardAmount>
<AwardInstrument>
<Value>Standard Grant</Value>
</AwardInstrument>
<Organization>
<Code>05010000</Code>
<Directorate>
<Abbreviation>CSE</Abbreviation>
<LongName>Direct For Computer &amp; Info Scie &amp; Enginr</LongName>
</Directorate>
<Division>
<Abbreviation>CCF</Abbreviation>
<LongName>Division of Computing and Communication Foundations</LongName>
</Division>
</Organization>
<ProgramOfficer>
<SignBlockName>Scott Acton</SignBlockName>
<PO_EMAI>sacton@nsf.gov</PO_EMAI>
<PO_PHON>7032922124</PO_PHON>
</ProgramOfficer>
<AbstractNarration>Space robotics is essential for all current and future space exploration and utilization missions. Advanced space-robotic technologies will enable in-orbit servicing and refueling of satellites, and will support more elaborate missions such as in-orbit large flexible structure assembly, debris removal, inspection, hardware upgrades, etc. For instance, current communication satellites have a typical lifetime of 10 to 15 years, at which point an otherwise perfectly functioning satellite runs out of propellant and is decommissioned. Refueling the satellite can add several years of additional lifetime and revenue. Future envisioned missions to the Moon, Mars and beyond will also require advanced robotic capabilities in orbit. Many future exploration missions envision integrated teams of astronauts and free flying “co-robots” that support or monitor the human crew activities. What is currently missing from these missions is the ability to provide full 4D (space-time) situational awareness using autonomous on-board perception and planning capabilities. Recent technological breakthroughs for ground robots pave the way for similar advancements in robotic in-orbit operations to enable routine robotic operations in space in the not-so-distant future. These include perception and planning algorithms, machine learning based pattern recognition, autonomy, new computer hardware architectures, human-machine interfaces, and dexterous manipulation, among many others. The outcome of the research will be the ability of astronauts and space robots to work together to enable inspection, monitoring, and classification of resident space objects; maneuvering and proximity operations and docking; salvage and retrieval of malfunctioning or tumbling spacecraft; and servicing, construction, repair, upgrade, and refueling missions of assets in orbit.&lt;br/&gt;&lt;br/&gt;This project will develop novel visual perception, localization, mapping, and planning algorithms that will enable new capabilities in terms of situational awareness for space robots that can work alone or alongside astronauts in orbit. The research plan includes the development of novel automated feature extraction and matching algorithms using deep neural network architectures, adapted to the challenging imaging conditions (collimated light, high contrast, lack of atmospheric scattering, paucity of distinctive features, etc.) and orbital motion constraints imposed in space. This will enable robust and reliable relative pose estimation, 3D shape reconstruction and characterization of space objects.  Novel optimal planning and prediction methods based on a factor-graph optimization framework will be matched to these new perception capabilities to account for fuel usage and orbital motion constraints.  The experimental validation of the theory will take place at the Georgia Tech Autonomous Spacecraft Testing of Robotic Operations in Space platform, a state-of-the-art spacecraft simulation platform. The research will involve both graduate and undergraduate students. The results of this research will be disseminated to the community by journal and conference publications, organization of invited workshops and seminar presentations, and by targeted exposure (press releases, interviews) to popular media.&lt;br/&gt;&lt;br/&gt;This project is supported by the cross-directorate Foundational Research in Robotics program, jointly managed and funded by the Directorates for Engineering (ENG) and Computer and Information Science and Engineering (CISE).&lt;br/&gt;&lt;br/&gt;This award reflects NSF's statutory mission and has been deemed worthy of support through evaluation using the Foundation's intellectual merit and broader impacts review criteria.</AbstractNarration>
<MinAmdLetterDate>08/31/2021</MinAmdLetterDate>
<MaxAmdLetterDate>04/14/2022</MaxAmdLetterDate>
<ARRAAmount/>
<TRAN_TYPE>Grant</TRAN_TYPE>
<CFDA_NUM>47.070</CFDA_NUM>
<NSF_PAR_USE_FLAG>1</NSF_PAR_USE_FLAG>
<FUND_AGCY_CODE>4900</FUND_AGCY_CODE>
<AWDG_AGCY_CODE>4900</AWDG_AGCY_CODE>
<AwardID>2101250</AwardID>
<Investigator>
<FirstName>Frank</FirstName>
<LastName>Dellaert</LastName>
<PI_MID_INIT/>
<PI_SUFX_NAME/>
<PI_FULL_NAME>Frank Dellaert</PI_FULL_NAME>
<EmailAddress>dellaert@cc.gatech.edu</EmailAddress>
<PI_PHON>4043852923</PI_PHON>
<NSF_ID>000274425</NSF_ID>
<StartDate>08/31/2021</StartDate>
<EndDate/>
<RoleCode>Co-Principal Investigator</RoleCode>
</Investigator>
<Investigator>
<FirstName>Panagiotis</FirstName>
<LastName>Tsiotras</LastName>
<PI_MID_INIT/>
<PI_SUFX_NAME/>
<PI_FULL_NAME>Panagiotis Tsiotras</PI_FULL_NAME>
<EmailAddress>p.tsiotras@ae.gatech.edu</EmailAddress>
<PI_PHON>4048949526</PI_PHON>
<NSF_ID>000240738</NSF_ID>
<StartDate>08/31/2021</StartDate>
<EndDate/>
<RoleCode>Principal Investigator</RoleCode>
</Investigator>
<Institution>
<Name>Georgia Tech Research Corporation</Name>
<CityName>ATLANTA</CityName>
<ZipCode>30332</ZipCode>
<PhoneNumber>4048944819</PhoneNumber>
<StreetAddress>926 DALNEY ST NW</StreetAddress>
<StreetAddress2/>
<CountryName>United States</CountryName>
<StateName>Georgia</StateName>
<StateCode>GA</StateCode>
<CONGRESSDISTRICT>05</CONGRESSDISTRICT>
<CONGRESS_DISTRICT_ORG>GA05</CONGRESS_DISTRICT_ORG>
<ORG_UEI_NUM>EMW9FC8J3HN4</ORG_UEI_NUM>
<ORG_LGL_BUS_NAME>GEORGIA TECH RESEARCH CORPORATION</ORG_LGL_BUS_NAME>
<ORG_PRNT_UEI_NUM>EMW9FC8J3HN4</ORG_PRNT_UEI_NUM>
</Institution>
<Performance_Institution>
<Name><![CDATA[Georgia Institute of Technology]]></Name>
<CityName>Atlanta</CityName>
<StateCode>GA</StateCode>
<ZipCode>303320002</ZipCode>
<StreetAddress><![CDATA[225 North Avenue]]></StreetAddress>
<CountryCode>US</CountryCode>
<CountryName>United States</CountryName>
<StateName>Georgia</StateName>
<CountryFlag>1</CountryFlag>
<CONGRESSDISTRICT>05</CONGRESSDISTRICT>
<CONGRESS_DISTRICT_PERF>GA05</CONGRESS_DISTRICT_PERF>
</Performance_Institution>
<ProgramElement>
<Code>144Y</Code>
<Text>FRR-Foundationl Rsrch Robotics</Text>
</ProgramElement>
<ProgramReference>
<Code>6840</Code>
<Text>ROBOTICS</Text>
</ProgramReference>
<ProgramReference>
<Code>9251</Code>
<Text>REU SUPP-Res Exp for Ugrd Supp</Text>
</ProgramReference>
<Appropriation>
<Code>0121</Code>
<Name>NSF RESEARCH &amp; RELATED ACTIVIT</Name>
<APP_SYMB_ID>040100</APP_SYMB_ID>
</Appropriation>
<Fund>
<Code>01002122DB</Code>
<Name><![CDATA[NSF RESEARCH & RELATED ACTIVIT]]></Name>
<FUND_SYMB_ID>040100</FUND_SYMB_ID>
</Fund>
<FUND_OBLG>2021~760864</FUND_OBLG>
<FUND_OBLG>2022~16000</FUND_OBLG>
</Award>
</rootTag>
