<?xml version="1.0" encoding="UTF-8"?>
<rootTag>
<Award>
<AwardTitle><![CDATA[Boosting Data Science Teaching and Learning in STEM]]></AwardTitle>
<AGENCY>NSF</AGENCY>
<AwardEffectiveDate>07/01/2021</AwardEffectiveDate>
<AwardExpirationDate>06/30/2025</AwardExpirationDate>
<AwardTotalIntnAmount>2996155.00</AwardTotalIntnAmount>
<AwardAmount>2996155</AwardAmount>
<AwardInstrument>
<Value>Standard Grant</Value>
</AwardInstrument>
<Organization>
<Code>11090000</Code>
<Directorate>
<Abbreviation>EHR</Abbreviation>
<LongName>Direct For Education and Human Resources</LongName>
</Directorate>
<Division>
<Abbreviation>DRL</Abbreviation>
<LongName>Division Of Research On Learning</LongName>
</Division>
</Organization>
<ProgramOfficer>
<SignBlockName>Margret Hjalmarson</SignBlockName>
<PO_EMAI>mhjalmar@nsf.gov</PO_EMAI>
<PO_PHON>7032925186</PO_PHON>
</ProgramOfficer>
<AbstractNarration><![CDATA[Data fluency is the ability to navigate the world of data. This includes understanding the sources of data, structuring data for analysis, interpreting representations of data, inferring meaning from data, and explaining data and findings to diverse audiences. Data science is becoming more important as a career opportunity and a mechanism for addressing complex phenomena in STEM disciplines. This project addresses a critical need to help middle school teachers learn to incorporate data science in their teaching. It uses an open-source platform called the Common Online Data Analysis Platform (CODAP) as a tool for teachers to learn about data science and develop resources for students’ learning. We will develop a framework for teachers’ knowledge of data science teaching and learning. Insights from the project will help develop effective practices for teaching data science and understanding how students learn data science.&lt;br/&gt;&lt;br/&gt;This project will result in two key products: a framework for teacher data fluency and a set of resources for teacher professional learning in data science, including cases of classroom practice that illustrate teaching and learning progressions in data science and surface common student roadblocks, materials for site-based Professional Learning Communities, and professional learning modules that engage teachers in the kind of data-rich learning called for by science education standards and STEM education more broadly. The project will include two stages. During stage one, the project will use a design-based research approach to develop a model of pedagogical content knowledge for data fluency in middle school. Stage one will answer the following questions: (1a) What do teachers need to know and be able to do to support students in becoming data fluent? (1b) What are common student misconceptions and roadblocks in students’ progress to data fluency? (1c) What are the core components of professional learning that boost teachers’ data fluency and their ability to support students becoming data fluent? During stage two, the project will use a mixed methods approach to study the model’s implementation. Stage two will address the following questions: (2a) What impact does professional learning with the core components identified in stage one have on the opportunities to learn teachers provide to their students and on their students’ data fluency? (2b) Are the professional learning innovations usable and feasible for the end users? (2c) In what ways do teachers’ and students’ classroom interactions reflect the model of pedagogical content knowledge developed in stage one? What evidence supports or refutes the hypothesis about the knowledge and skills teachers need to support students’ movement to data fluency? &lt;br/&gt;&lt;br/&gt;The Discovery Research preK-12 program (DRK-12) seeks to significantly enhance the learning and teaching of science, technology, engineering and mathematics (STEM) by preK-12 students and teachers, through research and development of innovative resources, models and tools. Projects in the DRK-12 program build on fundamental research in STEM education and prior research and development efforts that provide theoretical and empirical justification for proposed projects.&lt;br/&gt;&lt;br/&gt;This award reflects NSF's statutory mission and has been deemed worthy of support through evaluation using the Foundation's intellectual merit and broader impacts review criteria.]]></AbstractNarration>
<MinAmdLetterDate>06/25/2021</MinAmdLetterDate>
<MaxAmdLetterDate>06/14/2022</MaxAmdLetterDate>
<ARRAAmount/>
<TRAN_TYPE>Grant</TRAN_TYPE>
<CFDA_NUM>47.076</CFDA_NUM>
<NSF_PAR_USE_FLAG>1</NSF_PAR_USE_FLAG>
<FUND_AGCY_CODE>4900</FUND_AGCY_CODE>
<AWDG_AGCY_CODE>4900</AWDG_AGCY_CODE>
<AwardID>2101049</AwardID>
<Investigator>
<FirstName>William</FirstName>
<LastName>Finzer</LastName>
<PI_MID_INIT>F</PI_MID_INIT>
<PI_SUFX_NAME/>
<PI_FULL_NAME>William F Finzer</PI_FULL_NAME>
<EmailAddress><![CDATA[wfinzer@concord.org]]></EmailAddress>
<NSF_ID>000418347</NSF_ID>
<StartDate>06/25/2021</StartDate>
<EndDate/>
<RoleCode>Co-Principal Investigator</RoleCode>
</Investigator>
<Investigator>
<FirstName>Kirsten</FirstName>
<LastName>Daehler</LastName>
<PI_MID_INIT>R</PI_MID_INIT>
<PI_SUFX_NAME/>
<PI_FULL_NAME>Kirsten R Daehler</PI_FULL_NAME>
<EmailAddress><![CDATA[kdaehle@wested.org]]></EmailAddress>
<NSF_ID>000421205</NSF_ID>
<StartDate>06/25/2021</StartDate>
<EndDate/>
<RoleCode>Principal Investigator</RoleCode>
</Investigator>
<Investigator>
<FirstName>Nicole</FirstName>
<LastName>Wong</LastName>
<PI_MID_INIT/>
<PI_SUFX_NAME/>
<PI_FULL_NAME>Nicole Wong</PI_FULL_NAME>
<EmailAddress><![CDATA[nwong2@wested.org]]></EmailAddress>
<NSF_ID>000814663</NSF_ID>
<StartDate>06/25/2021</StartDate>
<EndDate/>
<RoleCode>Co-Principal Investigator</RoleCode>
</Investigator>
<Investigator>
<FirstName>Leticia</FirstName>
<LastName>Perez</LastName>
<PI_MID_INIT/>
<PI_SUFX_NAME/>
<PI_FULL_NAME>Leticia Perez</PI_FULL_NAME>
<EmailAddress><![CDATA[lperez2@wested.org]]></EmailAddress>
<NSF_ID>000880242</NSF_ID>
<StartDate>06/14/2022</StartDate>
<EndDate/>
<RoleCode>Co-Principal Investigator</RoleCode>
</Investigator>
<Institution>
<Name>WestEd</Name>
<CityName>SAN FRANCISCO</CityName>
<ZipCode>941071271</ZipCode>
<PhoneNumber>4156153136</PhoneNumber>
<StreetAddress>730 HARRISON ST</StreetAddress>
<StreetAddress2/>
<CountryName>United States</CountryName>
<StateName>California</StateName>
<StateCode>CA</StateCode>
<CONGRESSDISTRICT>12</CONGRESSDISTRICT>
<CONGRESS_DISTRICT_ORG>CA12</CONGRESS_DISTRICT_ORG>
<ORG_UEI_NUM>WNCAQMKJ7WZ9</ORG_UEI_NUM>
<ORG_LGL_BUS_NAME>WESTED</ORG_LGL_BUS_NAME>
<ORG_PRNT_UEI_NUM>WNCAQMKJ7WZ9</ORG_PRNT_UEI_NUM>
</Institution>
<Performance_Institution>
<Name><![CDATA[WestEd]]></Name>
<CityName>Alameda</CityName>
<StateCode>CA</StateCode>
<ZipCode>945011010</ZipCode>
<StreetAddress><![CDATA[2470 Mariner Square Loop, 2 floo]]></StreetAddress>
<CountryCode>US</CountryCode>
<CountryName>United States</CountryName>
<StateName>California</StateName>
<CountryFlag>1</CountryFlag>
<CONGRESSDISTRICT>13</CONGRESSDISTRICT>
<CONGRESS_DISTRICT_PERF>CA13</CONGRESS_DISTRICT_PERF>
</Performance_Institution>
<ProgramElement>
<Code>7645</Code>
<Text>Discovery Research K-12</Text>
</ProgramElement>
<Appropriation>
<Code>0421</Code>
<Name>NSF Education &amp; Human Resource</Name>
<APP_SYMB_ID>040106</APP_SYMB_ID>
</Appropriation>
<Fund>
<Code>04002122DB</Code>
<Name><![CDATA[NSF Education & Human Resource]]></Name>
<FUND_SYMB_ID>040106</FUND_SYMB_ID>
</Fund>
<FUND_OBLG>2021~2996155</FUND_OBLG>
</Award>
</rootTag>
