<?xml version="1.0" encoding="UTF-8"?>
<rootTag>
<Award>
<AwardTitle>Modular Representation Theory and Categorification with Applications</AwardTitle>
<AGENCY>NSF</AGENCY>
<AwardEffectiveDate>07/01/2021</AwardEffectiveDate>
<AwardExpirationDate>06/30/2024</AwardExpirationDate>
<AwardTotalIntnAmount>270540.00</AwardTotalIntnAmount>
<AwardAmount>270540</AwardAmount>
<AwardInstrument>
<Value>Standard Grant</Value>
</AwardInstrument>
<Organization>
<Code>03040000</Code>
<Directorate>
<Abbreviation>MPS</Abbreviation>
<LongName>Direct For Mathematical &amp; Physical Scien</LongName>
</Directorate>
<Division>
<Abbreviation>DMS</Abbreviation>
<LongName>Division Of Mathematical Sciences</LongName>
</Division>
</Organization>
<ProgramOfficer>
<SignBlockName>James Matthew Douglass</SignBlockName>
<PO_EMAI>mdouglas@nsf.gov</PO_EMAI>
<PO_PHON>7032922467</PO_PHON>
</ProgramOfficer>
<AbstractNarration>Groups are mathematical objects arising in the study of symmetry. The main foci of this project are some of the most fundamental and universal examples of groups: symmetric groups, which arise as symmetries of finite sets, and general linear groups, which arise as symmetries of finite-dimensional vector spaces. Representation theory studies groups via their actions on other mathematical objects, such as vector spaces. Very informally, representations of a group are snap-shots of the group taken from different directions. In the past few years, the idea of categorification has become very important and has led to the development of higher representation theory. This involves actions of groups on higher mathematical structures called categories, utilizing not only the relations between these structures (functors) but also relations between the relations (natural transformations). In particular, Khovanov-Lauda-Rouquier (KLR) algebras encode higher symmetries underlying a large part of representation theory, including classical objects like symmetric and general linear groups. The goal of this project is to further build the theory of these and other algebras and apply it to improve our understanding of the classical objects of group theory. The research in this project has potential future broader impacts in computer science and theoretical physics. More directly this award will have important educational impact through the training of graduate students and mentoring young researchers in this area. &lt;br/&gt; &lt;br/&gt;In more detail, this project is concerned with several diverse projects in representation theory of Lie algebras, finite groups, and related objects such as Hecke algebras, quantum groups, Schur algebras and KLR algebras. Our perspective draws on recent advances in higher representation theory, namely categorification, with various diagrammatically defined monoidal categories and 2-categories playing a prominent role. On the other hand, many applications are to classical problems in representation theory such as block theory of finite groups and Schur algebras as well as structure theory of finite groups. We will study local description of blocks of Schur algebras up to derived equivalence, cuspidal algebras for KLR algebras, thick Heisenberg categorification, super Kac-Moody 2-categories and applications to blocks of double covers of symmetric groups, homological properties of KLR algebras, decomposition numbers, and irreducible restrictions from quasi-simple groups to subgroups. The project will have applications to other areas of mathematics including finite group theory (and its applications), Lie theory, combinatorics, representation theory, knot theory and category theory.&lt;br/&gt;&lt;br/&gt;This award reflects NSF's statutory mission and has been deemed worthy of support through evaluation using the Foundation's intellectual merit and broader impacts review criteria.</AbstractNarration>
<MinAmdLetterDate>04/07/2021</MinAmdLetterDate>
<MaxAmdLetterDate>05/21/2021</MaxAmdLetterDate>
<ARRAAmount/>
<TRAN_TYPE>Grant</TRAN_TYPE>
<CFDA_NUM>47.049</CFDA_NUM>
<NSF_PAR_USE_FLAG>1</NSF_PAR_USE_FLAG>
<FUND_AGCY_CODE>4900</FUND_AGCY_CODE>
<AWDG_AGCY_CODE>4900</AWDG_AGCY_CODE>
<AwardID>2101791</AwardID>
<Investigator>
<FirstName>Alexander</FirstName>
<LastName>Kleshchev</LastName>
<PI_MID_INIT/>
<PI_SUFX_NAME/>
<PI_FULL_NAME>Alexander Kleshchev</PI_FULL_NAME>
<EmailAddress>klesh@math.uoregon.edu</EmailAddress>
<PI_PHON>5413464718</PI_PHON>
<NSF_ID>000434675</NSF_ID>
<StartDate>04/07/2021</StartDate>
<EndDate/>
<RoleCode>Principal Investigator</RoleCode>
</Investigator>
<Institution>
<Name>University of Oregon Eugene</Name>
<CityName>EUGENE</CityName>
<ZipCode>974031657</ZipCode>
<PhoneNumber>5413465131</PhoneNumber>
<StreetAddress>1585 E 13TH AVE</StreetAddress>
<StreetAddress2/>
<CountryName>United States</CountryName>
<StateName>Oregon</StateName>
<StateCode>OR</StateCode>
<CONGRESSDISTRICT>04</CONGRESSDISTRICT>
<CONGRESS_DISTRICT_ORG>OR04</CONGRESS_DISTRICT_ORG>
<ORG_UEI_NUM>Z3FGN9MF92U2</ORG_UEI_NUM>
<ORG_LGL_BUS_NAME>UNIVERSITY OF OREGON</ORG_LGL_BUS_NAME>
<ORG_PRNT_UEI_NUM>L17DBQFXJVJ6</ORG_PRNT_UEI_NUM>
</Institution>
<Performance_Institution>
<Name><![CDATA[University of Oregon]]></Name>
<CityName>Eugene</CityName>
<StateCode>OR</StateCode>
<ZipCode>974035219</ZipCode>
<StreetAddress><![CDATA[5219 University of Oregon]]></StreetAddress>
<CountryCode>US</CountryCode>
<CountryName>United States</CountryName>
<StateName>Oregon</StateName>
<CountryFlag>1</CountryFlag>
<CONGRESSDISTRICT>04</CONGRESSDISTRICT>
<CONGRESS_DISTRICT_PERF>OR04</CONGRESS_DISTRICT_PERF>
</Performance_Institution>
<ProgramElement>
<Code>1264</Code>
<Text>ALGEBRA,NUMBER THEORY,AND COM</Text>
</ProgramElement>
<Appropriation>
<Code>0121</Code>
<Name>NSF RESEARCH &amp; RELATED ACTIVIT</Name>
<APP_SYMB_ID>040100</APP_SYMB_ID>
</Appropriation>
<Fund>
<Code>01002122DB</Code>
<Name><![CDATA[NSF RESEARCH & RELATED ACTIVIT]]></Name>
<FUND_SYMB_ID>040100</FUND_SYMB_ID>
</Fund>
<FUND_OBLG>2021~270540</FUND_OBLG>
</Award>
</rootTag>
