<?xml version="1.0" encoding="UTF-8"?>
<rootTag>
<Award>
<AwardTitle><![CDATA[Constructions and Applications of Compactified Moduli]]></AwardTitle>
<AGENCY>NSF</AGENCY>
<AwardEffectiveDate>06/01/2021</AwardEffectiveDate>
<AwardExpirationDate>05/31/2024</AwardExpirationDate>
<AwardTotalIntnAmount>364999.00</AwardTotalIntnAmount>
<AwardAmount>239727</AwardAmount>
<AwardInstrument>
<Value>Continuing Grant</Value>
</AwardInstrument>
<Organization>
<Code>03040000</Code>
<Directorate>
<Abbreviation>MPS</Abbreviation>
<LongName>Direct For Mathematical &amp; Physical Scien</LongName>
</Directorate>
<Division>
<Abbreviation>DMS</Abbreviation>
<LongName>Division Of Mathematical Sciences</LongName>
</Division>
</Organization>
<ProgramOfficer>
<SignBlockName>Sandra Spiroff</SignBlockName>
<PO_EMAI>sspiroff@nsf.gov</PO_EMAI>
<PO_PHON>7032928069</PO_PHON>
</ProgramOfficer>
<AbstractNarration><![CDATA[Algebraic geometry is the field of mathematics that studies objects defined by polynomial equations, called varieties. One of the aims of moduli theory is to try to understand properties of a given variety by thinking about the space of all possible shapes such a variety can have. This space of all shapes is the moduli space of a variety of a given numerical type. For example, the cubic threefold is a variety in 4-space given by one equation of degree 3. Much modern progress in understanding moduli is due to degeneration techniques – the idea of understanding a given variety by thinking how it can break up into simpler objects. This project aims to further the understanding of the properties of some of the moduli spaces central to algebraic geometry: the moduli of cubic threefolds, the moduli of complex curves (that is, objects that from close up look like complex numbers), and other related moduli spaces. In particular, the PI will study how such varieties can degenerate, or break up, and will aim to understand the behavior of geometric constructions under such degenerations. The project will support the work of the PI and his PhD students on these topics. &lt;br/&gt;    &lt;br/&gt;The project aims to better understand the geometry of compactifications of some of the moduli spaces ubiquitous in algebraic geometry: moduli of of curves, of curves with a differential, and of cubic threefolds. The PI will also explore applications to problems in Teichmueller dynamics and in classical algebraic geometry. The PI will apply the compactification of the strata of differentials (that is, of moduli of curves with a differential with prescribed multiplicities of zeroes and poles) that he constructed with other researchers.  The PI will also investigate the birational geometry of strata and will approach the central orbit classification questions in Teichmueller dynamics by applying degeneration techniques of algebraic geometry. The PI will apply real-normalized differentials, the geometry of which he studied, and the degeneration techniques he co-developed to work towards a sharp upper bound for the number of cusps of plane curves. Likewise, the PI will co-investigate the relations among cones of divisors and log-MMP for various compactifications of the moduli space of cubic threefolds.&lt;br/&gt;&lt;br/&gt;This award reflects NSF's statutory mission and has been deemed worthy of support through evaluation using the Foundation's intellectual merit and broader impacts review criteria.]]></AbstractNarration>
<MinAmdLetterDate>04/09/2021</MinAmdLetterDate>
<MaxAmdLetterDate>06/16/2022</MaxAmdLetterDate>
<ARRAAmount/>
<TRAN_TYPE>Grant</TRAN_TYPE>
<CFDA_NUM>47.049</CFDA_NUM>
<NSF_PAR_USE_FLAG>1</NSF_PAR_USE_FLAG>
<FUND_AGCY_CODE>4900</FUND_AGCY_CODE>
<AWDG_AGCY_CODE>4900</AWDG_AGCY_CODE>
<AwardID>2101631</AwardID>
<Investigator>
<FirstName>Samuel</FirstName>
<LastName>Grushevsky</LastName>
<PI_MID_INIT/>
<PI_SUFX_NAME/>
<PI_FULL_NAME>Samuel Grushevsky</PI_FULL_NAME>
<EmailAddress><![CDATA[sam@math.stonybrook.edu]]></EmailAddress>
<NSF_ID>000095250</NSF_ID>
<StartDate>04/09/2021</StartDate>
<EndDate/>
<RoleCode>Principal Investigator</RoleCode>
</Investigator>
<Institution>
<Name>SUNY at Stony Brook</Name>
<CityName>STONY BROOK</CityName>
<ZipCode>117940001</ZipCode>
<PhoneNumber>6316329949</PhoneNumber>
<StreetAddress>WEST 5510 FRANKS MELVILLE MEMORI</StreetAddress>
<StreetAddress2/>
<CountryName>United States</CountryName>
<StateName>New York</StateName>
<StateCode>NY</StateCode>
<CONGRESSDISTRICT>01</CONGRESSDISTRICT>
<CONGRESS_DISTRICT_ORG>NY01</CONGRESS_DISTRICT_ORG>
<ORG_UEI_NUM>M746VC6XMNH9</ORG_UEI_NUM>
<ORG_LGL_BUS_NAME>RESEARCH FOUNDATION FOR THE STATE UNIVERSITY OF NEW YORK, THE</ORG_LGL_BUS_NAME>
<ORG_PRNT_UEI_NUM>GMZUKXFDJMA9</ORG_PRNT_UEI_NUM>
</Institution>
<Performance_Institution>
<Name><![CDATA[SUNY at Stony Brook]]></Name>
<CityName>Stony brook</CityName>
<StateCode>NY</StateCode>
<ZipCode>117943651</ZipCode>
<StreetAddress><![CDATA[Mathematics Department, Stony Br]]></StreetAddress>
<CountryCode>US</CountryCode>
<CountryName>United States</CountryName>
<StateName>New York</StateName>
<CountryFlag>1</CountryFlag>
<CONGRESSDISTRICT>01</CONGRESSDISTRICT>
<CONGRESS_DISTRICT_PERF>NY01</CONGRESS_DISTRICT_PERF>
</Performance_Institution>
<ProgramElement>
<Code>1264</Code>
<Text>ALGEBRA,NUMBER THEORY,AND COM</Text>
</ProgramElement>
<FUND_OBLG>2021~114455</FUND_OBLG>
<FUND_OBLG>2022~125272</FUND_OBLG>
</Award>
</rootTag>
