<?xml version="1.0" encoding="UTF-8"?>
<rootTag>
<Award>
<AwardTitle><![CDATA[Excellence in Research: Integrated Sensor-Robot Networks for Real-time Environmental Monitoring and Marine Ecosystem Restoration in the Hampton River]]></AwardTitle>
<AGENCY>NSF</AGENCY>
<AwardEffectiveDate>08/01/2021</AwardEffectiveDate>
<AwardExpirationDate>07/31/2024</AwardExpirationDate>
<AwardTotalIntnAmount>600235.00</AwardTotalIntnAmount>
<AwardAmount>600235</AwardAmount>
<AwardInstrument>
<Value>Standard Grant</Value>
</AwardInstrument>
<Organization>
<Code>07010000</Code>
<Directorate>
<Abbreviation>ENG</Abbreviation>
<LongName>Directorate For Engineering</LongName>
</Directorate>
<Division>
<Abbreviation>ECCS</Abbreviation>
<LongName>Div Of Electrical, Commun &amp; Cyber Sys</LongName>
</Division>
</Organization>
<ProgramOfficer>
<SignBlockName>Zhengdao Wang</SignBlockName>
<PO_EMAI>zwang@nsf.gov</PO_EMAI>
<PO_PHON>7032927823</PO_PHON>
</ProgramOfficer>
<AbstractNarration><![CDATA[Estuaries are bodies of water where rivers meet the ocean. They are among the most productive environments on earth, creating more organic matter each year than forest and agricultural areas of similar sizes. Chesapeake Bay is the largest estuarine system in the United States, spanning over 64,000 square miles in six states (Virginia, Maryland, Delaware, West Virginia, Pennsylvania, and New York) and Washington DC. It plays a critical role in the region’s environment, food, economy, and recreation. Rapid industrialization and increased pollution caused by excessive nutrient offloading from industrial activities and agricultural runoff, as well as over fishing, are imposing severe threat to the marine ecosystem, wildlife fisheries, and oyster population in the Bay, and in the Hampton River, our study site. These critical environmental challenges call for advanced scientific methods and engineering solutions to fully understand the dynamic biochemical conditions of the water system where the marine ecosystem reside and grow so that effective decisions for resource management, wildlife protection, and ecosystem restoration can be made. This project aims to develop an integrated biochemical sensor-robot network, coupled with intelligent data sampling schemes, environmental modeling, and sensor-robot control methods, for real-time proactive environmental sensing and marine ecosystem restoration in the Hampton River, a tributary of the Chesapeake Bay.&lt;br/&gt;&lt;br/&gt;The research team will explore a joint design of static sensor networks and mobile aquatic robots to provide proactive biochemical sensing of the dynamic water condition at large scales in space and time. Specific research objectives include (1) biogeochemical sensor-robot network design, intelligent sampling, and data analysis; (2) machine learning methods and data-driven models for marine species density and growth estimation; (3) optimal navigation, path planning, and robust control of aquatic robots for effective mobile sensing; and (4) field deployment and performance evaluations. This project will develop and demonstrate a new and highly effective approach for large-scale proactive environmental sensing, providing critical data and models for informed decision making in pollution control, water system management, and marine ecosystem restoration in the Hampton River and Chesapeake Bay. This project serves the long-term goal of building the research capacity and increasing the number of students in STEM at Historically Black Colleges and Universities (HBCUs).  Since Hampton University (HU) is a private HBCU, this project will provide unique and exciting opportunities for mentoring graduate and undergraduate students, in particular, students that are underrepresented in STEM, for research in an interdisciplinary environment. The research will provide valuable water quality, oyster growth and ecosystem restoration data, and information for peer researchers and the general public.&lt;br/&gt;&lt;br/&gt;This award reflects NSF's statutory mission and has been deemed worthy of support through evaluation using the Foundation's intellectual merit and broader impacts review criteria.]]></AbstractNarration>
<MinAmdLetterDate>07/28/2021</MinAmdLetterDate>
<MaxAmdLetterDate>07/28/2021</MaxAmdLetterDate>
<ARRAAmount/>
<TRAN_TYPE>Grant</TRAN_TYPE>
<CFDA_NUM>47.041</CFDA_NUM>
<NSF_PAR_USE_FLAG>1</NSF_PAR_USE_FLAG>
<FUND_AGCY_CODE>4900</FUND_AGCY_CODE>
<AWDG_AGCY_CODE>4900</AWDG_AGCY_CODE>
<AwardID>2101227</AwardID>
<Investigator>
<FirstName>William</FirstName>
<LastName>Moore</LastName>
<PI_MID_INIT>B</PI_MID_INIT>
<PI_SUFX_NAME/>
<PI_FULL_NAME>William B Moore</PI_FULL_NAME>
<EmailAddress><![CDATA[bill.moore@nianet.org]]></EmailAddress>
<NSF_ID>000212777</NSF_ID>
<StartDate>07/28/2021</StartDate>
<EndDate/>
<RoleCode>Co-Principal Investigator</RoleCode>
</Investigator>
<Investigator>
<FirstName>John</FirstName>
<LastName>Anderson</LastName>
<PI_MID_INIT/>
<PI_SUFX_NAME/>
<PI_FULL_NAME>John Anderson</PI_FULL_NAME>
<EmailAddress><![CDATA[john.anderson@hamptonu.edu]]></EmailAddress>
<NSF_ID>000300518</NSF_ID>
<StartDate>07/28/2021</StartDate>
<EndDate/>
<RoleCode>Co-Principal Investigator</RoleCode>
</Investigator>
<Investigator>
<FirstName>Deidre</FirstName>
<LastName>Gibson</LastName>
<PI_MID_INIT>M</PI_MID_INIT>
<PI_SUFX_NAME/>
<PI_FULL_NAME>Deidre M Gibson</PI_FULL_NAME>
<EmailAddress><![CDATA[deidre.gibson@hamptonu.edu]]></EmailAddress>
<NSF_ID>000360464</NSF_ID>
<StartDate>07/28/2021</StartDate>
<EndDate/>
<RoleCode>Co-Principal Investigator</RoleCode>
</Investigator>
<Investigator>
<FirstName>Zhao</FirstName>
<LastName>Sun</LastName>
<PI_MID_INIT/>
<PI_SUFX_NAME/>
<PI_FULL_NAME>Zhao Sun</PI_FULL_NAME>
<EmailAddress><![CDATA[zhao.sun@hamptonu.edu]]></EmailAddress>
<NSF_ID>000666351</NSF_ID>
<StartDate>07/28/2021</StartDate>
<EndDate/>
<RoleCode>Principal Investigator</RoleCode>
</Investigator>
<Institution>
<Name>Hampton University</Name>
<CityName>Hampton</CityName>
<ZipCode>236684561</ZipCode>
<PhoneNumber>7577275363</PhoneNumber>
<StreetAddress>200 William R Harvey Way</StreetAddress>
<StreetAddress2/>
<CountryName>United States</CountryName>
<StateName>Virginia</StateName>
<StateCode>VA</StateCode>
<CONGRESSDISTRICT>03</CONGRESSDISTRICT>
<CONGRESS_DISTRICT_ORG>VA03</CONGRESS_DISTRICT_ORG>
<ORG_UEI_NUM>KSJKE3KVNBB4</ORG_UEI_NUM>
<ORG_LGL_BUS_NAME>HAMPTON UNIVERSITY</ORG_LGL_BUS_NAME>
<ORG_PRNT_UEI_NUM>KSJKE3KVNBB4</ORG_PRNT_UEI_NUM>
</Institution>
<Performance_Institution>
<Name><![CDATA[Hampton University]]></Name>
<CityName>Hampton</CityName>
<StateCode>VA</StateCode>
<ZipCode>236680108</ZipCode>
<StreetAddress><![CDATA[200 William R Harvey Way]]></StreetAddress>
<CountryCode>US</CountryCode>
<CountryName>United States</CountryName>
<StateName>Virginia</StateName>
<CountryFlag>1</CountryFlag>
<CONGRESSDISTRICT>03</CONGRESSDISTRICT>
<CONGRESS_DISTRICT_PERF>VA03</CONGRESS_DISTRICT_PERF>
</Performance_Institution>
<ProgramElement>
<Code>070Y</Code>
<Text>HBCU-EiR - HBCU-Excellence in</Text>
</ProgramElement>
<ProgramElement>
<Code>7564</Code>
<Text>CCSS-Comms Circuits &amp; Sens Sys</Text>
</ProgramElement>
<ProgramElement>
<Code>7680</Code>
<Text>EDA-Eng Diversity Activities</Text>
</ProgramElement>
<ProgramReference>
<Code>153E</Code>
<Text>Wireless comm &amp; sig processing</Text>
</ProgramReference>
<Appropriation>
<Code>0121</Code>
<Name>NSF RESEARCH &amp; RELATED ACTIVIT</Name>
<APP_SYMB_ID>040100</APP_SYMB_ID>
</Appropriation>
<Fund>
<Code>01002122DB</Code>
<Name><![CDATA[NSF RESEARCH & RELATED ACTIVIT]]></Name>
<FUND_SYMB_ID>040100</FUND_SYMB_ID>
</Fund>
<FUND_OBLG>2021~600235</FUND_OBLG>
</Award>
</rootTag>
