<?xml version="1.0" encoding="UTF-8"?>
<rootTag>
<Award>
<AwardTitle><![CDATA[Lagrangian Skeleta in Symplectic Geometry and Representation Theory]]></AwardTitle>
<AGENCY>NSF</AGENCY>
<AwardEffectiveDate>06/01/2021</AwardEffectiveDate>
<AwardExpirationDate>05/31/2024</AwardExpirationDate>
<AwardTotalIntnAmount>405000.00</AwardTotalIntnAmount>
<AwardAmount>268760</AwardAmount>
<AwardInstrument>
<Value>Continuing Grant</Value>
</AwardInstrument>
<Organization>
<Code>03040000</Code>
<Directorate>
<Abbreviation>MPS</Abbreviation>
<LongName>Direct For Mathematical &amp; Physical Scien</LongName>
</Directorate>
<Division>
<Abbreviation>DMS</Abbreviation>
<LongName>Division Of Mathematical Sciences</LongName>
</Division>
</Organization>
<ProgramOfficer>
<SignBlockName>James Matthew Douglass</SignBlockName>
<PO_EMAI>mdouglas@nsf.gov</PO_EMAI>
<PO_PHON>7032922467</PO_PHON>
</ProgramOfficer>
<AbstractNarration><![CDATA[The research supported by this grant lies at the crossroads of mathematics and physics. It involves a mix of pursuits, including the development of new tools and the solution of open problems. A main theme is understanding complicated systems in terms of simple building blocks. For example, a primary aim is to describe global phase spaces in terms of a concrete list of local combinatorial models. This offers a new language to capture intricate phenomena through an elementary syntax. The methods are inspired by singularity theory, where symmetry-breaking often reveals hidden structure. In addition to original research, a broad goal of the project is the education of students in the new frontiers of rapidly developing fields. There will also be ample opportunities for outreach across fields and for increased public engagement with mathematics. &lt;br/&gt; &lt;br/&gt;The research centers around symplectic manifolds, the modern descendants of classical phase spaces, and their quantum invariants. More specifically, the projects focus on symplectic manifolds arising in algebraic geometry (Kahler manifolds) and gauge theory (moduli of bundles and connections). Specific directions focus on Lagrangian singularities and skeleta of Weinstein manifolds, microlocal sheaves in mirror symmetry, and the Betti Geometric Langlands correspondence. The main goals include a combinatorial approach to Weinstein manifolds, foundations of microlocal sheaves in homological mirror symmetry, and a Verlinde formula for automorphic categories. The methods span a range of techniques in symplectic geometry, algebraic topology, and gauge theory. They connect with central pursuits in supersymmetric gauge theory, in particular higher structures coming from four-dimensional topological field theory.&lt;br/&gt;&lt;br/&gt;This award reflects NSF's statutory mission and has been deemed worthy of support through evaluation using the Foundation's intellectual merit and broader impacts review criteria.]]></AbstractNarration>
<MinAmdLetterDate>04/09/2021</MinAmdLetterDate>
<MaxAmdLetterDate>06/27/2022</MaxAmdLetterDate>
<ARRAAmount/>
<TRAN_TYPE>Grant</TRAN_TYPE>
<CFDA_NUM>47.049</CFDA_NUM>
<NSF_PAR_USE_FLAG>1</NSF_PAR_USE_FLAG>
<FUND_AGCY_CODE>4900</FUND_AGCY_CODE>
<AWDG_AGCY_CODE>4900</AWDG_AGCY_CODE>
<AwardID>2101466</AwardID>
<Investigator>
<FirstName>David</FirstName>
<LastName>Nadler</LastName>
<PI_MID_INIT>E</PI_MID_INIT>
<PI_SUFX_NAME/>
<PI_FULL_NAME>David E Nadler</PI_FULL_NAME>
<EmailAddress><![CDATA[nadler@math.berkeley.edu]]></EmailAddress>
<NSF_ID>000193081</NSF_ID>
<StartDate>04/09/2021</StartDate>
<EndDate/>
<RoleCode>Principal Investigator</RoleCode>
</Investigator>
<Institution>
<Name>University of California-Berkeley</Name>
<CityName>BERKELEY</CityName>
<ZipCode>947101749</ZipCode>
<PhoneNumber>5106433891</PhoneNumber>
<StreetAddress>1608 4TH ST STE 201</StreetAddress>
<StreetAddress2/>
<CountryName>United States</CountryName>
<StateName>California</StateName>
<StateCode>CA</StateCode>
<CONGRESSDISTRICT>13</CONGRESSDISTRICT>
<CONGRESS_DISTRICT_ORG>CA13</CONGRESS_DISTRICT_ORG>
<ORG_UEI_NUM>GS3YEVSS12N6</ORG_UEI_NUM>
<ORG_LGL_BUS_NAME>REGENTS OF THE UNIVERSITY OF CALIFORNIA, THE</ORG_LGL_BUS_NAME>
<ORG_PRNT_UEI_NUM>NUDGYLBB4S99</ORG_PRNT_UEI_NUM>
</Institution>
<Performance_Institution>
<Name><![CDATA[University of California-Berkeley]]></Name>
<CityName>Berkeley</CityName>
<StateCode>CA</StateCode>
<ZipCode>947203840</ZipCode>
<StreetAddress><![CDATA[815 Evans Hall]]></StreetAddress>
<CountryCode>US</CountryCode>
<CountryName>United States</CountryName>
<StateName>California</StateName>
<CountryFlag>1</CountryFlag>
<CONGRESSDISTRICT>13</CONGRESSDISTRICT>
<CONGRESS_DISTRICT_PERF>CA13</CONGRESS_DISTRICT_PERF>
</Performance_Institution>
<ProgramElement>
<Code>1264</Code>
<Text>ALGEBRA,NUMBER THEORY,AND COM</Text>
</ProgramElement>
<Appropriation>
<Code>0121</Code>
<Name>NSF RESEARCH &amp; RELATED ACTIVIT</Name>
<APP_SYMB_ID>040100</APP_SYMB_ID>
</Appropriation>
<Appropriation>
<Code>0122</Code>
<Name>NSF RESEARCH &amp; RELATED ACTIVIT</Name>
<APP_SYMB_ID>040100</APP_SYMB_ID>
</Appropriation>
<Fund>
<Code>01002122DB</Code>
<Name><![CDATA[NSF RESEARCH & RELATED ACTIVIT]]></Name>
<FUND_SYMB_ID>040100</FUND_SYMB_ID>
</Fund>
<Fund>
<Code>01002223DB</Code>
<Name><![CDATA[NSF RESEARCH & RELATED ACTIVIT]]></Name>
<FUND_SYMB_ID>040100</FUND_SYMB_ID>
</Fund>
<FUND_OBLG>2021~133579</FUND_OBLG>
<FUND_OBLG>2022~135181</FUND_OBLG>
</Award>
</rootTag>
