<?xml version="1.0" encoding="UTF-8"?>
<rootTag>
<Award>
<AwardTitle>Supporting Instructional Decision Making: The Potential of An Automatically Scored Three-dimensional Assessment System</AwardTitle>
<AGENCY>NSF</AGENCY>
<AwardEffectiveDate>09/01/2021</AwardEffectiveDate>
<AwardExpirationDate>08/31/2025</AwardExpirationDate>
<AwardTotalIntnAmount>903420.00</AwardTotalIntnAmount>
<AwardAmount>455273</AwardAmount>
<AwardInstrument>
<Value>Continuing Grant</Value>
</AwardInstrument>
<Organization>
<Code>11090000</Code>
<Directorate>
<Abbreviation>EHR</Abbreviation>
<LongName>Direct For Education and Human Resources</LongName>
</Directorate>
<Division>
<Abbreviation>DRL</Abbreviation>
<LongName>Division Of Research On Learning</LongName>
</Division>
</Organization>
<ProgramOfficer>
<SignBlockName>Jessaca Spybrook</SignBlockName>
<PO_EMAI>jspybroo@nsf.gov</PO_EMAI>
<PO_PHON>703292224</PO_PHON>
</ProgramOfficer>
<AbstractNarration>This project will study the utility of a machine learning-based assessment system for supporting middle school science teachers in making instructional decisions based on automatically generated student reports (AutoRs). The assessments target three-dimensional (3D) science learning by requiring students to integrate scientific practices, crosscutting concepts, and disciplinary core ideas to make sense of phenomena or solve complex problems. Led by collaborators from University of Georgia, Michigan State University, University of Illinois at Chicago, and WestEd, the project team will develop computer scoring algorithms, a suite of AutoRs, and an array of pedagogical content knowledge supports (PCKSs). These products will assist middle school science teachers in the use of 3D assessments, making informative instructional changes, and improve students’ 3D learning. The project will generate knowledge about teachers’ uses of 3D assessments and examine the potential of automatically scored 3D assessments. &lt;br/&gt;&lt;br/&gt;The project will achieve the research goals using a mixed-methods design in three phases. Phase I: Develop AutoRs. Machine scoring models for the 3D assessment tasks will be developed using existing data. To support teachers’ interpretation and use of automatic scores, the project team will develop AutoRs and examine how teachers make use of these initial reports. Based on observations and feedback from teachers, AutoRs will be refined using an iterative procedure so that teachers can use them with more efficiency and productivity. Phase II: Develop and test PCKSs. Findings from Phase I, the literature, and interviews with experienced teachers will be employed to develop PCKSs. The project will provide professional learning with teachers on how to use the AutoRs and PCKSs. The project will research how teachers use AutoRs and PCKSs to make instructional decisions. The findings will be used to refine the PCKSs. Phase III: Classroom implementation. In this phase a study will be conducted with a new group of teachers to explore the effectiveness and usability of AutoRs and PCKSs in terms of supporting teachers’ instructional decisions and students’ 3D learning. This project will create knowledge about and formulate a theory of how teachers interpret and attend to students’ performance on 3D assessments, providing critical information on how to support teachers’ responsive instructional decision making. The collaborative team will widely disseminate various products, such as 3D assessment scoring algorithms, AutoRs, PCKSs, and the corresponding professional development programs, and publications to facilitate 3D instruction and learning.&lt;br/&gt;&lt;br/&gt;&lt;br/&gt;The Discovery Research preK-12 program (DRK-12) seeks to significantly enhance the learning and teaching of science, technology, engineering and mathematics (STEM) by preK-12 students and teachers, through research and development of innovative resources, models and tools. Projects in the DRK-12 program build on fundamental research in STEM education and prior research and development efforts that provide theoretical and empirical justification for proposed projects.&lt;br/&gt;&lt;br/&gt;This award reflects NSF's statutory mission and has been deemed worthy of support through evaluation using the Foundation's intellectual merit and broader impacts review criteria.</AbstractNarration>
<MinAmdLetterDate>03/31/2021</MinAmdLetterDate>
<MaxAmdLetterDate>06/23/2021</MaxAmdLetterDate>
<ARRAAmount/>
<TRAN_TYPE>Grant</TRAN_TYPE>
<CFDA_NUM>47.076</CFDA_NUM>
<NSF_PAR_USE_FLAG>1</NSF_PAR_USE_FLAG>
<FUND_AGCY_CODE>4900</FUND_AGCY_CODE>
<AWDG_AGCY_CODE>4900</AWDG_AGCY_CODE>
<AwardID>2101104</AwardID>
<Investigator>
<FirstName>Sheng</FirstName>
<LastName>Li</LastName>
<PI_MID_INIT/>
<PI_SUFX_NAME/>
<PI_FULL_NAME>Sheng Li</PI_FULL_NAME>
<EmailAddress>sheng.li@uga.edu</EmailAddress>
<PI_PHON>7065422911</PI_PHON>
<NSF_ID>000785205</NSF_ID>
<StartDate>03/31/2021</StartDate>
<EndDate>04/19/2021</EndDate>
<RoleCode>Former Co-Principal Investigator</RoleCode>
</Investigator>
<Investigator>
<FirstName>Xiaoming</FirstName>
<LastName>Zhai</LastName>
<PI_MID_INIT/>
<PI_SUFX_NAME/>
<PI_FULL_NAME>Xiaoming Zhai</PI_FULL_NAME>
<EmailAddress>xiaoming.zhai@uga.edu</EmailAddress>
<PI_PHON>6502106704</PI_PHON>
<NSF_ID>000810678</NSF_ID>
<StartDate>03/31/2021</StartDate>
<EndDate/>
<RoleCode>Principal Investigator</RoleCode>
</Investigator>
<Institution>
<Name>University of Georgia Research Foundation Inc</Name>
<CityName>ATHENS</CityName>
<ZipCode>306021589</ZipCode>
<PhoneNumber>7065425939</PhoneNumber>
<StreetAddress>310 EAST CAMPUS RD TUCKER HALL R</StreetAddress>
<StreetAddress2/>
<CountryName>United States</CountryName>
<StateName>Georgia</StateName>
<StateCode>GA</StateCode>
<CONGRESSDISTRICT>10</CONGRESSDISTRICT>
<CONGRESS_DISTRICT_ORG>GA10</CONGRESS_DISTRICT_ORG>
<ORG_UEI_NUM>NMJHD63STRC5</ORG_UEI_NUM>
<ORG_LGL_BUS_NAME>UNIVERSITY OF GEORGIA RESEARCH FOUNDATION, INC.</ORG_LGL_BUS_NAME>
<ORG_PRNT_UEI_NUM/>
</Institution>
<Performance_Institution>
<Name><![CDATA[University of Georgia]]></Name>
<CityName>Athens</CityName>
<StateCode>GA</StateCode>
<ZipCode>306021589</ZipCode>
<StreetAddress><![CDATA[310 East Campus Rd, 312 Tucker]]></StreetAddress>
<CountryCode>US</CountryCode>
<CountryName>United States</CountryName>
<StateName>Georgia</StateName>
<CountryFlag>1</CountryFlag>
<CONGRESSDISTRICT>10</CONGRESSDISTRICT>
<CONGRESS_DISTRICT_PERF>GA10</CONGRESS_DISTRICT_PERF>
</Performance_Institution>
<ProgramElement>
<Code>7645</Code>
<Text>Discovery Research K-12</Text>
</ProgramElement>
<Appropriation>
<Code>0421</Code>
<Name>NSF Education &amp; Human Resource</Name>
<APP_SYMB_ID>040106</APP_SYMB_ID>
</Appropriation>
<Fund>
<Code>04002122DB</Code>
<Name><![CDATA[NSF Education & Human Resource]]></Name>
<FUND_SYMB_ID>040106</FUND_SYMB_ID>
</Fund>
<FUND_OBLG>2021~455273</FUND_OBLG>
</Award>
</rootTag>
