<?xml version="1.0" encoding="UTF-8"?>
<rootTag>
<Award>
<AwardTitle>Rapid Collaborative Proposal: Characterization, Quantification, and Transport of Incidental Nanomaterials from Wildland-Urban Fires in Surface Waters</AwardTitle>
<AGENCY>NSF</AGENCY>
<AwardEffectiveDate>11/15/2020</AwardEffectiveDate>
<AwardExpirationDate>10/31/2022</AwardExpirationDate>
<AwardTotalIntnAmount>180016.00</AwardTotalIntnAmount>
<AwardAmount>180016</AwardAmount>
<AwardInstrument>
<Value>Standard Grant</Value>
</AwardInstrument>
<Organization>
<Code>07020000</Code>
<Directorate>
<Abbreviation>ENG</Abbreviation>
<LongName>Directorate For Engineering</LongName>
</Directorate>
<Division>
<Abbreviation>CBET</Abbreviation>
<LongName>Div Of Chem, Bioeng, Env, &amp; Transp Sys</LongName>
</Division>
</Organization>
<ProgramOfficer>
<SignBlockName>Nora Savage</SignBlockName>
<PO_EMAI>nosavage@nsf.gov</PO_EMAI>
<PO_PHON>7032927949</PO_PHON>
</ProgramOfficer>
<AbstractNarration>Fire is a natural process in many ecosystems worldwide, however it is also a serious environmental concern with implications human and environmental health. Fire activity and associated environmental impacts are projected to increase globally as a result of climate and societal changes. On August 15th, 2020, a large lightning storm moved across the western United States igniting many wildfires. These fires have burned more than 8 million acres of land and more than 10,000 urban structures in 12 states with California being the most impacted. Fire liberates metals stored in plants, soils, and structural materials, likely in the form of incidental nanomaterials. This Rapid Response Research (RAPID) Collaborative project will collect time-sensitive samples and data related to the 2020 fire season. Researchers at California State University, Chico, California will collect ash and water samples and will perform water analysis. Researchers at the University of South Carolina, Columbia, South Carolina will perform incidental nanomaterial analysis. This research will examine the composition, properties, transformations, and mobilization of fire-generated incidental nanomaterials in surface water receiving runoff from burned areas. This project will support the training of a postdoctoral fellow. Methods, data, and tools generated in this project will be integrated into existing undergraduate and graduate curricula at the University of South Carolina and California State University. Broader impacts to society will result from an improved understanding of pollutants generated by wildland-urban fires and their potential impacts on water resources. Such information can lead to better management strategies of water resources during and after wildland-urban fires to protect environmental and human health.&lt;br/&gt;&lt;br/&gt;The 2020 fire season is one of the worst on record in the western United States, affecting more than 8 million acres of land and destroying more than 10,000 urban structures. The combustion of vegetation and structural materials in the wildland-urban interface liberates metals stored in these materials, likely in the form of incidental nanomaterials in residual and transported fire ash. Overland runoff mobilizes these incidental nanomaterials to downstream surface waters, causing environmental and human health concerns. This Rapid Response Research (RAPID) Collaborative project will collect time-sensitive samples and data related to the 2020 fire season. Researchers at the California State University will collect ash and water samples and will perform water analysis. Researchers at the University of South Carolina will perform incidental nanomaterial analysis. This research seeks to answer the following fundamental questions: 1) what metal-based incidental nanomaterials are formed due to the burning of different forests and structures? 2) what transformations do incidental nanomaterials undergo following rainfall events? and 3) will incidental nanomaterials persist in the environment? The proposed research will provide a comprehensive understanding of fire-formed incidental nanomaterials by generating complementary data on incidental nanomaterial size, shape, composition, and phase. These data will be generated by adopting a state-of-the-art multi-method approach to characterize the properties of incidental nanomaterials including single particle–inductively coupled plasma–time of flight–mass spectroscopy, high resolution-transmission electron microscopy, X-ray diffraction, X-ray absorption spectroscopy, and Mössbauer spectroscopy. The broader impacts of the proposed research include: 1) identifying novel research questions in the area of wildland-urban fire-borne contamination; 2) providing  data to other fields such as public health to improve understanding of diseases linked to fire incidental nanomaterial exposure; 3) providing  data that can be used to develop and validate incidental nanomaterials fate models; 4) providing  data to public utilities such as drinking water treatment plants to improve their treatment design to ensure safe drinking water treatment, and 5) integrating the methods, data, and tools generated in this proposed research into existing undergraduate and graduate curricula at the University of South Carolina and California State University.&lt;br/&gt;&lt;br/&gt;This award reflects NSF's statutory mission and has been deemed worthy of support through evaluation using the Foundation's intellectual merit and broader impacts review criteria.</AbstractNarration>
<MinAmdLetterDate>11/09/2020</MinAmdLetterDate>
<MaxAmdLetterDate>11/09/2020</MaxAmdLetterDate>
<ARRAAmount/>
<TRAN_TYPE>Grant</TRAN_TYPE>
<CFDA_NUM>47.041</CFDA_NUM>
<NSF_PAR_USE_FLAG>1</NSF_PAR_USE_FLAG>
<FUND_AGCY_CODE>4900</FUND_AGCY_CODE>
<AWDG_AGCY_CODE>4900</AWDG_AGCY_CODE>
<AwardID>2101983</AwardID>
<Investigator>
<FirstName>Mohammed</FirstName>
<LastName>Baalousha</LastName>
<PI_MID_INIT/>
<PI_SUFX_NAME/>
<PI_FULL_NAME>Mohammed Baalousha</PI_FULL_NAME>
<EmailAddress>mbaalous@mailbox.sc.edu</EmailAddress>
<PI_PHON>8037777177</PI_PHON>
<NSF_ID>000663354</NSF_ID>
<StartDate>11/09/2020</StartDate>
<EndDate/>
<RoleCode>Principal Investigator</RoleCode>
</Investigator>
<Institution>
<Name>University of South Carolina at Columbia</Name>
<CityName>COLUMBIA</CityName>
<ZipCode>292083403</ZipCode>
<PhoneNumber>8037777093</PhoneNumber>
<StreetAddress>1600 HAMPTON ST # 414</StreetAddress>
<StreetAddress2/>
<CountryName>United States</CountryName>
<StateName>South Carolina</StateName>
<StateCode>SC</StateCode>
<CONGRESSDISTRICT>06</CONGRESSDISTRICT>
<CONGRESS_DISTRICT_ORG>SC06</CONGRESS_DISTRICT_ORG>
<ORG_UEI_NUM>J22LNTMEDP73</ORG_UEI_NUM>
<ORG_LGL_BUS_NAME>UNIVERSITY OF SOUTH CAROLINA</ORG_LGL_BUS_NAME>
<ORG_PRNT_UEI_NUM>J22LNTMEDP73</ORG_PRNT_UEI_NUM>
</Institution>
<Performance_Institution>
<Name><![CDATA[University of South Carolina]]></Name>
<CityName>Columbia</CityName>
<StateCode>SC</StateCode>
<ZipCode>292080001</ZipCode>
<StreetAddress><![CDATA[Public Health Research Building]]></StreetAddress>
<CountryCode>US</CountryCode>
<CountryName>United States</CountryName>
<StateName>South Carolina</StateName>
<CountryFlag>1</CountryFlag>
<CONGRESSDISTRICT>06</CONGRESSDISTRICT>
<CONGRESS_DISTRICT_PERF>SC06</CONGRESS_DISTRICT_PERF>
</Performance_Institution>
<ProgramElement>
<Code>1179</Code>
<Text>Nanoscale Interactions Program</Text>
</ProgramElement>
<ProgramReference>
<Code>7237</Code>
<Text>NANO NON-SOLIC SCI &amp; ENG AWD</Text>
</ProgramReference>
<ProgramReference>
<Code>7914</Code>
<Text>RAPID</Text>
</ProgramReference>
<ProgramReference>
<Code>9150</Code>
<Text>EXP PROG TO STIM COMP RES</Text>
</ProgramReference>
<Appropriation>
<Code>0121</Code>
<Name>NSF RESEARCH &amp; RELATED ACTIVIT</Name>
<APP_SYMB_ID>040100</APP_SYMB_ID>
</Appropriation>
<Fund>
<Code>01002122DB</Code>
<Name><![CDATA[NSF RESEARCH & RELATED ACTIVIT]]></Name>
<FUND_SYMB_ID>040100</FUND_SYMB_ID>
</Fund>
<FUND_OBLG>2021~180016</FUND_OBLG>
</Award>
</rootTag>
