<?xml version="1.0" encoding="UTF-8"?>
<rootTag>
<Award>
<AwardTitle>Supporting the Implementation of Scientific Modeling Instruction in High School Chemistry and Biology in Rural Schools</AwardTitle>
<AGENCY>NSF</AGENCY>
<AwardEffectiveDate>09/01/2021</AwardEffectiveDate>
<AwardExpirationDate>08/31/2025</AwardExpirationDate>
<AwardTotalIntnAmount>2596576.00</AwardTotalIntnAmount>
<AwardAmount>1236590</AwardAmount>
<AwardInstrument>
<Value>Continuing Grant</Value>
</AwardInstrument>
<Organization>
<Code>11090000</Code>
<Directorate>
<Abbreviation>EHR</Abbreviation>
<LongName>Direct For Education and Human Resources</LongName>
</Directorate>
<Division>
<Abbreviation>DRL</Abbreviation>
<LongName>Division Of Research On Learning</LongName>
</Division>
</Organization>
<ProgramOfficer>
<SignBlockName>Robert Russell</SignBlockName>
<PO_EMAI>rlrussel@nsf.gov</PO_EMAI>
<PO_PHON>7032922995</PO_PHON>
</ProgramOfficer>
<AbstractNarration>High school students in many rural school districts have limited access to advanced STEM coursework and advanced technologies, including high-speed Internet. Rural school districts face difficulties in recruiting and retaining STEM teachers. In many cases, rural STEM teachers need additional training and support. The project will identify these, and other barriers rural teachers face and create professional development for teachers. The training will be designed to increase their discipline specific knowledge and related skills in engaging students in using models to explore, analyze, assess, and improve their thinking about and knowledge of science. Participating teachers will receive 114 hours of formal professional development in the summer and sustained support from follow-up sessions and an innovative virtual mentoring throughout the academic year.  The project will revise biology and chemistry curriculum and support 30-90 teachers annually in rural areas in implementing reform-oriented MI instruction benefiting approximately 25,000 rural students. The project will result in a network of leader teachers who can sustain project initiatives.  Online STEM professional development courses and digital tools for rural teachers and teachers will be made widely disseminated. In addition, project resources and research findings will be disseminated via conference presentations and peer-reviewed research journals.&lt;br/&gt;&lt;br/&gt;Project research is designed to generate knowledge about the development of rural science teachers' pedagogical content knowledge (PCK) and the supports needed as rural teachers implement an approach to teaching called Modeling Instruction (MI). PCK refers to knowledge of and how to teach discipline-specific science concepts. MI is a pedagogical approach where students are actively engaged in using conceptual models that are created and applied to concrete physical, biological, and chemical phenomena to promote their understanding of scientific/mathematical principles. Through longitudinal mixed-methods research, the project will add new knowledge about PCK and MI.  The project will investigate the progression of teachers’ PCK associated with the high-level implementation of MI that engages students in science research practices. The research of discipline specific PCK will significantly inform the curriculum and design of preservice and in-service science teacher education programs. The project will also research how various aspects of mentoring (e.g., feedback, interactions, discourse, and the modes and quantity of mentoring activities) support teachers in the effective use of PCK in the classroom. Qualitative research tools will include analysis of videos of teacher implementation of lessons, interviews with teachers focusing on the lessons, focus groups and semi-structured interviews on mentoring experiences, and analysis of teacher mentor-teacher mentee sessions and activity.  The Science Instruction Practices Survey will collect quantitative data that will be used to understand each teacher’s implementation of MI, looking at the science practices that teachers in the classroom such as investigation, data collection and analysis, explanation, modeling, and science communication.  The Discovery Research preK-12 program (DRK-12) seeks to significantly enhance the learning and teaching of science, technology, engineering and mathematics (STEM) by preK-12 students and teachers, through research and development of innovative resources, models and tools. Projects in the DRK-12 program build on fundamental research in STEM education and prior research and development efforts that provide theoretical and empirical justification for proposed projects.&lt;br/&gt;&lt;br/&gt;This award reflects NSF's statutory mission and has been deemed worthy of support through evaluation using the Foundation's intellectual merit and broader impacts review criteria.</AbstractNarration>
<MinAmdLetterDate>06/11/2021</MinAmdLetterDate>
<MaxAmdLetterDate>06/11/2021</MaxAmdLetterDate>
<ARRAAmount/>
<TRAN_TYPE>Grant</TRAN_TYPE>
<CFDA_NUM>47.076</CFDA_NUM>
<NSF_PAR_USE_FLAG>1</NSF_PAR_USE_FLAG>
<FUND_AGCY_CODE>4900</FUND_AGCY_CODE>
<AWDG_AGCY_CODE>4900</AWDG_AGCY_CODE>
<AwardID>2101590</AwardID>
<Investigator>
<FirstName>Soonhye</FirstName>
<LastName>Park</LastName>
<PI_MID_INIT/>
<PI_SUFX_NAME/>
<PI_FULL_NAME>Soonhye Park</PI_FULL_NAME>
<EmailAddress>spark26@ncsu.edu</EmailAddress>
<PI_PHON>9195153591</PI_PHON>
<NSF_ID>000728633</NSF_ID>
<StartDate>06/11/2021</StartDate>
<EndDate/>
<RoleCode>Co-Principal Investigator</RoleCode>
</Investigator>
<Investigator>
<FirstName>Neal</FirstName>
<LastName>Ragan</LastName>
<PI_MID_INIT>S</PI_MID_INIT>
<PI_SUFX_NAME/>
<PI_FULL_NAME>Neal S Ragan</PI_FULL_NAME>
<EmailAddress>scott_ragan@ncsu.edu</EmailAddress>
<PI_PHON>9195155610</PI_PHON>
<NSF_ID>000556654</NSF_ID>
<StartDate>06/11/2021</StartDate>
<EndDate/>
<RoleCode>Principal Investigator</RoleCode>
</Investigator>
<Institution>
<Name>North Carolina State University</Name>
<CityName>RALEIGH</CityName>
<ZipCode>27607</ZipCode>
<PhoneNumber>9195152444</PhoneNumber>
<StreetAddress>2601 WOLF VILLAGE WAY</StreetAddress>
<StreetAddress2/>
<CountryName>United States</CountryName>
<StateName>North Carolina</StateName>
<StateCode>NC</StateCode>
<CONGRESSDISTRICT>02</CONGRESSDISTRICT>
<CONGRESS_DISTRICT_ORG>NC02</CONGRESS_DISTRICT_ORG>
<ORG_UEI_NUM>U3NVH931QJJ3</ORG_UEI_NUM>
<ORG_LGL_BUS_NAME>NORTH CAROLINA STATE UNIVERSITY</ORG_LGL_BUS_NAME>
<ORG_PRNT_UEI_NUM>N8DMK1K4C2K5</ORG_PRNT_UEI_NUM>
</Institution>
<Performance_Institution>
<Name><![CDATA[North Carolina State University]]></Name>
<CityName>Raleigh</CityName>
<StateCode>NC</StateCode>
<ZipCode>276957207</ZipCode>
<StreetAddress><![CDATA[Campus Box 7514]]></StreetAddress>
<CountryCode>US</CountryCode>
<CountryName>United States</CountryName>
<StateName>North Carolina</StateName>
<CountryFlag>1</CountryFlag>
<CONGRESSDISTRICT>02</CONGRESSDISTRICT>
<CONGRESS_DISTRICT_PERF>NC02</CONGRESS_DISTRICT_PERF>
</Performance_Institution>
<ProgramElement>
<Code>7645</Code>
<Text>Discovery Research K-12</Text>
</ProgramElement>
<ProgramReference>
<Code>096Z</Code>
<Text>COVID-19 Research</Text>
</ProgramReference>
<ProgramReference>
<Code>097Z</Code>
<Text>COVID-19 Impacts on Existing Activities</Text>
</ProgramReference>
<Appropriation>
<Code>0421</Code>
<Name>NSF Education &amp; Human Resource</Name>
<APP_SYMB_ID>040106</APP_SYMB_ID>
</Appropriation>
<Fund>
<Code>04002122DB</Code>
<Name><![CDATA[NSF Education & Human Resource]]></Name>
<FUND_SYMB_ID>040106</FUND_SYMB_ID>
</Fund>
<FUND_OBLG>2021~1236590</FUND_OBLG>
</Award>
</rootTag>
