<?xml version="1.0" encoding="UTF-8"?>
<rootTag>
<Award>
<AwardTitle><![CDATA[Higher Representation Theory and Heegaard Floer Homology]]></AwardTitle>
<AGENCY>NSF</AGENCY>
<AwardEffectiveDate>09/01/2021</AwardEffectiveDate>
<AwardExpirationDate>10/31/2021</AwardExpirationDate>
<AwardTotalIntnAmount>157847.00</AwardTotalIntnAmount>
<AwardAmount>157847</AwardAmount>
<AwardInstrument>
<Value>Standard Grant</Value>
</AwardInstrument>
<Organization>
<Code>03040000</Code>
<Directorate>
<Abbreviation>MPS</Abbreviation>
<LongName>Direct For Mathematical &amp; Physical Scien</LongName>
</Directorate>
<Division>
<Abbreviation>DMS</Abbreviation>
<LongName>Division Of Mathematical Sciences</LongName>
</Division>
</Organization>
<ProgramOfficer>
<SignBlockName>James Matthew Douglass</SignBlockName>
<PO_EMAI>mdouglas@nsf.gov</PO_EMAI>
<PO_PHON>7032922467</PO_PHON>
</ProgramOfficer>
<AbstractNarration><![CDATA[Modern research at the interface of mathematics and physics has revealed startling connections between geometric properties of shapes, theories in high-energy physics, deep concepts of symmetry, and rapidly developing areas like materials science and quantum computation. A set of constructions known as "Heegaard Floer homology" brings together many of these perspectives and forms a key nexus in this web of ideas. As a result, there is much interest in Heegaard Floer homology as a guiding light for understanding this web more broadly and pushing out toward the applications of most mathematical and practical significance. This project aims to exploit the locality inherent in Heegaard Floer homology to understand a long-sought-after algebraic operation based on principles of higher symmetry, and to use this new structure to advance adjacent fields of research. This project will support the professional development of students and other early-career mathematicians through research collaborations, mentoring activities, and outreach, including organization of conferences and seminars.&lt;br/&gt; &lt;br/&gt;In more detail, this project builds on recent work which uncovered a relationship between the lower-dimensional or more-local aspects of Heegaard Floer homology and tensor products for higher representations of categorified quantum groups. Such tensor products have long been recognized as a crucial element needed for further progress in this area, but only in certain cases have they been defined. This project will expand our knowledge of the structure of Heegaard Floer homology using higher tensor products as an organizing principle, while also using insights from the extensive Heegaard Floer literature to understand more about higher tensor products in general and to develop new links with areas ranging from geometric representation theory to amplituhedra in physics.&lt;br/&gt;&lt;br/&gt;This award reflects NSF's statutory mission and has been deemed worthy of support through evaluation using the Foundation's intellectual merit and broader impacts review criteria.]]></AbstractNarration>
<MinAmdLetterDate>07/22/2021</MinAmdLetterDate>
<MaxAmdLetterDate>07/22/2021</MaxAmdLetterDate>
<ARRAAmount/>
<TRAN_TYPE>Grant</TRAN_TYPE>
<CFDA_NUM>47.049</CFDA_NUM>
<NSF_PAR_USE_FLAG>1</NSF_PAR_USE_FLAG>
<FUND_AGCY_CODE>4900</FUND_AGCY_CODE>
<AWDG_AGCY_CODE>4900</AWDG_AGCY_CODE>
<AwardID>2101916</AwardID>
<Investigator>
<FirstName>Andrew</FirstName>
<LastName>Manion</LastName>
<PI_MID_INIT>J</PI_MID_INIT>
<PI_SUFX_NAME/>
<PI_FULL_NAME>Andrew J Manion</PI_FULL_NAME>
<EmailAddress><![CDATA[ajmanion@ncsu.edu]]></EmailAddress>
<NSF_ID>000677341</NSF_ID>
<StartDate>07/22/2021</StartDate>
<EndDate/>
<RoleCode>Principal Investigator</RoleCode>
</Investigator>
<Institution>
<Name>University of Southern California</Name>
<CityName>LOS ANGELES</CityName>
<ZipCode>900074304</ZipCode>
<PhoneNumber>2137407762</PhoneNumber>
<StreetAddress>3720 S FLOWER ST FL 3</StreetAddress>
<StreetAddress2/>
<CountryName>United States</CountryName>
<StateName>California</StateName>
<StateCode>CA</StateCode>
<CONGRESSDISTRICT>37</CONGRESSDISTRICT>
<CONGRESS_DISTRICT_ORG>CA37</CONGRESS_DISTRICT_ORG>
<ORG_UEI_NUM>G88KLJR3KYT5</ORG_UEI_NUM>
<ORG_LGL_BUS_NAME>UNIVERSITY OF SOUTHERN CALIFORNIA</ORG_LGL_BUS_NAME>
<ORG_PRNT_UEI_NUM>G88KLJR3KYT5</ORG_PRNT_UEI_NUM>
</Institution>
<Performance_Institution>
<Name><![CDATA[University of Southern California]]></Name>
<CityName>Los Angeles</CityName>
<StateCode>CA</StateCode>
<ZipCode>900892532</ZipCode>
<StreetAddress><![CDATA[3620 S. Vermonth Ave., KAP 104]]></StreetAddress>
<CountryCode>US</CountryCode>
<CountryName>United States</CountryName>
<StateName>California</StateName>
<CountryFlag>1</CountryFlag>
<CONGRESSDISTRICT>37</CONGRESSDISTRICT>
<CONGRESS_DISTRICT_PERF>CA37</CONGRESS_DISTRICT_PERF>
</Performance_Institution>
<ProgramElement>
<Code>1264</Code>
<Text>ALGEBRA,NUMBER THEORY,AND COM</Text>
</ProgramElement>
<ProgramElement>
<Code>1267</Code>
<Text>TOPOLOGY</Text>
</ProgramElement>
<Appropriation>
<Code>0121</Code>
<Name>NSF RESEARCH &amp; RELATED ACTIVIT</Name>
<APP_SYMB_ID>040100</APP_SYMB_ID>
</Appropriation>
<Fund>
<Code>01002122DB</Code>
<Name><![CDATA[NSF RESEARCH & RELATED ACTIVIT]]></Name>
<FUND_SYMB_ID>040100</FUND_SYMB_ID>
</Fund>
<FUND_OBLG>2021~0</FUND_OBLG>
</Award>
</rootTag>
