<?xml version="1.0" encoding="UTF-8"?>
<rootTag>
<Award>
<AwardTitle>RAPID: The impact of headwater wildfire burns on the export of materials to the coast</AwardTitle>
<AGENCY>NSF</AGENCY>
<AwardEffectiveDate>12/15/2020</AwardEffectiveDate>
<AwardExpirationDate>11/30/2022</AwardExpirationDate>
<AwardTotalIntnAmount>23139.00</AwardTotalIntnAmount>
<AwardAmount>28139</AwardAmount>
<AwardInstrument>
<Value>Standard Grant</Value>
</AwardInstrument>
<Organization>
<Code>06030000</Code>
<Directorate>
<Abbreviation>GEO</Abbreviation>
<LongName>Directorate For Geosciences</LongName>
</Directorate>
<Division>
<Abbreviation>EAR</Abbreviation>
<LongName>Division Of Earth Sciences</LongName>
</Division>
</Organization>
<ProgramOfficer>
<SignBlockName>Julie Pett-Ridge</SignBlockName>
<PO_EMAI>jpettrid@nsf.gov</PO_EMAI>
<PO_PHON>7032922613</PO_PHON>
</ProgramOfficer>
<AbstractNarration>Wildfire suppression is a common forest management practice in the western world. However, land management practices for fire are shifting, and many communities and agencies are planning to prescribe more wildfire in fire-prone landscapes. At the same time, global climate change has increased extreme fire weather days in places like the western United States. From both a global climate change and a more regional land management perspective, fires will become a more commonplace land disturbance, and this expected increase in wildfire extent places even greater importance on bringing science up to speed with the effects of wildfire on watershed processes. Understanding of interacting hydrological and biogeochemical components in pre- and post-fire watersheds at-large remains limited and virtually nonexistent for coastal draining systems. This project will help fill this gap by: (1) leveraging gauged coastal watersheds with existing data that facilitates temporal comparisons of pre- and post-fire water quality and water yields, and (2) using multiple tracers to delineate source contributions from burned and unburned areas of each coastal watershed. Four of the five proposed study watersheds provide drinking water to ~90,000 citizens in Santa Cruz County. This project would build on city and county efforts to better understand the impacts of wildfire on municipal drinking water supply, and results will be shared with existing collaborators and contacts at the City of Santa Cruz, County of Santa Cruz, Bureau of Land Management, and California State Parks. This work will support two early-career female researchers and two students.&lt;br/&gt;&lt;br/&gt;Small watersheds (&lt;1000 km2) comprise nearly 1/5 of all watersheds on Earth and the majority of watersheds along the California coastline. While these systems are globally ubiquitous, comprehensive hydrological and biogeochemical data for these small systems is limited, and even less is known about how these coastal systems respond to wildfires. To fill this knowledge gap, investigators propose to examine near-term wildfire impacts on coastal stream water material exports to better understand how fire can alter material sourcing, composition, and concentrations across dynamic flow regimes. They will focus on stream water particulate and dissolved carbon (C) and nitrogen (N) compounds as they are fundamentally important to local food webs and drinking water quality. Specifically, they propose to: (1) leverage paired watersheds with varying biophysical watershed characteristics to better understand differences in water quality responses post-fire, and (2) use multiple lines of evidence (stable isotopes, optical properties, C and N ratios, and direct quantification of pyrogenic C to differentiate contributions from burn affected and unburned regions of each watershed. This study will provide new insight into how coastal stream C and N sources, composition, and exports vary across flows in response to wildfire. This insight is critical to better understanding how wildfire can alter C and N sources, transport, and fate in coastal draining systems.&lt;br/&gt;&lt;br/&gt;This award reflects NSF's statutory mission and has been deemed worthy of support through evaluation using the Foundation's intellectual merit and broader impacts review criteria.</AbstractNarration>
<MinAmdLetterDate>12/04/2020</MinAmdLetterDate>
<MaxAmdLetterDate>07/09/2021</MaxAmdLetterDate>
<ARRAAmount/>
<TRAN_TYPE>Grant</TRAN_TYPE>
<CFDA_NUM>47.050</CFDA_NUM>
<NSF_PAR_USE_FLAG>1</NSF_PAR_USE_FLAG>
<FUND_AGCY_CODE>4900</FUND_AGCY_CODE>
<AWDG_AGCY_CODE>4900</AWDG_AGCY_CODE>
<AwardID>2101885</AwardID>
<Investigator>
<FirstName>Adina</FirstName>
<LastName>Paytan</LastName>
<PI_MID_INIT/>
<PI_SUFX_NAME/>
<PI_FULL_NAME>Adina Paytan</PI_FULL_NAME>
<EmailAddress>apaytan@ucsc.EDU</EmailAddress>
<PI_PHON>8314591437</PI_PHON>
<NSF_ID>000486939</NSF_ID>
<StartDate>12/04/2020</StartDate>
<EndDate/>
<RoleCode>Co-Principal Investigator</RoleCode>
</Investigator>
<Investigator>
<FirstName>Margaret</FirstName>
<LastName>Zimmer</LastName>
<PI_MID_INIT/>
<PI_SUFX_NAME/>
<PI_FULL_NAME>Margaret Zimmer</PI_FULL_NAME>
<EmailAddress>mzimmer1@ucsc.edu</EmailAddress>
<PI_PHON/>
<NSF_ID>000770781</NSF_ID>
<StartDate>12/04/2020</StartDate>
<EndDate/>
<RoleCode>Co-Principal Investigator</RoleCode>
</Investigator>
<Investigator>
<FirstName>Christina</FirstName>
<LastName>Richardson</LastName>
<PI_MID_INIT>M</PI_MID_INIT>
<PI_SUFX_NAME/>
<PI_FULL_NAME>Christina M Richardson</PI_FULL_NAME>
<EmailAddress>cmrichar@ucsc.edu</EmailAddress>
<PI_PHON>8314594089</PI_PHON>
<NSF_ID>000839831</NSF_ID>
<StartDate>12/04/2020</StartDate>
<EndDate/>
<RoleCode>Principal Investigator</RoleCode>
</Investigator>
<Institution>
<Name>University of California-Santa Cruz</Name>
<CityName>SANTA CRUZ</CityName>
<ZipCode>950641077</ZipCode>
<PhoneNumber>8314595278</PhoneNumber>
<StreetAddress>1156 HIGH ST</StreetAddress>
<StreetAddress2/>
<CountryName>United States</CountryName>
<StateName>California</StateName>
<StateCode>CA</StateCode>
<CONGRESSDISTRICT>20</CONGRESSDISTRICT>
<CONGRESS_DISTRICT_ORG>CA20</CONGRESS_DISTRICT_ORG>
<ORG_UEI_NUM>VXUFPE4MCZH5</ORG_UEI_NUM>
<ORG_LGL_BUS_NAME>UNIVERSITY OF CALIFORNIA SANTA CRUZ</ORG_LGL_BUS_NAME>
<ORG_PRNT_UEI_NUM/>
</Institution>
<Performance_Institution>
<Name><![CDATA[University of California-Santa Cruz]]></Name>
<CityName/>
<StateCode>CA</StateCode>
<ZipCode>950640001</ZipCode>
<StreetAddress/>
<CountryCode>US</CountryCode>
<CountryName>United States</CountryName>
<StateName>California</StateName>
<CountryFlag>1</CountryFlag>
<CONGRESSDISTRICT>20</CONGRESSDISTRICT>
<CONGRESS_DISTRICT_PERF>CA20</CONGRESS_DISTRICT_PERF>
</Performance_Institution>
<ProgramElement>
<Code>1579</Code>
<Text>Hydrologic Sciences</Text>
</ProgramElement>
<ProgramElement>
<Code>7222</Code>
<Text>XC-Crosscutting Activities Pro</Text>
</ProgramElement>
<ProgramElement>
<Code>7295</Code>
<Text>Geobiology &amp; Low-Temp Geochem</Text>
</ProgramElement>
<ProgramReference>
<Code>097Z</Code>
<Text>COVID-19 Impacts on Existing Activities</Text>
</ProgramReference>
<ProgramReference>
<Code>102Z</Code>
<Text>COVID-Disproportionate Impcts Inst-Indiv</Text>
</ProgramReference>
<ProgramReference>
<Code>7914</Code>
<Text>RAPID</Text>
</ProgramReference>
<Appropriation>
<Code>0121</Code>
<Name>NSF RESEARCH &amp; RELATED ACTIVIT</Name>
<APP_SYMB_ID>040100</APP_SYMB_ID>
</Appropriation>
<Fund>
<Code>01002122DB</Code>
<Name><![CDATA[NSF RESEARCH & RELATED ACTIVIT]]></Name>
<FUND_SYMB_ID>040100</FUND_SYMB_ID>
</Fund>
<FUND_OBLG>2021~28139</FUND_OBLG>
</Award>
</rootTag>
