<?xml version="1.0" encoding="UTF-8"?>
<rootTag>
<Award>
<AwardTitle>Variational Analysis and Hydrodynamics of Liquid Crystals</AwardTitle>
<AGENCY>NSF</AGENCY>
<AwardEffectiveDate>07/01/2021</AwardEffectiveDate>
<AwardExpirationDate>06/30/2024</AwardExpirationDate>
<AwardTotalIntnAmount>266679.00</AwardTotalIntnAmount>
<AwardAmount>266679</AwardAmount>
<AwardInstrument>
<Value>Standard Grant</Value>
</AwardInstrument>
<Organization>
<Code>03040000</Code>
<Directorate>
<Abbreviation>MPS</Abbreviation>
<LongName>Direct For Mathematical &amp; Physical Scien</LongName>
</Directorate>
<Division>
<Abbreviation>DMS</Abbreviation>
<LongName>Division Of Mathematical Sciences</LongName>
</Division>
</Organization>
<ProgramOfficer>
<SignBlockName>Marian Bocea</SignBlockName>
<PO_EMAI>mbocea@nsf.gov</PO_EMAI>
<PO_PHON>7032922595</PO_PHON>
</ProgramOfficer>
<AbstractNarration>The questions that will be studied as part of this project are not only extremely challenging mathematically but also have close connections to and important applications in other fields, including complex fluid mechanics, materials science, and engineering (for example, in both the design and control of optical display devices). The rigorous analysis of certain types of solutions to the model equations for liquid crystals in either the static or the dynamic regime can predict the formation and structure of defects, allow researchers to better understand turbulence phenomena, and justify both experimental and computational studies by applied scientists. The questions will also be integrated into the training of graduate students, and the results will be disseminated through a research monograph aimed at researchers in the field.&lt;br/&gt;&lt;br/&gt;The technical side of the project consists of three parts: 1) Ericksen-Leslie system modeling the hydrodynamics of nematic liquid crystals; 2) Phase transition problems on isotropic and nematic phases and liquid crystal droplets; and 3) Fractional harmonic map heat flows between manifolds. In the first part, the principal investigator and his collaborators will investigate the (Lagrangian-averaged) Ericksen-Leslie system, which is a dissipative system strongly coupling the forced Navier-Stokes equation (with Lagrangian-average) for the underlying fluid and the evolution for the orientation director fields for liquid crystal molecules (a transported harmonic map heat flow). The aim is to establish both existence and partial regularity of global Leray-Hopf type solutions for any arbitrarily large initial data. In the second part of the project, the Gamma-convergence theory will be used to study the sharp interface limit problem of minimizers to a singularly perturbed Ericksen functional of liquid crystals with variable degrees of orientation; another goal is to establish Gamma-limit results for their corresponding gradient flows, that is, the mean curvature flow of interfaces coupled with the generalized harmonic map heat flow for the director fields in the bulk regions. The existence and uniqueness of minimal configurations of energy functionals describing liquid crystal droplets will also be investigated. The third part of the project is concerned with the study of the gradient flow of nonlocal energy functionals of maps between manifolds.&lt;br/&gt;&lt;br/&gt;This award reflects NSF's statutory mission and has been deemed worthy of support through evaluation using the Foundation's intellectual merit and broader impacts review criteria.</AbstractNarration>
<MinAmdLetterDate>04/06/2021</MinAmdLetterDate>
<MaxAmdLetterDate>05/21/2021</MaxAmdLetterDate>
<ARRAAmount/>
<TRAN_TYPE>Grant</TRAN_TYPE>
<CFDA_NUM>47.049</CFDA_NUM>
<NSF_PAR_USE_FLAG>1</NSF_PAR_USE_FLAG>
<FUND_AGCY_CODE>4900</FUND_AGCY_CODE>
<AWDG_AGCY_CODE>4900</AWDG_AGCY_CODE>
<AwardID>2101224</AwardID>
<Investigator>
<FirstName>Changyou</FirstName>
<LastName>Wang</LastName>
<PI_MID_INIT/>
<PI_SUFX_NAME/>
<PI_FULL_NAME>Changyou Wang</PI_FULL_NAME>
<EmailAddress>wang2482@purdue.edu</EmailAddress>
<PI_PHON>7654942719</PI_PHON>
<NSF_ID>000491499</NSF_ID>
<StartDate>04/06/2021</StartDate>
<EndDate/>
<RoleCode>Principal Investigator</RoleCode>
</Investigator>
<Institution>
<Name>Purdue University</Name>
<CityName>WEST LAFAYETTE</CityName>
<ZipCode>479061332</ZipCode>
<PhoneNumber>7654941055</PhoneNumber>
<StreetAddress>2550 NORTHWESTERN AVE STE 1900</StreetAddress>
<StreetAddress2/>
<CountryName>United States</CountryName>
<StateName>Indiana</StateName>
<StateCode>IN</StateCode>
<CONGRESSDISTRICT>04</CONGRESSDISTRICT>
<CONGRESS_DISTRICT_ORG>IN04</CONGRESS_DISTRICT_ORG>
<ORG_UEI_NUM>YRXVL4JYCEF5</ORG_UEI_NUM>
<ORG_LGL_BUS_NAME>PURDUE UNIVERSITY</ORG_LGL_BUS_NAME>
<ORG_PRNT_UEI_NUM>YRXVL4JYCEF5</ORG_PRNT_UEI_NUM>
</Institution>
<Performance_Institution>
<Name><![CDATA[Purdue University]]></Name>
<CityName>West Lafayette</CityName>
<StateCode>IN</StateCode>
<ZipCode>479072067</ZipCode>
<StreetAddress><![CDATA[150 N University St]]></StreetAddress>
<CountryCode>US</CountryCode>
<CountryName>United States</CountryName>
<StateName>Indiana</StateName>
<CountryFlag>1</CountryFlag>
<CONGRESSDISTRICT>04</CONGRESSDISTRICT>
<CONGRESS_DISTRICT_PERF>IN04</CONGRESS_DISTRICT_PERF>
</Performance_Institution>
<ProgramElement>
<Code>1281</Code>
<Text>ANALYSIS PROGRAM</Text>
</ProgramElement>
<Appropriation>
<Code>0121</Code>
<Name>NSF RESEARCH &amp; RELATED ACTIVIT</Name>
<APP_SYMB_ID>040100</APP_SYMB_ID>
</Appropriation>
<Fund>
<Code>01002122DB</Code>
<Name><![CDATA[NSF RESEARCH & RELATED ACTIVIT]]></Name>
<FUND_SYMB_ID>040100</FUND_SYMB_ID>
</Fund>
<FUND_OBLG>2021~266679</FUND_OBLG>
</Award>
</rootTag>
