<?xml version="1.0" encoding="UTF-8"?>
<rootTag>
<Award>
<AwardTitle>Collaborative Research: Understanding STEM Teaching through Integrated Contexts in Everyday Life</AwardTitle>
<AGENCY>NSF</AGENCY>
<AwardEffectiveDate>07/01/2021</AwardEffectiveDate>
<AwardExpirationDate>06/30/2025</AwardExpirationDate>
<AwardTotalIntnAmount>325502.00</AwardTotalIntnAmount>
<AwardAmount>149455</AwardAmount>
<AwardInstrument>
<Value>Continuing Grant</Value>
</AwardInstrument>
<Organization>
<Code>11090000</Code>
<Directorate>
<Abbreviation>EHR</Abbreviation>
<LongName>Direct For Education and Human Resources</LongName>
</Directorate>
<Division>
<Abbreviation>DRL</Abbreviation>
<LongName>Division Of Research On Learning</LongName>
</Division>
</Organization>
<ProgramOfficer>
<SignBlockName>Beth Herbel Eisenmann</SignBlockName>
<PO_EMAI>bherbele@nsf.gov</PO_EMAI>
<PO_PHON>7032920000</PO_PHON>
</ProgramOfficer>
<AbstractNarration>Increased focus on school accountability and teacher performance measures have resulted in science, technology, engineering, and mathematics (STEM) instruction that emphasizes content and procedural knowledge over critical thinking and real-world applications. Yet, critical thinking and application are essential in developing functional scientific literacy skills among students.  This need is perhaps most pressing in economically depressed urban settings. One strategy to promote STEM engagement and learning is to make clear and meaningful connections between STEM concepts, principles, and STEM-related issues relevant to the learner. Socioscientific issues (SSI) can provide a powerful avenue for promoting the desired kinds of engagement.  SSI are debatable and ill-defined problems that have a basis in science but necessarily include moral and ethical choices. SSI for economically disadvantaged, culturally diverse students in urban settings might include, for example, lead paint contamination, poor water or air quality, or the existence of “food deserts.” By integrating locally relevant SSI with the goals of social justice, the Social Justice STEM Pedagogies (SJSP) framework the project uses is intended to support students to use their scientific expertise to be agents of change. SJSP can be potentially transformative for teachers, students, schools, and the communities in which students live. For SJSP to effectively promote STEM learning, however, teachers must learn how to integrate STEM-concepts and practices into the various real-world SSI present in their students’ environment. This collaborative project is designed to implement and evaluate a comprehensive professional development plan for grades 7 –12 STEM teachers from economically disadvantaged school districts in Philadelphia and surrounding areas. Teachers will develop ways to incorporate SSI into their instruction that are grounded in standards to foster students’ STEM engagement.  The instructional practices enacted by teachers will enhance students’ STEM literacy while utilizing their own knowledge and culture in solving complex and ethically challenging STEM issues, thus promoting students’ abilities to be change agents.&lt;br/&gt;&lt;br/&gt;This collaborative research project involves Arcadia University, Mercyhurst University, LaSalle University, Villanova University, and St. Joseph’s University. It is designed to investigate the effectiveness of a professional development (PD) program for STEM teachers to develop their pedagogical content knowledge (PCK) in teaching SSI and SJSP. Over four years, three cohorts of 25 grades 7-12 teachers will participate in about 200 hours of PD. The SSI and SJSP encompass authentic, complex real-world, STEM-based issues that are directly related to the inequities experienced by students and their communities that students can engage with in the classroom through the use of inquiry-based learning strategies. By promoting students’ engagement in and awareness of the relevance of STEM in everyday life, teacher participants in this PD will foster STEM learning, especially among students who have been historically marginalized from STEM disciplines, and who are from economically disadvantaged backgrounds. The research plan is designed to reveal elements of the PD program that are most effective in supporting teachers’ increased capacity to design and implement units of study that incorporate scientific, social, and discursive elements of SSI. Using predominantly qualitative methods, other outcomes include how teachers’ PCK change towards teaching with SSI/SJSP; what factors support and inhibit teacher’s abilities to promote SSI/SJSP; and how justice-centered STEM lessons help students to develop moral and ethical reasoning, scientific skepticism, STEM inquiry/modeling, and SSI discourse/argumentation.  &lt;br/&gt;&lt;br/&gt;The Discovery Research preK-12 program (DRK-12) seeks to significantly enhance the learning and teaching of STEM subjects by preK-12 students and teachers, through research and development of innovative resources, models and tools. Projects in the DRK-12 program build on fundamental research in STEM education and prior research and development efforts that provide theoretical and empirical justification for proposed projects.&lt;br/&gt;&lt;br/&gt;This award reflects NSF's statutory mission and has been deemed worthy of support through evaluation using the Foundation's intellectual merit and broader impacts review criteria.</AbstractNarration>
<MinAmdLetterDate>06/07/2021</MinAmdLetterDate>
<MaxAmdLetterDate>06/07/2021</MaxAmdLetterDate>
<ARRAAmount/>
<TRAN_TYPE>Grant</TRAN_TYPE>
<CFDA_NUM>47.076</CFDA_NUM>
<NSF_PAR_USE_FLAG>1</NSF_PAR_USE_FLAG>
<FUND_AGCY_CODE>4900</FUND_AGCY_CODE>
<AWDG_AGCY_CODE>4900</AWDG_AGCY_CODE>
<AwardID>2101324</AwardID>
<Investigator>
<FirstName>Greer</FirstName>
<LastName>Richardson</LastName>
<PI_MID_INIT>M</PI_MID_INIT>
<PI_SUFX_NAME/>
<PI_FULL_NAME>Greer M Richardson</PI_FULL_NAME>
<EmailAddress>richards@lasalle.edu</EmailAddress>
<PI_PHON>2159511196</PI_PHON>
<NSF_ID>000191929</NSF_ID>
<StartDate>06/07/2021</StartDate>
<EndDate/>
<RoleCode>Principal Investigator</RoleCode>
</Investigator>
<Investigator>
<FirstName>Ling</FirstName>
<LastName>Liang</LastName>
<PI_MID_INIT/>
<PI_SUFX_NAME/>
<PI_FULL_NAME>Ling Liang</PI_FULL_NAME>
<EmailAddress>liang@lasalle.edu</EmailAddress>
<PI_PHON>2159511174</PI_PHON>
<NSF_ID>000549398</NSF_ID>
<StartDate>06/07/2021</StartDate>
<EndDate/>
<RoleCode>Co-Principal Investigator</RoleCode>
</Investigator>
<Institution>
<Name>La Salle University</Name>
<CityName>PHILADELPHIA</CityName>
<ZipCode>191411199</ZipCode>
<PhoneNumber>2159511831</PhoneNumber>
<StreetAddress>1900 W OLNEY AVE</StreetAddress>
<StreetAddress2/>
<CountryName>United States</CountryName>
<StateName>Pennsylvania</StateName>
<StateCode>PA</StateCode>
<CONGRESSDISTRICT>03</CONGRESSDISTRICT>
<CONGRESS_DISTRICT_ORG>PA03</CONGRESS_DISTRICT_ORG>
<ORG_UEI_NUM>NDCFZK2BEQY9</ORG_UEI_NUM>
<ORG_LGL_BUS_NAME>LASALLE UNIVERSITY</ORG_LGL_BUS_NAME>
<ORG_PRNT_UEI_NUM>NDCFZK2BEQY9</ORG_PRNT_UEI_NUM>
</Institution>
<Performance_Institution>
<Name><![CDATA[La Salle University]]></Name>
<CityName>Philadelphia</CityName>
<StateCode>PA</StateCode>
<ZipCode>191411199</ZipCode>
<StreetAddress><![CDATA[1900 West Olney Ave]]></StreetAddress>
<CountryCode>US</CountryCode>
<CountryName>United States</CountryName>
<StateName>Pennsylvania</StateName>
<CountryFlag>1</CountryFlag>
<CONGRESSDISTRICT>03</CONGRESSDISTRICT>
<CONGRESS_DISTRICT_PERF>PA03</CONGRESS_DISTRICT_PERF>
</Performance_Institution>
<ProgramElement>
<Code>7645</Code>
<Text>Discovery Research K-12</Text>
</ProgramElement>
<Appropriation>
<Code>0421</Code>
<Name>NSF Education &amp; Human Resource</Name>
<APP_SYMB_ID>040106</APP_SYMB_ID>
</Appropriation>
<Fund>
<Code>04002122DB</Code>
<Name><![CDATA[NSF Education & Human Resource]]></Name>
<FUND_SYMB_ID>040106</FUND_SYMB_ID>
</Fund>
<FUND_OBLG>2021~149455</FUND_OBLG>
</Award>
</rootTag>
