<?xml version="1.0" encoding="UTF-8"?>
<rootTag>
<Award>
<AwardTitle>Excellence in Research: Collaborative Research: Detecting Vulnerabilities in Internet of Things with Deep Learning</AwardTitle>
<AGENCY>NSF</AGENCY>
<AwardEffectiveDate>10/01/2021</AwardEffectiveDate>
<AwardExpirationDate>09/30/2024</AwardExpirationDate>
<AwardTotalIntnAmount>728772.00</AwardTotalIntnAmount>
<AwardAmount>728772</AwardAmount>
<AwardInstrument>
<Value>Standard Grant</Value>
</AwardInstrument>
<Organization>
<Code>05050000</Code>
<Directorate>
<Abbreviation>CSE</Abbreviation>
<LongName>Direct For Computer &amp; Info Scie &amp; Enginr</LongName>
</Directorate>
<Division>
<Abbreviation>CNS</Abbreviation>
<LongName>Division Of Computer and Network Systems</LongName>
</Division>
</Organization>
<ProgramOfficer>
<SignBlockName>Jeffrey Forbes</SignBlockName>
<PO_EMAI>jforbes@nsf.gov</PO_EMAI>
<PO_PHON>7032925301</PO_PHON>
</ProgramOfficer>
<AbstractNarration>The Internet of Things (IoT) integrates software applications, physical devices, and algorithms to interact with the physical world and humans. The economic and societal potential of such systems is vastly greater than has been realized, and major investments are being made worldwide to develop the technology. The technology for building IoT is based on embedded systems, scientific computations, and software embedded in devices. Because the physical components of IoT are directly interactive with humans, the security and reliability requirements are qualitatively different from those in general purpose computing. Failure to meet the security and reliability requirements exposes IoT and humans to malignant attacks. The goal of this project is to conduct interdisciplinary research that utilizes artificial intelligence methodologies against cybercriminals who initiate attacks or target internet connected devices and users. &lt;br/&gt;&lt;br/&gt;This project aims to explore applications of Deep Learning in cybersecurity research to detect security vulnerabilities in the Internet of Things through automated digital forensic evidence analytics. The project will actively engage a team of researchers in the investigation of deep learning, which includes a broader family of Artificial Intelligence that has produced results comparable and in some cases superior to human experts, to conduct the following research activities: (1) Assessing potential data vulnerabilities related to personal data privacy violations by analyzing the extracted hidden contents evidence and encrypted messages from IoT devices in a forensically sound manner; (2) Evaluating IoT software forensic evidence. Analyzing software vulnerabilities in IoT application source code to better mitigate the risk to software systems. Typical source code vulnerability evidence in applications includes buffer overflow, integer overflow, and Carriage Return and Line Feed injection; (3) Reconstructing attack scenes based on forensic evidence to find existing system vulnerabilities of IoT; (4) Increase research capacity and collaborations to generate new research opportunities for undergraduates from underrepresented communities to pursue advanced degrees in computer science.&lt;br/&gt;&lt;br/&gt;This award reflects NSF's statutory mission and has been deemed worthy of support through evaluation using the Foundation's intellectual merit and broader impacts review criteria.</AbstractNarration>
<MinAmdLetterDate>06/22/2021</MinAmdLetterDate>
<MaxAmdLetterDate>06/22/2021</MaxAmdLetterDate>
<ARRAAmount/>
<TRAN_TYPE>Grant</TRAN_TYPE>
<CFDA_NUM>47.070</CFDA_NUM>
<NSF_PAR_USE_FLAG>1</NSF_PAR_USE_FLAG>
<FUND_AGCY_CODE>4900</FUND_AGCY_CODE>
<AWDG_AGCY_CODE>4900</AWDG_AGCY_CODE>
<AwardID>2101118</AwardID>
<Investigator>
<FirstName>Rosemary</FirstName>
<LastName>Shumba</LastName>
<PI_MID_INIT/>
<PI_SUFX_NAME/>
<PI_FULL_NAME>Rosemary Shumba</PI_FULL_NAME>
<EmailAddress>rshumba@bowiestate.edu</EmailAddress>
<PI_PHON>3018604446</PI_PHON>
<NSF_ID>000320823</NSF_ID>
<StartDate>06/22/2021</StartDate>
<EndDate/>
<RoleCode>Co-Principal Investigator</RoleCode>
</Investigator>
<Investigator>
<FirstName>Jie</FirstName>
<LastName>Yan</LastName>
<PI_MID_INIT/>
<PI_SUFX_NAME/>
<PI_FULL_NAME>Jie Yan</PI_FULL_NAME>
<EmailAddress>jyan@bowiestate.edu</EmailAddress>
<PI_PHON>3018603966</PI_PHON>
<NSF_ID>000493683</NSF_ID>
<StartDate>06/22/2021</StartDate>
<EndDate/>
<RoleCode>Principal Investigator</RoleCode>
</Investigator>
<Investigator>
<FirstName>Weifeng</FirstName>
<LastName>Xu</LastName>
<PI_MID_INIT/>
<PI_SUFX_NAME/>
<PI_FULL_NAME>Weifeng Xu</PI_FULL_NAME>
<EmailAddress>wxu@ubalt.edu</EmailAddress>
<PI_PHON>4108375302</PI_PHON>
<NSF_ID>000657671</NSF_ID>
<StartDate>06/22/2021</StartDate>
<EndDate/>
<RoleCode>Co-Principal Investigator</RoleCode>
</Investigator>
<Institution>
<Name>Bowie State University</Name>
<CityName>BOWIE</CityName>
<ZipCode>207153319</ZipCode>
<PhoneNumber>3018604399</PhoneNumber>
<StreetAddress>14000 JERICHO PARK ROAD, RM 115</StreetAddress>
<StreetAddress2/>
<CountryName>United States</CountryName>
<StateName>Maryland</StateName>
<StateCode>MD</StateCode>
<CONGRESSDISTRICT>05</CONGRESSDISTRICT>
<CONGRESS_DISTRICT_ORG>MD05</CONGRESS_DISTRICT_ORG>
<ORG_UEI_NUM>WMEEHCAPGR65</ORG_UEI_NUM>
<ORG_LGL_BUS_NAME>BOWIE STATE UNIVERSITY</ORG_LGL_BUS_NAME>
<ORG_PRNT_UEI_NUM>KMGEN62NKEM9</ORG_PRNT_UEI_NUM>
</Institution>
<Performance_Institution>
<Name><![CDATA[Bowie State University]]></Name>
<CityName>Bowie</CityName>
<StateCode>MD</StateCode>
<ZipCode>207159465</ZipCode>
<StreetAddress><![CDATA[14000 Jericho Park Rd]]></StreetAddress>
<CountryCode>US</CountryCode>
<CountryName>United States</CountryName>
<StateName>Maryland</StateName>
<CountryFlag>1</CountryFlag>
<CONGRESSDISTRICT>05</CONGRESSDISTRICT>
<CONGRESS_DISTRICT_PERF>MD05</CONGRESS_DISTRICT_PERF>
</Performance_Institution>
<ProgramElement>
<Code>070Y</Code>
<Text>HBCU-EiR - HBCU-Excellence in</Text>
</ProgramElement>
<ProgramReference>
<Code>041Z</Code>
<Text>HBCU-Strengthening Research Capacities</Text>
</ProgramReference>
<Appropriation>
<Code>0121</Code>
<Name>NSF RESEARCH &amp; RELATED ACTIVIT</Name>
<APP_SYMB_ID>040100</APP_SYMB_ID>
</Appropriation>
<Fund>
<Code>01002122DB</Code>
<Name><![CDATA[NSF RESEARCH & RELATED ACTIVIT]]></Name>
<FUND_SYMB_ID>040100</FUND_SYMB_ID>
</Fund>
<FUND_OBLG>2021~728772</FUND_OBLG>
</Award>
</rootTag>
