<?xml version="1.0" encoding="UTF-8"?>
<rootTag>
<Award>
<AwardTitle>Research Initiation Award: Next-Generation, Atomically-Anistropic Force Field Generation for Carbohydrates</AwardTitle>
<AGENCY>NSF</AGENCY>
<AwardEffectiveDate>06/01/2021</AwardEffectiveDate>
<AwardExpirationDate>05/31/2024</AwardExpirationDate>
<AwardTotalIntnAmount>299206.00</AwardTotalIntnAmount>
<AwardAmount>299206</AwardAmount>
<AwardInstrument>
<Value>Standard Grant</Value>
</AwardInstrument>
<Organization>
<Code>11060000</Code>
<Directorate>
<Abbreviation>EHR</Abbreviation>
<LongName>Direct For Education and Human Resources</LongName>
</Directorate>
<Division>
<Abbreviation>HRD</Abbreviation>
<LongName>Division Of Human Resource Development</LongName>
</Division>
</Organization>
<ProgramOfficer>
<SignBlockName>Leroy Jones II</SignBlockName>
<PO_EMAI>ljones@nsf.gov</PO_EMAI>
<PO_PHON>7032924684</PO_PHON>
</ProgramOfficer>
<AbstractNarration>Research Initiation Awards provide support for junior and mid-career faculty at Historically Black Colleges and Universities who are building new research programs or redirecting and rebuilding existing research programs. It is expected that the award helps to further the faculty member's research capability and effectiveness, improve research and teaching at the home institution, and involves undergraduate students in research experiences. The award to Spelman College provides an opportunity to enhance computational models that enhance the understanding of chemical behavior.  Undergraduate students at Spelman College will gain essential skills in data analysis, programming, and software-assisted computation. &lt;br/&gt;&lt;br/&gt;Carbohydrates are an essential class of biomolecules with the potential to be used in drug development and/or alternative energy. At present, computational studies of carbohydrate dynamics are limited due to the lack of accurate models for simulating their molecular behavior. The goal of this project is to develop improved models, called “force fields”, that will be used investigate the molecular behavior of carbohydrates in aqueous solution. Specific aims of the project are to a) parameterize and validate force fields for water and for naturally occurring monosaccharides, and b) use simulations to understand the underlying physics of the anomeric and exo-anomeric effects in solution. To accomplish these goals, SAPT (Symmetry-Adapted Permutation Theory) calculations will be employed as a benchmark for parameter optimization of the force field using the MASTIFF (Multipolar, Anisotropic Slater-Type Intermolecular Force Field) functional form, where the latter is used to capture the angular dependence of the molecular electron density. The resulting carbohydrate force fields will be made open-source and broadly available, thus providing the scientific community with access to more accurate simulations of this important class of biomolecules.&lt;br/&gt;&lt;br/&gt;This award reflects NSF's statutory mission and has been deemed worthy of support through evaluation using the Foundation's intellectual merit and broader impacts review criteria.</AbstractNarration>
<MinAmdLetterDate>04/27/2021</MinAmdLetterDate>
<MaxAmdLetterDate>04/27/2021</MaxAmdLetterDate>
<ARRAAmount/>
<TRAN_TYPE>Grant</TRAN_TYPE>
<CFDA_NUM>47.076</CFDA_NUM>
<NSF_PAR_USE_FLAG>1</NSF_PAR_USE_FLAG>
<FUND_AGCY_CODE>4900</FUND_AGCY_CODE>
<AWDG_AGCY_CODE>4900</AWDG_AGCY_CODE>
<AwardID>2101190</AwardID>
<Investigator>
<FirstName>Mary</FirstName>
<LastName>Van Vleet</LastName>
<PI_MID_INIT>J</PI_MID_INIT>
<PI_SUFX_NAME/>
<PI_FULL_NAME>Mary J Van Vleet</PI_FULL_NAME>
<EmailAddress>mary.vanvleet@spelman.edu</EmailAddress>
<PI_PHON>4042705746</PI_PHON>
<NSF_ID>000833295</NSF_ID>
<StartDate>04/27/2021</StartDate>
<EndDate/>
<RoleCode>Principal Investigator</RoleCode>
</Investigator>
<Institution>
<Name>Spelman College</Name>
<CityName>ATLANTA</CityName>
<ZipCode>303144395</ZipCode>
<PhoneNumber>4042705897</PhoneNumber>
<StreetAddress>350 SPELMAN LN SW 589</StreetAddress>
<StreetAddress2/>
<CountryName>United States</CountryName>
<StateName>Georgia</StateName>
<StateCode>GA</StateCode>
<CONGRESSDISTRICT>05</CONGRESSDISTRICT>
<CONGRESS_DISTRICT_ORG>GA05</CONGRESS_DISTRICT_ORG>
<ORG_UEI_NUM>ES69D58DJPE7</ORG_UEI_NUM>
<ORG_LGL_BUS_NAME>SPELMAN COLLEGE</ORG_LGL_BUS_NAME>
<ORG_PRNT_UEI_NUM>ES69D58DJPE7</ORG_PRNT_UEI_NUM>
</Institution>
<Performance_Institution>
<Name><![CDATA[Spelman College]]></Name>
<CityName/>
<StateCode>GA</StateCode>
<ZipCode>303144399</ZipCode>
<StreetAddress/>
<CountryCode>US</CountryCode>
<CountryName>United States</CountryName>
<StateName>Georgia</StateName>
<CountryFlag>1</CountryFlag>
<CONGRESSDISTRICT>05</CONGRESSDISTRICT>
<CONGRESS_DISTRICT_PERF>GA05</CONGRESS_DISTRICT_PERF>
</Performance_Institution>
<ProgramElement>
<Code>1594</Code>
<Text>Hist Black Colleges and Univ</Text>
</ProgramElement>
<ProgramReference>
<Code>041Z</Code>
<Text>HBCU-Strengthening Research Capacities</Text>
</ProgramReference>
<ProgramReference>
<Code>9178</Code>
<Text>UNDERGRADUATE EDUCATION</Text>
</ProgramReference>
<Appropriation>
<Code>0421</Code>
<Name>NSF Education &amp; Human Resource</Name>
<APP_SYMB_ID>040106</APP_SYMB_ID>
</Appropriation>
<Fund>
<Code>04002122DB</Code>
<Name><![CDATA[NSF Education & Human Resource]]></Name>
<FUND_SYMB_ID>040106</FUND_SYMB_ID>
</Fund>
<FUND_OBLG>2021~299206</FUND_OBLG>
</Award>
</rootTag>
