<?xml version="1.0" encoding="UTF-8"?>
<rootTag>
<Award>
<AwardTitle>STTR Phase I:  A customized upper extremity telerehabilitation solution with remote therapist interaction and dynamic motor recovery feedback for individuals post stroke</AwardTitle>
<AGENCY>NSF</AGENCY>
<AwardEffectiveDate>05/01/2021</AwardEffectiveDate>
<AwardExpirationDate>01/31/2022</AwardExpirationDate>
<AwardTotalIntnAmount>256000.00</AwardTotalIntnAmount>
<AwardAmount>276000</AwardAmount>
<AwardInstrument>
<Value>Standard Grant</Value>
</AwardInstrument>
<Organization>
<Code>15030000</Code>
<Directorate>
<Abbreviation>TIP</Abbreviation>
<LongName>Dir for Tech, Innovation, &amp; Partnerships</LongName>
</Directorate>
<Division>
<Abbreviation>TI</Abbreviation>
<LongName>Translational Impacts</LongName>
</Division>
</Organization>
<ProgramOfficer>
<SignBlockName>Alastair Monk</SignBlockName>
<PO_EMAI>amonk@nsf.gov</PO_EMAI>
<PO_PHON>7032924392</PO_PHON>
</ProgramOfficer>
<AbstractNarration>The broader impact/commercial potential of this Small Business Innovation Research (SBIR) Phase I project is to improve the quality of life for individuals suffering arm and hand impairments from stroke, through a medical device for in-home telerehabilitation that is easy to use, engaging, and affordable. Every year, ~800,000 people have a stroke in the United States, and about 65% suffer long-term upper extremity impairments. Sustained and extensive therapy is often needed to improve and regain the functions of the hand. Many individuals post-stroke have difficulty accessing rehabilitation due to transportation, health and mobility issues. This device can potentially reduce long-term disability in the United States and alleviate the financial burden on both individuals and society. By integrating the product into physicians’ and therapists’ workflow, it expands the patient pool that can access rehabilitation, making it more time- and labor-efficient. It will contribute to the field of telehealth and promote decentralized health care. &lt;br/&gt;&lt;br/&gt;This Small Business Technology Transfer Research (STTR) Phase I project will develop a telerehabilitation system that promotes neuroplasticity for hand and arm motor recovery, to be used in the homes of individuals with neurological disorders. The objective of this proposal is to create a beta prototype that provides personalized intense hand and arm rehabilitation via engaging motion based games. The proposed project includes: 1. enhancing the adaptive algorithms to dynamically adjust the games to an individual’s needs; 2. developing a Rehabilitation Assessment Protocol by optimizing the extensive motion tracking capabilities. This provides important information to clinicians for making rehabilitation plan adjustments, improving the interventions, and reaching goals faster; 3. developing a HIPAA compliant data platform for the recommendation system to facilitate encrypted data streaming and therapist-patient interaction in real-time or offline. This includes the development of a therapist portal that generates automated progress reports, allowing them to treat more patients efficiently; 4. conducting a usability study to evaluate the capabilities of the system from the perspective of the prescribing therapist. These capabilities of virtual rehabilitation, remote clinician supervision, and progress tracking offer a cost-effective way to improve patient outcomes as well as the fiscal viability and profitability for clinicians.&lt;br/&gt;&lt;br/&gt;This award reflects NSF's statutory mission and has been deemed worthy of support through evaluation using the Foundation's intellectual merit and broader impacts review criteria.</AbstractNarration>
<MinAmdLetterDate>04/21/2021</MinAmdLetterDate>
<MaxAmdLetterDate>07/16/2021</MaxAmdLetterDate>
<ARRAAmount/>
<TRAN_TYPE>Grant</TRAN_TYPE>
<CFDA_NUM>47.041</CFDA_NUM>
<NSF_PAR_USE_FLAG>1</NSF_PAR_USE_FLAG>
<FUND_AGCY_CODE>4900</FUND_AGCY_CODE>
<AWDG_AGCY_CODE>4900</AWDG_AGCY_CODE>
<AwardID>2101981</AwardID>
<Investigator>
<FirstName>Mee</FirstName>
<LastName>Eriksson</LastName>
<PI_MID_INIT/>
<PI_SUFX_NAME/>
<PI_FULL_NAME>Mee Eriksson</PI_FULL_NAME>
<EmailAddress>mee.eriksson@gmail.com</EmailAddress>
<PI_PHON>9085774711</PI_PHON>
<NSF_ID>000826719</NSF_ID>
<StartDate>04/21/2021</StartDate>
<EndDate/>
<RoleCode>Principal Investigator</RoleCode>
</Investigator>
<Institution>
<Name>NEUROTECHR3 INC.</Name>
<CityName>WARREN</CityName>
<ZipCode>070592600</ZipCode>
<PhoneNumber>9085774711</PhoneNumber>
<StreetAddress>23 CHERRY TREE LN</StreetAddress>
<StreetAddress2/>
<CountryName>United States</CountryName>
<StateName>New Jersey</StateName>
<StateCode>NJ</StateCode>
<CONGRESSDISTRICT>07</CONGRESSDISTRICT>
<CONGRESS_DISTRICT_ORG>NJ07</CONGRESS_DISTRICT_ORG>
<ORG_UEI_NUM>D7LUEA3AKQA9</ORG_UEI_NUM>
<ORG_LGL_BUS_NAME>NEUROTECHR3 INC.</ORG_LGL_BUS_NAME>
<ORG_PRNT_UEI_NUM/>
</Institution>
<Performance_Institution>
<Name><![CDATA[NEUROTECHR3 INC.]]></Name>
<CityName>Newark</CityName>
<StateCode>NJ</StateCode>
<ZipCode>071033504</ZipCode>
<StreetAddress><![CDATA[211 Warren Street]]></StreetAddress>
<CountryCode>US</CountryCode>
<CountryName>United States</CountryName>
<StateName>New Jersey</StateName>
<CountryFlag>1</CountryFlag>
<CONGRESSDISTRICT>10</CONGRESSDISTRICT>
<CONGRESS_DISTRICT_PERF>NJ10</CONGRESS_DISTRICT_PERF>
</Performance_Institution>
<ProgramElement>
<Code>1505</Code>
<Text>STTR Phase I</Text>
</ProgramElement>
<ProgramElement>
<Code>8091</Code>
<Text>SBIR Outreach &amp; Tech. Assist</Text>
</ProgramElement>
<ProgramReference>
<Code>010E</Code>
<Text>DISABILITY RES &amp; HOMECARE TECH</Text>
</ProgramReference>
<ProgramReference>
<Code>8018</Code>
<Text>Smart and Connected Health</Text>
</ProgramReference>
<Appropriation>
<Code>0121</Code>
<Name>NSF RESEARCH &amp; RELATED ACTIVIT</Name>
<APP_SYMB_ID>040100</APP_SYMB_ID>
</Appropriation>
<Fund>
<Code>01002122DB</Code>
<Name><![CDATA[NSF RESEARCH & RELATED ACTIVIT]]></Name>
<FUND_SYMB_ID>040100</FUND_SYMB_ID>
</Fund>
<FUND_OBLG>2021~276000</FUND_OBLG>
<POR>
<DRECONTENT><![CDATA[<div class="porColContainerWBG"> <div class="porContentCol"><p><span id="docs-internal-guid-fa372f1a-7fff-c448-67b8-1f074fbe5c2c"> </span></p> <p dir="ltr"><span>Stroke is the leading cause of serious, long-term disability in the United States. More than 795,000 people in the United States experience stroke every year and the prevalence of chronic stroke is over 7 million. Given the physical, emotional, and financial burden a stroke causes, there is a need for improved rehabilitation strategies to reduce this problem. One of the most essential functions to recover after a stroke is hand and arm mobility, but this is also the most difficult to regain. Research into brain plasticity over the last decade has produced insight into the total volume of rehabilitation activity necessary to elicit measurable changes in hand function. We are developing a product to provide clinicians and individuals with a versatile, engaging, and customizable upper extremity Telerehabilitation system that is easy to use, portable, and affordable. </span><span>Our technology has the capability to track and train all movements of fingers, hand and arm, making it a versatile and robust solution, separating itself from other upper extremity rehabilitation systems. </span><span>Individuals with stroke receive therapy in the form of exergames.&nbsp; </span><span>Our Phase I STTR project was aimed at further developing a system to meet the needs of individuals with stroke and the therapists that treat them while optimizing rehabilitation of the hand and arm. The objectives of this project were to enhance the adaptive game algorithms, establish a comprehensive rehabilitation assessment protocol, </span><span>develop a HIPAA compliant data platform for the recommendation system, and conduct a usability study to get feedback on the prototype.&nbsp;</span></p> <p>&nbsp;</p> <p dir="ltr"><span>During the Phase I award period, we developed the system's beta prototype including enhancing six of the system?s exergames with algorithm implementation ready for machine learning, building a HIPAA compliant data pipeline, establishing a comprehensive pre assessment protocol, and creating a launcher that acts as the user interface for the data pipeline and steers the system navigation and telerehabilitation capabilities. Significant progress was made to establish a robust, secure therapist web portal that queries and visualizes patient progress and gives the therapist the ability to create patient profiles, create and modify rehabilitation plans, and receive game recommendations based on patient?s rehabilitation goals and impairment levels.&nbsp; Additionally, we evaluated the best positioning for both the infrared camera and the hand position in relation to the camera and standardized this position and orientation with the prototyping of a 3D printed arm support and a game mat that holds the camera in place. Prior to external testing of the system, we conducted internal testing of the system?s user experience and made significant adjustments to ensure that the training manual, on screen instructions, simulations, and user interface were clear and easy to use. At the conclusion of our Phase I award, we conducted a study with eight individuals with stroke and eight therapists to evaluate the usability of the beta prototype. Therapists were given one training session to learn how to use the system then evaluated the use of the system on the patient that they were paired up with. The system was scored by study participants using the System Usability Scale (SUS) and the score demonstrated high usability of the system with room for improvement. We have a collaborative team and advisory board with well rounded, complementing skills in place for the next phase of development, with the goal of moving into FDA pre-submission and expanding the system for use by other target populations this year.&nbsp;</span></p> <p>&nbsp;</p> <p dir="ltr"><span>The work completed in this Phase I project has also resulted in the demonstration of our system at the New York Metro Abilities Expo in October 2021, where the team was able to meet individuals with stroke, physical and occupational therapists, and clinic owners interested in our research and development and incorporating our system into their care regimens. We participated in various networking events to present our company and learn more about our local ecosystem.&nbsp;</span></p> <p>&nbsp;</p> <p dir="ltr"><span>From the work under this Phase I STTR award, we have decided to pursue additional federal funding, including a NIDILRR SBIR Phase I proposal to expand our system for use by children with cerebral palsy and an NSF Phase II SBIR to optimize the system for commercial use. We are also in the process of securing pre-seed funding in order to continue with the momentum that has been achieved during this NSF Phase I project to move the company further along in our commercialization process.</span></p> <p>&nbsp;</p><br> <p>            Last Modified: 02/15/2022<br>      Modified by: Mee&nbsp;Eriksson</p> </div> <div class="porSideCol"></div> </div>]]></DRECONTENT>
<POR_COPY_TXT><![CDATA[   Stroke is the leading cause of serious, long-term disability in the United States. More than 795,000 people in the United States experience stroke every year and the prevalence of chronic stroke is over 7 million. Given the physical, emotional, and financial burden a stroke causes, there is a need for improved rehabilitation strategies to reduce this problem. One of the most essential functions to recover after a stroke is hand and arm mobility, but this is also the most difficult to regain. Research into brain plasticity over the last decade has produced insight into the total volume of rehabilitation activity necessary to elicit measurable changes in hand function. We are developing a product to provide clinicians and individuals with a versatile, engaging, and customizable upper extremity Telerehabilitation system that is easy to use, portable, and affordable. Our technology has the capability to track and train all movements of fingers, hand and arm, making it a versatile and robust solution, separating itself from other upper extremity rehabilitation systems. Individuals with stroke receive therapy in the form of exergames.  Our Phase I STTR project was aimed at further developing a system to meet the needs of individuals with stroke and the therapists that treat them while optimizing rehabilitation of the hand and arm. The objectives of this project were to enhance the adaptive game algorithms, establish a comprehensive rehabilitation assessment protocol, develop a HIPAA compliant data platform for the recommendation system, and conduct a usability study to get feedback on the prototype.     During the Phase I award period, we developed the system's beta prototype including enhancing six of the system?s exergames with algorithm implementation ready for machine learning, building a HIPAA compliant data pipeline, establishing a comprehensive pre assessment protocol, and creating a launcher that acts as the user interface for the data pipeline and steers the system navigation and telerehabilitation capabilities. Significant progress was made to establish a robust, secure therapist web portal that queries and visualizes patient progress and gives the therapist the ability to create patient profiles, create and modify rehabilitation plans, and receive game recommendations based on patient?s rehabilitation goals and impairment levels.  Additionally, we evaluated the best positioning for both the infrared camera and the hand position in relation to the camera and standardized this position and orientation with the prototyping of a 3D printed arm support and a game mat that holds the camera in place. Prior to external testing of the system, we conducted internal testing of the system?s user experience and made significant adjustments to ensure that the training manual, on screen instructions, simulations, and user interface were clear and easy to use. At the conclusion of our Phase I award, we conducted a study with eight individuals with stroke and eight therapists to evaluate the usability of the beta prototype. Therapists were given one training session to learn how to use the system then evaluated the use of the system on the patient that they were paired up with. The system was scored by study participants using the System Usability Scale (SUS) and the score demonstrated high usability of the system with room for improvement. We have a collaborative team and advisory board with well rounded, complementing skills in place for the next phase of development, with the goal of moving into FDA pre-submission and expanding the system for use by other target populations this year.     The work completed in this Phase I project has also resulted in the demonstration of our system at the New York Metro Abilities Expo in October 2021, where the team was able to meet individuals with stroke, physical and occupational therapists, and clinic owners interested in our research and development and incorporating our system into their care regimens. We participated in various networking events to present our company and learn more about our local ecosystem.     From the work under this Phase I STTR award, we have decided to pursue additional federal funding, including a NIDILRR SBIR Phase I proposal to expand our system for use by children with cerebral palsy and an NSF Phase II SBIR to optimize the system for commercial use. We are also in the process of securing pre-seed funding in order to continue with the momentum that has been achieved during this NSF Phase I project to move the company further along in our commercialization process.          Last Modified: 02/15/2022       Submitted by: Mee Eriksson]]></POR_COPY_TXT>
</POR>
</Award>
</rootTag>
