<?xml version="1.0" encoding="UTF-8"?>
<rootTag>
<Award>
<AwardTitle>Research Initiation Award: Multi-locus Genome-Wide Association Study and Gene Expression Analysis of Anticancer Peptide Lunasin in Soybean (Glycine max  L. Merr.) Seeds</AwardTitle>
<AGENCY>NSF</AGENCY>
<AwardEffectiveDate>06/01/2021</AwardEffectiveDate>
<AwardExpirationDate>05/31/2024</AwardExpirationDate>
<AwardTotalIntnAmount>293150.00</AwardTotalIntnAmount>
<AwardAmount>293150</AwardAmount>
<AwardInstrument>
<Value>Standard Grant</Value>
</AwardInstrument>
<Organization>
<Code>11060000</Code>
<Directorate>
<Abbreviation>EHR</Abbreviation>
<LongName>Direct For Education and Human Resources</LongName>
</Directorate>
<Division>
<Abbreviation>HRD</Abbreviation>
<LongName>Division Of Human Resource Development</LongName>
</Division>
</Organization>
<ProgramOfficer>
<SignBlockName>Carleitta Paige-Anderson</SignBlockName>
<PO_EMAI>cpaigean@nsf.gov</PO_EMAI>
<PO_PHON>7032922816</PO_PHON>
</ProgramOfficer>
<AbstractNarration>Research Initiation Awards provide support for junior and mid-career faculty at Historically Black Colleges and Universities who are building new research programs or redirecting and rebuilding existing research programs. It is expected that the award helps to further the faculty member's research capability and effectiveness, improve research and teaching at the home institution, and involves undergraduate students in research experiences. The award to Fayetteville State University provides an opportunity to enhance genetic and genomic capabilities at the institution. Bioactive molecules in soybeans will be studied.  Students will be trained to gain experience in field research, bioinformatics, computer programming, genomics, and proteomics and receive training in the use of state-of-the art equipment.&lt;br/&gt;&lt;br/&gt;Soybean [Glycine max (L.) Merr.] seeds contain a variety of phytochemicals that have potential health benefits. As one of the bioactive molecules in soybean seeds, lunasin has shown remarkable cancer–preventive properties, antioxidant, and hypocholesterolemic effects in animal and in vitro trials. However, the genetic bases of lunasin inheritance and candidate genes for lunasin production in soybean have not been investigated genetically to the best of our knowledge. This research is aimed at: (1) identify genetic variants including quantitative trait nucleotides (QTNs) and their associated single nucleotide polymorphism (SNP) markers for lunasin contents in the soybean germplasm collection using multi-locus genome-wide association study (GWAS) approach, (2) select elite lines from the mapping panel with high and stable lunasin contents for soybean trait improvement, (3) analyze candidate gene expression to validate QTNs for lunasin productions in soybean plants. The information of QTNs and SNP markers associated with lunasin contents will be used in molecular breeding programs to produce elite soybean cultivars with better seed quality and cancer prevention. The findings of the proposed studies will seal the gap between advanced clinical therapeutic success and lack of genetic information for lunasin inheritance.&lt;br/&gt;&lt;br/&gt;This award reflects NSF's statutory mission and has been deemed worthy of support through evaluation using the Foundation's intellectual merit and broader impacts review criteria.</AbstractNarration>
<MinAmdLetterDate>04/20/2021</MinAmdLetterDate>
<MaxAmdLetterDate>04/20/2021</MaxAmdLetterDate>
<ARRAAmount/>
<TRAN_TYPE>Grant</TRAN_TYPE>
<CFDA_NUM>47.076</CFDA_NUM>
<NSF_PAR_USE_FLAG>1</NSF_PAR_USE_FLAG>
<FUND_AGCY_CODE>4900</FUND_AGCY_CODE>
<AWDG_AGCY_CODE>4900</AWDG_AGCY_CODE>
<AwardID>2101138</AwardID>
<Investigator>
<FirstName>Jiazheng</FirstName>
<LastName>Yuan</LastName>
<PI_MID_INIT/>
<PI_SUFX_NAME/>
<PI_FULL_NAME>Jiazheng Yuan</PI_FULL_NAME>
<EmailAddress>jyuan@uncfsu.edu</EmailAddress>
<PI_PHON>9106721056</PI_PHON>
<NSF_ID>000806620</NSF_ID>
<StartDate>04/20/2021</StartDate>
<EndDate/>
<RoleCode>Principal Investigator</RoleCode>
</Investigator>
<Institution>
<Name>Fayetteville State University</Name>
<CityName>FAYETTEVILLE</CityName>
<ZipCode>283014252</ZipCode>
<PhoneNumber>9106721141</PhoneNumber>
<StreetAddress>1200 MURCHISON RD</StreetAddress>
<StreetAddress2/>
<CountryName>United States</CountryName>
<StateName>North Carolina</StateName>
<StateCode>NC</StateCode>
<CONGRESSDISTRICT>08</CONGRESSDISTRICT>
<CONGRESS_DISTRICT_ORG>NC08</CONGRESS_DISTRICT_ORG>
<ORG_UEI_NUM>XTD7KKHEJFL1</ORG_UEI_NUM>
<ORG_LGL_BUS_NAME>FAYETTEVILLE STATE UNIVERSITY</ORG_LGL_BUS_NAME>
<ORG_PRNT_UEI_NUM>N8DMK1K4C2K5</ORG_PRNT_UEI_NUM>
</Institution>
<Performance_Institution>
<Name><![CDATA[Fayetteville State University]]></Name>
<CityName>Fayetteville</CityName>
<StateCode>NC</StateCode>
<ZipCode>283014252</ZipCode>
<StreetAddress><![CDATA[1200 Murchison Road]]></StreetAddress>
<CountryCode>US</CountryCode>
<CountryName>United States</CountryName>
<StateName>North Carolina</StateName>
<CountryFlag>1</CountryFlag>
<CONGRESSDISTRICT>08</CONGRESSDISTRICT>
<CONGRESS_DISTRICT_PERF>NC08</CONGRESS_DISTRICT_PERF>
</Performance_Institution>
<ProgramElement>
<Code>1594</Code>
<Text>Hist Black Colleges and Univ</Text>
</ProgramElement>
<ProgramReference>
<Code>041Z</Code>
<Text>HBCU-Strengthening Research Capacities</Text>
</ProgramReference>
<ProgramReference>
<Code>9178</Code>
<Text>UNDERGRADUATE EDUCATION</Text>
</ProgramReference>
<Appropriation>
<Code>0421</Code>
<Name>NSF Education &amp; Human Resource</Name>
<APP_SYMB_ID>040106</APP_SYMB_ID>
</Appropriation>
<Fund>
<Code>04002122DB</Code>
<Name><![CDATA[NSF Education & Human Resource]]></Name>
<FUND_SYMB_ID>040106</FUND_SYMB_ID>
</Fund>
<FUND_OBLG>2021~293150</FUND_OBLG>
</Award>
</rootTag>
