<?xml version="1.0" encoding="UTF-8"?>
<rootTag>
<Award>
<AwardTitle>Pollen-stigma interactions: events and players that set off the path to reproductive success</AwardTitle>
<AGENCY>NSF</AGENCY>
<AwardEffectiveDate>06/15/2021</AwardEffectiveDate>
<AwardExpirationDate>05/31/2025</AwardExpirationDate>
<AwardTotalIntnAmount>950000.00</AwardTotalIntnAmount>
<AwardAmount>950000</AwardAmount>
<AwardInstrument>
<Value>Standard Grant</Value>
</AwardInstrument>
<Organization>
<Code>08090000</Code>
<Directorate>
<Abbreviation>BIO</Abbreviation>
<LongName>Direct For Biological Sciences</LongName>
</Directorate>
<Division>
<Abbreviation>IOS</Abbreviation>
<LongName>Division Of Integrative Organismal Systems</LongName>
</Division>
</Organization>
<ProgramOfficer>
<SignBlockName>Michael Mishkind</SignBlockName>
<PO_EMAI>mmishkin@nsf.gov</PO_EMAI>
<PO_PHON>7032928413</PO_PHON>
</ProgramOfficer>
<AbstractNarration>Pollination in flowering plants is the requisite process for fertilization. The production of seeds and fruits, preservation of plant species and generating diversity all rely on pollination success. This project focuses on understanding how pollen and stigma, the pollen receptive surface on the pistil (the female reproductive organ) interact to initiate pollination. The first event on the stigma is for the pollen to germinate, thereby generating a pollen tube which penetrates the stigma and elongates inside the pistil to deliver sperm to the egg. The mechanisms underlying the activation of dormant pollen grains are poorly understood. The process requires the pollen cytoplasm to distribute to a small area where a pollen tube emerges from the grain and grows into the pistil to start a fruitful journey. This project focuses on obtaining a molecular understanding of these earliest pollination events. Water transfer between the stigma and pollen to activate the pollen grain, cytoplasmic reorganization in the pollen to engineer the tube extrusion and tube growth process, and the enzymes that modify the pollen and stigma cell walls to facilitate tube extrusion and its penetration of the pistil will be examined for their contribution to the success of the early pollination events. The project will train undergraduates, Master’s, Ph.D. students, and post-graduate level scientists, feeding the pipeline for the research workforce and future leaders in science. A collaboration with Girls Inc. of the Valley (Holyoke MA) will bring high school girls for a summer experience centered on the project research area.    &lt;br/&gt;&lt;br/&gt;Important advances have been made in recent years in the molecular and cellular understanding of the reproduction process in flowering plants, especially in how the sperm-bearing pollen interact with tissues in the pistil to enable fertilization to produce seeds. Important but under-explored are the earliest events which occur upon pollen landing on the receptive surface of the pistil, the stigma, to set off the pollination process. This project focuses on obtaining a molecular and cellular understanding of these early events. Specifically, the project explores how the stigmatic papilla cells mobilize water from the stigma to hydrate a dry and dormant pollen grain to activate germination, which involves the extrusion of a polarized outgrowth from the grain and its development into a pollen tube. It also examines how the pollen grain mobilizes its cell surface signaling and cytoplasmic components to orchestrate pollen tube extrusion and penetration of the stigma. Considerable cell wall degradation and modification activities occur in both the pollen and the pistil to enable the germination and tube growth process. Therefore, how cell wall degradative enzymes contribute to these processes will also be examined.  The research uses Arabidopsis as the model system and relies on combined molecular, transgenic, cell biological and biochemical approaches. The project will provide students from undergraduate to postdoctoral levels with a broad range of scientific knowledge and experience in research approaches that can be broadly applied. A summer workshop related to plant reproduction will be developed for high school students from neighboring inner cities. The Cellular Dynamics and Function cluster in the Division of Molecular and Cellular Biosciences is co-funding this award.&lt;br/&gt;&lt;br/&gt;This award reflects NSF's statutory mission and has been deemed worthy of support through evaluation using the Foundation's intellectual merit and broader impacts review criteria.</AbstractNarration>
<MinAmdLetterDate>06/03/2021</MinAmdLetterDate>
<MaxAmdLetterDate>06/03/2021</MaxAmdLetterDate>
<ARRAAmount/>
<TRAN_TYPE>Grant</TRAN_TYPE>
<CFDA_NUM>47.074</CFDA_NUM>
<NSF_PAR_USE_FLAG>1</NSF_PAR_USE_FLAG>
<FUND_AGCY_CODE>4900</FUND_AGCY_CODE>
<AWDG_AGCY_CODE>4900</AWDG_AGCY_CODE>
<AwardID>2101467</AwardID>
<Investigator>
<FirstName>Alice</FirstName>
<LastName>Cheung</LastName>
<PI_MID_INIT>Y</PI_MID_INIT>
<PI_SUFX_NAME/>
<PI_FULL_NAME>Alice Y Cheung</PI_FULL_NAME>
<EmailAddress>acheung@biochem.umass.edu</EmailAddress>
<PI_PHON>4135454027</PI_PHON>
<NSF_ID>000291210</NSF_ID>
<StartDate>06/03/2021</StartDate>
<EndDate/>
<RoleCode>Principal Investigator</RoleCode>
</Investigator>
<Investigator>
<FirstName>Hen-ming</FirstName>
<LastName>Wu</LastName>
<PI_MID_INIT/>
<PI_SUFX_NAME/>
<PI_FULL_NAME>Hen-ming Wu</PI_FULL_NAME>
<EmailAddress>hmwu@biochem.umass.edu</EmailAddress>
<PI_PHON>4135454804</PI_PHON>
<NSF_ID>000114116</NSF_ID>
<StartDate>06/03/2021</StartDate>
<EndDate/>
<RoleCode>Co-Principal Investigator</RoleCode>
</Investigator>
<Institution>
<Name>University of Massachusetts Amherst</Name>
<CityName>AMHERST</CityName>
<ZipCode>01003</ZipCode>
<PhoneNumber>4135450698</PhoneNumber>
<StreetAddress>COMMONWEALTH AVE</StreetAddress>
<StreetAddress2/>
<CountryName>United States</CountryName>
<StateName>Massachusetts</StateName>
<StateCode>MA</StateCode>
<CONGRESSDISTRICT>01</CONGRESSDISTRICT>
<CONGRESS_DISTRICT_ORG>MA01</CONGRESS_DISTRICT_ORG>
<ORG_UEI_NUM>VGJHK59NMPK9</ORG_UEI_NUM>
<ORG_LGL_BUS_NAME>UNIVERSITY OF MASSACHUSETTS</ORG_LGL_BUS_NAME>
<ORG_PRNT_UEI_NUM>MLBQUML9JJT6</ORG_PRNT_UEI_NUM>
</Institution>
<Performance_Institution>
<Name><![CDATA[University of Massachusetts Amherst]]></Name>
<CityName>Amherst</CityName>
<StateCode>MA</StateCode>
<ZipCode>010039242</ZipCode>
<StreetAddress><![CDATA[710 North Pleasant Street]]></StreetAddress>
<CountryCode>US</CountryCode>
<CountryName>United States</CountryName>
<StateName>Massachusetts</StateName>
<CountryFlag>1</CountryFlag>
<CONGRESSDISTRICT>02</CONGRESSDISTRICT>
<CONGRESS_DISTRICT_PERF>MA02</CONGRESS_DISTRICT_PERF>
</Performance_Institution>
<ProgramElement>
<Code>047Y</Code>
<Text>Plant-Biotic Interactions</Text>
</ProgramElement>
<ProgramElement>
<Code>1114</Code>
<Text>Cellular Dynamics and Function</Text>
</ProgramElement>
<ProgramReference>
<Code>7465</Code>
<Text>NANOSCALE BIO CORE</Text>
</ProgramReference>
<ProgramReference>
<Code>9178</Code>
<Text>UNDERGRADUATE EDUCATION</Text>
</ProgramReference>
<ProgramReference>
<Code>9179</Code>
<Text>GRADUATE INVOLVEMENT</Text>
</ProgramReference>
<ProgramReference>
<Code>9251</Code>
<Text>REU SUPP-Res Exp for Ugrd Supp</Text>
</ProgramReference>
<Appropriation>
<Code>0121</Code>
<Name>NSF RESEARCH &amp; RELATED ACTIVIT</Name>
<APP_SYMB_ID>040100</APP_SYMB_ID>
</Appropriation>
<Fund>
<Code>01002122DB</Code>
<Name><![CDATA[NSF RESEARCH & RELATED ACTIVIT]]></Name>
<FUND_SYMB_ID>040100</FUND_SYMB_ID>
</Fund>
<FUND_OBLG>2021~950000</FUND_OBLG>
</Award>
</rootTag>
