<?xml version="1.0" encoding="UTF-8"?>
<rootTag>
<Award>
<AwardTitle><![CDATA[EAGER: Capturing the Stars: Exploring Digitization of Photographic Glass Plates for Scientific Analysis]]></AwardTitle>
<AGENCY>NSF</AGENCY>
<AwardEffectiveDate>11/15/2020</AwardEffectiveDate>
<AwardExpirationDate>10/31/2022</AwardExpirationDate>
<AwardTotalIntnAmount>167215.00</AwardTotalIntnAmount>
<AwardAmount>167215</AwardAmount>
<AwardInstrument>
<Value>Standard Grant</Value>
</AwardInstrument>
<Organization>
<Code>03020000</Code>
<Directorate>
<Abbreviation>MPS</Abbreviation>
<LongName>Direct For Mathematical &amp; Physical Scien</LongName>
</Directorate>
<Division>
<Abbreviation>AST</Abbreviation>
<LongName>Division Of Astronomical Sciences</LongName>
</Division>
</Organization>
<ProgramOfficer>
<SignBlockName>Nigel Sharp</SignBlockName>
<PO_EMAI>nsharp@nsf.gov</PO_EMAI>
<PO_PHON>7032924905</PO_PHON>
</ProgramOfficer>
<AbstractNarration><![CDATA[The historic Yerkes Observatory in Williams Bay Wisconsin has contributed to research and education in astronomy and astrophysics since 1897. The Observatory has over 170,000 astronomical glass photographic plates and observational logbooks which are important both historically and for research, but which are largely inaccessible due to their present geographical location and their rather fragile state. This project will research, analyze and develop both methods and procedures to use financially accessible equipment to digitize the glass plates. It will also work out how to transcribe complex data from the logbooks, and evaluate how best to make all of the plate images and meta-data records accessible and usable by researchers and historians worldwide. The project includes collaboration between librarians and astronomers and provides paid research opportunities to undergraduates. It will facilitate scientific and historical research, and create openly accessible data that will be a source for astronomy education and outreach. &lt;br/&gt;&lt;br/&gt;By creating scalable and cost-effective practices for digitization of astronomical glass plate collections, this work will help to protect and preserve unique and irreplaceable observational archives. These data will be a most valuable contribution to time domain astronomy, and add a wealth of primary source information to the history of astronomy.&lt;br/&gt;&lt;br/&gt;This award reflects NSF's statutory mission and has been deemed worthy of support through evaluation using the Foundation's intellectual merit and broader impacts review criteria.]]></AbstractNarration>
<MinAmdLetterDate>11/02/2020</MinAmdLetterDate>
<MaxAmdLetterDate>11/02/2020</MaxAmdLetterDate>
<ARRAAmount/>
<TRAN_TYPE>Grant</TRAN_TYPE>
<CFDA_NUM>47.049</CFDA_NUM>
<NSF_PAR_USE_FLAG>1</NSF_PAR_USE_FLAG>
<FUND_AGCY_CODE>4900</FUND_AGCY_CODE>
<AWDG_AGCY_CODE>4900</AWDG_AGCY_CODE>
<AwardID>2101781</AwardID>
<Investigator>
<FirstName>Richard</FirstName>
<LastName>Kron</LastName>
<PI_MID_INIT>G</PI_MID_INIT>
<PI_SUFX_NAME/>
<PI_FULL_NAME>Richard G Kron</PI_FULL_NAME>
<EmailAddress><![CDATA[rich@oddjob.uchicago.edu]]></EmailAddress>
<NSF_ID>000462291</NSF_ID>
<StartDate>11/02/2020</StartDate>
<EndDate/>
<RoleCode>Principal Investigator</RoleCode>
</Investigator>
<Institution>
<Name>University of Chicago</Name>
<CityName>CHICAGO</CityName>
<ZipCode>606375418</ZipCode>
<PhoneNumber>7737028669</PhoneNumber>
<StreetAddress>5801 S ELLIS AVE</StreetAddress>
<StreetAddress2/>
<CountryName>United States</CountryName>
<StateName>Illinois</StateName>
<StateCode>IL</StateCode>
<CONGRESSDISTRICT>01</CONGRESSDISTRICT>
<CONGRESS_DISTRICT_ORG>IL01</CONGRESS_DISTRICT_ORG>
<ORG_UEI_NUM>ZUE9HKT2CLC9</ORG_UEI_NUM>
<ORG_LGL_BUS_NAME>UNIVERSITY OF CHICAGO</ORG_LGL_BUS_NAME>
<ORG_PRNT_UEI_NUM>ZUE9HKT2CLC9</ORG_PRNT_UEI_NUM>
</Institution>
<Performance_Institution>
<Name><![CDATA[University of Chicago]]></Name>
<CityName>Chicago</CityName>
<StateCode>IL</StateCode>
<ZipCode>606372612</ZipCode>
<StreetAddress/>
<CountryCode>US</CountryCode>
<CountryName>United States</CountryName>
<StateName>Illinois</StateName>
<CountryFlag>1</CountryFlag>
<CONGRESSDISTRICT>01</CONGRESSDISTRICT>
<CONGRESS_DISTRICT_PERF>IL01</CONGRESS_DISTRICT_PERF>
</Performance_Institution>
<ProgramElement>
<Code>1215</Code>
<Text>STELLAR ASTRONOMY &amp; ASTROPHYSC</Text>
</ProgramElement>
<ProgramReference>
<Code>7916</Code>
<Text>EAGER</Text>
</ProgramReference>
<Appropriation>
<Code>0121</Code>
<Name>NSF RESEARCH &amp; RELATED ACTIVIT</Name>
<APP_SYMB_ID>040100</APP_SYMB_ID>
</Appropriation>
<Fund>
<Code>01002122DB</Code>
<Name><![CDATA[NSF RESEARCH & RELATED ACTIVIT]]></Name>
<FUND_SYMB_ID>040100</FUND_SYMB_ID>
</Fund>
<FUND_OBLG>2021~167215</FUND_OBLG>
</Award>
</rootTag>
