<?xml version="1.0" encoding="UTF-8"?>
<rootTag>
<Award>
<AwardTitle>Local Geometric Langlands Correspondence and Representation Theory</AwardTitle>
<AGENCY>NSF</AGENCY>
<AwardEffectiveDate>07/01/2021</AwardEffectiveDate>
<AwardExpirationDate>06/30/2024</AwardExpirationDate>
<AwardTotalIntnAmount>179991.00</AwardTotalIntnAmount>
<AwardAmount>179991</AwardAmount>
<AwardInstrument>
<Value>Standard Grant</Value>
</AwardInstrument>
<Organization>
<Code>03040000</Code>
<Directorate>
<Abbreviation>MPS</Abbreviation>
<LongName>Direct For Mathematical &amp; Physical Scien</LongName>
</Directorate>
<Division>
<Abbreviation>DMS</Abbreviation>
<LongName>Division Of Mathematical Sciences</LongName>
</Division>
</Organization>
<ProgramOfficer>
<SignBlockName>James Matthew Douglass</SignBlockName>
<PO_EMAI>mdouglas@nsf.gov</PO_EMAI>
<PO_PHON>7032922467</PO_PHON>
</ProgramOfficer>
<AbstractNarration>Representation theory studies the realization of groups as linear symmetries. There are two typical stages: 1) finding the general structure of representations of a given group (e.g., classifying irreducible representations), and 2) applying this to representations of particular interest (e.g., functions on a homogeneous space). This project aims to study higher representation theory, which studies the realization of groups as categorical symmetries. The emphasis of the proposal focuses on loop groups, where the theory remarkably mirrors classical harmonic analysis for p-adic groups. In particular, one finds Langlands-style decompositions here. This project focuses on understanding some key categories of interest in this framework. The investigator will study 3d mirror symmetry conjectures, representations of affine Lie algebras, and moduli spaces of bundles arising in the global geometric Langlands program. This project provides training opportunities for graduate students.&lt;br/&gt;&lt;br/&gt;In more detail, 3d mirror symmetry, representations of (reductive) affine Lie algebras, and the geometric Langlands program are the three primary ways actions of loop groups of reductive groups on categories arise. A large class of 3d mirror symmetry conjectures concerns the categorical Plancherel formula for loop group actions on categories of sheaves on loop spaces of particular varieties with group actions. The PI will establish first cases of 3d mirror symmetry and apply the results to give coherent descriptions of some categories of primary interest in geometric representation theory. Representations of Lie algebras concern the action of a group on its category of Lie algebra representations.  The PI will extend previous work on critical level localization theory and develop a substitute for Soergel modules that will apply to poorly understood categories in the local geometric Langlands program. The applications to global geometric Langlands concern actions of loop groups of reductive groups on moduli spaces of a global nature, namely bundles with a level structure. The PI will extend the Satake theorem and apply the result to study Eisenstein series in the global geometric Langlands program.&lt;br/&gt;&lt;br/&gt;This award reflects NSF's statutory mission and has been deemed worthy of support through evaluation using the Foundation's intellectual merit and broader impacts review criteria.</AbstractNarration>
<MinAmdLetterDate>06/21/2021</MinAmdLetterDate>
<MaxAmdLetterDate>06/21/2021</MaxAmdLetterDate>
<ARRAAmount/>
<TRAN_TYPE>Grant</TRAN_TYPE>
<CFDA_NUM>47.049</CFDA_NUM>
<NSF_PAR_USE_FLAG>1</NSF_PAR_USE_FLAG>
<FUND_AGCY_CODE>4900</FUND_AGCY_CODE>
<AWDG_AGCY_CODE>4900</AWDG_AGCY_CODE>
<AwardID>2101984</AwardID>
<Investigator>
<FirstName>Sam</FirstName>
<LastName>Raskin</LastName>
<PI_MID_INIT/>
<PI_SUFX_NAME/>
<PI_FULL_NAME>Sam Raskin</PI_FULL_NAME>
<EmailAddress>sraskin@math.utexas.edu</EmailAddress>
<PI_PHON>7083341491</PI_PHON>
<NSF_ID>000650862</NSF_ID>
<StartDate>06/21/2021</StartDate>
<EndDate/>
<RoleCode>Principal Investigator</RoleCode>
</Investigator>
<Institution>
<Name>University of Texas at Austin</Name>
<CityName>AUSTIN</CityName>
<ZipCode>787121139</ZipCode>
<PhoneNumber>5124716424</PhoneNumber>
<StreetAddress>110 INNER CAMPUS DR</StreetAddress>
<StreetAddress2/>
<CountryName>United States</CountryName>
<StateName>Texas</StateName>
<StateCode>TX</StateCode>
<CONGRESSDISTRICT>25</CONGRESSDISTRICT>
<CONGRESS_DISTRICT_ORG>TX25</CONGRESS_DISTRICT_ORG>
<ORG_UEI_NUM>V6AFQPN18437</ORG_UEI_NUM>
<ORG_LGL_BUS_NAME>UNIVERSITY OF TEXAS AT AUSTIN</ORG_LGL_BUS_NAME>
<ORG_PRNT_UEI_NUM>X5NKD2NFF2V3</ORG_PRNT_UEI_NUM>
</Institution>
<Performance_Institution>
<Name><![CDATA[University of Texas at Austin]]></Name>
<CityName>Austin</CityName>
<StateCode>TX</StateCode>
<ZipCode>787595316</ZipCode>
<StreetAddress><![CDATA[3925 W Braker Lane, Ste 3.340]]></StreetAddress>
<CountryCode>US</CountryCode>
<CountryName>United States</CountryName>
<StateName>Texas</StateName>
<CountryFlag>1</CountryFlag>
<CONGRESSDISTRICT>10</CONGRESSDISTRICT>
<CONGRESS_DISTRICT_PERF>TX10</CONGRESS_DISTRICT_PERF>
</Performance_Institution>
<ProgramElement>
<Code>1264</Code>
<Text>ALGEBRA,NUMBER THEORY,AND COM</Text>
</ProgramElement>
<Appropriation>
<Code>0121</Code>
<Name>NSF RESEARCH &amp; RELATED ACTIVIT</Name>
<APP_SYMB_ID>040100</APP_SYMB_ID>
</Appropriation>
<Fund>
<Code>01002122DB</Code>
<Name><![CDATA[NSF RESEARCH & RELATED ACTIVIT]]></Name>
<FUND_SYMB_ID>040100</FUND_SYMB_ID>
</Fund>
<FUND_OBLG>2021~179991</FUND_OBLG>
</Award>
</rootTag>
