<?xml version="1.0" encoding="UTF-8"?>
<rootTag>
<Award>
<AwardTitle><![CDATA[Collaborative Research: Connecting Elementary Mathematics Teaching to Real-World Issues]]></AwardTitle>
<AGENCY>NSF</AGENCY>
<AwardEffectiveDate>07/01/2021</AwardEffectiveDate>
<AwardExpirationDate>06/30/2024</AwardExpirationDate>
<AwardTotalIntnAmount>985598.00</AwardTotalIntnAmount>
<AwardAmount>698200</AwardAmount>
<AwardInstrument>
<Value>Continuing Grant</Value>
</AwardInstrument>
<Organization>
<Code>11090000</Code>
<Directorate>
<Abbreviation>EHR</Abbreviation>
<LongName>Direct For Education and Human Resources</LongName>
</Directorate>
<Division>
<Abbreviation>DRL</Abbreviation>
<LongName>Division Of Research On Learning</LongName>
</Division>
</Organization>
<ProgramOfficer>
<SignBlockName>Eric Knuth</SignBlockName>
<PO_EMAI>eknuth@nsf.gov</PO_EMAI>
<PO_PHON>7032928402</PO_PHON>
</ProgramOfficer>
<AbstractNarration><![CDATA[There are long-standing calls to make mathematics more meaningful, relevant, and applicable both inside and outside of the K-12 classroom. In particular, there is a growing recognition that mathematics is a valuable tool for helping students understand important real-world issues that affect their lives and society. Further, mathematics can support students in becoming mathematically literate and engaged democratic citizens. Despite the increased interest in connecting mathematics to real-world issues in the classroom, many teachers feel unprepared to do so. This project will engage students and teachers in rich, real-world math tasks; will support future teachers and mathematics educators in adapting, designing, and implementing similar tasks; and will provide a basis for further research on the most effective ways to design and implement real-world tasks in the mathematics classroom.&lt;br/&gt;&lt;br/&gt;The three goals of the Connecting Elementary Mathematics to the World project are: (1) To explore how mathematics teachers adapt, design, and enact tasks that connect mathematics to the real world. We will study the teaching practices of the project team as they engage in this work in two summer camps and in elementary classrooms at two sites. (2) To develop a collection of exemplar tasks and rich records of practice for each task. These records of practice will detail the mathematical and real-world learning goals, background knowledge needed for both goals, common student responses, and videos or vignettes of the task in progress. A team of six teachers at two sites will be recruited to collaborate with the team throughout the project. Teachers will provide input and feedback on the design of, appropriateness of, and relevance of the tasks and the support materials needed to implement the real-world tasks. Initial tasks will be field tested with elementary students and additional tasks will be developed for subsequent week-long summer camps and for teaching in elementary classrooms. (3) To research both the development and enactment of these tasks. We will develop a theoretical framework for creating and implementing real-world tasks that can inform future practice and research in this area. The research products of this project will result in (a) an understanding of effective teaching and design practices for connecting mathematics to real-world issues, (b) a theoretical framework of how these practices are interconnected, and (c) how these practices differ from practices when teaching typical school mathematics tasks.&lt;br/&gt;&lt;br/&gt;The Discovery Research preK-12 program (DRK-12) seeks to significantly enhance the learning and teaching of science, technology, engineering and mathematics (STEM) by preK-12 students and teachers, through research and development of innovative resources, models and tools. Projects in the DRK-12 program build on fundamental research in STEM education and prior research and development efforts that provide theoretical and empirical justification for proposed projects.&lt;br/&gt;&lt;br/&gt;This award reflects NSF's statutory mission and has been deemed worthy of support through evaluation using the Foundation's intellectual merit and broader impacts review criteria.]]></AbstractNarration>
<MinAmdLetterDate>04/23/2021</MinAmdLetterDate>
<MaxAmdLetterDate>04/23/2021</MaxAmdLetterDate>
<ARRAAmount/>
<TRAN_TYPE>Grant</TRAN_TYPE>
<CFDA_NUM>47.076</CFDA_NUM>
<NSF_PAR_USE_FLAG>1</NSF_PAR_USE_FLAG>
<FUND_AGCY_CODE>4900</FUND_AGCY_CODE>
<AWDG_AGCY_CODE>4900</AWDG_AGCY_CODE>
<AwardID>2101456</AwardID>
<Investigator>
<FirstName>Courtney</FirstName>
<LastName>Koestler</LastName>
<PI_MID_INIT/>
<PI_SUFX_NAME/>
<PI_FULL_NAME>Courtney Koestler</PI_FULL_NAME>
<EmailAddress><![CDATA[koestler@ohio.edu]]></EmailAddress>
<NSF_ID>000576053</NSF_ID>
<StartDate>04/23/2021</StartDate>
<EndDate/>
<RoleCode>Co-Principal Investigator</RoleCode>
</Investigator>
<Investigator>
<FirstName>Mathew</FirstName>
<LastName>Felton</LastName>
<PI_MID_INIT/>
<PI_SUFX_NAME/>
<PI_FULL_NAME>Mathew Felton</PI_FULL_NAME>
<EmailAddress><![CDATA[felton@ohio.edu]]></EmailAddress>
<NSF_ID>000591181</NSF_ID>
<StartDate>04/23/2021</StartDate>
<EndDate/>
<RoleCode>Principal Investigator</RoleCode>
</Investigator>
<Institution>
<Name>Ohio University</Name>
<CityName>ATHENS</CityName>
<ZipCode>457012942</ZipCode>
<PhoneNumber>7405932857</PhoneNumber>
<StreetAddress>1 OHIO UNIVERSITY</StreetAddress>
<StreetAddress2/>
<CountryName>United States</CountryName>
<StateName>Ohio</StateName>
<StateCode>OH</StateCode>
<CONGRESSDISTRICT>15</CONGRESSDISTRICT>
<CONGRESS_DISTRICT_ORG>OH15</CONGRESS_DISTRICT_ORG>
<ORG_UEI_NUM>LXHMMWRKN5N8</ORG_UEI_NUM>
<ORG_LGL_BUS_NAME>OHIO UNIVERSITY</ORG_LGL_BUS_NAME>
<ORG_PRNT_UEI_NUM>LXHMMWRKN5N8</ORG_PRNT_UEI_NUM>
</Institution>
<Performance_Institution>
<Name><![CDATA[Ohio University]]></Name>
<CityName>Athens</CityName>
<StateCode>OH</StateCode>
<ZipCode>457012979</ZipCode>
<StreetAddress><![CDATA[108 Cutler Hl]]></StreetAddress>
<CountryCode>US</CountryCode>
<CountryName>United States</CountryName>
<StateName>Ohio</StateName>
<CountryFlag>1</CountryFlag>
<CONGRESSDISTRICT>15</CONGRESSDISTRICT>
<CONGRESS_DISTRICT_PERF>OH15</CONGRESS_DISTRICT_PERF>
</Performance_Institution>
<ProgramElement>
<Code>7645</Code>
<Text>Discovery Research K-12</Text>
</ProgramElement>
<Appropriation>
<Code>0421</Code>
<Name>NSF Education &amp; Human Resource</Name>
<APP_SYMB_ID>040106</APP_SYMB_ID>
</Appropriation>
<Fund>
<Code>04002122DB</Code>
<Name><![CDATA[NSF Education & Human Resource]]></Name>
<FUND_SYMB_ID>040106</FUND_SYMB_ID>
</Fund>
<FUND_OBLG>2021~698200</FUND_OBLG>
</Award>
</rootTag>
