<?xml version="1.0" encoding="UTF-8"?>
<rootTag>
<Award>
<AwardTitle>SBIR Phase I:  A Rapid, Sensitive Pathogen Typing and Antibiotic Sensitivity Test for Bloodstream Infections (COVID-19)</AwardTitle>
<AGENCY>NSF</AGENCY>
<AwardEffectiveDate>05/01/2021</AwardEffectiveDate>
<AwardExpirationDate>12/31/2021</AwardExpirationDate>
<AwardTotalIntnAmount>255834.00</AwardTotalIntnAmount>
<AwardAmount>255834</AwardAmount>
<AwardInstrument>
<Value>Standard Grant</Value>
</AwardInstrument>
<Organization>
<Code>15030000</Code>
<Directorate>
<Abbreviation>TIP</Abbreviation>
<LongName>Dir for Tech, Innovation, &amp; Partnerships</LongName>
</Directorate>
<Division>
<Abbreviation>TI</Abbreviation>
<LongName>Translational Impacts</LongName>
</Division>
</Organization>
<ProgramOfficer>
<SignBlockName>Erik Pierstorff</SignBlockName>
<PO_EMAI>epiersto@nsf.gov</PO_EMAI>
<PO_PHON>7032922165</PO_PHON>
</ProgramOfficer>
<AbstractNarration>The broader impact/commercial potential of this Small Business Innovation Research (SBIR) Phase I project would establish a rapid, sensitive pathogen typing and antibiotic sensitivity test for Bloodstream Infections (BSI) that could help guide early antibiotic therapy. Timely and accurate diagnosis of BSI would decrease the incidence of sepsis, as well as unnecessary or inappropriate antibiotic administration that can contribute to pathogen mutation and antimicrobial resistance (AMR). The risk of unnecessary or under-prescribed antibiotics during the COVID-19 pandemic has intensified future AMR threats, especially given that the incidence of bacterial sepsis occurs in 1 out of 7 COVID-19 inpatients, with a 50% mortality rate. Thus, a rapid, reliable in vitro diagnostic test for BSI would improve patient outcomes and have a measurable impact on quality of care, infection control, and overall healthcare management.&lt;br/&gt;&lt;br/&gt;The proposed technology for blood stream infection (BSI) detection and antibiotic susceptibility testing (AST) is rapid, highly sensitivity, and requires a low specimen volume. The assay would provide advantages over current standards of care (blood culture; BC), which typically require 24 to 72-hours to confirm the presence of a BSI. Additionally, this novel BSI assay does not require complex amplification steps (polymerase chain reaction; PCR) to detect pathogens. Given sepsis mortality rates increase by 7.6% per hour without appropriate antibiotic administration, septic patient care and survival demands early screening innovations that quickly and easily type species and determine AST to guide responsible antibiotic administration. The delayed results associated with current BSI testing methods hinders effective antibiotic selection, accuracy and timing. The proposed technology is comprised of a patent-pending bloodborne pathogen enrichment innovation that combines functionalized magnetic beads and the unique Limulus Amebocyte Lysate (LAL) substrate. The assay is built on three principles: (1) LAL contains highly sensitive proteins capable of detecting cell wall markers on gram-negative bacteria and fungi; (2) Differential LAL blocking would distinguish fungal and bacterial infection; and (3) Inclusion of a silkworm larvae plasma would provide a colorimetric output that detects gram-positive bacteria.&lt;br/&gt;&lt;br/&gt;This award reflects NSF's statutory mission and has been deemed worthy of support through evaluation using the Foundation's intellectual merit and broader impacts review criteria.</AbstractNarration>
<MinAmdLetterDate>04/20/2021</MinAmdLetterDate>
<MaxAmdLetterDate>04/20/2021</MaxAmdLetterDate>
<ARRAAmount/>
<TRAN_TYPE>Grant</TRAN_TYPE>
<CFDA_NUM>47.041</CFDA_NUM>
<NSF_PAR_USE_FLAG>1</NSF_PAR_USE_FLAG>
<FUND_AGCY_CODE>4900</FUND_AGCY_CODE>
<AWDG_AGCY_CODE>4900</AWDG_AGCY_CODE>
<AwardID>2101278</AwardID>
<Investigator>
<FirstName>Rachel</FirstName>
<LastName>Tinker-Kulberg</LastName>
<PI_MID_INIT/>
<PI_SUFX_NAME/>
<PI_FULL_NAME>Rachel Tinker-Kulberg</PI_FULL_NAME>
<EmailAddress>rkulberg@kepleybiosystems.com</EmailAddress>
<PI_PHON>9199286491</PI_PHON>
<NSF_ID>000809458</NSF_ID>
<StartDate>04/20/2021</StartDate>
<EndDate/>
<RoleCode>Principal Investigator</RoleCode>
</Investigator>
<Institution>
<Name>Kepley Biosystems Incorporated</Name>
<CityName>GREENSBORO</CityName>
<ZipCode>274014904</ZipCode>
<PhoneNumber>7036750277</PhoneNumber>
<StreetAddress>2901 EAST GATE CITY BLVD STE 240</StreetAddress>
<StreetAddress2/>
<CountryName>United States</CountryName>
<StateName>North Carolina</StateName>
<StateCode>NC</StateCode>
<CONGRESSDISTRICT>06</CONGRESSDISTRICT>
<CONGRESS_DISTRICT_ORG>NC06</CONGRESS_DISTRICT_ORG>
<ORG_UEI_NUM>NJB9C83XPY15</ORG_UEI_NUM>
<ORG_LGL_BUS_NAME>KEPLEY BIOSYSTEMS INCORPORATED</ORG_LGL_BUS_NAME>
<ORG_PRNT_UEI_NUM>NJB9C83XPY15</ORG_PRNT_UEI_NUM>
</Institution>
<Performance_Institution>
<Name><![CDATA[Kepley Biosystems Incorporated]]></Name>
<CityName>Greensboro</CityName>
<StateCode>NC</StateCode>
<ZipCode>274014904</ZipCode>
<StreetAddress><![CDATA[2901 East Gate City Blvd]]></StreetAddress>
<CountryCode>US</CountryCode>
<CountryName>United States</CountryName>
<StateName>North Carolina</StateName>
<CountryFlag>1</CountryFlag>
<CONGRESSDISTRICT>06</CONGRESSDISTRICT>
<CONGRESS_DISTRICT_PERF>NC06</CONGRESS_DISTRICT_PERF>
</Performance_Institution>
<ProgramElement>
<Code>5371</Code>
<Text>SBIR Phase I</Text>
</ProgramElement>
<ProgramReference>
<Code>066E</Code>
<Text>INSTRUMENTATION &amp; DIAGNOSTICS</Text>
</ProgramReference>
<ProgramReference>
<Code>096Z</Code>
<Text>COVID-19 Research</Text>
</ProgramReference>
<Appropriation>
<Code>0121</Code>
<Name>NSF RESEARCH &amp; RELATED ACTIVIT</Name>
<APP_SYMB_ID>040100</APP_SYMB_ID>
</Appropriation>
<Fund>
<Code>01002122DB</Code>
<Name><![CDATA[NSF RESEARCH & RELATED ACTIVIT]]></Name>
<FUND_SYMB_ID>040100</FUND_SYMB_ID>
</Fund>
<FUND_OBLG>2021~255834</FUND_OBLG>
<POR>
<DRECONTENT><![CDATA[<div class="porColContainerWBG"> <div class="porContentCol"><p><strong>The Broader Impact and Societal Benefits of our Research and&nbsp;Development Activities:</strong> Sepsis is a major public health and economic concern that results in one human death every 2.8 seconds. Septicemia is an infection that&nbsp;occurs when bacteria enter the bloodstream and spread and if undiagnosed or untreated, the patient can quickly escalate into sepsis or septic shock. Rapid and accurate detection of blood stream infections prior to onset of sepsis is critical to limit the extent of tissue and organ damage, mortality, and associated hospital costs. While a skilled clinician can spot the onset of sepsis once symptoms present, the current gold-standard diagnostic used to confirm endotoxin presence is blood culture, which can take 2-7 days to return results. Given this&nbsp;delay in confirmation, clinicians prescribe early and empiric broad-spectrum antibiotics to fight the cause of the infection, rather than more effective narrow-spectrum targeted antibiotics. While an important step to halt the spread of the infection and loss of the patient, this current practice can increase the prevalence of drug resistant microorganisms. Consequently, untenable rates of morbidity and mortality persist in a pathogenic era with intensifying risks from antibiotic microbial resistance. In recent years, the World Health Organization (W.H.O.) have released increasingly urgent calls to action for the medical community to develop faster and more accurate diagnostics and screening tools to provide better support for doctors in this ongoing battle.</p> <p>Through the funding of this National Science Foundation Phase I SBIR, Kepley BioSystems (Kepley) has sought to answer this call with a rapid and affordable assay for detecting bloodstream infections with the sensitivity and accuracy clinicians require for&nbsp;proper treatment. Without rapid detection and appropriate antibiotic administration, the risk of mortality increases by 7.6% per hour, and the Kepley rapid assay can return a result in as little as 1-3 hours, promising to give clinicians the information needed to treat sepsis as early as possible.</p> <p><strong>Goals of Our Work: </strong>The Kepley innovation is the first to adapt Limulus amebocyte lysate (LAL) as a clinical substrate for human specimens, for which LAL was considered unreliable when first investigated. Kepley has eliminated assay inconsistencies through controlled LAL production and utilizing proprietary specimen processing. LAL is sensitive and specific to the multitude of microbes that can cause sepsis infection. In 1977, the FDA approved LAL for parenteral drug and device manufacturing as the most sensitive (parts-per-trillion), reliable, rapid (1-hour reaction time), and easiest method for bacterial endotoxin testing. LAL has thus been proven in generations of commercial success with unmatched lipopolysaccharides detection. While bacterial endotoxin testing has historically only been applied to ensuring water, therapeutics and device sterility, due to interfering substances in blood, this novel application by Kepley promises to bring LAL to clinical purpose to rapidly test for endotoxins within human blood and guide therapeutic intervention far quicker than current standards.</p> <p>The work performed during this Phase I SBIR demonstrated proof of concept for this technology and has created meaningful steps to bring this technology from the laboratory setting to implementation within the healthcare framework. The assay would utilize 1 mL of blood taken during routine blood panels, allowing the innovation to work easily within established hospital workflows as a screening tool, discovering septic infection within the early stages, while it remains easiest to cure.&nbsp;</p> <p><strong>Key Phase I Achievements:</strong></p> <ul> <li> Demonstrated scientific validity of the technical approach and verified analytical performance of the proposed bloodsteam infection assay using spiked samples.</li> <li>Developed and optimized two specimen preparation methods to enhance performance and facilitate future integration into a high-throughput, automated method. Both methods enabled rapid detection of Gram-negative bacteria and associated lipopolysaccharide biomarkers in blood samples with specificity, sensitivity, and accuracy.</li> <li>Defined an ideal patient specimen and preparation technique for the use of an LAL-based endpoint gelation assay to confirm the presence of gram-negative bacteria and associated biomarkers.</li> <li>Optimized and validated an LAL-based antibiotic susceptibility test that differentiated between&nbsp;Gram-negative bacteria&nbsp;and circulating free lipopolysaccharide biomarkers in a patient specimen.</li> <li>Showed that LAL-based antibiotic susceptibility test could establish antibiotic sensitivity profiles for Gram-negative bacteria without requiring pathogen identification and that the assay could be used on a range of clinically relevant Gram-negative bacteria and antibiotic classes, irrespective of the mode of action.</li> <li>Achieved antibiotic susceptibility test&nbsp;turn-around times in less than 3 hours. (LAL screening in 1 hour, with additional antibiotic susceptibility test panels in 2 hours, or total of 3 hours if run sequentially).</li> </ul> <p>To learn more about this reserach visit www.kepleybiosystems.com.</p><br> <p>            Last Modified: 01/03/2022<br>      Modified by: Rachel&nbsp;Tinker-Kulberg</p> </div> <div class="porSideCol"></div> </div>]]></DRECONTENT>
<POR_COPY_TXT><![CDATA[ The Broader Impact and Societal Benefits of our Research and Development Activities: Sepsis is a major public health and economic concern that results in one human death every 2.8 seconds. Septicemia is an infection that occurs when bacteria enter the bloodstream and spread and if undiagnosed or untreated, the patient can quickly escalate into sepsis or septic shock. Rapid and accurate detection of blood stream infections prior to onset of sepsis is critical to limit the extent of tissue and organ damage, mortality, and associated hospital costs. While a skilled clinician can spot the onset of sepsis once symptoms present, the current gold-standard diagnostic used to confirm endotoxin presence is blood culture, which can take 2-7 days to return results. Given this delay in confirmation, clinicians prescribe early and empiric broad-spectrum antibiotics to fight the cause of the infection, rather than more effective narrow-spectrum targeted antibiotics. While an important step to halt the spread of the infection and loss of the patient, this current practice can increase the prevalence of drug resistant microorganisms. Consequently, untenable rates of morbidity and mortality persist in a pathogenic era with intensifying risks from antibiotic microbial resistance. In recent years, the World Health Organization (W.H.O.) have released increasingly urgent calls to action for the medical community to develop faster and more accurate diagnostics and screening tools to provide better support for doctors in this ongoing battle.  Through the funding of this National Science Foundation Phase I SBIR, Kepley BioSystems (Kepley) has sought to answer this call with a rapid and affordable assay for detecting bloodstream infections with the sensitivity and accuracy clinicians require for proper treatment. Without rapid detection and appropriate antibiotic administration, the risk of mortality increases by 7.6% per hour, and the Kepley rapid assay can return a result in as little as 1-3 hours, promising to give clinicians the information needed to treat sepsis as early as possible.  Goals of Our Work: The Kepley innovation is the first to adapt Limulus amebocyte lysate (LAL) as a clinical substrate for human specimens, for which LAL was considered unreliable when first investigated. Kepley has eliminated assay inconsistencies through controlled LAL production and utilizing proprietary specimen processing. LAL is sensitive and specific to the multitude of microbes that can cause sepsis infection. In 1977, the FDA approved LAL for parenteral drug and device manufacturing as the most sensitive (parts-per-trillion), reliable, rapid (1-hour reaction time), and easiest method for bacterial endotoxin testing. LAL has thus been proven in generations of commercial success with unmatched lipopolysaccharides detection. While bacterial endotoxin testing has historically only been applied to ensuring water, therapeutics and device sterility, due to interfering substances in blood, this novel application by Kepley promises to bring LAL to clinical purpose to rapidly test for endotoxins within human blood and guide therapeutic intervention far quicker than current standards.  The work performed during this Phase I SBIR demonstrated proof of concept for this technology and has created meaningful steps to bring this technology from the laboratory setting to implementation within the healthcare framework. The assay would utilize 1 mL of blood taken during routine blood panels, allowing the innovation to work easily within established hospital workflows as a screening tool, discovering septic infection within the early stages, while it remains easiest to cure.   Key Phase I Achievements:   Demonstrated scientific validity of the technical approach and verified analytical performance of the proposed bloodsteam infection assay using spiked samples. Developed and optimized two specimen preparation methods to enhance performance and facilitate future integration into a high-throughput, automated method. Both methods enabled rapid detection of Gram-negative bacteria and associated lipopolysaccharide biomarkers in blood samples with specificity, sensitivity, and accuracy. Defined an ideal patient specimen and preparation technique for the use of an LAL-based endpoint gelation assay to confirm the presence of gram-negative bacteria and associated biomarkers. Optimized and validated an LAL-based antibiotic susceptibility test that differentiated between Gram-negative bacteria and circulating free lipopolysaccharide biomarkers in a patient specimen. Showed that LAL-based antibiotic susceptibility test could establish antibiotic sensitivity profiles for Gram-negative bacteria without requiring pathogen identification and that the assay could be used on a range of clinically relevant Gram-negative bacteria and antibiotic classes, irrespective of the mode of action. Achieved antibiotic susceptibility test turn-around times in less than 3 hours. (LAL screening in 1 hour, with additional antibiotic susceptibility test panels in 2 hours, or total of 3 hours if run sequentially).   To learn more about this reserach visit www.kepleybiosystems.com.       Last Modified: 01/03/2022       Submitted by: Rachel Tinker-Kulberg]]></POR_COPY_TXT>
</POR>
</Award>
</rootTag>
