<?xml version="1.0" encoding="UTF-8"?>
<rootTag>
<Award>
<AwardTitle>Learning by evaluating: Engaging students in evaluation as a pedagogical strategy to improve design thinking</AwardTitle>
<AGENCY>NSF</AGENCY>
<AwardEffectiveDate>08/01/2021</AwardEffectiveDate>
<AwardExpirationDate>07/31/2024</AwardExpirationDate>
<AwardTotalIntnAmount>1257321.00</AwardTotalIntnAmount>
<AwardAmount>851426</AwardAmount>
<AwardInstrument>
<Value>Continuing Grant</Value>
</AwardInstrument>
<Organization>
<Code>11090000</Code>
<Directorate>
<Abbreviation>EHR</Abbreviation>
<LongName>Direct For Education and Human Resources</LongName>
</Directorate>
<Division>
<Abbreviation>DRL</Abbreviation>
<LongName>Division Of Research On Learning</LongName>
</Division>
</Organization>
<ProgramOfficer>
<SignBlockName>Gavin Fulmer</SignBlockName>
<PO_EMAI>gfulmer@nsf.gov</PO_EMAI>
<PO_PHON>7032925182</PO_PHON>
</ProgramOfficer>
<AbstractNarration>The Learning by Evaluating (LbE) project will develop, refine, and test an educational innovation in which 9th grade students evaluate sample work as a starting point in engineering design cycles. Students will compare and discuss the quality and fit to context of completed design artifacts. Teachers will collaboratively review and refine the LbE approaches and map the LbE materials into the curriculum. Prior work suggests this will allow students to improve understanding of the content, context, and ways of thinking for an assigned project; identify strengths and weaknesses of existing approaches; and recognize key features related to work quality before working on an assignment. The project will work directly with DeKalb County School District in Atlanta, Georgia, and connect to an internationally implemented 9th grade course offered through the International Technology and Engineering Educators Association STEM Center. The pedagogical strategies emerging from this project could be embedded in other STEM Center courses offered in K-12 classrooms internationally, or incorporated by individual teachers in a variety of disciplines through the dissemination of freely available instructional resources. &lt;br/&gt; &lt;br/&gt;This three-year exploratory project consists of two years of design-based qualitative research, followed by one year of quasi-experimental mixed-methods research to test the hypothesis that LbE will significantly improve student learning. The theoretical foundation of this inquiry is based on Collins, Brown, &amp; Newman’s “cognitive apprenticeship” approach: students learn from models, articulating knowledge, and reflecting on personal experience. The design phase research questions are: What quality of examples should be used in LbE? How related should examples be to the students’ project? What is the teachers’ role in LbE? What timing provides optimal impact for LbE? The quasi-experiment will randomly assign participating teachers’ class sections to an LbE or a comparison condition, and assess three outcome variables: student design thinking mindset, student critical thinking and reasoning, and student performance. The project leadership team combines design education researchers from Purdue, Brigham Young, and the University of Georgia, the director of the International Technology and Engineering Education Association’s STEM Center, and the Career Technical and Agricultural Education Instructional Coordinator for the DeKalb County School District.  &lt;br/&gt;&lt;br/&gt;The Discovery Research preK-12 program (DRK-12) seeks to significantly enhance the learning and teaching of science, technology, engineering and mathematics (STEM) by preK-12 students and teachers, through research and development of innovative resources, models and tools. Projects in the DRK-12 program build on fundamental research in STEM education and prior research and development efforts that provide theoretical and empirical justification for proposed projects.&lt;br/&gt;&lt;br/&gt;This award reflects NSF's statutory mission and has been deemed worthy of support through evaluation using the Foundation's intellectual merit and broader impacts review criteria.</AbstractNarration>
<MinAmdLetterDate>04/21/2021</MinAmdLetterDate>
<MaxAmdLetterDate>04/21/2021</MaxAmdLetterDate>
<ARRAAmount/>
<TRAN_TYPE>Grant</TRAN_TYPE>
<CFDA_NUM>47.076</CFDA_NUM>
<NSF_PAR_USE_FLAG>1</NSF_PAR_USE_FLAG>
<FUND_AGCY_CODE>4900</FUND_AGCY_CODE>
<AWDG_AGCY_CODE>4900</AWDG_AGCY_CODE>
<AwardID>2101235</AwardID>
<Investigator>
<FirstName>Andrew</FirstName>
<LastName>Jackson</LastName>
<PI_MID_INIT>M</PI_MID_INIT>
<PI_SUFX_NAME/>
<PI_FULL_NAME>Andrew M Jackson</PI_FULL_NAME>
<EmailAddress>andrewjackson@uga.edu</EmailAddress>
<PI_PHON>7065425591</PI_PHON>
<NSF_ID>000814590</NSF_ID>
<StartDate>04/21/2021</StartDate>
<EndDate/>
<RoleCode>Co-Principal Investigator</RoleCode>
</Investigator>
<Investigator>
<FirstName>Nathan</FirstName>
<LastName>Mentzer</LastName>
<PI_MID_INIT/>
<PI_SUFX_NAME/>
<PI_FULL_NAME>Nathan Mentzer</PI_FULL_NAME>
<EmailAddress>nmentzer@purdue.edu</EmailAddress>
<PI_PHON>7654940298</PI_PHON>
<NSF_ID>000522912</NSF_ID>
<StartDate>04/21/2021</StartDate>
<EndDate/>
<RoleCode>Principal Investigator</RoleCode>
</Investigator>
<Investigator>
<FirstName>Scott</FirstName>
<LastName>Bartholomew</LastName>
<PI_MID_INIT/>
<PI_SUFX_NAME/>
<PI_FULL_NAME>Scott Bartholomew</PI_FULL_NAME>
<EmailAddress>scottbartholomew@byu.edu</EmailAddress>
<PI_PHON>8014226310</PI_PHON>
<NSF_ID>000737184</NSF_ID>
<StartDate>04/21/2021</StartDate>
<EndDate/>
<RoleCode>Co-Principal Investigator</RoleCode>
</Investigator>
<Investigator>
<FirstName>Ryan</FirstName>
<LastName>Novitski</LastName>
<PI_MID_INIT>S</PI_MID_INIT>
<PI_SUFX_NAME/>
<PI_FULL_NAME>Ryan S Novitski</PI_FULL_NAME>
<EmailAddress>rnovitski@iteea.org</EmailAddress>
<PI_PHON>7038602100</PI_PHON>
<NSF_ID>000838967</NSF_ID>
<StartDate>04/21/2021</StartDate>
<EndDate/>
<RoleCode>Co-Principal Investigator</RoleCode>
</Investigator>
<Institution>
<Name>Purdue University</Name>
<CityName>WEST LAFAYETTE</CityName>
<ZipCode>479061332</ZipCode>
<PhoneNumber>7654941055</PhoneNumber>
<StreetAddress>2550 NORTHWESTERN AVE STE 1900</StreetAddress>
<StreetAddress2/>
<CountryName>United States</CountryName>
<StateName>Indiana</StateName>
<StateCode>IN</StateCode>
<CONGRESSDISTRICT>04</CONGRESSDISTRICT>
<CONGRESS_DISTRICT_ORG>IN04</CONGRESS_DISTRICT_ORG>
<ORG_UEI_NUM>YRXVL4JYCEF5</ORG_UEI_NUM>
<ORG_LGL_BUS_NAME>PURDUE UNIVERSITY</ORG_LGL_BUS_NAME>
<ORG_PRNT_UEI_NUM>YRXVL4JYCEF5</ORG_PRNT_UEI_NUM>
</Institution>
<Performance_Institution>
<Name><![CDATA[Purdue University]]></Name>
<CityName>West Lafayette</CityName>
<StateCode>IN</StateCode>
<ZipCode>479072021</ZipCode>
<StreetAddress><![CDATA[155 South Grant Street, Young Ha]]></StreetAddress>
<CountryCode>US</CountryCode>
<CountryName>United States</CountryName>
<StateName>Indiana</StateName>
<CountryFlag>1</CountryFlag>
<CONGRESSDISTRICT>04</CONGRESSDISTRICT>
<CONGRESS_DISTRICT_PERF>IN04</CONGRESS_DISTRICT_PERF>
</Performance_Institution>
<ProgramElement>
<Code>7645</Code>
<Text>Discovery Research K-12</Text>
</ProgramElement>
<ProgramReference>
<Code>8212</Code>
<Text>Broaden Particip STEM Resrch</Text>
</ProgramReference>
<ProgramReference>
<Code>8817</Code>
<Text>STEM Learning &amp; Learning Environments</Text>
</ProgramReference>
<Appropriation>
<Code>0421</Code>
<Name>NSF Education &amp; Human Resource</Name>
<APP_SYMB_ID>040106</APP_SYMB_ID>
</Appropriation>
<Fund>
<Code>04002122DB</Code>
<Name><![CDATA[NSF Education & Human Resource]]></Name>
<FUND_SYMB_ID>040106</FUND_SYMB_ID>
</Fund>
<FUND_OBLG>2021~851426</FUND_OBLG>
</Award>
</rootTag>
