<?xml version="1.0" encoding="UTF-8"?>
<rootTag>
<Award>
<AwardTitle><![CDATA[Excellence in Research: Development of a Non-Fluorinated Etching Procedure to Prepare MXene Hybrid Materials for Composite Applications]]></AwardTitle>
<AGENCY>NSF</AGENCY>
<AwardEffectiveDate>06/15/2021</AwardEffectiveDate>
<AwardExpirationDate>05/31/2024</AwardExpirationDate>
<AwardTotalIntnAmount>700000.00</AwardTotalIntnAmount>
<AwardAmount>700000</AwardAmount>
<AwardInstrument>
<Value>Standard Grant</Value>
</AwardInstrument>
<Organization>
<Code>03070000</Code>
<Directorate>
<Abbreviation>MPS</Abbreviation>
<LongName>Direct For Mathematical &amp; Physical Scien</LongName>
</Directorate>
<Division>
<Abbreviation>DMR</Abbreviation>
<LongName>Division Of Materials Research</LongName>
</Division>
</Organization>
<ProgramOfficer>
<SignBlockName>Birgit Schwenzer</SignBlockName>
<PO_EMAI>bschwenz@nsf.gov</PO_EMAI>
<PO_PHON>7032924771</PO_PHON>
</ProgramOfficer>
<AbstractNarration><![CDATA[NON-TECHNICAL DESCRIPTION: MXenes are 2D materials with excellent electrical/magnetic properties for use in a number of applications such as electromagnetic radiation shielding, supercapacitors and batteries. In this project, a team of researchers at the Florida A &amp; M University (FAMU), FAMU-FSU (Florida State University) College of Engineering (COE), and Clark Atlanta University (CAU-Chemistry), aim to prepare a class of MXenes with homogenous surface functionality using a less hazardous procedure. This novel method of synthesizing MXenes will open new avenues of developing hybrid materials for different applications and the generation of unique composite materials. Subsequently, this project seeks to increase the number of undergraduate and graduate minority students enrolling in engineering and science programs to pursue advanced degrees through involvement in MXene materials research. Student interest about graduate programs and summer research opportunities will also increase, leading to the establishment of a 2+3 dual-degree engineering program.   &lt;br/&gt;&lt;br/&gt;TECHNICAL DETAILS: MXenes are derived from MAX phases, where the A element, usually aluminum, is removed by etching with toxic hydrogen fluoride. The systematic investigation of MXene with a novel non-fluorine based method using the following research aims to understand the synthesis/etching/exfoliation processes using a non-fluorinated etching procedure allows for control of the resultant microstructure and macroscopic properties crucial to MXenes applications: 1) Preparing MXenes with improved stability and homogenous surface functionality using non-fluorinated etching techniques on MAX phases. 2) Understanding the impact of this etching process on the MXene chemistry, morphology, and chemical environment on rheological, electronic, and magnetic/spin properties. 3) Building a MXene model based on specific functional groups terminations using thermodynamic stability calculations of bromine or other functional group terminations, geometry optimizations for single and bilayer MXene structures, and vibrational frequency calculations to compare with experimental results. 4) Developing novel MXene composite structures for manufacturing devices with desirable magnetic and electronic properties. 5) Exploring the suitability of a novel etch method for other types of MAX phases. The findings from this EiR project will contribute to institutional change by aligning the qualities of interdisciplinary research with educational outcomes and exposing students to new chemical synthesis and exfoliation techniques, instrumentation at the National High Magnetic Field Lab (NHMFL) national user facility, and 3D printing using state-of-the-art equipment to fabricate MXene structures and devices.&lt;br/&gt;&lt;br/&gt;This award reflects NSF's statutory mission and has been deemed worthy of support through evaluation using the Foundation's intellectual merit and broader impacts review criteria.]]></AbstractNarration>
<MinAmdLetterDate>06/02/2021</MinAmdLetterDate>
<MaxAmdLetterDate>06/02/2021</MaxAmdLetterDate>
<ARRAAmount/>
<TRAN_TYPE>Grant</TRAN_TYPE>
<CFDA_NUM>47.049</CFDA_NUM>
<NSF_PAR_USE_FLAG>1</NSF_PAR_USE_FLAG>
<FUND_AGCY_CODE>4900</FUND_AGCY_CODE>
<AWDG_AGCY_CODE>4900</AWDG_AGCY_CODE>
<AwardID>2101001</AwardID>
<Investigator>
<FirstName>Okenwa</FirstName>
<LastName>Okoli</LastName>
<PI_MID_INIT>O</PI_MID_INIT>
<PI_SUFX_NAME/>
<PI_FULL_NAME>Okenwa O Okoli</PI_FULL_NAME>
<EmailAddress><![CDATA[okoli@eng.famu.fsu.edu]]></EmailAddress>
<NSF_ID>000484010</NSF_ID>
<StartDate>06/02/2021</StartDate>
<EndDate/>
<RoleCode>Co-Principal Investigator</RoleCode>
</Investigator>
<Investigator>
<FirstName>Subramanian</FirstName>
<LastName>Ramakrishnan</LastName>
<PI_MID_INIT/>
<PI_SUFX_NAME/>
<PI_FULL_NAME>Subramanian Ramakrishnan</PI_FULL_NAME>
<EmailAddress><![CDATA[subramanian.ramakrishnan@famu.edu]]></EmailAddress>
<NSF_ID>000066292</NSF_ID>
<StartDate>06/02/2021</StartDate>
<EndDate/>
<RoleCode>Co-Principal Investigator</RoleCode>
</Investigator>
<Investigator>
<FirstName>Natalie</FirstName>
<LastName>Arnett</LastName>
<PI_MID_INIT>Y</PI_MID_INIT>
<PI_SUFX_NAME/>
<PI_FULL_NAME>Natalie Y Arnett</PI_FULL_NAME>
<EmailAddress><![CDATA[natalie.arnett@famu.edu]]></EmailAddress>
<NSF_ID>000539145</NSF_ID>
<StartDate>06/02/2021</StartDate>
<EndDate/>
<RoleCode>Principal Investigator</RoleCode>
</Investigator>
<Investigator>
<FirstName>Theo</FirstName>
<LastName>Siegrist</LastName>
<PI_MID_INIT/>
<PI_SUFX_NAME/>
<PI_FULL_NAME>Theo Siegrist</PI_FULL_NAME>
<EmailAddress><![CDATA[siegrist@eng.fsu.edu]]></EmailAddress>
<NSF_ID>000546736</NSF_ID>
<StartDate>06/02/2021</StartDate>
<EndDate/>
<RoleCode>Co-Principal Investigator</RoleCode>
</Investigator>
<Investigator>
<FirstName>Dinadayalane</FirstName>
<LastName>Tandabany</LastName>
<PI_MID_INIT/>
<PI_SUFX_NAME/>
<PI_FULL_NAME>Dinadayalane Tandabany</PI_FULL_NAME>
<EmailAddress><![CDATA[dtandabany@cau.edu]]></EmailAddress>
<NSF_ID>000676917</NSF_ID>
<StartDate>06/02/2021</StartDate>
<EndDate/>
<RoleCode>Co-Principal Investigator</RoleCode>
</Investigator>
<Institution>
<Name>Florida Agricultural and Mechanical University</Name>
<CityName>TALLAHASSEE</CityName>
<ZipCode>323073100</ZipCode>
<PhoneNumber>8505993531</PhoneNumber>
<StreetAddress>1500 WAHNISH WAY</StreetAddress>
<StreetAddress2/>
<CountryName>United States</CountryName>
<StateName>Florida</StateName>
<StateCode>FL</StateCode>
<CONGRESSDISTRICT>05</CONGRESSDISTRICT>
<CONGRESS_DISTRICT_ORG>FL05</CONGRESS_DISTRICT_ORG>
<ORG_UEI_NUM>W8LKB16HV1K5</ORG_UEI_NUM>
<ORG_LGL_BUS_NAME>FLORIDA A &amp; M UNIVERSITY</ORG_LGL_BUS_NAME>
<ORG_PRNT_UEI_NUM>D4GCCCMXR1H3</ORG_PRNT_UEI_NUM>
</Institution>
<Performance_Institution>
<Name><![CDATA[FAMU-FSU College of Engineering]]></Name>
<CityName>Tallahassee</CityName>
<StateCode>FL</StateCode>
<ZipCode>323106046</ZipCode>
<StreetAddress><![CDATA[2525 Pottsdamer St]]></StreetAddress>
<CountryCode>US</CountryCode>
<CountryName>United States</CountryName>
<StateName>Florida</StateName>
<CountryFlag>1</CountryFlag>
<CONGRESSDISTRICT>05</CONGRESSDISTRICT>
<CONGRESS_DISTRICT_PERF>FL05</CONGRESS_DISTRICT_PERF>
</Performance_Institution>
<ProgramElement>
<Code>1253</Code>
<Text>OFFICE OF MULTIDISCIPLINARY AC</Text>
</ProgramElement>
<ProgramElement>
<Code>1774</Code>
<Text>CERAMICS</Text>
</ProgramElement>
<ProgramReference>
<Code>102Z</Code>
<Text>COVID-Disproportionate Impcts Inst-Indiv</Text>
</ProgramReference>
<ProgramReference>
<Code>8037</Code>
<Text>Advanced Manufacturing</Text>
</ProgramReference>
<Appropriation>
<Code>0121</Code>
<Name>NSF RESEARCH &amp; RELATED ACTIVIT</Name>
<APP_SYMB_ID>040100</APP_SYMB_ID>
</Appropriation>
<Fund>
<Code>01002122DB</Code>
<Name><![CDATA[NSF RESEARCH & RELATED ACTIVIT]]></Name>
<FUND_SYMB_ID>040100</FUND_SYMB_ID>
</Fund>
<FUND_OBLG>2021~700000</FUND_OBLG>
</Award>
</rootTag>
