<?xml version="1.0" encoding="UTF-8"?>
<rootTag>
<Award>
<AwardTitle>Rationality, Rationality Index, and Rational Points</AwardTitle>
<AGENCY>NSF</AGENCY>
<AwardEffectiveDate>09/01/2021</AwardEffectiveDate>
<AwardExpirationDate>08/31/2024</AwardExpirationDate>
<AwardTotalIntnAmount>307257.00</AwardTotalIntnAmount>
<AwardAmount>100734</AwardAmount>
<AwardInstrument>
<Value>Continuing Grant</Value>
</AwardInstrument>
<Organization>
<Code>03040000</Code>
<Directorate>
<Abbreviation>MPS</Abbreviation>
<LongName>Direct For Mathematical &amp; Physical Scien</LongName>
</Directorate>
<Division>
<Abbreviation>DMS</Abbreviation>
<LongName>Division Of Mathematical Sciences</LongName>
</Division>
</Organization>
<ProgramOfficer>
<SignBlockName>Andrew Pollington</SignBlockName>
<PO_EMAI>adpollin@nsf.gov</PO_EMAI>
<PO_PHON>7032924878</PO_PHON>
</ProgramOfficer>
<AbstractNarration>This research project focuses on questions within arithmetic geometry. As the name suggests, this research area sits at the interface of two fields: arithmetic (the study of whole numbers and fractions); and geometry (the study of curves, surfaces, and higher-dimensional shapes). These distinct areas are brought together through the study of solutions to polynomial equations, that is, the study of varieties. A guiding philosophy of arithmetic geometry is that "geometry controls arithmetic," in other words, that the geometric properties of a variety (those that can be studied in terms of the complex numbers) influence the arithmetic behavior of the variety. The broad goals of this project are to better understand the influence of geometry on two arithmetic properties: rationality over the ground field, and the existence of isolated points. The research involves several projects for students at both the graduate and undergraduate levels.&lt;br/&gt;&lt;br/&gt;The project concerns a systematic study of an arithmetic measure of the failure of k-rationality, focusing on geometrically rational threefolds that have a conic bundle structure or that have a fibration into high degree del Pezzo surfaces. These two types of varieties together cover a large swath of all geometrically rational threefolds. In another direction, the project aims to gather more information on isolated points on curves. The aims in this direction are twofold: 1) determine whether the Bombieri-Lang conjecture and the torsion conjecture imply that the number of isolated points on a curve is bounded depending solely on its genus, and 2) compute all isolated points on a collection of modular curves.&lt;br/&gt;&lt;br/&gt;This award reflects NSF's statutory mission and has been deemed worthy of support through evaluation using the Foundation's intellectual merit and broader impacts review criteria.</AbstractNarration>
<MinAmdLetterDate>04/13/2021</MinAmdLetterDate>
<MaxAmdLetterDate>05/21/2021</MaxAmdLetterDate>
<ARRAAmount/>
<TRAN_TYPE>Grant</TRAN_TYPE>
<CFDA_NUM>47.049</CFDA_NUM>
<NSF_PAR_USE_FLAG>1</NSF_PAR_USE_FLAG>
<FUND_AGCY_CODE>4900</FUND_AGCY_CODE>
<AWDG_AGCY_CODE>4900</AWDG_AGCY_CODE>
<AwardID>2101434</AwardID>
<Investigator>
<FirstName>Bianca</FirstName>
<LastName>Viray</LastName>
<PI_MID_INIT/>
<PI_SUFX_NAME/>
<PI_FULL_NAME>Bianca Viray</PI_FULL_NAME>
<EmailAddress>bviray@uw.edu</EmailAddress>
<PI_PHON>2065437986</PI_PHON>
<NSF_ID>000652861</NSF_ID>
<StartDate>04/13/2021</StartDate>
<EndDate/>
<RoleCode>Principal Investigator</RoleCode>
</Investigator>
<Institution>
<Name>University of Washington</Name>
<CityName>Seattle</CityName>
<ZipCode>981950001</ZipCode>
<PhoneNumber>2065434043</PhoneNumber>
<StreetAddress>4333 Brooklyn Ave NE</StreetAddress>
<StreetAddress2/>
<CountryName>United States</CountryName>
<StateName>Washington</StateName>
<StateCode>WA</StateCode>
<CONGRESSDISTRICT>07</CONGRESSDISTRICT>
<CONGRESS_DISTRICT_ORG>WA07</CONGRESS_DISTRICT_ORG>
<ORG_UEI_NUM>HD1WMN6945W6</ORG_UEI_NUM>
<ORG_LGL_BUS_NAME>UNIVERSITY OF WASHINGTON</ORG_LGL_BUS_NAME>
<ORG_PRNT_UEI_NUM>NFJ3CMQ4B418</ORG_PRNT_UEI_NUM>
</Institution>
<Performance_Institution>
<Name><![CDATA[University of Washington]]></Name>
<CityName>Seattle</CityName>
<StateCode>WA</StateCode>
<ZipCode>981950001</ZipCode>
<StreetAddress><![CDATA[4333 Brooklyn Ave NE]]></StreetAddress>
<CountryCode>US</CountryCode>
<CountryName>United States</CountryName>
<StateName>Washington</StateName>
<CountryFlag>1</CountryFlag>
<CONGRESSDISTRICT>07</CONGRESSDISTRICT>
<CONGRESS_DISTRICT_PERF>WA07</CONGRESS_DISTRICT_PERF>
</Performance_Institution>
<ProgramElement>
<Code>1264</Code>
<Text>ALGEBRA,NUMBER THEORY,AND COM</Text>
</ProgramElement>
<FUND_OBLG>2021~100734</FUND_OBLG>
</Award>
</rootTag>
