<?xml version="1.0" encoding="UTF-8"?>
<rootTag>
<Award>
<AwardTitle>Automorphic Forms, Crystallization in the Plane, and Arthur’s Unitarity Conjecture</AwardTitle>
<AGENCY>NSF</AGENCY>
<AwardEffectiveDate>07/15/2021</AwardEffectiveDate>
<AwardExpirationDate>06/30/2024</AwardExpirationDate>
<AwardTotalIntnAmount>180000.00</AwardTotalIntnAmount>
<AwardAmount>132402</AwardAmount>
<AwardInstrument>
<Value>Continuing Grant</Value>
</AwardInstrument>
<Organization>
<Code>03040000</Code>
<Directorate>
<Abbreviation>MPS</Abbreviation>
<LongName>Direct For Mathematical &amp; Physical Scien</LongName>
</Directorate>
<Division>
<Abbreviation>DMS</Abbreviation>
<LongName>Division Of Mathematical Sciences</LongName>
</Division>
</Organization>
<ProgramOfficer>
<SignBlockName>Andrew Pollington</SignBlockName>
<PO_EMAI>adpollin@nsf.gov</PO_EMAI>
<PO_PHON>7032924878</PO_PHON>
</ProgramOfficer>
<AbstractNarration>This award centers around two central mathematical problems.  The first comes from mathematical physics and discrete geometry, and is known as “Wigner crystallization” after the physicist Eugene Wigner’s landmark 1934 paper.  Here one wishes to give a rigorous proof explaining why electrons (or, more generally, certain molecules) arrange themselves in a crystalline, honeycomb-shaped grid.  This is related to the sphere packing problem (which asks to find exactly how densely space can be filled by equal-sized, non-overlapping balls), and the PI and collaborators plan to use tools from number theory to attack the problem.  The second problem is an important case of the “Unitary dual problem”, which more generally asks to determine all the possible incarnations of a symmetry group which preserve distances (known as “unitary representations”).  Conjectures of James Arthur predict exotic, special types of unitary representations, which are of special interest because they appear to be related to number theory (and also to string theory, in many cases).  The bulk of the funding from the award will support graduate students working on aspects of these problems.&lt;br/&gt;&lt;br/&gt;The proposed plan of attack for Wigner crystallization is to prove that the hexagonal lattice is universally optimal in the plane, in that it minimizes potential energy for any completely monotonic function of distance-squared.  Such a result was proven by the PI and collaborators in 8 and 24 dimensions, and is known (by work of Mircea Petrache and Sylvia Serfaty) to imply Wigner crystallization.  This will require developing more machinery from classical modular forms, which were the key ingredient in 8 and 24 dimensions, since the problem is quite different in two dimensions.  Arthur’s conjecture will also be attacked via automorphic forms, to construct realizations of Arthur representations (when possible) using Eisenstein series.  Other tools will be the unitarity algorithm which has now been implemented as part of the Atlas of Lie Groups software package, as well as important results of Adams-Barbasch-Vogan on the structure of Arthur packets.&lt;br/&gt;&lt;br/&gt;This award reflects NSF's statutory mission and has been deemed worthy of support through evaluation using the Foundation's intellectual merit and broader impacts review criteria.</AbstractNarration>
<MinAmdLetterDate>07/12/2021</MinAmdLetterDate>
<MaxAmdLetterDate>07/12/2021</MaxAmdLetterDate>
<ARRAAmount/>
<TRAN_TYPE>Grant</TRAN_TYPE>
<CFDA_NUM>47.049</CFDA_NUM>
<NSF_PAR_USE_FLAG>1</NSF_PAR_USE_FLAG>
<FUND_AGCY_CODE>4900</FUND_AGCY_CODE>
<AWDG_AGCY_CODE>4900</AWDG_AGCY_CODE>
<AwardID>2101841</AwardID>
<Investigator>
<FirstName>Stephen</FirstName>
<LastName>Miller</LastName>
<PI_MID_INIT>D</PI_MID_INIT>
<PI_SUFX_NAME/>
<PI_FULL_NAME>Stephen D Miller</PI_FULL_NAME>
<EmailAddress>sdmiller@math.rutgers.edu</EmailAddress>
<PI_PHON>7324452393</PI_PHON>
<NSF_ID>000167923</NSF_ID>
<StartDate>07/12/2021</StartDate>
<EndDate/>
<RoleCode>Principal Investigator</RoleCode>
</Investigator>
<Institution>
<Name>Rutgers University New Brunswick</Name>
<CityName>NEW BRUNSWICK</CityName>
<ZipCode>089018559</ZipCode>
<PhoneNumber>8489320150</PhoneNumber>
<StreetAddress>3 RUTGERS PLZA</StreetAddress>
<StreetAddress2/>
<CountryName>United States</CountryName>
<StateName>New Jersey</StateName>
<StateCode>NJ</StateCode>
<CONGRESSDISTRICT>06</CONGRESSDISTRICT>
<CONGRESS_DISTRICT_ORG>NJ06</CONGRESS_DISTRICT_ORG>
<ORG_UEI_NUM>M1LVPE5GLSD9</ORG_UEI_NUM>
<ORG_LGL_BUS_NAME>RUTGERS, THE STATE UNIVERSITY OF NEW JERSEY</ORG_LGL_BUS_NAME>
<ORG_PRNT_UEI_NUM>M1LVPE5GLSD9</ORG_PRNT_UEI_NUM>
</Institution>
<Performance_Institution>
<Name><![CDATA[Rutgers University New Brunswick]]></Name>
<CityName>Piscataway</CityName>
<StateCode>NJ</StateCode>
<ZipCode>088548019</ZipCode>
<StreetAddress><![CDATA[110 Frelinghuysen Road]]></StreetAddress>
<CountryCode>US</CountryCode>
<CountryName>United States</CountryName>
<StateName>New Jersey</StateName>
<CountryFlag>1</CountryFlag>
<CONGRESSDISTRICT>06</CONGRESSDISTRICT>
<CONGRESS_DISTRICT_PERF>NJ06</CONGRESS_DISTRICT_PERF>
</Performance_Institution>
<ProgramElement>
<Code>1264</Code>
<Text>ALGEBRA,NUMBER THEORY,AND COM</Text>
</ProgramElement>
<FUND_OBLG>2021~132402</FUND_OBLG>
</Award>
</rootTag>
