<?xml version="1.0" encoding="UTF-8"?>
<rootTag>
<Award>
<AwardTitle><![CDATA[Graphical and Categorical Methods in Representation Theory]]></AwardTitle>
<AGENCY>NSF</AGENCY>
<AwardEffectiveDate>07/01/2021</AwardEffectiveDate>
<AwardExpirationDate>06/30/2024</AwardExpirationDate>
<AwardTotalIntnAmount>260633.00</AwardTotalIntnAmount>
<AwardAmount>260633</AwardAmount>
<AwardInstrument>
<Value>Standard Grant</Value>
</AwardInstrument>
<Organization>
<Code>03040000</Code>
<Directorate>
<Abbreviation>MPS</Abbreviation>
<LongName>Direct For Mathematical &amp; Physical Scien</LongName>
</Directorate>
<Division>
<Abbreviation>DMS</Abbreviation>
<LongName>Division Of Mathematical Sciences</LongName>
</Division>
</Organization>
<ProgramOfficer>
<SignBlockName>James Matthew Douglass</SignBlockName>
<PO_EMAI>mdouglas@nsf.gov</PO_EMAI>
<PO_PHON>7032922467</PO_PHON>
</ProgramOfficer>
<AbstractNarration><![CDATA[This project is in the general area of representation theory, which in broad terms is the idea of understanding symmetries of some naturally occurring structure such as a crystal by studying the different ways in which those symmetries can be realized in terms of matrices. By looking for the common features shared by all such matrix realizations at once, mathematicians have discovered some higher structures that encode all possible symmetries between symmetries. These new structures, "monoidal categories," can often be realized in purely graphical terms. In the last few years, this point of view has revealed some quite unexpected connections between very different parts of mathematics and physics. One example that plays a role in this project is the so-called Heisenberg category, which arose originally in algebra from thinking about symmetries between representations of the finite symmetric groups, but which is also connected to the infinite-dimensional Heisenberg Lie algebra, which has its origins in quantum mechanics. The funding of this project will lead to new understanding of classical problems in representation theory by taking advantage of this graphical approach, with potential applications both inside and outside of mathematics, including to finite group theory, combinatorics, Lie theory, knot theory, and theoretical physics. This project provides research training opportunities for graduate students.&lt;br/&gt;&lt;br/&gt;In more detail, the project will study the representation theory of algebraic groups, quantum groups and Lie superalgebras by exploiting some remarkable new pivotal monoidal categories which are defined by generators and relations. These include various Heisenberg categories whose definition is of a graphical nature. These monoidal categories act on many of the classically important categories in representation theory, leading to a unified general framework which reveals unexpected connections between different theories. The project will focus on five specific projects: Okounkov-Vershik approach to representations of the partition category; quasi-hereditary coalgebras and blocks of Deligne categories; the rational web category and thickened Heisenberg categorification; odd Heisenberg and super Kac-Moody 2-categories; Modular shifted Yangians and flag algebras.&lt;br/&gt;&lt;br/&gt;This award reflects NSF's statutory mission and has been deemed worthy of support through evaluation using the Foundation's intellectual merit and broader impacts review criteria.]]></AbstractNarration>
<MinAmdLetterDate>04/07/2021</MinAmdLetterDate>
<MaxAmdLetterDate>05/21/2021</MaxAmdLetterDate>
<ARRAAmount/>
<TRAN_TYPE>Grant</TRAN_TYPE>
<CFDA_NUM>47.049</CFDA_NUM>
<NSF_PAR_USE_FLAG>1</NSF_PAR_USE_FLAG>
<FUND_AGCY_CODE>4900</FUND_AGCY_CODE>
<AWDG_AGCY_CODE>4900</AWDG_AGCY_CODE>
<AwardID>2101783</AwardID>
<Investigator>
<FirstName>Jonathan</FirstName>
<LastName>Brundan</LastName>
<PI_MID_INIT/>
<PI_SUFX_NAME/>
<PI_FULL_NAME>Jonathan Brundan</PI_FULL_NAME>
<EmailAddress><![CDATA[brundan@uoregon.edu]]></EmailAddress>
<NSF_ID>000436368</NSF_ID>
<StartDate>04/07/2021</StartDate>
<EndDate/>
<RoleCode>Principal Investigator</RoleCode>
</Investigator>
<Institution>
<Name>University of Oregon Eugene</Name>
<CityName>EUGENE</CityName>
<ZipCode>974031657</ZipCode>
<PhoneNumber>5413465131</PhoneNumber>
<StreetAddress>1585 E 13TH AVE</StreetAddress>
<StreetAddress2/>
<CountryName>United States</CountryName>
<StateName>Oregon</StateName>
<StateCode>OR</StateCode>
<CONGRESSDISTRICT>04</CONGRESSDISTRICT>
<CONGRESS_DISTRICT_ORG>OR04</CONGRESS_DISTRICT_ORG>
<ORG_UEI_NUM>Z3FGN9MF92U2</ORG_UEI_NUM>
<ORG_LGL_BUS_NAME>UNIVERSITY OF OREGON</ORG_LGL_BUS_NAME>
<ORG_PRNT_UEI_NUM>L17DBQFXJVJ6</ORG_PRNT_UEI_NUM>
</Institution>
<Performance_Institution>
<Name><![CDATA[University of Oregon Eugene]]></Name>
<CityName>Eugene</CityName>
<StateCode>OR</StateCode>
<ZipCode>974035219</ZipCode>
<StreetAddress><![CDATA[5219 UNIVERSITY OF OREGON]]></StreetAddress>
<CountryCode>US</CountryCode>
<CountryName>United States</CountryName>
<StateName>Oregon</StateName>
<CountryFlag>1</CountryFlag>
<CONGRESSDISTRICT>04</CONGRESSDISTRICT>
<CONGRESS_DISTRICT_PERF>OR04</CONGRESS_DISTRICT_PERF>
</Performance_Institution>
<ProgramElement>
<Code>1264</Code>
<Text>ALGEBRA,NUMBER THEORY,AND COM</Text>
</ProgramElement>
<Appropriation>
<Code>0121</Code>
<Name>NSF RESEARCH &amp; RELATED ACTIVIT</Name>
<APP_SYMB_ID>040100</APP_SYMB_ID>
</Appropriation>
<Fund>
<Code>01002122DB</Code>
<Name><![CDATA[NSF RESEARCH & RELATED ACTIVIT]]></Name>
<FUND_SYMB_ID>040100</FUND_SYMB_ID>
</Fund>
<FUND_OBLG>2021~260633</FUND_OBLG>
</Award>
</rootTag>
