<?xml version="1.0" encoding="UTF-8"?>
<rootTag>
<Award>
<AwardTitle>SBIR Phase I:  Accuracy and Performance Testing of Color Changing Chromophore for Sun Protection Indicator Stamp</AwardTitle>
<AGENCY>NSF</AGENCY>
<AwardEffectiveDate>05/01/2021</AwardEffectiveDate>
<AwardExpirationDate>02/28/2022</AwardExpirationDate>
<AwardTotalIntnAmount>255037.00</AwardTotalIntnAmount>
<AwardAmount>255037</AwardAmount>
<AwardInstrument>
<Value>Standard Grant</Value>
</AwardInstrument>
<Organization>
<Code>15030000</Code>
<Directorate>
<Abbreviation>TIP</Abbreviation>
<LongName>Dir for Tech, Innovation, &amp; Partnerships</LongName>
</Directorate>
<Division>
<Abbreviation>TI</Abbreviation>
<LongName>Translational Impacts</LongName>
</Division>
</Organization>
<ProgramOfficer>
<SignBlockName>Henry Ahn</SignBlockName>
<PO_EMAI>hahn@nsf.gov</PO_EMAI>
<PO_PHON>7032927069</PO_PHON>
</ProgramOfficer>
<AbstractNarration>The broader impact/commercial potential of this Small Business Innovation Research (SBIR) Phase I project is to address sunscreen effectiveness.  The proposed technology will enable application of sufficient sunscreen in a timely manner, thereby helping to minimize the incidence of ultraviolet-related skin damage including sunburn, age-related photodamage and skin cancer—the most commonly diagnosed cancer in the United States with an annual estimated treatment cost of $8.1 billion.  For consumer end-users, this technology will provide an affordable, convenient, and accurate sunscreen effectiveness indicator to help keep them sun-safe.  For retailers, this technology will provide an innovative means to increase sales and grow the Suncare category as a whole without any cannibalization of existing sunscreen products (highly desired by retailers).  For sunscreen manufacturers/licensees, this technology has the potential to drive sunscreen consumption and sales by as much as 2-4x, grow brand recognition and increase unit profit margins.  &lt;br/&gt;&lt;br/&gt;This Small Business Innovation Research (SBIR) Phase I project will validate the safety and accuracy of an ultraviolet/light-sensitive cosmetic dye (chromophore) intended to monitor sunscreen protection in real-time.  Sunscreen can prevent skin cancer, sunburns and photo-aging; however, users chronically underapply sunscreen and do not reapply often enough.  Though numerous attempts have been made to create indicators to measure sunscreen effectiveness, they are inaccurate, expensive and inconvenient, which accounts for their limited use and adoption by the industry and consumers.  Sunscreen Sun Protection Factor (SPF) ratings are the only global standard of protection and based on a sunscreen’s ability to protect users from sunburn.  Therefore, the first aim of this project is to determine the photoaction spectrum of the chromophore by spectrofluorometry and compare it to the Erythemal Response Curve—the relative type and intensities of ultraviolet radiation that cause sunburns.  The second aim will be to validate the chromophore will accurately change color when SPF levels drop below SPF 10-15 across a range of sunscreens of variable broadband (UVA/UVB) protection.  Finally, since the chromophore is applied directly to skin via a carrier ink, industry standard cosmetic safety tests will be conducted to ensure the chromophore is safe for skin application.&lt;br/&gt;&lt;br/&gt;This award reflects NSF's statutory mission and has been deemed worthy of support through evaluation using the Foundation's intellectual merit and broader impacts review criteria.</AbstractNarration>
<MinAmdLetterDate>04/21/2021</MinAmdLetterDate>
<MaxAmdLetterDate>01/03/2022</MaxAmdLetterDate>
<ARRAAmount/>
<TRAN_TYPE>Grant</TRAN_TYPE>
<CFDA_NUM>47.041</CFDA_NUM>
<NSF_PAR_USE_FLAG>1</NSF_PAR_USE_FLAG>
<FUND_AGCY_CODE>4900</FUND_AGCY_CODE>
<AWDG_AGCY_CODE>4900</AWDG_AGCY_CODE>
<AwardID>2101679</AwardID>
<Investigator>
<FirstName>Michael</FirstName>
<LastName>Croix</LastName>
<PI_MID_INIT/>
<PI_SUFX_NAME/>
<PI_FULL_NAME>Michael Croix</PI_FULL_NAME>
<EmailAddress>michael@sunflybrands.com</EmailAddress>
<PI_PHON>2063848268</PI_PHON>
<NSF_ID>000839438</NSF_ID>
<StartDate>04/21/2021</StartDate>
<EndDate/>
<RoleCode>Principal Investigator</RoleCode>
</Investigator>
<Institution>
<Name>SUNFLY BRANDS, INC.</Name>
<CityName>SEATTLE</CityName>
<ZipCode>981991438</ZipCode>
<PhoneNumber>2069143973</PhoneNumber>
<StreetAddress>4445 28TH AVE W</StreetAddress>
<StreetAddress2/>
<CountryName>United States</CountryName>
<StateName>Washington</StateName>
<StateCode>WA</StateCode>
<CONGRESSDISTRICT>07</CONGRESSDISTRICT>
<CONGRESS_DISTRICT_ORG>WA07</CONGRESS_DISTRICT_ORG>
<ORG_UEI_NUM>DDM5KGX5TQA5</ORG_UEI_NUM>
<ORG_LGL_BUS_NAME>SUNFLY BRANDS, INC.</ORG_LGL_BUS_NAME>
<ORG_PRNT_UEI_NUM/>
</Institution>
<Performance_Institution>
<Name><![CDATA[CoMotion Labs]]></Name>
<CityName>Seattle</CityName>
<StateCode>WA</StateCode>
<ZipCode>981950001</ZipCode>
<StreetAddress><![CDATA[4000 Mason Road]]></StreetAddress>
<CountryCode>US</CountryCode>
<CountryName>United States</CountryName>
<StateName>Washington</StateName>
<CountryFlag>1</CountryFlag>
<CONGRESSDISTRICT>07</CONGRESSDISTRICT>
<CONGRESS_DISTRICT_PERF>WA07</CONGRESS_DISTRICT_PERF>
</Performance_Institution>
<ProgramElement>
<Code>5371</Code>
<Text>SBIR Phase I</Text>
</ProgramElement>
<ProgramReference>
<Code>004E</Code>
<Text>BIOMEDICAL ENG AND DIAGNOSTICS</Text>
</ProgramReference>
<Appropriation>
<Code>0121</Code>
<Name>NSF RESEARCH &amp; RELATED ACTIVIT</Name>
<APP_SYMB_ID>040100</APP_SYMB_ID>
</Appropriation>
<Fund>
<Code>01002122DB</Code>
<Name><![CDATA[NSF RESEARCH & RELATED ACTIVIT]]></Name>
<FUND_SYMB_ID>040100</FUND_SYMB_ID>
</Fund>
<FUND_OBLG>2021~255037</FUND_OBLG>
<POR>
<DRECONTENT><![CDATA[<div class="porColContainerWBG"> <div class="porContentCol"><p>Our Phase I goals were to assess the accuracy and safety of our photoresponsive chromophore (DTE) for use as a UV-sensitive, color-changing indicator of "real-time" sunscreen effectiveness. Our protocols were designed (Aim 1) to determine DTE's photoaction spectrum (the relative effect of UV wavelength on the change in color), to demonstrate (Aim 2) the accuracy of DTE as an SPF indicator across a range of commercial sunscreens with variable UVA protection, and to further demonstrate (Aim 3) the safety of DTE for direct skin application.</p> <p>In Aim 1 we characterized DTE's photoaction spectrum and demonstrated:</p> <ul> <li>a sensitivity maximum and distribution more similar to the Erythemal Dose Rate (EDR) than its absorbance suggested,</li> <li>DTE's sensitivity throughout the UVB-UVA2 range is an almost perfect match to the most highly absorbing SPF active ingredients,</li> <li>by tracking the most effective SPF active ingredients' absorbance profiles&nbsp;allows DTE to fail in the right direction - signaling to apply more sunscreen initially and reapply earlier - if a sunscreen's SPF active ingredients do not absorb as heavily in the UVA2 range, and</li> <li>a higher relative sensitivity (compared to the EDR)&nbsp;in the UVA2&nbsp;region which allows DTE to simultaneously track the UVA2 "tails" of common broadband (UVA) active ingredients, allowing DTE to&nbsp;function simultaneously as an SPF and broadband indicator.</li> </ul> <ol> </ol> <p>In Aim 2 we qualitatively and quantitatively validated our Aim 1 assumptions and demonstrated DTE's Trigger Point (visible color change from colorless to colored) was&nbsp;<span style="text-decoration: underline;">&gt;</span>&nbsp;SPF 15 across six commercial sunscreens with variable broadband (UVA) protection. Importantly, this suggests that DTE can maintain a set Trigger Point (and slightly fail in the right direction of overapplication) regardless of the variability in the SPF and broadband active ingredients seen across sunscreens.</p> <p>In Aim 3 we further demonstrated DTE's safety by validating in vitro it is neither mutagenetic (via OECD 471) nor a skin sensitizer (via OECD 442C and 442D).</p> <p>Skin cancer is more commonly diagnosed in the U.S. than all other forms of cancer combined, and skin cancer rates are on the rise.&nbsp;&nbsp;Sunscreen is an over-the-counter drug that can prevent up to 93% of skin cancers, yet multiple studies show users only apply about 1/3 of the amount they should, and they do not reapply often enough.&nbsp;&nbsp;Furthermore, 100% of sunburns (a primary risk factor for melanoma) and up to 90% of the age-related changes to skin are also caused by UV exposure and can be prevented by the proper use and reapplication of sunscreen.&nbsp;</p> <p>The outputs of these Phase I studies further demonstrate DTE's suitability as a safe and accurate photochromic indicator of sunscreen effectiveness that can be applied directly to a user's skin and enabling them to apply and reapply the right "dose" of sunscreen, at-a-glance, in real-time and based on any use conditions. &nbsp;</p><br> <p>            Last Modified: 03/14/2022<br>      Modified by: Michael&nbsp;Croix</p> </div> <div class="porSideCol"> <div class="each-gallery"> <div class="galContent" id="gallery0"> <div class="photoCount" id="photoCount0">          Image         </div> <div class="galControls onePhoto" id="controls0"></div> <div class="galSlideshow" id="slideshow0"></div> <div class="galEmbox" id="embox"> <div class="image-title"></div> </div> </div> <div class="galNavigation onePhoto" id="navigation0"> <ul class="thumbs" id="thumbs0"> <li> <a href="/por/images/Reports/POR/2022/2101679/2101679_10729083_1645833932041_SunFlyLogo--rgov-214x142.jpg" original="/por/images/Reports/POR/2022/2101679/2101679_10729083_1645833932041_SunFlyLogo--rgov-800width.jpg" title="SunFly Brands, Inc."><img src="/por/images/Reports/POR/2022/2101679/2101679_10729083_1645833932041_SunFlyLogo--rgov-66x44.jpg" alt="SunFly Brands, Inc."></a> <div class="imageCaptionContainer"> <div class="imageCaption">SunFly Brands, Inc.</div> <div class="imageCredit">SunFly Brands, Inc.</div> <div class="imageSubmitted">Michael&nbsp;Croix</div> <div class="imageTitle">SunFly Brands, Inc.</div> </div> </li> </ul> </div> </div> </div> </div>]]></DRECONTENT>
<POR_COPY_TXT><![CDATA[ Our Phase I goals were to assess the accuracy and safety of our photoresponsive chromophore (DTE) for use as a UV-sensitive, color-changing indicator of "real-time" sunscreen effectiveness. Our protocols were designed (Aim 1) to determine DTE's photoaction spectrum (the relative effect of UV wavelength on the change in color), to demonstrate (Aim 2) the accuracy of DTE as an SPF indicator across a range of commercial sunscreens with variable UVA protection, and to further demonstrate (Aim 3) the safety of DTE for direct skin application.  In Aim 1 we characterized DTE's photoaction spectrum and demonstrated:  a sensitivity maximum and distribution more similar to the Erythemal Dose Rate (EDR) than its absorbance suggested, DTE's sensitivity throughout the UVB-UVA2 range is an almost perfect match to the most highly absorbing SPF active ingredients, by tracking the most effective SPF active ingredients' absorbance profiles allows DTE to fail in the right direction - signaling to apply more sunscreen initially and reapply earlier - if a sunscreen's SPF active ingredients do not absorb as heavily in the UVA2 range, and a higher relative sensitivity (compared to the EDR) in the UVA2 region which allows DTE to simultaneously track the UVA2 "tails" of common broadband (UVA) active ingredients, allowing DTE to function simultaneously as an SPF and broadband indicator.     In Aim 2 we qualitatively and quantitatively validated our Aim 1 assumptions and demonstrated DTE's Trigger Point (visible color change from colorless to colored) was &gt; SPF 15 across six commercial sunscreens with variable broadband (UVA) protection. Importantly, this suggests that DTE can maintain a set Trigger Point (and slightly fail in the right direction of overapplication) regardless of the variability in the SPF and broadband active ingredients seen across sunscreens.  In Aim 3 we further demonstrated DTE's safety by validating in vitro it is neither mutagenetic (via OECD 471) nor a skin sensitizer (via OECD 442C and 442D).  Skin cancer is more commonly diagnosed in the U.S. than all other forms of cancer combined, and skin cancer rates are on the rise.  Sunscreen is an over-the-counter drug that can prevent up to 93% of skin cancers, yet multiple studies show users only apply about 1/3 of the amount they should, and they do not reapply often enough.  Furthermore, 100% of sunburns (a primary risk factor for melanoma) and up to 90% of the age-related changes to skin are also caused by UV exposure and can be prevented by the proper use and reapplication of sunscreen.   The outputs of these Phase I studies further demonstrate DTE's suitability as a safe and accurate photochromic indicator of sunscreen effectiveness that can be applied directly to a user's skin and enabling them to apply and reapply the right "dose" of sunscreen, at-a-glance, in real-time and based on any use conditions.         Last Modified: 03/14/2022       Submitted by: Michael Croix]]></POR_COPY_TXT>
</POR>
</Award>
</rootTag>
