<?xml version="1.0" encoding="UTF-8"?>
<rootTag>
<Award>
<AwardTitle><![CDATA[SaTC: CORE: Small: Expanding the Frontiers of Isogeny-Based Cryptography]]></AwardTitle>
<AGENCY>NSF</AGENCY>
<AwardEffectiveDate>07/15/2021</AwardEffectiveDate>
<AwardExpirationDate>06/30/2024</AwardExpirationDate>
<AwardTotalIntnAmount>412940.00</AwardTotalIntnAmount>
<AwardAmount>428940</AwardAmount>
<AwardInstrument>
<Value>Standard Grant</Value>
</AwardInstrument>
<Organization>
<Code>05050000</Code>
<Directorate>
<Abbreviation>CSE</Abbreviation>
<LongName>Direct For Computer &amp; Info Scie &amp; Enginr</LongName>
</Directorate>
<Division>
<Abbreviation>CNS</Abbreviation>
<LongName>Division Of Computer and Network Systems</LongName>
</Division>
</Organization>
<ProgramOfficer>
<SignBlockName>Phillip Regalia</SignBlockName>
<PO_EMAI>pregalia@nsf.gov</PO_EMAI>
<PO_PHON>7032922981</PO_PHON>
</ProgramOfficer>
<AbstractNarration><![CDATA[According to our current understanding of the laws of quantum mechanics, computers based on quantum phenomena offer the possibility of solving certain problems much quicker than any classical computer. Included among these problems are the majority of mathematical problems that form a basis for almost all currently deployed public-key cryptosystems. Current public-key cryptographic technologies are all known to be highly vulnerable to attacks by large-scale quantum computers. Although such quantum computers have not yet been built, substantial progress has been made in recent years. It is widely accepted that it is prudent to plan ahead for future needs, as adoption of new cryptosystem deployment takes several years to align networks, industry, and the general public. This project aims to develop frontiers of quantum-safe cryptography systems to address the need of forward secrecy in the quantum age. The project’s novelties include design, and development of protocols and algorithms based on elliptic curve and isogenies (maps) between them. The project’s impact is on the standardization of such cryptosystems in first place as well as directions and insights on the implementations and deployments afterwards.  &lt;br/&gt; &lt;br/&gt;This project focuses mainly on efficient development of isogeny-based cryptography system as it is one of the candidates for National Institute of Standards and Technologies (NIST) post-quantum cryptography standardization process offering smallest public key sizes in comparison to the counterparts. This and other unique characteristic of isogeny-based cryptography make it suitable for certain applications such as embedded devices. The investigator will focus on efficient development and implementations of supersingular isogeny-based key encapsulation (SIKE), isogeny-based signatures, group key exchange mechanisms, and their integration into real-world applications. This research provides impact and influence on the design and security analysis of the next generation post-quantum cryptosystems which is the main focus on cryptography community these days.  The investigator’s ultimate objective is to establish isogeny-based cryptography as a mainstream option for post-quantum cryptography and get standardized through NIST and other standardization organizations.&lt;br/&gt;&lt;br/&gt;This award reflects NSF's statutory mission and has been deemed worthy of support through evaluation using the Foundation's intellectual merit and broader impacts review criteria.]]></AbstractNarration>
<MinAmdLetterDate>07/07/2021</MinAmdLetterDate>
<MaxAmdLetterDate>03/08/2022</MaxAmdLetterDate>
<ARRAAmount/>
<TRAN_TYPE>Grant</TRAN_TYPE>
<CFDA_NUM>47.070</CFDA_NUM>
<NSF_PAR_USE_FLAG>1</NSF_PAR_USE_FLAG>
<FUND_AGCY_CODE>4900</FUND_AGCY_CODE>
<AWDG_AGCY_CODE>4900</AWDG_AGCY_CODE>
<AwardID>2101085</AwardID>
<Investigator>
<FirstName>Reza</FirstName>
<LastName>Azarderakhsh</LastName>
<PI_MID_INIT/>
<PI_SUFX_NAME/>
<PI_FULL_NAME>Reza Azarderakhsh</PI_FULL_NAME>
<EmailAddress><![CDATA[razarderakhsh@fau.edu]]></EmailAddress>
<NSF_ID>000664016</NSF_ID>
<StartDate>07/07/2021</StartDate>
<EndDate/>
<RoleCode>Principal Investigator</RoleCode>
</Investigator>
<Institution>
<Name>Florida Atlantic University</Name>
<CityName>BOCA RATON</CityName>
<ZipCode>334316424</ZipCode>
<PhoneNumber>5612970777</PhoneNumber>
<StreetAddress>777 GLADES RD</StreetAddress>
<StreetAddress2/>
<CountryName>United States</CountryName>
<StateName>Florida</StateName>
<StateCode>FL</StateCode>
<CONGRESSDISTRICT>22</CONGRESSDISTRICT>
<CONGRESS_DISTRICT_ORG>FL22</CONGRESS_DISTRICT_ORG>
<ORG_UEI_NUM>Q266L2NDAVP1</ORG_UEI_NUM>
<ORG_LGL_BUS_NAME>FLORIDA ATLANTIC UNIVERSITY</ORG_LGL_BUS_NAME>
<ORG_PRNT_UEI_NUM>D4GCCCMXR1H3</ORG_PRNT_UEI_NUM>
</Institution>
<Performance_Institution>
<Name><![CDATA[Florida Atlantic University]]></Name>
<CityName>BOCA RATON</CityName>
<StateCode>FL</StateCode>
<ZipCode>334316496</ZipCode>
<StreetAddress><![CDATA[777 Glades Rd,, ee314]]></StreetAddress>
<CountryCode>US</CountryCode>
<CountryName>United States</CountryName>
<StateName>Florida</StateName>
<CountryFlag>1</CountryFlag>
<CONGRESSDISTRICT>22</CONGRESSDISTRICT>
<CONGRESS_DISTRICT_PERF>FL22</CONGRESS_DISTRICT_PERF>
</Performance_Institution>
<ProgramElement>
<Code>1714</Code>
<Text>Special Projects - CNS</Text>
</ProgramElement>
<ProgramElement>
<Code>8060</Code>
<Text>Secure &amp;Trustworthy Cyberspace</Text>
</ProgramElement>
<ProgramReference>
<Code>025Z</Code>
<Text>SaTC: Secure and Trustworthy Cyberspace</Text>
</ProgramReference>
<ProgramReference>
<Code>7923</Code>
<Text>SMALL PROJECT</Text>
</ProgramReference>
<ProgramReference>
<Code>9178</Code>
<Text>UNDERGRADUATE EDUCATION</Text>
</ProgramReference>
<ProgramReference>
<Code>9251</Code>
<Text>REU SUPP-Res Exp for Ugrd Supp</Text>
</ProgramReference>
<Appropriation>
<Code>0121</Code>
<Name>NSF RESEARCH &amp; RELATED ACTIVIT</Name>
<APP_SYMB_ID>040100</APP_SYMB_ID>
</Appropriation>
<Fund>
<Code>01002122DB</Code>
<Name><![CDATA[NSF RESEARCH & RELATED ACTIVIT]]></Name>
<FUND_SYMB_ID>040100</FUND_SYMB_ID>
</Fund>
<FUND_OBLG>2021~412940</FUND_OBLG>
<FUND_OBLG>2022~16000</FUND_OBLG>
</Award>
</rootTag>
