<?xml version="1.0" encoding="UTF-8"?>
<rootTag>
<Award>
<AwardTitle>Arveson-Douglas Conjecture and Its Applications</AwardTitle>
<AGENCY>NSF</AGENCY>
<AwardEffectiveDate>08/16/2020</AwardEffectiveDate>
<AwardExpirationDate>04/30/2022</AwardExpirationDate>
<AwardTotalIntnAmount>65476.00</AwardTotalIntnAmount>
<AwardAmount>65476</AwardAmount>
<AwardInstrument>
<Value>Continuing Grant</Value>
</AwardInstrument>
<Organization>
<Code>03040000</Code>
<Directorate>
<Abbreviation>MPS</Abbreviation>
<LongName>Direct For Mathematical &amp; Physical Scien</LongName>
</Directorate>
<Division>
<Abbreviation>DMS</Abbreviation>
<LongName>Division Of Mathematical Sciences</LongName>
</Division>
</Organization>
<ProgramOfficer>
<SignBlockName>Marian Bocea</SignBlockName>
<PO_EMAI>mbocea@nsf.gov</PO_EMAI>
<PO_PHON>7032922595</PO_PHON>
</ProgramOfficer>
<AbstractNarration>This project focuses on an area of research called the Arveson-Douglas Conjecture, which belongs to the general field of operator theory. It embodies many challenges and new, exciting mathematics. The conjecture was originally made around 2000, and a large body of literature has been accumulated on the subject while many unsolved problems remain. It has connections with and applications to many other parts of mathematics; for example, it is connected to index theory, which attracts the attention of many researchers from various fields.  Another connection is to the holomorphic extension problem in several complex variables, another important branch of mathematical analysis.   The extension problem itself goes back to the 1970s, and recent progress on the Arveson-Douglas Conjecture sheds new light on this old problem.  An important part of any research in mathematics is the search for new tools and methods, and the principal investigator will take concrete steps toward that goal.&lt;br/&gt; &lt;br/&gt;On the technical side, the Arveson-Douglas Conjecture makes strong connections with geometry and several complex variables. The concrete steps in this research include: the study of a recently defined property - the asymptotic stable division property - for submodules; a generalized version of the holomorphic extension problem; identifying index elements and index formulas on modules; extending known results to strongly pseudoconvex domains. The research is aimed at building machinery that allows one to treat global properties of complex analytic sets, especially algebraic sets, through local analysis. New techniques involving tools from operator theory, harmonic analysis, several complex variables and topology will be developed to treat these problems. The principal investigator will also study Toeplitz operators and Toeplitz algebra on strongly pseudoconvex domains.&lt;br/&gt;&lt;br/&gt;This award reflects NSF's statutory mission and has been deemed worthy of support through evaluation using the Foundation's intellectual merit and broader impacts review criteria.</AbstractNarration>
<MinAmdLetterDate>10/19/2020</MinAmdLetterDate>
<MaxAmdLetterDate>04/19/2021</MaxAmdLetterDate>
<ARRAAmount/>
<TRAN_TYPE>Grant</TRAN_TYPE>
<CFDA_NUM>47.049</CFDA_NUM>
<NSF_PAR_USE_FLAG>1</NSF_PAR_USE_FLAG>
<FUND_AGCY_CODE>4900</FUND_AGCY_CODE>
<AWDG_AGCY_CODE>4900</AWDG_AGCY_CODE>
<AwardID>2101370</AwardID>
<Investigator>
<FirstName>Yi</FirstName>
<LastName>Wang</LastName>
<PI_MID_INIT/>
<PI_SUFX_NAME/>
<PI_FULL_NAME>Yi Wang</PI_FULL_NAME>
<EmailAddress>yiwangfdu@gmail.com</EmailAddress>
<PI_PHON>9795715756</PI_PHON>
<NSF_ID>000785992</NSF_ID>
<StartDate>10/19/2020</StartDate>
<EndDate/>
<RoleCode>Principal Investigator</RoleCode>
</Investigator>
<Institution>
<Name>Vanderbilt University</Name>
<CityName>NASHVILLE</CityName>
<ZipCode>372032408</ZipCode>
<PhoneNumber>6153222631</PhoneNumber>
<StreetAddress>110 21ST AVENUE S STE 800</StreetAddress>
<StreetAddress2/>
<CountryName>United States</CountryName>
<StateName>Tennessee</StateName>
<StateCode>TN</StateCode>
<CONGRESSDISTRICT>05</CONGRESSDISTRICT>
<CONGRESS_DISTRICT_ORG>TN05</CONGRESS_DISTRICT_ORG>
<ORG_UEI_NUM>GTNBNWXJ12D5</ORG_UEI_NUM>
<ORG_LGL_BUS_NAME>VANDERBILT UNIVERSITY, THE</ORG_LGL_BUS_NAME>
<ORG_PRNT_UEI_NUM>DWH7MSXKA2A8</ORG_PRNT_UEI_NUM>
</Institution>
<Performance_Institution>
<Name><![CDATA[Vanderbilt University]]></Name>
<CityName/>
<StateCode>TN</StateCode>
<ZipCode>372350002</ZipCode>
<StreetAddress/>
<CountryCode>US</CountryCode>
<CountryName>United States</CountryName>
<StateName>Tennessee</StateName>
<CountryFlag>1</CountryFlag>
<CONGRESSDISTRICT>05</CONGRESSDISTRICT>
<CONGRESS_DISTRICT_PERF>TN05</CONGRESS_DISTRICT_PERF>
</Performance_Institution>
<ProgramElement>
<Code>1281</Code>
<Text>ANALYSIS PROGRAM</Text>
</ProgramElement>
<Appropriation>
<Code>0119</Code>
<Name>NSF RESEARCH &amp; RELATED ACTIVIT</Name>
<APP_SYMB_ID>040100</APP_SYMB_ID>
</Appropriation>
<Appropriation>
<Code>0120</Code>
<Name>NSF RESEARCH &amp; RELATED ACTIVIT</Name>
<APP_SYMB_ID>040100</APP_SYMB_ID>
</Appropriation>
<Appropriation>
<Code>0121</Code>
<Name>NSF RESEARCH &amp; RELATED ACTIVIT</Name>
<APP_SYMB_ID>040100</APP_SYMB_ID>
</Appropriation>
<Fund>
<Code>01001920DB</Code>
<Name><![CDATA[NSF RESEARCH & RELATED ACTIVIT]]></Name>
<FUND_SYMB_ID>040100</FUND_SYMB_ID>
</Fund>
<Fund>
<Code>01002021DB</Code>
<Name><![CDATA[NSF RESEARCH & RELATED ACTIVIT]]></Name>
<FUND_SYMB_ID>040100</FUND_SYMB_ID>
</Fund>
<Fund>
<Code>01002122DB</Code>
<Name><![CDATA[NSF RESEARCH & RELATED ACTIVIT]]></Name>
<FUND_SYMB_ID>040100</FUND_SYMB_ID>
</Fund>
<FUND_OBLG>2019~684</FUND_OBLG>
<FUND_OBLG>2020~32122</FUND_OBLG>
<FUND_OBLG>2021~32670</FUND_OBLG>
<POR>
<DRECONTENT><![CDATA[<div class="porColContainerWBG"> <div class="porContentCol"><p>The goal of this project is to study and obtain results on the Arveson-Douglas essential normality conjecture and related problems. These problems fall in the general area of functional analysis in pure mathematics. A long-lasting theme in mathematical research is to get criterions on whether two objects are, when viewed from a certain aspect, essentially the same. A classical way of achieving that is by comparing certain invariants associated to those objects. Therefore, knowing that certain invariants are well-defined, and being able to compute them are important in mathematical research.</p> <p>The Arveson-Douglas conjecture claims that certain invariants can be defined, via the method of extension, for some mathematical object called quotient Hilbert modules. The quotient Hilbert modules are associated with multi-variable operator theory, several complex variables and complex geometry. Once the conjecture is established, one is able to define the so-called K-homology element associated to the quotient Hilbert module. It is believed that a further study of this invariant will build&nbsp; connections among the areas mentioned above.</p> <p>During the time period of this project, several interesting results are obtained. First, we obtained positive results on the AD conjecture for some quotient modules. Two types of quotient modules were heavily studied. One type is associated with principal submodules - submodules generated by only one function. The other type involves relatively smooth zero varieties. Second, a new type of invariant, called the Helton-Howe trace was studied in depth. The Helton-Howe trace formula is an elegent formula that connects operator theory with geometry. It was known to hold for the Hardy and Bergman space on the unit ball. In this project we obtained results on some Helton-Howe traces for their submodules and quotient modules. We also showed that the trace formula is stable under certain quantization. Finally, we extended our research from the unit ball to more general types of domains. In particular, results on bounded strongly pseudoconvex domains with smooth boundary were obtained.&nbsp;</p> <p>The results mentioned above were included in 8 research papers, of which 6 were already published in peer reviewed mathematical journals.</p><br> <p>            Last Modified: 05/13/2022<br>      Modified by: Yi&nbsp;Wang</p> </div> <div class="porSideCol"></div> </div>]]></DRECONTENT>
<POR_COPY_TXT><![CDATA[ The goal of this project is to study and obtain results on the Arveson-Douglas essential normality conjecture and related problems. These problems fall in the general area of functional analysis in pure mathematics. A long-lasting theme in mathematical research is to get criterions on whether two objects are, when viewed from a certain aspect, essentially the same. A classical way of achieving that is by comparing certain invariants associated to those objects. Therefore, knowing that certain invariants are well-defined, and being able to compute them are important in mathematical research.  The Arveson-Douglas conjecture claims that certain invariants can be defined, via the method of extension, for some mathematical object called quotient Hilbert modules. The quotient Hilbert modules are associated with multi-variable operator theory, several complex variables and complex geometry. Once the conjecture is established, one is able to define the so-called K-homology element associated to the quotient Hilbert module. It is believed that a further study of this invariant will build  connections among the areas mentioned above.  During the time period of this project, several interesting results are obtained. First, we obtained positive results on the AD conjecture for some quotient modules. Two types of quotient modules were heavily studied. One type is associated with principal submodules - submodules generated by only one function. The other type involves relatively smooth zero varieties. Second, a new type of invariant, called the Helton-Howe trace was studied in depth. The Helton-Howe trace formula is an elegent formula that connects operator theory with geometry. It was known to hold for the Hardy and Bergman space on the unit ball. In this project we obtained results on some Helton-Howe traces for their submodules and quotient modules. We also showed that the trace formula is stable under certain quantization. Finally, we extended our research from the unit ball to more general types of domains. In particular, results on bounded strongly pseudoconvex domains with smooth boundary were obtained.   The results mentioned above were included in 8 research papers, of which 6 were already published in peer reviewed mathematical journals.       Last Modified: 05/13/2022       Submitted by: Yi Wang]]></POR_COPY_TXT>
</POR>
</Award>
</rootTag>
