<?xml version="1.0" encoding="UTF-8"?>
<rootTag>
<Award>
<AwardTitle>Methods to Mitigate Dopant-Induced Disorder in Organic Electronic Materials</AwardTitle>
<AGENCY>NSF</AGENCY>
<AwardEffectiveDate>01/01/2022</AwardEffectiveDate>
<AwardExpirationDate>12/31/2024</AwardExpirationDate>
<AwardTotalIntnAmount>530996.00</AwardTotalIntnAmount>
<AwardAmount>170697</AwardAmount>
<AwardInstrument>
<Value>Continuing Grant</Value>
</AwardInstrument>
<Organization>
<Code>03070000</Code>
<Directorate>
<Abbreviation>MPS</Abbreviation>
<LongName>Direct For Mathematical &amp; Physical Scien</LongName>
</Directorate>
<Division>
<Abbreviation>DMR</Abbreviation>
<LongName>Division Of Materials Research</LongName>
</Division>
</Organization>
<ProgramOfficer>
<SignBlockName>Paul Lane</SignBlockName>
<PO_EMAI>plane@nsf.gov</PO_EMAI>
<PO_PHON>7032922453</PO_PHON>
</ProgramOfficer>
<AbstractNarration>NONTECHNICAL SUMMARY&lt;br/&gt;&lt;br/&gt;Organic semiconductors are promising materials for low cost, flexible electronics. Their electrical conductivity can be increased by adding positive or negative charges, a process known as molecular doping. However, the attraction between the opposite charges in organic semiconductors is stronger than in conventional semiconductors such as silicon. This can limit charge transport and reduce device performance. The goal of this project is to identify the physical properties that can weaken the attraction between the opposite charges. The PIs will combine experiments with simulation to understand which experimental parameters impact charge transport. These studies are important steps for realizing efficient and low-cost organic electronics such as solar cells, light-emitting diodes, transistors, and sensors. This work will train students at the frontiers of interdisciplinary and convergent materials research that combines experiments with computation. K-12 and undergraduate students will be introduced to materials science and the PIs will create on-line educational modules to teach numerical simulation to students.&lt;br/&gt;&lt;br/&gt;TECHNICAL SUMMARY&lt;br/&gt;&lt;br/&gt;Doping is required to raise the conductivity of organic semiconductors. However, doping adversely impacts charge transport through Coulomb interactions between charge carriers and ionized dopants, which are poorly screened by the low dielectric constants of organic materials. The goal of this project is to determine the influence of properties such as dielectric screening, ion-macromolecular interaction, and dopant distribution on the dopant-induced energetic disorder in a wide range of conjugated polymers without the need for additional synthetic modification. These studies test the hypothesis that the dopant-induced energetic disorder can be reduced by decreasing the Coulomb interaction between the dopant and the polymer. The investigators will measure two complementary charge transport parameters, the Seebeck coefficient and electrical conductivity, over a broad range of carrier concentrations and develop phonon-assisted hopping model to generate maps of the electronic density of states. This combined experimental-computation approach allows the investigators to extract carrier mobility and correlate dopant-induced energetic disorder with charge transport. The investigators combine space-charge limited current and Mott-Schottky measurements data with conductivity to validate the calculated mobility. These studies represent a significant and transformative step forward in the physical explanation of charge transport in doped conjugated polymers and providing structural design criteria to improve their performance. The investigators are training and mentoring a diverse next generation of chemists and materials scientists, performing outreach activities to introduce materials science to students across levels, and disseminating the hopping transport simulation tool on-line.&lt;br/&gt;&lt;br/&gt;This award reflects NSF's statutory mission and has been deemed worthy of support through evaluation using the Foundation's intellectual merit and broader impacts review criteria.</AbstractNarration>
<MinAmdLetterDate>11/15/2021</MinAmdLetterDate>
<MaxAmdLetterDate>03/07/2022</MaxAmdLetterDate>
<ARRAAmount/>
<TRAN_TYPE>Grant</TRAN_TYPE>
<CFDA_NUM>47.049</CFDA_NUM>
<NSF_PAR_USE_FLAG>1</NSF_PAR_USE_FLAG>
<FUND_AGCY_CODE>4900</FUND_AGCY_CODE>
<AWDG_AGCY_CODE>4900</AWDG_AGCY_CODE>
<AwardID>2101127</AwardID>
<Investigator>
<FirstName>Dhandapani</FirstName>
<LastName>Venkataraman</LastName>
<PI_MID_INIT/>
<PI_SUFX_NAME/>
<PI_FULL_NAME>Dhandapani Venkataraman</PI_FULL_NAME>
<EmailAddress>dv@chem.umass.edu</EmailAddress>
<PI_PHON>4135452028</PI_PHON>
<NSF_ID>000320134</NSF_ID>
<StartDate>11/15/2021</StartDate>
<EndDate/>
<RoleCode>Principal Investigator</RoleCode>
</Investigator>
<Investigator>
<FirstName>Zlatan</FirstName>
<LastName>Aksamija</LastName>
<PI_MID_INIT/>
<PI_SUFX_NAME/>
<PI_FULL_NAME>Zlatan Aksamija</PI_FULL_NAME>
<EmailAddress>zlatan.aksamija@utah.edu</EmailAddress>
<PI_PHON>7732346798</PI_PHON>
<NSF_ID>000563116</NSF_ID>
<StartDate>11/15/2021</StartDate>
<EndDate/>
<RoleCode>Co-Principal Investigator</RoleCode>
</Investigator>
<Institution>
<Name>University of Massachusetts Amherst</Name>
<CityName>AMHERST</CityName>
<ZipCode>01003</ZipCode>
<PhoneNumber>4135450698</PhoneNumber>
<StreetAddress>COMMONWEALTH AVE</StreetAddress>
<StreetAddress2/>
<CountryName>United States</CountryName>
<StateName>Massachusetts</StateName>
<StateCode>MA</StateCode>
<CONGRESSDISTRICT>01</CONGRESSDISTRICT>
<CONGRESS_DISTRICT_ORG>MA01</CONGRESS_DISTRICT_ORG>
<ORG_UEI_NUM>VGJHK59NMPK9</ORG_UEI_NUM>
<ORG_LGL_BUS_NAME>UNIVERSITY OF MASSACHUSETTS</ORG_LGL_BUS_NAME>
<ORG_PRNT_UEI_NUM>MLBQUML9JJT6</ORG_PRNT_UEI_NUM>
</Institution>
<Performance_Institution>
<Name><![CDATA[University of Massachusetts Amherst]]></Name>
<CityName>Amherst</CityName>
<StateCode>MA</StateCode>
<ZipCode>010022385</ZipCode>
<StreetAddress><![CDATA[101 University Drive, Suite B6]]></StreetAddress>
<CountryCode>US</CountryCode>
<CountryName>United States</CountryName>
<StateName>Massachusetts</StateName>
<CountryFlag>1</CountryFlag>
<CONGRESSDISTRICT>02</CONGRESSDISTRICT>
<CONGRESS_DISTRICT_PERF>MA02</CONGRESS_DISTRICT_PERF>
</Performance_Institution>
<ProgramElement>
<Code>1775</Code>
<Text>ELECTRONIC/PHOTONIC MATERIALS</Text>
</ProgramElement>
<ProgramReference>
<Code>094Z</Code>
<Text>Materials Data</Text>
</ProgramReference>
<ProgramReference>
<Code>106Z</Code>
<Text>Semiconductors and Microelectronics</Text>
</ProgramReference>
<ProgramReference>
<Code>7237</Code>
<Text>NANO NON-SOLIC SCI &amp; ENG AWD</Text>
</ProgramReference>
<ProgramReference>
<Code>8396</Code>
<Text>Clean Energy Technology</Text>
</ProgramReference>
<ProgramReference>
<Code>8611</Code>
<Text>Energy Efficiency and End Use</Text>
</ProgramReference>
<ProgramReference>
<Code>8614</Code>
<Text>Nanomaterials</Text>
</ProgramReference>
<ProgramReference>
<Code>8990</Code>
<Text>Optics and Photonics</Text>
</ProgramReference>
<FUND_OBLG>2022~170697</FUND_OBLG>
</Award>
</rootTag>
