<?xml version="1.0" encoding="UTF-8"?>
<rootTag>
<Award>
<AwardTitle><![CDATA[Mapping, Clarifying, and Communicating Key Ideas about Collaborative Learning]]></AwardTitle>
<AGENCY>NSF</AGENCY>
<AwardEffectiveDate>06/01/2021</AwardEffectiveDate>
<AwardExpirationDate>05/31/2024</AwardExpirationDate>
<AwardTotalIntnAmount>599976.00</AwardTotalIntnAmount>
<AwardAmount>599976</AwardAmount>
<AwardInstrument>
<Value>Standard Grant</Value>
</AwardInstrument>
<Organization>
<Code>11090000</Code>
<Directorate>
<Abbreviation>EHR</Abbreviation>
<LongName>Direct For Education and Human Resources</LongName>
</Directorate>
<Division>
<Abbreviation>DRL</Abbreviation>
<LongName>Division Of Research On Learning</LongName>
</Division>
</Organization>
<ProgramOfficer>
<SignBlockName>Wu He</SignBlockName>
<PO_EMAI>wuhe@nsf.gov</PO_EMAI>
<PO_PHON>7032927593</PO_PHON>
</ProgramOfficer>
<AbstractNarration><![CDATA[This project will synthesize research on computer-supported collaborative learning (CSCL). Collaborative learning occurs often in preK-12 STEM teaching--yet most teachers are unaware of research findings on how to organize collaboration among students to increase learning. These research findings can support key STEM teaching practices such as argumentation, project-based learning, peer instruction, equitable participation, and inquiry-based learning. The science of CSCL achieved advances in the past decade, including producing a research handbook--however, practitioners do not have easy access to research journals, nor time to sift through the latest findings to guide their practice. Further, conventional forms of research synthesis, such as research handbooks or long synthesis papers, serve narrow audiences and are rarely read by practitioners. Digital Promise, a nonprofit organization that connects researchers, educators, and developers—with a team of external researcher and practitioner advisors and partner organizations—will investigate and develop a novel synthesis approach to provide educators and researchers with a novel form of synthesis organized around an interactive map of topics and subtopics. By working with national practitioner organizations, the project will achieve broad and deep dissemination. &lt;br/&gt;    &lt;br/&gt;To develop the synthesis, a multidisciplinary team of both researchers and educators will use a visual, interactive bibliometric approach to understand the research literature landscape. Key novel elements of the innovative synthesis approach are: (1) involving practitioners and researchers in each stage of the work—mapping, clarifying, and communicating; (2) using visual maps as a tool for organizing and navigating interconnected ideas; (3) involving both expert review and bibliometric techniques to identify topics and connections for the map; (4) using a qualitative process inspired by the Delphi method to iteratively develop a consensus map that both respects the scientific literature and addresses practitioners’ needs; (5) writing a short, concise primer for each topic within the map, to enable multiple entry points, accessibility, greater reader-navigability, and easier readability; and (6) during dissemination, involving multiple practitioner organizations and approaches for learning which dissemination channels and methods achieve broad and deep reach. The project will establish a new mode of synthesis that, if successful, could be applied to other high-interest topic areas, yielding additional research maps and concept primers to serve the needs of STEM researchers and practitioners. Finally, this process will also strengthen the large field of research that studies CSCL by increasing awareness of the gaps in knowledge between what researchers have established and what practitioners want to know. &lt;br/&gt;&lt;br/&gt;The Discovery Research preK-12 program (DRK-12) seeks to significantly enhance the learning and teaching of science, technology, engineering and mathematics (STEM) by preK-12 students and teachers, through research and development of innovative resources, models and tools. Projects in the DRK-12 program build on fundamental research in STEM education and prior research and development efforts that provide theoretical and empirical justification for proposed projects.&lt;br/&gt;&lt;br/&gt;This award reflects NSF's statutory mission and has been deemed worthy of support through evaluation using the Foundation's intellectual merit and broader impacts review criteria.]]></AbstractNarration>
<MinAmdLetterDate>05/26/2021</MinAmdLetterDate>
<MaxAmdLetterDate>01/24/2022</MaxAmdLetterDate>
<ARRAAmount/>
<TRAN_TYPE>Grant</TRAN_TYPE>
<CFDA_NUM>47.076</CFDA_NUM>
<NSF_PAR_USE_FLAG>1</NSF_PAR_USE_FLAG>
<FUND_AGCY_CODE>4900</FUND_AGCY_CODE>
<AWDG_AGCY_CODE>4900</AWDG_AGCY_CODE>
<AwardID>2101341</AwardID>
<Investigator>
<FirstName>Jeremy</FirstName>
<LastName>Roschelle</LastName>
<PI_MID_INIT/>
<PI_SUFX_NAME/>
<PI_FULL_NAME>Jeremy Roschelle</PI_FULL_NAME>
<EmailAddress><![CDATA[jroschelle@digitalpromise.org]]></EmailAddress>
<NSF_ID>000124596</NSF_ID>
<StartDate>05/26/2021</StartDate>
<EndDate/>
<RoleCode>Principal Investigator</RoleCode>
</Investigator>
<Investigator>
<FirstName>Judith</FirstName>
<LastName>Fusco</LastName>
<PI_MID_INIT/>
<PI_SUFX_NAME/>
<PI_FULL_NAME>Judith Fusco</PI_FULL_NAME>
<EmailAddress><![CDATA[jfusco@digitalpromise.org]]></EmailAddress>
<NSF_ID>000406772</NSF_ID>
<StartDate>05/26/2021</StartDate>
<EndDate/>
<RoleCode>Co-Principal Investigator</RoleCode>
</Investigator>
<Investigator>
<FirstName>Babe</FirstName>
<LastName>Liberman</LastName>
<PI_MID_INIT>R</PI_MID_INIT>
<PI_SUFX_NAME/>
<PI_FULL_NAME>Babe R Liberman</PI_FULL_NAME>
<EmailAddress><![CDATA[babe@digitalpromise.org]]></EmailAddress>
<NSF_ID>000810652</NSF_ID>
<StartDate>05/26/2021</StartDate>
<EndDate>01/24/2022</EndDate>
<RoleCode>Former Co-Principal Investigator</RoleCode>
</Investigator>
<Institution>
<Name>Digital Promise Global</Name>
<CityName>WASHINGTON</CityName>
<ZipCode>200365565</ZipCode>
<PhoneNumber>2024503675</PhoneNumber>
<StreetAddress>1001 CONNECTICUT AVE NW STE 935</StreetAddress>
<StreetAddress2/>
<CountryName>United States</CountryName>
<StateName>District of Columbia</StateName>
<StateCode>DC</StateCode>
<CONGRESSDISTRICT>00</CONGRESSDISTRICT>
<CONGRESS_DISTRICT_ORG>DC00</CONGRESS_DISTRICT_ORG>
<ORG_UEI_NUM>CDX6SVVKJ1Q1</ORG_UEI_NUM>
<ORG_LGL_BUS_NAME>DIGITAL PROMISE GLOBAL</ORG_LGL_BUS_NAME>
<ORG_PRNT_UEI_NUM/>
</Institution>
<Performance_Institution>
<Name><![CDATA[Digital Promise Global]]></Name>
<CityName>San Mateo</CityName>
<StateCode>CA</StateCode>
<ZipCode>944032563</ZipCode>
<StreetAddress><![CDATA[2955 Campus Dr]]></StreetAddress>
<CountryCode>US</CountryCode>
<CountryName>United States</CountryName>
<StateName>California</StateName>
<CountryFlag>1</CountryFlag>
<CONGRESSDISTRICT>14</CONGRESSDISTRICT>
<CONGRESS_DISTRICT_PERF>CA14</CONGRESS_DISTRICT_PERF>
</Performance_Institution>
<ProgramElement>
<Code>7645</Code>
<Text>Discovery Research K-12</Text>
</ProgramElement>
<Appropriation>
<Code>0421</Code>
<Name>NSF Education &amp; Human Resource</Name>
<APP_SYMB_ID>040106</APP_SYMB_ID>
</Appropriation>
<Fund>
<Code>04002122DB</Code>
<Name><![CDATA[NSF Education & Human Resource]]></Name>
<FUND_SYMB_ID>040106</FUND_SYMB_ID>
</Fund>
<FUND_OBLG>2021~599976</FUND_OBLG>
</Award>
</rootTag>
