<?xml version="1.0" encoding="UTF-8"?>
<rootTag>
<Award>
<AwardTitle><![CDATA[Moments of Large Families of L-Functions and Related Questions]]></AwardTitle>
<AGENCY>NSF</AGENCY>
<AwardEffectiveDate>09/01/2021</AwardEffectiveDate>
<AwardExpirationDate>08/31/2024</AwardExpirationDate>
<AwardTotalIntnAmount>93225.00</AwardTotalIntnAmount>
<AwardAmount>93225</AwardAmount>
<AwardInstrument>
<Value>Standard Grant</Value>
</AwardInstrument>
<Organization>
<Code>03040000</Code>
<Directorate>
<Abbreviation>MPS</Abbreviation>
<LongName>Direct For Mathematical &amp; Physical Scien</LongName>
</Directorate>
<Division>
<Abbreviation>DMS</Abbreviation>
<LongName>Division Of Mathematical Sciences</LongName>
</Division>
</Organization>
<ProgramOfficer>
<SignBlockName>Andrew Pollington</SignBlockName>
<PO_EMAI>adpollin@nsf.gov</PO_EMAI>
<PO_PHON>7032924878</PO_PHON>
</ProgramOfficer>
<AbstractNarration><![CDATA[One of the most famous conjectures in mathematics is about zeros of the Riemann zeta function. This interest extends to the study of L-functions, which have connections with many diverse areas of mathematics such as harmonic analysis, random matrix theory and probability. In this area, there is a foundational heuristic that the distribution of values and zeros of L-functions should match analogous statistics from classical compact groups of random matrices. It has led to a deep set of conjectures, which remain unresolved at many levels. Indeed, rigorous proofs of even special cases of these conjectures are almost non-existent. The proposed research will lead to a better understanding of these conjectures by proving special cases for certain large families of L-functions that have previously not been understood in this context. The award will provide opportunities for research training and collaboration for graduate students and postdocs. The PI will also use the grant to organize number theory seminars and mentor students from underrepresented groups.&lt;br/&gt; &lt;br/&gt;The aim of this award is to study statistics involving values and zeros of families of L-functions. To be precise, the PI will aim to prove new instances of the moment conjectures for high moments of large families of L-functions, as well as extend the current knowledge on the distribution of their zeros (e.g. n-level density). Moreover, attention will be paid to certain attractive applications of understanding of high moments, especially subconvexity bounds and simultaneous non-vanishing results. The techniques employed include traditional Fourier analysis, spectral theory, and combinatorial number theory.&lt;br/&gt;&lt;br/&gt;This project is jointly funded by the Algebra and Number Theory program in the Division of Mathematical Sciences and the Established Program to Stimulate Competitive Research (EPSCoR).&lt;br/&gt;&lt;br/&gt;This award reflects NSF's statutory mission and has been deemed worthy of support through evaluation using the Foundation's intellectual merit and broader impacts review criteria.]]></AbstractNarration>
<MinAmdLetterDate>06/03/2021</MinAmdLetterDate>
<MaxAmdLetterDate>06/03/2021</MaxAmdLetterDate>
<ARRAAmount/>
<TRAN_TYPE>Grant</TRAN_TYPE>
<CFDA_NUM>47.049</CFDA_NUM>
<NSF_PAR_USE_FLAG>1</NSF_PAR_USE_FLAG>
<FUND_AGCY_CODE>4900</FUND_AGCY_CODE>
<AWDG_AGCY_CODE>4900</AWDG_AGCY_CODE>
<AwardID>2101806</AwardID>
<Investigator>
<FirstName>Vorrapan</FirstName>
<LastName>Chandee</LastName>
<PI_MID_INIT/>
<PI_SUFX_NAME/>
<PI_FULL_NAME>Vorrapan Chandee</PI_FULL_NAME>
<EmailAddress><![CDATA[chandee@ksu.edu]]></EmailAddress>
<NSF_ID>000787840</NSF_ID>
<StartDate>06/03/2021</StartDate>
<EndDate/>
<RoleCode>Principal Investigator</RoleCode>
</Investigator>
<Institution>
<Name>Kansas State University</Name>
<CityName>MANHATTAN</CityName>
<ZipCode>665061100</ZipCode>
<PhoneNumber>7855326804</PhoneNumber>
<StreetAddress>2 FAIRCHILD HALL</StreetAddress>
<StreetAddress2/>
<CountryName>United States</CountryName>
<StateName>Kansas</StateName>
<StateCode>KS</StateCode>
<CONGRESSDISTRICT>01</CONGRESSDISTRICT>
<CONGRESS_DISTRICT_ORG>KS01</CONGRESS_DISTRICT_ORG>
<ORG_UEI_NUM>CFMMM5JM7HJ9</ORG_UEI_NUM>
<ORG_LGL_BUS_NAME>KANSAS STATE UNIVERSITY</ORG_LGL_BUS_NAME>
<ORG_PRNT_UEI_NUM>NJN6EFNKVKT4</ORG_PRNT_UEI_NUM>
</Institution>
<Performance_Institution>
<Name><![CDATA[Kansas State University]]></Name>
<CityName>Manhattan</CityName>
<StateCode>KS</StateCode>
<ZipCode>665061100</ZipCode>
<StreetAddress/>
<CountryCode>US</CountryCode>
<CountryName>United States</CountryName>
<StateName>Kansas</StateName>
<CountryFlag>1</CountryFlag>
<CONGRESSDISTRICT>01</CONGRESSDISTRICT>
<CONGRESS_DISTRICT_PERF>KS01</CONGRESS_DISTRICT_PERF>
</Performance_Institution>
<ProgramElement>
<Code>1264</Code>
<Text>ALGEBRA,NUMBER THEORY,AND COM</Text>
</ProgramElement>
<ProgramElement>
<Code>9150</Code>
<Text>EPSCoR Co-Funding</Text>
</ProgramElement>
<ProgramReference>
<Code>9150</Code>
<Text>EXP PROG TO STIM COMP RES</Text>
</ProgramReference>
<Appropriation>
<Code>0121</Code>
<Name>NSF RESEARCH &amp; RELATED ACTIVIT</Name>
<APP_SYMB_ID>040100</APP_SYMB_ID>
</Appropriation>
<Fund>
<Code>01002122DB</Code>
<Name><![CDATA[NSF RESEARCH & RELATED ACTIVIT]]></Name>
<FUND_SYMB_ID>040100</FUND_SYMB_ID>
</Fund>
<FUND_OBLG>2021~93225</FUND_OBLG>
</Award>
</rootTag>
