<?xml version="1.0" encoding="UTF-8"?>
<rootTag>
<Award>
<AwardTitle><![CDATA[Excellence in Research: Bending the Curve for Vulnerable Populations: A Data-Analytical and Socio-Technical Decision-Making Framework forSheltering in Hurricane-Pandemics]]></AwardTitle>
<AGENCY>NSF</AGENCY>
<AwardEffectiveDate>09/01/2021</AwardEffectiveDate>
<AwardExpirationDate>08/31/2024</AwardExpirationDate>
<AwardTotalIntnAmount>542167.00</AwardTotalIntnAmount>
<AwardAmount>542167</AwardAmount>
<AwardInstrument>
<Value>Standard Grant</Value>
</AwardInstrument>
<Organization>
<Code>07030000</Code>
<Directorate>
<Abbreviation>ENG</Abbreviation>
<LongName>Directorate For Engineering</LongName>
</Directorate>
<Division>
<Abbreviation>CMMI</Abbreviation>
<LongName>Div Of Civil, Mechanical, &amp; Manufact Inn</LongName>
</Division>
</Organization>
<ProgramOfficer>
<SignBlockName>Daan Liang</SignBlockName>
<PO_EMAI>dliang@nsf.gov</PO_EMAI>
<PO_PHON>7032922441</PO_PHON>
</ProgramOfficer>
<AbstractNarration><![CDATA[Co-occurrence of geophysical hazards with the COVID-19 pandemic has challenged the resilience of the most vulnerable populations in unique ways. In the midst of a pandemic, a natural disaster such as a hurricane puts additional strain on mass care resources in addition to the compounding effects of the two hazards on the mechanisms of physical and social vulnerability. As a result of social distancing requirements, the capacities of regular shelter spaces will be reduced drastically and alternate non-congregate shelters— such as hotel/motels or renovated facilities— may need to be considered. This Excellence in Research (EiR) project takes a community-engaged, multidisciplinary approach to address the pressing research problems for concurrently occurring hurricanes and pandemics, with a focus on the challenges facing vulnerable populations.  The overall objective of the project is to formulate a new data-analytical framework that integrates epidemiological models with hurricane management approaches with a strong understanding of social vulnerabilities. This framework can help public health and emergency managers make sheltering and resource allocation decisions while simultaneously minimizing the disease spread. The research team brings together investigators from engineering and social science with expertise in statistical learning, infrastructure resilience, disaster risk analysis, and social vulnerability in order to systematically study the research problems. By improving the resilience of vulnerable communities in hurricane-pandemics, the project aims to address a critical national need in disaster preparedness as well as advance national health, prosperity, and welfare.&lt;br/&gt;&lt;br/&gt;The research activities will include investigation of statistical disease spread and outbreak detection methods, integration of epidemic models with hurricane evacuation scenario analyses to better predict disease spread and allocate resources in the aftermath of hurricane-pandemics, and engagement of emergency managers and social workers in vulnerability analysis through surveys and focus groups.  Specifically, the project team will utilize the following methods: (1) risk-adjusted public health surveillance methods to devise targeted pandemic containment and sheltering plans of vulnerable populations, (2) network-based epidemic models to understand how mixing of populations during sheltering operations affect disease transmissions and to make forecasts of the size and timing of new infections, (3) network interdiction models to explore the impacts of pandemic-induced disruptions on geographically dispersed shelters and to determine the optimal assignments of shelters and resource allocations in response to emerging disease outbreaks, and (4) integrated qualitative and quantitative methods with active stakeholder participation to gather key information on the needs of vulnerable groups and enable definition of vulnerability indicators specific to hurricane-pandemics. Furthermore, the research will contribute to the multi-disciplinary education and technical training of under-represented minority students and producing advanced-degree HBCU graduates better prepared to enter the workforce.&lt;br/&gt;&lt;br/&gt;This award reflects NSF's statutory mission and has been deemed worthy of support through evaluation using the Foundation's intellectual merit and broader impacts review criteria.]]></AbstractNarration>
<MinAmdLetterDate>08/10/2021</MinAmdLetterDate>
<MaxAmdLetterDate>08/10/2021</MaxAmdLetterDate>
<ARRAAmount/>
<TRAN_TYPE>Grant</TRAN_TYPE>
<CFDA_NUM>47.041</CFDA_NUM>
<NSF_PAR_USE_FLAG>1</NSF_PAR_USE_FLAG>
<FUND_AGCY_CODE>4900</FUND_AGCY_CODE>
<AWDG_AGCY_CODE>4900</AWDG_AGCY_CODE>
<AwardID>2101091</AwardID>
<Investigator>
<FirstName>Arda</FirstName>
<LastName>Vanli</LastName>
<PI_MID_INIT/>
<PI_SUFX_NAME/>
<PI_FULL_NAME>Arda Vanli</PI_FULL_NAME>
<EmailAddress><![CDATA[oavanli@eng.famu.fsu.edu]]></EmailAddress>
<NSF_ID>000521558</NSF_ID>
<StartDate>08/10/2021</StartDate>
<EndDate/>
<RoleCode>Principal Investigator</RoleCode>
</Investigator>
<Investigator>
<FirstName>Eren</FirstName>
<LastName>Ozguven</LastName>
<PI_MID_INIT>E</PI_MID_INIT>
<PI_SUFX_NAME/>
<PI_FULL_NAME>Eren E Ozguven</PI_FULL_NAME>
<EmailAddress><![CDATA[eozguven@eng.famu.fsu.edu]]></EmailAddress>
<NSF_ID>000667403</NSF_ID>
<StartDate>08/10/2021</StartDate>
<EndDate/>
<RoleCode>Co-Principal Investigator</RoleCode>
</Investigator>
<Investigator>
<FirstName>Ellen</FirstName>
<LastName>Piekalkiewicz</LastName>
<PI_MID_INIT/>
<PI_SUFX_NAME/>
<PI_FULL_NAME>Ellen Piekalkiewicz</PI_FULL_NAME>
<EmailAddress><![CDATA[epiekalkiewicz@fsu.edu]]></EmailAddress>
<NSF_ID>000805030</NSF_ID>
<StartDate>08/10/2021</StartDate>
<EndDate/>
<RoleCode>Co-Principal Investigator</RoleCode>
</Investigator>
<Investigator>
<FirstName>John</FirstName>
<LastName>Mathias</LastName>
<PI_MID_INIT>M</PI_MID_INIT>
<PI_SUFX_NAME/>
<PI_FULL_NAME>John M Mathias</PI_FULL_NAME>
<EmailAddress><![CDATA[jmathias@fsu.edu]]></EmailAddress>
<NSF_ID>000831444</NSF_ID>
<StartDate>08/10/2021</StartDate>
<EndDate/>
<RoleCode>Co-Principal Investigator</RoleCode>
</Investigator>
<Institution>
<Name>Florida Agricultural and Mechanical University</Name>
<CityName>TALLAHASSEE</CityName>
<ZipCode>323073100</ZipCode>
<PhoneNumber>8505993531</PhoneNumber>
<StreetAddress>1500 WAHNISH WAY</StreetAddress>
<StreetAddress2/>
<CountryName>United States</CountryName>
<StateName>Florida</StateName>
<StateCode>FL</StateCode>
<CONGRESSDISTRICT>05</CONGRESSDISTRICT>
<CONGRESS_DISTRICT_ORG>FL05</CONGRESS_DISTRICT_ORG>
<ORG_UEI_NUM>W8LKB16HV1K5</ORG_UEI_NUM>
<ORG_LGL_BUS_NAME>FLORIDA A &amp; M UNIVERSITY</ORG_LGL_BUS_NAME>
<ORG_PRNT_UEI_NUM>D4GCCCMXR1H3</ORG_PRNT_UEI_NUM>
</Institution>
<Performance_Institution>
<Name><![CDATA[Florida Agricultural and Mechanical University]]></Name>
<CityName>Tallahassee, FL</CityName>
<StateCode>FL</StateCode>
<ZipCode>323106046</ZipCode>
<StreetAddress><![CDATA[FAMU- FSU College of Engineering]]></StreetAddress>
<CountryCode>US</CountryCode>
<CountryName>United States</CountryName>
<StateName>Florida</StateName>
<CountryFlag>1</CountryFlag>
<CONGRESSDISTRICT>05</CONGRESSDISTRICT>
<CONGRESS_DISTRICT_PERF>FL05</CONGRESS_DISTRICT_PERF>
</Performance_Institution>
<ProgramElement>
<Code>070Y</Code>
<Text>HBCU-EiR - HBCU-Excellence in</Text>
</ProgramElement>
<ProgramReference>
<Code>042E</Code>
<Text>HAZARD AND DISASTER RESPONSE</Text>
</ProgramReference>
<ProgramReference>
<Code>096Z</Code>
<Text>COVID-19 Research</Text>
</ProgramReference>
<Appropriation>
<Code>0121</Code>
<Name>NSF RESEARCH &amp; RELATED ACTIVIT</Name>
<APP_SYMB_ID>040100</APP_SYMB_ID>
</Appropriation>
<Fund>
<Code>01002122DB</Code>
<Name><![CDATA[NSF RESEARCH & RELATED ACTIVIT]]></Name>
<FUND_SYMB_ID>040100</FUND_SYMB_ID>
</Fund>
<FUND_OBLG>2021~542167</FUND_OBLG>
</Award>
</rootTag>
