<?xml version="1.0" encoding="UTF-8"?>
<rootTag>
<Award>
<AwardTitle>Leveraging Dynamically Linked Representations in a Semi-Structured Workspace to Cultivate Mathematical Modeling Competencies Among Secondary Students (M2Studio)</AwardTitle>
<AGENCY>NSF</AGENCY>
<AwardEffectiveDate>05/01/2021</AwardEffectiveDate>
<AwardExpirationDate>04/30/2024</AwardExpirationDate>
<AwardTotalIntnAmount>2983986.00</AwardTotalIntnAmount>
<AwardAmount>2983986</AwardAmount>
<AwardInstrument>
<Value>Continuing Grant</Value>
</AwardInstrument>
<Organization>
<Code>11090000</Code>
<Directorate>
<Abbreviation>EHR</Abbreviation>
<LongName>Direct For Education and Human Resources</LongName>
</Directorate>
<Division>
<Abbreviation>DRL</Abbreviation>
<LongName>Division Of Research On Learning</LongName>
</Division>
</Organization>
<ProgramOfficer>
<SignBlockName>Michael Steele</SignBlockName>
<PO_EMAI>msteele@nsf.gov</PO_EMAI>
<PO_PHON>7032920000</PO_PHON>
</ProgramOfficer>
<AbstractNarration>Mathematical modeling can support people in making sense of complex and critical unanswered questions related to real-world phenomena.  For example, mathematical modeling can help determine the speed at which an infectious disease will spread, how interventions can limit the spread, and how sea level change can impact coastal populations and ecosystems. While educators and policymakers recognize the importance of mathematical modeling in K-12 education, the complexities of modeling and modeling tasks often create barriers for classroom implementation. Such tasks are complex, open-ended, and require iterative thinking and the coordination of multiple mathematical representations. This three-year Design and Development project seeks to build a semi-structured workplace to support students' mathematical modeling competencies called M2Studio. This technology integrates aspects of two existing and widely used technologies (CODAP and SageModeler) into a single workspace that can effectively capture students' activities, representations, problem solving sequences, and thinking as they work individually or in pairs on mathematical modeling tasks. The project will develop aspects of M2Studio across five design cycles, study student engagement and learning via the platform, and collect data from teachers on the conditions under which M2Studio implementation is particularly effective. &lt;br/&gt;&lt;br/&gt;The project builds on a theoretical conceptualization of mathematical modeling that involves five sub competencies: simplifying, mathematizing, working mathematically, interpreting, and validating. In building the M2Studio and dynamically linking the CODAP and SageModeler, the system will provide opportunities to be able to assess the ways in which students are engaging in these sub competencies. The project will engage in five design cycles to design the technology and associated curricular modules, deploy and test the technologies with students and teachers, and assess the impact on students' mathematical modeling competencies. The first two design cycles will focus on technology development and short in-person lab tests with 4 teachers and 16 students. Design Cycles 3 and 4 will involve two field tests with 8 teachers and 400 students. The fifth design cycle will involve an implementation study to further explore the research questions.  Student learning will be assessed via a mathematical modeling sub-competencies test. Student interaction patterns will be evaluated through the qualitative analysis of screencast and classroom videos. The conditions under which the program is more or less effective with respect to classroom implementation will be measured by observations, interviews, and logs from implementing teachers. The final version of the platform will be hosted and made available widely in various K-16 mathematical modeling communities.&lt;br/&gt;&lt;br/&gt;The Discovery Research preK-12 program (DRK-12) seeks to significantly enhance the learning and teaching of science, technology, engineering and mathematics (STEM) by preK-12 students and teachers, through research and development of innovative resources, models and tools. Projects in the DRK-12 program build on fundamental research in STEM education and prior research and development efforts that provide theoretical and empirical justification for proposed projects.&lt;br/&gt;&lt;br/&gt;This project is co-funded by the Innovative Technology Experiences for Students and Teachers (ITEST) program, which supports projects that build understandings of practices, program elements, contexts and processes contributing to increasing students' knowledge and interest in science, technology, engineering, and mathematics (STEM) and information and communication technology (ICT) careers.&lt;br/&gt;&lt;br/&gt;This award reflects NSF's statutory mission and has been deemed worthy of support through evaluation using the Foundation's intellectual merit and broader impacts review criteria.</AbstractNarration>
<MinAmdLetterDate>04/15/2021</MinAmdLetterDate>
<MaxAmdLetterDate>08/24/2021</MaxAmdLetterDate>
<ARRAAmount/>
<TRAN_TYPE>Grant</TRAN_TYPE>
<CFDA_NUM>47.076</CFDA_NUM>
<NSF_PAR_USE_FLAG>1</NSF_PAR_USE_FLAG>
<FUND_AGCY_CODE>4900</FUND_AGCY_CODE>
<AWDG_AGCY_CODE>4900</AWDG_AGCY_CODE>
<AwardID>2101382</AwardID>
<Investigator>
<FirstName>William</FirstName>
<LastName>Finzer</LastName>
<PI_MID_INIT>F</PI_MID_INIT>
<PI_SUFX_NAME/>
<PI_FULL_NAME>William F Finzer</PI_FULL_NAME>
<EmailAddress>wfinzer@concord.org</EmailAddress>
<PI_PHON>9253896344</PI_PHON>
<NSF_ID>000418347</NSF_ID>
<StartDate>04/15/2021</StartDate>
<EndDate/>
<RoleCode>Co-Principal Investigator</RoleCode>
</Investigator>
<Investigator>
<FirstName>Rose</FirstName>
<LastName>Zbiek</LastName>
<PI_MID_INIT>M</PI_MID_INIT>
<PI_SUFX_NAME/>
<PI_FULL_NAME>Rose M Zbiek</PI_FULL_NAME>
<EmailAddress>rmz101@psu.edu</EmailAddress>
<PI_PHON>8148631210</PI_PHON>
<NSF_ID>000226272</NSF_ID>
<StartDate>04/15/2021</StartDate>
<EndDate/>
<RoleCode>Co-Principal Investigator</RoleCode>
</Investigator>
<Investigator>
<FirstName>Benjamin</FirstName>
<LastName>Galluzzo</LastName>
<PI_MID_INIT>J</PI_MID_INIT>
<PI_SUFX_NAME/>
<PI_FULL_NAME>Benjamin J Galluzzo</PI_FULL_NAME>
<EmailAddress>bgalluzz@clarkson.edu</EmailAddress>
<PI_PHON>3152682387</PI_PHON>
<NSF_ID>000570704</NSF_ID>
<StartDate>04/15/2021</StartDate>
<EndDate/>
<RoleCode>Co-Principal Investigator</RoleCode>
</Investigator>
<Investigator>
<FirstName>Jie</FirstName>
<LastName>Chao</LastName>
<PI_MID_INIT/>
<PI_SUFX_NAME/>
<PI_FULL_NAME>Jie Chao</PI_FULL_NAME>
<EmailAddress>jchao@concord.org</EmailAddress>
<PI_PHON>9784053205</PI_PHON>
<NSF_ID>000720081</NSF_ID>
<StartDate>04/15/2021</StartDate>
<EndDate/>
<RoleCode>Principal Investigator</RoleCode>
</Investigator>
<Institution>
<Name>Concord Consortium</Name>
<CityName>CONCORD</CityName>
<ZipCode>017422345</ZipCode>
<PhoneNumber>9784053205</PhoneNumber>
<StreetAddress>25 LOVE LN</StreetAddress>
<StreetAddress2/>
<CountryName>United States</CountryName>
<StateName>Massachusetts</StateName>
<StateCode>MA</StateCode>
<CONGRESSDISTRICT>03</CONGRESSDISTRICT>
<CONGRESS_DISTRICT_ORG>MA03</CONGRESS_DISTRICT_ORG>
<ORG_UEI_NUM>FY85DRNMJAM4</ORG_UEI_NUM>
<ORG_LGL_BUS_NAME>CONCORD CONSORTIUM INC</ORG_LGL_BUS_NAME>
<ORG_PRNT_UEI_NUM/>
</Institution>
<Performance_Institution>
<Name><![CDATA[Concord Consortium]]></Name>
<CityName>Concord</CityName>
<StateCode>MA</StateCode>
<ZipCode>017422345</ZipCode>
<StreetAddress><![CDATA[25 Love Lane]]></StreetAddress>
<CountryCode>US</CountryCode>
<CountryName>United States</CountryName>
<StateName>Massachusetts</StateName>
<CountryFlag>1</CountryFlag>
<CONGRESSDISTRICT>03</CONGRESSDISTRICT>
<CONGRESS_DISTRICT_PERF>MA03</CONGRESS_DISTRICT_PERF>
</Performance_Institution>
<ProgramElement>
<Code>7227</Code>
<Text>ITEST-Inov Tech Exp Stu &amp; Teac</Text>
</ProgramElement>
<ProgramElement>
<Code>7645</Code>
<Text>Discovery Research K-12</Text>
</ProgramElement>
<ProgramElement>
<Code>7980</Code>
<Text>ECR-EHR Core Research</Text>
</ProgramElement>
<Appropriation>
<Code>0421</Code>
<Name>NSF Education &amp; Human Resource</Name>
<APP_SYMB_ID>040106</APP_SYMB_ID>
</Appropriation>
<Appropriation>
<Code>13XX</Code>
<Name>H-1B FUND, EHR, NSF</Name>
<APP_SYMB_ID>045176</APP_SYMB_ID>
</Appropriation>
<Fund>
<Code>04002122DB</Code>
<Name><![CDATA[NSF Education & Human Resource]]></Name>
<FUND_SYMB_ID>040106</FUND_SYMB_ID>
</Fund>
<Fund>
<Code>1300XXXXDB</Code>
<Name><![CDATA[H-1B FUND, EHR, NSF]]></Name>
<FUND_SYMB_ID>045176</FUND_SYMB_ID>
</Fund>
<FUND_OBLG>2021~2983986</FUND_OBLG>
</Award>
</rootTag>
