<?xml version="1.0" encoding="UTF-8"?>
<rootTag>
<Award>
<AwardTitle><![CDATA[Collaborative Research: Mechanics of Knots and Tangles of Elastic Rods]]></AwardTitle>
<AGENCY>NSF</AGENCY>
<AwardEffectiveDate>10/01/2021</AwardEffectiveDate>
<AwardExpirationDate>09/30/2024</AwardExpirationDate>
<AwardTotalIntnAmount>360001.00</AwardTotalIntnAmount>
<AwardAmount>216000</AwardAmount>
<AwardInstrument>
<Value>Continuing Grant</Value>
</AwardInstrument>
<Organization>
<Code>07030000</Code>
<Directorate>
<Abbreviation>ENG</Abbreviation>
<LongName>Directorate For Engineering</LongName>
</Directorate>
<Division>
<Abbreviation>CMMI</Abbreviation>
<LongName>Div Of Civil, Mechanical, &amp; Manufact Inn</LongName>
</Division>
</Organization>
<ProgramOfficer>
<SignBlockName>Nakhiah Goulbourne</SignBlockName>
<PO_EMAI>ngoulbou@nsf.gov</PO_EMAI>
<PO_PHON>7032927715</PO_PHON>
</ProgramOfficer>
<AbstractNarration><![CDATA[In settings from shipping to sailing to surgery, thousands of different types of knots are used every day, each requiring a specific amount of force to tighten. This force depends on the material properties, friction, and the topology of the knot. A knot typically also has a load-bearing capacity; force beyond this level causes the knot to be undone, and excessive force may result in material failure in the knot. Moreover, some knots hold tight without any external force while others easily get untangled. In other words, the knots can store energy in the material. This concept is called a topological battery with implications in nanometer-sized knots in DNA to macroscopic knots in structural engineering. This award supports research to understand the fundamental science of knots. The work will develop modeling and computational methods for the analysis of the mechanics of knots and tangles. In parallel, it will formulate experimental techniques to systematically study this mechanics. The research will be complemented by developing teaching tools (videos, notes, and demonstrations) for undergraduate and graduate courses. The computational software will also be made publicly available. &lt;br/&gt;&lt;br/&gt;The research objective of this project is to quantify the mechanical response of knots tied in elastic rods. The project will employ (1) fast numerical simulations inspired by computer graphics, (2) innovative materials with customizable friction, and (3) autonomous robotic experiments to untangle the mechanics of knots. Even in the case of the most basic type of knots (overhand knots), the force required to tie the knot depends on an intricate interplay of (1) elasticity, (2) friction, and (3) topology. Interestingly, the overhand knot may undergo a snap-through buckling instability beyond a critical amount of pull. Such instability in a basic knot points to the richness of the mechanical behavior of knots. After developing simulation and experimental tools, the mechanical response and instabilities of a few common knots, e.g. overhand and shoelace knots, will be investigated. Exploiting the computational speed of the simulation tool and autonomy of robotic experiments, the mechanical response of several types of knots will be quantified to build a library of their mechanics. This data will be used to rationalize the variation of a knot’s mechanical response as a function of the topological, material, and frictional parameters. Similar to the periodic table of elements, a mechanics-based classification scheme of knots will be formulated, where the knots will be grouped into various classes, such as, friction-dominated knots, bending-dominated knots, and others.&lt;br/&gt;&lt;br/&gt;This award reflects NSF's statutory mission and has been deemed worthy of support through evaluation using the Foundation's intellectual merit and broader impacts review criteria.]]></AbstractNarration>
<MinAmdLetterDate>08/24/2021</MinAmdLetterDate>
<MaxAmdLetterDate>06/08/2022</MaxAmdLetterDate>
<ARRAAmount/>
<TRAN_TYPE>Grant</TRAN_TYPE>
<CFDA_NUM>47.041</CFDA_NUM>
<NSF_PAR_USE_FLAG>1</NSF_PAR_USE_FLAG>
<FUND_AGCY_CODE>4900</FUND_AGCY_CODE>
<AWDG_AGCY_CODE>4900</AWDG_AGCY_CODE>
<AwardID>2101751</AwardID>
<Investigator>
<FirstName>Mohammad</FirstName>
<LastName>Khalid Jawed</LastName>
<PI_MID_INIT/>
<PI_SUFX_NAME/>
<PI_FULL_NAME>Mohammad Khalid Jawed</PI_FULL_NAME>
<EmailAddress><![CDATA[khalidjm@seas.ucla.edu]]></EmailAddress>
<NSF_ID>000761752</NSF_ID>
<StartDate>08/24/2021</StartDate>
<EndDate/>
<RoleCode>Principal Investigator</RoleCode>
</Investigator>
<Institution>
<Name>University of California-Los Angeles</Name>
<CityName>LOS ANGELES</CityName>
<ZipCode>900244201</ZipCode>
<PhoneNumber>3107940102</PhoneNumber>
<StreetAddress>10889 WILSHIRE BLVD STE 700</StreetAddress>
<StreetAddress2/>
<CountryName>United States</CountryName>
<StateName>California</StateName>
<StateCode>CA</StateCode>
<CONGRESSDISTRICT>37</CONGRESSDISTRICT>
<CONGRESS_DISTRICT_ORG>CA37</CONGRESS_DISTRICT_ORG>
<ORG_UEI_NUM>RN64EPNH8JC6</ORG_UEI_NUM>
<ORG_LGL_BUS_NAME>UNIVERSITY OF CALIFORNIA, LOS ANGELES</ORG_LGL_BUS_NAME>
<ORG_PRNT_UEI_NUM>NUDGYLBB4S99</ORG_PRNT_UEI_NUM>
</Institution>
<Performance_Institution>
<Name><![CDATA[University of California-Los Angeles]]></Name>
<CityName>Los Angeles</CityName>
<StateCode>CA</StateCode>
<ZipCode>900958357</ZipCode>
<StreetAddress><![CDATA[420 Westwood Plaza]]></StreetAddress>
<CountryCode>US</CountryCode>
<CountryName>United States</CountryName>
<StateName>California</StateName>
<CountryFlag>1</CountryFlag>
<CONGRESSDISTRICT>33</CONGRESSDISTRICT>
<CONGRESS_DISTRICT_PERF>CA33</CONGRESS_DISTRICT_PERF>
</Performance_Institution>
<ProgramElement>
<Code>1630</Code>
<Text>Mechanics of Materials and Str</Text>
</ProgramElement>
<ProgramReference>
<Code>022E</Code>
<Text>SOLID MECHANICS</Text>
</ProgramReference>
<ProgramReference>
<Code>116E</Code>
<Text>RESEARCH EXP FOR UNDERGRADS</Text>
</ProgramReference>
<ProgramReference>
<Code>9161</Code>
<Text>SINGLE DIVISION/UNIVERSITY</Text>
</ProgramReference>
<ProgramReference>
<Code>9178</Code>
<Text>UNDERGRADUATE EDUCATION</Text>
</ProgramReference>
<ProgramReference>
<Code>9231</Code>
<Text>SUPPL FOR UNDERGRAD RES ASSIST</Text>
</ProgramReference>
<ProgramReference>
<Code>9251</Code>
<Text>REU SUPP-Res Exp for Ugrd Supp</Text>
</ProgramReference>
<ProgramReference>
<Code>9263</Code>
<Text>COMPUTATIONAL SCIENCE &amp; ENGING</Text>
</ProgramReference>
<FUND_OBLG>2021~200000</FUND_OBLG>
<FUND_OBLG>2022~16000</FUND_OBLG>
</Award>
</rootTag>
