<?xml version="1.0" encoding="UTF-8"?>
<rootTag>
<Award>
<AwardTitle>The function and properties of RNA Polymerase IV in seed development</AwardTitle>
<AGENCY>NSF</AGENCY>
<AwardEffectiveDate>05/01/2021</AwardEffectiveDate>
<AwardExpirationDate>04/30/2025</AwardExpirationDate>
<AwardTotalIntnAmount>1496376.00</AwardTotalIntnAmount>
<AwardAmount>736207</AwardAmount>
<AwardInstrument>
<Value>Continuing Grant</Value>
</AwardInstrument>
<Organization>
<Code>08070000</Code>
<Directorate>
<Abbreviation>BIO</Abbreviation>
<LongName>Direct For Biological Sciences</LongName>
</Directorate>
<Division>
<Abbreviation>MCB</Abbreviation>
<LongName>Div Of Molecular and Cellular Bioscience</LongName>
</Division>
</Organization>
<ProgramOfficer>
<SignBlockName>Stephen DiFazio</SignBlockName>
<PO_EMAI>sdifazio@nsf.gov</PO_EMAI>
<PO_PHON>7032924517</PO_PHON>
</ProgramOfficer>
<AbstractNarration>This research investigates the mechanisms that control successful plant seed development. Plant seeds are fundamental to of all agriculture. Seeds are complex structures, consisting of a protective seed coat, an embryo, and a nutritive endosperm. Endosperm is one of the most important tissues in the biosphere – it provides two-thirds of the calories consumed by humans. Although endosperm does not pass on any genetic material to the next generation, proper endosperm development is essential for the formation of viable seeds and the completion of the flowering plant life cycle. This project focuses on the contribution of a plant-specific RNA polymerase, RNA Pol IV, to endosperm development and function. The research will increase fundamental understanding of endosperm biology and may facilitate the development of plant hybrids. This project also provides interdisciplinary, cutting-edge training for undergraduates from groups under-represented in science, graduate students, and postdocs in genomics, plant biology, epigenetics, biophysics, and bioinformatics. Teachers will also participate in aspects of the proposed research, facilitating transfer of the excitement of scientific discovery and scientific reasoning to their students. &lt;br/&gt;&lt;br/&gt;Endosperm has an unusual genetic constitution – it is typically triploid, with two maternally-inherited and one paternally-inherited genomes. RNA Pol IV regulates transcriptional programs and the balance of expression between maternal and paternal gene copies in endosperm. It is known that RNA Pol IV is required for the biogenesis of 24 nucleotide small RNAs. Typically, these small RNAs arise from transposable elements and other repetitive sequences and direct DNA methylation to matching genomic regions in a process termed RNA-directed DNA methylation. DNA methylation is an epigenetic mark that can influence transcription. However, in endosperm the relationship between Pol IV activity, small RNAs, DNA methylation, and gene expression profiles is not predictable based on current understanding of this pathway. The goal of the proposed research is to determine how, when, and where RNA Pol IV acts to influence gene transcription and to regulate expression from maternally- and patternally-derived genomes in Arabidopsis thaliana endosperm. Current thought suggests that RNA Pol IV mediates conflict between maternal and paternal genomes in the endosperm. The specific objectives of the research are to determine how RNA Pol IV activity in endosperm regulates gene expression and to determine the genetic and molecular basis of antagonistic RNA Pol IV maternal and paternal effects. Diverse genetic, genomic, biophysical, and developmental biology approaches will be employed to address these aims. The research activities will provide substantial new understanding of the epigenetic processes that act before and after fertilization to mediate parental genetic conflicts and promote seed viability.&lt;br/&gt;&lt;br/&gt;This project is co-funded by the Genetic Mechanisms Program in the Division of Molecular and Cellular Biosciences and by the Plant Genome Research Program in the Division of Integrative Organismal Systems, both in the Directorate for Biological Sciences.&lt;br/&gt;&lt;br/&gt;This award reflects NSF's statutory mission and has been deemed worthy of support through evaluation using the Foundation's intellectual merit and broader impacts review criteria.</AbstractNarration>
<MinAmdLetterDate>04/16/2021</MinAmdLetterDate>
<MaxAmdLetterDate>04/16/2021</MaxAmdLetterDate>
<ARRAAmount/>
<TRAN_TYPE>Grant</TRAN_TYPE>
<CFDA_NUM>47.074</CFDA_NUM>
<NSF_PAR_USE_FLAG>1</NSF_PAR_USE_FLAG>
<FUND_AGCY_CODE>4900</FUND_AGCY_CODE>
<AWDG_AGCY_CODE>4900</AWDG_AGCY_CODE>
<AwardID>2101337</AwardID>
<Investigator>
<FirstName>Mary</FirstName>
<LastName>Gehring</LastName>
<PI_MID_INIT/>
<PI_SUFX_NAME>Ph.D</PI_SUFX_NAME>
<PI_FULL_NAME>Mary Gehring</PI_FULL_NAME>
<EmailAddress>mgehring@wi.mit.edu</EmailAddress>
<PI_PHON>6173240343</PI_PHON>
<NSF_ID>000586622</NSF_ID>
<StartDate>04/16/2021</StartDate>
<EndDate/>
<RoleCode>Principal Investigator</RoleCode>
</Investigator>
<Institution>
<Name>Whitehead Institute for Biomedical Research</Name>
<CityName>CAMBRIDGE</CityName>
<ZipCode>021421025</ZipCode>
<PhoneNumber>6172585000</PhoneNumber>
<StreetAddress>455 MAIN ST</StreetAddress>
<StreetAddress2/>
<CountryName>United States</CountryName>
<StateName>Massachusetts</StateName>
<StateCode>MA</StateCode>
<CONGRESSDISTRICT>07</CONGRESSDISTRICT>
<CONGRESS_DISTRICT_ORG>MA07</CONGRESS_DISTRICT_ORG>
<ORG_UEI_NUM>C186U32QSBR9</ORG_UEI_NUM>
<ORG_LGL_BUS_NAME>WHITEHEAD INSTITUTE FOR BIOMEDICAL RESEARCH</ORG_LGL_BUS_NAME>
<ORG_PRNT_UEI_NUM/>
</Institution>
<Performance_Institution>
<Name><![CDATA[Whitehead Institute for Biomedical Research]]></Name>
<CityName/>
<StateCode>MA</StateCode>
<ZipCode>021421479</ZipCode>
<StreetAddress/>
<CountryCode>US</CountryCode>
<CountryName>United States</CountryName>
<StateName>Massachusetts</StateName>
<CountryFlag>1</CountryFlag>
<CONGRESSDISTRICT>07</CONGRESSDISTRICT>
<CONGRESS_DISTRICT_PERF>MA07</CONGRESS_DISTRICT_PERF>
</Performance_Institution>
<ProgramElement>
<Code>1112</Code>
<Text>Genetic Mechanisms</Text>
</ProgramElement>
<ProgramElement>
<Code>1329</Code>
<Text>Plant Genome Research Project</Text>
</ProgramElement>
<ProgramReference>
<Code>1329</Code>
<Text>PLANT GENOME RESEARCH PROJECT</Text>
</ProgramReference>
<ProgramReference>
<Code>7465</Code>
<Text>NANOSCALE BIO CORE</Text>
</ProgramReference>
<ProgramReference>
<Code>9109</Code>
<Text>AGRICULTURAL BIOTECHNOLOGY</Text>
</ProgramReference>
<ProgramReference>
<Code>9179</Code>
<Text>GRADUATE INVOLVEMENT</Text>
</ProgramReference>
<Appropriation>
<Code>0121</Code>
<Name>NSF RESEARCH &amp; RELATED ACTIVIT</Name>
<APP_SYMB_ID>040100</APP_SYMB_ID>
</Appropriation>
<Fund>
<Code>01002122DB</Code>
<Name><![CDATA[NSF RESEARCH & RELATED ACTIVIT]]></Name>
<FUND_SYMB_ID>040100</FUND_SYMB_ID>
</Fund>
<FUND_OBLG>2021~736207</FUND_OBLG>
</Award>
</rootTag>
