<?xml version="1.0" encoding="UTF-8"?>
<rootTag>
<Award>
<AwardTitle>Digitization PEN: Small and Hungry: Enhancing LepNet TCN with microlepidoptera and 50 years of host plant data from the Essig Museum</AwardTitle>
<AGENCY>NSF</AGENCY>
<AwardEffectiveDate>09/15/2021</AwardEffectiveDate>
<AwardExpirationDate>08/31/2024</AwardExpirationDate>
<AwardTotalIntnAmount>174976.00</AwardTotalIntnAmount>
<AwardAmount>81793</AwardAmount>
<AwardInstrument>
<Value>Continuing Grant</Value>
</AwardInstrument>
<Organization>
<Code>08080000</Code>
<Directorate>
<Abbreviation>BIO</Abbreviation>
<LongName>Direct For Biological Sciences</LongName>
</Directorate>
<Division>
<Abbreviation>DBI</Abbreviation>
<LongName>Div Of Biological Infrastructure</LongName>
</Division>
</Organization>
<ProgramOfficer>
<SignBlockName>Reed Beaman</SignBlockName>
<PO_EMAI>rsbeaman@nsf.gov</PO_EMAI>
<PO_PHON>7032927163</PO_PHON>
</ProgramOfficer>
<AbstractNarration>Lepidoptera (butterflies and moths) is the most diverse order of insect herbivores. Rich in ecological data they are often models for co-evolution, population dynamics, and environmental change. Because of their dependence on particular plant species and climate zones, many species are used as environmental indicators of habitat quality and climatic shifts. However, digitization of insect collections, particularly Lepidoptera, lag far behind most other groups due to the large size of collections, the small and delicate nature of specimens, and the tiny, difficult to read specimen labels. The Lepidoptera of North America Network (LepNet) TCN is addressing this paucity of data by digitizing occurrence records of butterflies and moths from over 28 institutions across the United States, along with high resolution images of over 95,000 species. The Essig Museum is contributing to this effort by adding over 100 years of specimen records and ecological data from western North America. All data and images are freely and immediately available online through aggregators, including iDigBio, GBIF, SCAN, and the Essig Museum Database, to researchers, educators, land managers, conservation planners, and the public.&lt;br/&gt;&lt;br/&gt;The Essig Museum is a leading collection of Lepidoptera in the western US with extensive taxonomic breadth and occurrence density, particularly for microlepidoptera in northern California and Mexico. Past and ongoing projects of the Essig Museum focus on specialized habitats such dunes, coastal scrub, and offshore islands, as well as recovery from wildfires and long-term sampling of regional preserves. Moreover, a long tradition of rearing specimens from host plants, including fruit and stem borers, gall-formers, and leaf-miners, has resulted in many decades of detailed records of interaction data including host plants and parasitoids. This project will disseminate georeferenced digital data for 125,000 butterfly and moth specimens, along with high resolution images of 2000 species, including 608 holotypes. These data will fill many gaps for western North America to improve niche modelling efforts and investigate population dynamics for the past 100 years. High resolution images are used to train automated identification services to address bottlenecks in ecological and conservation research and rapid identification of pests. Much of the digitization work will be carried out by undergraduate students who will also receive training in biodiversity informatics and insect biology. Data and analyses derived from this effort will be used in online and public exhibits related to insect evolution, global change biology, and natural history of western North America.&lt;br/&gt;&lt;br/&gt;This award reflects NSF's statutory mission and has been deemed worthy of support through evaluation using the Foundation's intellectual merit and broader impacts review criteria.</AbstractNarration>
<MinAmdLetterDate>08/05/2021</MinAmdLetterDate>
<MaxAmdLetterDate>08/05/2021</MaxAmdLetterDate>
<ARRAAmount/>
<TRAN_TYPE>Grant</TRAN_TYPE>
<CFDA_NUM>47.074</CFDA_NUM>
<NSF_PAR_USE_FLAG>1</NSF_PAR_USE_FLAG>
<FUND_AGCY_CODE>4900</FUND_AGCY_CODE>
<AWDG_AGCY_CODE>4900</AWDG_AGCY_CODE>
<AwardID>2101816</AwardID>
<Investigator>
<FirstName>Peter</FirstName>
<LastName>Oboyski</LastName>
<PI_MID_INIT>T</PI_MID_INIT>
<PI_SUFX_NAME/>
<PI_FULL_NAME>Peter T Oboyski</PI_FULL_NAME>
<EmailAddress>poboyski@berkeley.edu</EmailAddress>
<PI_PHON>5106430804</PI_PHON>
<NSF_ID>000060170</NSF_ID>
<StartDate>08/05/2021</StartDate>
<EndDate/>
<RoleCode>Principal Investigator</RoleCode>
</Investigator>
<Institution>
<Name>University of California-Berkeley</Name>
<CityName>BERKELEY</CityName>
<ZipCode>947101749</ZipCode>
<PhoneNumber>5106433891</PhoneNumber>
<StreetAddress>1608 4TH ST STE 201</StreetAddress>
<StreetAddress2/>
<CountryName>United States</CountryName>
<StateName>California</StateName>
<StateCode>CA</StateCode>
<CONGRESSDISTRICT>13</CONGRESSDISTRICT>
<CONGRESS_DISTRICT_ORG>CA13</CONGRESS_DISTRICT_ORG>
<ORG_UEI_NUM>GS3YEVSS12N6</ORG_UEI_NUM>
<ORG_LGL_BUS_NAME>REGENTS OF THE UNIVERSITY OF CALIFORNIA, THE</ORG_LGL_BUS_NAME>
<ORG_PRNT_UEI_NUM>NUDGYLBB4S99</ORG_PRNT_UEI_NUM>
</Institution>
<Performance_Institution>
<Name><![CDATA[University of California-Berkeley]]></Name>
<CityName>Berkeley</CityName>
<StateCode>CA</StateCode>
<ZipCode>947204780</ZipCode>
<StreetAddress><![CDATA[1170 VLSB]]></StreetAddress>
<CountryCode>US</CountryCode>
<CountryName>United States</CountryName>
<StateName>California</StateName>
<CountryFlag>1</CountryFlag>
<CONGRESSDISTRICT>13</CONGRESSDISTRICT>
<CONGRESS_DISTRICT_PERF>CA13</CONGRESS_DISTRICT_PERF>
</Performance_Institution>
<ProgramElement>
<Code>6895</Code>
<Text>Digitization</Text>
</ProgramElement>
<ProgramReference>
<Code>6895</Code>
<Text>DIGITIZATION</Text>
</ProgramReference>
<FUND_OBLG>2021~81793</FUND_OBLG>
</Award>
</rootTag>
