<?xml version="1.0" encoding="UTF-8"?>
<rootTag>
<Award>
<AwardTitle>Regulation of the early steps of wound-activated jasmonate biosynthesis</AwardTitle>
<AGENCY>NSF</AGENCY>
<AwardEffectiveDate>01/15/2022</AwardEffectiveDate>
<AwardExpirationDate>12/31/2024</AwardExpirationDate>
<AwardTotalIntnAmount>846276.00</AwardTotalIntnAmount>
<AwardAmount>846276</AwardAmount>
<AwardInstrument>
<Value>Standard Grant</Value>
</AwardInstrument>
<Organization>
<Code>08090000</Code>
<Directorate>
<Abbreviation>BIO</Abbreviation>
<LongName>Direct For Biological Sciences</LongName>
</Directorate>
<Division>
<Abbreviation>IOS</Abbreviation>
<LongName>Division Of Integrative Organismal Systems</LongName>
</Division>
</Organization>
<ProgramOfficer>
<SignBlockName>Michael Mishkind</SignBlockName>
<PO_EMAI>mmishkin@nsf.gov</PO_EMAI>
<PO_PHON>7032928413</PO_PHON>
</ProgramOfficer>
<AbstractNarration>To meet the growing needs of global food production, crop losses due to pests must be minimized. Many of pest resistance responses in plants are mediated by the hormonal signal, jasmonate (JA). The broader aim of this project is to understand plant’s built-in defense mechanisms mediated by JA as an important step toward developing sustainable pest mitigation measures. More specifically this project will elucidate the very first step(s) of JA biosynthesis and how it is linked to the perception of pest attacks by the plant cells. Available evidence points toward involvement of enzymes called lipases that hydrolyze membrane lipids as primary regulatory point. Uncovering biochemical regulation of lipases has potential applications in the food, cosmetics, detergent, and pharmaceutical industries. Additionally, membrane ion channels analogous to those involved in animal neurotransmission are involved in pest activated defense responses in plants. Learning how these elements are organized and engaged to carry out analogous functions across kingdoms is fascinating and will lead to more fundamental understanding about cell signaling. This project will contribute to STEM education and public science literacy in several ways. First, undergraduate participation in research will be promoted directly and indirectly through the PI’s core and institutional programs. Second, public science literacy will be enhanced through Sci-LiFT (Science Literacy for Future Teachers) program aimed at including future secondary school science teachers in authentic research. Training of future teachers and undergraduates will have far reaching impacts on society.&lt;br/&gt;&lt;br/&gt;Tissue injury such as that caused by insect herbivory triggers numerous defense responses in plants. The synthesis of the plant hormone jasmonate (JA) that begins within few minutes of tissue damage is key to these defense responses, but how such rapid synthesis of JA is achieved is still a mystery. The major goal of this project is to investigate the initial steps of JA biosynthesis to understand how these steps are regulated. The PI hypothesizes that the relevant lipases such as DEFECTIVE IN ANTHER DEHISCENCE1 (DAD1) and GLYCEROL LIPASE A1 (GLA1) are subject to distinct transcriptional and post-transcriptional modes of regulation: the latter being responsible for the initial bust of JA, while the former primes the plant for defense against future attacks. They further hypothesize that the post-transcriptional mode of activation occurs after signaling from GLUTAMATE RECEPTOR LIKE (GLR) ion channels that propagate wound response plant-wide. A diverse range of molecular, genetic, and analytical tools developed in the PI’s lab will be used in the well-established model systems of Arabidopsis and Nicotiana to address following specific aims: i) determine biochemical regulation of DAD1 and GLA1 lipases for wound-elicited JA biosynthesis, ii) identify and characterize novel proteins regulating lipase activity, and iii) determine the spatial and structural features that facilitate systemic GLR signaling to the JA pathway. Both lipases and membrane ion channels are fundamental to cell function across kingdoms and thus, understanding how these pathways have evolved in plants will contribute to understanding their general roles in life.&lt;br/&gt;&lt;br/&gt;This award reflects NSF's statutory mission and has been deemed worthy of support through evaluation using the Foundation's intellectual merit and broader impacts review criteria.</AbstractNarration>
<MinAmdLetterDate>12/31/2021</MinAmdLetterDate>
<MaxAmdLetterDate>12/31/2021</MaxAmdLetterDate>
<ARRAAmount/>
<TRAN_TYPE>Grant</TRAN_TYPE>
<CFDA_NUM>47.074</CFDA_NUM>
<NSF_PAR_USE_FLAG>1</NSF_PAR_USE_FLAG>
<FUND_AGCY_CODE>4900</FUND_AGCY_CODE>
<AWDG_AGCY_CODE>4900</AWDG_AGCY_CODE>
<AwardID>2101975</AwardID>
<Investigator>
<FirstName>Abraham</FirstName>
<LastName>Koo</LastName>
<PI_MID_INIT>J</PI_MID_INIT>
<PI_SUFX_NAME/>
<PI_FULL_NAME>Abraham J Koo</PI_FULL_NAME>
<EmailAddress>kooaj@missouri.edu</EmailAddress>
<PI_PHON>5738829227</PI_PHON>
<NSF_ID>000568858</NSF_ID>
<StartDate>12/31/2021</StartDate>
<EndDate/>
<RoleCode>Principal Investigator</RoleCode>
</Investigator>
<Investigator>
<FirstName>Marcelle</FirstName>
<LastName>Siegel</LastName>
<PI_MID_INIT>A</PI_MID_INIT>
<PI_SUFX_NAME/>
<PI_FULL_NAME>Marcelle A Siegel</PI_FULL_NAME>
<EmailAddress>siegelm@missouri.edu</EmailAddress>
<PI_PHON>5738828695</PI_PHON>
<NSF_ID>000077185</NSF_ID>
<StartDate>12/31/2021</StartDate>
<EndDate/>
<RoleCode>Co-Principal Investigator</RoleCode>
</Investigator>
<Institution>
<Name>University of Missouri-Columbia</Name>
<CityName>COLUMBIA</CityName>
<ZipCode>652113020</ZipCode>
<PhoneNumber>5738827560</PhoneNumber>
<StreetAddress>316 UNIVERSITY HALL</StreetAddress>
<StreetAddress2/>
<CountryName>United States</CountryName>
<StateName>Missouri</StateName>
<StateCode>MO</StateCode>
<CONGRESSDISTRICT>04</CONGRESSDISTRICT>
<CONGRESS_DISTRICT_ORG>MO04</CONGRESS_DISTRICT_ORG>
<ORG_UEI_NUM>SZPJL5ZRCLF4</ORG_UEI_NUM>
<ORG_LGL_BUS_NAME>UNIVERSITY OF MISSOURI SYSTEM</ORG_LGL_BUS_NAME>
<ORG_PRNT_UEI_NUM>LBFJB8N7LME3</ORG_PRNT_UEI_NUM>
</Institution>
<Performance_Institution>
<Name><![CDATA[University of Missouri-Columbia]]></Name>
<CityName>Columbia</CityName>
<StateCode>MO</StateCode>
<ZipCode>652110001</ZipCode>
<StreetAddress><![CDATA[117 Schweitzer Hall]]></StreetAddress>
<CountryCode>US</CountryCode>
<CountryName>United States</CountryName>
<StateName>Missouri</StateName>
<CountryFlag>1</CountryFlag>
<CONGRESSDISTRICT>04</CONGRESSDISTRICT>
<CONGRESS_DISTRICT_PERF>MO04</CONGRESS_DISTRICT_PERF>
</Performance_Institution>
<ProgramElement>
<Code>047Y</Code>
<Text>Plant-Biotic Interactions</Text>
</ProgramElement>
<ProgramReference>
<Code>9150</Code>
<Text>EXP PROG TO STIM COMP RES</Text>
</ProgramReference>
<ProgramReference>
<Code>9178</Code>
<Text>UNDERGRADUATE EDUCATION</Text>
</ProgramReference>
<ProgramReference>
<Code>9179</Code>
<Text>GRADUATE INVOLVEMENT</Text>
</ProgramReference>
<FUND_OBLG>2022~846276</FUND_OBLG>
</Award>
</rootTag>
