<?xml version="1.0" encoding="UTF-8"?>
<rootTag>
<Award>
<AwardTitle><![CDATA[Research Initiation Award: Theoretical and Computational Methods for Robust Retrieval of Effective Electromagnetic Properties of Random Composite Materials]]></AwardTitle>
<AGENCY>NSF</AGENCY>
<AwardEffectiveDate>06/01/2021</AwardEffectiveDate>
<AwardExpirationDate>05/31/2024</AwardExpirationDate>
<AwardTotalIntnAmount>299948.00</AwardTotalIntnAmount>
<AwardAmount>299948</AwardAmount>
<AwardInstrument>
<Value>Standard Grant</Value>
</AwardInstrument>
<Organization>
<Code>11060000</Code>
<Directorate>
<Abbreviation>EHR</Abbreviation>
<LongName>Direct For Education and Human Resources</LongName>
</Directorate>
<Division>
<Abbreviation>HRD</Abbreviation>
<LongName>Division Of Human Resource Development</LongName>
</Division>
</Organization>
<ProgramOfficer>
<SignBlockName>Leroy Jones II</SignBlockName>
<PO_EMAI>ljones@nsf.gov</PO_EMAI>
<PO_PHON>7032924684</PO_PHON>
</ProgramOfficer>
<AbstractNarration><![CDATA[Research Initiation Awards provide support for junior and mid-career faculty at Historically Black Colleges and Universities who are building new research programs or redirecting and rebuilding existing research programs. It is expected that the award helps to further the faculty member's research capability and effectiveness, improves research and teaching at the home institution, and involves undergraduate students in research experiences.  Howard University’s award supports research that seeks to optimize the engineering of random composite materials that have electromagnetic (EM) capabilities.  Such capabilities include EM interference shielding and EM observability enhancing, and/or EM sensing capabilities. This opens a wide range of applications in commercial and defense technologies, such as electrical/electronic devices, communication systems, oil and gas industries, and military and law enforcement. &lt;br/&gt;&lt;br/&gt;The macroscopic properties of composite materials depend on the geometry, distribution, volume fraction, and property of each constituent. While the numerical extraction techniques for the effective EM properties of periodically distributed composite materials are relatively well established and straightforward to implement, those for the randomly distributed composite materials have not been fully explored. The objective of this proposed research is to develop a rigorous theory and accurate and efficient numerical methods to provide the scale-dependent bounds of the effective EM properties of random composites in both static and dynamic cases. The proposed EM homogenization theory will be incorporated in the construction of an all-frequency stable formulation, which will be solved in Monte-Carlo simulations using finite element and domain decomposition methods. A stochastic simulation method will also be developed to characterize the material randomness and geometrical uncertainty and achieve an improved efficiency in the EM property retrieval. The proposed theories and methods will lead to the development of state-of-the-art homogenization tools for the characterization and analysis of random composite materials. This in turn would enable new design methodologies in random composites based on the theoretical guidance and computational support. The project includes an extensive education and outreach activities, including the involvement of students historically underrepresented in this field of research, and the development of video clips and demonstrations to disseminate the results to the public.&lt;br/&gt;&lt;br/&gt;This award reflects NSF's statutory mission and has been deemed worthy of support through evaluation using the Foundation's intellectual merit and broader impacts review criteria.]]></AbstractNarration>
<MinAmdLetterDate>03/23/2021</MinAmdLetterDate>
<MaxAmdLetterDate>05/21/2021</MaxAmdLetterDate>
<ARRAAmount/>
<TRAN_TYPE>Grant</TRAN_TYPE>
<CFDA_NUM>47.076</CFDA_NUM>
<NSF_PAR_USE_FLAG>1</NSF_PAR_USE_FLAG>
<FUND_AGCY_CODE>4900</FUND_AGCY_CODE>
<AWDG_AGCY_CODE>4900</AWDG_AGCY_CODE>
<AwardID>2101012</AwardID>
<Investigator>
<FirstName>Su</FirstName>
<LastName>Yan</LastName>
<PI_MID_INIT/>
<PI_SUFX_NAME/>
<PI_FULL_NAME>Su Yan</PI_FULL_NAME>
<EmailAddress><![CDATA[su.yan@howard.edu]]></EmailAddress>
<NSF_ID>000787196</NSF_ID>
<StartDate>03/23/2021</StartDate>
<EndDate/>
<RoleCode>Principal Investigator</RoleCode>
</Investigator>
<Institution>
<Name>Howard University</Name>
<CityName>WASHINGTON</CityName>
<ZipCode>200590001</ZipCode>
<PhoneNumber>2028064759</PhoneNumber>
<StreetAddress>2400 6TH ST NW</StreetAddress>
<StreetAddress2/>
<CountryName>United States</CountryName>
<StateName>District of Columbia</StateName>
<StateCode>DC</StateCode>
<CONGRESSDISTRICT>00</CONGRESSDISTRICT>
<CONGRESS_DISTRICT_ORG>DC00</CONGRESS_DISTRICT_ORG>
<ORG_UEI_NUM>DYZNJGLTHMR9</ORG_UEI_NUM>
<ORG_LGL_BUS_NAME>HOWARD UNIVERSITY</ORG_LGL_BUS_NAME>
<ORG_PRNT_UEI_NUM/>
</Institution>
<Performance_Institution>
<Name><![CDATA[Howard University]]></Name>
<CityName>Washington</CityName>
<StateCode>DC</StateCode>
<ZipCode>200591015</ZipCode>
<StreetAddress><![CDATA[2300 Sixth Street, NW]]></StreetAddress>
<CountryCode>US</CountryCode>
<CountryName>United States</CountryName>
<StateName>District of Columbia</StateName>
<CountryFlag>1</CountryFlag>
<CONGRESSDISTRICT>00</CONGRESSDISTRICT>
<CONGRESS_DISTRICT_PERF>DC00</CONGRESS_DISTRICT_PERF>
</Performance_Institution>
<ProgramElement>
<Code>1594</Code>
<Text>Hist Black Colleges and Univ</Text>
</ProgramElement>
<ProgramReference>
<Code>9178</Code>
<Text>UNDERGRADUATE EDUCATION</Text>
</ProgramReference>
<Appropriation>
<Code>0421</Code>
<Name>NSF Education &amp; Human Resource</Name>
<APP_SYMB_ID>040106</APP_SYMB_ID>
</Appropriation>
<Fund>
<Code>04002122DB</Code>
<Name><![CDATA[NSF Education & Human Resource]]></Name>
<FUND_SYMB_ID>040106</FUND_SYMB_ID>
</Fund>
<FUND_OBLG>2021~299948</FUND_OBLG>
</Award>
</rootTag>
