<?xml version="1.0" encoding="UTF-8"?>
<rootTag>
<Award>
<AwardTitle><![CDATA[Fostering Computational Thinking Through Neural Engineering Activities in High School Biology Classes]]></AwardTitle>
<AGENCY>NSF</AGENCY>
<AwardEffectiveDate>09/01/2021</AwardEffectiveDate>
<AwardExpirationDate>08/31/2025</AwardExpirationDate>
<AwardTotalIntnAmount>1451850.00</AwardTotalIntnAmount>
<AwardAmount>735119</AwardAmount>
<AwardInstrument>
<Value>Continuing Grant</Value>
</AwardInstrument>
<Organization>
<Code>11090000</Code>
<Directorate>
<Abbreviation>EHR</Abbreviation>
<LongName>Direct For Education and Human Resources</LongName>
</Directorate>
<Division>
<Abbreviation>DRL</Abbreviation>
<LongName>Division Of Research On Learning</LongName>
</Division>
</Organization>
<ProgramOfficer>
<SignBlockName>Gavin Fulmer</SignBlockName>
<PO_EMAI>gfulmer@nsf.gov</PO_EMAI>
<PO_PHON>7032925182</PO_PHON>
</ProgramOfficer>
<AbstractNarration><![CDATA[Computational thinking (CT) is a set of processes to identify and solve problems using algorithms or steps, and can be applied not only in computer science but in other disciplines. This project will develop and study a curriculum and app that support CT in a high school biology unit. Through a month-long neural engineering unit, approximately 500 students in 18 classes will measure their own muscle and brain activity with a low-cost, portable, wearable technology. Students will then analyze the data and design a brain-computer interface to turn neural signals into real-world output (e.g., a mechanical claw controlled by brain activity). The curriculum will be supported by: (1) a web-based instructional application that will guide students through the neural engineering design process; (2) neuroscience and engineering Ph.D. students and postdocs acting as STEM mentors; and (3) a professional development program for teachers and mentors. The goal is to increase the students’ knowledge and interest regarding neurobiology, engineering, and computational thinking. This can contribute to their long-term capacity to pursue STEM careers. By integrating CT education into high school science, this expands the accessibility of the engineering and computing experiences beyond other efforts that focus primarily on programming and computer science courses.&lt;br/&gt;&lt;br/&gt;The project will engage students in rich data practices by gathering, manipulating, analyzing, simulating, and visualizing data of bioelectrical signals from neural sensors, and in so doing give the students opportunities to apply computational thinking principles. The project will produce curriculum materials for the neural sensors and associated data practices. It will develop an app to help students design and construct a brain-computer interface, including computational elements like coding blocks, sensor and data simulation, and connecting to external devices. The five proposed research questions of the study are: How does students’ CT change throughout their participation in the neural engineering design process? What is the cross-cultural validity of two CT scales in a sample of high school students in the US? How does the process of collecting and analyzing real-world data relate to students’ experience of he engineering design process? How do students’ attitudes toward STEM change over the course of their participation in a neural engineering design process? How does teachers’ self-efficacy for fostering CT in their students via engineering design change through their participation in professional development and in implementation of the proposed curriculum?&lt;br/&gt;&lt;br/&gt;The Discovery Research preK-12 program (DRK-12) seeks to significantly enhance the learning and teaching of science, technology, engineering and mathematics (STEM) by preK-12 students and teachers, through research and development of innovative resources, models and tools. Projects in the DRK-12 program build on fundamental research in STEM education and prior research and development efforts that provide theoretical and empirical justification for proposed projects.&lt;br/&gt;&lt;br/&gt;This award reflects NSF's statutory mission and has been deemed worthy of support through evaluation using the Foundation's intellectual merit and broader impacts review criteria.]]></AbstractNarration>
<MinAmdLetterDate>04/21/2021</MinAmdLetterDate>
<MaxAmdLetterDate>04/19/2022</MaxAmdLetterDate>
<ARRAAmount/>
<TRAN_TYPE>Grant</TRAN_TYPE>
<CFDA_NUM>47.076</CFDA_NUM>
<NSF_PAR_USE_FLAG>1</NSF_PAR_USE_FLAG>
<FUND_AGCY_CODE>4900</FUND_AGCY_CODE>
<AWDG_AGCY_CODE>4900</AWDG_AGCY_CODE>
<AwardID>2101615</AwardID>
<Investigator>
<FirstName>John</FirstName>
<LastName>Settlage</LastName>
<PI_MID_INIT>H</PI_MID_INIT>
<PI_SUFX_NAME/>
<PI_FULL_NAME>John H Settlage</PI_FULL_NAME>
<EmailAddress><![CDATA[john.settlage@uconn.edu]]></EmailAddress>
<NSF_ID>000071329</NSF_ID>
<StartDate>04/21/2021</StartDate>
<EndDate/>
<RoleCode>Co-Principal Investigator</RoleCode>
</Investigator>
<Investigator>
<FirstName>Christopher</FirstName>
<LastName>Rhoads</LastName>
<PI_MID_INIT>H</PI_MID_INIT>
<PI_SUFX_NAME/>
<PI_FULL_NAME>Christopher H Rhoads</PI_FULL_NAME>
<EmailAddress><![CDATA[christopher.rhoads@uconn.edu]]></EmailAddress>
<NSF_ID>000626207</NSF_ID>
<StartDate>04/21/2021</StartDate>
<EndDate/>
<RoleCode>Co-Principal Investigator</RoleCode>
</Investigator>
<Investigator>
<FirstName>Aaron</FirstName>
<LastName>Kyle</LastName>
<PI_MID_INIT/>
<PI_SUFX_NAME/>
<PI_FULL_NAME>Aaron Kyle</PI_FULL_NAME>
<EmailAddress><![CDATA[ak3110@columbia.edu]]></EmailAddress>
<NSF_ID>000661701</NSF_ID>
<StartDate>04/21/2021</StartDate>
<EndDate/>
<RoleCode>Co-Principal Investigator</RoleCode>
</Investigator>
<Investigator>
<FirstName>Bianca</FirstName>
<LastName>Montrosse-Moorhead</LastName>
<PI_MID_INIT/>
<PI_SUFX_NAME/>
<PI_FULL_NAME>Bianca Montrosse-Moorhead</PI_FULL_NAME>
<EmailAddress><![CDATA[bianca@uconn.edu]]></EmailAddress>
<NSF_ID>000747700</NSF_ID>
<StartDate>04/21/2021</StartDate>
<EndDate/>
<RoleCode>Co-Principal Investigator</RoleCode>
</Investigator>
<Investigator>
<FirstName>Ido</FirstName>
<LastName>Davidesco</LastName>
<PI_MID_INIT/>
<PI_SUFX_NAME/>
<PI_FULL_NAME>Ido Davidesco</PI_FULL_NAME>
<EmailAddress><![CDATA[ido.davidesco@uconn.edu]]></EmailAddress>
<NSF_ID>000792232</NSF_ID>
<StartDate>04/21/2021</StartDate>
<EndDate/>
<RoleCode>Principal Investigator</RoleCode>
</Investigator>
<Institution>
<Name>University of Connecticut</Name>
<CityName>STORRS</CityName>
<ZipCode>062691133</ZipCode>
<PhoneNumber>8604863622</PhoneNumber>
<StreetAddress>438 WHITNEY RD EXTENSION UNIT 11</StreetAddress>
<StreetAddress2/>
<CountryName>United States</CountryName>
<StateName>Connecticut</StateName>
<StateCode>CT</StateCode>
<CONGRESSDISTRICT>02</CONGRESSDISTRICT>
<CONGRESS_DISTRICT_ORG>CT02</CONGRESS_DISTRICT_ORG>
<ORG_UEI_NUM>WNTPS995QBM7</ORG_UEI_NUM>
<ORG_LGL_BUS_NAME>UNIVERSITY OF CONNECTICUT</ORG_LGL_BUS_NAME>
<ORG_PRNT_UEI_NUM>D9SNFDRCW3W7</ORG_PRNT_UEI_NUM>
</Institution>
<Performance_Institution>
<Name><![CDATA[University of Connecticut]]></Name>
<CityName>Storrs</CityName>
<StateCode>CT</StateCode>
<ZipCode>062693064</ZipCode>
<StreetAddress><![CDATA[249 Glenbrook Road, Unit 3064]]></StreetAddress>
<CountryCode>US</CountryCode>
<CountryName>United States</CountryName>
<StateName>Connecticut</StateName>
<CountryFlag>1</CountryFlag>
<CONGRESSDISTRICT>02</CONGRESSDISTRICT>
<CONGRESS_DISTRICT_PERF>CT02</CONGRESS_DISTRICT_PERF>
</Performance_Institution>
<ProgramElement>
<Code>7645</Code>
<Text>Discovery Research K-12</Text>
</ProgramElement>
<ProgramReference>
<Code>8212</Code>
<Text>Broaden Particip STEM Resrch</Text>
</ProgramReference>
<ProgramReference>
<Code>8817</Code>
<Text>STEM Learning &amp; Learning Environments</Text>
</ProgramReference>
<Appropriation>
<Code>0421</Code>
<Name>NSF Education &amp; Human Resource</Name>
<APP_SYMB_ID>040106</APP_SYMB_ID>
</Appropriation>
<Fund>
<Code>04002122DB</Code>
<Name><![CDATA[NSF Education & Human Resource]]></Name>
<FUND_SYMB_ID>040106</FUND_SYMB_ID>
</Fund>
<FUND_OBLG>2021~735119</FUND_OBLG>
</Award>
</rootTag>
