<?xml version="1.0" encoding="UTF-8"?>
<rootTag>
<Award>
<AwardTitle><![CDATA[Investigating the Role of Collaboration on the Development of Student Ideas using a Learning Progression for the Function Concept]]></AwardTitle>
<AGENCY>NSF</AGENCY>
<AwardEffectiveDate>07/01/2021</AwardEffectiveDate>
<AwardExpirationDate>06/30/2025</AwardExpirationDate>
<AwardTotalIntnAmount>3063630.00</AwardTotalIntnAmount>
<AwardAmount>1658608</AwardAmount>
<AwardInstrument>
<Value>Continuing Grant</Value>
</AwardInstrument>
<Organization>
<Code>11090000</Code>
<Directorate>
<Abbreviation>EHR</Abbreviation>
<LongName>Direct For Education and Human Resources</LongName>
</Directorate>
<Division>
<Abbreviation>DRL</Abbreviation>
<LongName>Division Of Research On Learning</LongName>
</Division>
</Organization>
<ProgramOfficer>
<SignBlockName>Eric Knuth</SignBlockName>
<PO_EMAI>eknuth@nsf.gov</PO_EMAI>
<PO_PHON>7032928402</PO_PHON>
</ProgramOfficer>
<AbstractNarration><![CDATA[Collaborative problem solving is a valued 21st century skill that can enhance learning outcomes. Learning progressions, which are models of how student thinking develops within a domain, have potential to provide actionable information to teachers to guide instruction. Facilitation may support collaborative problem solving and make visible student thinking with respect to learning progressions. In this project, the team will address questions about how collaborative problem solving, learning progressions, and facilitation interact in the development of students’ mathematical learning. The work affords an opportunity to advance equitable access to high-quality education for all students by enhancing the quality of instruction for students lacking opportunities to learn key concepts of mathematics because of the inequitable structures of education in the country. The project team anticipates that their work will generate resources and findings for future work, such as a version of the learning progression that can be used by teachers to interpret student work and information about how students and facilitators can use online collaborative technology in support of mathematics learning and assessment.&lt;br/&gt;&lt;br/&gt;The project team will integrate learning progression assessment tasks into an online collaborative learning and assessment platform. The tasks focus on the concept of function, a foundational area of mathematics, and are designed for students in Grades 9 through 12. Students will engage with the tasks in four phases: first, they will solve a task individually. Second, they will revisit that task as part of a 3- or 4- person team in a collaborative environment. Some team discussions will be facilitated by near-peer mentors. Third, the teams will present their results to the class. Students will engage in a whole class discussion with facilitation and wrap up by the teacher. Finally, students will respond individually to a conceptually similar task. Discourse will be coded using both domain-specific and domain-general coding schemes that identify cognitive, social, and facilitation practices during team collaboration and class discussion; results will attend to the both the focus and the development of ideas over the course of discussion. The project will also feature a professional development component for teachers and youth facilitators.&lt;br/&gt;&lt;br/&gt;The Discovery Research preK-12 program (DRK-12) seeks to significantly enhance the learning and teaching of science, technology, engineering and mathematics (STEM) by preK-12 students and teachers, through research and development of innovative resources, models and tools. Projects in the DRK-12 program build on fundamental research in STEM education and prior research and development efforts that provide theoretical and empirical justification for proposed projects.&lt;br/&gt;&lt;br/&gt;This award reflects NSF's statutory mission and has been deemed worthy of support through evaluation using the Foundation's intellectual merit and broader impacts review criteria.]]></AbstractNarration>
<MinAmdLetterDate>04/26/2021</MinAmdLetterDate>
<MaxAmdLetterDate>04/26/2021</MaxAmdLetterDate>
<ARRAAmount/>
<TRAN_TYPE>Grant</TRAN_TYPE>
<CFDA_NUM>47.076</CFDA_NUM>
<NSF_PAR_USE_FLAG>1</NSF_PAR_USE_FLAG>
<FUND_AGCY_CODE>4900</FUND_AGCY_CODE>
<AWDG_AGCY_CODE>4900</AWDG_AGCY_CODE>
<AwardID>2101393</AwardID>
<Investigator>
<FirstName>Edith</FirstName>
<LastName>Graf</LastName>
<PI_MID_INIT/>
<PI_SUFX_NAME/>
<PI_FULL_NAME>Edith Graf</PI_FULL_NAME>
<EmailAddress><![CDATA[agraf@ets.org]]></EmailAddress>
<NSF_ID>000187806</NSF_ID>
<StartDate>04/26/2021</StartDate>
<EndDate/>
<RoleCode>Principal Investigator</RoleCode>
</Investigator>
<Investigator>
<FirstName>William</FirstName>
<LastName>Crombie</LastName>
<PI_MID_INIT>O</PI_MID_INIT>
<PI_SUFX_NAME/>
<PI_FULL_NAME>William O Crombie</PI_FULL_NAME>
<EmailAddress><![CDATA[bcrombie@aol.com]]></EmailAddress>
<NSF_ID>000556114</NSF_ID>
<StartDate>04/26/2021</StartDate>
<EndDate/>
<RoleCode>Co-Principal Investigator</RoleCode>
</Investigator>
<Investigator>
<FirstName>Y.-J. Yvonne</FirstName>
<LastName>Lai</LastName>
<PI_MID_INIT/>
<PI_SUFX_NAME/>
<PI_FULL_NAME>Y.-J. Yvonne Lai</PI_FULL_NAME>
<EmailAddress><![CDATA[yvonnexlai@unl.edu]]></EmailAddress>
<NSF_ID>000564285</NSF_ID>
<StartDate>04/26/2021</StartDate>
<EndDate/>
<RoleCode>Co-Principal Investigator</RoleCode>
</Investigator>
<Investigator>
<FirstName>Cheryl</FirstName>
<LastName>Lizano</LastName>
<PI_MID_INIT/>
<PI_SUFX_NAME/>
<PI_FULL_NAME>Cheryl Lizano</PI_FULL_NAME>
<EmailAddress><![CDATA[ceames@siue.edu]]></EmailAddress>
<NSF_ID>000739059</NSF_ID>
<StartDate>04/26/2021</StartDate>
<EndDate/>
<RoleCode>Co-Principal Investigator</RoleCode>
</Investigator>
<Investigator>
<FirstName>Charlenne</FirstName>
<LastName>DeLeon</LastName>
<PI_MID_INIT/>
<PI_SUFX_NAME/>
<PI_FULL_NAME>Charlenne DeLeon</PI_FULL_NAME>
<EmailAddress><![CDATA[charlenne@typp.org]]></EmailAddress>
<NSF_ID>000763412</NSF_ID>
<StartDate>04/26/2021</StartDate>
<EndDate/>
<RoleCode>Co-Principal Investigator</RoleCode>
</Investigator>
<Institution>
<Name>Educational Testing Service</Name>
<CityName>PRINCETON</CityName>
<ZipCode>085402218</ZipCode>
<PhoneNumber>6096832734</PhoneNumber>
<StreetAddress>660 ROSEDALE RD</StreetAddress>
<StreetAddress2/>
<CountryName>United States</CountryName>
<StateName>New Jersey</StateName>
<StateCode>NJ</StateCode>
<CONGRESSDISTRICT>12</CONGRESSDISTRICT>
<CONGRESS_DISTRICT_ORG>NJ12</CONGRESS_DISTRICT_ORG>
<ORG_UEI_NUM>SZN1MPHQN853</ORG_UEI_NUM>
<ORG_LGL_BUS_NAME>EDUCATIONAL TESTING SERVICE</ORG_LGL_BUS_NAME>
<ORG_PRNT_UEI_NUM>SZN1MPHQN853</ORG_PRNT_UEI_NUM>
</Institution>
<Performance_Institution>
<Name><![CDATA[Educational Testing Service]]></Name>
<CityName/>
<StateCode>NJ</StateCode>
<ZipCode>085402218</ZipCode>
<StreetAddress/>
<CountryCode>US</CountryCode>
<CountryName>United States</CountryName>
<StateName>New Jersey</StateName>
<CountryFlag>1</CountryFlag>
<CONGRESSDISTRICT>12</CONGRESSDISTRICT>
<CONGRESS_DISTRICT_PERF>NJ12</CONGRESS_DISTRICT_PERF>
</Performance_Institution>
<ProgramElement>
<Code>7645</Code>
<Text>Discovery Research K-12</Text>
</ProgramElement>
<Appropriation>
<Code>0421</Code>
<Name>NSF Education &amp; Human Resource</Name>
<APP_SYMB_ID>040106</APP_SYMB_ID>
</Appropriation>
<Fund>
<Code>04002122DB</Code>
<Name><![CDATA[NSF Education & Human Resource]]></Name>
<FUND_SYMB_ID>040106</FUND_SYMB_ID>
</Fund>
<FUND_OBLG>2021~1658608</FUND_OBLG>
</Award>
</rootTag>
