<?xml version="1.0" encoding="UTF-8"?>
<rootTag>
<Award>
<AwardTitle>Digitization TCN: Collaborative Research: Bringing Asia to digital life: mobilizing underrepresented Asian herbarium collections in the US to propel biodiversity discovery</AwardTitle>
<AGENCY>NSF</AGENCY>
<AwardEffectiveDate>09/15/2021</AwardEffectiveDate>
<AwardExpirationDate>08/31/2025</AwardExpirationDate>
<AwardTotalIntnAmount>1632344.00</AwardTotalIntnAmount>
<AwardAmount>485585</AwardAmount>
<AwardInstrument>
<Value>Continuing Grant</Value>
</AwardInstrument>
<Organization>
<Code>08080000</Code>
<Directorate>
<Abbreviation>BIO</Abbreviation>
<LongName>Direct For Biological Sciences</LongName>
</Directorate>
<Division>
<Abbreviation>DBI</Abbreviation>
<LongName>Div Of Biological Infrastructure</LongName>
</Division>
</Organization>
<ProgramOfficer>
<SignBlockName>Reed Beaman</SignBlockName>
<PO_EMAI>rsbeaman@nsf.gov</PO_EMAI>
<PO_PHON>7032927163</PO_PHON>
</ProgramOfficer>
<AbstractNarration>Asia is the largest continent on Earth, and includes the world’s tallest mountains, lowest landscapes, and habitats ranging from arctic tundra to tropical rainforests and mangroves to deserts. The plants of this region are incredibly diverse in their identities and functions. More than one-third of the world’s 350,000 plant species grow in Asia and include tiny alpine cushion plants, medicinal herbs, ancient crops, and some of the planet’s tallest rainforest trees. But documentation of this diversity remains inaccessible and research about it is difficult because most herbarium specimens of Asian plants have not been digitized. The All Asia Thematic Collections Network (TCN) will mobilize online 15 million specimens of Asian plants currently housed in the US and around the world. The project will especially focus on digitizing specimens from the unique and critically endangered biodiversity hotspots of Southeast Asia and the Himalaya-Hengduan region. These mobilized digital data will accelerate research to conserve endangered plant species and understand the interacting effects of evolution and global environmental change on plant species diversity. The project will apply state-of-the-art informatics tools and high-throughput digitization methods to efficiently and affordably digitize an unprecedented number of herbarium collections. This effort will connect and build long-lasting relationships among 25 large and small consortium institutions in the U.S., Europe, and Asia. &lt;br/&gt;&lt;br/&gt;The focal areas from which specimens will be digitized encompass five biodiversity hotspots that include ~20% of the world’s vascular plant flora and historically spanned 3 million km² of primary vegetation that now covers less than 300,000 km². Fundamental biodiversity data for these biodiversity hotspots are lacking, along with the necessary baselines required to characterize species’ identity, range, and responses to ongoing climatic change. The overall goals of the All Asia TCN are to rapidly digitize herbarium specimens of Asian plants to advance biodiversity discovery and provide critical baseline assessments essential for establishing floristic change in the Anthropocene. The project will accomplish this by (1) digitizing 3 million Asian vascular plant specimens from U.S. herbaria; (2) developing and applying novel informatics tools and high-throughput digitization methods to massively scale herbarium digitization; (3) aggregating and mobilizing the digitized records from the project with those by international partners in China, France, the Netherlands, and Russia to establish a single online All Asia portal of ca. 15 million specimens; and (4) enhancing opportunities for early career learners in science, technology, engineering, and mathematics by stimulating synergies between biodiversity and computer scientists who will use design thinking principles to create real-world informatics solutions to biodiversity challenges. To stimulate curiosity in plant diversity and botanical exploration among the general public, the consortium members will host several Asia-themed Notes from Nature virtual expeditions to facilitate additional specimen digitization by citizen-scientists.  Digitized specimen data mobilized through this project will be shared and made available through iDigBio.org.&lt;br/&gt;&lt;br/&gt;This award reflects NSF's statutory mission and has been deemed worthy of support through evaluation using the Foundation's intellectual merit and broader impacts review criteria.</AbstractNarration>
<MinAmdLetterDate>07/20/2021</MinAmdLetterDate>
<MaxAmdLetterDate>07/20/2021</MaxAmdLetterDate>
<ARRAAmount/>
<TRAN_TYPE>Grant</TRAN_TYPE>
<CFDA_NUM>47.074</CFDA_NUM>
<NSF_PAR_USE_FLAG>1</NSF_PAR_USE_FLAG>
<FUND_AGCY_CODE>4900</FUND_AGCY_CODE>
<AWDG_AGCY_CODE>4900</AWDG_AGCY_CODE>
<AwardID>2101884</AwardID>
<Investigator>
<FirstName>Charles</FirstName>
<LastName>Davis</LastName>
<PI_MID_INIT>C</PI_MID_INIT>
<PI_SUFX_NAME/>
<PI_FULL_NAME>Charles C Davis</PI_FULL_NAME>
<EmailAddress>cdavis@oeb.harvard.edu</EmailAddress>
<PI_PHON>6174952365</PI_PHON>
<NSF_ID>000328557</NSF_ID>
<StartDate>07/20/2021</StartDate>
<EndDate/>
<RoleCode>Principal Investigator</RoleCode>
</Investigator>
<Investigator>
<FirstName>Jonathan</FirstName>
<LastName>Kennedy</LastName>
<PI_MID_INIT/>
<PI_SUFX_NAME/>
<PI_FULL_NAME>Jonathan Kennedy</PI_FULL_NAME>
<EmailAddress>jonathan_kennedy@harvard.edu</EmailAddress>
<PI_PHON>6174952331</PI_PHON>
<NSF_ID>000812730</NSF_ID>
<StartDate>07/20/2021</StartDate>
<EndDate/>
<RoleCode>Co-Principal Investigator</RoleCode>
</Investigator>
<Institution>
<Name>Harvard University</Name>
<CityName>CAMBRIDGE</CityName>
<ZipCode>021385369</ZipCode>
<PhoneNumber>6174955501</PhoneNumber>
<StreetAddress>1033 MASSACHUSETTS AVE 5TH FL</StreetAddress>
<StreetAddress2/>
<CountryName>United States</CountryName>
<StateName>Massachusetts</StateName>
<StateCode>MA</StateCode>
<CONGRESSDISTRICT>05</CONGRESSDISTRICT>
<CONGRESS_DISTRICT_ORG>MA05</CONGRESS_DISTRICT_ORG>
<ORG_UEI_NUM>LN53LCFJFL45</ORG_UEI_NUM>
<ORG_LGL_BUS_NAME>PRESIDENT AND FELLOWS OF HARVARD COLLEGE</ORG_LGL_BUS_NAME>
<ORG_PRNT_UEI_NUM>ML98SNHE8XL1</ORG_PRNT_UEI_NUM>
</Institution>
<Performance_Institution>
<Name><![CDATA[Harvard University Herbaria]]></Name>
<CityName>Cambridge</CityName>
<StateCode>MA</StateCode>
<ZipCode>021382020</ZipCode>
<StreetAddress><![CDATA[22 Divinity Ave.]]></StreetAddress>
<CountryCode>US</CountryCode>
<CountryName>United States</CountryName>
<StateName>Massachusetts</StateName>
<CountryFlag>1</CountryFlag>
<CONGRESSDISTRICT>05</CONGRESSDISTRICT>
<CONGRESS_DISTRICT_PERF>MA05</CONGRESS_DISTRICT_PERF>
</Performance_Institution>
<ProgramElement>
<Code>6895</Code>
<Text>Digitization</Text>
</ProgramElement>
<ProgramReference>
<Code>6895</Code>
<Text>DIGITIZATION</Text>
</ProgramReference>
<FUND_OBLG>2021~485585</FUND_OBLG>
</Award>
</rootTag>
