<?xml version="1.0" encoding="UTF-8"?>
<rootTag>
<Award>
<AwardTitle>Precipitating Change in Alaskan and Hawaiian Schools: Modeling Mitigation of Coastal Erosion</AwardTitle>
<AGENCY>NSF</AGENCY>
<AwardEffectiveDate>07/01/2021</AwardEffectiveDate>
<AwardExpirationDate>06/30/2024</AwardExpirationDate>
<AwardTotalIntnAmount>2852670.00</AwardTotalIntnAmount>
<AwardAmount>1947945</AwardAmount>
<AwardInstrument>
<Value>Continuing Grant</Value>
</AwardInstrument>
<Organization>
<Code>11090000</Code>
<Directorate>
<Abbreviation>EHR</Abbreviation>
<LongName>Direct For Education and Human Resources</LongName>
</Directorate>
<Division>
<Abbreviation>DRL</Abbreviation>
<LongName>Division Of Research On Learning</LongName>
</Division>
</Organization>
<ProgramOfficer>
<SignBlockName>Bradley Barker</SignBlockName>
<PO_EMAI>bsbarker@nsf.gov</PO_EMAI>
<PO_PHON>7032925183</PO_PHON>
</ProgramOfficer>
<AbstractNarration>Alaska and Hawaii face similar challenges with threats caused by coastal erosion. This project will engage middle school students in place-based coastal erosion investigations that interweave Indigenous knowledge and Western STEM perspectives. Indigenous perspectives will emphasize learning from place and community. Western STEM perspectives will focus on systems and computational thinking. The project will design and implement a series of classroom investigations using universal design for learning (UDL) principles, creating a glossary, translations for Indigenous languages, and ways to assist students in understanding of Indigenous and Western science terms. The coastal erosion content will be collaboratively piloted, refined, and implemented with middle school teachers and students in Alaska and Hawaii. Project research will build on and refine a learning progression framework that describes how students develop an understanding of coastal erosion that occurs over time. Research will also examine how students make sense of and develop increasingly complex and integrated knowledge and practice in Earth science and computational thinking. Areas of knowledge and practice will include explaining and predicting events and processes in systems and developing solutions to problems. The project’s curriculum and findings will be widely disseminated to researchers and the broader body of Alaskan and Hawaiian schools and teachers, as well as the Indigenous education and science education communities, to share understanding about the project’s model and lessons.&lt;br/&gt;&lt;br/&gt;The project will position middle school students in a culturally congruent epistemological stance (student-as-anthropologist), allowing them to build Earth science learning from both Indigenous knowledge as well as Western-style inquiry and promote their ability to apply integrated Earth science, mathematics, and computational thinking skills in the context of coastal erosion. The project will recruit 20 teachers, and the intervention is expected to be integrated into approximately 24 classrooms. Project research and evaluation will investigate how the culturally congruent and scientifically and technologically ambitious instruction prepares students to bring multiple perspectives, including Indigenous and Western science, to study and address socioscientific issues. This project will adopt a design-based implementation research approach to answer three main research questions.  The research questions are: 1: What are different ways students make sense of coastal erosion? How do students’ ways of making sense reflect personal and cultural (including Indigenous) funds of knowledge and Western STEM perspectives reflective of Next Generation Science Standards-aligned three-dimensional science knowledge and practice? 2: How do culturally congruent, multi-perspective learning experiences that value both students’ home culture and Western science perspectives relate to changes in students’ science knowledge and practices integrating coastal erosion and computational thinking? 3: How do multi-perspective learning experiences influence the approaches to learning students describe when they encounter a new socioscientific issue?   Data will be analyzed using a mixed methods approach.&lt;br/&gt;&lt;br/&gt;The Discovery Research preK-12 program (DRK-12) seeks to significantly enhance the learning and teaching of science, technology, engineering and mathematics (STEM) by preK-12 students and teachers, through research and development of innovative resources, models and tools. Projects in the DRK-12 program build on fundamental research in STEM education and prior research and development efforts that provide theoretical and empirical justification for proposed projects.&lt;br/&gt;&lt;br/&gt;This award reflects NSF's statutory mission and has been deemed worthy of support through evaluation using the Foundation's intellectual merit and broader impacts review criteria.</AbstractNarration>
<MinAmdLetterDate>06/04/2021</MinAmdLetterDate>
<MaxAmdLetterDate>06/04/2021</MaxAmdLetterDate>
<ARRAAmount/>
<TRAN_TYPE>Grant</TRAN_TYPE>
<CFDA_NUM>47.076</CFDA_NUM>
<NSF_PAR_USE_FLAG>1</NSF_PAR_USE_FLAG>
<FUND_AGCY_CODE>4900</FUND_AGCY_CODE>
<AWDG_AGCY_CODE>4900</AWDG_AGCY_CODE>
<AwardID>2101198</AwardID>
<Investigator>
<FirstName>Noelani</FirstName>
<LastName>Puniwai</LastName>
<PI_MID_INIT/>
<PI_SUFX_NAME/>
<PI_FULL_NAME>Noelani Puniwai</PI_FULL_NAME>
<EmailAddress>npuniwai@hawaii.edu</EmailAddress>
<PI_PHON>8082842844</PI_PHON>
<NSF_ID>000651854</NSF_ID>
<StartDate>06/04/2021</StartDate>
<EndDate/>
<RoleCode>Co-Principal Investigator</RoleCode>
</Investigator>
<Investigator>
<FirstName>Thomas</FirstName>
<LastName>Moher</LastName>
<PI_MID_INIT>G</PI_MID_INIT>
<PI_SUFX_NAME/>
<PI_FULL_NAME>Thomas G Moher</PI_FULL_NAME>
<EmailAddress>moher@uic.edu</EmailAddress>
<PI_PHON>3129964562</PI_PHON>
<NSF_ID>000328367</NSF_ID>
<StartDate>06/04/2021</StartDate>
<EndDate/>
<RoleCode>Co-Principal Investigator</RoleCode>
</Investigator>
<Investigator>
<FirstName>Carolyn</FirstName>
<LastName>Staudt</LastName>
<PI_MID_INIT>J</PI_MID_INIT>
<PI_SUFX_NAME/>
<PI_FULL_NAME>Carolyn J Staudt</PI_FULL_NAME>
<EmailAddress>carolyn@concord.org</EmailAddress>
<PI_PHON>9784053215</PI_PHON>
<NSF_ID>000271194</NSF_ID>
<StartDate>06/04/2021</StartDate>
<EndDate/>
<RoleCode>Principal Investigator</RoleCode>
</Investigator>
<Investigator>
<FirstName>Beth</FirstName>
<LastName>Covitt</LastName>
<PI_MID_INIT>A</PI_MID_INIT>
<PI_SUFX_NAME/>
<PI_FULL_NAME>Beth A Covitt</PI_FULL_NAME>
<EmailAddress>beth.covitt@mso.umt.edu</EmailAddress>
<PI_PHON>4062434828</PI_PHON>
<NSF_ID>000542726</NSF_ID>
<StartDate>06/04/2021</StartDate>
<EndDate/>
<RoleCode>Co-Principal Investigator</RoleCode>
</Investigator>
<Institution>
<Name>Concord Consortium</Name>
<CityName>CONCORD</CityName>
<ZipCode>017422345</ZipCode>
<PhoneNumber>9784053205</PhoneNumber>
<StreetAddress>25 LOVE LN</StreetAddress>
<StreetAddress2/>
<CountryName>United States</CountryName>
<StateName>Massachusetts</StateName>
<StateCode>MA</StateCode>
<CONGRESSDISTRICT>03</CONGRESSDISTRICT>
<CONGRESS_DISTRICT_ORG>MA03</CONGRESS_DISTRICT_ORG>
<ORG_UEI_NUM>FY85DRNMJAM4</ORG_UEI_NUM>
<ORG_LGL_BUS_NAME>CONCORD CONSORTIUM INC</ORG_LGL_BUS_NAME>
<ORG_PRNT_UEI_NUM/>
</Institution>
<Performance_Institution>
<Name><![CDATA[Concord Consortium]]></Name>
<CityName>Concord</CityName>
<StateCode>MA</StateCode>
<ZipCode>017422345</ZipCode>
<StreetAddress><![CDATA[25 Love Lane]]></StreetAddress>
<CountryCode>US</CountryCode>
<CountryName>United States</CountryName>
<StateName>Massachusetts</StateName>
<CountryFlag>1</CountryFlag>
<CONGRESSDISTRICT>03</CONGRESSDISTRICT>
<CONGRESS_DISTRICT_PERF>MA03</CONGRESS_DISTRICT_PERF>
</Performance_Institution>
<ProgramElement>
<Code>7645</Code>
<Text>Discovery Research K-12</Text>
</ProgramElement>
<ProgramReference>
<Code>072Z</Code>
<Text>NNA-Navigating the New Arctic</Text>
</ProgramReference>
<Appropriation>
<Code>0421</Code>
<Name>NSF Education &amp; Human Resource</Name>
<APP_SYMB_ID>040106</APP_SYMB_ID>
</Appropriation>
<Fund>
<Code>04002122DB</Code>
<Name><![CDATA[NSF Education & Human Resource]]></Name>
<FUND_SYMB_ID>040106</FUND_SYMB_ID>
</Fund>
<FUND_OBLG>2021~1947945</FUND_OBLG>
</Award>
</rootTag>
