<?xml version="1.0" encoding="UTF-8"?>
<rootTag>
<Award>
<AwardTitle>Collaborative Research: Digitization PEN: BatPEN!—A Partnership to Facilitate Scientific Inquiry into the Vast Functional Trait Diversity of Phyllostomid Bats</AwardTitle>
<AGENCY>NSF</AGENCY>
<AwardEffectiveDate>09/01/2021</AwardEffectiveDate>
<AwardExpirationDate>08/31/2023</AwardExpirationDate>
<AwardTotalIntnAmount>175000.00</AwardTotalIntnAmount>
<AwardAmount>175000</AwardAmount>
<AwardInstrument>
<Value>Standard Grant</Value>
</AwardInstrument>
<Organization>
<Code>08080000</Code>
<Directorate>
<Abbreviation>BIO</Abbreviation>
<LongName>Direct For Biological Sciences</LongName>
</Directorate>
<Division>
<Abbreviation>DBI</Abbreviation>
<LongName>Div Of Biological Infrastructure</LongName>
</Division>
</Organization>
<ProgramOfficer>
<SignBlockName>Reed Beaman</SignBlockName>
<PO_EMAI>rsbeaman@nsf.gov</PO_EMAI>
<PO_PHON>7032927163</PO_PHON>
</ProgramOfficer>
<AbstractNarration>Through the process of diversification, more organisms exist today than at any other time during the history of life. However, this biodiversity is not evenly distributed through space, time, or across the tree of life. Understanding phenotypic trait variability across taxa provides information that is valuable for answering some of the most fundamental questions in biology such as, what determines the relationship between form and function, how do different phenotypes facilitate coexistence across communities, or how has the evolution of phenotypic characteristics influenced the levels of biodiversity exhibited today? Variation in phenotypic traits forms the bedrock of understanding in much of ecology, evolution, and systematics. In partnership with the oVert TCN, the BatPEN! project will mobilize high-resolution phenotypic functional-trait data from the Neotropical bat family Phyllostomidae. The aim of BatPEN! is to increase the abundance of available functional trait data, create scientific infrastructure, and facilitate scientific inquiry into the most diverse family-level clade of mammals. Moreover, the project will fuel novel STEM training opportunities and enable major research avenues in ecology and evolutionary biology. &lt;br/&gt;&lt;br/&gt;BatPEN! will generate about 1000 high-resolution computerized tomography (CT) scans of entire museum specimens to fill in representation of the 214 phyllostomid species with the aim to substantially compliment the one species per genus taxonomic coverage of oVert. This will also add additional novel coverage to oVert in two ways, first by including deeper intraspecific coverage of 5 taxa that phylogenetically span the higher-level monophyletic subclades of Phyllostomidae based on 10 individuals from each of 10 different sites distributed across the Neotropics, and second, by scanning ontogenetic series from three species exhibiting three different degrees of sexual dimorphism. Immediate educational and research impacts will occur by adherence to core data management protocols of the oVert-TCN, including hosting open phenotypic data on MorphoSource (morphosource.org) and seamlessly linking these data back to original specimens and other specimen-derived resources via iDigBio (idigbio.org). BatPEN! will facilitate museum-based scientific infrastructure through not just making digitized data streams available but by training the next generation of museum scientists. BatPEN! will be based at a Hispanic serving institution and will ensure direct involvement of under-represented groups in STEM. The project will draw undergraduates from Texas Tech’s ethnically diverse population to assist with research related to BatPEN! through the Center for the Integration of Stem Education and Research (CISER). In cooperation with the Museum Science and Heritage Graduate Program at Texas Tech, museum science students will be trained in curational/collections activities to contribute to the next generation of collection-based researchers and educators. In addition, a formal course will be offered entitled “Vertebrate Curational Techniques,” which will provide a hands-on approach to curation and collection activity.&lt;br/&gt;&lt;br/&gt;This award reflects NSF's statutory mission and has been deemed worthy of support through evaluation using the Foundation's intellectual merit and broader impacts review criteria.</AbstractNarration>
<MinAmdLetterDate>08/04/2021</MinAmdLetterDate>
<MaxAmdLetterDate>08/04/2021</MaxAmdLetterDate>
<ARRAAmount/>
<TRAN_TYPE>Grant</TRAN_TYPE>
<CFDA_NUM>47.074</CFDA_NUM>
<NSF_PAR_USE_FLAG>1</NSF_PAR_USE_FLAG>
<FUND_AGCY_CODE>4900</FUND_AGCY_CODE>
<AWDG_AGCY_CODE>4900</AWDG_AGCY_CODE>
<AwardID>2101909</AwardID>
<Investigator>
<FirstName>David</FirstName>
<LastName>Blackburn</LastName>
<PI_MID_INIT>C</PI_MID_INIT>
<PI_SUFX_NAME/>
<PI_FULL_NAME>David C Blackburn</PI_FULL_NAME>
<EmailAddress>dblackburn@flmnh.ufl.edu</EmailAddress>
<PI_PHON>3522731945</PI_PHON>
<NSF_ID>000522423</NSF_ID>
<StartDate>08/04/2021</StartDate>
<EndDate/>
<RoleCode>Co-Principal Investigator</RoleCode>
</Investigator>
<Investigator>
<FirstName>Richard</FirstName>
<LastName>Stevens</LastName>
<PI_MID_INIT/>
<PI_SUFX_NAME/>
<PI_FULL_NAME>Richard Stevens</PI_FULL_NAME>
<EmailAddress>richard.stevens@ttu.edu</EmailAddress>
<PI_PHON>8068346843</PI_PHON>
<NSF_ID>000369226</NSF_ID>
<StartDate>08/04/2021</StartDate>
<EndDate/>
<RoleCode>Principal Investigator</RoleCode>
</Investigator>
<Institution>
<Name>Texas Tech University</Name>
<CityName>LUBBOCK</CityName>
<ZipCode>794090000</ZipCode>
<PhoneNumber>8067423884</PhoneNumber>
<StreetAddress>2500 BROADWAY</StreetAddress>
<StreetAddress2/>
<CountryName>United States</CountryName>
<StateName>Texas</StateName>
<StateCode>TX</StateCode>
<CONGRESSDISTRICT>19</CONGRESSDISTRICT>
<CONGRESS_DISTRICT_ORG>TX19</CONGRESS_DISTRICT_ORG>
<ORG_UEI_NUM>EGLKRQ5JBCZ7</ORG_UEI_NUM>
<ORG_LGL_BUS_NAME>TEXAS TECH UNIVERSITY SYSTEM</ORG_LGL_BUS_NAME>
<ORG_PRNT_UEI_NUM>EGLKRQ5JBCZ7</ORG_PRNT_UEI_NUM>
</Institution>
<Performance_Institution>
<Name><![CDATA[Texas Tech University]]></Name>
<CityName/>
<StateCode>TX</StateCode>
<ZipCode>794091035</ZipCode>
<StreetAddress/>
<CountryCode>US</CountryCode>
<CountryName>United States</CountryName>
<StateName>Texas</StateName>
<CountryFlag>1</CountryFlag>
<CONGRESSDISTRICT>19</CONGRESSDISTRICT>
<CONGRESS_DISTRICT_PERF>TX19</CONGRESS_DISTRICT_PERF>
</Performance_Institution>
<ProgramElement>
<Code>6895</Code>
<Text>Digitization</Text>
</ProgramElement>
<ProgramReference>
<Code>6895</Code>
<Text>DIGITIZATION</Text>
</ProgramReference>
<Appropriation>
<Code>0121</Code>
<Name>NSF RESEARCH &amp; RELATED ACTIVIT</Name>
<APP_SYMB_ID>040100</APP_SYMB_ID>
</Appropriation>
<Fund>
<Code>01002122DB</Code>
<Name><![CDATA[NSF RESEARCH & RELATED ACTIVIT]]></Name>
<FUND_SYMB_ID>040100</FUND_SYMB_ID>
</Fund>
<FUND_OBLG>2021~175000</FUND_OBLG>
</Award>
</rootTag>
