<?xml version="1.0" encoding="UTF-8"?>
<rootTag>
<Award>
<AwardTitle><![CDATA[III: Small: DeepRep: Unsupervised Deep Representation Learning for Scientific Data Analysis and Visualization]]></AwardTitle>
<AGENCY>NSF</AGENCY>
<AwardEffectiveDate>10/01/2021</AwardEffectiveDate>
<AwardExpirationDate>09/30/2024</AwardExpirationDate>
<AwardTotalIntnAmount>499944.00</AwardTotalIntnAmount>
<AwardAmount>515944</AwardAmount>
<AwardInstrument>
<Value>Standard Grant</Value>
</AwardInstrument>
<Organization>
<Code>05020000</Code>
<Directorate>
<Abbreviation>CSE</Abbreviation>
<LongName>Direct For Computer &amp; Info Scie &amp; Enginr</LongName>
</Directorate>
<Division>
<Abbreviation>IIS</Abbreviation>
<LongName>Div Of Information &amp; Intelligent Systems</LongName>
</Division>
</Organization>
<ProgramOfficer>
<SignBlockName>Hector Munoz-Avila</SignBlockName>
<PO_EMAI>hmunoz@nsf.gov</PO_EMAI>
<PO_PHON>7032924481</PO_PHON>
</ProgramOfficer>
<AbstractNarration><![CDATA[Learning features or representations from data is a longstanding goal of data mining and machine learning. In scientific visualization, feature definitions are usually application-specific, and in many cases, they are vague or even unknown. Representation learning is often the first and crucial step toward effective scientific data analysis and visualization (SDAV). This step has become increasingly important and necessary as the size and complexity of scientific simulation data continue to grow. For more than three decades, manual feature engineering has been the standard practice in scientific visualization. With the thriving of AI and machine learning, leveraging deep neural networks for automatic feature discovery has emerged as a promising and reliable alternative. The overarching goal of this project is to develop DeepRep, a systematic deep representation learning framework for SDAV. The outcomes will provide a paradigm shift to best represent scientific data in the abstract feature space, helping scientists better understand various physical, chemical, and medical phenomena such as those from climate, combustion, and cardiovascular applications. This project thus serves the national interest, as stated by NSF's mission: to promote the progress of science; to advance the national health, prosperity, and welfare.&lt;br/&gt;&lt;br/&gt;SDAV mainly deals with unlabeled data. Therefore, the project team will investigate unsupervised learning techniques and explore their uses in learning abstract, deep, and expressive features. The proposed framework considers a broad range of inputs, including three-dimensional scalar and vector data and their visual representations (i.e., line, surface, and subvolume). Specifically, the team will study different unsupervised deep representation learning techniques, including distributed learning, disentangled learning, and self-supervised learning. The DeepRep project aims to demonstrate their utility in various subsequent SDAV tasks, such as dimensionality reduction, data clustering, representative selection, anomaly detection, data classification, and data generation. The proposed research includes four primary tasks: (1) autoencoders for distributed learning of volumetric data and their visual representations, (2) graph convolutional networks for representation learning of surface data to support node-level and graph-level operations, (3) ensemble data generation from independent features via disentangled learning, and (4) self-supervised solutions for robust data representation via contrastive learning. Furthermore, the team will perform comprehensive objective and subjective evaluations using multilevel metrics to evaluate the framework's effectiveness.&lt;br/&gt;&lt;br/&gt;This award reflects NSF's statutory mission and has been deemed worthy of support through evaluation using the Foundation's intellectual merit and broader impacts review criteria.]]></AbstractNarration>
<MinAmdLetterDate>07/23/2021</MinAmdLetterDate>
<MaxAmdLetterDate>05/26/2022</MaxAmdLetterDate>
<ARRAAmount/>
<TRAN_TYPE>Grant</TRAN_TYPE>
<CFDA_NUM>47.070</CFDA_NUM>
<NSF_PAR_USE_FLAG>1</NSF_PAR_USE_FLAG>
<FUND_AGCY_CODE>4900</FUND_AGCY_CODE>
<AWDG_AGCY_CODE>4900</AWDG_AGCY_CODE>
<AwardID>2101696</AwardID>
<Investigator>
<FirstName>Chaoli</FirstName>
<LastName>Wang</LastName>
<PI_MID_INIT/>
<PI_SUFX_NAME/>
<PI_FULL_NAME>Chaoli Wang</PI_FULL_NAME>
<EmailAddress><![CDATA[chaoli.wang@nd.edu]]></EmailAddress>
<NSF_ID>000510655</NSF_ID>
<StartDate>07/23/2021</StartDate>
<EndDate/>
<RoleCode>Principal Investigator</RoleCode>
</Investigator>
<Institution>
<Name>University of Notre Dame</Name>
<CityName>NOTRE DAME</CityName>
<ZipCode>465565708</ZipCode>
<PhoneNumber>5746317432</PhoneNumber>
<StreetAddress>940 Grace Hall</StreetAddress>
<StreetAddress2/>
<CountryName>United States</CountryName>
<StateName>Indiana</StateName>
<StateCode>IN</StateCode>
<CONGRESSDISTRICT>02</CONGRESSDISTRICT>
<CONGRESS_DISTRICT_ORG>IN02</CONGRESS_DISTRICT_ORG>
<ORG_UEI_NUM>FPU6XGFXMBE9</ORG_UEI_NUM>
<ORG_LGL_BUS_NAME>UNIVERSITY OF NOTRE DAME DU LAC</ORG_LGL_BUS_NAME>
<ORG_PRNT_UEI_NUM>KKBMKNFZ5PJ4</ORG_PRNT_UEI_NUM>
</Institution>
<Performance_Institution>
<Name><![CDATA[University of Notre Dame]]></Name>
<CityName>Notre Dame</CityName>
<StateCode>IN</StateCode>
<ZipCode>465565708</ZipCode>
<StreetAddress/>
<CountryCode>US</CountryCode>
<CountryName>United States</CountryName>
<StateName>Indiana</StateName>
<CountryFlag>1</CountryFlag>
<CONGRESSDISTRICT>02</CONGRESSDISTRICT>
<CONGRESS_DISTRICT_PERF>IN02</CONGRESS_DISTRICT_PERF>
</Performance_Institution>
<ProgramElement>
<Code>7364</Code>
<Text>Info Integration &amp; Informatics</Text>
</ProgramElement>
<ProgramReference>
<Code>7364</Code>
<Text>INFO INTEGRATION &amp; INFORMATICS</Text>
</ProgramReference>
<ProgramReference>
<Code>7923</Code>
<Text>SMALL PROJECT</Text>
</ProgramReference>
<ProgramReference>
<Code>9251</Code>
<Text>REU SUPP-Res Exp for Ugrd Supp</Text>
</ProgramReference>
<Appropriation>
<Code/>
<Name/>
<APP_SYMB_ID/>
</Appropriation>
<Appropriation>
<Code>0121</Code>
<Name>NSF RESEARCH &amp; RELATED ACTIVIT</Name>
<APP_SYMB_ID>040100</APP_SYMB_ID>
</Appropriation>
<Fund>
<Code>01002223DB</Code>
<Name><![CDATA[NSF RESEARCH & RELATED ACTIVIT]]></Name>
<FUND_SYMB_ID>040100</FUND_SYMB_ID>
</Fund>
<Fund>
<Code>01002122DB</Code>
<Name><![CDATA[NSF RESEARCH & RELATED ACTIVIT]]></Name>
<FUND_SYMB_ID>040100</FUND_SYMB_ID>
</Fund>
<FUND_OBLG>2021~499944</FUND_OBLG>
<FUND_OBLG>2022~16000</FUND_OBLG>
</Award>
</rootTag>
