<?xml version="1.0" encoding="UTF-8"?>
<rootTag>
<Award>
<AwardTitle><![CDATA[Elliptic Curves, p-adic Deformations, and Iwasawa Theory]]></AwardTitle>
<AGENCY>NSF</AGENCY>
<AwardEffectiveDate>07/01/2021</AwardEffectiveDate>
<AwardExpirationDate>06/30/2024</AwardExpirationDate>
<AwardTotalIntnAmount>180082.00</AwardTotalIntnAmount>
<AwardAmount>59459</AwardAmount>
<AwardInstrument>
<Value>Continuing Grant</Value>
</AwardInstrument>
<Organization>
<Code>03040000</Code>
<Directorate>
<Abbreviation>MPS</Abbreviation>
<LongName>Direct For Mathematical &amp; Physical Scien</LongName>
</Directorate>
<Division>
<Abbreviation>DMS</Abbreviation>
<LongName>Division Of Mathematical Sciences</LongName>
</Division>
</Organization>
<ProgramOfficer>
<SignBlockName>Adriana Salerno</SignBlockName>
<PO_EMAI>asalerno@nsf.gov</PO_EMAI>
<PO_PHON>7032922271</PO_PHON>
</ProgramOfficer>
<AbstractNarration><![CDATA[A central problem in number theory is understanding the (integer, or rational) solutions to polynomial equations with integer coefficients. Elliptic curves are a class of such equations that has been studied since antiquity, yet for which many questions still remain open. Elliptic curves are a central object of study in this research. Since the fundamental work of Gross-Zagier and Kolyvagin, powerful tools from algebraic geometry and representation theory have guided research in this direction. The PI aims to leverage some recent developments in those areas to further our understanding of the arithmetic of elliptic curves and related problems.&lt;br/&gt;&lt;br/&gt;More specifically, the research is divided into two related parts. The projects in the first part focus on the construction of linearly independent Selmer classes for higher rank elliptic curves. Darmon and Rotger have proposed very precise conjectures in the rank 2 setting, and these projects are expected to yield new results in this direction. The second part focuses on problems in Iwasawa theory, with applications towards the Birch and Swinnerton-Dyer conjecture, a non-vanishing conjecture by Greenberg in the case of root number -1, and the conjectured local indecomposability of the Galois representations associated to ordinary non-CM forms.&lt;br/&gt;&lt;br/&gt;This award reflects NSF's statutory mission and has been deemed worthy of support through evaluation using the Foundation's intellectual merit and broader impacts review criteria.]]></AbstractNarration>
<MinAmdLetterDate>04/05/2021</MinAmdLetterDate>
<MaxAmdLetterDate>05/21/2021</MaxAmdLetterDate>
<ARRAAmount/>
<TRAN_TYPE>Grant</TRAN_TYPE>
<CFDA_NUM>47.049</CFDA_NUM>
<NSF_PAR_USE_FLAG>1</NSF_PAR_USE_FLAG>
<FUND_AGCY_CODE>4900</FUND_AGCY_CODE>
<AWDG_AGCY_CODE>4900</AWDG_AGCY_CODE>
<AwardID>2101458</AwardID>
<Investigator>
<FirstName>Francesc</FirstName>
<LastName>Castella</LastName>
<PI_MID_INIT/>
<PI_SUFX_NAME/>
<PI_FULL_NAME>Francesc Castella</PI_FULL_NAME>
<EmailAddress><![CDATA[castella@ucsb.edu]]></EmailAddress>
<NSF_ID>000654381</NSF_ID>
<StartDate>04/05/2021</StartDate>
<EndDate/>
<RoleCode>Principal Investigator</RoleCode>
</Investigator>
<Institution>
<Name>University of California-Santa Barbara</Name>
<CityName>SANTA BARBARA</CityName>
<ZipCode>931060001</ZipCode>
<PhoneNumber>8058934188</PhoneNumber>
<StreetAddress>3227 CHEADLE HALL</StreetAddress>
<StreetAddress2/>
<CountryName>United States</CountryName>
<StateName>California</StateName>
<StateCode>CA</StateCode>
<CONGRESSDISTRICT>24</CONGRESSDISTRICT>
<CONGRESS_DISTRICT_ORG>CA24</CONGRESS_DISTRICT_ORG>
<ORG_UEI_NUM>G9QBQDH39DF4</ORG_UEI_NUM>
<ORG_LGL_BUS_NAME>UNIVERSITY OF CALIFORNIA, SANTA BARBARA</ORG_LGL_BUS_NAME>
<ORG_PRNT_UEI_NUM>NUDGYLBB4S99</ORG_PRNT_UEI_NUM>
</Institution>
<Performance_Institution>
<Name><![CDATA[University of California, Santa Barbara]]></Name>
<CityName>Santa Barbara</CityName>
<StateCode>CA</StateCode>
<ZipCode>931063080</ZipCode>
<StreetAddress><![CDATA[6511 South Hall, UCSB]]></StreetAddress>
<CountryCode>US</CountryCode>
<CountryName>United States</CountryName>
<StateName>California</StateName>
<CountryFlag>1</CountryFlag>
<CONGRESSDISTRICT>24</CONGRESSDISTRICT>
<CONGRESS_DISTRICT_PERF>CA24</CONGRESS_DISTRICT_PERF>
</Performance_Institution>
<ProgramElement>
<Code>1264</Code>
<Text>ALGEBRA,NUMBER THEORY,AND COM</Text>
</ProgramElement>
<Appropriation>
<Code>0121</Code>
<Name>NSF RESEARCH &amp; RELATED ACTIVIT</Name>
<APP_SYMB_ID>040100</APP_SYMB_ID>
</Appropriation>
<Fund>
<Code>01002122DB</Code>
<Name><![CDATA[NSF RESEARCH & RELATED ACTIVIT]]></Name>
<FUND_SYMB_ID>040100</FUND_SYMB_ID>
</Fund>
<FUND_OBLG>2021~59459</FUND_OBLG>
</Award>
</rootTag>
