<?xml version="1.0" encoding="UTF-8"?>
<rootTag>
<Award>
<AwardTitle>Doing the Math with Paraeducators: Enhancing and Expanding and Sustaining a Professional Development Model in PreK to Grade 3 Math Classrooms</AwardTitle>
<AGENCY>NSF</AGENCY>
<AwardEffectiveDate>08/01/2021</AwardEffectiveDate>
<AwardExpirationDate>07/31/2025</AwardExpirationDate>
<AwardTotalIntnAmount>2299934.00</AwardTotalIntnAmount>
<AwardAmount>1063663</AwardAmount>
<AwardInstrument>
<Value>Continuing Grant</Value>
</AwardInstrument>
<Organization>
<Code>11090000</Code>
<Directorate>
<Abbreviation>EHR</Abbreviation>
<LongName>Direct For Education and Human Resources</LongName>
</Directorate>
<Division>
<Abbreviation>DRL</Abbreviation>
<LongName>Division Of Research On Learning</LongName>
</Division>
</Organization>
<ProgramOfficer>
<SignBlockName>Michael Steele</SignBlockName>
<PO_EMAI>msteele@nsf.gov</PO_EMAI>
<PO_PHON>7032920000</PO_PHON>
</ProgramOfficer>
<AbstractNarration>Paraprofessionals (often referred to as paras) in educational settings have critical roles in supporting student learning in classrooms, particularly in the elementary grades where paras are much more prevalent. Yet little is known about the professional needs of paraeducators and how they can be supported in learning to teach mathematics in the early elementary grades. This project builds on exploratory work engaging in mathematics professional learning with paras to enact and study a professional learning experience with paraeducators focused on teaching and learning mathematics in grades PreK-3. This work will take place in over the course of two years in two different large urban school districts in different parts of the country. This model includes professional development experiences for paras and the teaches with which they work, support for teachers to improve their guidance for paras as they work together to support mathematics learning, professional learning support for school-based mathematics coordinators, and the study of the model's effectiveness through surveys, interviews, and classroom observations.&lt;br/&gt;&lt;br/&gt;The project begins with the revision of the professional development model based on prior exploratory work, expanding the model to include aspects geared towards teacher and district-based support as well as strengthening the professional learning opportunities for paras. This phase of the project will develop measurement tools to assess the impact of the para and teacher learning, including the use of surveys to assess the practice and confidence of paras in implementing ambitious mathematics instruction, observation tools to measure para instructional behaviors, individual and focus group interviews to provide paras and their teacher mentors opportunities to describe their learning in depth, and analytical strategies related to the professional development artifacts. The second year will implement the model with 20 paras and their mentor teachers, along with 8 district-based mathematics facilitators. The second year of the project will engage an additional 20 new paras in each of the two districts involved with the project. The final year will focus on data analysis and the development of a generalizable model for para-teacher mentor professional development in mathematics. Dissemination of such a model is likely to have a meaningful impact on professional learning opportunities for this traditionally undersupported population and will support stronger mathematics outcomes for PreK-3 students.&lt;br/&gt;&lt;br/&gt;The Discovery Research preK-12 program (DRK-12) seeks to significantly enhance the learning and teaching of science, technology, engineering and mathematics (STEM) by preK-12 students and teachers, through research and development of innovative resources, models and tools. Projects in the DRK-12 program build on fundamental research in STEM education and prior research and development efforts that provide theoretical and empirical justification for proposed projects.&lt;br/&gt;&lt;br/&gt;This award reflects NSF's statutory mission and has been deemed worthy of support through evaluation using the Foundation's intellectual merit and broader impacts review criteria.</AbstractNarration>
<MinAmdLetterDate>04/01/2021</MinAmdLetterDate>
<MaxAmdLetterDate>05/21/2021</MaxAmdLetterDate>
<ARRAAmount/>
<TRAN_TYPE>Grant</TRAN_TYPE>
<CFDA_NUM>47.076</CFDA_NUM>
<NSF_PAR_USE_FLAG>1</NSF_PAR_USE_FLAG>
<FUND_AGCY_CODE>4900</FUND_AGCY_CODE>
<AWDG_AGCY_CODE>4900</AWDG_AGCY_CODE>
<AwardID>2101425</AwardID>
<Investigator>
<FirstName>Judy</FirstName>
<LastName>Storeygard</LastName>
<PI_MID_INIT/>
<PI_SUFX_NAME/>
<PI_FULL_NAME>Judy Storeygard</PI_FULL_NAME>
<EmailAddress>judy_storeygard@terc.edu</EmailAddress>
<PI_PHON>6175470430</PI_PHON>
<NSF_ID>000156884</NSF_ID>
<StartDate>04/01/2021</StartDate>
<EndDate/>
<RoleCode>Principal Investigator</RoleCode>
</Investigator>
<Investigator>
<FirstName>Karen</FirstName>
<LastName>Mutch-Jones</LastName>
<PI_MID_INIT/>
<PI_SUFX_NAME/>
<PI_FULL_NAME>Karen Mutch-Jones</PI_FULL_NAME>
<EmailAddress>karen_mutch-jones@terc.edu</EmailAddress>
<PI_PHON>6178739600</PI_PHON>
<NSF_ID>000100851</NSF_ID>
<StartDate>04/01/2021</StartDate>
<EndDate/>
<RoleCode>Co-Principal Investigator</RoleCode>
</Investigator>
<Investigator>
<FirstName>Brandon</FirstName>
<LastName>Sorge</LastName>
<PI_MID_INIT/>
<PI_SUFX_NAME/>
<PI_FULL_NAME>Brandon Sorge</PI_FULL_NAME>
<EmailAddress>bsorge@iupui.edu</EmailAddress>
<PI_PHON/>
<NSF_ID>000661283</NSF_ID>
<StartDate>04/01/2021</StartDate>
<EndDate/>
<RoleCode>Co-Principal Investigator</RoleCode>
</Investigator>
<Investigator>
<FirstName>Audrey</FirstName>
<LastName>Martinez-Gudapakkam</LastName>
<PI_MID_INIT/>
<PI_SUFX_NAME/>
<PI_FULL_NAME>Audrey Martinez-Gudapakkam</PI_FULL_NAME>
<EmailAddress>audrey_martinez-gudapakkam@terc.edu</EmailAddress>
<PI_PHON>6178739775</PI_PHON>
<NSF_ID>000813760</NSF_ID>
<StartDate>04/01/2021</StartDate>
<EndDate/>
<RoleCode>Co-Principal Investigator</RoleCode>
</Investigator>
<Institution>
<Name>TERC Inc</Name>
<CityName>CAMBRIDGE</CityName>
<ZipCode>021401340</ZipCode>
<PhoneNumber>6178739600</PhoneNumber>
<StreetAddress>2067 MASSACHUSETTS AVE</StreetAddress>
<StreetAddress2/>
<CountryName>United States</CountryName>
<StateName>Massachusetts</StateName>
<StateCode>MA</StateCode>
<CONGRESSDISTRICT>05</CONGRESSDISTRICT>
<CONGRESS_DISTRICT_ORG>MA05</CONGRESS_DISTRICT_ORG>
<ORG_UEI_NUM>GSLCJ3M62XX1</ORG_UEI_NUM>
<ORG_LGL_BUS_NAME>TERC, INC.</ORG_LGL_BUS_NAME>
<ORG_PRNT_UEI_NUM/>
</Institution>
<Performance_Institution>
<Name><![CDATA[TERC Inc]]></Name>
<CityName>Cambridge</CityName>
<StateCode>MA</StateCode>
<ZipCode>021401339</ZipCode>
<StreetAddress><![CDATA[2067 Massachusetts Avenue]]></StreetAddress>
<CountryCode>US</CountryCode>
<CountryName>United States</CountryName>
<StateName>Massachusetts</StateName>
<CountryFlag>1</CountryFlag>
<CONGRESSDISTRICT>05</CONGRESSDISTRICT>
<CONGRESS_DISTRICT_PERF>MA05</CONGRESS_DISTRICT_PERF>
</Performance_Institution>
<ProgramElement>
<Code>7645</Code>
<Text>Discovery Research K-12</Text>
</ProgramElement>
<Appropriation>
<Code>0421</Code>
<Name>NSF Education &amp; Human Resource</Name>
<APP_SYMB_ID>040106</APP_SYMB_ID>
</Appropriation>
<Fund>
<Code>04002122DB</Code>
<Name><![CDATA[NSF Education & Human Resource]]></Name>
<FUND_SYMB_ID>040106</FUND_SYMB_ID>
</Fund>
<FUND_OBLG>2021~1063663</FUND_OBLG>
</Award>
</rootTag>
