<?xml version="1.0" encoding="UTF-8"?>
<rootTag>
<Award>
<AwardTitle><![CDATA[EAGER: Sustainable Manufacturing of Lithium Ion Battery for Electric Vehicles Using Recycled Battery Materials]]></AwardTitle>
<AGENCY>NSF</AGENCY>
<AwardEffectiveDate>01/01/2021</AwardEffectiveDate>
<AwardExpirationDate>12/31/2022</AwardExpirationDate>
<AwardTotalIntnAmount>299999.00</AwardTotalIntnAmount>
<AwardAmount>309999</AwardAmount>
<AwardInstrument>
<Value>Standard Grant</Value>
</AwardInstrument>
<Organization>
<Code>07020000</Code>
<Directorate>
<Abbreviation>ENG</Abbreviation>
<LongName>Directorate For Engineering</LongName>
</Directorate>
<Division>
<Abbreviation>CBET</Abbreviation>
<LongName>Div Of Chem, Bioeng, Env, &amp; Transp Sys</LongName>
</Division>
</Organization>
<ProgramOfficer>
<SignBlockName>Bruce Hamilton</SignBlockName>
<PO_EMAI>bhamilto@nsf.gov</PO_EMAI>
<PO_PHON>7032920000</PO_PHON>
</ProgramOfficer>
<AbstractNarration><![CDATA[This exploratory research will create an innovative mechanical hybridization process to address environmental sustainability challenges of the electric vehicle (EV) battery industry. The project will test the hypothesis that the active materials from spent lithium ion batteries can be directly recycled in their original structures, hybridized with their pristine counterparts, and then reused in the manufacturing of new lithium ion battery pouch cells with desired electrochemical performance. The research will be carried out systematically through both mathematical modeling and experimental investigation, to generate new knowledge on direct recycling of EV batteries, material science of hybrid electrode materials, electrochemical science of pouch cells, life cycle assessment, and techno-economic analysis of EV batteries. &lt;br/&gt;&lt;br/&gt;In this research, a novel electrochemical model will be developed to simulate and optimize pouch cell performance using the hybrid active materials, to be validated and improved through experimental investigation. Potential savings on environmental impact and economic costs from employing the recycled battery materials in new battery manufacturing will be quantified and evaluated through development of a comprehensive life cycle assessment model and a process-based techno-economic analysis model. Improving environmental sustainability and reducing economic cost of lithium ion batteries are critical for future large fleet deployment of EVs. This project will generate broader impacts through exploratory research to develop a circular economy for the EV battery industry and educating students, industrial professionals, and public stakeholders through research training, enhanced curriculum, industrial seminars/workshops, news releases, and Youtube videos. Research results will be disseminated through academic journals, conference presentations, and internet media, with the aim of improving people’s understanding on the potential environmental and economic performance of the future EV industry with a possible circular economy.&lt;br/&gt;&lt;br/&gt;This award reflects NSF's statutory mission and has been deemed worthy of support through evaluation using the Foundation's intellectual merit and broader impacts review criteria.]]></AbstractNarration>
<MinAmdLetterDate>11/10/2020</MinAmdLetterDate>
<MaxAmdLetterDate>06/01/2022</MaxAmdLetterDate>
<ARRAAmount/>
<TRAN_TYPE>Grant</TRAN_TYPE>
<CFDA_NUM>47.041</CFDA_NUM>
<NSF_PAR_USE_FLAG>1</NSF_PAR_USE_FLAG>
<FUND_AGCY_CODE>4900</FUND_AGCY_CODE>
<AWDG_AGCY_CODE>4900</AWDG_AGCY_CODE>
<AwardID>2101129</AwardID>
<Investigator>
<FirstName>Chris</FirstName>
<LastName>Yuan</LastName>
<PI_MID_INIT>Y</PI_MID_INIT>
<PI_SUFX_NAME/>
<PI_FULL_NAME>Chris Y Yuan</PI_FULL_NAME>
<EmailAddress><![CDATA[chris.yuan@case.edu]]></EmailAddress>
<NSF_ID>000544450</NSF_ID>
<StartDate>11/10/2020</StartDate>
<EndDate/>
<RoleCode>Principal Investigator</RoleCode>
</Investigator>
<Institution>
<Name>Case Western Reserve University</Name>
<CityName>CLEVELAND</CityName>
<ZipCode>441061712</ZipCode>
<PhoneNumber>2163684510</PhoneNumber>
<StreetAddress>10900 EUCLID AVE</StreetAddress>
<StreetAddress2/>
<CountryName>United States</CountryName>
<StateName>Ohio</StateName>
<StateCode>OH</StateCode>
<CONGRESSDISTRICT>11</CONGRESSDISTRICT>
<CONGRESS_DISTRICT_ORG>OH11</CONGRESS_DISTRICT_ORG>
<ORG_UEI_NUM>HJMKEF7EJW69</ORG_UEI_NUM>
<ORG_LGL_BUS_NAME>CASE WESTERN RESERVE UNIVERSITY</ORG_LGL_BUS_NAME>
<ORG_PRNT_UEI_NUM>HJMKEF7EJW69</ORG_PRNT_UEI_NUM>
</Institution>
<Performance_Institution>
<Name><![CDATA[Case Western Reserve University]]></Name>
<CityName>Cleveland</CityName>
<StateCode>OH</StateCode>
<ZipCode>441064901</ZipCode>
<StreetAddress><![CDATA[10900 Euclid Ave, 423 Glennan Bu]]></StreetAddress>
<CountryCode>US</CountryCode>
<CountryName>United States</CountryName>
<StateName>Ohio</StateName>
<CountryFlag>1</CountryFlag>
<CONGRESSDISTRICT>11</CONGRESSDISTRICT>
<CONGRESS_DISTRICT_PERF>OH11</CONGRESS_DISTRICT_PERF>
</Performance_Institution>
<ProgramElement>
<Code>7643</Code>
<Text>EnvS-Environmtl Sustainability</Text>
</ProgramElement>
<ProgramReference>
<Code>7916</Code>
<Text>EAGER</Text>
</ProgramReference>
<ProgramReference>
<Code>9251</Code>
<Text>REU SUPP-Res Exp for Ugrd Supp</Text>
</ProgramReference>
<Appropriation>
<Code>0121</Code>
<Name>NSF RESEARCH &amp; RELATED ACTIVIT</Name>
<APP_SYMB_ID>040100</APP_SYMB_ID>
</Appropriation>
<Fund>
<Code>01002122DB</Code>
<Name><![CDATA[NSF RESEARCH & RELATED ACTIVIT]]></Name>
<FUND_SYMB_ID>040100</FUND_SYMB_ID>
</Fund>
<FUND_OBLG>2021~299999</FUND_OBLG>
<FUND_OBLG>2022~10000</FUND_OBLG>
</Award>
</rootTag>
