<?xml version="1.0" encoding="UTF-8"?>
<rootTag>
<Award>
<AwardTitle>Leveraging Protecting Groups, Lewis Bases, and Backside Attack for 1,2-cis-Selective Glycosylation</AwardTitle>
<AGENCY>NSF</AGENCY>
<AwardEffectiveDate>06/01/2021</AwardEffectiveDate>
<AwardExpirationDate>05/31/2024</AwardExpirationDate>
<AwardTotalIntnAmount>459999.00</AwardTotalIntnAmount>
<AwardAmount>509289</AwardAmount>
<AwardInstrument>
<Value>Standard Grant</Value>
</AwardInstrument>
<Organization>
<Code>03090000</Code>
<Directorate>
<Abbreviation>MPS</Abbreviation>
<LongName>Direct For Mathematical &amp; Physical Scien</LongName>
</Directorate>
<Division>
<Abbreviation>CHE</Abbreviation>
<LongName>Division Of Chemistry</LongName>
</Division>
</Organization>
<ProgramOfficer>
<SignBlockName>Jin K. Cha</SignBlockName>
<PO_EMAI>jcha@nsf.gov</PO_EMAI>
<PO_PHON>7032922461</PO_PHON>
</ProgramOfficer>
<AbstractNarration>With the support of the Chemical Synthesis (SYN) Program in the Division of Chemistry, Dr. Justin Ragains of Louisiana State University will work with undergraduate and graduate students in his organic chemistry laboratory to develop new approaches to the synthesis of oligosaccharides.  Oligosaccharides are polymers of carbohydrates attached at specific loci and in controlled fashion in three-dimensional space.  However, isolation of oligosaccharides from their natural sources is not a practical approach to obtaining authentic samples of specific oligosaccharides.   The variety of biologically relevant carbohydrates requires that the community continue to develop controlled methods for their de novo synthesis.  In the research planned here, key building blocks in the laboratory synthesis of oligosaccharides will be synthesized.  An understanding of organic chemistry will then be used to ensure that the building blocks bond to one another in the correct three-dimensional orientation, an important problem in oligosaccharide synthesis.  Successful execution of this research will advance the science of oligosaccharide synthesis and provide tools to study the chemical biology of carbohydrates with potentially important implications for biomedical research.  Planned public outreach activities include partnering with Lousiana State University’s Upward Bound program to teach low-income, first-generation high school students about chemistry and basic skills in the chemistry lab to help prepare these students for future pursuits of science studies.    &lt;br/&gt;&lt;br/&gt;Dr. Ragains and his students will study the 1,2-cis-selective glycosylation of alcohols with glycosylation electrophiles including trichloroacetimidates, N-phenyltrifluoroacetimidates, and thioglycosides.  The aforementioned glycosylation electrophiles will be substituted with electron-withdrawing protecting groups, and glycosylations will be performed with a series of alcohols in the presence of Lewis-basic additives.  The synergy of electron-withdrawing protecting groups and Lewis bases is proposed to promote high 1,2-cis selectivity.  The activation of thioglycosides using in-situ-generated benzynes will also be studied, and unique mechanistic features of this reaction will also be exploited for the development of 1,2-cis-selective glycosylation.  Furthermore, synthetic approaches to 1,2-cis-selective glycosylation developed herein will be leveraged toward the synthesis of a synthetically challenging and 1,2-cis glycoside-rich tetrasaccharide repeating unit from the multidrug-resistant Acinetobacter baumannii strain D78.  The successful execution of this work will advance the understanding of the challenge of 1,2-cis-selective glycosylation and provide steps toward a generalized approach to this transformation.  This work has potential long term implications for glycoscience and glycobiology studies in general.&lt;br/&gt;&lt;br/&gt;This award reflects NSF's statutory mission and has been deemed worthy of support through evaluation using the Foundation's intellectual merit and broader impacts review criteria.</AbstractNarration>
<MinAmdLetterDate>06/02/2021</MinAmdLetterDate>
<MaxAmdLetterDate>12/15/2021</MaxAmdLetterDate>
<ARRAAmount/>
<TRAN_TYPE>Grant</TRAN_TYPE>
<CFDA_NUM>47.049</CFDA_NUM>
<NSF_PAR_USE_FLAG>1</NSF_PAR_USE_FLAG>
<FUND_AGCY_CODE>4900</FUND_AGCY_CODE>
<AWDG_AGCY_CODE>4900</AWDG_AGCY_CODE>
<AwardID>2101153</AwardID>
<Investigator>
<FirstName>Justin</FirstName>
<LastName>Ragains</LastName>
<PI_MID_INIT/>
<PI_SUFX_NAME/>
<PI_FULL_NAME>Justin Ragains</PI_FULL_NAME>
<EmailAddress>jragains@lsu.edu</EmailAddress>
<PI_PHON>2255783238</PI_PHON>
<NSF_ID>000623062</NSF_ID>
<StartDate>06/02/2021</StartDate>
<EndDate/>
<RoleCode>Principal Investigator</RoleCode>
</Investigator>
<Institution>
<Name>Louisiana State University</Name>
<CityName>BATON ROUGE</CityName>
<ZipCode>708030001</ZipCode>
<PhoneNumber>2255782760</PhoneNumber>
<StreetAddress>202 HIMES HALL</StreetAddress>
<StreetAddress2/>
<CountryName>United States</CountryName>
<StateName>Louisiana</StateName>
<StateCode>LA</StateCode>
<CONGRESSDISTRICT>06</CONGRESSDISTRICT>
<CONGRESS_DISTRICT_ORG>LA06</CONGRESS_DISTRICT_ORG>
<ORG_UEI_NUM>ECQEYCHRNKJ4</ORG_UEI_NUM>
<ORG_LGL_BUS_NAME>LOUISIANA STATE UNIVERSITY</ORG_LGL_BUS_NAME>
<ORG_PRNT_UEI_NUM>Z7ZNZH7LJ778</ORG_PRNT_UEI_NUM>
</Institution>
<Performance_Institution>
<Name><![CDATA[Louisiana State University]]></Name>
<CityName>Baton Rouge</CityName>
<StateCode>LA</StateCode>
<ZipCode>708032701</ZipCode>
<StreetAddress><![CDATA[202 Himes Hall]]></StreetAddress>
<CountryCode>US</CountryCode>
<CountryName>United States</CountryName>
<StateName>Louisiana</StateName>
<CountryFlag>1</CountryFlag>
<CONGRESSDISTRICT>06</CONGRESSDISTRICT>
<CONGRESS_DISTRICT_PERF>LA06</CONGRESS_DISTRICT_PERF>
</Performance_Institution>
<ProgramElement>
<Code>1253</Code>
<Text>OFFICE OF MULTIDISCIPLINARY AC</Text>
</ProgramElement>
<ProgramElement>
<Code>6878</Code>
<Text>Chemical Synthesis</Text>
</ProgramElement>
<ProgramReference>
<Code>1515</Code>
<Text>MINORITY GRADUATE EDUC ACTIVIT</Text>
</ProgramReference>
<ProgramReference>
<Code>8037</Code>
<Text>Advanced Manufacturing</Text>
</ProgramReference>
<ProgramReference>
<Code>9150</Code>
<Text>EXP PROG TO STIM COMP RES</Text>
</ProgramReference>
<Appropriation>
<Code>0121</Code>
<Name>NSF RESEARCH &amp; RELATED ACTIVIT</Name>
<APP_SYMB_ID>040100</APP_SYMB_ID>
</Appropriation>
<Fund>
<Code>01002122DB</Code>
<Name><![CDATA[NSF RESEARCH & RELATED ACTIVIT]]></Name>
<FUND_SYMB_ID>040100</FUND_SYMB_ID>
</Fund>
<FUND_OBLG>2021~459999</FUND_OBLG>
<FUND_OBLG>2022~49290</FUND_OBLG>
</Award>
</rootTag>
