<?xml version="1.0" encoding="UTF-8"?>
<rootTag>
<Award>
<AwardTitle><![CDATA[Learning about Viral Epidemics through Engagement with Different Types of Models]]></AwardTitle>
<AGENCY>NSF</AGENCY>
<AwardEffectiveDate>09/01/2021</AwardEffectiveDate>
<AwardExpirationDate>08/31/2025</AwardExpirationDate>
<AwardTotalIntnAmount>1886928.00</AwardTotalIntnAmount>
<AwardAmount>925556</AwardAmount>
<AwardInstrument>
<Value>Continuing Grant</Value>
</AwardInstrument>
<Organization>
<Code>11090000</Code>
<Directorate>
<Abbreviation>EHR</Abbreviation>
<LongName>Direct For Education and Human Resources</LongName>
</Directorate>
<Division>
<Abbreviation>DRL</Abbreviation>
<LongName>Division Of Research On Learning</LongName>
</Division>
</Organization>
<ProgramOfficer>
<SignBlockName>Jennifer Noll</SignBlockName>
<PO_EMAI>jnoll@nsf.gov</PO_EMAI>
<PO_PHON>7032928117</PO_PHON>
</ProgramOfficer>
<AbstractNarration><![CDATA[The project will develop new curriculum and use it to research how high school students learn about viral epidemics while developing competencies for scientific modeling. The COVID-19 pandemic has highlighted the need for supporting student learning about viral outbreaks and other complex societal issues.  Given the complexity of issues like viral outbreaks, engaging learners with different types of models (e.g., mechanistic, computational and system models) is critical. However, there is little research available regarding how learners coordinate sense making across different models. This project will address the gap by studying student learning with different types of models and will use these findings to develop and study new curriculum materials that incorporate multiple models for teaching about viral epidemics in high school biology classes.  COVID-19 caused devasting impacts, and marginalized groups including the Latinx community suffered disproportionately negative outcomes. The project will directly recruit Latinx students to ensure that design products are culturally responsive and account for Latinx learner needs. The project will create new pathways for engaging Latinx students in innovative, model-based curriculum about critically important issues. Project research and resources will be widely shared via publications, conference presentations, and professional development opportunities for teachers.&lt;br/&gt;&lt;br/&gt;The project will research three aspects of student learning: a) conceptual understandings about viral epidemics, b) epistemic understandings associated with modeling, and c) model-informed reasoning about viral epidemics and potential solutions.  The research will be conducted in three phases. Phase 1 will explore how students make sense of viral epidemics through different types of models. This research will be conducted with small groups of students as they work through learning activities and discourse opportunities associated with viral epidemic models. Phase 2 will research how opportunities to engage in modeling across different types of models should be supported and sequenced for learning about viral epidemics. These findings will make it possible to revise the learning performance which will be used to develop a curricular module for high school biology classes. Phase 3 will study the extent to which students learn about viral epidemics through engagement in modeling practices across different models. For this final phase, teachers will participate in professional development about viral epidemics and modeling and then implement the viral epidemic module in their biology classes. A pre- and post-test research design will be used to explore student conceptual understandings, model-informed reasoning, and epistemic understandings. The Discovery Research preK-12 program (DRK-12) seeks to significantly enhance the learning and teaching of science, technology, engineering and mathematics (STEM) by preK-12 students and teachers, through research and development of innovative resources, models and tools. Projects in the DRK-12 program build on fundamental research in STEM education and prior research and development efforts that provide theoretical and empirical justification for proposed projects.&lt;br/&gt;&lt;br/&gt;This award reflects NSF's statutory mission and has been deemed worthy of support through evaluation using the Foundation's intellectual merit and broader impacts review criteria.]]></AbstractNarration>
<MinAmdLetterDate>05/03/2021</MinAmdLetterDate>
<MaxAmdLetterDate>07/09/2021</MaxAmdLetterDate>
<ARRAAmount/>
<TRAN_TYPE>Grant</TRAN_TYPE>
<CFDA_NUM>47.076</CFDA_NUM>
<NSF_PAR_USE_FLAG>1</NSF_PAR_USE_FLAG>
<FUND_AGCY_CODE>4900</FUND_AGCY_CODE>
<AWDG_AGCY_CODE>4900</AWDG_AGCY_CODE>
<AwardID>2101083</AwardID>
<Investigator>
<FirstName>Laura</FirstName>
<LastName>Zangori</LastName>
<PI_MID_INIT>A</PI_MID_INIT>
<PI_SUFX_NAME/>
<PI_FULL_NAME>Laura A Zangori</PI_FULL_NAME>
<EmailAddress><![CDATA[zangoril@missouri.edu]]></EmailAddress>
<NSF_ID>000762300</NSF_ID>
<StartDate>05/03/2021</StartDate>
<EndDate/>
<RoleCode>Co-Principal Investigator</RoleCode>
</Investigator>
<Investigator>
<FirstName>Patricia</FirstName>
<LastName>Friedrichsen</LastName>
<PI_MID_INIT>J</PI_MID_INIT>
<PI_SUFX_NAME/>
<PI_FULL_NAME>Patricia J Friedrichsen</PI_FULL_NAME>
<EmailAddress><![CDATA[friedrichsenp@missouri.edu]]></EmailAddress>
<NSF_ID>000406144</NSF_ID>
<StartDate>05/03/2021</StartDate>
<EndDate/>
<RoleCode>Co-Principal Investigator</RoleCode>
</Investigator>
<Investigator>
<FirstName>Li</FirstName>
<LastName>Ke</LastName>
<PI_MID_INIT/>
<PI_SUFX_NAME/>
<PI_FULL_NAME>Li Ke</PI_FULL_NAME>
<EmailAddress><![CDATA[lke@unc.edu]]></EmailAddress>
<NSF_ID>000857324</NSF_ID>
<StartDate>07/09/2021</StartDate>
<EndDate/>
<RoleCode>Co-Principal Investigator</RoleCode>
</Investigator>
<Investigator>
<FirstName>Troy</FirstName>
<LastName>Sadler</LastName>
<PI_MID_INIT>D</PI_MID_INIT>
<PI_SUFX_NAME/>
<PI_FULL_NAME>Troy D Sadler</PI_FULL_NAME>
<EmailAddress><![CDATA[tsadler@email.unc.edu]]></EmailAddress>
<NSF_ID>000483454</NSF_ID>
<StartDate>05/03/2021</StartDate>
<EndDate/>
<RoleCode>Principal Investigator</RoleCode>
</Investigator>
<Institution>
<Name>University of North Carolina at Chapel Hill</Name>
<CityName>CHAPEL HILL</CityName>
<ZipCode>275995023</ZipCode>
<PhoneNumber>9199663411</PhoneNumber>
<StreetAddress>104 AIRPORT DR STE 2200</StreetAddress>
<StreetAddress2/>
<CountryName>United States</CountryName>
<StateName>North Carolina</StateName>
<StateCode>NC</StateCode>
<CONGRESSDISTRICT>04</CONGRESSDISTRICT>
<CONGRESS_DISTRICT_ORG>NC04</CONGRESS_DISTRICT_ORG>
<ORG_UEI_NUM>D3LHU66KBLD5</ORG_UEI_NUM>
<ORG_LGL_BUS_NAME>UNIVERSITY OF NORTH CAROLINA AT CHAPEL HILL</ORG_LGL_BUS_NAME>
<ORG_PRNT_UEI_NUM>N8DMK1K4C2K5</ORG_PRNT_UEI_NUM>
</Institution>
<Performance_Institution>
<Name><![CDATA[University of North Carolina at Chapel Hill]]></Name>
<CityName>CHAPEL HILL</CityName>
<StateCode>NC</StateCode>
<ZipCode>275991350</ZipCode>
<StreetAddress><![CDATA[104 AIRPORT DR STE 2200]]></StreetAddress>
<CountryCode>US</CountryCode>
<CountryName>United States</CountryName>
<StateName>North Carolina</StateName>
<CountryFlag>1</CountryFlag>
<CONGRESSDISTRICT>04</CONGRESSDISTRICT>
<CONGRESS_DISTRICT_PERF>NC04</CONGRESS_DISTRICT_PERF>
</Performance_Institution>
<ProgramElement>
<Code>7645</Code>
<Text>Discovery Research K-12</Text>
</ProgramElement>
<ProgramReference>
<Code>096Z</Code>
<Text>COVID-19 Research</Text>
</ProgramReference>
<ProgramReference>
<Code>097Z</Code>
<Text>COVID-19 Impacts on Existing Activities</Text>
</ProgramReference>
<Appropriation>
<Code>0421</Code>
<Name>NSF Education &amp; Human Resource</Name>
<APP_SYMB_ID>040106</APP_SYMB_ID>
</Appropriation>
<Fund>
<Code>04002122DB</Code>
<Name><![CDATA[NSF Education & Human Resource]]></Name>
<FUND_SYMB_ID>040106</FUND_SYMB_ID>
</Fund>
<FUND_OBLG>2021~925556</FUND_OBLG>
</Award>
</rootTag>
