<?xml version="1.0" encoding="UTF-8"?>
<rootTag>
<Award>
<AwardTitle><![CDATA[Polymeric Carbyne Mimics and Main-Group Element-Containing Conjugated Polymers Derived from trans-Enediyne Monomers]]></AwardTitle>
<AGENCY>NSF</AGENCY>
<AwardEffectiveDate>12/01/2020</AwardEffectiveDate>
<AwardExpirationDate>06/30/2023</AwardExpirationDate>
<AwardTotalIntnAmount>466510.00</AwardTotalIntnAmount>
<AwardAmount>403354</AwardAmount>
<AwardInstrument>
<Value>Standard Grant</Value>
</AwardInstrument>
<Organization>
<Code>03090000</Code>
<Directorate>
<Abbreviation>MPS</Abbreviation>
<LongName>Direct For Mathematical &amp; Physical Scien</LongName>
</Directorate>
<Division>
<Abbreviation>CHE</Abbreviation>
<LongName>Division Of Chemistry</LongName>
</Division>
</Organization>
<ProgramOfficer>
<SignBlockName>Tomislav Pintauer</SignBlockName>
<PO_EMAI>tompinta@nsf.gov</PO_EMAI>
<PO_PHON>7032927168</PO_PHON>
</ProgramOfficer>
<AbstractNarration><![CDATA[With this award, the Macromolecular, Supramolecular and Nanochemistry Program in the Division of Chemistry is funding Dr. Qin Yang from University of New Mexico to develop conjugated polymers that contain carbon-carbon double and triple bonds.  The double and triple bonds enable conjugated polymers to conduct electricity.  Since conjugated polymers contain tens of thousands of double and triple bonds, the polymer's conductivity can sometimes surpass that of common metals such as copper or aluminum.  In this research, conductive polymers are constructed that contain not only carbon-carbon double bonds and triple bonds as well as other chemical elements such as boron, sulfur and phosphorous, among others.  Professor Yang's strategy creates a new class of polymeric materials that have never been prepared before to improve the next generation of optoelectronic devices such as solar cells and light emitting diodes.  The broader impacts also include the involvement of Native American and Hispanic communities in research and education.  Students are trained in synthetic chemistry and polymer science and have the opportunity to participate in the renewable energy industries. &lt;br/&gt;&lt;br/&gt;This project focuses on the synthesis of polymeric carbyne mimics and main-group element-containing conjugated polymers derived from trans-enediyne monomers.  The research activities are centered on the design of unconventional conjugated polymers that target limitations in conventional materials.  A new synthetic methodology is also developed to systematically produce poly(heteroarylene vinylene)s containing various main-group elements.  Such materials possess unique properties originating from the heteroatoms that are  not found in conventional hydrocarbon materials.  The synthetic methodology significantly differs from conventional metal coupling reactions that yield conjugated polymers with only aromatic fused rings.  Research activities resulting from this award are expected to  impact the fields of polymer synthesis and optoelectronics.&lt;br/&gt;&lt;br/&gt;This award reflects NSF's statutory mission and has been deemed worthy of support through evaluation using the Foundation's intellectual merit and broader impacts review criteria.]]></AbstractNarration>
<MinAmdLetterDate>12/04/2020</MinAmdLetterDate>
<MaxAmdLetterDate>12/04/2020</MaxAmdLetterDate>
<ARRAAmount/>
<TRAN_TYPE>Grant</TRAN_TYPE>
<CFDA_NUM>47.049</CFDA_NUM>
<NSF_PAR_USE_FLAG>1</NSF_PAR_USE_FLAG>
<FUND_AGCY_CODE>4900</FUND_AGCY_CODE>
<AWDG_AGCY_CODE>4900</AWDG_AGCY_CODE>
<AwardID>2101535</AwardID>
<Investigator>
<FirstName>Yang</FirstName>
<LastName>Qin</LastName>
<PI_MID_INIT/>
<PI_SUFX_NAME/>
<PI_FULL_NAME>Yang Qin</PI_FULL_NAME>
<EmailAddress><![CDATA[yang.qin@uconn.edu]]></EmailAddress>
<NSF_ID>000585973</NSF_ID>
<StartDate>12/04/2020</StartDate>
<EndDate/>
<RoleCode>Principal Investigator</RoleCode>
</Investigator>
<Institution>
<Name>University of Connecticut</Name>
<CityName>STORRS</CityName>
<ZipCode>062691133</ZipCode>
<PhoneNumber>8604863622</PhoneNumber>
<StreetAddress>438 WHITNEY RD EXTENSION UNIT 11</StreetAddress>
<StreetAddress2/>
<CountryName>United States</CountryName>
<StateName>Connecticut</StateName>
<StateCode>CT</StateCode>
<CONGRESSDISTRICT>02</CONGRESSDISTRICT>
<CONGRESS_DISTRICT_ORG>CT02</CONGRESS_DISTRICT_ORG>
<ORG_UEI_NUM>WNTPS995QBM7</ORG_UEI_NUM>
<ORG_LGL_BUS_NAME>UNIVERSITY OF CONNECTICUT</ORG_LGL_BUS_NAME>
<ORG_PRNT_UEI_NUM>D9SNFDRCW3W7</ORG_PRNT_UEI_NUM>
</Institution>
<Performance_Institution>
<Name><![CDATA[University of Connecticut]]></Name>
<CityName/>
<StateCode>CT</StateCode>
<ZipCode>062691133</ZipCode>
<StreetAddress/>
<CountryCode>US</CountryCode>
<CountryName>United States</CountryName>
<StateName>Connecticut</StateName>
<CountryFlag>1</CountryFlag>
<CONGRESSDISTRICT>02</CONGRESSDISTRICT>
<CONGRESS_DISTRICT_PERF>CT02</CONGRESS_DISTRICT_PERF>
</Performance_Institution>
<ProgramElement>
<Code>6885</Code>
<Text>Macromolec/Supramolec/Nano</Text>
</ProgramElement>
<ProgramReference>
<Code>8396</Code>
<Text>Clean Energy Technology</Text>
</ProgramReference>
<ProgramReference>
<Code>8399</Code>
<Text>Energy Storage or Transmission</Text>
</ProgramReference>
<ProgramReference>
<Code>8611</Code>
<Text>Energy Efficiency and End Use</Text>
</ProgramReference>
<ProgramReference>
<Code>9150</Code>
<Text>EXP PROG TO STIM COMP RES</Text>
</ProgramReference>
<Appropriation>
<Code>0119</Code>
<Name>NSF RESEARCH &amp; RELATED ACTIVIT</Name>
<APP_SYMB_ID>040100</APP_SYMB_ID>
</Appropriation>
<Fund>
<Code>01001920DB</Code>
<Name><![CDATA[NSF RESEARCH & RELATED ACTIVIT]]></Name>
<FUND_SYMB_ID>040100</FUND_SYMB_ID>
</Fund>
<FUND_OBLG>2019~403354</FUND_OBLG>
</Award>
</rootTag>
