<?xml version="1.0" encoding="UTF-8"?>
<rootTag>
<Award>
<AwardTitle>Crowd-Sourced Online Nexus for Developing Assessments of Middle-school Physical Science Disciplinary Core Ideas</AwardTitle>
<AGENCY>NSF</AGENCY>
<AwardEffectiveDate>09/01/2021</AwardEffectiveDate>
<AwardExpirationDate>08/31/2024</AwardExpirationDate>
<AwardTotalIntnAmount>1600600.00</AwardTotalIntnAmount>
<AwardAmount>981684</AwardAmount>
<AwardInstrument>
<Value>Continuing Grant</Value>
</AwardInstrument>
<Organization>
<Code>11090000</Code>
<Directorate>
<Abbreviation>EHR</Abbreviation>
<LongName>Direct For Education and Human Resources</LongName>
</Directorate>
<Division>
<Abbreviation>DRL</Abbreviation>
<LongName>Division Of Research On Learning</LongName>
</Division>
</Organization>
<ProgramOfficer>
<SignBlockName>Xiufeng Liu</SignBlockName>
<PO_EMAI>xiliu@nsf.gov</PO_EMAI>
<PO_PHON>7032928329</PO_PHON>
</ProgramOfficer>
<AbstractNarration>This project will develop and test a web-based platform to increase the quality of teacher-administered tests in science classrooms. It draws on classroom teacher knowledge while employing the rigorous statistical methods used in standardized assessment creation and validation. The content focus is on the disciplinary core ideas for grades 6-8 physical science in the Next Generation Science Standards (NGSS). Teachers now spend an estimate 20% of their time in assessment, yet have relatively few tools to draw upon when creating them. Over time, they learn to adapt items from available curriculum materials and textbooks. On the other hand, standardized assessment developers have the benefit of expert item writers, long development cycles, a large and diverse student population, and sophisticated psychometric tools. This project combines these two approaches, drawing upon teachers to contribute their best items, then immediately piloting them using crowdsourced subjects. Psychometric analysis generates measures of item quality and then “recycles” items to participating teachers for improvement. In this way, a large test item bank will be constructed utilizing teacher input with each item possessing: appropriate reading levels, NGSS alignment, scientific accuracy, appropriate difficulty, high statistical discrimination, and negligible difference by gender, race, or ethnicity. Involvement in this project has potential benefits for teachers lacking formal training in assessment, familiarizing participants with the NGSS, and with the elements of high-quality test development.&lt;br/&gt;&lt;br/&gt;The project will gauge the merits of a novel collaborative system for the development and validation of high-quality test items and assessment instruments. It will measure the degree to which teachers can generate effective items and improve existing items exhibiting problematic issues when given the guidance of rigorous psychometric measures that estimate item quality. It will build on earlier research showing that an adult, crowd-sourced sample works well as an initial proxy for grade 6-8 science students, allowing for extremely rapid feedback on item quality (often overnight), with item response theory computation used to establish item difficulty, item discrimination, guessing levels, and differential item functioning (gender and racial/ethnicity bias). In addition, computed measures of misconception strength, scientific correctness, reading level, and match to the NGSS will help to guide revision by teachers. Use of Bayesian futility analysis will “triage” items, minimizing costly testing of items when deemed unlikely to meet item quality criteria, lowering costs. Field testing with a large sample of grade 6-8 students will provide a final check on item quality. Items will be developed much more inexpensively than by methods used for standardized test development. Two pairs (public-release and secure for chemistry and physics) of assessment instruments will be constructed and be freely available to science teachers for classroom use and by education researchers and curriculum developers. A system that provides quick feedback on item quality could potentially transform university instruction and professional development opportunities in assessment. While starting with selected response (multiple-choice) items, the project will be able to implement a larger variety of formats in the future, incorporating automated approaches as they become available.&lt;br/&gt;&lt;br/&gt;The Discovery Research preK-12 program (DRK-12) seeks to significantly enhance the learning and teaching of science, technology, engineering and mathematics (STEM) by preK-12 students and teachers, through research and development of innovative resources, models and tools. Projects in the DRK-12 program build on fundamental research in STEM education and prior research and development efforts that provide theoretical and empirical justification for proposed projects.&lt;br/&gt;&lt;br/&gt;This award reflects NSF's statutory mission and has been deemed worthy of support through evaluation using the Foundation's intellectual merit and broader impacts review criteria.</AbstractNarration>
<MinAmdLetterDate>04/01/2021</MinAmdLetterDate>
<MaxAmdLetterDate>05/21/2021</MaxAmdLetterDate>
<ARRAAmount/>
<TRAN_TYPE>Grant</TRAN_TYPE>
<CFDA_NUM>47.076</CFDA_NUM>
<NSF_PAR_USE_FLAG>1</NSF_PAR_USE_FLAG>
<FUND_AGCY_CODE>4900</FUND_AGCY_CODE>
<AWDG_AGCY_CODE>4900</AWDG_AGCY_CODE>
<AwardID>2101493</AwardID>
<Investigator>
<FirstName>Philip</FirstName>
<LastName>Sadler</LastName>
<PI_MID_INIT>M</PI_MID_INIT>
<PI_SUFX_NAME/>
<PI_FULL_NAME>Philip M Sadler</PI_FULL_NAME>
<EmailAddress>psadler@cfa.harvard.edu</EmailAddress>
<PI_PHON>6179055540</PI_PHON>
<NSF_ID>000110731</NSF_ID>
<StartDate>04/01/2021</StartDate>
<EndDate/>
<RoleCode>Principal Investigator</RoleCode>
</Investigator>
<Investigator>
<FirstName>Gerhard</FirstName>
<LastName>Sonnert</LastName>
<PI_MID_INIT/>
<PI_SUFX_NAME/>
<PI_FULL_NAME>Gerhard Sonnert</PI_FULL_NAME>
<EmailAddress>gsonnert@cfa.harvard.edu</EmailAddress>
<PI_PHON>6174958248</PI_PHON>
<NSF_ID>000498138</NSF_ID>
<StartDate>04/01/2021</StartDate>
<EndDate/>
<RoleCode>Co-Principal Investigator</RoleCode>
</Investigator>
<Investigator>
<FirstName>Susan</FirstName>
<LastName>Sunbury</LastName>
<PI_MID_INIT>E</PI_MID_INIT>
<PI_SUFX_NAME/>
<PI_FULL_NAME>Susan E Sunbury</PI_FULL_NAME>
<EmailAddress>ssunbury@cfa.harvard.edu</EmailAddress>
<PI_PHON>6174967918</PI_PHON>
<NSF_ID>000569855</NSF_ID>
<StartDate>04/01/2021</StartDate>
<EndDate/>
<RoleCode>Co-Principal Investigator</RoleCode>
</Investigator>
<Institution>
<Name>Harvard University</Name>
<CityName>CAMBRIDGE</CityName>
<ZipCode>021385369</ZipCode>
<PhoneNumber>6174955501</PhoneNumber>
<StreetAddress>1033 MASSACHUSETTS AVE 5TH FL</StreetAddress>
<StreetAddress2/>
<CountryName>United States</CountryName>
<StateName>Massachusetts</StateName>
<StateCode>MA</StateCode>
<CONGRESSDISTRICT>05</CONGRESSDISTRICT>
<CONGRESS_DISTRICT_ORG>MA05</CONGRESS_DISTRICT_ORG>
<ORG_UEI_NUM>LN53LCFJFL45</ORG_UEI_NUM>
<ORG_LGL_BUS_NAME>PRESIDENT AND FELLOWS OF HARVARD COLLEGE</ORG_LGL_BUS_NAME>
<ORG_PRNT_UEI_NUM>ML98SNHE8XL1</ORG_PRNT_UEI_NUM>
</Institution>
<Performance_Institution>
<Name><![CDATA[Harvard University]]></Name>
<CityName>Cambridge</CityName>
<StateCode>MA</StateCode>
<ZipCode>021381516</ZipCode>
<StreetAddress><![CDATA[60 Garden Street]]></StreetAddress>
<CountryCode>US</CountryCode>
<CountryName>United States</CountryName>
<StateName>Massachusetts</StateName>
<CountryFlag>1</CountryFlag>
<CONGRESSDISTRICT>05</CONGRESSDISTRICT>
<CONGRESS_DISTRICT_PERF>MA05</CONGRESS_DISTRICT_PERF>
</Performance_Institution>
<ProgramElement>
<Code>7645</Code>
<Text>Discovery Research K-12</Text>
</ProgramElement>
<Appropriation>
<Code>0421</Code>
<Name>NSF Education &amp; Human Resource</Name>
<APP_SYMB_ID>040106</APP_SYMB_ID>
</Appropriation>
<Fund>
<Code>04002122DB</Code>
<Name><![CDATA[NSF Education & Human Resource]]></Name>
<FUND_SYMB_ID>040106</FUND_SYMB_ID>
</Fund>
<FUND_OBLG>2021~981684</FUND_OBLG>
</Award>
</rootTag>
