<?xml version="1.0" encoding="UTF-8"?>
<rootTag>
<Award>
<AwardTitle>RUI: Exploring Halogen Bonding as a Fundamental Interaction Toward the Development of Nanoparticle-Based Screening Methods for Explosive Molecule Detection</AwardTitle>
<AGENCY>NSF</AGENCY>
<AwardEffectiveDate>09/01/2021</AwardEffectiveDate>
<AwardExpirationDate>08/31/2024</AwardExpirationDate>
<AwardTotalIntnAmount>272738.00</AwardTotalIntnAmount>
<AwardAmount>272738</AwardAmount>
<AwardInstrument>
<Value>Standard Grant</Value>
</AwardInstrument>
<Organization>
<Code>03090000</Code>
<Directorate>
<Abbreviation>MPS</Abbreviation>
<LongName>Direct For Mathematical &amp; Physical Scien</LongName>
</Directorate>
<Division>
<Abbreviation>CHE</Abbreviation>
<LongName>Division Of Chemistry</LongName>
</Division>
</Organization>
<ProgramOfficer>
<SignBlockName>George Janini</SignBlockName>
<PO_EMAI>gjanini@nsf.gov</PO_EMAI>
<PO_PHON>7032924971</PO_PHON>
</ProgramOfficer>
<AbstractNarration>With the support of the Macromolecular, Supramolecular, and Nanochemistry (MSN) Program in the Division of Chemistry, Professor Michael C. Leopold of the University of Richmond and his undergraduate students will explore the chemistry of the halogen bond in an effort to exploit its unique attractive interactions to develop nanoparticle sensing platforms for explosives  and structurally-related compounds.  The long-term practical objective is to develop halogen bonding nanoparticle-based explosive sensing tools that are fast, operable by non-experts, field portable and deployable by law enforcement and the military.  On the fundamental side, the project advances knowledge and fundamental understanding of structure-dependent halogen bond interactions and adapts this knowledge to the design of nanomaterials that serve a functional role within sensing schemes.  The project engages undergraduate students in fundamentally-sound, multidisciplinary, practical outcome-oriented research.   In addition to an immersive laboratory experience, undergraduate students will assist in the development of curriculum-based undergraduate research material and will actively participate in community educational and outreach programs aimed at inspiring and retaining interest in STEM fields at local under-resourced K-12 schools. &lt;br/&gt;&lt;br/&gt;This project focuses on structure-optimized halogen bonding (XB) as a fundamental intermolecular interaction between strategically-designed XB selector molecules coupled to gold nanoparticles (NPs) and the targeted explosive molecules.  Promotion of strong XB interactions between these functionalized NPs and non-aromatic explosives should lead to analytical signaling, spectroscopic or electrochemical, that indicates the presence of targeted molecules.  To accomplish this overarching goal, there are a number of specific objectives including: (1) the use of 19F and 1H NMR (nuclear magnetic resonance) titration measurements to identify specific halogenated chemical structure and experimental conditions for the strongest X-B interactions with explosives and/or explosive-related molecules; (2) synthesis of thiol-terminated ligands with optimized X-B promoting chemical structure; (3) exploration of the surface structure/chemistry of monolayer protected nanoclusters (MPCs) to effectively functionalize their peripheral layer with X-B selector ligands via place-exchange reactions monitored with NMR measurements; (4) the use of sophisticated 2-D NMR, NOESY (Nuclear Overhauser Enhancement Spectroscopy) and HOESY (Heteronuclear Overhauser Enhancement Spectroscopy) methods, to characterize X-B interactions between functionalized MPCs and explosive/explosive-related target molecules; (5) exploration of X-B induced solution aggregation of selector-modified MPCs in the presence of explosive molecules; (6) demonstration of X-B selector functionalized MPCs within assembled films as an interface for detecting explosives and/or explosive-related molecules in chemical vapor via electrochemical measurements.&lt;br/&gt;&lt;br/&gt;This award reflects NSF's statutory mission and has been deemed worthy of support through evaluation using the Foundation's intellectual merit and broader impacts review criteria.</AbstractNarration>
<MinAmdLetterDate>03/31/2021</MinAmdLetterDate>
<MaxAmdLetterDate>05/21/2021</MaxAmdLetterDate>
<ARRAAmount/>
<TRAN_TYPE>Grant</TRAN_TYPE>
<CFDA_NUM>47.049</CFDA_NUM>
<NSF_PAR_USE_FLAG>1</NSF_PAR_USE_FLAG>
<FUND_AGCY_CODE>4900</FUND_AGCY_CODE>
<AWDG_AGCY_CODE>4900</AWDG_AGCY_CODE>
<AwardID>2101010</AwardID>
<Investigator>
<FirstName>Michael</FirstName>
<LastName>Leopold</LastName>
<PI_MID_INIT>C</PI_MID_INIT>
<PI_SUFX_NAME/>
<PI_FULL_NAME>Michael C Leopold</PI_FULL_NAME>
<EmailAddress>mleopold@richmond.edu</EmailAddress>
<PI_PHON>8042876329</PI_PHON>
<NSF_ID>000412374</NSF_ID>
<StartDate>03/31/2021</StartDate>
<EndDate/>
<RoleCode>Principal Investigator</RoleCode>
</Investigator>
<Institution>
<Name>University of Richmond</Name>
<CityName>RICHMOND</CityName>
<ZipCode>231730008</ZipCode>
<PhoneNumber>8042898100</PhoneNumber>
<StreetAddress>110 UR DR</StreetAddress>
<StreetAddress2/>
<CountryName>United States</CountryName>
<StateName>Virginia</StateName>
<StateCode>VA</StateCode>
<CONGRESSDISTRICT>07</CONGRESSDISTRICT>
<CONGRESS_DISTRICT_ORG>VA07</CONGRESS_DISTRICT_ORG>
<ORG_UEI_NUM>RL3YF9NM92A3</ORG_UEI_NUM>
<ORG_LGL_BUS_NAME>UNIVERSITY OF RICHMOND</ORG_LGL_BUS_NAME>
<ORG_PRNT_UEI_NUM>RL3YF9NM92A3</ORG_PRNT_UEI_NUM>
</Institution>
<Performance_Institution>
<Name><![CDATA[University of Richmond]]></Name>
<CityName>Richmond</CityName>
<StateCode>VA</StateCode>
<ZipCode>231730001</ZipCode>
<StreetAddress><![CDATA[138 UR Drive]]></StreetAddress>
<CountryCode>US</CountryCode>
<CountryName>United States</CountryName>
<StateName>Virginia</StateName>
<CountryFlag>1</CountryFlag>
<CONGRESSDISTRICT>07</CONGRESSDISTRICT>
<CONGRESS_DISTRICT_PERF>VA07</CONGRESS_DISTRICT_PERF>
</Performance_Institution>
<ProgramElement>
<Code>6885</Code>
<Text>Macromolec/Supramolec/Nano</Text>
</ProgramElement>
<ProgramReference>
<Code>7237</Code>
<Text>NANO NON-SOLIC SCI &amp; ENG AWD</Text>
</ProgramReference>
<ProgramReference>
<Code>9229</Code>
<Text>RES IN UNDERGRAD INST-RESEARCH</Text>
</ProgramReference>
<Appropriation>
<Code>0121</Code>
<Name>NSF RESEARCH &amp; RELATED ACTIVIT</Name>
<APP_SYMB_ID>040100</APP_SYMB_ID>
</Appropriation>
<Fund>
<Code>01002122DB</Code>
<Name><![CDATA[NSF RESEARCH & RELATED ACTIVIT]]></Name>
<FUND_SYMB_ID>040100</FUND_SYMB_ID>
</Fund>
<FUND_OBLG>2021~272738</FUND_OBLG>
</Award>
</rootTag>
