<?xml version="1.0" encoding="UTF-8"?>
<rootTag>
<Award>
<AwardTitle>I-Corps: A machine learning and video-based sensor for measuring sewer flows</AwardTitle>
<AGENCY>NSF</AGENCY>
<AwardEffectiveDate>03/01/2021</AwardEffectiveDate>
<AwardExpirationDate>08/31/2022</AwardExpirationDate>
<AwardTotalIntnAmount>50000.00</AwardTotalIntnAmount>
<AwardAmount>50000</AwardAmount>
<AwardInstrument>
<Value>Standard Grant</Value>
</AwardInstrument>
<Organization>
<Code>15030000</Code>
<Directorate>
<Abbreviation>TIP</Abbreviation>
<LongName>Dir for Tech, Innovation, &amp; Partnerships</LongName>
</Directorate>
<Division>
<Abbreviation>TI</Abbreviation>
<LongName>Translational Impacts</LongName>
</Division>
</Organization>
<ProgramOfficer>
<SignBlockName>Ruth Shuman</SignBlockName>
<PO_EMAI>rshuman@nsf.gov</PO_EMAI>
<PO_PHON>7032922160</PO_PHON>
</ProgramOfficer>
<AbstractNarration>The broader impact/commercial potential of this I-Corps project is in the improvement of water reclamation operations and associated positive impacts on human and environmental health. Water reclamation facilities in the U.S. discharge billions of gallons of untreated wastewater into the environment each year due to large storms that cause overflows in their collection systems. Failures in these systems can also result in basement backups of untreated water into citizens' homes, which can cause property damage and risk of serious illnesses. To overcome these challenges, water reclamation facilities rely on sewer flow data to get a picture of what is happening within their pipe networks; however, existing sensors have several shortcomings including inaccurate data, high costs, and an inability to detect low flows. The proposed technology seeks to overcome these challenges through a machine learning and video-based sensor for measuring sewer flows and water quality. This technology has the potential to provide water reclamation facilities with accurate and reliable data across all pipe flow conditions to inform decision-making on costly infrastructure and operations. In addition, by helping to reduce basement backups, this technology has broader social implications as low-income and minority communities are disproportionately affected by flood impacts.&lt;br/&gt;&lt;br/&gt;This I-Corps project is based on the development of a low-cost, video-based sensor to measure flows in sanitary sewer systems using machine learning and spectral analysis. Specifically, the proposed technology captures video of sewer flow and processes using a machine learning algorithm to estimate velocity and water level. In addition, it uses spectral analysis to determine the clarity and color of water that can be used to identify sources of pollutants within the sanitary sewer system. This technology is novel in that for the first-time a video-based sensor is applied to accurately measure flow and water quality in sanitary sewers. The proposed technology has the potential to advance water reclamation operations through less expensive, more reliable, and more accurate data on the magnitude and quality of water flow in sanitary sewers.&lt;br/&gt;&lt;br/&gt;This award reflects NSF's statutory mission and has been deemed worthy of support through evaluation using the Foundation's intellectual merit and broader impacts review criteria.</AbstractNarration>
<MinAmdLetterDate>03/03/2021</MinAmdLetterDate>
<MaxAmdLetterDate>05/21/2021</MaxAmdLetterDate>
<ARRAAmount/>
<TRAN_TYPE>Grant</TRAN_TYPE>
<CFDA_NUM>47.041</CFDA_NUM>
<NSF_PAR_USE_FLAG>1</NSF_PAR_USE_FLAG>
<FUND_AGCY_CODE>4900</FUND_AGCY_CODE>
<AWDG_AGCY_CODE>4900</AWDG_AGCY_CODE>
<AwardID>2101934</AwardID>
<Investigator>
<FirstName>Henry</FirstName>
<LastName>Medeiros</LastName>
<PI_MID_INIT/>
<PI_SUFX_NAME/>
<PI_FULL_NAME>Henry Medeiros</PI_FULL_NAME>
<EmailAddress>hmedeiros@ufl.edu</EmailAddress>
<PI_PHON>3522946706</PI_PHON>
<NSF_ID>000646661</NSF_ID>
<StartDate>03/03/2021</StartDate>
<EndDate/>
<RoleCode>Co-Principal Investigator</RoleCode>
</Investigator>
<Investigator>
<FirstName>Walter</FirstName>
<LastName>McDonald</LastName>
<PI_MID_INIT/>
<PI_SUFX_NAME/>
<PI_FULL_NAME>Walter McDonald</PI_FULL_NAME>
<EmailAddress>walter.mcdonald@marquette.edu</EmailAddress>
<PI_PHON/>
<NSF_ID>000745084</NSF_ID>
<StartDate>03/03/2021</StartDate>
<EndDate/>
<RoleCode>Principal Investigator</RoleCode>
</Investigator>
<Institution>
<Name>Marquette University</Name>
<CityName>MILWAUKEE</CityName>
<ZipCode>532332310</ZipCode>
<PhoneNumber>4142887200</PhoneNumber>
<StreetAddress>915 W WISCONSIN AVE RM 175</StreetAddress>
<StreetAddress2/>
<CountryName>United States</CountryName>
<StateName>Wisconsin</StateName>
<StateCode>WI</StateCode>
<CONGRESSDISTRICT>04</CONGRESSDISTRICT>
<CONGRESS_DISTRICT_ORG>WI04</CONGRESS_DISTRICT_ORG>
<ORG_UEI_NUM>HKJCKTFJNBM7</ORG_UEI_NUM>
<ORG_LGL_BUS_NAME>MARQUETTE UNIVERSITY</ORG_LGL_BUS_NAME>
<ORG_PRNT_UEI_NUM>YHYDXPLZHLW3</ORG_PRNT_UEI_NUM>
</Institution>
<Performance_Institution>
<Name><![CDATA[Marquette University]]></Name>
<CityName/>
<StateCode>WI</StateCode>
<ZipCode>532011881</ZipCode>
<StreetAddress/>
<CountryCode>US</CountryCode>
<CountryName>United States</CountryName>
<StateName>Wisconsin</StateName>
<CountryFlag>1</CountryFlag>
<CONGRESSDISTRICT>04</CONGRESSDISTRICT>
<CONGRESS_DISTRICT_PERF>WI04</CONGRESS_DISTRICT_PERF>
</Performance_Institution>
<ProgramElement>
<Code>8023</Code>
<Text>I-Corps</Text>
</ProgramElement>
<ProgramReference>
<Code>1639</Code>
<Text>SENSORS AND SENSING SYSTEMS</Text>
</ProgramReference>
<Appropriation>
<Code>0121</Code>
<Name>NSF RESEARCH &amp; RELATED ACTIVIT</Name>
<APP_SYMB_ID>040100</APP_SYMB_ID>
</Appropriation>
<Fund>
<Code>01002122DB</Code>
<Name><![CDATA[NSF RESEARCH & RELATED ACTIVIT]]></Name>
<FUND_SYMB_ID>040100</FUND_SYMB_ID>
</Fund>
<FUND_OBLG>2021~50000</FUND_OBLG>
</Award>
</rootTag>
