<?xml version="1.0" encoding="UTF-8"?>
<rootTag>
<Award>
<AwardTitle>SBIR Phase I: Integrated Coaxial Electron and Light Microscope for Multimodal Imaging</AwardTitle>
<AGENCY>NSF</AGENCY>
<AwardEffectiveDate>05/01/2021</AwardEffectiveDate>
<AwardExpirationDate>03/31/2022</AwardExpirationDate>
<AwardTotalIntnAmount>255915.00</AwardTotalIntnAmount>
<AwardAmount>255915</AwardAmount>
<AwardInstrument>
<Value>Standard Grant</Value>
</AwardInstrument>
<Organization>
<Code>15030000</Code>
<Directorate>
<Abbreviation>TIP</Abbreviation>
<LongName>Dir for Tech, Innovation, &amp; Partnerships</LongName>
</Directorate>
<Division>
<Abbreviation>TI</Abbreviation>
<LongName>Translational Impacts</LongName>
</Division>
</Organization>
<ProgramOfficer>
<SignBlockName>Benaiah Schrag</SignBlockName>
<PO_EMAI>bschrag@nsf.gov</PO_EMAI>
<PO_PHON>7032928323</PO_PHON>
</ProgramOfficer>
<AbstractNarration>This Small Business Innovation Research (SBIR) Phase I project aims to develop a low-cost combined light and electron microscope having simultaneous view of the same area. Such a tool will benefit any application in which information is gathered from multiple modes to understand the sample behavior, such as in the life sciences. Currently, this is accomplished only with two separate instruments often in different laboratories with great care needed to track the region of information between instruments. The microscopy market is an estimated $9.4 billion, $3.9 billion of which comprises electron microscopes and $3.0 billion for light microscopy. This project advances a simple, easy-to-use solution combining the two systems into one, offering significant leaps in productivity for microscopists and advancing discoveries in the life sciences. &lt;br/&gt;&lt;br/&gt;The intellectual merit of this project is based on a unique and simple architecture that reduces cost and complexity of the electron microscope while also allowing for coaxial imaging of the sample by the two modalities. In the life sciences, an increasingly popular method is to combine high resolution structural information (context) with super-resolution fluorescence images of key marked proteins to obtain functional understanding of the tissue. The user does not need to worry about position tracking and alignment. Furthermore, the architecture lends itself well to a new optical charge control method for mitigating charge build-up on the sample, a problem common to electron microscopy. The same optical path used for imaging allows co-illumination of the sample by the charge control beam. Ahead of submission of the proposal, the team completed detailed particles optics modeling and system design optimization. This Phase I project will complete the mechanical design of the microscope, build the prototype, and validate the particle optic modeling and resulting imaging performance using standard electron imaging metrology targets. Second, the project will then use the prototype to image a range of charging samples to test the charge compensation scheme. Resulting images will be compared to that obtained from traditional tabletop scanning electron microscopes to understand the effectiveness and limitations of the charge control.&lt;br/&gt;&lt;br/&gt;This award reflects NSF's statutory mission and has been deemed worthy of support through evaluation using the Foundation's intellectual merit and broader impacts review criteria.</AbstractNarration>
<MinAmdLetterDate>04/20/2021</MinAmdLetterDate>
<MaxAmdLetterDate>04/20/2021</MaxAmdLetterDate>
<ARRAAmount/>
<TRAN_TYPE>Grant</TRAN_TYPE>
<CFDA_NUM>47.041</CFDA_NUM>
<NSF_PAR_USE_FLAG>1</NSF_PAR_USE_FLAG>
<FUND_AGCY_CODE>4900</FUND_AGCY_CODE>
<AWDG_AGCY_CODE>4900</AWDG_AGCY_CODE>
<AwardID>2101230</AwardID>
<Investigator>
<FirstName>Christopher</FirstName>
<LastName>Sears</LastName>
<PI_MID_INIT/>
<PI_SUFX_NAME/>
<PI_FULL_NAME>Christopher Sears</PI_FULL_NAME>
<EmailAddress>christopher.sears@searsscientificconsulting.com</EmailAddress>
<PI_PHON>4083914641</PI_PHON>
<NSF_ID>000808468</NSF_ID>
<StartDate>04/20/2021</StartDate>
<EndDate/>
<RoleCode>Principal Investigator</RoleCode>
</Investigator>
<Institution>
<Name>SEARS SCIENTIFIC CONSULTING LLC</Name>
<CityName>Happy Valley</CityName>
<ZipCode>970866289</ZipCode>
<PhoneNumber>4083914641</PhoneNumber>
<StreetAddress>10594 SE Isaac Dr</StreetAddress>
<StreetAddress2/>
<CountryName>United States</CountryName>
<StateName>Oregon</StateName>
<StateCode>OR</StateCode>
<CONGRESSDISTRICT>05</CONGRESSDISTRICT>
<CONGRESS_DISTRICT_ORG>OR05</CONGRESS_DISTRICT_ORG>
<ORG_UEI_NUM>MM3HR6SZEJP8</ORG_UEI_NUM>
<ORG_LGL_BUS_NAME>SEARS SCIENTIFIC CONSULTING LLC</ORG_LGL_BUS_NAME>
<ORG_PRNT_UEI_NUM/>
</Institution>
<Performance_Institution>
<Name><![CDATA[Sears Scientific Consulting LLC]]></Name>
<CityName>Happy Valley</CityName>
<StateCode>OR</StateCode>
<ZipCode>970866289</ZipCode>
<StreetAddress><![CDATA[10594 SE Isaac Dr]]></StreetAddress>
<CountryCode>US</CountryCode>
<CountryName>United States</CountryName>
<StateName>Oregon</StateName>
<CountryFlag>1</CountryFlag>
<CONGRESSDISTRICT>05</CONGRESSDISTRICT>
<CONGRESS_DISTRICT_PERF>OR05</CONGRESS_DISTRICT_PERF>
</Performance_Institution>
<ProgramElement>
<Code>5371</Code>
<Text>SBIR Phase I</Text>
</ProgramElement>
<ProgramReference>
<Code>8616</Code>
<Text>Instr Rsrch,Metro&amp;Std NanTech</Text>
</ProgramReference>
<Appropriation>
<Code>0121</Code>
<Name>NSF RESEARCH &amp; RELATED ACTIVIT</Name>
<APP_SYMB_ID>040100</APP_SYMB_ID>
</Appropriation>
<Fund>
<Code>01002122DB</Code>
<Name><![CDATA[NSF RESEARCH & RELATED ACTIVIT]]></Name>
<FUND_SYMB_ID>040100</FUND_SYMB_ID>
</Fund>
<FUND_OBLG>2021~255915</FUND_OBLG>
<POR>
<DRECONTENT><![CDATA[<div class="porColContainerWBG"> <div class="porContentCol"><p>This Small Business Innovation Research Phase I project has successfully prototyped a low-cost combined light and electron microscope having simultaneous view of the same area.&nbsp; Such a tool would be greatly beneficial across disciplines in any application in which information must be gathered from multiple modes to understand the sample behavior.&nbsp; In the life sciences, an increasingly popular method is to combine high resolution structural information (context) with super-resolution fluorescence images of key marked proteins to obtain functional understanding of the tissue.&nbsp; Currently, this is accomplished only with two separate instruments often in different laboratories with great care needed to track the region of information between instruments.&nbsp; A simple, easy-to-use solution that combines the two systems into one would offer significant leaps in productivity for microscopists.&nbsp; The microscopy market is an estimated $9.4BUSD, $3.9 BUSD of which are electron microscopes and $3.0 BUSD for light microscopy.&nbsp; Considering the overlap with the fluorescence microscopy market along with restrictions compared to standard tabletop scanning electron microscopes, the team estimates that the proposed system has a 0.74BUSD addressable market.&nbsp;</p> <p>The intellectual merit of this project is based on a unique and simple architecture that reduces cost and complexity of the electron microscope while also allowing for coaxial imaging of the sample by the two modalities.&nbsp; The user does not need to worry about position tracking and alignment.&nbsp; &nbsp;The phase 1 project covered detailed mechanical design work, fabrication, assembly of off-the-shelf components including drive electronics, and preparation of a software control interface.&nbsp; Approximately 85% of the components used in the prototype are off-the-shelf, reducing the scope-of-work and enabling rapid prototyping and testing.&nbsp; Subsystems and modules were tested separately as the prototype came together, including magnetic field measurements of focusing and correcting elements, light optic subsystem resolution, vacuum pump down, and high voltage conditioning.&nbsp; Fully assembled, the microscope was characterized by off-the-shelf calibration targets.&nbsp;</p> <p>Along the way, the several experimental issues were encountered and resolved, including a few fabrication issues requiring part re-work, a poor vacuum reading (a bad gauge), and low electron beam signal (scintillator with excessively thick metal coating).&nbsp; An outstanding issue of light leakage onto the electron sensor can be addressed in subsequent prototypes.</p> <p>Parallel with the technical work on the prototype, the project expanded upon the early market research with a customer discovery program.&nbsp; The interviews conducted as part of this process yielded valuable insight into the market value of <em>Ellim</em>, including validating the core customer problem and value statement of the product by providing an integrated system for correlative imaging. &nbsp;Post phase 1 activities are to include further customer discovery to narrow down the initial target customers as early adopters while experimental work continues to explore charging phenomena and potential mitigations.</p> <p>&nbsp;</p><br> <p>            Last Modified: 04/05/2022<br>      Modified by: Christopher&nbsp;Sears</p> </div> <div class="porSideCol"> <div class="each-gallery"> <div class="galContent" id="gallery0"> <div class="photoCount" id="photoCount0">          Image         </div> <div class="galControls onePhoto" id="controls0"></div> <div class="galSlideshow" id="slideshow0"></div> <div class="galEmbox" id="embox"> <div class="image-title"></div> </div> </div> <div class="galNavigation onePhoto" id="navigation0"> <ul class="thumbs" id="thumbs0"> <li> <a href="/por/images/Reports/POR/2022/2101230/2101230_10728860_1649181266052_summarypic--rgov-214x142.jpg" original="/por/images/Reports/POR/2022/2101230/2101230_10728860_1649181266052_summarypic--rgov-800width.jpg" title="Ellim summary picture"><img src="/por/images/Reports/POR/2022/2101230/2101230_10728860_1649181266052_summarypic--rgov-66x44.jpg" alt="Ellim summary picture"></a> <div class="imageCaptionContainer"> <div class="imageCaption">Left: the Ellim prototype, a desktop system for combined electron and light microscopy.  Right: example image from Ellim of sliver epoxy spread on silicon.  The inset shows the visible light image.  The field of view is 40 micron.</div> <div class="imageCredit">Sears Scientific</div> <div class="imagePermisssions">Copyrighted</div> <div class="imageSubmitted">Christopher&nbsp;Sears</div> <div class="imageTitle">Ellim summary picture</div> </div> </li> </ul> </div> </div> </div> </div>]]></DRECONTENT>
<POR_COPY_TXT><![CDATA[ This Small Business Innovation Research Phase I project has successfully prototyped a low-cost combined light and electron microscope having simultaneous view of the same area.  Such a tool would be greatly beneficial across disciplines in any application in which information must be gathered from multiple modes to understand the sample behavior.  In the life sciences, an increasingly popular method is to combine high resolution structural information (context) with super-resolution fluorescence images of key marked proteins to obtain functional understanding of the tissue.  Currently, this is accomplished only with two separate instruments often in different laboratories with great care needed to track the region of information between instruments.  A simple, easy-to-use solution that combines the two systems into one would offer significant leaps in productivity for microscopists.  The microscopy market is an estimated $9.4BUSD, $3.9 BUSD of which are electron microscopes and $3.0 BUSD for light microscopy.  Considering the overlap with the fluorescence microscopy market along with restrictions compared to standard tabletop scanning electron microscopes, the team estimates that the proposed system has a 0.74BUSD addressable market.   The intellectual merit of this project is based on a unique and simple architecture that reduces cost and complexity of the electron microscope while also allowing for coaxial imaging of the sample by the two modalities.  The user does not need to worry about position tracking and alignment.   The phase 1 project covered detailed mechanical design work, fabrication, assembly of off-the-shelf components including drive electronics, and preparation of a software control interface.  Approximately 85% of the components used in the prototype are off-the-shelf, reducing the scope-of-work and enabling rapid prototyping and testing.  Subsystems and modules were tested separately as the prototype came together, including magnetic field measurements of focusing and correcting elements, light optic subsystem resolution, vacuum pump down, and high voltage conditioning.  Fully assembled, the microscope was characterized by off-the-shelf calibration targets.   Along the way, the several experimental issues were encountered and resolved, including a few fabrication issues requiring part re-work, a poor vacuum reading (a bad gauge), and low electron beam signal (scintillator with excessively thick metal coating).  An outstanding issue of light leakage onto the electron sensor can be addressed in subsequent prototypes.  Parallel with the technical work on the prototype, the project expanded upon the early market research with a customer discovery program.  The interviews conducted as part of this process yielded valuable insight into the market value of Ellim, including validating the core customer problem and value statement of the product by providing an integrated system for correlative imaging.  Post phase 1 activities are to include further customer discovery to narrow down the initial target customers as early adopters while experimental work continues to explore charging phenomena and potential mitigations.          Last Modified: 04/05/2022       Submitted by: Christopher Sears]]></POR_COPY_TXT>
</POR>
</Award>
</rootTag>
