<?xml version="1.0" encoding="UTF-8"?>
<rootTag>
<Award>
<AwardTitle><![CDATA[SaTC: CORE: Small: Decentralized Attribution and Secure Training of Generative Models]]></AwardTitle>
<AGENCY>NSF</AGENCY>
<AwardEffectiveDate>10/01/2021</AwardEffectiveDate>
<AwardExpirationDate>09/30/2024</AwardExpirationDate>
<AwardTotalIntnAmount>500000.00</AwardTotalIntnAmount>
<AwardAmount>500000</AwardAmount>
<AwardInstrument>
<Value>Standard Grant</Value>
</AwardInstrument>
<Organization>
<Code>05050000</Code>
<Directorate>
<Abbreviation>CSE</Abbreviation>
<LongName>Direct For Computer &amp; Info Scie &amp; Enginr</LongName>
</Directorate>
<Division>
<Abbreviation>CNS</Abbreviation>
<LongName>Division Of Computer and Network Systems</LongName>
</Division>
</Organization>
<ProgramOfficer>
<SignBlockName>James Joshi</SignBlockName>
<PO_EMAI>jjoshi@nsf.gov</PO_EMAI>
<PO_PHON>7032928950</PO_PHON>
</ProgramOfficer>
<AbstractNarration><![CDATA[Generative models describe real-world data distributions such as images, texts, and human motions, and are playing an essential role in a large and growing range of applications from photo editing to natural language processing to autonomous driving. There are two open challenges regarding the development and dissemination of generative models: (1) Adversarial applications of generative models have created concerning socio-technical disturbances (e.g., espionage operations and malicious impersonation); and (2) developing generative models using multiple proprietary datasets (which are needed to reduce data biases) raises privacy concerns about data leakage. Legislative efforts have recently been taken in the wake of these challenges, so far with limited consensus on the format of regulations and knowledge about their technological or social feasibility. To this end, this project will develop new mathematical theories and computational tools to assess the feasibility of two connected solutions to these challenges: Model attribution enforces the owners to be correctly identified based on their generated contents; secure training ensures zero data leakage during the collaborative training of attributable generative models. If successful, the outcomes of the project will provide technical guidance for future regulation design towards secure development and dissemination of generative models. Project results will be disseminated through a project website, open-source software, and public datasets. The impacts of the project will be broadened through educational activities, including new course modules on Artificial Intelligence (AI) security, undergraduate research projects, and outreach to the local community through lab tours, to prepare underrepresented groups with skills to mitigate risks from malicious impersonation and biased data/model representations targeting these groups.&lt;br/&gt;&lt;br/&gt;This project will focus on synergistic research tasks towards decentralized model attribution and secure training of generative models. In the former, the research team will study the systematic design of a set of user-end generative models that can be certifiably attributed by a set of binary classifiers, which are stored in a decentralized manner to mitigate security risks. The technical feasibility of decentralized attribution will be measured by the tradeoffs between attributability, generation quality, and model capacity. In the latter, the research team will study secure multi-party training of generative models and the associated binary classifiers for attribution. Data privacy and training scalability will be balanced through the design of security-friendly model architectures and learning losses. New knowledge will be created that differentiates this project from the existing state-of-the-art literature in digital forensics and secure computation: (1) Sufficient conditions for decentralized attribution will be developed, which will reveal analytical connections between attributability, data geometry, model architecture, and generation quality. (2) The sufficient conditions will enable estimation of the capacity of attributable models for a given dataset and generation quality tolerance. (3) Feasibility of sublinear secure vector multiplication will be studied, which will fundamentally improve the scalability of secure collaborative training. (4) Privacy-friendly activation and loss functions will be designed for the training of user-end generative models and the classifiers for attribution.&lt;br/&gt;&lt;br/&gt;This award reflects NSF's statutory mission and has been deemed worthy of support through evaluation using the Foundation's intellectual merit and broader impacts review criteria.]]></AbstractNarration>
<MinAmdLetterDate>08/06/2021</MinAmdLetterDate>
<MaxAmdLetterDate>08/06/2021</MaxAmdLetterDate>
<ARRAAmount/>
<TRAN_TYPE>Grant</TRAN_TYPE>
<CFDA_NUM>47.070</CFDA_NUM>
<NSF_PAR_USE_FLAG>1</NSF_PAR_USE_FLAG>
<FUND_AGCY_CODE>4900</FUND_AGCY_CODE>
<AWDG_AGCY_CODE>4900</AWDG_AGCY_CODE>
<AwardID>2101052</AwardID>
<Investigator>
<FirstName>Yi</FirstName>
<LastName>Ren</LastName>
<PI_MID_INIT/>
<PI_SUFX_NAME/>
<PI_FULL_NAME>Yi Ren</PI_FULL_NAME>
<EmailAddress><![CDATA[yiren@asu.edu]]></EmailAddress>
<NSF_ID>000688341</NSF_ID>
<StartDate>08/06/2021</StartDate>
<EndDate/>
<RoleCode>Principal Investigator</RoleCode>
</Investigator>
<Investigator>
<FirstName>Yezhou</FirstName>
<LastName>Yang</LastName>
<PI_MID_INIT/>
<PI_SUFX_NAME/>
<PI_FULL_NAME>Yezhou Yang</PI_FULL_NAME>
<EmailAddress><![CDATA[yz.yang@asu.edu]]></EmailAddress>
<NSF_ID>000733585</NSF_ID>
<StartDate>08/06/2021</StartDate>
<EndDate/>
<RoleCode>Co-Principal Investigator</RoleCode>
</Investigator>
<Investigator>
<FirstName>Ni</FirstName>
<LastName>Trieu</LastName>
<PI_MID_INIT/>
<PI_SUFX_NAME/>
<PI_FULL_NAME>Ni Trieu</PI_FULL_NAME>
<EmailAddress><![CDATA[nitrieu@asu.edu]]></EmailAddress>
<NSF_ID>000826634</NSF_ID>
<StartDate>08/06/2021</StartDate>
<EndDate/>
<RoleCode>Co-Principal Investigator</RoleCode>
</Investigator>
<Institution>
<Name>Arizona State University</Name>
<CityName>TEMPE</CityName>
<ZipCode>852813670</ZipCode>
<PhoneNumber>4809655479</PhoneNumber>
<StreetAddress>660 S MILL AVE STE 312</StreetAddress>
<StreetAddress2/>
<CountryName>United States</CountryName>
<StateName>Arizona</StateName>
<StateCode>AZ</StateCode>
<CONGRESSDISTRICT>09</CONGRESSDISTRICT>
<CONGRESS_DISTRICT_ORG>AZ09</CONGRESS_DISTRICT_ORG>
<ORG_UEI_NUM>NTLHJXM55KZ6</ORG_UEI_NUM>
<ORG_LGL_BUS_NAME>ARIZONA STATE UNIVERSITY</ORG_LGL_BUS_NAME>
<ORG_PRNT_UEI_NUM>HX59VKHQH1V7</ORG_PRNT_UEI_NUM>
</Institution>
<Performance_Institution>
<Name><![CDATA[Arizona State University]]></Name>
<CityName>Tempe</CityName>
<StateCode>AZ</StateCode>
<ZipCode>852876011</ZipCode>
<StreetAddress><![CDATA[P.O. Box 876011]]></StreetAddress>
<CountryCode>US</CountryCode>
<CountryName>United States</CountryName>
<StateName>Arizona</StateName>
<CountryFlag>1</CountryFlag>
<CONGRESSDISTRICT>09</CONGRESSDISTRICT>
<CONGRESS_DISTRICT_PERF>AZ09</CONGRESS_DISTRICT_PERF>
</Performance_Institution>
<ProgramElement>
<Code>8060</Code>
<Text>Secure &amp;Trustworthy Cyberspace</Text>
</ProgramElement>
<ProgramReference>
<Code>025Z</Code>
<Text>SaTC: Secure and Trustworthy Cyberspace</Text>
</ProgramReference>
<ProgramReference>
<Code>7923</Code>
<Text>SMALL PROJECT</Text>
</ProgramReference>
<Appropriation>
<Code>0121</Code>
<Name>NSF RESEARCH &amp; RELATED ACTIVIT</Name>
<APP_SYMB_ID>040100</APP_SYMB_ID>
</Appropriation>
<Fund>
<Code>01002122DB</Code>
<Name><![CDATA[NSF RESEARCH & RELATED ACTIVIT]]></Name>
<FUND_SYMB_ID>040100</FUND_SYMB_ID>
</Fund>
<FUND_OBLG>2021~500000</FUND_OBLG>
</Award>
</rootTag>
