<?xml version="1.0" encoding="UTF-8"?>
<rootTag>
<Award>
<AwardTitle>Hyperkähler Geometry, Stability Conditions, and Moduli Spaces</AwardTitle>
<AGENCY>NSF</AGENCY>
<AwardEffectiveDate>07/01/2021</AwardEffectiveDate>
<AwardExpirationDate>06/30/2024</AwardExpirationDate>
<AwardTotalIntnAmount>100000.00</AwardTotalIntnAmount>
<AwardAmount>100000</AwardAmount>
<AwardInstrument>
<Value>Standard Grant</Value>
</AwardInstrument>
<Organization>
<Code>03040000</Code>
<Directorate>
<Abbreviation>MPS</Abbreviation>
<LongName>Direct For Mathematical &amp; Physical Scien</LongName>
</Directorate>
<Division>
<Abbreviation>DMS</Abbreviation>
<LongName>Division Of Mathematical Sciences</LongName>
</Division>
</Organization>
<ProgramOfficer>
<SignBlockName>Andrew Pollington</SignBlockName>
<PO_EMAI>adpollin@nsf.gov</PO_EMAI>
<PO_PHON>7032924878</PO_PHON>
</ProgramOfficer>
<AbstractNarration>Algebraic geometry studies the solution sets of systems of polynomial equations. A theme of the subject is to classify different geometric shapes that naturally arise in the study of these solution sets. This has a root in classical problems, and nowadays it finds deep connections with modern tools, especially moduli spaces, stability conditions, and derived categories. This project aims at further applications of these tools to concrete geometric questions open for a long time. It also supports graduate students to explore the subject through travel opportunities to conferences and workshops.&lt;br/&gt;&lt;br/&gt;This project contains three related research goals: The first is a systematic study of the connection between Fano geometry and hyperkähler geometry, like generalized Kummer varieties and Gushel-Mukai varieties, using tools from derived categories. The second goal is to construct stability conditions in several important cases including Calabi-Yau threefolds, Fano fourfolds, and hyperkähler varieties. The main approach is via various restriction theorems to reduce to lower dimensional cases. The third goal is to revisit several long-standing questions on moduli of sheaves on surfaces, including the computation of Picard groups and linear series. The recent development in moduli theory will play a central role in this study.&lt;br/&gt;&lt;br/&gt;This award reflects NSF's statutory mission and has been deemed worthy of support through evaluation using the Foundation's intellectual merit and broader impacts review criteria.</AbstractNarration>
<MinAmdLetterDate>06/16/2021</MinAmdLetterDate>
<MaxAmdLetterDate>06/16/2021</MaxAmdLetterDate>
<ARRAAmount/>
<TRAN_TYPE>Grant</TRAN_TYPE>
<CFDA_NUM>47.049</CFDA_NUM>
<NSF_PAR_USE_FLAG>1</NSF_PAR_USE_FLAG>
<FUND_AGCY_CODE>4900</FUND_AGCY_CODE>
<AWDG_AGCY_CODE>4900</AWDG_AGCY_CODE>
<AwardID>2101789</AwardID>
<Investigator>
<FirstName>Xiaolei</FirstName>
<LastName>Zhao</LastName>
<PI_MID_INIT/>
<PI_SUFX_NAME/>
<PI_FULL_NAME>Xiaolei Zhao</PI_FULL_NAME>
<EmailAddress>xlzhao@math.ucsb.edu</EmailAddress>
<PI_PHON>6148861853</PI_PHON>
<NSF_ID>000732124</NSF_ID>
<StartDate>06/16/2021</StartDate>
<EndDate/>
<RoleCode>Principal Investigator</RoleCode>
</Investigator>
<Institution>
<Name>University of California-Santa Barbara</Name>
<CityName>SANTA BARBARA</CityName>
<ZipCode>931060001</ZipCode>
<PhoneNumber>8058934188</PhoneNumber>
<StreetAddress>3227 CHEADLE HALL</StreetAddress>
<StreetAddress2/>
<CountryName>United States</CountryName>
<StateName>California</StateName>
<StateCode>CA</StateCode>
<CONGRESSDISTRICT>24</CONGRESSDISTRICT>
<CONGRESS_DISTRICT_ORG>CA24</CONGRESS_DISTRICT_ORG>
<ORG_UEI_NUM>G9QBQDH39DF4</ORG_UEI_NUM>
<ORG_LGL_BUS_NAME>UNIVERSITY OF CALIFORNIA, SANTA BARBARA</ORG_LGL_BUS_NAME>
<ORG_PRNT_UEI_NUM>NUDGYLBB4S99</ORG_PRNT_UEI_NUM>
</Institution>
<Performance_Institution>
<Name><![CDATA[University of California, Santa Barbara]]></Name>
<CityName>Santa Barbara</CityName>
<StateCode>CA</StateCode>
<ZipCode>931063080</ZipCode>
<StreetAddress><![CDATA[6705 South Hall, UCSB]]></StreetAddress>
<CountryCode>US</CountryCode>
<CountryName>United States</CountryName>
<StateName>California</StateName>
<CountryFlag>1</CountryFlag>
<CONGRESSDISTRICT>24</CONGRESSDISTRICT>
<CONGRESS_DISTRICT_PERF>CA24</CONGRESS_DISTRICT_PERF>
</Performance_Institution>
<ProgramElement>
<Code>1264</Code>
<Text>ALGEBRA,NUMBER THEORY,AND COM</Text>
</ProgramElement>
<Appropriation>
<Code>0121</Code>
<Name>NSF RESEARCH &amp; RELATED ACTIVIT</Name>
<APP_SYMB_ID>040100</APP_SYMB_ID>
</Appropriation>
<Fund>
<Code>01002122DB</Code>
<Name><![CDATA[NSF RESEARCH & RELATED ACTIVIT]]></Name>
<FUND_SYMB_ID>040100</FUND_SYMB_ID>
</Fund>
<FUND_OBLG>2021~100000</FUND_OBLG>
</Award>
</rootTag>
