<?xml version="1.0" encoding="UTF-8"?>
<rootTag>
<Award>
<AwardTitle><![CDATA[DataX: Exploring Justice-Oriented Data Science with Secondary School Students]]></AwardTitle>
<AGENCY>NSF</AGENCY>
<AwardEffectiveDate>07/01/2021</AwardEffectiveDate>
<AwardExpirationDate>06/30/2023</AwardExpirationDate>
<AwardTotalIntnAmount>449199.00</AwardTotalIntnAmount>
<AwardAmount>449199</AwardAmount>
<AwardInstrument>
<Value>Standard Grant</Value>
</AwardInstrument>
<Organization>
<Code>11090000</Code>
<Directorate>
<Abbreviation>EHR</Abbreviation>
<LongName>Direct For Education and Human Resources</LongName>
</Directorate>
<Division>
<Abbreviation>DRL</Abbreviation>
<LongName>Division Of Research On Learning</LongName>
</Division>
</Organization>
<ProgramOfficer>
<SignBlockName>Margret Hjalmarson</SignBlockName>
<PO_EMAI>mhjalmar@nsf.gov</PO_EMAI>
<PO_PHON>7032925186</PO_PHON>
</ProgramOfficer>
<AbstractNarration><![CDATA[Understanding data is critical for informed citizens. Data science is a growing and emerging field that can incorporate statistics, mathematics, and computer science to develop disciplinary knowledge and address societal challenges. This project will develop an integrated, justice-oriented curriculum and a digital platform for teaching secondary students about data science in science and social studies classrooms. The platform will help students learn about data science using real-world data sets and problems. This project includes science and social studies teachers in the design of the resources and in testing them in secondary school classrooms. Research and development in data science education is needed to understand how students can learn more about the use of data in meaningful and authentic ways. This interdisciplinary project will also help students meaningfully analyze real-world data sets, interpret social phenomena, and engage in social change.&lt;br/&gt;&lt;br/&gt;During a two-year project period, we aim to iteratively advance three design components of the DataX program: (a) a justice-oriented data science curriculum integrated in secondary science and social studies; (b) a web-based learning platform that extends the Common Online Data Analysis Platform (CODAP) to support collaboration and sophisticated data practices; and (c) pedagogical practices that involve learners to work collectively as community. The guiding research question is: What scaffolds and resources are necessary to support the co-development of data, disciplinary, and critical literacies in secondary classrooms? To address this, the project will use participatory design research with science and social studies teachers to develop and test the curriculum, the learning platform, and the pedagogical practices. The data collected will include qualitative sources gathered from participatory design workshops and classrooms, as well as quantitative data from questionnaires and system logs. Using the data, we examine students' data science skills, data dispositions, and social participation in collaborative data investigations.&lt;br/&gt;&lt;br/&gt;The Discovery Research preK-12 program (DRK-12) seeks to significantly enhance the learning and teaching of science, technology, engineering and mathematics (STEM) by preK-12 students and teachers, through research and development of innovative resources, models and tools. Projects in the DRK-12 program build on fundamental research in STEM education and prior research and development efforts that provide theoretical and empirical justification for proposed projects.&lt;br/&gt;&lt;br/&gt;This award reflects NSF's statutory mission and has been deemed worthy of support through evaluation using the Foundation's intellectual merit and broader impacts review criteria.]]></AbstractNarration>
<MinAmdLetterDate>05/28/2021</MinAmdLetterDate>
<MaxAmdLetterDate>05/28/2021</MaxAmdLetterDate>
<ARRAAmount/>
<TRAN_TYPE>Grant</TRAN_TYPE>
<CFDA_NUM>47.076</CFDA_NUM>
<NSF_PAR_USE_FLAG>1</NSF_PAR_USE_FLAG>
<FUND_AGCY_CODE>4900</FUND_AGCY_CODE>
<AWDG_AGCY_CODE>4900</AWDG_AGCY_CODE>
<AwardID>2101413</AwardID>
<Investigator>
<FirstName>Cassie</FirstName>
<LastName>Scharber</LastName>
<PI_MID_INIT>M</PI_MID_INIT>
<PI_SUFX_NAME/>
<PI_FULL_NAME>Cassie M Scharber</PI_FULL_NAME>
<EmailAddress><![CDATA[scharber@umn.edu]]></EmailAddress>
<NSF_ID>000508579</NSF_ID>
<StartDate>05/28/2021</StartDate>
<EndDate/>
<RoleCode>Co-Principal Investigator</RoleCode>
</Investigator>
<Investigator>
<FirstName>Bodong</FirstName>
<LastName>Chen</LastName>
<PI_MID_INIT/>
<PI_SUFX_NAME/>
<PI_FULL_NAME>Bodong Chen</PI_FULL_NAME>
<EmailAddress><![CDATA[chenbd@umn.edu]]></EmailAddress>
<NSF_ID>000668294</NSF_ID>
<StartDate>05/28/2021</StartDate>
<EndDate/>
<RoleCode>Principal Investigator</RoleCode>
</Investigator>
<Investigator>
<FirstName>David</FirstName>
<LastName>DeLiema</LastName>
<PI_MID_INIT/>
<PI_SUFX_NAME/>
<PI_FULL_NAME>David DeLiema</PI_FULL_NAME>
<EmailAddress><![CDATA[ddeliema@umn.edu]]></EmailAddress>
<NSF_ID>000825807</NSF_ID>
<StartDate>05/28/2021</StartDate>
<EndDate/>
<RoleCode>Co-Principal Investigator</RoleCode>
</Investigator>
<Institution>
<Name>University of Minnesota-Twin Cities</Name>
<CityName>MINNEAPOLIS</CityName>
<ZipCode>554552009</ZipCode>
<PhoneNumber>6126245599</PhoneNumber>
<StreetAddress>200 OAK ST SE # 224</StreetAddress>
<StreetAddress2/>
<CountryName>United States</CountryName>
<StateName>Minnesota</StateName>
<StateCode>MN</StateCode>
<CONGRESSDISTRICT>05</CONGRESSDISTRICT>
<CONGRESS_DISTRICT_ORG>MN05</CONGRESS_DISTRICT_ORG>
<ORG_UEI_NUM>KABJZBBJ4B54</ORG_UEI_NUM>
<ORG_LGL_BUS_NAME>REGENTS OF THE UNIVERSITY OF MINNESOTA</ORG_LGL_BUS_NAME>
<ORG_PRNT_UEI_NUM>CB47L9C9MDX1</ORG_PRNT_UEI_NUM>
</Institution>
<Performance_Institution>
<Name><![CDATA[University of Minnesota-Twin Cities]]></Name>
<CityName>Saint Paul</CityName>
<StateCode>MN</StateCode>
<ZipCode>551086196</ZipCode>
<StreetAddress><![CDATA[1954 Buford Ave Suite 210]]></StreetAddress>
<CountryCode>US</CountryCode>
<CountryName>United States</CountryName>
<StateName>Minnesota</StateName>
<CountryFlag>1</CountryFlag>
<CONGRESSDISTRICT>04</CONGRESSDISTRICT>
<CONGRESS_DISTRICT_PERF>MN04</CONGRESS_DISTRICT_PERF>
</Performance_Institution>
<ProgramElement>
<Code>7645</Code>
<Text>Discovery Research K-12</Text>
</ProgramElement>
<ProgramReference>
<Code>7645</Code>
<Text>DISCOVERY RESEARCH K-12</Text>
</ProgramReference>
<Appropriation>
<Code>0421</Code>
<Name>NSF Education &amp; Human Resource</Name>
<APP_SYMB_ID>040106</APP_SYMB_ID>
</Appropriation>
<Fund>
<Code>04002122DB</Code>
<Name><![CDATA[NSF Education & Human Resource]]></Name>
<FUND_SYMB_ID>040106</FUND_SYMB_ID>
</Fund>
<FUND_OBLG>2021~449199</FUND_OBLG>
</Award>
</rootTag>
