<?xml version="1.0" encoding="UTF-8"?>
<rootTag>
<Award>
<AwardTitle><![CDATA[RAPID: Wildfire impacts on snowpack, flow paths, and sediment dynamics across an elevation gradient]]></AwardTitle>
<AGENCY>NSF</AGENCY>
<AwardEffectiveDate>11/01/2020</AwardEffectiveDate>
<AwardExpirationDate>03/31/2022</AwardExpirationDate>
<AwardTotalIntnAmount>49990.00</AwardTotalIntnAmount>
<AwardAmount>49990</AwardAmount>
<AwardInstrument>
<Value>Standard Grant</Value>
</AwardInstrument>
<Organization>
<Code>06030000</Code>
<Directorate>
<Abbreviation>GEO</Abbreviation>
<LongName>Directorate For Geosciences</LongName>
</Directorate>
<Division>
<Abbreviation>EAR</Abbreviation>
<LongName>Division Of Earth Sciences</LongName>
</Division>
</Organization>
<ProgramOfficer>
<SignBlockName>Justin Lawrence</SignBlockName>
<PO_EMAI>jlawrenc@nsf.gov</PO_EMAI>
<PO_PHON>7032922425</PO_PHON>
</ProgramOfficer>
<AbstractNarration><![CDATA[The 2020 Cameron Peak wildfire in northern Colorado is the third largest wildfire in Colorado history, and it covers 19% of the Cache la Poudre basin, which supplies water for multiple cities and irrigation districts. Fires pose risks to water supplies and infrastructure due to post-fire floods, erosion, and debris flows. After prior large fires in Colorado, these risks have been greatest during summer thunderstorms, with minimal hazards during winter and spring snowmelt seasons. However, the Cameron Peak fire is unique in that it has burned at much higher elevations than these previous large fires. Compared to all wildfires across the western U.S. since 1984, the Cameron Peak fire has burned the largest area recorded in the persistent snow zone, the high mountain zone where snow stays on the ground from winter through spring. Because the snowpack is so much greater in this zone than at lower elevations, snowmelt could cause more dramatic slope and channel changes than have been documented for other fires. This project will focus on collecting critical post-fire data for understanding how the fire impacts the snowpack, streamflow, slope failures, stream channels, and water supply reservoirs.&lt;br/&gt;&lt;br/&gt;Data collection will include drone flights, a sensor network, and field surveys conducted both across the full burn area and at focus areas at the higher and lower elevations of the fire. Snowpack changes will be documented using fine resolution topography for snow-free and snow-on conditions collected from LiDAR and drone imagery. At focus areas in burned and unburned conditions, weather stations will document snow depth and radiation budget, and field surveys will document spatial patterns of snow water equivalent. Streamflow changes will be documented using a network of stream stage sensors distributed by elevation, burn severity, and drainage area. Erosion, slope failures, and channel changes will be identified by comparing drone imagery from before snow accumulation, after snowmelt, and after summer thunderstorms. Field surveys of channels will also document channel geomorphic changes and distributions of large wood and sediment. Finally, sedimentation rates to water supply reservoirs will be quantified using sediment cores. These datasets will be released as soon as possible after collection and will facilitate post-fire research coordination among an interdisciplinary team of scientists with expertise in atmospheric science, hydrology, and geomorphology. This project is co-funded by the Geomorphology and Land-use Dynamics and the Hydrological Sciences programs.&lt;br/&gt;&lt;br/&gt;This award reflects NSF's statutory mission and has been deemed worthy of support through evaluation using the Foundation's intellectual merit and broader impacts review criteria.]]></AbstractNarration>
<MinAmdLetterDate>10/26/2020</MinAmdLetterDate>
<MaxAmdLetterDate>10/26/2020</MaxAmdLetterDate>
<ARRAAmount/>
<TRAN_TYPE>Grant</TRAN_TYPE>
<CFDA_NUM>47.050</CFDA_NUM>
<NSF_PAR_USE_FLAG>1</NSF_PAR_USE_FLAG>
<FUND_AGCY_CODE>4900</FUND_AGCY_CODE>
<AWDG_AGCY_CODE>4900</AWDG_AGCY_CODE>
<AwardID>2101068</AwardID>
<Investigator>
<FirstName>Sean</FirstName>
<LastName>Gallen</LastName>
<PI_MID_INIT>F</PI_MID_INIT>
<PI_SUFX_NAME/>
<PI_FULL_NAME>Sean F Gallen</PI_FULL_NAME>
<EmailAddress><![CDATA[sean.gallen@colostate.edu]]></EmailAddress>
<NSF_ID>000769935</NSF_ID>
<StartDate>10/26/2020</StartDate>
<EndDate/>
<RoleCode>Co-Principal Investigator</RoleCode>
</Investigator>
<Investigator>
<FirstName>Sara</FirstName>
<LastName>Rathburn</LastName>
<PI_MID_INIT>L</PI_MID_INIT>
<PI_SUFX_NAME/>
<PI_FULL_NAME>Sara L Rathburn</PI_FULL_NAME>
<EmailAddress><![CDATA[sara.rathburn@colostate.edu]]></EmailAddress>
<NSF_ID>000417291</NSF_ID>
<StartDate>10/26/2020</StartDate>
<EndDate/>
<RoleCode>Co-Principal Investigator</RoleCode>
</Investigator>
<Investigator>
<FirstName>Ryan</FirstName>
<LastName>Morrison</LastName>
<PI_MID_INIT>R</PI_MID_INIT>
<PI_SUFX_NAME/>
<PI_FULL_NAME>Ryan R Morrison</PI_FULL_NAME>
<EmailAddress><![CDATA[ryan.morrison@colostate.edu]]></EmailAddress>
<NSF_ID>000719082</NSF_ID>
<StartDate>10/26/2020</StartDate>
<EndDate/>
<RoleCode>Co-Principal Investigator</RoleCode>
</Investigator>
<Investigator>
<FirstName>Stephanie</FirstName>
<LastName>Kampf</LastName>
<PI_MID_INIT/>
<PI_SUFX_NAME/>
<PI_FULL_NAME>Stephanie Kampf</PI_FULL_NAME>
<EmailAddress><![CDATA[Stephanie.Kampf@colostate.edu]]></EmailAddress>
<NSF_ID>000070308</NSF_ID>
<StartDate>10/26/2020</StartDate>
<EndDate/>
<RoleCode>Principal Investigator</RoleCode>
</Investigator>
<Institution>
<Name>Colorado State University</Name>
<CityName>FORT COLLINS</CityName>
<ZipCode>805212807</ZipCode>
<PhoneNumber>9704916355</PhoneNumber>
<StreetAddress>601 S HOWES ST</StreetAddress>
<StreetAddress2/>
<CountryName>United States</CountryName>
<StateName>Colorado</StateName>
<StateCode>CO</StateCode>
<CONGRESSDISTRICT>02</CONGRESSDISTRICT>
<CONGRESS_DISTRICT_ORG>CO02</CONGRESS_DISTRICT_ORG>
<ORG_UEI_NUM>LT9CXX8L19G1</ORG_UEI_NUM>
<ORG_LGL_BUS_NAME>COLORADO STATE UNIVERSITY</ORG_LGL_BUS_NAME>
<ORG_PRNT_UEI_NUM>Q7VRM266G891</ORG_PRNT_UEI_NUM>
</Institution>
<Performance_Institution>
<Name><![CDATA[Colorado State University]]></Name>
<CityName>Fort Collins</CityName>
<StateCode>CO</StateCode>
<ZipCode>805214593</ZipCode>
<StreetAddress><![CDATA[200 W Lake]]></StreetAddress>
<CountryCode>US</CountryCode>
<CountryName>United States</CountryName>
<StateName>Colorado</StateName>
<CountryFlag>1</CountryFlag>
<CONGRESSDISTRICT>02</CONGRESSDISTRICT>
<CONGRESS_DISTRICT_PERF>CO02</CONGRESS_DISTRICT_PERF>
</Performance_Institution>
<ProgramElement>
<Code>1579</Code>
<Text>Hydrologic Sciences</Text>
</ProgramElement>
<ProgramElement>
<Code>7222</Code>
<Text>XC-Crosscutting Activities Pro</Text>
</ProgramElement>
<ProgramElement>
<Code>7458</Code>
<Text>Geomorphology &amp; Land-use Dynam</Text>
</ProgramElement>
<ProgramReference>
<Code>7914</Code>
<Text>RAPID</Text>
</ProgramReference>
<Appropriation>
<Code>0121</Code>
<Name>NSF RESEARCH &amp; RELATED ACTIVIT</Name>
<APP_SYMB_ID>040100</APP_SYMB_ID>
</Appropriation>
<Fund>
<Code>01002122DB</Code>
<Name><![CDATA[NSF RESEARCH & RELATED ACTIVIT]]></Name>
<FUND_SYMB_ID>040100</FUND_SYMB_ID>
</Fund>
<FUND_OBLG>2021~49990</FUND_OBLG>
<POR>
<DRECONTENT><![CDATA[<div class="porColContainerWBG"> <div class="porContentCol"><p><span id="docs-internal-guid-e3878398-7fff-7665-33b4-98b54b7eb340"> </span></p> <p dir="ltr"><span>This project was conducted for the year following the 2020 Cameron Peak Fire, and the objectives were to collect immediate post-fire data to document the fire effects on snow, streamflow, and sediment across the broad elevation gradient of the fire.&nbsp;</span></p> <p>&nbsp;</p> <p dir="ltr"><strong>Intellectual merit:&nbsp;</strong></p> <p>&nbsp;</p> <p dir="ltr"><span><em>Snow:</em> During the first year post-fire, snow accumulation was lower; peak snow water equivalent was earlier, and complete snowmelt was earlier in burned areas compared to unburned areas across all elevations. The greatest effects of the fire on the snowpack were in the middle elevation transitional snow zone.&nbsp;</span></p> <p>&nbsp;</p> <p dir="ltr"><span><em>Streamflow and sediment:</em> Streamflow started earlier in the spring in burned catchments compared to unburned catchments, with greater diurnal streamflow changes during snowmelt in burned catchments. Summer rainfall produced flash floods, surface erosion, and channel geomorphic change in low elevation burned areas, but streams in high elevation burned areas were not as responsive to summer rain and had no detected geomorphic change, despite limited vegetation recovery.&nbsp;</span></p> <p>&nbsp;</p> <p dir="ltr"><span><em>Sediment and wood: </em>Large wood was more effective at retaining channel sediment in unburned streams compared to burned streams, where more wood had been mobilized and moved downstream.&nbsp;</span></p> <p>&nbsp;</p> <p><span id="docs-internal-guid-c7a42761-7fff-be52-f6dd-660c9d35858d"> </span></p> <p dir="ltr">&nbsp;</p> <p dir="ltr"><span><span id="docs-internal-guid-cbfb387b-7fff-884a-d220-6fb7c9c2da1f"><span>Overall, these findings illustrate how the effects of a single fire vary with elevation and climate. Research examining fire impacts will benefit from system level analysis, connecting the fire vegetation and soil changes to the climate and geomorphic context.</span></span></span></p> <div><span><br /></span></div> <p>&nbsp;</p> <p><span id="docs-internal-guid-e3878398-7fff-7665-33b4-98b54b7eb340"><br /> </span></p> <p dir="ltr"><strong>Broader impacts:</strong></p> <p>&nbsp;</p> <p dir="ltr"><span>Research findings were shared with the public through print, radio, and television media. One manuscript has been published; two are in review, and another is in preparation. Project snow, weather station and streamflow data are posted for public access. The project involved 1 PhD student, 9 MS students, and 8 BS students, and project activities were incorporated into undergraduate classes. Project data were shared with agencies working on post-fire risk management and mitigation efforts.&nbsp;</span></p> <div><span><br /></span></div> <p>&nbsp;</p> <p>&nbsp;</p><br> <p>            Last Modified: 06/29/2022<br>      Modified by: Stephanie&nbsp;Kampf</p> </div> <div class="porSideCol"></div> </div>]]></DRECONTENT>
<POR_COPY_TXT><![CDATA[   This project was conducted for the year following the 2020 Cameron Peak Fire, and the objectives were to collect immediate post-fire data to document the fire effects on snow, streamflow, and sediment across the broad elevation gradient of the fire.     Intellectual merit:     Snow: During the first year post-fire, snow accumulation was lower; peak snow water equivalent was earlier, and complete snowmelt was earlier in burned areas compared to unburned areas across all elevations. The greatest effects of the fire on the snowpack were in the middle elevation transitional snow zone.     Streamflow and sediment: Streamflow started earlier in the spring in burned catchments compared to unburned catchments, with greater diurnal streamflow changes during snowmelt in burned catchments. Summer rainfall produced flash floods, surface erosion, and channel geomorphic change in low elevation burned areas, but streams in high elevation burned areas were not as responsive to summer rain and had no detected geomorphic change, despite limited vegetation recovery.     Sediment and wood: Large wood was more effective at retaining channel sediment in unburned streams compared to burned streams, where more wood had been mobilized and moved downstream.          Overall, these findings illustrate how the effects of a single fire vary with elevation and climate. Research examining fire impacts will benefit from system level analysis, connecting the fire vegetation and soil changes to the climate and geomorphic context.          Broader impacts:    Research findings were shared with the public through print, radio, and television media. One manuscript has been published; two are in review, and another is in preparation. Project snow, weather station and streamflow data are posted for public access. The project involved 1 PhD student, 9 MS students, and 8 BS students, and project activities were incorporated into undergraduate classes. Project data were shared with agencies working on post-fire risk management and mitigation efforts.                Last Modified: 06/29/2022       Submitted by: Stephanie Kampf]]></POR_COPY_TXT>
</POR>
</Award>
</rootTag>
