<?xml version="1.0" encoding="UTF-8"?>
<rootTag>
<Award>
<AwardTitle><![CDATA[A Unified Perspective on Singularities in Commutative Algebra and Algebraic Geometry]]></AwardTitle>
<AGENCY>NSF</AGENCY>
<AwardEffectiveDate>09/01/2021</AwardEffectiveDate>
<AwardExpirationDate>08/31/2025</AwardExpirationDate>
<AwardTotalIntnAmount>412334.00</AwardTotalIntnAmount>
<AwardAmount>182466</AwardAmount>
<AwardInstrument>
<Value>Continuing Grant</Value>
</AwardInstrument>
<Organization>
<Code>03040000</Code>
<Directorate>
<Abbreviation>MPS</Abbreviation>
<LongName>Direct For Mathematical &amp; Physical Scien</LongName>
</Directorate>
<Division>
<Abbreviation>DMS</Abbreviation>
<LongName>Division Of Mathematical Sciences</LongName>
</Division>
</Organization>
<ProgramOfficer>
<SignBlockName>Sandra Spiroff</SignBlockName>
<PO_EMAI>sspiroff@nsf.gov</PO_EMAI>
<PO_PHON>7032928069</PO_PHON>
</ProgramOfficer>
<AbstractNarration><![CDATA[This research project brings together different perspectives on singularities in commutative algebra and algebraic geometry. Both algebraic geometry and commutative algebra concern shapes defined by polynomial equations, such as the parabola that is the graph of the equation y = x^2. Not every shape is so smooth; some, such as the graph of the equation y^2 = x^3, have sharp points or other singularities. Study of geometric singularities is important in mathematics and has application to mathematical models for a wide range of important physical, social, and economic systems. Researchers have long known that important types of singularities in classical geometric settings also appear naturally when studying geometric shapes in modular (or clock) arithmetic. In fact, algebraic geometry in the clock arithmetic setting is a key component of modern communications infrastructure. This project aims to develop a theory of singularities in mixed characteristic, a middle ground between the classical and clock arithmetic worlds (that possesses aspects of both). The project also aims to develop geometric applications of this theory and to develop open-source software to study singularities in commutative algebra and algebraic geometry. &lt;br/&gt;&lt;br/&gt;Techniques developed in number theory and arithmetic geometry have given rise to numerous recent breakthrough results in mixed characteristic commutative algebra. This project aims to use these methods to develop a singularity theory suitable for studying higher dimensional birational algebraic geometry in mixed characteristic, which would also facilitate translating many of the successes of positive characteristic commutative algebra to this setting. The project additionally aims to develop an analog of F-pure or log canonical singularities (and their centers) in mixed characteristic, to study fundamental groups of singularities, and to study boundary divisors in this setting.&lt;br/&gt;&lt;br/&gt;This award reflects NSF's statutory mission and has been deemed worthy of support through evaluation using the Foundation's intellectual merit and broader impacts review criteria.]]></AbstractNarration>
<MinAmdLetterDate>02/24/2021</MinAmdLetterDate>
<MaxAmdLetterDate>06/15/2022</MaxAmdLetterDate>
<ARRAAmount/>
<TRAN_TYPE>Grant</TRAN_TYPE>
<CFDA_NUM>47.049</CFDA_NUM>
<NSF_PAR_USE_FLAG>1</NSF_PAR_USE_FLAG>
<FUND_AGCY_CODE>4900</FUND_AGCY_CODE>
<AWDG_AGCY_CODE>4900</AWDG_AGCY_CODE>
<AwardID>2101800</AwardID>
<Investigator>
<FirstName>Karl</FirstName>
<LastName>Schwede</LastName>
<PI_MID_INIT>E</PI_MID_INIT>
<PI_SUFX_NAME/>
<PI_FULL_NAME>Karl E Schwede</PI_FULL_NAME>
<EmailAddress><![CDATA[schwede@math.utah.edu]]></EmailAddress>
<NSF_ID>000430569</NSF_ID>
<StartDate>02/24/2021</StartDate>
<EndDate/>
<RoleCode>Principal Investigator</RoleCode>
</Investigator>
<Institution>
<Name>University of Utah</Name>
<CityName>SALT LAKE CITY</CityName>
<ZipCode>841129049</ZipCode>
<PhoneNumber>8015816903</PhoneNumber>
<StreetAddress>201 PRESIDENTS CIR</StreetAddress>
<StreetAddress2/>
<CountryName>United States</CountryName>
<StateName>Utah</StateName>
<StateCode>UT</StateCode>
<CONGRESSDISTRICT>02</CONGRESSDISTRICT>
<CONGRESS_DISTRICT_ORG>UT02</CONGRESS_DISTRICT_ORG>
<ORG_UEI_NUM>LL8GLEVH6MG3</ORG_UEI_NUM>
<ORG_LGL_BUS_NAME>UNIVERSITY OF UTAH, THE</ORG_LGL_BUS_NAME>
<ORG_PRNT_UEI_NUM>LL8GLEVH6MG3</ORG_PRNT_UEI_NUM>
</Institution>
<Performance_Institution>
<Name><![CDATA[UNIV OF UTAH]]></Name>
<CityName>SALT LAKE CITY</CityName>
<StateCode>UT</StateCode>
<ZipCode>841120090</ZipCode>
<StreetAddress><![CDATA[155 S 1400 E RM 233]]></StreetAddress>
<CountryCode>US</CountryCode>
<CountryName>United States</CountryName>
<StateName>Utah</StateName>
<CountryFlag>1</CountryFlag>
<CONGRESSDISTRICT>02</CONGRESSDISTRICT>
<CONGRESS_DISTRICT_PERF>UT02</CONGRESS_DISTRICT_PERF>
</Performance_Institution>
<ProgramElement>
<Code>1264</Code>
<Text>ALGEBRA,NUMBER THEORY,AND COM</Text>
</ProgramElement>
<ProgramReference>
<Code>9251</Code>
<Text>REU SUPP-Res Exp for Ugrd Supp</Text>
</ProgramReference>
<FUND_OBLG>2021~83301</FUND_OBLG>
<FUND_OBLG>2022~99165</FUND_OBLG>
</Award>
</rootTag>
