<?xml version="1.0" encoding="UTF-8"?>
<rootTag>
<Award>
<AwardTitle>Monoidal Triangular Categories: Representation Theory, Cohomology, and Geometry</AwardTitle>
<AGENCY>NSF</AGENCY>
<AwardEffectiveDate>09/01/2021</AwardEffectiveDate>
<AwardExpirationDate>08/31/2024</AwardExpirationDate>
<AwardTotalIntnAmount>232374.00</AwardTotalIntnAmount>
<AwardAmount>232374</AwardAmount>
<AwardInstrument>
<Value>Standard Grant</Value>
</AwardInstrument>
<Organization>
<Code>03040000</Code>
<Directorate>
<Abbreviation>MPS</Abbreviation>
<LongName>Direct For Mathematical &amp; Physical Scien</LongName>
</Directorate>
<Division>
<Abbreviation>DMS</Abbreviation>
<LongName>Division Of Mathematical Sciences</LongName>
</Division>
</Organization>
<ProgramOfficer>
<SignBlockName>James Matthew Douglass</SignBlockName>
<PO_EMAI>mdouglas@nsf.gov</PO_EMAI>
<PO_PHON>7032922467</PO_PHON>
</ProgramOfficer>
<AbstractNarration>Representation theory has emerged as a central area of modern mathematics with connections to combinatorics, algebraic geometry, topology and number theory. In addition, it has many applications to chemistry and physics. Representations are mappings of complicated algebraic objects (such as groups, rings, Lie algebras, and Lie superalgebras) to an array of numbers (matrices). These realizations by matrices encode important data that can yield deep insights into these complicated algebraic objects. In recent years, a useful approach has been to understand the entire collection of representations of an object. Representations for a certain algebraic object often form a tensor triangulated category. Techniques from homological algebra can be used to build bridges  between tensor triangulated categories and geometric objects. Uncovering this hidden geometry often leads to new insights about the algebraic object and its representations. This project includes research and training opportunities for graduate students and postdoctoral fellows in algebra and representation theory. &lt;br/&gt;&lt;br/&gt;In this project the PI will develop new methods to understand tensor structures in monoidal tensor categories. This will entail the development of monoidal triangular geometry and explicit computations of Balmer spectra. The PI will also introduce new geometric and topological methods to provide concrete calculations of cohomology for algebraic/finite groups, Lie superalgebras, quantum groups, and Frobenius kernels. The development of the cohomology theory was an important tool to resolving 30 year old problems that deal with tilting modules in connection with filtrations of representations of algebraic groups. The PI will study representations of Lie superalgebras via the application of super geometry to construct representations and to compute higher sheaf cohomology. The PI will develop a new Lie theory that entails the use of detecting and parabolic subalgebras, in addition to, a nilpotent cone to formulate a geometric setting in order to compute characters for irreducible representations.&lt;br/&gt;&lt;br/&gt;This award reflects NSF's statutory mission and has been deemed worthy of support through evaluation using the Foundation's intellectual merit and broader impacts review criteria.</AbstractNarration>
<MinAmdLetterDate>08/04/2021</MinAmdLetterDate>
<MaxAmdLetterDate>08/04/2021</MaxAmdLetterDate>
<ARRAAmount/>
<TRAN_TYPE>Grant</TRAN_TYPE>
<CFDA_NUM>47.049</CFDA_NUM>
<NSF_PAR_USE_FLAG>1</NSF_PAR_USE_FLAG>
<FUND_AGCY_CODE>4900</FUND_AGCY_CODE>
<AWDG_AGCY_CODE>4900</AWDG_AGCY_CODE>
<AwardID>2101941</AwardID>
<Investigator>
<FirstName>Daniel</FirstName>
<LastName>Nakano</LastName>
<PI_MID_INIT>K</PI_MID_INIT>
<PI_SUFX_NAME/>
<PI_FULL_NAME>Daniel K Nakano</PI_FULL_NAME>
<EmailAddress>nakano@math.uga.edu</EmailAddress>
<PI_PHON>7065422576</PI_PHON>
<NSF_ID>000432699</NSF_ID>
<StartDate>08/04/2021</StartDate>
<EndDate/>
<RoleCode>Principal Investigator</RoleCode>
</Investigator>
<Institution>
<Name>University of Georgia Research Foundation Inc</Name>
<CityName>ATHENS</CityName>
<ZipCode>306021589</ZipCode>
<PhoneNumber>7065425939</PhoneNumber>
<StreetAddress>310 EAST CAMPUS RD TUCKER HALL R</StreetAddress>
<StreetAddress2/>
<CountryName>United States</CountryName>
<StateName>Georgia</StateName>
<StateCode>GA</StateCode>
<CONGRESSDISTRICT>10</CONGRESSDISTRICT>
<CONGRESS_DISTRICT_ORG>GA10</CONGRESS_DISTRICT_ORG>
<ORG_UEI_NUM>NMJHD63STRC5</ORG_UEI_NUM>
<ORG_LGL_BUS_NAME>UNIVERSITY OF GEORGIA RESEARCH FOUNDATION, INC.</ORG_LGL_BUS_NAME>
<ORG_PRNT_UEI_NUM/>
</Institution>
<Performance_Institution>
<Name><![CDATA[University of Georgia]]></Name>
<CityName>ATHENS</CityName>
<StateCode>GA</StateCode>
<ZipCode>306021589</ZipCode>
<StreetAddress><![CDATA[310 East Campus Rd]]></StreetAddress>
<CountryCode>US</CountryCode>
<CountryName>United States</CountryName>
<StateName>Georgia</StateName>
<CountryFlag>1</CountryFlag>
<CONGRESSDISTRICT>10</CONGRESSDISTRICT>
<CONGRESS_DISTRICT_PERF>GA10</CONGRESS_DISTRICT_PERF>
</Performance_Institution>
<ProgramElement>
<Code>1264</Code>
<Text>ALGEBRA,NUMBER THEORY,AND COM</Text>
</ProgramElement>
<Appropriation>
<Code>0121</Code>
<Name>NSF RESEARCH &amp; RELATED ACTIVIT</Name>
<APP_SYMB_ID>040100</APP_SYMB_ID>
</Appropriation>
<Fund>
<Code>01002122DB</Code>
<Name><![CDATA[NSF RESEARCH & RELATED ACTIVIT]]></Name>
<FUND_SYMB_ID>040100</FUND_SYMB_ID>
</Fund>
<FUND_OBLG>2021~232374</FUND_OBLG>
</Award>
</rootTag>
