<?xml version="1.0" encoding="UTF-8"?>
<rootTag>
<Award>
<AwardTitle><![CDATA[Supporting Teachers to Teach Mathematics Through Problem Posing]]></AwardTitle>
<AGENCY>NSF</AGENCY>
<AwardEffectiveDate>08/01/2021</AwardEffectiveDate>
<AwardExpirationDate>07/31/2025</AwardExpirationDate>
<AwardTotalIntnAmount>2550692.00</AwardTotalIntnAmount>
<AwardAmount>1216546</AwardAmount>
<AwardInstrument>
<Value>Continuing Grant</Value>
</AwardInstrument>
<Organization>
<Code>11090000</Code>
<Directorate>
<Abbreviation>EHR</Abbreviation>
<LongName>Direct For Education and Human Resources</LongName>
</Directorate>
<Division>
<Abbreviation>DRL</Abbreviation>
<LongName>Division Of Research On Learning</LongName>
</Division>
</Organization>
<ProgramOfficer>
<SignBlockName>Eric Knuth</SignBlockName>
<PO_EMAI>eknuth@nsf.gov</PO_EMAI>
<PO_PHON>7032928402</PO_PHON>
</ProgramOfficer>
<AbstractNarration><![CDATA[This project aims to support teachers to engage their students in mathematical problem posing (problem-posing-based learning, or P-PBL). P-PBL is a powerful approach to the teaching and learning of mathematics, and provides students with opportunities to engage in authentic mathematical practices. For example, conjecturing in mathematics, a form of problem posing, often plays an important role in solving complex problems, and problem posing is an important component of mathematical modeling. Yet despite its importance, widely used curriculum materials fail to incorporate P-PBL in substantial and consistent ways, leaving teachers with few resources to enact this process. This project will develop problem-posing lessons and illustrative cases of teachers implementing P-PBL that will not only support teachers to develop a vision of what P-PBL looks like and how to implement it in their own classrooms, but will also serve as rich resources for professional development (PD) providers. This project will generate valuable findings about teaching using problem posing for district administrators, mathematics teachers, educators, and researchers as well as curriculum developers and policy makers. The team will develop and pilot a set of 20−30 research-based P-PBL cases that provide critical details for the implementation of P-PBL and reveal “lessons learned” from the development process. &lt;br/&gt;&lt;br/&gt;The project promises broader impact on the field of mathematics education as the first goal is to support teachers to teach mathematics through engaging their students in mathematical problem posing. By guiding students to construct and investigate their own problems, P-PBL both helps to create mathematical learning opportunities and develops students’ mathematical agency and positive mathematical identities. A networked improvement community of teachers and researchers will integrate problem posing into daily mathematics instruction and continuously improve the quality of P-PBL through iterative task and lesson design. The intellectual merit of this project is its contribution of new and important insights about teaching mathematics through problem posing. This will be realized through the second project goal which is to longitudinally investigate the promise of supporting teachers to teach with P-PBL for enhancing teachers’ instructional practice and students’ learning. A quasi-experimental design coupled with design-based research methodology and improvement science will be used to understand how, when, and why P-PBL works in practice. Specifically, we plan to follow a sample of 36 teachers and their approximately 3,600 students from six middle schools for multiple years to longitudinally explore the promise of P-PBL for developing teachers’ beliefs about problem posing, their beliefs about P-PBL, and their actual instructional practice. We will also investigate students’ learning as measured by problem-posing performance, problem-solving performance, and mathematics disposition. The findings of the project will add not only to the field’s understanding of the promise of supporting teachers to integrate P-PBL into their mathematics instruction, but also to its understanding of the challenges that teachers face when engaging in a networked improvement community that is focused on improving tasks and lessons by integrating P-PBL.  &lt;br/&gt;&lt;br/&gt;The Discovery Research preK-12 program (DRK-12) seeks to significantly enhance the learning and teaching of science, technology, engineering and mathematics (STEM) by preK-12 students and teachers, through research and development of innovative resources, models and tools. Projects in the DRK-12 program build on fundamental research in STEM education and prior research and development efforts that provide theoretical and empirical justification for proposed projects.&lt;br/&gt;&lt;br/&gt;This award reflects NSF's statutory mission and has been deemed worthy of support through evaluation using the Foundation's intellectual merit and broader impacts review criteria.]]></AbstractNarration>
<MinAmdLetterDate>03/23/2021</MinAmdLetterDate>
<MaxAmdLetterDate>05/21/2021</MaxAmdLetterDate>
<ARRAAmount/>
<TRAN_TYPE>Grant</TRAN_TYPE>
<CFDA_NUM>47.076</CFDA_NUM>
<NSF_PAR_USE_FLAG>1</NSF_PAR_USE_FLAG>
<FUND_AGCY_CODE>4900</FUND_AGCY_CODE>
<AWDG_AGCY_CODE>4900</AWDG_AGCY_CODE>
<AwardID>2101552</AwardID>
<Investigator>
<FirstName>Jinfa</FirstName>
<LastName>Cai</LastName>
<PI_MID_INIT/>
<PI_SUFX_NAME/>
<PI_FULL_NAME>Jinfa Cai</PI_FULL_NAME>
<EmailAddress><![CDATA[jcai@udel.edu]]></EmailAddress>
<NSF_ID>000218299</NSF_ID>
<StartDate>03/23/2021</StartDate>
<EndDate/>
<RoleCode>Principal Investigator</RoleCode>
</Investigator>
<Investigator>
<FirstName>Michelle</FirstName>
<LastName>Cirillo</LastName>
<PI_MID_INIT/>
<PI_SUFX_NAME/>
<PI_FULL_NAME>Michelle Cirillo</PI_FULL_NAME>
<EmailAddress><![CDATA[mcirillo@udel.edu]]></EmailAddress>
<NSF_ID>000522290</NSF_ID>
<StartDate>03/23/2021</StartDate>
<EndDate/>
<RoleCode>Co-Principal Investigator</RoleCode>
</Investigator>
<Investigator>
<FirstName>FAITH</FirstName>
<LastName>MUIRHEAD</LastName>
<PI_MID_INIT/>
<PI_SUFX_NAME/>
<PI_FULL_NAME>FAITH MUIRHEAD</PI_FULL_NAME>
<EmailAddress><![CDATA[muirhead@UDEL.EDU]]></EmailAddress>
<NSF_ID>000682230</NSF_ID>
<StartDate>03/23/2021</StartDate>
<EndDate/>
<RoleCode>Co-Principal Investigator</RoleCode>
</Investigator>
<Institution>
<Name>University of Delaware</Name>
<CityName>NEWARK</CityName>
<ZipCode>197160099</ZipCode>
<PhoneNumber>3028312136</PhoneNumber>
<StreetAddress>220 HULLIHEN HALL</StreetAddress>
<StreetAddress2/>
<CountryName>United States</CountryName>
<StateName>Delaware</StateName>
<StateCode>DE</StateCode>
<CONGRESSDISTRICT>00</CONGRESSDISTRICT>
<CONGRESS_DISTRICT_ORG>DE00</CONGRESS_DISTRICT_ORG>
<ORG_UEI_NUM>T72NHKM259N3</ORG_UEI_NUM>
<ORG_LGL_BUS_NAME>UNIVERSITY OF DELAWARE</ORG_LGL_BUS_NAME>
<ORG_PRNT_UEI_NUM>T72NHKM259N3</ORG_PRNT_UEI_NUM>
</Institution>
<Performance_Institution>
<Name><![CDATA[University of Delaware]]></Name>
<CityName/>
<StateCode>DE</StateCode>
<ZipCode>197162553</ZipCode>
<StreetAddress/>
<CountryCode>US</CountryCode>
<CountryName>United States</CountryName>
<StateName>Delaware</StateName>
<CountryFlag>1</CountryFlag>
<CONGRESSDISTRICT>00</CONGRESSDISTRICT>
<CONGRESS_DISTRICT_PERF>DE00</CONGRESS_DISTRICT_PERF>
</Performance_Institution>
<ProgramElement>
<Code>7645</Code>
<Text>Discovery Research K-12</Text>
</ProgramElement>
<Appropriation>
<Code>0421</Code>
<Name>NSF Education &amp; Human Resource</Name>
<APP_SYMB_ID>040106</APP_SYMB_ID>
</Appropriation>
<Fund>
<Code>04002122DB</Code>
<Name><![CDATA[NSF Education & Human Resource]]></Name>
<FUND_SYMB_ID>040106</FUND_SYMB_ID>
</Fund>
<FUND_OBLG>2021~1216546</FUND_OBLG>
</Award>
</rootTag>
