<?xml version="1.0" encoding="UTF-8"?>
<rootTag>
<Award>
<AwardTitle>Developing the Pedagogical Skills and Science Expertise of Teachers in Underserved Rural Settings</AwardTitle>
<AGENCY>NSF</AGENCY>
<AwardEffectiveDate>09/01/2021</AwardEffectiveDate>
<AwardExpirationDate>08/31/2025</AwardExpirationDate>
<AwardTotalIntnAmount>2997818.00</AwardTotalIntnAmount>
<AwardAmount>1318227</AwardAmount>
<AwardInstrument>
<Value>Continuing Grant</Value>
</AwardInstrument>
<Organization>
<Code>11090000</Code>
<Directorate>
<Abbreviation>EHR</Abbreviation>
<LongName>Direct For Education and Human Resources</LongName>
</Directorate>
<Division>
<Abbreviation>DRL</Abbreviation>
<LongName>Division Of Research On Learning</LongName>
</Division>
</Organization>
<ProgramOfficer>
<SignBlockName>Jessaca Spybrook</SignBlockName>
<PO_EMAI>jspybroo@nsf.gov</PO_EMAI>
<PO_PHON>703292224</PO_PHON>
</ProgramOfficer>
<AbstractNarration>Rural science teachers are often isolated and have few opportunities for meaningful collaboration with fellow teachers, an important source of professional learning.  The project will develop and research an innovative model for rural science teacher professional development via technology-mediated lesson study (TMLS). This approach supports translating professional learning into classroom practice by developing a technology-based, social support system among rural teachers. The project will host summer workshops for high school biology and chemistry teachers from four rural Utah regions to learn about 3D science teaching. (3D science teaching incorporates core ideas science disciplines, science research practices, and concepts cutting across disciplines to help students meet performance expectations by engaging with authentic science phenomena.) In the workshops, participants will collaborate with the project team and teachers of the same subject from the same region of the state to co-design 3D science lessons that align with state and national education standards. Building on relationships developed during the workshops, the regional teacher teams will engage in a novel form of professional learning: technology-mediated lesson study. (Lesson study is an instructional inquiry model where teachers work face-to-face in small collaborative groups to craft, deliver, observe, and refine teaching practice.) This project will develop capacity for science teaching for 88 rural science teachers in four regions of the state, who will reach approximately 10,000 rural Utah students each year. Many of the students are members of the sovereign Ute, Paiute, Goshute, Navajo (Diné), and Shoshone Nations. The science lesson plans participants design will be made available to all Utah teachers, and shared with a national audience through a website that shares peer-reviewed science lesson plans. Project research and resources will be further disseminated through conference presentations and publications in peer-reviewed and practitioner journals.&lt;br/&gt;&lt;br/&gt;The project will research how TMLS supports teachers in the process of translating professional learning into practice and investigate the impact of changing teachers’ social support network to include teachers of the same subject from other rural schools. The project will study the effects of co-design activities and TMLS cycles on teachers’ changing capacity, practice, and social support system using mixed-methods research. Changes in capacity and practice will be examined qualitatively through interviews, video observations of classroom teaching, and TMLS meetings. The effects of TMLS on teachers’ social support system will be analyzed quantitatively using social network analysis to identify individuals who act as information hubs for 3D science teaching. These teachers will be interviewed to better understand their social interactions. Using design-based implementation research, the project will iteratively improve the professional learning experience collaboratively with the science teacher leaders who participate in the project. The Discovery Research preK-12 program (DRK-12) seeks to significantly enhance the learning and teaching of science, technology, engineering and mathematics (STEM) by preK-12 students and teachers, through research and development of innovative resources, models and tools. Projects in the DRK-12 program build on fundamental research in STEM education and prior research and development efforts that provide theoretical and empirical justification for proposed projects.&lt;br/&gt;&lt;br/&gt;This award reflects NSF's statutory mission and has been deemed worthy of support through evaluation using the Foundation's intellectual merit and broader impacts review criteria.</AbstractNarration>
<MinAmdLetterDate>05/28/2021</MinAmdLetterDate>
<MaxAmdLetterDate>05/28/2021</MaxAmdLetterDate>
<ARRAAmount/>
<TRAN_TYPE>Grant</TRAN_TYPE>
<CFDA_NUM>47.076</CFDA_NUM>
<NSF_PAR_USE_FLAG>1</NSF_PAR_USE_FLAG>
<FUND_AGCY_CODE>4900</FUND_AGCY_CODE>
<AWDG_AGCY_CODE>4900</AWDG_AGCY_CODE>
<AwardID>2101383</AwardID>
<Investigator>
<FirstName>Heather</FirstName>
<LastName>Leary</LastName>
<PI_MID_INIT>M</PI_MID_INIT>
<PI_SUFX_NAME/>
<PI_FULL_NAME>Heather M Leary</PI_FULL_NAME>
<EmailAddress>heather.leary@byu.edu</EmailAddress>
<PI_PHON>8014222765</PI_PHON>
<NSF_ID>000610777</NSF_ID>
<StartDate>05/28/2021</StartDate>
<EndDate/>
<RoleCode>Co-Principal Investigator</RoleCode>
</Investigator>
<Investigator>
<FirstName>Max</FirstName>
<LastName>Longhurst</LastName>
<PI_MID_INIT/>
<PI_SUFX_NAME/>
<PI_FULL_NAME>Max Longhurst</PI_FULL_NAME>
<EmailAddress>max.longhurst@usu.edu</EmailAddress>
<PI_PHON>4357977093</PI_PHON>
<NSF_ID>000681257</NSF_ID>
<StartDate>05/28/2021</StartDate>
<EndDate/>
<RoleCode>Co-Principal Investigator</RoleCode>
</Investigator>
<Investigator>
<FirstName>Joshua</FirstName>
<LastName>Stowers</LastName>
<PI_MID_INIT/>
<PI_SUFX_NAME/>
<PI_FULL_NAME>Joshua Stowers</PI_FULL_NAME>
<EmailAddress>josh_stowers@byu.edu</EmailAddress>
<PI_PHON>8014220873</PI_PHON>
<NSF_ID>000731514</NSF_ID>
<StartDate>05/28/2021</StartDate>
<EndDate/>
<RoleCode>Co-Principal Investigator</RoleCode>
</Investigator>
<Investigator>
<FirstName>Rebecca</FirstName>
<LastName>Sansom</LastName>
<PI_MID_INIT>L</PI_MID_INIT>
<PI_SUFX_NAME/>
<PI_FULL_NAME>Rebecca L Sansom</PI_FULL_NAME>
<EmailAddress>rsansom@chem.byu.edu</EmailAddress>
<PI_PHON>8014229089</PI_PHON>
<NSF_ID>000732727</NSF_ID>
<StartDate>05/28/2021</StartDate>
<EndDate/>
<RoleCode>Principal Investigator</RoleCode>
</Investigator>
<Institution>
<Name>Brigham Young University</Name>
<CityName>PROVO</CityName>
<ZipCode>846021014</ZipCode>
<PhoneNumber>8014223360</PhoneNumber>
<StreetAddress>A41 ASB</StreetAddress>
<StreetAddress2/>
<CountryName>United States</CountryName>
<StateName>Utah</StateName>
<StateCode>UT</StateCode>
<CONGRESSDISTRICT>03</CONGRESSDISTRICT>
<CONGRESS_DISTRICT_ORG>UT03</CONGRESS_DISTRICT_ORG>
<ORG_UEI_NUM>JWSYC7RUMJD1</ORG_UEI_NUM>
<ORG_LGL_BUS_NAME>BRIGHAM YOUNG UNIVERSITY</ORG_LGL_BUS_NAME>
<ORG_PRNT_UEI_NUM>UFSFMAWG2ZM1</ORG_PRNT_UEI_NUM>
</Institution>
<Performance_Institution>
<Name><![CDATA[Brigham Young University]]></Name>
<CityName>Provo</CityName>
<StateCode>UT</StateCode>
<ZipCode>846021231</ZipCode>
<StreetAddress><![CDATA[A-285 ASB]]></StreetAddress>
<CountryCode>US</CountryCode>
<CountryName>United States</CountryName>
<StateName>Utah</StateName>
<CountryFlag>1</CountryFlag>
<CONGRESSDISTRICT>03</CONGRESSDISTRICT>
<CONGRESS_DISTRICT_PERF>UT03</CONGRESS_DISTRICT_PERF>
</Performance_Institution>
<ProgramElement>
<Code>7645</Code>
<Text>Discovery Research K-12</Text>
</ProgramElement>
<ProgramReference>
<Code>096Z</Code>
<Text>COVID-19 Research</Text>
</ProgramReference>
<ProgramReference>
<Code>097Z</Code>
<Text>COVID-19 Impacts on Existing Activities</Text>
</ProgramReference>
<Appropriation>
<Code>0421</Code>
<Name>NSF Education &amp; Human Resource</Name>
<APP_SYMB_ID>040106</APP_SYMB_ID>
</Appropriation>
<Fund>
<Code>04002122DB</Code>
<Name><![CDATA[NSF Education & Human Resource]]></Name>
<FUND_SYMB_ID>040106</FUND_SYMB_ID>
</Fund>
<FUND_OBLG>2021~1318227</FUND_OBLG>
</Award>
</rootTag>
