<?xml version="1.0" encoding="UTF-8"?>
<rootTag>
<Award>
<AwardTitle>Intersection Theory and Height Pairings in Arithmetic Geometry</AwardTitle>
<AGENCY>NSF</AGENCY>
<AwardEffectiveDate>07/01/2021</AwardEffectiveDate>
<AwardExpirationDate>06/30/2024</AwardExpirationDate>
<AwardTotalIntnAmount>277998.00</AwardTotalIntnAmount>
<AwardAmount>88545</AwardAmount>
<AwardInstrument>
<Value>Continuing Grant</Value>
</AwardInstrument>
<Organization>
<Code>03040000</Code>
<Directorate>
<Abbreviation>MPS</Abbreviation>
<LongName>Direct For Mathematical &amp; Physical Scien</LongName>
</Directorate>
<Division>
<Abbreviation>DMS</Abbreviation>
<LongName>Division Of Mathematical Sciences</LongName>
</Division>
</Organization>
<ProgramOfficer>
<SignBlockName>Adriana Salerno</SignBlockName>
<PO_EMAI>asalerno@nsf.gov</PO_EMAI>
<PO_PHON>7032922271</PO_PHON>
</ProgramOfficer>
<AbstractNarration>Many questions in arithmetic geometry are motivated by the philosophy that algebraic information can be obtained by geometric methods. Height functions classify the arithmetic complexity of geometric objects, and a height pairing is a function on the heights of two objects that relates to how those geometric objects intersect. Height pairings have been instrumental in many foundational results in the field including Faltings’ celebrated proof of the Mordell Conjecture concerning rational points on curves. The PI will continue in this tradition by applying modern variations on height pairings to major open problems including an effective (computable) version of the Mordell Conjecture. The PI will regularly organize workshops and seminars to provide students, postdocs, and other mathematicians in the area substantial opportunities for instruction, discussion and collaboration. Graduate students supported by the award will receive training to contribute towards these projects.&lt;br/&gt; &lt;br/&gt;The investigator and his students will study arithmetical intersection theory of special cycles on Shimura varieties and diagonal cycles on split three folds. The PI expects to achieve the following objectives with this proposal: (1) making essential progress on conjectures by Gan--Gross--Prasad conjecture and Kudla; (2) further developing Arakelov geometry with the goal of proving the effective Mordell conjecture. These expected achievements will make a significant contribution to the study of the arithmetic geometry. It is also very likely that new questions and speculations will arise in the course of studying questions raised by this proposal, stimulating future research programs in the field.&lt;br/&gt;&lt;br/&gt;This award reflects NSF's statutory mission and has been deemed worthy of support through evaluation using the Foundation's intellectual merit and broader impacts review criteria.</AbstractNarration>
<MinAmdLetterDate>04/28/2021</MinAmdLetterDate>
<MaxAmdLetterDate>04/28/2021</MaxAmdLetterDate>
<ARRAAmount/>
<TRAN_TYPE>Grant</TRAN_TYPE>
<CFDA_NUM>47.049</CFDA_NUM>
<NSF_PAR_USE_FLAG>1</NSF_PAR_USE_FLAG>
<FUND_AGCY_CODE>4900</FUND_AGCY_CODE>
<AWDG_AGCY_CODE>4900</AWDG_AGCY_CODE>
<AwardID>2101787</AwardID>
<Investigator>
<FirstName>Shou-wu</FirstName>
<LastName>Zhang</LastName>
<PI_MID_INIT/>
<PI_SUFX_NAME/>
<PI_FULL_NAME>Shou-wu Zhang</PI_FULL_NAME>
<EmailAddress>shouwu@math.princeton.edu</EmailAddress>
<PI_PHON>6092586455</PI_PHON>
<NSF_ID>000180230</NSF_ID>
<StartDate>04/28/2021</StartDate>
<EndDate/>
<RoleCode>Principal Investigator</RoleCode>
</Investigator>
<Institution>
<Name>Princeton University</Name>
<CityName>PRINCETON</CityName>
<ZipCode>085442001</ZipCode>
<PhoneNumber>6092583090</PhoneNumber>
<StreetAddress>1 NASSAU HALL</StreetAddress>
<StreetAddress2/>
<CountryName>United States</CountryName>
<StateName>New Jersey</StateName>
<StateCode>NJ</StateCode>
<CONGRESSDISTRICT>12</CONGRESSDISTRICT>
<CONGRESS_DISTRICT_ORG>NJ12</CONGRESS_DISTRICT_ORG>
<ORG_UEI_NUM>NJ1YPQXQG7U5</ORG_UEI_NUM>
<ORG_LGL_BUS_NAME>TRUSTEES OF PRINCETON UNIVERSITY, THE</ORG_LGL_BUS_NAME>
<ORG_PRNT_UEI_NUM>NJ1YPQXQG7U5</ORG_PRNT_UEI_NUM>
</Institution>
<Performance_Institution>
<Name><![CDATA[Princeton University]]></Name>
<CityName/>
<StateCode>NJ</StateCode>
<ZipCode>085442020</ZipCode>
<StreetAddress/>
<CountryCode>US</CountryCode>
<CountryName>United States</CountryName>
<StateName>New Jersey</StateName>
<CountryFlag>1</CountryFlag>
<CONGRESSDISTRICT>12</CONGRESSDISTRICT>
<CONGRESS_DISTRICT_PERF>NJ12</CONGRESS_DISTRICT_PERF>
</Performance_Institution>
<ProgramElement>
<Code>1264</Code>
<Text>ALGEBRA,NUMBER THEORY,AND COM</Text>
</ProgramElement>
<Appropriation>
<Code>0121</Code>
<Name>NSF RESEARCH &amp; RELATED ACTIVIT</Name>
<APP_SYMB_ID>040100</APP_SYMB_ID>
</Appropriation>
<Fund>
<Code>01002122DB</Code>
<Name><![CDATA[NSF RESEARCH & RELATED ACTIVIT]]></Name>
<FUND_SYMB_ID>040100</FUND_SYMB_ID>
</Fund>
<FUND_OBLG>2021~88545</FUND_OBLG>
</Award>
</rootTag>
