<?xml version="1.0" encoding="UTF-8"?>
<rootTag>
<Award>
<AwardTitle>HBCU-Excellence in Research: Estimate of Ground Nitrogen Dioxide (NO2) and Ozone Concentrations by Using Multiple Satellite Data and Machine Learning Techniques</AwardTitle>
<AGENCY>NSF</AGENCY>
<AwardEffectiveDate>08/15/2021</AwardEffectiveDate>
<AwardExpirationDate>07/31/2024</AwardExpirationDate>
<AwardTotalIntnAmount>359379.00</AwardTotalIntnAmount>
<AwardAmount>359379</AwardAmount>
<AwardInstrument>
<Value>Standard Grant</Value>
</AwardInstrument>
<Organization>
<Code>06020100</Code>
<Directorate>
<Abbreviation>GEO</Abbreviation>
<LongName>Directorate For Geosciences</LongName>
</Directorate>
<Division>
<Abbreviation>AGS</Abbreviation>
<LongName>Div Atmospheric &amp; Geospace Sciences</LongName>
</Division>
</Organization>
<ProgramOfficer>
<SignBlockName>Sylvia Edgerton</SignBlockName>
<PO_EMAI>sedgerto@nsf.gov</PO_EMAI>
<PO_PHON>7032928522</PO_PHON>
</ProgramOfficer>
<AbstractNarration>This award is funded in whole or in part under the American Rescue Plan Act of 2021 (Public Law 117-2).  The goal of this project is to improve estimates of ground NO2 and ozone concentrations over the contiguous U.S. at high spatial and temporal resolution using machine learning techniques. This data will be useful in multiple fields, including public health, environmental health, air quality, agricultural research and environmental justice/inequality.&lt;br/&gt;&lt;br/&gt;This project will address the following three science questions: (1) Which machine learning model(s) can best estimate the ground NO2 and ozone values in specific regions? (2) Which variables/parameters have more significance to estimate the ground NO2 and ozone values in the model? (3) How accurate are the ground NO2 and ozone products? The PIs plan to use ozone profile data and tropospheric NO2 vertical column density (TropNO2VCD) data from OMI and TROPOMI, and the synthetic data of TEMPO in conjunction of meteorological data, land cover and ground measurements from the U.S. Environmental Agency (U.S. EPA).&lt;br/&gt;&lt;br/&gt;This award reflects NSF's statutory mission and has been deemed worthy of support through evaluation using the Foundation's intellectual merit and broader impacts review criteria.</AbstractNarration>
<MinAmdLetterDate>08/03/2021</MinAmdLetterDate>
<MaxAmdLetterDate>08/03/2021</MaxAmdLetterDate>
<ARRAAmount/>
<TRAN_TYPE>Grant</TRAN_TYPE>
<CFDA_NUM>47.050</CFDA_NUM>
<NSF_PAR_USE_FLAG>1</NSF_PAR_USE_FLAG>
<FUND_AGCY_CODE>4900</FUND_AGCY_CODE>
<AWDG_AGCY_CODE>4900</AWDG_AGCY_CODE>
<AwardID>2101044</AwardID>
<Investigator>
<FirstName>Aaron</FirstName>
<LastName>Naeger</LastName>
<PI_MID_INIT/>
<PI_SUFX_NAME/>
<PI_FULL_NAME>Aaron Naeger</PI_FULL_NAME>
<EmailAddress>aaron.naeger@nasa.gov</EmailAddress>
<PI_PHON>2569617931</PI_PHON>
<NSF_ID>000805246</NSF_ID>
<StartDate>08/03/2021</StartDate>
<EndDate/>
<RoleCode>Co-Principal Investigator</RoleCode>
</Investigator>
<Investigator>
<FirstName>Guanyu</FirstName>
<LastName>Huang</LastName>
<PI_MID_INIT/>
<PI_SUFX_NAME/>
<PI_FULL_NAME>Guanyu Huang</PI_FULL_NAME>
<EmailAddress>ghuang@spelman.edu</EmailAddress>
<PI_PHON>4042705903</PI_PHON>
<NSF_ID>000786893</NSF_ID>
<StartDate>08/03/2021</StartDate>
<EndDate/>
<RoleCode>Principal Investigator</RoleCode>
</Investigator>
<Institution>
<Name>Spelman College</Name>
<CityName>ATLANTA</CityName>
<ZipCode>303144395</ZipCode>
<PhoneNumber>4042705897</PhoneNumber>
<StreetAddress>350 SPELMAN LN SW 589</StreetAddress>
<StreetAddress2/>
<CountryName>United States</CountryName>
<StateName>Georgia</StateName>
<StateCode>GA</StateCode>
<CONGRESSDISTRICT>05</CONGRESSDISTRICT>
<CONGRESS_DISTRICT_ORG>GA05</CONGRESS_DISTRICT_ORG>
<ORG_UEI_NUM>ES69D58DJPE7</ORG_UEI_NUM>
<ORG_LGL_BUS_NAME>SPELMAN COLLEGE</ORG_LGL_BUS_NAME>
<ORG_PRNT_UEI_NUM>ES69D58DJPE7</ORG_PRNT_UEI_NUM>
</Institution>
<Performance_Institution>
<Name><![CDATA[Spelman College]]></Name>
<CityName/>
<StateCode>GA</StateCode>
<ZipCode>303144399</ZipCode>
<StreetAddress/>
<CountryCode>US</CountryCode>
<CountryName>United States</CountryName>
<StateName>Georgia</StateName>
<CountryFlag>1</CountryFlag>
<CONGRESSDISTRICT>05</CONGRESSDISTRICT>
<CONGRESS_DISTRICT_PERF>GA05</CONGRESS_DISTRICT_PERF>
</Performance_Institution>
<ProgramElement>
<Code>1524</Code>
<Text>Atmospheric Chemistry</Text>
</ProgramElement>
<ProgramReference>
<Code>102Z</Code>
<Text>COVID-Disproportionate Impcts Inst-Indiv</Text>
</ProgramReference>
<Appropriation>
<Code>1V21</Code>
<Name>R&amp;RA ARP Act DEFC V</Name>
<APP_SYMB_ID>040100</APP_SYMB_ID>
</Appropriation>
<Fund>
<Code>010V2122DB</Code>
<Name><![CDATA[R&RA ARP Act DEFC V]]></Name>
<FUND_SYMB_ID>040100</FUND_SYMB_ID>
</Fund>
<FUND_OBLG>2021~359379</FUND_OBLG>
</Award>
</rootTag>
