<?xml version="1.0" encoding="UTF-8"?>
<rootTag>
<Award>
<AwardTitle><![CDATA[Arithmetic Geometry and Automorphic L-Functions]]></AwardTitle>
<AGENCY>NSF</AGENCY>
<AwardEffectiveDate>07/01/2021</AwardEffectiveDate>
<AwardExpirationDate>06/30/2024</AwardExpirationDate>
<AwardTotalIntnAmount>222575.00</AwardTotalIntnAmount>
<AwardAmount>74773</AwardAmount>
<AwardInstrument>
<Value>Continuing Grant</Value>
</AwardInstrument>
<Organization>
<Code>03040000</Code>
<Directorate>
<Abbreviation>MPS</Abbreviation>
<LongName>Direct For Mathematical &amp; Physical Scien</LongName>
</Directorate>
<Division>
<Abbreviation>DMS</Abbreviation>
<LongName>Division Of Mathematical Sciences</LongName>
</Division>
</Organization>
<ProgramOfficer>
<SignBlockName>Adriana Salerno</SignBlockName>
<PO_EMAI>asalerno@nsf.gov</PO_EMAI>
<PO_PHON>7032922271</PO_PHON>
</ProgramOfficer>
<AbstractNarration><![CDATA[The research project concerns one of the basic questions in mathematics: solving algebraic equations. Information about solutions is encoded in various mathematical objects, including arithmetic varieties and automorphic L-functions. This research aims to deepen the understanding of these mathematical objects, especially in higher dimension, which requires developing new tools and interactions in diverse areas and appealing to new perspectives that may shed new light on longstanding open questions. The project also aims to advance the techniques for understanding the arithmetic of elliptic curves, particularly the Birch and Swinnerton-Dyer conjecture, one of the seven Millennium Prize Problems of the Clay Mathematics Institute.&lt;br/&gt;&lt;br/&gt;The research consists of several projects relating arithmetic geometry with automorphic L-functions, centered on the common theme of the generalization and applications of the Gross–Zagier formula. The PI will investigate the Kudla–Rapoport conjecture for ramified unitary groups and orthogonal groups. The PI plans to extend the arithmetic inner product formula and apply it to the Beilinson–Bloch and Bloch–Kato conjectures of symmetric power motives of elliptic curves. The PI will also investigate a new arithmetic relative trace formula approach towards a Gross–Zagier type formula for orthogonal Shimura varieties.&lt;br/&gt;&lt;br/&gt;This award reflects NSF's statutory mission and has been deemed worthy of support through evaluation using the Foundation's intellectual merit and broader impacts review criteria.]]></AbstractNarration>
<MinAmdLetterDate>02/04/2021</MinAmdLetterDate>
<MaxAmdLetterDate>05/21/2021</MaxAmdLetterDate>
<ARRAAmount/>
<TRAN_TYPE>Grant</TRAN_TYPE>
<CFDA_NUM>47.049</CFDA_NUM>
<NSF_PAR_USE_FLAG>1</NSF_PAR_USE_FLAG>
<FUND_AGCY_CODE>4900</FUND_AGCY_CODE>
<AWDG_AGCY_CODE>4900</AWDG_AGCY_CODE>
<AwardID>2101157</AwardID>
<Investigator>
<FirstName>Chao</FirstName>
<LastName>Li</LastName>
<PI_MID_INIT/>
<PI_SUFX_NAME/>
<PI_FULL_NAME>Chao Li</PI_FULL_NAME>
<EmailAddress><![CDATA[chaoli@math.columbia.edu]]></EmailAddress>
<NSF_ID>000705386</NSF_ID>
<StartDate>02/04/2021</StartDate>
<EndDate/>
<RoleCode>Principal Investigator</RoleCode>
</Investigator>
<Institution>
<Name>Columbia University</Name>
<CityName>NEW YORK</CityName>
<ZipCode>10027</ZipCode>
<PhoneNumber>2128546851</PhoneNumber>
<StreetAddress>202 LOW LIBRARY 535 W 116 ST MC</StreetAddress>
<StreetAddress2/>
<CountryName>United States</CountryName>
<StateName>New York</StateName>
<StateCode>NY</StateCode>
<CONGRESSDISTRICT>10</CONGRESSDISTRICT>
<CONGRESS_DISTRICT_ORG>NY10</CONGRESS_DISTRICT_ORG>
<ORG_UEI_NUM>F4N1QNPB95M4</ORG_UEI_NUM>
<ORG_LGL_BUS_NAME>TRUSTEES OF COLUMBIA UNIVERSITY IN THE CITY OF NEW YORK, THE</ORG_LGL_BUS_NAME>
<ORG_PRNT_UEI_NUM>F4N1QNPB95M4</ORG_PRNT_UEI_NUM>
</Institution>
<Performance_Institution>
<Name><![CDATA[Columbia University]]></Name>
<CityName>New York</CityName>
<StateCode>NY</StateCode>
<ZipCode>100276902</ZipCode>
<StreetAddress><![CDATA[2990 Broadway]]></StreetAddress>
<CountryCode>US</CountryCode>
<CountryName>United States</CountryName>
<StateName>New York</StateName>
<CountryFlag>1</CountryFlag>
<CONGRESSDISTRICT>10</CONGRESSDISTRICT>
<CONGRESS_DISTRICT_PERF>NY10</CONGRESS_DISTRICT_PERF>
</Performance_Institution>
<ProgramElement>
<Code>1264</Code>
<Text>ALGEBRA,NUMBER THEORY,AND COM</Text>
</ProgramElement>
<Appropriation>
<Code>0121</Code>
<Name>NSF RESEARCH &amp; RELATED ACTIVIT</Name>
<APP_SYMB_ID>040100</APP_SYMB_ID>
</Appropriation>
<Fund>
<Code>01002122DB</Code>
<Name><![CDATA[NSF RESEARCH & RELATED ACTIVIT]]></Name>
<FUND_SYMB_ID>040100</FUND_SYMB_ID>
</Fund>
<FUND_OBLG>2021~74773</FUND_OBLG>
</Award>
</rootTag>
