<?xml version="1.0" encoding="UTF-8"?>
<rootTag>
<Award>
<AwardTitle>I-Corps:  Automated, noninvasive critical congenital heart disease (CCHD) screening algorithm/software</AwardTitle>
<AGENCY>NSF</AGENCY>
<AwardEffectiveDate>03/15/2021</AwardEffectiveDate>
<AwardExpirationDate>08/31/2022</AwardExpirationDate>
<AwardTotalIntnAmount>50000.00</AwardTotalIntnAmount>
<AwardAmount>50000</AwardAmount>
<AwardInstrument>
<Value>Standard Grant</Value>
</AwardInstrument>
<Organization>
<Code>15030000</Code>
<Directorate>
<Abbreviation>TIP</Abbreviation>
<LongName>Dir for Tech, Innovation, &amp; Partnerships</LongName>
</Directorate>
<Division>
<Abbreviation>TI</Abbreviation>
<LongName>Translational Impacts</LongName>
</Division>
</Organization>
<ProgramOfficer>
<SignBlockName>Ruth Shuman</SignBlockName>
<PO_EMAI>rshuman@nsf.gov</PO_EMAI>
<PO_PHON>7032922160</PO_PHON>
</ProgramOfficer>
<AbstractNarration>There are nearly 4 million babies born in the US every year. All US newborns, and most internationally, undergo oxygen saturation (SpO2) based Critical Congenital Heart Defects (CCHD) screening with pulse oximeters. However, this screening still misses hundreds of babies with life-threatening heart defects in the US every year. The proposed NeoPOSE technology could prevent deaths associated with late detection of heart defects in babies. Moreover, its noninvasive approach and automated interpretation make it easy to use to reduce nursing time associated with CCHD screening. Most US states (80%) require reporting of the CCHD screening data to public health departments. Most health care facilities submit data manually, which is labor intensive and error prone. Even those with automated reporting have data management difficulties that are labor intensive. NeoPOSE will ease the data transmission process while improving its accuracy, thus decreasing manual labor associated with data management and also providing more reliable data to guide future CCHD screening research and quality improvements. &lt;br/&gt;&lt;br/&gt;This I-Corps project explores the commercial potential of noninvasive blood flow measurement technology for improved timely detection of Critical Congenital Heart Defects (CCHD). In their current form, oxygen saturation (SpO2) blood flow measurements cannot be used clinically for this purpose. The proposed NeoPOSE technology takes readily available, yet unused, noninvasive pulse oximetry data and makes them clinically relevant. In addition to detection of CCHD, the proposed technology may be helpful for a number of other medical diseases with abnormal blood flow (i.e. atherosclerosis or blood vessel graft monitoring).&lt;br/&gt;&lt;br/&gt;This award reflects NSF's statutory mission and has been deemed worthy of support through evaluation using the Foundation's intellectual merit and broader impacts review criteria.</AbstractNarration>
<MinAmdLetterDate>03/31/2021</MinAmdLetterDate>
<MaxAmdLetterDate>05/21/2021</MaxAmdLetterDate>
<ARRAAmount/>
<TRAN_TYPE>Grant</TRAN_TYPE>
<CFDA_NUM>47.041</CFDA_NUM>
<NSF_PAR_USE_FLAG>1</NSF_PAR_USE_FLAG>
<FUND_AGCY_CODE>4900</FUND_AGCY_CODE>
<AWDG_AGCY_CODE>4900</AWDG_AGCY_CODE>
<AwardID>2101775</AwardID>
<Investigator>
<FirstName>Heather</FirstName>
<LastName>Siefkes</LastName>
<PI_MID_INIT>M</PI_MID_INIT>
<PI_SUFX_NAME/>
<PI_FULL_NAME>Heather M Siefkes</PI_FULL_NAME>
<EmailAddress>hsiefkes@ucdavis.edu</EmailAddress>
<PI_PHON>9167347620</PI_PHON>
<NSF_ID>000840197</NSF_ID>
<StartDate>03/31/2021</StartDate>
<EndDate/>
<RoleCode>Principal Investigator</RoleCode>
</Investigator>
<Institution>
<Name>University of California-Davis</Name>
<CityName>DAVIS</CityName>
<ZipCode>956186153</ZipCode>
<PhoneNumber>5307547700</PhoneNumber>
<StreetAddress>1850 RESEARCH PARK DR, STE 300</StreetAddress>
<StreetAddress2/>
<CountryName>United States</CountryName>
<StateName>California</StateName>
<StateCode>CA</StateCode>
<CONGRESSDISTRICT>03</CONGRESSDISTRICT>
<CONGRESS_DISTRICT_ORG>CA03</CONGRESS_DISTRICT_ORG>
<ORG_UEI_NUM>TX2DAGQPENZ5</ORG_UEI_NUM>
<ORG_LGL_BUS_NAME>UNIVERSITY OF CALIFORNIA, DAVIS</ORG_LGL_BUS_NAME>
<ORG_PRNT_UEI_NUM>NUDGYLBB4S99</ORG_PRNT_UEI_NUM>
</Institution>
<Performance_Institution>
<Name><![CDATA[University of California-Davis]]></Name>
<CityName>Davis</CityName>
<StateCode>CA</StateCode>
<ZipCode>956165270</ZipCode>
<StreetAddress><![CDATA[One Shields Ave]]></StreetAddress>
<CountryCode>US</CountryCode>
<CountryName>United States</CountryName>
<StateName>California</StateName>
<CountryFlag>1</CountryFlag>
<CONGRESSDISTRICT>03</CONGRESSDISTRICT>
<CONGRESS_DISTRICT_PERF>CA03</CONGRESS_DISTRICT_PERF>
</Performance_Institution>
<ProgramElement>
<Code>8023</Code>
<Text>I-Corps</Text>
</ProgramElement>
<ProgramReference>
<Code>004E</Code>
<Text>BIOMEDICAL ENG AND DIAGNOSTICS</Text>
</ProgramReference>
<Appropriation>
<Code>0121</Code>
<Name>NSF RESEARCH &amp; RELATED ACTIVIT</Name>
<APP_SYMB_ID>040100</APP_SYMB_ID>
</Appropriation>
<Fund>
<Code>01002122DB</Code>
<Name><![CDATA[NSF RESEARCH & RELATED ACTIVIT]]></Name>
<FUND_SYMB_ID>040100</FUND_SYMB_ID>
</Fund>
<FUND_OBLG>2021~50000</FUND_OBLG>
</Award>
</rootTag>
