<?xml version="1.0" encoding="UTF-8"?>
<rootTag>
<Award>
<AwardTitle><![CDATA[Evidence Quality and Reach Hub for the DRK-12 community]]></AwardTitle>
<AGENCY>NSF</AGENCY>
<AwardEffectiveDate>07/01/2021</AwardEffectiveDate>
<AwardExpirationDate>12/31/2024</AwardExpirationDate>
<AwardTotalIntnAmount>945722.00</AwardTotalIntnAmount>
<AwardAmount>945722</AwardAmount>
<AwardInstrument>
<Value>Standard Grant</Value>
</AwardInstrument>
<Organization>
<Code>11090000</Code>
<Directorate>
<Abbreviation>EHR</Abbreviation>
<LongName>Direct For Education and Human Resources</LongName>
</Directorate>
<Division>
<Abbreviation>DRL</Abbreviation>
<LongName>Division Of Research On Learning</LongName>
</Division>
</Organization>
<ProgramOfficer>
<SignBlockName>Michael Steele</SignBlockName>
<PO_EMAI>msteele@nsf.gov</PO_EMAI>
<PO_PHON>7032920000</PO_PHON>
</ProgramOfficer>
<AbstractNarration><![CDATA[Understanding the impact of STEM education efforts requires researchers to have cutting-edge knowledge of advanced research methods and the ability to translate research knowledge to multiple and diverse stakeholder audiences. The Evidence Quality and Reach (EQR) Hub project will work explicitly to strengthen these two competencies through focused work with the Discovery Research PreK-12 research community. The hub will develop and implement workshops and learning opportunities for researchers in the community, convene communities of practice to discuss specific research methods, and engage in individualized consultations with DRK-12 projects. These activities are designed to strengthen current and future work in PreK-12 STEM education research.&lt;br/&gt;&lt;br/&gt;This project will work at multiple levels to support the DRK-12 research community. Universal activities such as webinars will be developed and deployed to support researchers in learning about new research methods and strategies for translating research for a broad set of stakeholder communities. Collective activities will involve a small number of DRK-12 projects in discussing particular research and dissemination issues common to their work in communities of practice and via virtual workshops. Individual projects will also be offered consultations on their current work. The project will begin with needs-sensing activities that will identify important themes and areas of focus for the universal, collective, and individual work. The project will collect data about the efficacy of their endeavors through surveys, user analytics from online collaboration spaces, and interviews with approximately 10 projects per year.&lt;br/&gt;&lt;br/&gt;The Discovery Research preK-12 program (DRK-12) seeks to significantly enhance the learning and teaching of science, technology, engineering and mathematics (STEM) by preK-12 students and teachers, through research and development of innovative resources, models and tools. Projects in the DRK-12 program build on fundamental research in STEM education and prior research and development efforts that provide theoretical and empirical justification for proposed projects.&lt;br/&gt;&lt;br/&gt;This award reflects NSF's statutory mission and has been deemed worthy of support through evaluation using the Foundation's intellectual merit and broader impacts review criteria.]]></AbstractNarration>
<MinAmdLetterDate>06/16/2021</MinAmdLetterDate>
<MaxAmdLetterDate>05/09/2022</MaxAmdLetterDate>
<ARRAAmount/>
<TRAN_TYPE>Grant</TRAN_TYPE>
<CFDA_NUM>47.076</CFDA_NUM>
<NSF_PAR_USE_FLAG>1</NSF_PAR_USE_FLAG>
<FUND_AGCY_CODE>4900</FUND_AGCY_CODE>
<AWDG_AGCY_CODE>4900</AWDG_AGCY_CODE>
<AwardID>2101162</AwardID>
<Investigator>
<FirstName>Dean</FirstName>
<LastName>Gerdeman</LastName>
<PI_MID_INIT/>
<PI_SUFX_NAME/>
<PI_FULL_NAME>Dean Gerdeman</PI_FULL_NAME>
<EmailAddress><![CDATA[dgerdeman@air.org]]></EmailAddress>
<NSF_ID>000761320</NSF_ID>
<StartDate>06/16/2021</StartDate>
<EndDate/>
<RoleCode>Co-Principal Investigator</RoleCode>
</Investigator>
<Investigator>
<FirstName>Sarah</FirstName>
<LastName>Rand</LastName>
<PI_MID_INIT/>
<PI_SUFX_NAME/>
<PI_FULL_NAME>Sarah Rand</PI_FULL_NAME>
<EmailAddress><![CDATA[srand@air.org]]></EmailAddress>
<NSF_ID>000839403</NSF_ID>
<StartDate>06/16/2021</StartDate>
<EndDate>05/09/2022</EndDate>
<RoleCode>Former Co-Principal Investigator</RoleCode>
</Investigator>
<Investigator>
<FirstName>Melissa</FirstName>
<LastName>Rasberry</LastName>
<PI_MID_INIT/>
<PI_SUFX_NAME/>
<PI_FULL_NAME>Melissa Rasberry</PI_FULL_NAME>
<EmailAddress><![CDATA[marasber@ncsu.edu]]></EmailAddress>
<NSF_ID>000693064</NSF_ID>
<StartDate>06/16/2021</StartDate>
<EndDate>08/25/2021</EndDate>
<RoleCode>Former Principal Investigator</RoleCode>
</Investigator>
<Investigator>
<FirstName>Danielle</FirstName>
<LastName>Ferguson</LastName>
<PI_MID_INIT/>
<PI_SUFX_NAME/>
<PI_FULL_NAME>Danielle Ferguson</PI_FULL_NAME>
<EmailAddress><![CDATA[dferguson@air.org]]></EmailAddress>
<NSF_ID>000834004</NSF_ID>
<StartDate>08/25/2021</StartDate>
<EndDate/>
<RoleCode>Principal Investigator</RoleCode>
</Investigator>
<Institution>
<Name>American Institutes for Research in the Behavioral Sciences</Name>
<CityName>ARLINGTON</CityName>
<ZipCode>222023289</ZipCode>
<PhoneNumber>2024035000</PhoneNumber>
<StreetAddress>1400 CRYSTAL DR FL 10</StreetAddress>
<StreetAddress2/>
<CountryName>United States</CountryName>
<StateName>Virginia</StateName>
<StateCode>VA</StateCode>
<CONGRESSDISTRICT>08</CONGRESSDISTRICT>
<CONGRESS_DISTRICT_ORG>VA08</CONGRESS_DISTRICT_ORG>
<ORG_UEI_NUM>MCN6J5L6M3T4</ORG_UEI_NUM>
<ORG_LGL_BUS_NAME>AMERICAN INSTITUTES FOR RESEARCH IN THE BEHAVIORAL SCIENCES</ORG_LGL_BUS_NAME>
<ORG_PRNT_UEI_NUM/>
</Institution>
<Performance_Institution>
<Name><![CDATA[American Institutes for Research in the Behavioral Sciences]]></Name>
<CityName>Washington</CityName>
<StateCode>DC</StateCode>
<ZipCode>200073835</ZipCode>
<StreetAddress><![CDATA[1000 Thomas Jefferson NW]]></StreetAddress>
<CountryCode>US</CountryCode>
<CountryName>United States</CountryName>
<StateName>District of Columbia</StateName>
<CountryFlag>1</CountryFlag>
<CONGRESSDISTRICT>00</CONGRESSDISTRICT>
<CONGRESS_DISTRICT_PERF>DC00</CONGRESS_DISTRICT_PERF>
</Performance_Institution>
<ProgramElement>
<Code>7645</Code>
<Text>Discovery Research K-12</Text>
</ProgramElement>
<Appropriation>
<Code>0421</Code>
<Name>NSF Education &amp; Human Resource</Name>
<APP_SYMB_ID>040106</APP_SYMB_ID>
</Appropriation>
<Fund>
<Code>04002122DB</Code>
<Name><![CDATA[NSF Education & Human Resource]]></Name>
<FUND_SYMB_ID>040106</FUND_SYMB_ID>
</Fund>
<FUND_OBLG>2021~945722</FUND_OBLG>
</Award>
</rootTag>
