<?xml version="1.0" encoding="UTF-8"?>
<rootTag>
<Award>
<AwardTitle>Research Initiation Awards: Tailored Carbon Nanotubes-Supported Nickel Nanoparticles for Carbon-Carbon Bond Forming Reactions in Batch and Continuous Flow</AwardTitle>
<AGENCY>NSF</AGENCY>
<AwardEffectiveDate>08/15/2021</AwardEffectiveDate>
<AwardExpirationDate>07/31/2024</AwardExpirationDate>
<AwardTotalIntnAmount>293066.00</AwardTotalIntnAmount>
<AwardAmount>293066</AwardAmount>
<AwardInstrument>
<Value>Standard Grant</Value>
</AwardInstrument>
<Organization>
<Code>11060000</Code>
<Directorate>
<Abbreviation>EHR</Abbreviation>
<LongName>Direct For Education and Human Resources</LongName>
</Directorate>
<Division>
<Abbreviation>HRD</Abbreviation>
<LongName>Division Of Human Resource Development</LongName>
</Division>
</Organization>
<ProgramOfficer>
<SignBlockName>Leroy Jones II</SignBlockName>
<PO_EMAI>ljones@nsf.gov</PO_EMAI>
<PO_PHON>7032924684</PO_PHON>
</ProgramOfficer>
<AbstractNarration>Research Initiation Awards provide support for junior and mid-career faculty at Historically Black Colleges and Universities who are building new research programs or redirecting and rebuilding existing research programs. It is expected that the award helps to further the faculty member's research capability and effectiveness, improves research and teaching at the home institution, and involves undergraduate students in research experiences.  The award to Fayetteville State University supports research in nanochemistry.   More specifically, it supports research that investigates novel synthesis of heterogeneous catalysts where nickel is supported on carbon nanotubes.  Furthermore, the project engages undergraduate engineering students in the research activities.&lt;br/&gt;&lt;br/&gt;The aim of this project is to develop a straightforward, simple, and cost-effective method for preparation of nickel nanoparticles supported on carbon nanotubes (Ni/MWCNTs) to serve as an efficient heterogeneous nanocatalyst for carbon-carbon cross coupling reactions. The method involves a dry mixing of the corresponding nickel salt with carbon nanotubes at ambient temperature without the necessity of any reducing agent or solvent under mechanical shaking of a ball-mill. Notably, both the transition metal and solid support used for making these nanocomposites are inexpensive and highly abundant. The as-prepared Ni/MWCNTs nanoparticles will be used for cross coupling reactions under batch and continuous flow process conditions. In this regard, the use of microwave energy will be investigated as an alternative, convenient, green, and efficient heating source to develop the necessary conditions for the catalytic reactions.  The proposed research will not only address fundamental aspects of carbon-carbon bond formation reactions but will also aid in exploring the continuous flow technology (e.g., FlowLab) for translation to large-scale production of useful organic molecules. This section of the project will bring together the best techniques to develop a technology with direct industrial applicability and will expedite broader application of continuous throughput manufacture technologies for the synthesis of active pharmaceutical ingredients (APIs) through the major bond formation utilizing the cross-coupling catalysis in flow. This project is potentially beneficial to industrially relevant commercial applications and pharmaceutical industries, and thus expand the opportunities for future collaborations and partnerships with pharmaceutical companies.&lt;br/&gt;&lt;br/&gt;This award reflects NSF's statutory mission and has been deemed worthy of support through evaluation using the Foundation's intellectual merit and broader impacts review criteria.</AbstractNarration>
<MinAmdLetterDate>03/18/2021</MinAmdLetterDate>
<MaxAmdLetterDate>05/21/2021</MaxAmdLetterDate>
<ARRAAmount/>
<TRAN_TYPE>Grant</TRAN_TYPE>
<CFDA_NUM>47.076</CFDA_NUM>
<NSF_PAR_USE_FLAG>1</NSF_PAR_USE_FLAG>
<FUND_AGCY_CODE>4900</FUND_AGCY_CODE>
<AWDG_AGCY_CODE>4900</AWDG_AGCY_CODE>
<AwardID>2101126</AwardID>
<Investigator>
<FirstName>Ali</FirstName>
<LastName>Siamaki</LastName>
<PI_MID_INIT>R</PI_MID_INIT>
<PI_SUFX_NAME/>
<PI_FULL_NAME>Ali R Siamaki</PI_FULL_NAME>
<EmailAddress>asiamaki@uncfsu.edu</EmailAddress>
<PI_PHON>9106721619</PI_PHON>
<NSF_ID>000714451</NSF_ID>
<StartDate>03/18/2021</StartDate>
<EndDate/>
<RoleCode>Principal Investigator</RoleCode>
</Investigator>
<Institution>
<Name>Fayetteville State University</Name>
<CityName>FAYETTEVILLE</CityName>
<ZipCode>283014252</ZipCode>
<PhoneNumber>9106721141</PhoneNumber>
<StreetAddress>1200 MURCHISON RD</StreetAddress>
<StreetAddress2/>
<CountryName>United States</CountryName>
<StateName>North Carolina</StateName>
<StateCode>NC</StateCode>
<CONGRESSDISTRICT>08</CONGRESSDISTRICT>
<CONGRESS_DISTRICT_ORG>NC08</CONGRESS_DISTRICT_ORG>
<ORG_UEI_NUM>XTD7KKHEJFL1</ORG_UEI_NUM>
<ORG_LGL_BUS_NAME>FAYETTEVILLE STATE UNIVERSITY</ORG_LGL_BUS_NAME>
<ORG_PRNT_UEI_NUM>N8DMK1K4C2K5</ORG_PRNT_UEI_NUM>
</Institution>
<Performance_Institution>
<Name><![CDATA[Fayetteville State University]]></Name>
<CityName>Fayetteville</CityName>
<StateCode>NC</StateCode>
<ZipCode>283014252</ZipCode>
<StreetAddress><![CDATA[1200 Muchison Road]]></StreetAddress>
<CountryCode>US</CountryCode>
<CountryName>United States</CountryName>
<StateName>North Carolina</StateName>
<CountryFlag>1</CountryFlag>
<CONGRESSDISTRICT>08</CONGRESSDISTRICT>
<CONGRESS_DISTRICT_PERF>NC08</CONGRESS_DISTRICT_PERF>
</Performance_Institution>
<ProgramElement>
<Code>1594</Code>
<Text>Hist Black Colleges and Univ</Text>
</ProgramElement>
<ProgramReference>
<Code>9178</Code>
<Text>UNDERGRADUATE EDUCATION</Text>
</ProgramReference>
<Appropriation>
<Code>0421</Code>
<Name>NSF Education &amp; Human Resource</Name>
<APP_SYMB_ID>040106</APP_SYMB_ID>
</Appropriation>
<Fund>
<Code>04002122DB</Code>
<Name><![CDATA[NSF Education & Human Resource]]></Name>
<FUND_SYMB_ID>040106</FUND_SYMB_ID>
</Fund>
<FUND_OBLG>2021~293066</FUND_OBLG>
</Award>
</rootTag>
