<?xml version="1.0" encoding="UTF-8"?>
<rootTag>
<Award>
<AwardTitle>CRII: III: Fair Machine Learning with Restricted Access to Sensitive Personal Data</AwardTitle>
<AGENCY>NSF</AGENCY>
<AwardEffectiveDate>10/01/2020</AwardEffectiveDate>
<AwardExpirationDate>09/30/2022</AwardExpirationDate>
<AwardTotalIntnAmount>174998.00</AwardTotalIntnAmount>
<AwardAmount>174998</AwardAmount>
<AwardInstrument>
<Value>Standard Grant</Value>
</AwardInstrument>
<Organization>
<Code>05020000</Code>
<Directorate>
<Abbreviation>CSE</Abbreviation>
<LongName>Direct For Computer &amp; Info Scie &amp; Enginr</LongName>
</Directorate>
<Division>
<Abbreviation>IIS</Abbreviation>
<LongName>Div Of Information &amp; Intelligent Systems</LongName>
</Division>
</Organization>
<ProgramOfficer>
<SignBlockName>Sylvia Spengler</SignBlockName>
<PO_EMAI>sspengle@nsf.gov</PO_EMAI>
<PO_PHON>7032927347</PO_PHON>
</ProgramOfficer>
<AbstractNarration>Machine learning is increasingly applied to assist consequential decision makings, typically by learning a model to automatically score people's potential and prioritizing advantaged decisions on those receiving higher scores. While this enables more efficient and evidence-based decision makings, recent studies show that many model scorings are biased against minority people and can result in negative societal impacts. This has triggered intensive research interests in developing fair machine learning techniques that can mitigate demographic bias in model scoring. The problem is, existing developments are running into a conflict with data privacy regulations. To be specific, most fair learning techniques require free access to one's sensitive demographic data, but the latter is increasingly restricted to use for protecting one's privacy. There are ongoing debates on whether it is permissible or necessary to use sensitive demographic data in fair machine learning, but so far no consensus has been reached due to the lack of scientific investigations. This project aims to fill this gap, not only for establishing a fundamental relation between fairness and privacy but also for broadening the deployment and impact of fair learning techniques in real-world applications; the project will also have an important educational impact via the involvement of underrepresented students in computer science research and the creation of a new curriculum on ethical machine learning to train the next-generation ethics-aware data scientists.&lt;br/&gt;&lt;br/&gt;This project will develop novel fair machine learning techniques with restricted access to sensitive demographic data (SDD). Three scenarios will be formulated and solved: where SDD is not accessible, where SDD can be accessed with cost, and where SDD can be accessed through a private third party. To tackle these scenarios, this project will integrate fairness objectives with a variety of sophisticated learning techniques including transfer learning, active learning, distributed learning and private learning. The project will also investigate a fundamental relation between fairness and privacy in machine learning, that is, how much fairness can be achieved in a model's scoring if one has to protect certain privacy of the sensitive demographic data when learning the model. The developed solutions will be presented in conference and journal venues, and the project website will provide access to the results, with references to the codes for the developed and evaluated algorithms.&lt;br/&gt;&lt;br/&gt;This award reflects NSF's statutory mission and has been deemed worthy of support through evaluation using the Foundation's intellectual merit and broader impacts review criteria.</AbstractNarration>
<MinAmdLetterDate>01/07/2021</MinAmdLetterDate>
<MaxAmdLetterDate>01/07/2021</MaxAmdLetterDate>
<ARRAAmount/>
<TRAN_TYPE>Grant</TRAN_TYPE>
<CFDA_NUM>47.070</CFDA_NUM>
<NSF_PAR_USE_FLAG>1</NSF_PAR_USE_FLAG>
<FUND_AGCY_CODE>4900</FUND_AGCY_CODE>
<AWDG_AGCY_CODE>4900</AWDG_AGCY_CODE>
<AwardID>2101936</AwardID>
<Investigator>
<FirstName>Chao</FirstName>
<LastName>Lan</LastName>
<PI_MID_INIT/>
<PI_SUFX_NAME/>
<PI_FULL_NAME>Chao Lan</PI_FULL_NAME>
<EmailAddress>clan@ou.edu</EmailAddress>
<PI_PHON>4053255735</PI_PHON>
<NSF_ID>000763773</NSF_ID>
<StartDate>01/07/2021</StartDate>
<EndDate/>
<RoleCode>Principal Investigator</RoleCode>
</Investigator>
<Institution>
<Name>University of Oklahoma Norman Campus</Name>
<CityName>NORMAN</CityName>
<ZipCode>730194039</ZipCode>
<PhoneNumber>4053254757</PhoneNumber>
<StreetAddress>1000 ASP AVE RM 105</StreetAddress>
<StreetAddress2/>
<CountryName>United States</CountryName>
<StateName>Oklahoma</StateName>
<StateCode>OK</StateCode>
<CONGRESSDISTRICT>04</CONGRESSDISTRICT>
<CONGRESS_DISTRICT_ORG>OK04</CONGRESS_DISTRICT_ORG>
<ORG_UEI_NUM>EVTSTTLCEWS5</ORG_UEI_NUM>
<ORG_LGL_BUS_NAME>UNIVERSITY OF OKLAHOMA</ORG_LGL_BUS_NAME>
<ORG_PRNT_UEI_NUM>Y74NRF365E33</ORG_PRNT_UEI_NUM>
</Institution>
<Performance_Institution>
<Name><![CDATA[University of Oklahoma Norman Campus]]></Name>
<CityName>Norman</CityName>
<StateCode>OK</StateCode>
<ZipCode>730199705</ZipCode>
<StreetAddress/>
<CountryCode>US</CountryCode>
<CountryName>United States</CountryName>
<StateName>Oklahoma</StateName>
<CountryFlag>1</CountryFlag>
<CONGRESSDISTRICT>04</CONGRESSDISTRICT>
<CONGRESS_DISTRICT_PERF>OK04</CONGRESS_DISTRICT_PERF>
</Performance_Institution>
<ProgramElement>
<Code>7364</Code>
<Text>Info Integration &amp; Informatics</Text>
</ProgramElement>
<ProgramReference>
<Code>7364</Code>
<Text>INFO INTEGRATION &amp; INFORMATICS</Text>
</ProgramReference>
<ProgramReference>
<Code>8228</Code>
<Text>CISE Resrch Initiatn Initiatve</Text>
</ProgramReference>
<ProgramReference>
<Code>9150</Code>
<Text>EXP PROG TO STIM COMP RES</Text>
</ProgramReference>
<Appropriation>
<Code>0119</Code>
<Name>NSF RESEARCH &amp; RELATED ACTIVIT</Name>
<APP_SYMB_ID>040100</APP_SYMB_ID>
</Appropriation>
<Fund>
<Code>01001920DB</Code>
<Name><![CDATA[NSF RESEARCH & RELATED ACTIVIT]]></Name>
<FUND_SYMB_ID>040100</FUND_SYMB_ID>
</Fund>
<FUND_OBLG>2019~174998</FUND_OBLG>
</Award>
</rootTag>
