<?xml version="1.0" encoding="UTF-8"?>
<rootTag>
<Award>
<AwardTitle><![CDATA[Collaborative Excellence in Research: Skill Acquisition, Technical Change and Differential Employment and Income Trajectories]]></AwardTitle>
<AGENCY>NSF</AGENCY>
<AwardEffectiveDate>09/15/2021</AwardEffectiveDate>
<AwardExpirationDate>08/31/2023</AwardExpirationDate>
<AwardTotalIntnAmount>484679.00</AwardTotalIntnAmount>
<AwardAmount>484679</AwardAmount>
<AwardInstrument>
<Value>Standard Grant</Value>
</AwardInstrument>
<Organization>
<Code>04010000</Code>
<Directorate>
<Abbreviation>SBE</Abbreviation>
<LongName>Direct For Social, Behav &amp; Economic Scie</LongName>
</Directorate>
<Division>
<Abbreviation>SMA</Abbreviation>
<LongName>SBE Off Of Multidisciplinary Activities</LongName>
</Division>
</Organization>
<ProgramOfficer>
<SignBlockName>Josie Welkom Miranda</SignBlockName>
<PO_EMAI>jwmirand@nsf.gov</PO_EMAI>
<PO_PHON>7032927376</PO_PHON>
</ProgramOfficer>
<AbstractNarration><![CDATA[This research project will construct a unique historical data set to test how technological change interacts with group identity to affect employment and earning trajectories of groups differently. Testing economic models of differential labor market effects is difficult because of  lack of  appropriate data; a situation compounded by technological innovations. The researchers have access to historical data on post-military careers and wage trajectories between 1910 and 1940 of two groups of men who were trained and worked in the same unit performing the same military tasks during  World War I. This data will be merged with individual level data from decennial census to create a unique historical data set. The researchers will use this data set to identify whether the observed differential employment and wage trajectories of these groups is due to technical change or discrimination. At the heart of this research is the careful merging of historical data from personal records, census records, and military records to answer this important question. Apart from the policy implication of this research, the project will involve undergraduate researchers from Historically Black Colleges and Universities, hence contribute to broadening participation in STEM education. The results of this research will shed light on differential labor market outcomes as well as provide inputs into policies to reduce earnings inequality.&lt;br/&gt;&lt;br/&gt;This proposed research project will merge personal, employment, earnings trajectories, and census data to test how technological innovation interacts with discrimination to determine  differential labor outcomes of different groups.  The PIs will merge the post-military employment, earnings, and census records of two groups of people who received the same training and did the same jobs in signals during World War I. The data are for the period 1910 to 1940 and the project will use difference-in-difference estimation strategy to establish causal identification of how the interaction of technical change and group differences affect the dynamics and trajectories of employment and incomes of otherwise comparable workers. The major focus and importance of this project is the unique historical data set the PIs will create for this project that will also allow other  researchers to study differential labor market dynamics in the presence of technical change. Besides policy implication of this research, the project will involve undergraduate researchers from Historically Black Colleges and Universities, hence contribute to broadening participation in STEM education.&lt;br/&gt;&lt;br/&gt;This award reflects NSF's statutory mission and has been deemed worthy of support through evaluation using the Foundation's intellectual merit and broader impacts review criteria.]]></AbstractNarration>
<MinAmdLetterDate>09/22/2021</MinAmdLetterDate>
<MaxAmdLetterDate>09/22/2021</MaxAmdLetterDate>
<ARRAAmount/>
<TRAN_TYPE>Grant</TRAN_TYPE>
<CFDA_NUM>47.075</CFDA_NUM>
<NSF_PAR_USE_FLAG>1</NSF_PAR_USE_FLAG>
<FUND_AGCY_CODE>4900</FUND_AGCY_CODE>
<AWDG_AGCY_CODE>4900</AWDG_AGCY_CODE>
<AwardID>2101244</AwardID>
<Investigator>
<FirstName>William</FirstName>
<LastName>Spriggs</LastName>
<PI_MID_INIT>E</PI_MID_INIT>
<PI_SUFX_NAME/>
<PI_FULL_NAME>William E Spriggs</PI_FULL_NAME>
<EmailAddress><![CDATA[wspriggs@howard.edu]]></EmailAddress>
<NSF_ID>000066883</NSF_ID>
<StartDate>09/22/2021</StartDate>
<EndDate/>
<RoleCode>Principal Investigator</RoleCode>
</Investigator>
<Investigator>
<FirstName>LaTanya</FirstName>
<LastName>Brown-Robertson</LastName>
<PI_MID_INIT/>
<PI_SUFX_NAME/>
<PI_FULL_NAME>LaTanya Brown-Robertson</PI_FULL_NAME>
<EmailAddress><![CDATA[latanya.brown-robert@howard.edu]]></EmailAddress>
<NSF_ID>000675792</NSF_ID>
<StartDate>09/22/2021</StartDate>
<EndDate/>
<RoleCode>Co-Principal Investigator</RoleCode>
</Investigator>
<Institution>
<Name>Howard University</Name>
<CityName>WASHINGTON</CityName>
<ZipCode>200590001</ZipCode>
<PhoneNumber>2028064759</PhoneNumber>
<StreetAddress>2400 6TH ST NW</StreetAddress>
<StreetAddress2/>
<CountryName>United States</CountryName>
<StateName>District of Columbia</StateName>
<StateCode>DC</StateCode>
<CONGRESSDISTRICT>00</CONGRESSDISTRICT>
<CONGRESS_DISTRICT_ORG>DC00</CONGRESS_DISTRICT_ORG>
<ORG_UEI_NUM>DYZNJGLTHMR9</ORG_UEI_NUM>
<ORG_LGL_BUS_NAME>HOWARD UNIVERSITY</ORG_LGL_BUS_NAME>
<ORG_PRNT_UEI_NUM/>
</Institution>
<Performance_Institution>
<Name><![CDATA[Howard University]]></Name>
<CityName>Washington</CityName>
<StateCode>DC</StateCode>
<ZipCode>200590002</ZipCode>
<StreetAddress><![CDATA[2400 Sixth St., NW]]></StreetAddress>
<CountryCode>US</CountryCode>
<CountryName>United States</CountryName>
<StateName>District of Columbia</StateName>
<CountryFlag>1</CountryFlag>
<CONGRESSDISTRICT>00</CONGRESSDISTRICT>
<CONGRESS_DISTRICT_PERF>DC00</CONGRESS_DISTRICT_PERF>
</Performance_Institution>
<ProgramElement>
<Code>070Y</Code>
<Text>HBCU-EiR - HBCU-Excellence in</Text>
</ProgramElement>
<ProgramElement>
<Code>1594</Code>
<Text>Hist Black Colleges and Univ</Text>
</ProgramElement>
<ProgramReference>
<Code>102Z</Code>
<Text>COVID-Disproportionate Impcts Inst-Indiv</Text>
</ProgramReference>
<ProgramReference>
<Code>1320</Code>
<Text>ECONOMICS</Text>
</ProgramReference>
<ProgramReference>
<Code>9179</Code>
<Text>GRADUATE INVOLVEMENT</Text>
</ProgramReference>
<Appropriation>
<Code>0121</Code>
<Name>NSF RESEARCH &amp; RELATED ACTIVIT</Name>
<APP_SYMB_ID>040100</APP_SYMB_ID>
</Appropriation>
<Appropriation>
<Code>0421</Code>
<Name>NSF Education &amp; Human Resource</Name>
<APP_SYMB_ID>040106</APP_SYMB_ID>
</Appropriation>
<Fund>
<Code>01002122DB</Code>
<Name><![CDATA[NSF RESEARCH & RELATED ACTIVIT]]></Name>
<FUND_SYMB_ID>040100</FUND_SYMB_ID>
</Fund>
<Fund>
<Code>04002122DB</Code>
<Name><![CDATA[NSF Education & Human Resource]]></Name>
<FUND_SYMB_ID>040106</FUND_SYMB_ID>
</Fund>
<FUND_OBLG>2021~484679</FUND_OBLG>
</Award>
</rootTag>
