<?xml version="1.0" encoding="UTF-8"?>
<rootTag>
<Award>
<AwardTitle>Culturally Responsive, Affective-Focused Teaching of Science and Mathematics</AwardTitle>
<AGENCY>NSF</AGENCY>
<AwardEffectiveDate>07/01/2021</AwardEffectiveDate>
<AwardExpirationDate>06/30/2024</AwardExpirationDate>
<AwardTotalIntnAmount>1448590.00</AwardTotalIntnAmount>
<AwardAmount>917755</AwardAmount>
<AwardInstrument>
<Value>Continuing Grant</Value>
</AwardInstrument>
<Organization>
<Code>11090000</Code>
<Directorate>
<Abbreviation>EHR</Abbreviation>
<LongName>Direct For Education and Human Resources</LongName>
</Directorate>
<Division>
<Abbreviation>DRL</Abbreviation>
<LongName>Division Of Research On Learning</LongName>
</Division>
</Organization>
<ProgramOfficer>
<SignBlockName>Beth Herbel Eisenmann</SignBlockName>
<PO_EMAI>bherbele@nsf.gov</PO_EMAI>
<PO_PHON>7032920000</PO_PHON>
</ProgramOfficer>
<AbstractNarration>Students and professionals who identify as Black, Indigenous, or people of color (BIPOC) continue to be underrepresented in STEM fields. Broadening participation in STEM requires a change in how K-12 STEM teachers engage and educate students who identify as BIPOC. Research has demonstrated that cultural and social justice connections can lead to positive academic outcomes for students who identify as BIPOC in science and mathematics. This project will provide a field-based science and mathematics teacher education program that supports teaching focused on students’ affective development through culturally responsive practices. In this project, affective development is defined by students’ abilities to incorporate their science and mathematics learning into their own unique personal value systems. The project's field-based teacher education program takes place over a two-year period and models how culturally responsive and affective instruction can occur in the STEM classroom to engage students. The project participants include 48 secondary science and mathematics teachers who work with about 5300 students in a district with some of the most persistent and pronounced educational equity issues in the state of Florida. The associated research will have implications for theory and practice that can be extended to improve STEM educator development in schools and districts throughout the country. This aligns with NSF’s commitment to advancing K-12 student and teacher learning in the STEM disciplines through research-based design and development of innovative models.&lt;br/&gt;&lt;br/&gt;Using design-based implementation research, this project will accomplish the following objectives: (1) transform the practices of a district-wide set of 48 secondary science and mathematics teachers by equipping them with culturally responsive, affective-focused practices and leadership skills; (2) construct tools and resources that will serve as open-access professional development materials shared widely via learning management tools; and (3) develop an evidence-based and adaptable theory of change to share widely with the STEM education community. The research plan draws on both qualitative and quantitative research methods to study the experiences and changes of science and mathematics teachers and their students as they experience continuously refined versions of the teacher education model. In particular, this project focuses on studying teacher and student outcomes, including teachers’ culturally responsive, affective-focused practices and self-efficacy, their understanding of student values and cultural backgrounds, and their attitudes toward cultural diversity; growth in students’ affective development and STEM achievement, their interest in STEM careers, and STEM identity development. Answers to the research questions will provide empirically-driven means for developing both the practical tools and the theoretical models of change toward STEM teacher transformation and positive impacts for students who identify as BIPOC.&lt;br/&gt;&lt;br/&gt;The Discovery Research preK-12 program (DRK-12) seeks to significantly enhance the learning and teaching of science, technology, engineering and mathematics (STEM) by preK-12 students and teachers, through research and development of innovative resources, models and tools. Projects in the DRK-12 program build on fundamental research in STEM education and prior research and development efforts that provide theoretical and empirical justification for proposed projects.&lt;br/&gt;&lt;br/&gt;This award reflects NSF's statutory mission and has been deemed worthy of support through evaluation using the Foundation's intellectual merit and broader impacts review criteria.</AbstractNarration>
<MinAmdLetterDate>05/26/2021</MinAmdLetterDate>
<MaxAmdLetterDate>09/21/2021</MaxAmdLetterDate>
<ARRAAmount/>
<TRAN_TYPE>Grant</TRAN_TYPE>
<CFDA_NUM>47.076</CFDA_NUM>
<NSF_PAR_USE_FLAG>1</NSF_PAR_USE_FLAG>
<FUND_AGCY_CODE>4900</FUND_AGCY_CODE>
<AWDG_AGCY_CODE>4900</AWDG_AGCY_CODE>
<AwardID>2101277</AwardID>
<Investigator>
<FirstName>Anne</FirstName>
<LastName>Manley</LastName>
<PI_MID_INIT>C</PI_MID_INIT>
<PI_SUFX_NAME/>
<PI_FULL_NAME>Anne C Manley</PI_FULL_NAME>
<EmailAddress>ahuggins@coe.ufl.edu</EmailAddress>
<PI_PHON>3522734342</PI_PHON>
<NSF_ID>000635107</NSF_ID>
<StartDate>05/26/2021</StartDate>
<EndDate/>
<RoleCode>Co-Principal Investigator</RoleCode>
</Investigator>
<Investigator>
<FirstName>Julie</FirstName>
<LastName>Brown</LastName>
<PI_MID_INIT>C</PI_MID_INIT>
<PI_SUFX_NAME/>
<PI_FULL_NAME>Julie C Brown</PI_FULL_NAME>
<EmailAddress>jbrown@coe.ufl.edu</EmailAddress>
<PI_PHON>3522734218</PI_PHON>
<NSF_ID>000693817</NSF_ID>
<StartDate>05/26/2021</StartDate>
<EndDate/>
<RoleCode>Principal Investigator</RoleCode>
</Investigator>
<Investigator>
<FirstName>Chonika</FirstName>
<LastName>Coleman-King</LastName>
<PI_MID_INIT>C</PI_MID_INIT>
<PI_SUFX_NAME/>
<PI_FULL_NAME>Chonika C Coleman-King</PI_FULL_NAME>
<EmailAddress>coleking@coe.ufl.edu</EmailAddress>
<PI_PHON>3522734208</PI_PHON>
<NSF_ID>000738186</NSF_ID>
<StartDate>09/21/2021</StartDate>
<EndDate/>
<RoleCode>Co-Principal Investigator</RoleCode>
</Investigator>
<Investigator>
<FirstName>Catherine</FirstName>
<LastName>Paolucci</LastName>
<PI_MID_INIT/>
<PI_SUFX_NAME/>
<PI_FULL_NAME>Catherine Paolucci</PI_FULL_NAME>
<EmailAddress>cpaolucci@coe.ufl.edu</EmailAddress>
<PI_PHON>3522733735</PI_PHON>
<NSF_ID>000720964</NSF_ID>
<StartDate>05/26/2021</StartDate>
<EndDate/>
<RoleCode>Co-Principal Investigator</RoleCode>
</Investigator>
<Institution>
<Name>University of Florida</Name>
<CityName>GAINESVILLE</CityName>
<ZipCode>326111941</ZipCode>
<PhoneNumber>3523923516</PhoneNumber>
<StreetAddress>1523 UNION RD RM 207</StreetAddress>
<StreetAddress2/>
<CountryName>United States</CountryName>
<StateName>Florida</StateName>
<StateCode>FL</StateCode>
<CONGRESSDISTRICT>03</CONGRESSDISTRICT>
<CONGRESS_DISTRICT_ORG>FL03</CONGRESS_DISTRICT_ORG>
<ORG_UEI_NUM>NNFQH1JAPEP3</ORG_UEI_NUM>
<ORG_LGL_BUS_NAME>UNIVERSITY OF FLORIDA</ORG_LGL_BUS_NAME>
<ORG_PRNT_UEI_NUM>D4GCCCMXR1H3</ORG_PRNT_UEI_NUM>
</Institution>
<Performance_Institution>
<Name><![CDATA[University of Florida]]></Name>
<CityName/>
<StateCode>FL</StateCode>
<ZipCode>326112002</ZipCode>
<StreetAddress/>
<CountryCode>US</CountryCode>
<CountryName>United States</CountryName>
<StateName>Florida</StateName>
<CountryFlag>1</CountryFlag>
<CONGRESSDISTRICT>03</CONGRESSDISTRICT>
<CONGRESS_DISTRICT_PERF>FL03</CONGRESS_DISTRICT_PERF>
</Performance_Institution>
<ProgramElement>
<Code>7645</Code>
<Text>Discovery Research K-12</Text>
</ProgramElement>
<Appropriation>
<Code>0421</Code>
<Name>NSF Education &amp; Human Resource</Name>
<APP_SYMB_ID>040106</APP_SYMB_ID>
</Appropriation>
<Fund>
<Code>04002122DB</Code>
<Name><![CDATA[NSF Education & Human Resource]]></Name>
<FUND_SYMB_ID>040106</FUND_SYMB_ID>
</Fund>
<FUND_OBLG>2021~917755</FUND_OBLG>
</Award>
</rootTag>
