<?xml version="1.0" encoding="UTF-8"?>
<rootTag>
<Award>
<AwardTitle>Excellence in Research - Collaborative Proposal: Investigation of Quantum Effects and Nanostructures Through Research &amp; Educational Partnership Between NCCU &amp; Howard Univer</AwardTitle>
<AGENCY>NSF</AGENCY>
<AwardEffectiveDate>09/01/2021</AwardEffectiveDate>
<AwardExpirationDate>08/31/2024</AwardExpirationDate>
<AwardTotalIntnAmount>300000.00</AwardTotalIntnAmount>
<AwardAmount>300000</AwardAmount>
<AwardInstrument>
<Value>Standard Grant</Value>
</AwardInstrument>
<Organization>
<Code>03070000</Code>
<Directorate>
<Abbreviation>MPS</Abbreviation>
<LongName>Direct For Mathematical &amp; Physical Scien</LongName>
</Directorate>
<Division>
<Abbreviation>DMR</Abbreviation>
<LongName>Division Of Materials Research</LongName>
</Division>
</Organization>
<ProgramOfficer>
<SignBlockName>Paul Lane</SignBlockName>
<PO_EMAI>plane@nsf.gov</PO_EMAI>
<PO_PHON>7032922453</PO_PHON>
</ProgramOfficer>
<AbstractNarration>NONTECHNICAL SUMMARY&lt;br/&gt;&lt;br/&gt;Quantum-information science promises to revolutionize computation and communication. Qubits, the fundamental units of quantum computation, must retain information long enough to be useful. The investigators propose to dramatically increase qubit lifetimes by taking advantage of piezoelectric effects. These couple electrical charge with mechanical stress in certain materials. The project will enhance cutting-edge research in nanoscience through a collaboration between researchers in Howard University and North Carolina Central University, two leading HBCUs. A combination of theory and modeling with advanced experimental techniques will provide students with strong training in key frontier areas of quantum computing and nanoscience and technology. The project will promote and inspire the education and training of minority and underrepresented undergraduate and graduate students. It will also enhance the professional development of young faculty members. This collaboration will also help the recruitment, enrollment, and retention of STEM students at both institutions. The involvement of researchers ranging from undergraduates to doctoral students will train a new generation of minority scientists in key frontier areas of quantum computing and nanoscience that will impact their everyday lives.&lt;br/&gt;&lt;br/&gt;TECHNICAL SUMMARY&lt;br/&gt;&lt;br/&gt;The common synergistic themes pursued by researchers at both institutions will focus on: (1) electron tunneling and exciton dynamics phenomena in binary quantum nanostructures, (2) piezoelectric quantum dot molecules for qubits, (3) charge dynamics and optical spectroscopy of nanowires and nanoribbons, and (4) the optical and Raman spectroscopy of graphitic nanomaterials and piezoelectric quantum dots. The PIs will develop a novel approach for designing qubits for quantum computers based on excitons in piezoelectric quantum dots that are expected to have longer entanglement times and higher operating temperatures than present qubits. Increasing tunneling between nanostructures that is correlated with entanglement is crucial for quantum computers and for the novel kind of quantum detectors that the PIs are proposing, which are based on controlling the tunneling between an analyte and the detector’s nanostructures by the changes in the overlap between their densities of states and the change in the symmetry between them. In order to achieve the proposed objectives, the PIs will develop new theoretical and modeling approaches to calculate and simulate the properties of a variety of nanostructures (e.g. quantum dots, nanowires, nanoribbons, carbon nanotubes, and functionalized graphene) and employ state-of-the-art  novel characterization techniques that include combinations of Raman spectroscopy, photoluminescence, fast femtosecond spectroscopy, and contactless charge dynamics spectroscopy in the GHz to THz range. The proposed research partnership will bring together subject matter experts in the following niche areas: charge tunneling associated with nanostructures; quantum dot molecules for novel qubits and quantum computing; metamaterials and plasmonic physics; and the Raman and laser spectroscopy of graphitic nanomaterials and piezoelectric quantum dots. The involvement of researchers ranging from undergraduates to doctoral students will train a new generation of minority scientists in key frontier areas of quantum computing and nanoscience that will impact their everyday lives.&lt;br/&gt;&lt;br/&gt;This award reflects NSF's statutory mission and has been deemed worthy of support through evaluation using the Foundation's intellectual merit and broader impacts review criteria.</AbstractNarration>
<MinAmdLetterDate>08/23/2021</MinAmdLetterDate>
<MaxAmdLetterDate>08/23/2021</MaxAmdLetterDate>
<ARRAAmount/>
<TRAN_TYPE>Grant</TRAN_TYPE>
<CFDA_NUM>47.049</CFDA_NUM>
<NSF_PAR_USE_FLAG>1</NSF_PAR_USE_FLAG>
<FUND_AGCY_CODE>4900</FUND_AGCY_CODE>
<AWDG_AGCY_CODE>4900</AWDG_AGCY_CODE>
<AwardID>2101041</AwardID>
<Investigator>
<FirstName>Karen</FirstName>
<LastName>Dvoyan</LastName>
<PI_MID_INIT/>
<PI_SUFX_NAME/>
<PI_FULL_NAME>Karen Dvoyan</PI_FULL_NAME>
<EmailAddress>kdvoyan@nccu.edu</EmailAddress>
<PI_PHON>9195306561</PI_PHON>
<NSF_ID>000642780</NSF_ID>
<StartDate>08/23/2021</StartDate>
<EndDate/>
<RoleCode>Co-Principal Investigator</RoleCode>
</Investigator>
<Investigator>
<FirstName>Branislav</FirstName>
<LastName>Vlahovic</LastName>
<PI_MID_INIT/>
<PI_SUFX_NAME/>
<PI_FULL_NAME>Branislav Vlahovic</PI_FULL_NAME>
<EmailAddress>vlahovic@nccu.edu</EmailAddress>
<PI_PHON>9195307253</PI_PHON>
<NSF_ID>000250542</NSF_ID>
<StartDate>08/23/2021</StartDate>
<EndDate/>
<RoleCode>Principal Investigator</RoleCode>
</Investigator>
<Investigator>
<FirstName>Igor</FirstName>
<LastName>Filikhin</LastName>
<PI_MID_INIT/>
<PI_SUFX_NAME/>
<PI_FULL_NAME>Igor Filikhin</PI_FULL_NAME>
<EmailAddress>ifilikhin@nccu.edu</EmailAddress>
<PI_PHON>9195306645</PI_PHON>
<NSF_ID>000503539</NSF_ID>
<StartDate>08/23/2021</StartDate>
<EndDate/>
<RoleCode>Co-Principal Investigator</RoleCode>
</Investigator>
<Institution>
<Name>North Carolina Central University</Name>
<CityName>DURHAM</CityName>
<ZipCode>277073129</ZipCode>
<PhoneNumber>9195307333</PhoneNumber>
<StreetAddress>1801 FAYETTEVILLE ST</StreetAddress>
<StreetAddress2/>
<CountryName>United States</CountryName>
<StateName>North Carolina</StateName>
<StateCode>NC</StateCode>
<CONGRESSDISTRICT>04</CONGRESSDISTRICT>
<CONGRESS_DISTRICT_ORG>NC04</CONGRESS_DISTRICT_ORG>
<ORG_UEI_NUM>L1DXXP1KGP77</ORG_UEI_NUM>
<ORG_LGL_BUS_NAME>NORTH CAROLINA CENTRAL UNIVERSITY</ORG_LGL_BUS_NAME>
<ORG_PRNT_UEI_NUM>N8DMK1K4C2K5</ORG_PRNT_UEI_NUM>
</Institution>
<Performance_Institution>
<Name><![CDATA[North Carolina Central University]]></Name>
<CityName>Durham</CityName>
<StateCode>NC</StateCode>
<ZipCode>277073129</ZipCode>
<StreetAddress><![CDATA[1801 Fayetteville St]]></StreetAddress>
<CountryCode>US</CountryCode>
<CountryName>United States</CountryName>
<StateName>North Carolina</StateName>
<CountryFlag>1</CountryFlag>
<CONGRESSDISTRICT>04</CONGRESSDISTRICT>
<CONGRESS_DISTRICT_PERF>NC04</CONGRESS_DISTRICT_PERF>
</Performance_Institution>
<ProgramElement>
<Code>1253</Code>
<Text>OFFICE OF MULTIDISCIPLINARY AC</Text>
</ProgramElement>
<ProgramReference>
<Code>102Z</Code>
<Text>COVID-Disproportionate Impcts Inst-Indiv</Text>
</ProgramReference>
<ProgramReference>
<Code>106Z</Code>
<Text>Semiconductors and Microelectronics</Text>
</ProgramReference>
<ProgramReference>
<Code>7203</Code>
<Text>QUANTUM INFORMATION SCIENCE</Text>
</ProgramReference>
<ProgramReference>
<Code>7237</Code>
<Text>NANO NON-SOLIC SCI &amp; ENG AWD</Text>
</ProgramReference>
<ProgramReference>
<Code>8614</Code>
<Text>Nanomaterials</Text>
</ProgramReference>
<ProgramReference>
<Code>8990</Code>
<Text>Optics and Photonics</Text>
</ProgramReference>
<Appropriation>
<Code>0121</Code>
<Name>NSF RESEARCH &amp; RELATED ACTIVIT</Name>
<APP_SYMB_ID>040100</APP_SYMB_ID>
</Appropriation>
<Fund>
<Code>01002122DB</Code>
<Name><![CDATA[NSF RESEARCH & RELATED ACTIVIT]]></Name>
<FUND_SYMB_ID>040100</FUND_SYMB_ID>
</Fund>
<FUND_OBLG>2021~300000</FUND_OBLG>
</Award>
</rootTag>
