<?xml version="1.0" encoding="UTF-8"?>
<rootTag>
<Award>
<AwardTitle><![CDATA[CAS: Dinuclear Metallacycles as Intermediates in Catalysis]]></AwardTitle>
<AGENCY>NSF</AGENCY>
<AwardEffectiveDate>06/01/2021</AwardEffectiveDate>
<AwardExpirationDate>05/31/2024</AwardExpirationDate>
<AwardTotalIntnAmount>475000.00</AwardTotalIntnAmount>
<AwardAmount>475000</AwardAmount>
<AwardInstrument>
<Value>Standard Grant</Value>
</AwardInstrument>
<Organization>
<Code>03090000</Code>
<Directorate>
<Abbreviation>MPS</Abbreviation>
<LongName>Direct For Mathematical &amp; Physical Scien</LongName>
</Directorate>
<Division>
<Abbreviation>CHE</Abbreviation>
<LongName>Division Of Chemistry</LongName>
</Division>
</Organization>
<ProgramOfficer>
<SignBlockName>George Richter-Addo</SignBlockName>
<PO_EMAI>grichter@nsf.gov</PO_EMAI>
<PO_PHON>7032927528</PO_PHON>
</ProgramOfficer>
<AbstractNarration><![CDATA[With the support of the Chemical Catalysis program in the Division of Chemistry, Dr. Christopher Uyeda of Purdue University is studying catalytic reactions that will improve the efficiency and sustainability of chemical synthesis. There are numerous scientific and technological advances that rely on synthetic organic molecules. For example, the ability to selectively deactivate a protein using a small molecule inhibitor forms the basis for understanding and treating human diseases. Molecules can also store or convert energy, allowing them to be used in devices such as solar cells and batteries. Often, the molecules that are required for these applications have complex structures and are prepared using lengthy synthetic processes. A major challenge in modern chemical synthesis is to improve the efficiency and sustainability of these processes by reducing the number of steps that are required and the amount of waste that is generated. In this project,  Dr. Uyeda will address these goals by studying transition metal catalysts that can rapidly generate complex molecules from readily available starting materials, ideally with little to no waste byproducts. A diverse group of undergraduate, graduate, and postdoctoral researchers will be involved this research project. In the process, they will gain technical and non-technical training that will prepare them for future careers in STEM and STEM-adjacent fields. Outreach activities will communicate the impact that catalysis research has on society to a broad audience of other scientists, students, and the general public. Additionally, mentorship activities are geared toward broadening the participation of underrepresented groups in STEM professions.&lt;br/&gt;&lt;br/&gt;With the support of the Chemical Catalysis program in the Division of Chemistry,  Dr. Christopher Uyeda of Purdue University is studying metal–metal bonds as active sites for catalysis. Metallacycles are key catalytic intermediates in many organic transformations, including cycloadditions, bond insertions, and rearrangements. In this project,  Dr. Uyeda will explore how dinuclear active sites can be used to access metallacycles with unique catalytic properties. The overarching goal is to use multiple metals to cooperatively activate substrates that are typically inert toward monometallic complexes. Furthermore, the orbital symmetry properties of metal–metal bonds will be leveraged to control chemo-, regio-, and stereoselectivity in multicomponent reactions. This project will involve synthesizing new bimetallic complexes, studying stoichiometric organometallic reactions, and developing selective catalytic transformations. Undergraduate, graduate, and postdoctoral researchers involved in this project will work at the interface of organic and inorganic chemistry. They will gain a fundamental understanding of transition metal chemistry while learning to apply this knowledge to develop useful catalytic reactions. Results from this project will be communicated to a broad audience through review articles, seminars, and podcast interviews. This project will also support outreach activities that engage high school and undergraduate students, with an emphasis on retaining underrepresented students in chemistry.&lt;br/&gt;&lt;br/&gt;This award reflects NSF's statutory mission and has been deemed worthy of support through evaluation using the Foundation's intellectual merit and broader impacts review criteria.]]></AbstractNarration>
<MinAmdLetterDate>04/26/2021</MinAmdLetterDate>
<MaxAmdLetterDate>04/26/2021</MaxAmdLetterDate>
<ARRAAmount/>
<TRAN_TYPE>Grant</TRAN_TYPE>
<CFDA_NUM>47.049</CFDA_NUM>
<NSF_PAR_USE_FLAG>1</NSF_PAR_USE_FLAG>
<FUND_AGCY_CODE>4900</FUND_AGCY_CODE>
<AWDG_AGCY_CODE>4900</AWDG_AGCY_CODE>
<AwardID>2101931</AwardID>
<Investigator>
<FirstName>Christopher</FirstName>
<LastName>Uyeda</LastName>
<PI_MID_INIT/>
<PI_SUFX_NAME/>
<PI_FULL_NAME>Christopher Uyeda</PI_FULL_NAME>
<EmailAddress><![CDATA[cuyeda@purdue.edu]]></EmailAddress>
<NSF_ID>000671290</NSF_ID>
<StartDate>04/26/2021</StartDate>
<EndDate/>
<RoleCode>Principal Investigator</RoleCode>
</Investigator>
<Institution>
<Name>Purdue University</Name>
<CityName>WEST LAFAYETTE</CityName>
<ZipCode>479061332</ZipCode>
<PhoneNumber>7654941055</PhoneNumber>
<StreetAddress>2550 NORTHWESTERN AVE STE 1900</StreetAddress>
<StreetAddress2/>
<CountryName>United States</CountryName>
<StateName>Indiana</StateName>
<StateCode>IN</StateCode>
<CONGRESSDISTRICT>04</CONGRESSDISTRICT>
<CONGRESS_DISTRICT_ORG>IN04</CONGRESS_DISTRICT_ORG>
<ORG_UEI_NUM>YRXVL4JYCEF5</ORG_UEI_NUM>
<ORG_LGL_BUS_NAME>PURDUE UNIVERSITY</ORG_LGL_BUS_NAME>
<ORG_PRNT_UEI_NUM>YRXVL4JYCEF5</ORG_PRNT_UEI_NUM>
</Institution>
<Performance_Institution>
<Name><![CDATA[Purdue University]]></Name>
<CityName/>
<StateCode>IN</StateCode>
<ZipCode>479072114</ZipCode>
<StreetAddress/>
<CountryCode>US</CountryCode>
<CountryName>United States</CountryName>
<StateName>Indiana</StateName>
<CountryFlag>1</CountryFlag>
<CONGRESSDISTRICT>04</CONGRESSDISTRICT>
<CONGRESS_DISTRICT_PERF>IN04</CONGRESS_DISTRICT_PERF>
</Performance_Institution>
<ProgramElement>
<Code>6884</Code>
<Text>Chemical Catalysis</Text>
</ProgramElement>
<ProgramReference>
<Code>090Z</Code>
<Text>CAS-Critical Aspects of Sustainability</Text>
</ProgramReference>
<ProgramReference>
<Code>8037</Code>
<Text>Advanced Manufacturing</Text>
</ProgramReference>
<ProgramReference>
<Code>8396</Code>
<Text>Clean Energy Technology</Text>
</ProgramReference>
<ProgramReference>
<Code>8398</Code>
<Text>Hydrocarbon Conversion</Text>
</ProgramReference>
<Appropriation>
<Code>0121</Code>
<Name>NSF RESEARCH &amp; RELATED ACTIVIT</Name>
<APP_SYMB_ID>040100</APP_SYMB_ID>
</Appropriation>
<Fund>
<Code>01002122DB</Code>
<Name><![CDATA[NSF RESEARCH & RELATED ACTIVIT]]></Name>
<FUND_SYMB_ID>040100</FUND_SYMB_ID>
</Fund>
<FUND_OBLG>2021~475000</FUND_OBLG>
</Award>
</rootTag>
