<?xml version="1.0" encoding="UTF-8"?>
<rootTag>
<Award>
<AwardTitle><![CDATA[Vinyl Diazonium Ions as Synthetic Intermediates]]></AwardTitle>
<AGENCY>NSF</AGENCY>
<AwardEffectiveDate>07/01/2021</AwardEffectiveDate>
<AwardExpirationDate>06/30/2024</AwardExpirationDate>
<AwardTotalIntnAmount>500000.00</AwardTotalIntnAmount>
<AwardAmount>500000</AwardAmount>
<AwardInstrument>
<Value>Standard Grant</Value>
</AwardInstrument>
<Organization>
<Code>03090000</Code>
<Directorate>
<Abbreviation>MPS</Abbreviation>
<LongName>Direct For Mathematical &amp; Physical Scien</LongName>
</Directorate>
<Division>
<Abbreviation>CHE</Abbreviation>
<LongName>Division Of Chemistry</LongName>
</Division>
</Organization>
<ProgramOfficer>
<SignBlockName>Laura Anderson</SignBlockName>
<PO_EMAI>laanders@nsf.gov</PO_EMAI>
<PO_PHON>7032922934</PO_PHON>
</ProgramOfficer>
<AbstractNarration><![CDATA[With the support of the Chemical Synthesis Program in the Division of Chemistry, Professor Matthias Brewer of the University of Vermont is developing new ways to make organic molecules using compounds called vinyl diazonium ions to achieve new carbon-carbon bond connections. Vinyl diazonium ions are uncommon chemical building blocks with the potential to become important synthetic tools. Professor Brewer and his students are testing these compounds in complex synthetic examples and systematically establishing their fundamental reactivity. Investigating innovative strategies to prepare organic molecules is an important goal as it enables advances in many other fields of research that depend on complex organic molecule synthesis such as drug discovery and materials science. This program is being used to engage economically-disadvantaged high school students in science, technology, engineering, and mathematics (STEM) activities in collaboration with the American Chemical Society (ACS) Project SEED program. Professor Brewer is also organizing an annual retreat for University of Vermont students of color in STEM disciplines. This retreat will help to overcome the sense of isolation that students of color in STEM fields feel by providing these students a chance to meet and build a greater sense of community at the University of Vermont.&lt;br/&gt;&lt;br/&gt;Vinyl diazonium ions are underdeveloped synthetic intermediates with the potential to provide solutions to current synthetic challenges. Professor Brewer and his research team are investigating the reactivity of vinyl diazonium ions to provide new approaches to the synthesis of all-carbon quaternary centers, access complex structures that contain a diazo functional group, and provide a strategy towards the first total synthesis of anadensin, a fusicoccane diterpenoid with anti-cancer and anti-microbial activity. All-carbon quaternary centers in complex organic compounds are challenging to install due to their sterically encumbered nature but are found in many biologically active molecules including natural products that have been shown to be excellent medicinal leads. Vinyl diazonium ions are being studied as electrophiles to provide new stereoselective routes to all-carbon quaternary centers that are difficult to make by traditional methods. The diazo group is one of the most versatile functional groups in synthetic chemistry and the products formed by the addition of nucleophiles to vinyl diazonium ions are being explored as activated synthetic intermediates for subsequent complexity building reactions. Investigations towards the synthesis of anadensin are being used to test a new strategy for preparing complex dicyclopenta[a,d]cyclooctene 5-8-5 ring systems. These activities are synergistically providing important training in synthetic chemistry for a diverse group of graduate and undergraduate students at the University of Vermont.&lt;br/&gt;&lt;br/&gt;This award reflects NSF's statutory mission and has been deemed worthy of support through evaluation using the Foundation's intellectual merit and broader impacts review criteria.]]></AbstractNarration>
<MinAmdLetterDate>05/27/2021</MinAmdLetterDate>
<MaxAmdLetterDate>05/27/2021</MaxAmdLetterDate>
<ARRAAmount/>
<TRAN_TYPE>Grant</TRAN_TYPE>
<CFDA_NUM>47.049</CFDA_NUM>
<NSF_PAR_USE_FLAG>1</NSF_PAR_USE_FLAG>
<FUND_AGCY_CODE>4900</FUND_AGCY_CODE>
<AWDG_AGCY_CODE>4900</AWDG_AGCY_CODE>
<AwardID>2102229</AwardID>
<Investigator>
<FirstName>Matthias</FirstName>
<LastName>Brewer</LastName>
<PI_MID_INIT/>
<PI_SUFX_NAME/>
<PI_FULL_NAME>Matthias Brewer</PI_FULL_NAME>
<EmailAddress><![CDATA[Matthias.Brewer@uvm.edu]]></EmailAddress>
<NSF_ID>000090844</NSF_ID>
<StartDate>05/27/2021</StartDate>
<EndDate/>
<RoleCode>Principal Investigator</RoleCode>
</Investigator>
<Institution>
<Name>University of Vermont &amp; State Agricultural College</Name>
<CityName>BURLINGTON</CityName>
<ZipCode>054051704</ZipCode>
<PhoneNumber>8026563660</PhoneNumber>
<StreetAddress>85 S PROSPECT ST</StreetAddress>
<StreetAddress2/>
<CountryName>United States</CountryName>
<StateName>Vermont</StateName>
<StateCode>VT</StateCode>
<CONGRESSDISTRICT>00</CONGRESSDISTRICT>
<CONGRESS_DISTRICT_ORG>VT00</CONGRESS_DISTRICT_ORG>
<ORG_UEI_NUM>Z94KLERAG5V9</ORG_UEI_NUM>
<ORG_LGL_BUS_NAME>UNIVERSITY OF VERMONT &amp; STATE AGRICULTURAL COLLEGE</ORG_LGL_BUS_NAME>
<ORG_PRNT_UEI_NUM>Z94KLERAG5V9</ORG_PRNT_UEI_NUM>
</Institution>
<Performance_Institution>
<Name><![CDATA[University of Vermont & State Agricultural College]]></Name>
<CityName>Burlington</CityName>
<StateCode>VT</StateCode>
<ZipCode>054050125</ZipCode>
<StreetAddress><![CDATA[82 University Place]]></StreetAddress>
<CountryCode>US</CountryCode>
<CountryName>United States</CountryName>
<StateName>Vermont</StateName>
<CountryFlag>1</CountryFlag>
<CONGRESSDISTRICT>00</CONGRESSDISTRICT>
<CONGRESS_DISTRICT_PERF>VT00</CONGRESS_DISTRICT_PERF>
</Performance_Institution>
<ProgramElement>
<Code>6878</Code>
<Text>Chemical Synthesis</Text>
</ProgramElement>
<ProgramReference>
<Code>8037</Code>
<Text>Advanced Manufacturing</Text>
</ProgramReference>
<ProgramReference>
<Code>9150</Code>
<Text>EXP PROG TO STIM COMP RES</Text>
</ProgramReference>
<Appropriation>
<Code>0121</Code>
<Name>NSF RESEARCH &amp; RELATED ACTIVIT</Name>
<APP_SYMB_ID>040100</APP_SYMB_ID>
</Appropriation>
<Fund>
<Code>01002122DB</Code>
<Name><![CDATA[NSF RESEARCH & RELATED ACTIVIT]]></Name>
<FUND_SYMB_ID>040100</FUND_SYMB_ID>
</Fund>
<FUND_OBLG>2021~500000</FUND_OBLG>
</Award>
</rootTag>
