<?xml version="1.0" encoding="UTF-8"?>
<rootTag>
<Award>
<AwardTitle><![CDATA[Collaborative Research: Engineering Gradient Nanostructured Metals by Multi-Pass Plastic Wave Deformation]]></AwardTitle>
<AGENCY>NSF</AGENCY>
<AwardEffectiveDate>10/01/2021</AwardEffectiveDate>
<AwardExpirationDate>09/30/2024</AwardExpirationDate>
<AwardTotalIntnAmount>228534.00</AwardTotalIntnAmount>
<AwardAmount>228534</AwardAmount>
<AwardInstrument>
<Value>Standard Grant</Value>
</AwardInstrument>
<Organization>
<Code>07030000</Code>
<Directorate>
<Abbreviation>ENG</Abbreviation>
<LongName>Directorate For Engineering</LongName>
</Directorate>
<Division>
<Abbreviation>CMMI</Abbreviation>
<LongName>Div Of Civil, Mechanical, &amp; Manufact Inn</LongName>
</Division>
</Organization>
<ProgramOfficer>
<SignBlockName>Andrew Wells</SignBlockName>
<PO_EMAI>awells@nsf.gov</PO_EMAI>
<PO_PHON>7032927225</PO_PHON>
</ProgramOfficer>
<AbstractNarration><![CDATA[This award supports research to understand a novel and scalable surface deformation process for enabling controlled creation of gradient nanocrystalline microstructures in metals. Gradient nanostructured metals are a new class of structural materials that possess superior combination of strength and ductility, when compared to the conventional coarse-grained metals or bulk nanostructured metals. The research specifically aims to overcome major processing barriers in generating metal surfaces with controlled spatial grain-size gradients by investigating a novel deformation process that utilizes controlled propagation of surface plastic “waves”. The research will have bearing on the U.S. manufacturing industry by providing the scientific knowledge to efficiently manufacture this new class of materials with performance benefits across a wide range of critical applications, including in automotive and aerospace. Education-related impacts of the project include training of graduate students in deformation-based processing methods via internships at national labs, materials processing curriculum development to enhance undergraduate and graduate education, and development of visualization-based tools for materials manufacturing education to foster widespread interest in STEM-related fields.&lt;br/&gt;&lt;br/&gt;The project seeks to investigate two material modification processes: the ability to control subsurface strain distribution over large surfaces through repeated creation and propagation of plastic waves across the metal surface; and the ability to engineer surfaces with tunable grain size gradients and nanostructured layer thickness via control of the subsurface strain distribution. To achieve these goals, an interdisciplinary team from multiple institutions will engage in collaborative research in the following areas: (1) in-situ analysis of surface plastic flow and surface strain mapping, (2) deformation-microstructure correlations, (3) predictive modeling of surface plasticity and microstructure evolution under extreme plastic strains and strain gradients, and (4) mechanical property characterization. Taken together, these research activities will help establish a thorough scientific understanding of the process-microstructure-property relationships essential for realizing gradient nanostructured metals and metal surfaces in a scalable manner.&lt;br/&gt;&lt;br/&gt;This award reflects NSF's statutory mission and has been deemed worthy of support through evaluation using the Foundation's intellectual merit and broader impacts review criteria.]]></AbstractNarration>
<MinAmdLetterDate>08/20/2021</MinAmdLetterDate>
<MaxAmdLetterDate>08/20/2021</MaxAmdLetterDate>
<ARRAAmount/>
<TRAN_TYPE>Grant</TRAN_TYPE>
<CFDA_NUM>47.041</CFDA_NUM>
<NSF_PAR_USE_FLAG>1</NSF_PAR_USE_FLAG>
<FUND_AGCY_CODE>4900</FUND_AGCY_CODE>
<AWDG_AGCY_CODE>4900</AWDG_AGCY_CODE>
<AwardID>2102030</AwardID>
<Investigator>
<FirstName>Dinakar</FirstName>
<LastName>Sagapuram</LastName>
<PI_MID_INIT/>
<PI_SUFX_NAME/>
<PI_FULL_NAME>Dinakar Sagapuram</PI_FULL_NAME>
<EmailAddress><![CDATA[dinakar@tamu.edu]]></EmailAddress>
<NSF_ID>000715612</NSF_ID>
<StartDate>08/20/2021</StartDate>
<EndDate/>
<RoleCode>Principal Investigator</RoleCode>
</Investigator>
<Institution>
<Name>Texas A&amp;M Engineering Experiment Station</Name>
<CityName>COLLEGE STATION</CityName>
<ZipCode>778433124</ZipCode>
<PhoneNumber>9798626777</PhoneNumber>
<StreetAddress>3124 TAMU</StreetAddress>
<StreetAddress2/>
<CountryName>United States</CountryName>
<StateName>Texas</StateName>
<StateCode>TX</StateCode>
<CONGRESSDISTRICT>17</CONGRESSDISTRICT>
<CONGRESS_DISTRICT_ORG>TX17</CONGRESS_DISTRICT_ORG>
<ORG_UEI_NUM>QD1MX6N5YTN4</ORG_UEI_NUM>
<ORG_LGL_BUS_NAME>TEXAS A&amp;M ENGINEERING EXPERIMENT STATION</ORG_LGL_BUS_NAME>
<ORG_PRNT_UEI_NUM>QD1MX6N5YTN4</ORG_PRNT_UEI_NUM>
</Institution>
<Performance_Institution>
<Name><![CDATA[Texas A&M Engineering Experiment Station]]></Name>
<CityName>College Station</CityName>
<StateCode>TX</StateCode>
<ZipCode>778433131</ZipCode>
<StreetAddress><![CDATA[3131 TAMU]]></StreetAddress>
<CountryCode>US</CountryCode>
<CountryName>United States</CountryName>
<StateName>Texas</StateName>
<CountryFlag>1</CountryFlag>
<CONGRESSDISTRICT>17</CONGRESSDISTRICT>
<CONGRESS_DISTRICT_PERF>TX17</CONGRESS_DISTRICT_PERF>
</Performance_Institution>
<ProgramElement>
<Code>088Y</Code>
<Text>AM-Advanced Manufacturing</Text>
</ProgramElement>
<ProgramReference>
<Code>023E</Code>
<Text>STRUCTURE OF MATERIALS</Text>
</ProgramReference>
<ProgramReference>
<Code>080E</Code>
<Text>DEFORMATION PROCESSES</Text>
</ProgramReference>
<ProgramReference>
<Code>083E</Code>
<Text>MATERIAL TRANSFORMATION PROC</Text>
</ProgramReference>
<ProgramReference>
<Code>8025</Code>
<Text>Advanced Materials Processing</Text>
</ProgramReference>
<ProgramReference>
<Code>8037</Code>
<Text>Advanced Manufacturing</Text>
</ProgramReference>
<Appropriation>
<Code>0121</Code>
<Name>NSF RESEARCH &amp; RELATED ACTIVIT</Name>
<APP_SYMB_ID>040100</APP_SYMB_ID>
</Appropriation>
<Fund>
<Code>01002122DB</Code>
<Name><![CDATA[NSF RESEARCH & RELATED ACTIVIT]]></Name>
<FUND_SYMB_ID>040100</FUND_SYMB_ID>
</Fund>
<FUND_OBLG>2021~228534</FUND_OBLG>
</Award>
</rootTag>
