<?xml version="1.0" encoding="UTF-8"?>
<rootTag>
<Award>
<AwardTitle>Collaborative Research: Structure Sensitive Surface Chemistry - Small Molecule Activation and Spillover</AwardTitle>
<AGENCY>NSF</AGENCY>
<AwardEffectiveDate>05/15/2021</AwardEffectiveDate>
<AwardExpirationDate>04/30/2024</AwardExpirationDate>
<AwardTotalIntnAmount>259726.00</AwardTotalIntnAmount>
<AwardAmount>259726</AwardAmount>
<AwardInstrument>
<Value>Standard Grant</Value>
</AwardInstrument>
<Organization>
<Code>03090000</Code>
<Directorate>
<Abbreviation>MPS</Abbreviation>
<LongName>Direct For Mathematical &amp; Physical Scien</LongName>
</Directorate>
<Division>
<Abbreviation>CHE</Abbreviation>
<LongName>Division Of Chemistry</LongName>
</Division>
</Organization>
<ProgramOfficer>
<SignBlockName>Colby Foss</SignBlockName>
<PO_EMAI>cfoss@nsf.gov</PO_EMAI>
<PO_PHON>7032925327</PO_PHON>
</ProgramOfficer>
<AbstractNarration>In this collaborative research project funded by the Chemical Structure Dynamics and Mechanisms (CSDM-A) program of the National Science Foundation’s Chemistry Division, Professors Andrew Gellman (Carnegie Mellon University) and Charles Sykes (Tufts University) are studying the influence of the atomistic structure of metal surfaces on the rates of catalytically relevant surface reactions. It is well known that the rates and selectivities of chemical reactions occurring on metal surfaces are determined by catalyst surface structure. Ideally, the design of catalysts would identify surface structures that optimize the yield of desired products. However, it is experimentally challenging to map reactivity comprehensively across the many possible structures of a metal surface. Gellman and Sykes have developed a complementary set of tools to measure surface reaction kinetics and to image atomistic surface structure across hundreds of different surface orientations concurrently. These methods will be used to generate datasets that will be used by catalyst developers to design new and improved catalytic materials. Students working on this project are gaining valuable skills in the fields of surface chemistry, x-ray spectroscopy and scanning probe microscopy.&lt;br/&gt;&lt;br/&gt;Gellman and Sykes are using spherically curved Cu and Ag single crystals that expose hundreds of different Cu(hkl) and Ag(hkl) surfaces as sample libraries for the study of surface structure and reactivity. Gellman is using spatially resolved x-ray photoemission spectroscopy to measure the rates of isothermal adsorption and activation of small molecules such as O2, CO2 and CH3CH2OH on hundreds of different Cu(hkl) and Ag(hkl) surfaces in order to identify the most active surface orientations and the trends correlating reactivity with surface structure. Sykes is studying the structures of these surfaces before and after adsorption using scanning tunneling microscopy. In addition, Gellman and Sykes are conducting similar measurements on surfaces modified by isolated atoms of metals such as Ni, Pd, and Pt to create single atom alloy catalysts with well-defined surface structures. This work will inform efforts to develop predictive theoretical models for understanding structure sensitive catalytic surface chemistry. This project also tests our current understanding of the mechanism of spillover in catalysis. Ultimately, this project is expected to advance our collective understanding of catalysis science and our ability to design new or improve catalytic materials.&lt;br/&gt;&lt;br/&gt;This award reflects NSF's statutory mission and has been deemed worthy of support through evaluation using the Foundation's intellectual merit and broader impacts review criteria.</AbstractNarration>
<MinAmdLetterDate>05/07/2021</MinAmdLetterDate>
<MaxAmdLetterDate>05/07/2021</MaxAmdLetterDate>
<ARRAAmount/>
<TRAN_TYPE>Grant</TRAN_TYPE>
<CFDA_NUM>47.049</CFDA_NUM>
<NSF_PAR_USE_FLAG>1</NSF_PAR_USE_FLAG>
<FUND_AGCY_CODE>4900</FUND_AGCY_CODE>
<AWDG_AGCY_CODE>4900</AWDG_AGCY_CODE>
<AwardID>2102140</AwardID>
<Investigator>
<FirstName>E. Charles</FirstName>
<LastName>Sykes</LastName>
<PI_MID_INIT>H</PI_MID_INIT>
<PI_SUFX_NAME/>
<PI_FULL_NAME>E. Charles H Sykes</PI_FULL_NAME>
<EmailAddress>Charles.Sykes@tufts.edu</EmailAddress>
<PI_PHON>6176273773</PI_PHON>
<NSF_ID>000216480</NSF_ID>
<StartDate>05/07/2021</StartDate>
<EndDate/>
<RoleCode>Principal Investigator</RoleCode>
</Investigator>
<Institution>
<Name>Tufts University</Name>
<CityName>SOMERVILLE</CityName>
<ZipCode>021442401</ZipCode>
<PhoneNumber>6176273696</PhoneNumber>
<StreetAddress>169 HOLLAND ST FL 3</StreetAddress>
<StreetAddress2/>
<CountryName>United States</CountryName>
<StateName>Massachusetts</StateName>
<StateCode>MA</StateCode>
<CONGRESSDISTRICT>07</CONGRESSDISTRICT>
<CONGRESS_DISTRICT_ORG>MA07</CONGRESS_DISTRICT_ORG>
<ORG_UEI_NUM>WL9FLBRVPJJ7</ORG_UEI_NUM>
<ORG_LGL_BUS_NAME>TRUSTEES OF TUFTS COLLEGE INC</ORG_LGL_BUS_NAME>
<ORG_PRNT_UEI_NUM>WL9FLBRVPJJ7</ORG_PRNT_UEI_NUM>
</Institution>
<Performance_Institution>
<Name><![CDATA[Tufts University]]></Name>
<CityName>Medford</CityName>
<StateCode>MA</StateCode>
<ZipCode>021555813</ZipCode>
<StreetAddress><![CDATA[62 Talbot Ave.]]></StreetAddress>
<CountryCode>US</CountryCode>
<CountryName>United States</CountryName>
<StateName>Massachusetts</StateName>
<CountryFlag>1</CountryFlag>
<CONGRESSDISTRICT>07</CONGRESSDISTRICT>
<CONGRESS_DISTRICT_PERF>MA07</CONGRESS_DISTRICT_PERF>
</Performance_Institution>
<ProgramElement>
<Code>9101</Code>
<Text>Chem Struct,Dynmcs&amp;Mechansms A</Text>
</ProgramElement>
<ProgramReference>
<Code>7237</Code>
<Text>NANO NON-SOLIC SCI &amp; ENG AWD</Text>
</ProgramReference>
<ProgramReference>
<Code>8396</Code>
<Text>Clean Energy Technology</Text>
</ProgramReference>
<ProgramReference>
<Code>8398</Code>
<Text>Hydrocarbon Conversion</Text>
</ProgramReference>
<ProgramReference>
<Code>9263</Code>
<Text>COMPUTATIONAL SCIENCE &amp; ENGING</Text>
</ProgramReference>
<Appropriation>
<Code>0121</Code>
<Name>NSF RESEARCH &amp; RELATED ACTIVIT</Name>
<APP_SYMB_ID>040100</APP_SYMB_ID>
</Appropriation>
<Fund>
<Code>01002122DB</Code>
<Name><![CDATA[NSF RESEARCH & RELATED ACTIVIT]]></Name>
<FUND_SYMB_ID>040100</FUND_SYMB_ID>
</Fund>
<FUND_OBLG>2021~259726</FUND_OBLG>
</Award>
</rootTag>
