<?xml version="1.0" encoding="UTF-8"?>
<rootTag>
<Award>
<AwardTitle>CAS: Taming the Reactivity of Base Metal Hydrides Through Bifunctional Ligands</AwardTitle>
<AGENCY>NSF</AGENCY>
<AwardEffectiveDate>09/01/2021</AwardEffectiveDate>
<AwardExpirationDate>08/31/2024</AwardExpirationDate>
<AwardTotalIntnAmount>500000.00</AwardTotalIntnAmount>
<AwardAmount>160540</AwardAmount>
<AwardInstrument>
<Value>Continuing Grant</Value>
</AwardInstrument>
<Organization>
<Code>03090000</Code>
<Directorate>
<Abbreviation>MPS</Abbreviation>
<LongName>Direct For Mathematical &amp; Physical Scien</LongName>
</Directorate>
<Division>
<Abbreviation>CHE</Abbreviation>
<LongName>Division Of Chemistry</LongName>
</Division>
</Organization>
<ProgramOfficer>
<SignBlockName>George Richter-Addo</SignBlockName>
<PO_EMAI>grichter@nsf.gov</PO_EMAI>
<PO_PHON>7032927528</PO_PHON>
</ProgramOfficer>
<AbstractNarration>With the support of the Chemical Catalysis program in the Division of Chemistry, Professor Hairong Guan of the University of Cincinnati will study molecules with metal-hydrogen bonds (i.e., metal hydrides) as catalysts for the hydrogenation or reduction of fatty acid methyl esters, carbon dioxide, and sugar-derived polyols. These catalytic processes are highly desirable to the chemical industry that manufactures surfactants used in many consumer products, and converts renewable materials to fuels and value-added chemicals. This project will focus on the use of earth-abundant, inexpensive metals such as manganese, iron, cobalt, nickel, and copper to design such catalysts. To enhance the reactivity of the metal hydrides and to minimize degradation of the catalysts, ligands that not only participate in hydrogen transfer but also bind tightly to the metals will be employed. The project will contribute to the rigorous training of a diverse group of high school, undergraduate, and graduate students via a number of programs including the American Chemical Society Project SEED Program, the NSF Research Experience for Undergraduates program, and the University of Cincinnati’s Women in Science and Engineering (WISE) Program. Through this project, Professor Guan will also develop research-based materials for a laboratory course that can be used by community colleges or institutions with limited resources, provide research opportunities to underrepresented minority students, and enhance student professional development through collaborations with local chemical companies.&lt;br/&gt;&lt;br/&gt;With the support of the Chemical Catalysis program in the Division of Chemistry, Professor Hairong Guan of the University of Cincinnati will study the strategies of improving the reactivity of base metal hydrides, which are key intermediates in many hydrogenation or reduction processes. Bifunctional and strongly chelating ligands will be designed under the hypothesis that they can deemphasize the roles played by the metals, participate in two-electron transfer, or suppress cluster formation. The specific research objectives include the development of more robust and active hydrogenation catalysts based on iron and nickel, the design of hydroxycyclopentadienyl complexes of manganese and cobalt as masked metal hydrides, and the pursuit of phosphine-ligated mononuclear copper hydrides.  In support of the broader impacts of the project, Professor Guan will actively engage in programs focusing on providing research opportunities to underrepresented minority students including those from collaborating primarily undergraduate institutions. Research-based teaching materials will be disseminated more broadly in the chemical education literature and to other institutions. Active collaborations with local companies will be geared toward enhancing student problem-solving skills in an industrial setting.&lt;br/&gt;&lt;br/&gt;This award reflects NSF's statutory mission and has been deemed worthy of support through evaluation using the Foundation's intellectual merit and broader impacts review criteria.</AbstractNarration>
<MinAmdLetterDate>07/21/2021</MinAmdLetterDate>
<MaxAmdLetterDate>07/21/2021</MaxAmdLetterDate>
<ARRAAmount/>
<TRAN_TYPE>Grant</TRAN_TYPE>
<CFDA_NUM>47.049</CFDA_NUM>
<NSF_PAR_USE_FLAG>1</NSF_PAR_USE_FLAG>
<FUND_AGCY_CODE>4900</FUND_AGCY_CODE>
<AWDG_AGCY_CODE>4900</AWDG_AGCY_CODE>
<AwardID>2102192</AwardID>
<Investigator>
<FirstName>Hairong</FirstName>
<LastName>Guan</LastName>
<PI_MID_INIT/>
<PI_SUFX_NAME/>
<PI_FULL_NAME>Hairong Guan</PI_FULL_NAME>
<EmailAddress>hairong.guan@uc.edu</EmailAddress>
<PI_PHON>5135566377</PI_PHON>
<NSF_ID>000523074</NSF_ID>
<StartDate>07/21/2021</StartDate>
<EndDate/>
<RoleCode>Principal Investigator</RoleCode>
</Investigator>
<Institution>
<Name>University of Cincinnati Main Campus</Name>
<CityName>CINCINNATI</CityName>
<ZipCode>452202872</ZipCode>
<PhoneNumber>5135564358</PhoneNumber>
<StreetAddress>2600 CLIFTON AVE</StreetAddress>
<StreetAddress2/>
<CountryName>United States</CountryName>
<StateName>Ohio</StateName>
<StateCode>OH</StateCode>
<CONGRESSDISTRICT>01</CONGRESSDISTRICT>
<CONGRESS_DISTRICT_ORG>OH01</CONGRESS_DISTRICT_ORG>
<ORG_UEI_NUM>DZ4YCZ3QSPR5</ORG_UEI_NUM>
<ORG_LGL_BUS_NAME>UNIVERSITY OF CINCINNATI</ORG_LGL_BUS_NAME>
<ORG_PRNT_UEI_NUM>DZ4YCZ3QSPR5</ORG_PRNT_UEI_NUM>
</Institution>
<Performance_Institution>
<Name><![CDATA[University of Cincinnati Main Campus]]></Name>
<CityName>Cincinnati</CityName>
<StateCode>OH</StateCode>
<ZipCode>452210172</ZipCode>
<StreetAddress><![CDATA[301 Clifton Court]]></StreetAddress>
<CountryCode>US</CountryCode>
<CountryName>United States</CountryName>
<StateName>Ohio</StateName>
<CountryFlag>1</CountryFlag>
<CONGRESSDISTRICT>01</CONGRESSDISTRICT>
<CONGRESS_DISTRICT_PERF>OH01</CONGRESS_DISTRICT_PERF>
</Performance_Institution>
<ProgramElement>
<Code>6884</Code>
<Text>Chemical Catalysis</Text>
</ProgramElement>
<ProgramReference>
<Code>090Z</Code>
<Text>CAS-Critical Aspects of Sustainability</Text>
</ProgramReference>
<ProgramReference>
<Code>8037</Code>
<Text>Advanced Manufacturing</Text>
</ProgramReference>
<ProgramReference>
<Code>8396</Code>
<Text>Clean Energy Technology</Text>
</ProgramReference>
<ProgramReference>
<Code>8398</Code>
<Text>Hydrocarbon Conversion</Text>
</ProgramReference>
<Appropriation>
<Code>0121</Code>
<Name>NSF RESEARCH &amp; RELATED ACTIVIT</Name>
<APP_SYMB_ID>040100</APP_SYMB_ID>
</Appropriation>
<Fund>
<Code>01002122DB</Code>
<Name><![CDATA[NSF RESEARCH & RELATED ACTIVIT]]></Name>
<FUND_SYMB_ID>040100</FUND_SYMB_ID>
</Fund>
<FUND_OBLG>2021~160540</FUND_OBLG>
</Award>
</rootTag>
