<?xml version="1.0" encoding="UTF-8"?>
<rootTag>
<Award>
<AwardTitle>Collaborative Research: Understanding Ultrafast Observables</AwardTitle>
<AGENCY>NSF</AGENCY>
<AwardEffectiveDate>07/01/2021</AwardEffectiveDate>
<AwardExpirationDate>06/30/2024</AwardExpirationDate>
<AwardTotalIntnAmount>234000.00</AwardTotalIntnAmount>
<AwardAmount>234000</AwardAmount>
<AwardInstrument>
<Value>Standard Grant</Value>
</AwardInstrument>
<Organization>
<Code>03090000</Code>
<Directorate>
<Abbreviation>MPS</Abbreviation>
<LongName>Direct For Mathematical &amp; Physical Scien</LongName>
</Directorate>
<Division>
<Abbreviation>CHE</Abbreviation>
<LongName>Division Of Chemistry</LongName>
</Division>
</Organization>
<ProgramOfficer>
<SignBlockName>Christopher Elles</SignBlockName>
<PO_EMAI>celles@nsf.gov</PO_EMAI>
<PO_PHON>7032927911</PO_PHON>
</ProgramOfficer>
<AbstractNarration>With support from the Chemical Structure, Dynamics, and Mechanisms-A (CSDM-A) and Chemical Theory, Models, and Computational Methods (CTMC) programs in the Division of Chemistry, Professors Allison, Levine, and Weinacht at Stony Brook University, and Professor Matsika at Temple University are developing new ways to understand the information obtained from sophisticated measurements of the dynamics of molecules. The structure and behavior of molecules are governed by the rules of quantum mechanics. The field of quantum chemistry, which applies the principles of quantum mechanics to molecular problems, has developed over decades based on rigorous comparison between experiments and theory, resulting in reliable computer codes that can be used by non-experts to calculate the properties of molecules in their lowest-energy states. However, similar quantum chemistry calculations are far more challenging for molecules that have been excited, for example by absorbing energy from light, and are able to undergo very fast chemical transformations. Part of the difficulty in developing quantum chemistry methods for excited molecules is that the experimental measurements are much harder to interpret, and comparisons with theory are generally much less rigorous than for molecules in their ground state. This collaborative research team is working to better understand the experimental observables by studying molecules prepared in the same way using different types of experiments, and by making direct comparisons of those observables with quantum chemical calculations that simulate both the measurement process and the excited-state dynamics. In addition to producing a set of benchmark measurements for several representative molecules, the team is working toward a new paradigm for understanding measurements of the dynamics of molecules, including a new format for sharing data. Beyond these scientific broader impacts, the project also provides advanced training for graduate students in a highly collaborative environment.&lt;br/&gt;&lt;br/&gt;Ultrafast spectroscopy offers the opportunity to directly probe the dynamics of molecules after excitation. However, the interpretation of data from ultrafast spectroscopy remains a challenge because projection of high dimensional dynamics into a much lower dimensional signal is unavoidable. In principle, a probe that projects the time-dependent molecular wave packet onto the set of all possible states provides a complete, if difficult to interpret, picture of the dynamics in question. The research team led by Professors Allison, Levine, Weinacht, and Matsika is addressing this problem by applying multiple recently developed experimental and theoretical tools to measure and calculate the dynamics of identically prepared gas-phase molecules. Complementary time-resolved photoelectron and visible transient absorption probes project the molecular wave packet onto a broad swath of Hilbert space, providing more information about the dynamics than is possible with either method on its own. The measurements are compared with ab initio simulations of the dynamics, from which identical projections are performed. This rigorous comparison between measured and calculated spectra utilizing complementary probes is enabled by recent methodological advances, including the development of a gas-phase transient absorption spectrometer and novel ab initio tools for efficiently computing probe signals from large molecular dynamics data sets. These systematic studies are producing benchmark datasets on archetypal molecular systems that present challenging problems at the vanguard of quantum chemistry and molecular dynamics, including non-adiabatic dynamics and intersystem crossing. The fundamental processes under investigation play an important role across a wide range of chemical reactions that are driven by light. Through this collaborative effort, the team is also working to develop and disseminate a new data format for sharing both theoretical and experimental ultrafast dynamics results based on the FAIR principle (findable, accessible, interoperable, reusable). Graduate students working on the project learn how to approach complex problems in chemistry based on collaborative research at the forefront of both experiment and theory.&lt;br/&gt;&lt;br/&gt;This award reflects NSF's statutory mission and has been deemed worthy of support through evaluation using the Foundation's intellectual merit and broader impacts review criteria.</AbstractNarration>
<MinAmdLetterDate>05/18/2021</MinAmdLetterDate>
<MaxAmdLetterDate>05/18/2021</MaxAmdLetterDate>
<ARRAAmount/>
<TRAN_TYPE>Grant</TRAN_TYPE>
<CFDA_NUM>47.049</CFDA_NUM>
<NSF_PAR_USE_FLAG>1</NSF_PAR_USE_FLAG>
<FUND_AGCY_CODE>4900</FUND_AGCY_CODE>
<AWDG_AGCY_CODE>4900</AWDG_AGCY_CODE>
<AwardID>2102066</AwardID>
<Investigator>
<FirstName>Spiridoula</FirstName>
<LastName>Matsika</LastName>
<PI_MID_INIT/>
<PI_SUFX_NAME/>
<PI_FULL_NAME>Spiridoula Matsika</PI_FULL_NAME>
<EmailAddress>smatsika@temple.edu</EmailAddress>
<PI_PHON>2152047703</PI_PHON>
<NSF_ID>000273949</NSF_ID>
<StartDate>05/18/2021</StartDate>
<EndDate/>
<RoleCode>Principal Investigator</RoleCode>
</Investigator>
<Institution>
<Name>Temple University</Name>
<CityName>PHILADELPHIA</CityName>
<ZipCode>191226003</ZipCode>
<PhoneNumber>2157077547</PhoneNumber>
<StreetAddress>1801 N BROAD ST</StreetAddress>
<StreetAddress2/>
<CountryName>United States</CountryName>
<StateName>Pennsylvania</StateName>
<StateCode>PA</StateCode>
<CONGRESSDISTRICT>02</CONGRESSDISTRICT>
<CONGRESS_DISTRICT_ORG>PA02</CONGRESS_DISTRICT_ORG>
<ORG_UEI_NUM>QD4MGHFDJKU1</ORG_UEI_NUM>
<ORG_LGL_BUS_NAME>TEMPLE UNIVERSITY-OF THE COMMONWEALTH SYSTEM OF HIGHER EDUCATION</ORG_LGL_BUS_NAME>
<ORG_PRNT_UEI_NUM>QD4MGHFDJKU1</ORG_PRNT_UEI_NUM>
</Institution>
<Performance_Institution>
<Name><![CDATA[Temple University]]></Name>
<CityName>Philadelphia</CityName>
<StateCode>PA</StateCode>
<ZipCode>191226018</ZipCode>
<StreetAddress><![CDATA[1900 N. 13th Street]]></StreetAddress>
<CountryCode>US</CountryCode>
<CountryName>United States</CountryName>
<StateName>Pennsylvania</StateName>
<CountryFlag>1</CountryFlag>
<CONGRESSDISTRICT>02</CONGRESSDISTRICT>
<CONGRESS_DISTRICT_PERF>PA02</CONGRESS_DISTRICT_PERF>
</Performance_Institution>
<ProgramElement>
<Code>6881</Code>
<Text>Chem Thry, Mdls &amp; Cmptnl Mthds</Text>
</ProgramElement>
<ProgramElement>
<Code>9101</Code>
<Text>Chem Struct,Dynmcs&amp;Mechansms A</Text>
</ProgramElement>
<ProgramReference>
<Code>9263</Code>
<Text>COMPUTATIONAL SCIENCE &amp; ENGING</Text>
</ProgramReference>
<Appropriation>
<Code>0121</Code>
<Name>NSF RESEARCH &amp; RELATED ACTIVIT</Name>
<APP_SYMB_ID>040100</APP_SYMB_ID>
</Appropriation>
<Fund>
<Code>01002122DB</Code>
<Name><![CDATA[NSF RESEARCH & RELATED ACTIVIT]]></Name>
<FUND_SYMB_ID>040100</FUND_SYMB_ID>
</Fund>
<FUND_OBLG>2021~234000</FUND_OBLG>
</Award>
</rootTag>
