<?xml version="1.0" encoding="UTF-8"?>
<rootTag>
<Award>
<AwardTitle>EAGER: Rapid Planar PCR for COVID-19 Testing</AwardTitle>
<AGENCY>NSF</AGENCY>
<AwardEffectiveDate>12/01/2020</AwardEffectiveDate>
<AwardExpirationDate>03/31/2021</AwardExpirationDate>
<AwardTotalIntnAmount>299960.00</AwardTotalIntnAmount>
<AwardAmount>299960</AwardAmount>
<AwardInstrument>
<Value>Standard Grant</Value>
</AwardInstrument>
<Organization>
<Code>07020000</Code>
<Directorate>
<Abbreviation>ENG</Abbreviation>
<LongName>Directorate For Engineering</LongName>
</Directorate>
<Division>
<Abbreviation>CBET</Abbreviation>
<LongName>Div Of Chem, Bioeng, Env, &amp; Transp Sys</LongName>
</Division>
</Organization>
<ProgramOfficer>
<SignBlockName>Leon Esterowitz</SignBlockName>
<PO_EMAI>lesterow@nsf.gov</PO_EMAI>
<PO_PHON>7032927942</PO_PHON>
</ProgramOfficer>
<AbstractNarration>The goal of this project is to develop the first point-of-contact molecular diagnostic as a tool for COVID-19 testing. The investigator envisions a point-of-contact test being performed before someone passes through a door, checkpoint, airport gate, or border.  Many of the critical strategies for this work have already been established, including the feasibility of performing a one-step assay on various viruses, including SARS-CoV-2, the virus responsible for COVID-19. This project provides a basis for expanding the capability of the method/diagnostic tool, with the goal of establishing a reliable method for detecting COVID-19 positivity from saliva in less than 2 minutes at a cost of approximately $2/test.  When functional, this tool could be used routinely to test for hidden spreaders of disease at airports, entrances to hospitals or long-term care facilities. Similarly, the method could be used to screen employees when they arrive to work at health care facilities or other large facilities to protect essential workers and patients. Finally, the method could be used for routine screening at large facilities such as factories, food processing or distribution facilities, and large government buildings, allowing our economy to return to a more normal state. The research will also provide training for a postdoctoral fellow and an undergraduate&lt;br/&gt;&lt;br/&gt;This project focuses on establishing a new method for PCR (Polymerase Chain Reaction, a method used to rapidly make millions of copies of a DNA sample) that will realize the goal of a point-of-contact molecular diagnostic test for envelope viruses such as COVID-19.  Already established for this work are critical strategies: (1) for rapid, uniform cycling using optical heating; (2) for large scale partitioning to accelerate sample preparation without micro-patterning or microfluidics; and (3) for performing a one-step lysis/rp-PCR (rapid planar-PCR) assay on envelope viruses.  The Research Plan is organized under three objectives: (1) to extend the limited area heating due to use of individual LED/lens pairs to large areas through the design and fabrication of a printed circuit that will allow higher density of LEDs per zone, allow many more zones, simplify connections to the rest of the control circuitry, and allow use of surface mount LED drivers; (2) to show, once uniform, large area heating is established, that the diffusion limitation works to provide a very large level of partitioning, with a goal of achieving 1,000,000 partitioning sites in a 5 x 5 cm sample; and (3) to demonstrate the expected assay speed and detection limit (~2 minutes and ~100 copies/milliliter) by modifying reagents, temperatures, and time periods to achieve a good compromise between efficiency of the three steps (lysis, reverse transcription, PCR) overall assay speed, and limit-of detection. If successful, project results will provide the basis for rolling out a point-of-contact test that can be rapidly translated for clinical applications.&lt;br/&gt;&lt;br/&gt;This award reflects NSF's statutory mission and has been deemed worthy of support through evaluation using the Foundation's intellectual merit and broader impacts review criteria.</AbstractNarration>
<MinAmdLetterDate>11/30/2020</MinAmdLetterDate>
<MaxAmdLetterDate>11/30/2020</MaxAmdLetterDate>
<ARRAAmount/>
<TRAN_TYPE>Grant</TRAN_TYPE>
<CFDA_NUM>47.041</CFDA_NUM>
<NSF_PAR_USE_FLAG>1</NSF_PAR_USE_FLAG>
<FUND_AGCY_CODE>4900</FUND_AGCY_CODE>
<AWDG_AGCY_CODE>4900</AWDG_AGCY_CODE>
<AwardID>2102166</AwardID>
<Investigator>
<FirstName>Gregory</FirstName>
<LastName>Faris</LastName>
<PI_MID_INIT>W</PI_MID_INIT>
<PI_SUFX_NAME/>
<PI_FULL_NAME>Gregory W Faris</PI_FULL_NAME>
<EmailAddress>gregory.faris@sri.com</EmailAddress>
<NSF_ID>000221492</NSF_ID>
<StartDate>11/30/2020</StartDate>
<EndDate/>
<RoleCode>Principal Investigator</RoleCode>
</Investigator>
<Institution>
<Name>SRI International</Name>
<CityName>Menlo Park</CityName>
<ZipCode>940253493</ZipCode>
<PhoneNumber>7032478529</PhoneNumber>
<StreetAddress>333 RAVENSWOOD AVE</StreetAddress>
<StreetAddress2/>
<CountryName>United States</CountryName>
<StateName>California</StateName>
<StateCode>CA</StateCode>
<CONGRESSDISTRICT>18</CONGRESSDISTRICT>
<CONGRESS_DISTRICT_ORG>CA18</CONGRESS_DISTRICT_ORG>
<ORG_DUNS_NUM>009232752</ORG_DUNS_NUM>
<ORG_LGL_BUS_NAME>SRI INTERNATIONAL</ORG_LGL_BUS_NAME>
<ORG_PRNT_DUNS_NUM>009232752</ORG_PRNT_DUNS_NUM>
</Institution>
<Performance_Institution>
<Name><![CDATA[SRI International]]></Name>
<CityName>Menlo Park</CityName>
<StateCode>CA</StateCode>
<ZipCode>940253493</ZipCode>
<StreetAddress><![CDATA[333 Ravenswood Avenue]]></StreetAddress>
<CountryCode>US</CountryCode>
<CountryName>United States</CountryName>
<StateName>California</StateName>
<CountryFlag>1</CountryFlag>
<CONGRESSDISTRICT>18</CONGRESSDISTRICT>
<CONGRESS_DISTRICT_PERF>CA18</CONGRESS_DISTRICT_PERF>
</Performance_Institution>
<ProgramElement>
<Code>7236</Code>
<Text>BioP-Biophotonics</Text>
</ProgramElement>
<ProgramReference>
<Code>096Z</Code>
<Text>COVID-19 Research</Text>
</ProgramReference>
<ProgramReference>
<Code>7916</Code>
<Text>EAGER</Text>
</ProgramReference>
<Appropriation>
<Code>0121</Code>
<Name>NSF RESEARCH &amp; RELATED ACTIVIT</Name>
<APP_SYMB_ID>040100</APP_SYMB_ID>
</Appropriation>
<FUND_OBLG>2021~46744</FUND_OBLG>
</Award>
</rootTag>
