<?xml version="1.0" encoding="UTF-8"?>
<rootTag>
<Award>
<AwardTitle><![CDATA[Topology and Geometry from 3-Manifolds to Free Groups]]></AwardTitle>
<AGENCY>NSF</AGENCY>
<AwardEffectiveDate>06/01/2021</AwardEffectiveDate>
<AwardExpirationDate>05/31/2024</AwardExpirationDate>
<AwardTotalIntnAmount>223346.00</AwardTotalIntnAmount>
<AwardAmount>144529</AwardAmount>
<AwardInstrument>
<Value>Continuing Grant</Value>
</AwardInstrument>
<Organization>
<Code>03040000</Code>
<Directorate>
<Abbreviation>MPS</Abbreviation>
<LongName>Direct For Mathematical &amp; Physical Scien</LongName>
</Directorate>
<Division>
<Abbreviation>DMS</Abbreviation>
<LongName>Division Of Mathematical Sciences</LongName>
</Division>
</Organization>
<ProgramOfficer>
<SignBlockName>Krishnan Shankar</SignBlockName>
<PO_EMAI>kshankar@nsf.gov</PO_EMAI>
<PO_PHON>7032924703</PO_PHON>
</ProgramOfficer>
<AbstractNarration><![CDATA[Many problems throughout mathematics (as well as the other sciences) come down to needing to understand the inner workings of complex geometric or dynamical systems. One fruitful approach is to address the question, “Given the most salient or easily measured features of an object, how can we predict its global shape or long term behavior?”  The research in this proposal is directed at addressing this question in the low dimensional setting, focusing on the topology and geometry of three-dimensional spaces with connections to dynamics.  At its core, the investigator will employ two basic techniques.  The first is to model a complex system with its basic building blocks. For example, his work with Landry and Minsky shows how dynamical properties of important three-dimension flows are combinatorially encoded by a triangulation of the underlying space.  The second is to use probabilistic techniques that aim to understand the “typical” behavior within a complicated dynamical system.  This is the focus of his work with Gekhtman and Tiozzo on properties of random symmetries of negatively curved spaces.  In conjunction with this research, the proposal also seeks to support student involvement in related fields within the Philadelphia area through new local seminars and the continued mentoring of graduate students and postdocs.&lt;br/&gt;&lt;br/&gt;In greater detail, the proposed research projects divide into three themes.  The first is to study the topology and geometry of three-manifolds using a new polynomial invariant of veering triangulations.  The polynomial extends McMullen’s Teichmuller polynomial to more general pseudo-Anosov flows, detects faces of the Thurston norm ball, and packages relative growth rates of the associated flow.  The second set of projects seeks to extend these insights to study automorphisms of surface groups and free groups.  This includes a project, joint with Dowdall, to build a canonical ideal simplicial complex associated to a hyperbolic free-by-cycle group that encodes the various splitting of the group.  The final set of projects concerns dynamics in group theory. First, the investigator will prove general central limit theorems for the distribution of geometric quantities in finitely generated groups when sampling with respect to the word metric. Second, in collaboration with Gupta, the PI plans to solve a conjecture of Handel–Mosher by demonstrating that a typical free group automorphism and its inverse have distinct stretch factors.  These projects will also shed light on dynamical properties of Teichmuller and Outer space.&lt;br/&gt;&lt;br/&gt;This award reflects NSF's statutory mission and has been deemed worthy of support through evaluation using the Foundation's intellectual merit and broader impacts review criteria.]]></AbstractNarration>
<MinAmdLetterDate>05/04/2021</MinAmdLetterDate>
<MaxAmdLetterDate>06/27/2022</MaxAmdLetterDate>
<ARRAAmount/>
<TRAN_TYPE>Grant</TRAN_TYPE>
<CFDA_NUM>47.049</CFDA_NUM>
<NSF_PAR_USE_FLAG>1</NSF_PAR_USE_FLAG>
<FUND_AGCY_CODE>4900</FUND_AGCY_CODE>
<AWDG_AGCY_CODE>4900</AWDG_AGCY_CODE>
<AwardID>2102018</AwardID>
<Investigator>
<FirstName>Samuel</FirstName>
<LastName>Taylor</LastName>
<PI_MID_INIT>J</PI_MID_INIT>
<PI_SUFX_NAME/>
<PI_FULL_NAME>Samuel J Taylor</PI_FULL_NAME>
<EmailAddress><![CDATA[samuel.taylor@temple.edu]]></EmailAddress>
<NSF_ID>000649132</NSF_ID>
<StartDate>05/04/2021</StartDate>
<EndDate/>
<RoleCode>Principal Investigator</RoleCode>
</Investigator>
<Institution>
<Name>Temple University</Name>
<CityName>PHILADELPHIA</CityName>
<ZipCode>191226003</ZipCode>
<PhoneNumber>2157077547</PhoneNumber>
<StreetAddress>1801 N BROAD ST</StreetAddress>
<StreetAddress2/>
<CountryName>United States</CountryName>
<StateName>Pennsylvania</StateName>
<StateCode>PA</StateCode>
<CONGRESSDISTRICT>02</CONGRESSDISTRICT>
<CONGRESS_DISTRICT_ORG>PA02</CONGRESS_DISTRICT_ORG>
<ORG_UEI_NUM>QD4MGHFDJKU1</ORG_UEI_NUM>
<ORG_LGL_BUS_NAME>TEMPLE UNIVERSITY-OF THE COMMONWEALTH SYSTEM OF HIGHER EDUCATION</ORG_LGL_BUS_NAME>
<ORG_PRNT_UEI_NUM>QD4MGHFDJKU1</ORG_PRNT_UEI_NUM>
</Institution>
<Performance_Institution>
<Name><![CDATA[Temple University]]></Name>
<CityName/>
<StateCode>PA</StateCode>
<ZipCode>191226003</ZipCode>
<StreetAddress/>
<CountryCode>US</CountryCode>
<CountryName>United States</CountryName>
<StateName>Pennsylvania</StateName>
<CountryFlag>1</CountryFlag>
<CONGRESSDISTRICT>02</CONGRESSDISTRICT>
<CONGRESS_DISTRICT_PERF>PA02</CONGRESS_DISTRICT_PERF>
</Performance_Institution>
<ProgramElement>
<Code>1267</Code>
<Text>TOPOLOGY</Text>
</ProgramElement>
<Appropriation>
<Code>0121</Code>
<Name>NSF RESEARCH &amp; RELATED ACTIVIT</Name>
<APP_SYMB_ID>040100</APP_SYMB_ID>
</Appropriation>
<Appropriation>
<Code>0122</Code>
<Name>NSF RESEARCH &amp; RELATED ACTIVIT</Name>
<APP_SYMB_ID>040100</APP_SYMB_ID>
</Appropriation>
<Fund>
<Code>01002122DB</Code>
<Name><![CDATA[NSF RESEARCH & RELATED ACTIVIT]]></Name>
<FUND_SYMB_ID>040100</FUND_SYMB_ID>
</Fund>
<Fund>
<Code>01002223DB</Code>
<Name><![CDATA[NSF RESEARCH & RELATED ACTIVIT]]></Name>
<FUND_SYMB_ID>040100</FUND_SYMB_ID>
</Fund>
<FUND_OBLG>2021~67456</FUND_OBLG>
<FUND_OBLG>2022~77073</FUND_OBLG>
</Award>
</rootTag>
