<?xml version="1.0" encoding="UTF-8"?>
<rootTag>
<Award>
<AwardTitle>Fundamentals of Chemistry that Guide Formation of Sulfur-bridged Bi- and Multi-metallic Molecular Units</AwardTitle>
<AGENCY>NSF</AGENCY>
<AwardEffectiveDate>08/01/2021</AwardEffectiveDate>
<AwardExpirationDate>07/31/2024</AwardExpirationDate>
<AwardTotalIntnAmount>500000.00</AwardTotalIntnAmount>
<AwardAmount>500000</AwardAmount>
<AwardInstrument>
<Value>Standard Grant</Value>
</AwardInstrument>
<Organization>
<Code>03090000</Code>
<Directorate>
<Abbreviation>MPS</Abbreviation>
<LongName>Direct For Mathematical &amp; Physical Scien</LongName>
</Directorate>
<Division>
<Abbreviation>CHE</Abbreviation>
<LongName>Division Of Chemistry</LongName>
</Division>
</Organization>
<ProgramOfficer>
<SignBlockName>George Richter-Addo</SignBlockName>
<PO_EMAI>grichter@nsf.gov</PO_EMAI>
<PO_PHON>7032927528</PO_PHON>
</ProgramOfficer>
<AbstractNarration>With the support of the Chemical Synthesis program in the Division of Chemistry, Professor Marcetta Y. Darensbourg and coworkers of Texas A&amp;M University will study molecules that inform chemists about Nature’s choice of sulfur to connect metals in structures that perform as catalysts in biology.  In contrast to the heavy, precious/expensive metals such as platinum and rhodium that one might find in the catalytic converter of an automobile, Nature must rely on the natural abundance distribution of metals on earth.  Consequently, earth-abundant metals such as iron, nickel, and manganese are taken up in molecular motifs that utilize cooperativity between metals. In addition, their strategic positioning within a molecular environment, and timing of delivery of reactants and release of products, renders incredible reactions that are facile at ordinary temperatures and pressures. The importance of connections is vital to these molecular-binding motifs. Sulfur is a key ingredient in metalloenzymes that perform some of the most fundamental reactions of life.  Examples include catalysts that facilitate hydrogen production, carbon dioxide reduction, and nitrogen conversion.  How these molecular catalysts, imbedded in protein folds, work remains largely a mystery that inspires chemists to search for clues in small, well characterized molecules. This work will target connections between nickel and iron in new synthetic molecules outfitted with “reporter” molecules that indicate reactive centers.  The Darensbourg team will analyze their structures and properties, monitoring changes as electrons are added or removed one by one.  They will search for and characterize products of catalysis of proton reduction or synthesis.  These fundamental studies are ideal for training graduate and undergraduate students and coworkers to recognize and appreciate sciences that connect biology and chemistry.  &lt;br/&gt;&lt;br/&gt;With the support of the Chemical Synthesis program in the Division of Chemistry, Professor Marcetta Y. Darensbourg of Texas A&amp;M University will establish a synthetic chemistry plan that targets an improved understanding of bimetallic constructs prevalent in redox-processing enzymes including diiron and nickel-iron hydrogenases.  The overall goal is to understand how two (or multiple) abundant first-row metals share the burden of 2-electron transformations, whereby obviating the need for noble metals in natural catalysis and organic synthesis. Questions arise from the ubiquitous mediation by sulfur as a bridge between metal complexes that have redox activity either at the metal or the ligands, and how substrates are positioned on the reactive centers.  Two principal classic “non-innocent” redox-active ligands will be engaged for this work, namely nitric oxide (NO) and dithiolenes. The Darensbourg group is developing NO-containing metallodithiolate ligands as bidentate S-donors to a transition metal Lewis acid receiver for examination of properties of the redox levels in a diiron trinitrosyl. The team proposes to monitor the electronic and vibrational coupling between two S-bridged iron as affected by redox level of the diiron complex using N-15 isotopic labelling and two-dimensional infrared spectroscopy.  In addition, the effect of redox level on the observed scrambling of the NO ligand between the two irons is expected to inform our understanding of communications between metals in the sulfur-bridged bimetallics. The concerted effect of two different types of delocalization ligands with a nickel-dithiolene as receiver to the metallodithiolates will offer an opportunity to explore inter- and/or intramolecular magnetic quenching and electronic coupling.  Studies of the properties of the new bimetallics  will improve our understanding of multimetallic bioinorganic enzyme active sites.&lt;br/&gt;&lt;br/&gt;This award reflects NSF's statutory mission and has been deemed worthy of support through evaluation using the Foundation's intellectual merit and broader impacts review criteria.</AbstractNarration>
<MinAmdLetterDate>06/25/2021</MinAmdLetterDate>
<MaxAmdLetterDate>06/25/2021</MaxAmdLetterDate>
<ARRAAmount/>
<TRAN_TYPE>Grant</TRAN_TYPE>
<CFDA_NUM>47.049</CFDA_NUM>
<NSF_PAR_USE_FLAG>1</NSF_PAR_USE_FLAG>
<FUND_AGCY_CODE>4900</FUND_AGCY_CODE>
<AWDG_AGCY_CODE>4900</AWDG_AGCY_CODE>
<AwardID>2102159</AwardID>
<Investigator>
<FirstName>Marcetta</FirstName>
<LastName>Darensbourg</LastName>
<PI_MID_INIT>Y</PI_MID_INIT>
<PI_SUFX_NAME/>
<PI_FULL_NAME>Marcetta Y Darensbourg</PI_FULL_NAME>
<EmailAddress>marcetta@mail.chem.tamu.edu</EmailAddress>
<PI_PHON>9798455417</PI_PHON>
<NSF_ID>000342862</NSF_ID>
<StartDate>06/25/2021</StartDate>
<EndDate/>
<RoleCode>Principal Investigator</RoleCode>
</Investigator>
<Institution>
<Name>Texas A&amp;M University</Name>
<CityName>COLLEGE STATION</CityName>
<ZipCode>778454375</ZipCode>
<PhoneNumber>9798626777</PhoneNumber>
<StreetAddress>400 HARVEY MITCHELL PKY S STE 30</StreetAddress>
<StreetAddress2/>
<CountryName>United States</CountryName>
<StateName>Texas</StateName>
<StateCode>TX</StateCode>
<CONGRESSDISTRICT>17</CONGRESSDISTRICT>
<CONGRESS_DISTRICT_ORG>TX17</CONGRESS_DISTRICT_ORG>
<ORG_UEI_NUM>JF6XLNB4CDJ5</ORG_UEI_NUM>
<ORG_LGL_BUS_NAME>TEXAS A &amp; M UNIVERSITY</ORG_LGL_BUS_NAME>
<ORG_PRNT_UEI_NUM>HH6VX5XDL284</ORG_PRNT_UEI_NUM>
</Institution>
<Performance_Institution>
<Name><![CDATA[Texas A&M University]]></Name>
<CityName>College Station</CityName>
<StateCode>TX</StateCode>
<ZipCode>778433255</ZipCode>
<StreetAddress><![CDATA[3255 TAMU]]></StreetAddress>
<CountryCode>US</CountryCode>
<CountryName>United States</CountryName>
<StateName>Texas</StateName>
<CountryFlag>1</CountryFlag>
<CONGRESSDISTRICT>17</CONGRESSDISTRICT>
<CONGRESS_DISTRICT_PERF>TX17</CONGRESS_DISTRICT_PERF>
</Performance_Institution>
<ProgramElement>
<Code>6878</Code>
<Text>Chemical Synthesis</Text>
</ProgramElement>
<ProgramReference>
<Code>8037</Code>
<Text>Advanced Manufacturing</Text>
</ProgramReference>
<Appropriation>
<Code>0121</Code>
<Name>NSF RESEARCH &amp; RELATED ACTIVIT</Name>
<APP_SYMB_ID>040100</APP_SYMB_ID>
</Appropriation>
<Fund>
<Code>01002122DB</Code>
<Name><![CDATA[NSF RESEARCH & RELATED ACTIVIT]]></Name>
<FUND_SYMB_ID>040100</FUND_SYMB_ID>
</Fund>
<FUND_OBLG>2021~500000</FUND_OBLG>
</Award>
</rootTag>
