<?xml version="1.0" encoding="UTF-8"?>
<rootTag>
<Award>
<AwardTitle><![CDATA[Quantum Dynamical Studies of Time-resolved Nonlinear Optical Signals from Spatially Oriented Electronic Energy Transfer Complexes]]></AwardTitle>
<AGENCY>NSF</AGENCY>
<AwardEffectiveDate>06/01/2021</AwardEffectiveDate>
<AwardExpirationDate>05/31/2024</AwardExpirationDate>
<AwardTotalIntnAmount>450000.00</AwardTotalIntnAmount>
<AwardAmount>450000</AwardAmount>
<AwardInstrument>
<Value>Standard Grant</Value>
</AwardInstrument>
<Organization>
<Code>03090000</Code>
<Directorate>
<Abbreviation>MPS</Abbreviation>
<LongName>Direct For Mathematical &amp; Physical Scien</LongName>
</Directorate>
<Division>
<Abbreviation>CHE</Abbreviation>
<LongName>Division Of Chemistry</LongName>
</Division>
</Organization>
<ProgramOfficer>
<SignBlockName>Richard Dawes</SignBlockName>
<PO_EMAI>rdawes@nsf.gov</PO_EMAI>
<PO_PHON>7032927486</PO_PHON>
</ProgramOfficer>
<AbstractNarration><![CDATA[Jeffrey A. Cina of the University of Oregon is supported by an award from the Chemical Theory, Models and Computational Methods program in the Division of Chemistry for the theoretical study of molecular energy-transfer processes of relevance to the natural and artificial harvesting of solar energy.  His research group will develop and implement methods to efficiently simulate quantum mechanical aspects of electronic energy transfer in realistic molecular networks comprising several light-absorbing units and to predict and interpret the results of useful and revealing ultrafast-laser measurements on these important and widely studied systems.  Cina will serve scientific outreach by organizing a seminar-style undergraduate course for non-science majors on the science of climate change.  He will continue to foster improved inclusivity in the scientific community by exercising and modeling welcoming, supportive actions in his research and teaching roles.&lt;br/&gt;&lt;br/&gt;In collaboration with his graduate-student co-workers, Jeffrey Cina will carry out theoretical investigations of a new measurement strategies that will apply existing tools of multi-dimensional electronic spectroscopy (also known as multi-dimensional wave-packet interferometry, or WPI) to spatially oriented ensembles of electronic excitation energy transfer dimers, trimers, or tetramers (or to individual small multimers).  He will predict and interpret ultrafast spectroscopy signals containing direct, isolable information on the time-course of intersite or interexciton electronic coherence—key determinants of the nature and efficiency of excitation transport.  He will carry out simulations of measurable signals of this kind on model systems of increasing degrees of complexity and realism.  In support of this objective, he will develop, test, and apply a new protocol that treats discrete site-excited or excitonic states as a quantum mechanical subsystem while modeling the dynamics of intramolecular, chromophore-medium, and medium nuclear degrees of freedom with compactly parametrized, semiclassical trial wave packets.  In addition, Cina will explore the effects of quantum mechanical "which-path" interference of electronic excitation transport in few-chromophore complexes, and identify spectroscopic signatures of this specific coherence-dependent phenomenon.&lt;br/&gt;&lt;br/&gt;This award reflects NSF's statutory mission and has been deemed worthy of support through evaluation using the Foundation's intellectual merit and broader impacts review criteria.]]></AbstractNarration>
<MinAmdLetterDate>04/28/2021</MinAmdLetterDate>
<MaxAmdLetterDate>04/28/2021</MaxAmdLetterDate>
<ARRAAmount/>
<TRAN_TYPE>Grant</TRAN_TYPE>
<CFDA_NUM>47.049</CFDA_NUM>
<NSF_PAR_USE_FLAG>1</NSF_PAR_USE_FLAG>
<FUND_AGCY_CODE>4900</FUND_AGCY_CODE>
<AWDG_AGCY_CODE>4900</AWDG_AGCY_CODE>
<AwardID>2102013</AwardID>
<Investigator>
<FirstName>Jeffrey</FirstName>
<LastName>Cina</LastName>
<PI_MID_INIT>A</PI_MID_INIT>
<PI_SUFX_NAME/>
<PI_FULL_NAME>Jeffrey A Cina</PI_FULL_NAME>
<EmailAddress><![CDATA[cina@oregon.uoregon.edu]]></EmailAddress>
<NSF_ID>000333018</NSF_ID>
<StartDate>04/28/2021</StartDate>
<EndDate/>
<RoleCode>Principal Investigator</RoleCode>
</Investigator>
<Institution>
<Name>University of Oregon Eugene</Name>
<CityName>EUGENE</CityName>
<ZipCode>974031657</ZipCode>
<PhoneNumber>5413465131</PhoneNumber>
<StreetAddress>1585 E 13TH AVE</StreetAddress>
<StreetAddress2/>
<CountryName>United States</CountryName>
<StateName>Oregon</StateName>
<StateCode>OR</StateCode>
<CONGRESSDISTRICT>04</CONGRESSDISTRICT>
<CONGRESS_DISTRICT_ORG>OR04</CONGRESS_DISTRICT_ORG>
<ORG_UEI_NUM>Z3FGN9MF92U2</ORG_UEI_NUM>
<ORG_LGL_BUS_NAME>UNIVERSITY OF OREGON</ORG_LGL_BUS_NAME>
<ORG_PRNT_UEI_NUM>L17DBQFXJVJ6</ORG_PRNT_UEI_NUM>
</Institution>
<Performance_Institution>
<Name><![CDATA[University of Oregon]]></Name>
<CityName>Eugene</CityName>
<StateCode>OR</StateCode>
<ZipCode>974031274</ZipCode>
<StreetAddress><![CDATA[1274 University of Oregon]]></StreetAddress>
<CountryCode>US</CountryCode>
<CountryName>United States</CountryName>
<StateName>Oregon</StateName>
<CountryFlag>1</CountryFlag>
<CONGRESSDISTRICT>04</CONGRESSDISTRICT>
<CONGRESS_DISTRICT_PERF>OR04</CONGRESS_DISTRICT_PERF>
</Performance_Institution>
<ProgramElement>
<Code>6881</Code>
<Text>Chem Thry, Mdls &amp; Cmptnl Mthds</Text>
</ProgramElement>
<ProgramReference>
<Code>8084</Code>
<Text>CDS&amp;E</Text>
</ProgramReference>
<ProgramReference>
<Code>9216</Code>
<Text>ADVANCED SOFTWARE TECH &amp; ALGOR</Text>
</ProgramReference>
<ProgramReference>
<Code>9263</Code>
<Text>COMPUTATIONAL SCIENCE &amp; ENGING</Text>
</ProgramReference>
<Appropriation>
<Code>0121</Code>
<Name>NSF RESEARCH &amp; RELATED ACTIVIT</Name>
<APP_SYMB_ID>040100</APP_SYMB_ID>
</Appropriation>
<Fund>
<Code>01002122DB</Code>
<Name><![CDATA[NSF RESEARCH & RELATED ACTIVIT]]></Name>
<FUND_SYMB_ID>040100</FUND_SYMB_ID>
</Fund>
<FUND_OBLG>2021~450000</FUND_OBLG>
</Award>
</rootTag>
