<?xml version="1.0" encoding="UTF-8"?>
<rootTag>
<Award>
<AwardTitle>National Credit Union Administration.</AwardTitle>
<AGENCY>NSF</AGENCY>
<AwardEffectiveDate>10/15/2020</AwardEffectiveDate>
<AwardExpirationDate>10/15/2021</AwardExpirationDate>
<AwardTotalIntnAmount>23936.00</AwardTotalIntnAmount>
<AwardAmount>23936</AwardAmount>
<AwardInstrument>
<Value>Contract Interagency Agreement</Value>
</AwardInstrument>
<Organization>
<Code>02060000</Code>
<Directorate>
<Abbreviation>IRM</Abbreviation>
<LongName>Office Of Information &amp; Resource Mgmt</LongName>
</Directorate>
<Division>
<Abbreviation>DAS</Abbreviation>
<LongName>Division Of Administrative Services</LongName>
</Division>
</Organization>
<ProgramOfficer>
<SignBlockName>Antonio Bermudez</SignBlockName>
<PO_EMAI>abermude@nsf.gov</PO_EMAI>
<PO_PHON>7032927844</PO_PHON>
</ProgramOfficer>
<AbstractNarration/>
<MinAmdLetterDate>10/23/2020</MinAmdLetterDate>
<MaxAmdLetterDate>10/23/2020</MaxAmdLetterDate>
<ARRAAmount/>
<TRAN_TYPE>Grant</TRAN_TYPE>
<CFDA_NUM/>
<NSF_PAR_USE_FLAG>1</NSF_PAR_USE_FLAG>
<FUND_AGCY_CODE>4900</FUND_AGCY_CODE>
<AWDG_AGCY_CODE>4900</AWDG_AGCY_CODE>
<AwardID>2102223</AwardID>
<Investigator>
<FirstName>Jerene</FirstName>
<LastName>Shaheed</LastName>
<PI_MID_INIT/>
<PI_SUFX_NAME/>
<PI_FULL_NAME>Jerene Shaheed</PI_FULL_NAME>
<EmailAddress/>
<PI_PHON>7032927562</PI_PHON>
<NSF_ID>000697291</NSF_ID>
<StartDate>10/23/2020</StartDate>
<EndDate/>
<RoleCode>Principal Investigator</RoleCode>
</Investigator>
<Institution>
<Name>National Credit Union Administration</Name>
<CityName>Alexandria</CityName>
<ZipCode>223143428</ZipCode>
<PhoneNumber/>
<StreetAddress>1775 Duke Street</StreetAddress>
<StreetAddress2/>
<CountryName>United States</CountryName>
<StateName>Virginia</StateName>
<StateCode>VA</StateCode>
<CONGRESSDISTRICT>08</CONGRESSDISTRICT>
<CONGRESS_DISTRICT_ORG>VA08</CONGRESS_DISTRICT_ORG>
<ORG_UEI_NUM/>
<ORG_LGL_BUS_NAME/>
<ORG_PRNT_UEI_NUM/>
</Institution>
<Performance_Institution>
<Name/>
<CityName/>
<StateCode/>
<ZipCode/>
<StreetAddress/>
<CountryCode/>
<CountryName>RI REQUIRED</CountryName>
<StateName>RI REQUIRED</StateName>
<CountryFlag>0</CountryFlag>
<CONGRESSDISTRICT/>
<CONGRESS_DISTRICT_PERF>""</CONGRESS_DISTRICT_PERF>
</Performance_Institution>
<ProgramElement>
<Code>0601</Code>
<Text/>
</ProgramElement>
<Appropriation>
<Code>0721</Code>
<Name>NSF Agency Oper &amp; Award Mgmt</Name>
<APP_SYMB_ID>040180</APP_SYMB_ID>
</Appropriation>
<Fund>
<Code>07002121DB</Code>
<Name><![CDATA[NSF Agency Oper & Award Mgmt]]></Name>
<FUND_SYMB_ID>490180</FUND_SYMB_ID>
</Fund>
<FUND_OBLG>2021~23936</FUND_OBLG>
</Award>
</rootTag>
