<?xml version="1.0" encoding="UTF-8"?>
<rootTag>
<Award>
<AwardTitle>Cyclotomic Spectra and p-Divisible Groups</AwardTitle>
<AGENCY>NSF</AGENCY>
<AwardEffectiveDate>08/01/2020</AwardEffectiveDate>
<AwardExpirationDate>07/31/2023</AwardExpirationDate>
<AwardTotalIntnAmount>417261.00</AwardTotalIntnAmount>
<AwardAmount>417261</AwardAmount>
<AwardInstrument>
<Value>Standard Grant</Value>
</AwardInstrument>
<Organization>
<Code>03040000</Code>
<Directorate>
<Abbreviation>MPS</Abbreviation>
<LongName>Direct For Mathematical &amp; Physical Scien</LongName>
</Directorate>
<Division>
<Abbreviation>DMS</Abbreviation>
<LongName>Division Of Mathematical Sciences</LongName>
</Division>
</Organization>
<ProgramOfficer>
<SignBlockName>Christopher Stark</SignBlockName>
<PO_EMAI>cstark@nsf.gov</PO_EMAI>
<PO_PHON>7032924869</PO_PHON>
</ProgramOfficer>
<AbstractNarration>Recent advances in the foundations of category theory and homotopy theory have led to an explosion of work and new insights into disparate fields ranging from algebraic geometry and number theory to the study of field theories in physics. The areas of the major advances are abstract: category theory is a framework for organizing different types of mathematical objects and admissible transformations between these types, while homotopy theory seeks to understand the coarse nature of shapes. The applications on the other hand include new results on the geometry and solutions of polynomial equations, important areas of research with concrete applications inside and outside of mathematics.  The present proposal will harness these advances in the areas of algebraic K-theory, which is a mysterious but powerful tool for counting mathematical objects, and arithmetic geometry, which is about the influence of geometry on the structure of solutions of polynomial equations with rational coordinates. The project provides research training opportunities for graduate students and postdoctoral fellows.&lt;br/&gt;&lt;br/&gt;The project's three main objectives are (1) to directly compare the motivic and syntomic approaches to p-adic etale K-theory by showing that if R is a smooth commutative p-local commutative ring, then the trace map from K-theory to topological cyclic homology respects the motivic and syntomic filtrations after p-completion, (2) to construct a theory of coefficient systems for p-adic cohomology using cyclotomic spectra and to verify the PI's liftability conjecture, which will help to explain the relationship between the window-frame approach to the classification of formal groups and the recent prismatic Dieudonne theory developed by Anschuetz and Le Bras, and (3) to understand the filtration on prismatic cohomology arising from the cyclotomic t-structure. Short master classes will be offered for graduate students and postdoctoral researchers that each focus on a single current issue in algebraic K-theory.&lt;br/&gt;&lt;br/&gt;This award reflects NSF's statutory mission and has been deemed worthy of support through evaluation using the Foundation's intellectual merit and broader impacts review criteria.</AbstractNarration>
<MinAmdLetterDate>10/20/2020</MinAmdLetterDate>
<MaxAmdLetterDate>10/20/2020</MaxAmdLetterDate>
<ARRAAmount/>
<TRAN_TYPE>Grant</TRAN_TYPE>
<CFDA_NUM>47.049</CFDA_NUM>
<NSF_PAR_USE_FLAG>1</NSF_PAR_USE_FLAG>
<FUND_AGCY_CODE>4900</FUND_AGCY_CODE>
<AWDG_AGCY_CODE>4900</AWDG_AGCY_CODE>
<AwardID>2102010</AwardID>
<Investigator>
<FirstName>David</FirstName>
<LastName>Antieau</LastName>
<PI_MID_INIT>B</PI_MID_INIT>
<PI_SUFX_NAME/>
<PI_FULL_NAME>David B Antieau</PI_FULL_NAME>
<EmailAddress>antieau@northwestern.edu</EmailAddress>
<PI_PHON>8474913298</PI_PHON>
<NSF_ID>000543489</NSF_ID>
<StartDate>10/20/2020</StartDate>
<EndDate/>
<RoleCode>Principal Investigator</RoleCode>
</Investigator>
<Institution>
<Name>Northwestern University</Name>
<CityName>EVANSTON</CityName>
<ZipCode>602080001</ZipCode>
<PhoneNumber>3125037955</PhoneNumber>
<StreetAddress>633 CLARK</StreetAddress>
<StreetAddress2/>
<CountryName>United States</CountryName>
<StateName>Illinois</StateName>
<StateCode>IL</StateCode>
<CONGRESSDISTRICT>09</CONGRESSDISTRICT>
<CONGRESS_DISTRICT_ORG>IL09</CONGRESS_DISTRICT_ORG>
<ORG_UEI_NUM>EXZVPWZBLUE8</ORG_UEI_NUM>
<ORG_LGL_BUS_NAME>NORTHWESTERN UNIVERSITY</ORG_LGL_BUS_NAME>
<ORG_PRNT_UEI_NUM>KG76WYENL5K1</ORG_PRNT_UEI_NUM>
</Institution>
<Performance_Institution>
<Name><![CDATA[Northwestern University]]></Name>
<CityName/>
<StateCode>IL</StateCode>
<ZipCode>606114579</ZipCode>
<StreetAddress/>
<CountryCode>US</CountryCode>
<CountryName>United States</CountryName>
<StateName>Illinois</StateName>
<CountryFlag>1</CountryFlag>
<CONGRESSDISTRICT>07</CONGRESSDISTRICT>
<CONGRESS_DISTRICT_PERF>IL07</CONGRESS_DISTRICT_PERF>
</Performance_Institution>
<ProgramElement>
<Code>1267</Code>
<Text>TOPOLOGY</Text>
</ProgramElement>
<Appropriation>
<Code>0120</Code>
<Name>NSF RESEARCH &amp; RELATED ACTIVIT</Name>
<APP_SYMB_ID>040100</APP_SYMB_ID>
</Appropriation>
<Fund>
<Code>01002021DB</Code>
<Name><![CDATA[NSF RESEARCH & RELATED ACTIVIT]]></Name>
<FUND_SYMB_ID>040100</FUND_SYMB_ID>
</Fund>
<FUND_OBLG>2020~417261</FUND_OBLG>
</Award>
</rootTag>
