<?xml version="1.0" encoding="UTF-8"?>
<rootTag>
<Award>
<AwardTitle>CAS: IrO2 Based Mixed Metal Oxides for the Selective Oxidation of Methane</AwardTitle>
<AGENCY>NSF</AGENCY>
<AwardEffectiveDate>04/01/2021</AwardEffectiveDate>
<AwardExpirationDate>03/31/2024</AwardExpirationDate>
<AwardTotalIntnAmount>700000.00</AwardTotalIntnAmount>
<AwardAmount>700000</AwardAmount>
<AwardInstrument>
<Value>Standard Grant</Value>
</AwardInstrument>
<Organization>
<Code>03090000</Code>
<Directorate>
<Abbreviation>MPS</Abbreviation>
<LongName>Direct For Mathematical &amp; Physical Scien</LongName>
</Directorate>
<Division>
<Abbreviation>CHE</Abbreviation>
<LongName>Division Of Chemistry</LongName>
</Division>
</Organization>
<ProgramOfficer>
<SignBlockName>Tong Ren</SignBlockName>
<PO_EMAI>tren@nsf.gov</PO_EMAI>
<PO_PHON>7032928840</PO_PHON>
</ProgramOfficer>
<AbstractNarration>With funding from the Chemical Catalysis program in the Division of Chemistry, Professors Weaver, Hagelin-Weaver and Hibbitts of the University of Florida will study selective methane oxidation using elaborately structured IrO2-based mixed metal oxides. Developing efficient catalytic processes to transform methane, the primary component of shale and natural gas, to more valuable products is a grand challenge for the chemical industry and would have significant economic and environmental benefits. The availability of new and cost-effective methane-to-chemicals processes could incentivize the use of shale and natural gas as a chemical feedstock rather than a combustion fuel, thereby mitigating greenhouse gas emissions and facilitating a transition toward renewable energy. Currently, direct catalytic processes to convert methane to chemicals are scarce and unsuitable for commercial use. The major difficulty is that most catalytic materials must operate at high temperatures to initiate chemical conversions of methane, whereas milder conditions are needed to direct the subsequent chemistry toward desirable products. In this project, the investigators will develop a fundamental understanding of the selective conversions of methane to more valuable chemicals using well-defined oxide catalysts. Designing the catalyst structures with atomic-level precision is necessary for efficiently and selectively converting methane to chemicals. The investigators will provide opportunities for high school and undergraduate students to participate in their research, and focus on recruiting students from underrepresented groups to engage in these activities. These outreach activities seek to promote the science, technology, engineering and math (STEM) disciplines. &lt;br/&gt;&lt;br/&gt;This project seeks to develop a fundamental understanding of how the local structure and composition of IrO2-based mixed metal oxides influence the oxidation chemistry of methane, and may be tailored to promote the selective oxidation of methane to value-added products, such as ethylene, formaldehyde or other organic oxygenates. The key idea is that atomically dispersed IrO2-sites in a less reactive oxide will induce initial methane activation at low temperature and that subsequent conversion to products will be mediated by the second, more chemically selective oxide. This research involves investigations of the structural and chemical properties of IrO2-modified TiO2 and RuO2 prepared as planar crystalline surfaces as well as nanocrystalline powders. Two general structural motifs are being investigated, namely, Ir atoms substituted into the surface lattice of the host oxide and nanoscopic IrO2 islands dispersed on the host oxide surface. These materials will be investigated using a combination of experimental and theoretical methods including ultrahigh vacuum surface science and catalyst characterization, reactor studies and density functional theory and kinetic Monte Carlo modeling. Key aims of the project are to systematically characterize the atomic-level structures of mixed metal-oxide surfaces of varying composition and morphology and determine how the methane oxidation chemistry is influenced by the local Ir-O structures. The project involves stringent comparisons of the results of first-principles modeling with experimental results obtained from planar crystalline surfaces and more complex nanoparticles to develop a robust understanding of the selective oxidation of methane on the mixed metal-oxides.&lt;br/&gt;&lt;br/&gt;This award reflects NSF's statutory mission and has been deemed worthy of support through evaluation using the Foundation's intellectual merit and broader impacts review criteria.</AbstractNarration>
<MinAmdLetterDate>03/03/2021</MinAmdLetterDate>
<MaxAmdLetterDate>05/21/2021</MaxAmdLetterDate>
<ARRAAmount/>
<TRAN_TYPE>Grant</TRAN_TYPE>
<CFDA_NUM>47.049</CFDA_NUM>
<NSF_PAR_USE_FLAG>1</NSF_PAR_USE_FLAG>
<FUND_AGCY_CODE>4900</FUND_AGCY_CODE>
<AWDG_AGCY_CODE>4900</AWDG_AGCY_CODE>
<AwardID>2102211</AwardID>
<Investigator>
<FirstName>Jason</FirstName>
<LastName>Weaver</LastName>
<PI_MID_INIT/>
<PI_SUFX_NAME/>
<PI_FULL_NAME>Jason Weaver</PI_FULL_NAME>
<EmailAddress>weaver@che.ufl.edu</EmailAddress>
<PI_PHON>3523920869</PI_PHON>
<NSF_ID>000265071</NSF_ID>
<StartDate>03/03/2021</StartDate>
<EndDate/>
<RoleCode>Principal Investigator</RoleCode>
</Investigator>
<Investigator>
<FirstName>Helena</FirstName>
<LastName>Hagelin-Weaver</LastName>
<PI_MID_INIT>E</PI_MID_INIT>
<PI_SUFX_NAME/>
<PI_FULL_NAME>Helena E Hagelin-Weaver</PI_FULL_NAME>
<EmailAddress>hweaver@che.ufl.edu</EmailAddress>
<PI_PHON>3523926585</PI_PHON>
<NSF_ID>000491043</NSF_ID>
<StartDate>03/03/2021</StartDate>
<EndDate/>
<RoleCode>Co-Principal Investigator</RoleCode>
</Investigator>
<Investigator>
<FirstName>David</FirstName>
<LastName>Hibbitts</LastName>
<PI_MID_INIT/>
<PI_SUFX_NAME/>
<PI_FULL_NAME>David Hibbitts</PI_FULL_NAME>
<EmailAddress>hibbitts@che.ufl.edu</EmailAddress>
<PI_PHON>3523923516</PI_PHON>
<NSF_ID>000729633</NSF_ID>
<StartDate>03/03/2021</StartDate>
<EndDate/>
<RoleCode>Co-Principal Investigator</RoleCode>
</Investigator>
<Institution>
<Name>University of Florida</Name>
<CityName>GAINESVILLE</CityName>
<ZipCode>326111941</ZipCode>
<PhoneNumber>3523923516</PhoneNumber>
<StreetAddress>1523 UNION RD RM 207</StreetAddress>
<StreetAddress2/>
<CountryName>United States</CountryName>
<StateName>Florida</StateName>
<StateCode>FL</StateCode>
<CONGRESSDISTRICT>03</CONGRESSDISTRICT>
<CONGRESS_DISTRICT_ORG>FL03</CONGRESS_DISTRICT_ORG>
<ORG_UEI_NUM>NNFQH1JAPEP3</ORG_UEI_NUM>
<ORG_LGL_BUS_NAME>UNIVERSITY OF FLORIDA</ORG_LGL_BUS_NAME>
<ORG_PRNT_UEI_NUM>D4GCCCMXR1H3</ORG_PRNT_UEI_NUM>
</Institution>
<Performance_Institution>
<Name><![CDATA[University of Florida]]></Name>
<CityName>Gainesville</CityName>
<StateCode>FL</StateCode>
<ZipCode>326112002</ZipCode>
<StreetAddress><![CDATA[PO Box 116005]]></StreetAddress>
<CountryCode>US</CountryCode>
<CountryName>United States</CountryName>
<StateName>Florida</StateName>
<CountryFlag>1</CountryFlag>
<CONGRESSDISTRICT>03</CONGRESSDISTRICT>
<CONGRESS_DISTRICT_PERF>FL03</CONGRESS_DISTRICT_PERF>
</Performance_Institution>
<ProgramElement>
<Code>6884</Code>
<Text>Chemical Catalysis</Text>
</ProgramElement>
<ProgramReference>
<Code>090Z</Code>
<Text>CAS-Critical Aspects of Sustainability</Text>
</ProgramReference>
<ProgramReference>
<Code>8037</Code>
<Text>Advanced Manufacturing</Text>
</ProgramReference>
<ProgramReference>
<Code>8396</Code>
<Text>Clean Energy Technology</Text>
</ProgramReference>
<ProgramReference>
<Code>8398</Code>
<Text>Hydrocarbon Conversion</Text>
</ProgramReference>
<Appropriation>
<Code>0121</Code>
<Name>NSF RESEARCH &amp; RELATED ACTIVIT</Name>
<APP_SYMB_ID>040100</APP_SYMB_ID>
</Appropriation>
<Fund>
<Code>01002122DB</Code>
<Name><![CDATA[NSF RESEARCH & RELATED ACTIVIT]]></Name>
<FUND_SYMB_ID>040100</FUND_SYMB_ID>
</Fund>
<FUND_OBLG>2021~700000</FUND_OBLG>
</Award>
</rootTag>
