<?xml version="1.0" encoding="UTF-8"?>
<rootTag>
<Award>
<AwardTitle>CSEDI: Searching For Hadean Impacts: Clues From the Sudbury Impact Basin and Machine Learning Approaches</AwardTitle>
<AGENCY>NSF</AGENCY>
<AwardEffectiveDate>08/15/2021</AwardEffectiveDate>
<AwardExpirationDate>07/31/2023</AwardExpirationDate>
<AwardTotalIntnAmount>361878.00</AwardTotalIntnAmount>
<AwardAmount>361878</AwardAmount>
<AwardInstrument>
<Value>Standard Grant</Value>
</AwardInstrument>
<Organization>
<Code>06030000</Code>
<Directorate>
<Abbreviation>GEO</Abbreviation>
<LongName>Directorate For Geosciences</LongName>
</Directorate>
<Division>
<Abbreviation>EAR</Abbreviation>
<LongName>Division Of Earth Sciences</LongName>
</Division>
</Organization>
<ProgramOfficer>
<SignBlockName>Curtis Williams</SignBlockName>
<PO_EMAI>curwilli@nsf.gov</PO_EMAI>
<PO_PHON>7032928202</PO_PHON>
</ProgramOfficer>
<AbstractNarration>This award is funded in whole or in part under the American Rescue Plan Act of 2021 (Public Law 117-2). Mechanisms of crustal formation provide crucial information on the planetary environment. For example, if Earth’s crust formed during the Hadean eon (4.5-4.0 billion years ago) in the same way as the modern Earth, this might indicate that early Earth had plate tectonics. This has significant implications for the early Earth’s environment, given that plate tectonics promote volatile cycling and chemical weathering, which in turn provide key ingredients for life. However, it is also possible that a significant fraction of early Earth’s crust formed by other mechanisms, such as crystallization from magmas that formed by meteorite impacts. This hypothesis does not require early Earth to have had plate tectonics. Information about either mechanism is challenging to obtain because of our extremely limited access to preserved terrestrial materials older than 4 billion years. Most of our direct information about the Hadean crust has been obtained from the extremely resistant mineral called zircons, with ages that approach 4.4 billion years. Zircons contain trace impurities, such as titanium and rare earth elements. Their concentrations can be affected by the formation mechanisms of the magmas from which zircons crystallize, e.g., related to plate tectonics v. meteorite impacts. Here, we will investigate early Earth’s crust formation mechanisms though a multi-pronged approach that includes detailed analysis of trace element chemistry in Hadean zircon. These will then be compared with simulations that predict the trace element chemistry in zircon due to meteorite impact and melting of the early Earth. With these results, we will be able to estimate possible Hadean crust composition and hence its genesis due to impact-related processes. This project will also support students training in modern computational methods, machine learning, and modern methods of mineral analysis. Two of the students will write their senior theses on this project, providing opportunities for the students to participate in this cutting-edge research project. The outcome will be presented at the Rochester Museum and Science Center (RMSC) to enhance local community engagement.&lt;br/&gt;&lt;br/&gt;This will be the first time machine learning methodologies have been explored to characterize the origin of zircons based on their trace element abundances. We will train our machine learning model with more recently formed zircons whose origins are well known, and subsequently apply the model to the Hadean zircons to identify their origins. We propose to conduct the following tasks; (1) we will characterize trace impurities in zircons formed from impact-induced magma by analyzing samples provided by the Smithsonian Institute, (2) We will collect rock samples from the Sudbury impact basin, which formed 1.85 billion years ago and has the largest preserved crust crystallized from impact-induced magma on Earth, and (3) we will conduct impact simulations and melt evolution calculations, which will be compared with whole rock chemistry and zircon trace elements from the Sudbury basin samples. Once chemical, physical and machine learning models are developed, we will apply it to Hadean zircon data to identify whether some of the zircons formed by impact. Finally, based on our model and trace element abundances in Hadean zircons, we will explore the Hadean crust composition and its potential relation to impact-related processes. Our unique and comprehensive approach will provide new insights to understand the poorly constrained environment of the early Earth. By understanding the crust formation process during the Hadean, we can better constrain the early Earth's environments, including crust production rate and volatile cycling. Moreover, with machine learning being a key component of this project, data preservation and archiving will be a top priority. We plan to archive our analyzed sample data in a similar format as the extant GeoRoc database, which will be publicly accessible. We will dedicate one class for this project and student participation will be a key aspect of this proposed work. Through the class activity, the students will learn impact processes, Sudbury geology, and the geochemical techniques involved in rock (x-ray fluorescence) and mineral (laser ablation inductively coupled plasma mass spectrometry) analysis.&lt;br/&gt;&lt;br/&gt;This award reflects NSF's statutory mission and has been deemed worthy of support through evaluation using the Foundation's intellectual merit and broader impacts review criteria.</AbstractNarration>
<MinAmdLetterDate>08/22/2021</MinAmdLetterDate>
<MaxAmdLetterDate>08/22/2021</MaxAmdLetterDate>
<ARRAAmount/>
<TRAN_TYPE>Grant</TRAN_TYPE>
<CFDA_NUM>47.050</CFDA_NUM>
<NSF_PAR_USE_FLAG>1</NSF_PAR_USE_FLAG>
<FUND_AGCY_CODE>4900</FUND_AGCY_CODE>
<AWDG_AGCY_CODE>4900</AWDG_AGCY_CODE>
<AwardID>2102143</AwardID>
<Investigator>
<FirstName>Dustin</FirstName>
<LastName>Trail</LastName>
<PI_MID_INIT/>
<PI_SUFX_NAME/>
<PI_FULL_NAME>Dustin Trail</PI_FULL_NAME>
<EmailAddress>dtrail@ur.rochester.edu</EmailAddress>
<PI_PHON>5852754031</PI_PHON>
<NSF_ID>000670917</NSF_ID>
<StartDate>08/22/2021</StartDate>
<EndDate/>
<RoleCode>Co-Principal Investigator</RoleCode>
</Investigator>
<Investigator>
<FirstName>Miki</FirstName>
<LastName>Nakajima</LastName>
<PI_MID_INIT/>
<PI_SUFX_NAME/>
<PI_FULL_NAME>Miki Nakajima</PI_FULL_NAME>
<EmailAddress>mnakajima@rochester.edu</EmailAddress>
<PI_PHON>5852766617</PI_PHON>
<NSF_ID>000838158</NSF_ID>
<StartDate>08/22/2021</StartDate>
<EndDate/>
<RoleCode>Principal Investigator</RoleCode>
</Investigator>
<Institution>
<Name>University of Rochester</Name>
<CityName>ROCHESTER</CityName>
<ZipCode>146270001</ZipCode>
<PhoneNumber>5852754031</PhoneNumber>
<StreetAddress>500 JOSEPH C WILSON BLVD</StreetAddress>
<StreetAddress2/>
<CountryName>United States</CountryName>
<StateName>New York</StateName>
<StateCode>NY</StateCode>
<CONGRESSDISTRICT>25</CONGRESSDISTRICT>
<CONGRESS_DISTRICT_ORG>NY25</CONGRESS_DISTRICT_ORG>
<ORG_UEI_NUM>F27KDXZMF9Y8</ORG_UEI_NUM>
<ORG_LGL_BUS_NAME>UNIVERSITY OF ROCHESTER</ORG_LGL_BUS_NAME>
<ORG_PRNT_UEI_NUM>F27KDXZMF9Y8</ORG_PRNT_UEI_NUM>
</Institution>
<Performance_Institution>
<Name><![CDATA[University of Rochester]]></Name>
<CityName>Rochester</CityName>
<StateCode>NY</StateCode>
<ZipCode>146270140</ZipCode>
<StreetAddress><![CDATA[518 HYLAN, RC BOX 270140]]></StreetAddress>
<CountryCode>US</CountryCode>
<CountryName>United States</CountryName>
<StateName>New York</StateName>
<CountryFlag>1</CountryFlag>
<CONGRESSDISTRICT>25</CONGRESSDISTRICT>
<CONGRESS_DISTRICT_PERF>NY25</CONGRESS_DISTRICT_PERF>
</Performance_Institution>
<ProgramElement>
<Code>7222</Code>
<Text>XC-Crosscutting Activities Pro</Text>
</ProgramElement>
<ProgramReference>
<Code>102Z</Code>
<Text>COVID-Disproportionate Impcts Inst-Indiv</Text>
</ProgramReference>
<Appropriation>
<Code>1V21</Code>
<Name>R&amp;RA ARP Act DEFC V</Name>
<APP_SYMB_ID>040100</APP_SYMB_ID>
</Appropriation>
<Fund>
<Code>010V2122DB</Code>
<Name><![CDATA[R&RA ARP Act DEFC V]]></Name>
<FUND_SYMB_ID>040100</FUND_SYMB_ID>
</Fund>
<FUND_OBLG>2021~361878</FUND_OBLG>
</Award>
</rootTag>
