<?xml version="1.0" encoding="UTF-8"?>
<rootTag>
<Award>
<AwardTitle><![CDATA[Ladder Oligomers and Polymers: Self-Assemblies and Opto-Electric Properties.]]></AwardTitle>
<AGENCY>NSF</AGENCY>
<AwardEffectiveDate>05/01/2021</AwardEffectiveDate>
<AwardExpirationDate>04/30/2024</AwardExpirationDate>
<AwardTotalIntnAmount>480000.00</AwardTotalIntnAmount>
<AwardAmount>480000</AwardAmount>
<AwardInstrument>
<Value>Standard Grant</Value>
</AwardInstrument>
<Organization>
<Code>03090000</Code>
<Directorate>
<Abbreviation>MPS</Abbreviation>
<LongName>Direct For Mathematical &amp; Physical Scien</LongName>
</Directorate>
<Division>
<Abbreviation>CHE</Abbreviation>
<LongName>Division Of Chemistry</LongName>
</Division>
</Organization>
<ProgramOfficer>
<SignBlockName>Tomislav Pintauer</SignBlockName>
<PO_EMAI>tompinta@nsf.gov</PO_EMAI>
<PO_PHON>7032927168</PO_PHON>
</ProgramOfficer>
<AbstractNarration><![CDATA[With the support of the Macromolecular, Supramolecular and Nanochemistry program in the Division of Chemistry, Professor Luping Yu of the University of Chicago is developing novel luminescent building blocks for the construction of conjugated ladder polymers.  Conjugated polymers are a unique class of non-metallic polymers with semiconducting properties resembling that of the chemical element silicon.  They are extensively used in solar cells, LED screens and other applications that utilize the conversion of electricity to light.  Ladder polymers, on the other hand, are a type of double stranded polymers with the connectivity of a ladder.  They are prepared by interconnecting repeating units along the main polymer chain by four chemical bonds, instead of the two bonds typically seen in conventional plastics.  In this research, structural features of luminescent building blocks will first be optimized using a combination of synthetic and computational techniques.  Ladder polymers will then be constructed, and their physical properties systematically studied using a variety of analytical techniques.  A strong emphasis will be placed on development of materials that can more efficiently interconvert electricity and light.  This work has the potential to lead to expansion of knowledge in organic semiconducting molecules, syntheses and polymers.  Materials prepared in this work are also expected to impact development of more efficient digital displays and optical interconnectors.  Students involved in this work will receive a broad training in synthetic polymer chemistry, photophysical characterization techniques and device fabrications.  The outreach activities will focus on The Neighborhood School Program, which is one of the University of Chicago’s longest-standing community programs.  In this program, students will play roles as tutors, teaching assistants, pre-school specialists, and technology coordinators with 50 sites on Chicago’s south side and with 4,000 local students each year.  Strong emphasis will be placed on activities that encourage and motivate students from underrepresented groups to pursue education and careers in STEM fields.  &lt;br/&gt;&lt;br/&gt;This research will focus on rational development of novel synthetic approaches towards ladder oligomers and polymers, with a strong focus on optimization of charge transfer and light emission.  Monomers will first be synthesized, and their design guided using DFT calculations .  Synthetic chemistry will involve two different approaches.  The first two-step approach will focus on cyclization in which the Heck coupling reaction is used to obtain the ladder structures.  The second single-step approach will consist of “ladderization” to simultaneously form the fused ring structures and will be accomplished by utilizing Friedlander condensation reaction.  Polymerization of these monomers and oligomers will yield conjugated polymers with well-defined structures and optimized properties.  Detailed characterization of the prepared polymers will also be performed using a variety of analytical techniques and will provide the necessary information for the structure-property correlation and shade light into the aggregation state of these luminescent polymers.  The foldable semi-ladder conjugated polymers that will be synthesized as a result of this work can potentially address the big challenge confronted in the OLET (organic light-emitting transistors), by facilitating the fast charge transport while avoiding tight intermolecular H-aggregation that quenches luminescence.&lt;br/&gt;&lt;br/&gt;This award reflects NSF's statutory mission and has been deemed worthy of support through evaluation using the Foundation's intellectual merit and broader impacts review criteria.]]></AbstractNarration>
<MinAmdLetterDate>04/22/2021</MinAmdLetterDate>
<MaxAmdLetterDate>04/22/2021</MaxAmdLetterDate>
<ARRAAmount/>
<TRAN_TYPE>Grant</TRAN_TYPE>
<CFDA_NUM>47.049</CFDA_NUM>
<NSF_PAR_USE_FLAG>1</NSF_PAR_USE_FLAG>
<FUND_AGCY_CODE>4900</FUND_AGCY_CODE>
<AWDG_AGCY_CODE>4900</AWDG_AGCY_CODE>
<AwardID>2102102</AwardID>
<Investigator>
<FirstName>Luping</FirstName>
<LastName>Yu</LastName>
<PI_MID_INIT/>
<PI_SUFX_NAME/>
<PI_FULL_NAME>Luping Yu</PI_FULL_NAME>
<EmailAddress><![CDATA[lupingyu@uchicago.edu]]></EmailAddress>
<NSF_ID>000470009</NSF_ID>
<StartDate>04/22/2021</StartDate>
<EndDate/>
<RoleCode>Principal Investigator</RoleCode>
</Investigator>
<Institution>
<Name>University of Chicago</Name>
<CityName>CHICAGO</CityName>
<ZipCode>606375418</ZipCode>
<PhoneNumber>7737028669</PhoneNumber>
<StreetAddress>5801 S ELLIS AVE</StreetAddress>
<StreetAddress2/>
<CountryName>United States</CountryName>
<StateName>Illinois</StateName>
<StateCode>IL</StateCode>
<CONGRESSDISTRICT>01</CONGRESSDISTRICT>
<CONGRESS_DISTRICT_ORG>IL01</CONGRESS_DISTRICT_ORG>
<ORG_UEI_NUM>ZUE9HKT2CLC9</ORG_UEI_NUM>
<ORG_LGL_BUS_NAME>UNIVERSITY OF CHICAGO</ORG_LGL_BUS_NAME>
<ORG_PRNT_UEI_NUM>ZUE9HKT2CLC9</ORG_PRNT_UEI_NUM>
</Institution>
<Performance_Institution>
<Name><![CDATA[The University of Chicago]]></Name>
<CityName>Chicago</CityName>
<StateCode>IL</StateCode>
<ZipCode>606371478</ZipCode>
<StreetAddress><![CDATA[929 E 57th St]]></StreetAddress>
<CountryCode>US</CountryCode>
<CountryName>United States</CountryName>
<StateName>Illinois</StateName>
<CountryFlag>1</CountryFlag>
<CONGRESSDISTRICT>01</CONGRESSDISTRICT>
<CONGRESS_DISTRICT_PERF>IL01</CONGRESS_DISTRICT_PERF>
</Performance_Institution>
<ProgramElement>
<Code>6885</Code>
<Text>Macromolec/Supramolec/Nano</Text>
</ProgramElement>
<ProgramReference>
<Code>106Z</Code>
<Text>Semiconductors and Microelectronics</Text>
</ProgramReference>
<ProgramReference>
<Code>8084</Code>
<Text>CDS&amp;E</Text>
</ProgramReference>
<ProgramReference>
<Code>8396</Code>
<Text>Clean Energy Technology</Text>
</ProgramReference>
<ProgramReference>
<Code>8399</Code>
<Text>Energy Storage or Transmission</Text>
</ProgramReference>
<ProgramReference>
<Code>8611</Code>
<Text>Energy Efficiency and End Use</Text>
</ProgramReference>
<ProgramReference>
<Code>9263</Code>
<Text>COMPUTATIONAL SCIENCE &amp; ENGING</Text>
</ProgramReference>
<Appropriation>
<Code>0121</Code>
<Name>NSF RESEARCH &amp; RELATED ACTIVIT</Name>
<APP_SYMB_ID>040100</APP_SYMB_ID>
</Appropriation>
<Fund>
<Code>01002122DB</Code>
<Name><![CDATA[NSF RESEARCH & RELATED ACTIVIT]]></Name>
<FUND_SYMB_ID>040100</FUND_SYMB_ID>
</Fund>
<FUND_OBLG>2021~480000</FUND_OBLG>
</Award>
</rootTag>
