<?xml version="1.0" encoding="UTF-8"?>
<rootTag>
<Award>
<AwardTitle>Emergent Opto-Mechanical and Electro-Mechanical Coupled Behavior of Halide Perovskites</AwardTitle>
<AGENCY>NSF</AGENCY>
<AwardEffectiveDate>06/01/2021</AwardEffectiveDate>
<AwardExpirationDate>05/31/2024</AwardExpirationDate>
<AwardTotalIntnAmount>480000.00</AwardTotalIntnAmount>
<AwardAmount>480000</AwardAmount>
<AwardInstrument>
<Value>Standard Grant</Value>
</AwardInstrument>
<Organization>
<Code>03070000</Code>
<Directorate>
<Abbreviation>MPS</Abbreviation>
<LongName>Direct For Mathematical &amp; Physical Scien</LongName>
</Directorate>
<Division>
<Abbreviation>DMR</Abbreviation>
<LongName>Division Of Materials Research</LongName>
</Division>
</Organization>
<ProgramOfficer>
<SignBlockName>James H. Edgar</SignBlockName>
<PO_EMAI>jedgar@nsf.gov</PO_EMAI>
<PO_PHON>7032922053</PO_PHON>
</ProgramOfficer>
<AbstractNarration>Nontechnical Description&lt;br/&gt;So-called ‘halide perovskites’ are a family of materials at the heart of a new type of solar-cell technology. These new solar cells are showing great promise as they are not only highly efficient in converting sunlight into electricity but also potentially very inexpensive to manufacture. However, the mechanical properties of these new solar cell materials are not known, especially under operating conditions of a solar cell: in sunlight, and also when electric current is passing through them. Thus, it is very important to study and understand these properties because they determine the long-term durability of the new solar cells, which are expected to operate efficiently for twenty years or more in the element. To that end, systematic research is conducted, where the following relevant mechanical properties of the new solar cell materials are studied under light and/or electric current: (1) cracking and healing of the cracks; (2) plastic deformation; and (3) time-dependent deformation. These studies are conducted on materials of well-defined chemical compositions, configurations, and morphologies. The results from these studies are analyzed critically to understand the behavior of the new solar cell materials. This is expected to have a broad impact on the ability to make highly durable, low-cost solar cells of the future, and to help this new solar-cell technology then reach its full potential. As part of this effort, underrepresented minority undergraduate researchers from Tugaloo College are trained. This leverages the fifty-year old partnership between Brown University and Tugaloo College -- an Historically Black College or University. The public outreach effort is aimed at enhancing the public's understanding of concepts in science, engineering, and technology. This entails leveraging the well-established science cartoons (SciToons) program at Brown University for creating two new SciToons on: ‘Emerging Solar Cells Technologies’ and ‘Strength of Materials.’&lt;br/&gt;&lt;br/&gt;Technical Description&lt;br/&gt;There are compelling reasons to suggest there are fascinating, rich opto-mechanical and electro-mechanical coupled behavior in halide perovskite materials, yet there is extreme paucity of research in this area. Considering the unprecedented promise of halide perovskites for new types of solar-cell and other devices, it is imperative to have a more in-depth understanding of the mechanical degradation of halide perovskites coupled with optical and/or electrical stimuli that are ubiquitous in devices. To that end, this project comes at a highly opportune time, and it entails four interrelated Tasks, and several Subtasks within. In Task 1, the effect of electric field on the fracture and crack-healing behavior in halide perovskite single-crystals and thin films is studied experimentally and quantified. Task 2 involves the quantitative study of plastic deformation of halide perovskite single-crystals, and the effect of light (photoplasticity). In Task 3, the effect of electric field on the time-dependent creep deformation of halide perovskite bulk polycrystalline pellets is studied. The efficient generation of photocarriers and facile ion migration in soft halide perovskites are expected to mediate crack-healing, plasticity, and creep phenomena, through their interactions with point and line (dislocations) defects in halide perovskites. Finally, in Task 4 the manifestation of photoplasticity effects, as an example, are demonstrated in devices. The considerable research infrastructure needed for the project developed at Brown University is leveraged fully. This research contributes to the scientific foundation for the development of next-generation perovskite solar-cell and other devices that are more efficient, and importantly more durable over the long term. As such, this research is expected to be highly impactful, and useful to researchers and technology developers alike.&lt;br/&gt;&lt;br/&gt;This award reflects NSF's statutory mission and has been deemed worthy of support through evaluation using the Foundation's intellectual merit and broader impacts review criteria.</AbstractNarration>
<MinAmdLetterDate>02/25/2021</MinAmdLetterDate>
<MaxAmdLetterDate>05/21/2021</MaxAmdLetterDate>
<ARRAAmount/>
<TRAN_TYPE>Grant</TRAN_TYPE>
<CFDA_NUM>47.049</CFDA_NUM>
<NSF_PAR_USE_FLAG>1</NSF_PAR_USE_FLAG>
<FUND_AGCY_CODE>4900</FUND_AGCY_CODE>
<AWDG_AGCY_CODE>4900</AWDG_AGCY_CODE>
<AwardID>2102210</AwardID>
<Investigator>
<FirstName>Nitin</FirstName>
<LastName>Padture</LastName>
<PI_MID_INIT>P</PI_MID_INIT>
<PI_SUFX_NAME/>
<PI_FULL_NAME>Nitin P Padture</PI_FULL_NAME>
<EmailAddress>nitin_padture@brown.edu</EmailAddress>
<PI_PHON>4018632859</PI_PHON>
<NSF_ID>000156535</NSF_ID>
<StartDate>02/25/2021</StartDate>
<EndDate/>
<RoleCode>Principal Investigator</RoleCode>
</Investigator>
<Institution>
<Name>Brown University</Name>
<CityName>PROVIDENCE</CityName>
<ZipCode>029129127</ZipCode>
<PhoneNumber>4018632777</PhoneNumber>
<StreetAddress>1 PROSPECT ST</StreetAddress>
<StreetAddress2/>
<CountryName>United States</CountryName>
<StateName>Rhode Island</StateName>
<StateCode>RI</StateCode>
<CONGRESSDISTRICT>01</CONGRESSDISTRICT>
<CONGRESS_DISTRICT_ORG>RI01</CONGRESS_DISTRICT_ORG>
<ORG_UEI_NUM>E3FDXZ6TBHW3</ORG_UEI_NUM>
<ORG_LGL_BUS_NAME>BROWN UNIVERSITY</ORG_LGL_BUS_NAME>
<ORG_PRNT_UEI_NUM>E3FDXZ6TBHW3</ORG_PRNT_UEI_NUM>
</Institution>
<Performance_Institution>
<Name><![CDATA[Brown University]]></Name>
<CityName>Providence</CityName>
<StateCode>RI</StateCode>
<ZipCode>029129037</ZipCode>
<StreetAddress><![CDATA[184 Hope Street]]></StreetAddress>
<CountryCode>US</CountryCode>
<CountryName>United States</CountryName>
<StateName>Rhode Island</StateName>
<CountryFlag>1</CountryFlag>
<CONGRESSDISTRICT>01</CONGRESSDISTRICT>
<CONGRESS_DISTRICT_PERF>RI01</CONGRESS_DISTRICT_PERF>
</Performance_Institution>
<ProgramElement>
<Code>1775</Code>
<Text>ELECTRONIC/PHOTONIC MATERIALS</Text>
</ProgramElement>
<ProgramReference>
<Code>7237</Code>
<Text>NANO NON-SOLIC SCI &amp; ENG AWD</Text>
</ProgramReference>
<ProgramReference>
<Code>8396</Code>
<Text>Clean Energy Technology</Text>
</ProgramReference>
<ProgramReference>
<Code>8607</Code>
<Text>Solar Energy Capture&amp;Conver</Text>
</ProgramReference>
<ProgramReference>
<Code>9150</Code>
<Text>EXP PROG TO STIM COMP RES</Text>
</ProgramReference>
<Appropriation>
<Code>0121</Code>
<Name>NSF RESEARCH &amp; RELATED ACTIVIT</Name>
<APP_SYMB_ID>040100</APP_SYMB_ID>
</Appropriation>
<Fund>
<Code>01002122DB</Code>
<Name><![CDATA[NSF RESEARCH & RELATED ACTIVIT]]></Name>
<FUND_SYMB_ID>040100</FUND_SYMB_ID>
</Fund>
<FUND_OBLG>2021~480000</FUND_OBLG>
</Award>
</rootTag>
