<?xml version="1.0" encoding="UTF-8"?>
<rootTag>
<Award>
<AwardTitle>New Catalytic Transformations for the Synthesis of Alkenes and Organoboron Compounds</AwardTitle>
<AGENCY>NSF</AGENCY>
<AwardEffectiveDate>07/15/2021</AwardEffectiveDate>
<AwardExpirationDate>06/30/2024</AwardExpirationDate>
<AwardTotalIntnAmount>500000.00</AwardTotalIntnAmount>
<AwardAmount>328454</AwardAmount>
<AwardInstrument>
<Value>Continuing Grant</Value>
</AwardInstrument>
<Organization>
<Code>03090000</Code>
<Directorate>
<Abbreviation>MPS</Abbreviation>
<LongName>Direct For Mathematical &amp; Physical Scien</LongName>
</Directorate>
<Division>
<Abbreviation>CHE</Abbreviation>
<LongName>Division Of Chemistry</LongName>
</Division>
</Organization>
<ProgramOfficer>
<SignBlockName>Kenneth Moloy</SignBlockName>
<PO_EMAI>kmoloy@nsf.gov</PO_EMAI>
<PO_PHON>7032928441</PO_PHON>
</ProgramOfficer>
<AbstractNarration>With the support of the Chemical Catalysis Program in the Division of Chemistry, Gojko Lalic of the University of Washington is studying new reactions for the synthesis of organic molecules. The goal of this research is to provide more efficient access to complex molecules used in preparation of fine chemicals and pharmaceuticals. The proposed new reactions use common starting materials and transform them into more valuable compounds, utilizing catalysis by earth-abundant metals, copper and nickel, and with attention to developing efficient catalytic processes. Dr. Lalic and his group have built a number of outreach activities around their research. They have established a strong working relationship with their local community, by reaching out to elementary and high school students to promote awareness of and exposure to science and technology. A wide range of activities, including regular participation in science classes at local high schools, are designed to reach students underrepresented in science and promote careers in science, technology, engineering, and mathematics (STEM) disciplines.&lt;br/&gt;&lt;br/&gt;The proposed research will explore two new classes of organic reactions. The first class will provide a general strategy for regio- and diastereoselective synthesis of trisubstituted alkenes. The approach is based on the use of a simple directing group to control regioselectivity in the hydroalkylation of disubstituted alkynes. The second class of reactions will explore new strategies for the synthesis and the activation of borate complexes. Most previous studies of borate complexes have relied on stoichiometric reactions of organometallic reagents to access the borate complexes. Proposed are new catalytic methods for borate synthesis from simple organoboranes and a variety of unsaturated compounds. The proposed research will also explore transformations in which a metal catalyst both promotes the formation of the borate complex and activates it for a subsequent reaction. In addition to the development of new synthetic methods, the Lalic team seeks to provide new insight into the fundamental reactivity of organometallic complexes.&lt;br/&gt;&lt;br/&gt;This award reflects NSF's statutory mission and has been deemed worthy of support through evaluation using the Foundation's intellectual merit and broader impacts review criteria.</AbstractNarration>
<MinAmdLetterDate>07/09/2021</MinAmdLetterDate>
<MaxAmdLetterDate>07/09/2021</MaxAmdLetterDate>
<ARRAAmount/>
<TRAN_TYPE>Grant</TRAN_TYPE>
<CFDA_NUM>47.049</CFDA_NUM>
<NSF_PAR_USE_FLAG>1</NSF_PAR_USE_FLAG>
<FUND_AGCY_CODE>4900</FUND_AGCY_CODE>
<AWDG_AGCY_CODE>4900</AWDG_AGCY_CODE>
<AwardID>2102231</AwardID>
<Investigator>
<FirstName>Gojko</FirstName>
<LastName>Lalic</LastName>
<PI_MID_INIT/>
<PI_SUFX_NAME/>
<PI_FULL_NAME>Gojko Lalic</PI_FULL_NAME>
<EmailAddress>lalic@chem.washington.edu</EmailAddress>
<PI_PHON>2065434043</PI_PHON>
<NSF_ID>000569533</NSF_ID>
<StartDate>07/09/2021</StartDate>
<EndDate/>
<RoleCode>Principal Investigator</RoleCode>
</Investigator>
<Institution>
<Name>University of Washington</Name>
<CityName>Seattle</CityName>
<ZipCode>981950001</ZipCode>
<PhoneNumber>2065434043</PhoneNumber>
<StreetAddress>4333 Brooklyn Ave NE</StreetAddress>
<StreetAddress2/>
<CountryName>United States</CountryName>
<StateName>Washington</StateName>
<StateCode>WA</StateCode>
<CONGRESSDISTRICT>07</CONGRESSDISTRICT>
<CONGRESS_DISTRICT_ORG>WA07</CONGRESS_DISTRICT_ORG>
<ORG_UEI_NUM>HD1WMN6945W6</ORG_UEI_NUM>
<ORG_LGL_BUS_NAME>UNIVERSITY OF WASHINGTON</ORG_LGL_BUS_NAME>
<ORG_PRNT_UEI_NUM>NFJ3CMQ4B418</ORG_PRNT_UEI_NUM>
</Institution>
<Performance_Institution>
<Name><![CDATA[University of Washington]]></Name>
<CityName>Seattle</CityName>
<StateCode>WA</StateCode>
<ZipCode>981951700</ZipCode>
<StreetAddress><![CDATA[Department of Chemistry]]></StreetAddress>
<CountryCode>US</CountryCode>
<CountryName>United States</CountryName>
<StateName>Washington</StateName>
<CountryFlag>1</CountryFlag>
<CONGRESSDISTRICT>07</CONGRESSDISTRICT>
<CONGRESS_DISTRICT_PERF>WA07</CONGRESS_DISTRICT_PERF>
</Performance_Institution>
<ProgramElement>
<Code>6884</Code>
<Text>Chemical Catalysis</Text>
</ProgramElement>
<ProgramReference>
<Code>8037</Code>
<Text>Advanced Manufacturing</Text>
</ProgramReference>
<Appropriation>
<Code>0121</Code>
<Name>NSF RESEARCH &amp; RELATED ACTIVIT</Name>
<APP_SYMB_ID>040100</APP_SYMB_ID>
</Appropriation>
<Fund>
<Code>01002122DB</Code>
<Name><![CDATA[NSF RESEARCH & RELATED ACTIVIT]]></Name>
<FUND_SYMB_ID>040100</FUND_SYMB_ID>
</Fund>
<FUND_OBLG>2021~328454</FUND_OBLG>
</Award>
</rootTag>
