<?xml version="1.0" encoding="UTF-8"?>
<rootTag>
<Award>
<AwardTitle>Regulation of transcription coupled DNA repair</AwardTitle>
<AGENCY>NSF</AGENCY>
<AwardEffectiveDate>06/01/2021</AwardEffectiveDate>
<AwardExpirationDate>05/31/2024</AwardExpirationDate>
<AwardTotalIntnAmount>685032.00</AwardTotalIntnAmount>
<AwardAmount>685032</AwardAmount>
<AwardInstrument>
<Value>Standard Grant</Value>
</AwardInstrument>
<Organization>
<Code>08070000</Code>
<Directorate>
<Abbreviation>BIO</Abbreviation>
<LongName>Direct For Biological Sciences</LongName>
</Directorate>
<Division>
<Abbreviation>MCB</Abbreviation>
<LongName>Div Of Molecular and Cellular Bioscience</LongName>
</Division>
</Organization>
<ProgramOfficer>
<SignBlockName>Manju Hingorani</SignBlockName>
<PO_EMAI>mhingora@nsf.gov</PO_EMAI>
<PO_PHON>7032927323</PO_PHON>
</ProgramOfficer>
<AbstractNarration>Nucleotide excision repair (NER) is a conserved DNA repair process that removes bulky and/or helix-distorting lesions in damaged DNA. Transcription coupled repair (TCR) and global genomic repair (GGR) are two pathways that constitute NER. TCR is triggered by stalling of RNA polymerase II (RNAPII) at DNA damage sites and is dedicated to rapid removal of lesions in the transcribed strand of actively transcribed genes. TCR in eukaryotic cells is a complicated process and the underlying molecular mechanisms remain largely unresolved. In this project, a variety of approaches, including yeast genetics and proteomics, will be used to address long-standing questions about how TCR is regulated. This research on a fundamental DNA repair pathway will yield new insights into biological processes that maintain genome stability in the face of constant exposure to DNA damage. The project also includes substantive educational components, including training of graduate and undergraduate students as well as STEM outreach to local school students. &lt;br/&gt;&lt;br/&gt;The project has three objectives. The first will address how the RNAPII stalk, consisting of Rpb4 and Rpb7 proteins, regulates TCR. Rpb4 and Rpb7 can either repress or facilitate TCR and directly interact with many as-yet-unidentified proteins. Rpb4 and Rpb7-interacting proteins will be identified and their functions in TCR will be analyzed. The second objective will examine how TCR facilitators, including Rad26, Rpb9, Sen1 and Elf1, interplay with each other, with the TCR repressors Spt4/Spt5, and with RNAPII to regulate transcriptional lesion bypass and TCR. Finally, the third objective will investigate the role of the Pleckstrin homology domain (PHD) of Tfb1, a TFIIH subunit, in TCR and GGR. Together these studies will advance our understanding of the molecular mechanisms of transcription coupled DNA repair.&lt;br/&gt;&lt;br/&gt;This research is funded by the Genetic Mechanisms program in the Division of Molecular and Cellular Biosciences in the Directorate of Biological Sciences.&lt;br/&gt;&lt;br/&gt;This award reflects NSF's statutory mission and has been deemed worthy of support through evaluation using the Foundation's intellectual merit and broader impacts review criteria.</AbstractNarration>
<MinAmdLetterDate>05/12/2021</MinAmdLetterDate>
<MaxAmdLetterDate>05/12/2021</MaxAmdLetterDate>
<ARRAAmount/>
<TRAN_TYPE>Grant</TRAN_TYPE>
<CFDA_NUM>47.074</CFDA_NUM>
<NSF_PAR_USE_FLAG>1</NSF_PAR_USE_FLAG>
<FUND_AGCY_CODE>4900</FUND_AGCY_CODE>
<AWDG_AGCY_CODE>4900</AWDG_AGCY_CODE>
<AwardID>2102072</AwardID>
<Investigator>
<FirstName>Weiguo</FirstName>
<LastName>Tao</LastName>
<PI_MID_INIT>A</PI_MID_INIT>
<PI_SUFX_NAME/>
<PI_FULL_NAME>Weiguo A Tao</PI_FULL_NAME>
<EmailAddress>watao@purdue.edu</EmailAddress>
<PI_PHON>7654949605</PI_PHON>
<NSF_ID>000274899</NSF_ID>
<StartDate>05/12/2021</StartDate>
<EndDate/>
<RoleCode>Co-Principal Investigator</RoleCode>
</Investigator>
<Investigator>
<FirstName>Shisheng</FirstName>
<LastName>Li</LastName>
<PI_MID_INIT/>
<PI_SUFX_NAME/>
<PI_FULL_NAME>Shisheng Li</PI_FULL_NAME>
<EmailAddress>shli@lsu.edu</EmailAddress>
<PI_PHON>2255789102</PI_PHON>
<NSF_ID>000427826</NSF_ID>
<StartDate>05/12/2021</StartDate>
<EndDate/>
<RoleCode>Principal Investigator</RoleCode>
</Investigator>
<Institution>
<Name>Louisiana State University</Name>
<CityName>BATON ROUGE</CityName>
<ZipCode>708030001</ZipCode>
<PhoneNumber>2255782760</PhoneNumber>
<StreetAddress>202 HIMES HALL</StreetAddress>
<StreetAddress2/>
<CountryName>United States</CountryName>
<StateName>Louisiana</StateName>
<StateCode>LA</StateCode>
<CONGRESSDISTRICT>06</CONGRESSDISTRICT>
<CONGRESS_DISTRICT_ORG>LA06</CONGRESS_DISTRICT_ORG>
<ORG_UEI_NUM>ECQEYCHRNKJ4</ORG_UEI_NUM>
<ORG_LGL_BUS_NAME>LOUISIANA STATE UNIVERSITY</ORG_LGL_BUS_NAME>
<ORG_PRNT_UEI_NUM>Z7ZNZH7LJ778</ORG_PRNT_UEI_NUM>
</Institution>
<Performance_Institution>
<Name><![CDATA[Louisiana State University]]></Name>
<CityName>Baton Rouge</CityName>
<StateCode>LA</StateCode>
<ZipCode>708030100</ZipCode>
<StreetAddress><![CDATA[Department of Comparative Biomed]]></StreetAddress>
<CountryCode>US</CountryCode>
<CountryName>United States</CountryName>
<StateName>Louisiana</StateName>
<CountryFlag>1</CountryFlag>
<CONGRESSDISTRICT>06</CONGRESSDISTRICT>
<CONGRESS_DISTRICT_PERF>LA06</CONGRESS_DISTRICT_PERF>
</Performance_Institution>
<ProgramElement>
<Code>1112</Code>
<Text>Genetic Mechanisms</Text>
</ProgramElement>
<ProgramReference>
<Code>7465</Code>
<Text>NANOSCALE BIO CORE</Text>
</ProgramReference>
<ProgramReference>
<Code>9150</Code>
<Text>EXP PROG TO STIM COMP RES</Text>
</ProgramReference>
<Appropriation>
<Code>0121</Code>
<Name>NSF RESEARCH &amp; RELATED ACTIVIT</Name>
<APP_SYMB_ID>040100</APP_SYMB_ID>
</Appropriation>
<Fund>
<Code>01002122DB</Code>
<Name><![CDATA[NSF RESEARCH & RELATED ACTIVIT]]></Name>
<FUND_SYMB_ID>040100</FUND_SYMB_ID>
</Fund>
<FUND_OBLG>2021~685032</FUND_OBLG>
</Award>
</rootTag>
