<?xml version="1.0" encoding="UTF-8"?>
<rootTag>
<Award>
<AwardTitle>Lewis Base Directed Intermolecular Hydrogen Atom Transfer</AwardTitle>
<AGENCY>NSF</AGENCY>
<AwardEffectiveDate>09/01/2021</AwardEffectiveDate>
<AwardExpirationDate>08/31/2024</AwardExpirationDate>
<AwardTotalIntnAmount>500000.00</AwardTotalIntnAmount>
<AwardAmount>500000</AwardAmount>
<AwardInstrument>
<Value>Standard Grant</Value>
</AwardInstrument>
<Organization>
<Code>03090000</Code>
<Directorate>
<Abbreviation>MPS</Abbreviation>
<LongName>Direct For Mathematical &amp; Physical Scien</LongName>
</Directorate>
<Division>
<Abbreviation>CHE</Abbreviation>
<LongName>Division Of Chemistry</LongName>
</Division>
</Organization>
<ProgramOfficer>
<SignBlockName>Laura Anderson</SignBlockName>
<PO_EMAI>laanders@nsf.gov</PO_EMAI>
<PO_PHON>7032922934</PO_PHON>
</ProgramOfficer>
<AbstractNarration>With support from the Chemical Synthesis Program in the Division of Chemistry, Professor Thomas Lectka of Johns Hopkins University is studying new ways to selectively modify one carbon-hydrogen bond in a complex molecule that features many carbon-hydrogen bonds. These types of reactions are important for systematically altering biologically active molecules to study their reactivity without having to build each individual molecule from scratch. Professor Lectka and his research team are determining how loci in a complex molecule interact with a carbon-hydrogen bond-activating agent and using this information to predict and improve the ability to choose a single carbon-hydrogen bond for activation. The carbon-hydrogen bonds in these studies are being converted to carbon-fluorine, carbon-bromine, carbon-oxygen, and carbon-nitrogen bonds, valuable C-H activation transformations in organic synthesis. Professor Lectka is also partnering with the JHU Women in Science and Engineering (WISE) program and the JHU-NSF STEM Achievement in Baltimore Elementary Schools (SABES) program to provide research experiences for local high school students.&lt;br/&gt;&lt;br/&gt;Site-selective C-H functionalization in complex molecular settings is a current grand challenge motivated by the desire to be able to study and modify natural products and pharmaceutical targets without having to individually prepare each analogue from basic building blocks. Professor Lectka and his research group are investigating a new approach to this problem through the development of hydrogen-atom transfer reagents that can specifically coordinate to a substrate and selectively activate a single carbon-hydrogen bond for C-X bond formation. Simultaneously, this team is also exploring the types of functional groups beyond ketones and enones that can influence the selectivity of the hydrogen-atom transfer reagents and determining the effect of substrate coordination to metal additives. These activities are providing a strong training platform for the professional development of graduate students and research experiences for undergraduate students.&lt;br/&gt;&lt;br/&gt;This award reflects NSF's statutory mission and has been deemed worthy of support through evaluation using the Foundation's intellectual merit and broader impacts review criteria.</AbstractNarration>
<MinAmdLetterDate>04/29/2021</MinAmdLetterDate>
<MaxAmdLetterDate>04/29/2021</MaxAmdLetterDate>
<ARRAAmount/>
<TRAN_TYPE>Grant</TRAN_TYPE>
<CFDA_NUM>47.049</CFDA_NUM>
<NSF_PAR_USE_FLAG>1</NSF_PAR_USE_FLAG>
<FUND_AGCY_CODE>4900</FUND_AGCY_CODE>
<AWDG_AGCY_CODE>4900</AWDG_AGCY_CODE>
<AwardID>2102116</AwardID>
<Investigator>
<FirstName>Thomas</FirstName>
<LastName>Lectka</LastName>
<PI_MID_INIT/>
<PI_SUFX_NAME/>
<PI_FULL_NAME>Thomas Lectka</PI_FULL_NAME>
<EmailAddress>lectka@jhu.edu</EmailAddress>
<PI_PHON>4105166448</PI_PHON>
<NSF_ID>000322641</NSF_ID>
<StartDate>04/29/2021</StartDate>
<EndDate/>
<RoleCode>Principal Investigator</RoleCode>
</Investigator>
<Institution>
<Name>Johns Hopkins University</Name>
<CityName>BALTIMORE</CityName>
<ZipCode>212182608</ZipCode>
<PhoneNumber>4439971898</PhoneNumber>
<StreetAddress>3400 N CHARLES ST</StreetAddress>
<StreetAddress2/>
<CountryName>United States</CountryName>
<StateName>Maryland</StateName>
<StateCode>MD</StateCode>
<CONGRESSDISTRICT>07</CONGRESSDISTRICT>
<CONGRESS_DISTRICT_ORG>MD07</CONGRESS_DISTRICT_ORG>
<ORG_UEI_NUM>FTMTDMBR29C7</ORG_UEI_NUM>
<ORG_LGL_BUS_NAME>JOHNS HOPKINS UNIVERSITY, THE</ORG_LGL_BUS_NAME>
<ORG_PRNT_UEI_NUM>FTMTDMBR29C7</ORG_PRNT_UEI_NUM>
</Institution>
<Performance_Institution>
<Name><![CDATA[Johns Hopkins University]]></Name>
<CityName>Baltimore</CityName>
<StateCode>MD</StateCode>
<ZipCode>212182685</ZipCode>
<StreetAddress><![CDATA[3400 N. Charles Street]]></StreetAddress>
<CountryCode>US</CountryCode>
<CountryName>United States</CountryName>
<StateName>Maryland</StateName>
<CountryFlag>1</CountryFlag>
<CONGRESSDISTRICT>07</CONGRESSDISTRICT>
<CONGRESS_DISTRICT_PERF>MD07</CONGRESS_DISTRICT_PERF>
</Performance_Institution>
<ProgramElement>
<Code>6878</Code>
<Text>Chemical Synthesis</Text>
</ProgramElement>
<ProgramReference>
<Code>8037</Code>
<Text>Advanced Manufacturing</Text>
</ProgramReference>
<Appropriation>
<Code>0121</Code>
<Name>NSF RESEARCH &amp; RELATED ACTIVIT</Name>
<APP_SYMB_ID>040100</APP_SYMB_ID>
</Appropriation>
<Fund>
<Code>01002122DB</Code>
<Name><![CDATA[NSF RESEARCH & RELATED ACTIVIT]]></Name>
<FUND_SYMB_ID>040100</FUND_SYMB_ID>
</Fund>
<FUND_OBLG>2021~500000</FUND_OBLG>
</Award>
</rootTag>
