<?xml version="1.0" encoding="UTF-8"?>
<rootTag>
<Award>
<AwardTitle><![CDATA[NCSE Drawdown 2021: Research to Action: Science and  Solutions for a Planet Under Pressure]]></AwardTitle>
<AGENCY>NSF</AGENCY>
<AwardEffectiveDate>12/15/2020</AwardEffectiveDate>
<AwardExpirationDate>11/30/2021</AwardExpirationDate>
<AwardTotalIntnAmount>49957.00</AwardTotalIntnAmount>
<AwardAmount>59947</AwardAmount>
<AwardInstrument>
<Value>Standard Grant</Value>
</AwardInstrument>
<Organization>
<Code>06010000</Code>
<Directorate>
<Abbreviation>GEO</Abbreviation>
<LongName>Directorate For Geosciences</LongName>
</Directorate>
<Division>
<Abbreviation>RISE</Abbreviation>
<LongName>Div of Res, Innovation, Synergies, &amp; Edu</LongName>
</Division>
</Organization>
<ProgramOfficer>
<SignBlockName>Brandon Jones</SignBlockName>
<PO_EMAI>mbjones@nsf.gov</PO_EMAI>
<PO_PHON>7032924713</PO_PHON>
</ProgramOfficer>
<AbstractNarration><![CDATA[The National Council for Science and the Environment (NCSE) Drawdown 2021 Conference on Research to Action: Science and Solutions for a Planet Under Pressure positions itself to have broader impact through framing, design, implementation, and post-conference engagement and collaboration. In particular, the partnership with Project Drawdown ensures weaving together of two networks focused on enhancing science and solutions that otherwise may not have connected. NCSE has deep expertise in both the theory and practice of evidence-use in decision making and knowledge on how to design interactions to promote effective “boundary spanning,” the process that ensures that the knowledge that is produced is actually useful to decision-makers, and accessible at the right time and in the right format. As with other NCSE conferences, this event is designed to optimize strategic dialogue among communities with the goal of generating solution-based outcomes. NCSE is working to design a conference that exemplifies “convergence-in-action,” tapping into the transformational potential of one of NSF’s 10 Big Ideas. Through the partnership with Project Drawdown, emergent research questions will help catalyze the solutions-driven focus in the second half of the conference.&lt;br/&gt;&lt;br/&gt;This proposal requests support for the 2021 NCSE Annual Conference which plans to emphasize a systems-approach to the effects of heat, water, and the COVID-19 pandemic as a threat multiplier -examining both impacts and solutions. NCSE 2021, Research to Action: Science and Solutions for a Planet Under Pressure, will explore the links between the changes in Earth’s physical systems and its social institutions. The primary objectives of the conference are to convene, connect, and engage diverse participants to make connections, build partnerships, and work collaboratively toward solutions. The conference will be held from January 5–9, 2021 in partnership with Project Drawdown and will encourage cross-disciplinary and innovative discussions about the changing conditions and interactions of intensifying heat, water scarcity, and impaired water quality on a host of integrated systems, including food provisioning, food system security, and the global supply chain. The partnership with Project Drawdown enables the NCSE conference to mobilize science to explore: (a) the physical effects of climate change and how these are linked to social institutions; and (b) how implementing climate solutions produces positive co-benefits to society, the economy, and the planet.&lt;br/&gt;&lt;br/&gt;This award reflects NSF's statutory mission and has been deemed worthy of support through evaluation using the Foundation's intellectual merit and broader impacts review criteria.]]></AbstractNarration>
<MinAmdLetterDate>12/07/2020</MinAmdLetterDate>
<MaxAmdLetterDate>03/03/2021</MaxAmdLetterDate>
<ARRAAmount/>
<TRAN_TYPE>Grant</TRAN_TYPE>
<CFDA_NUM>47.050</CFDA_NUM>
<NSF_PAR_USE_FLAG>1</NSF_PAR_USE_FLAG>
<FUND_AGCY_CODE>4900</FUND_AGCY_CODE>
<AWDG_AGCY_CODE>4900</AWDG_AGCY_CODE>
<AwardID>2102193</AwardID>
<Investigator>
<FirstName>Pam</FirstName>
<LastName>Mendelson</LastName>
<PI_MID_INIT>B</PI_MID_INIT>
<PI_SUFX_NAME/>
<PI_FULL_NAME>Pam B Mendelson</PI_FULL_NAME>
<EmailAddress><![CDATA[egoldman@ncseglobal.org]]></EmailAddress>
<NSF_ID>000803905</NSF_ID>
<StartDate>12/07/2020</StartDate>
<EndDate/>
<RoleCode>Principal Investigator</RoleCode>
</Investigator>
<Institution>
<Name>National Council for Science and the Environment/CEDD</Name>
<CityName>WASHINGTON</CityName>
<ZipCode>200063771</ZipCode>
<PhoneNumber>2022700041</PhoneNumber>
<StreetAddress>1776 I ST NW STE 750</StreetAddress>
<StreetAddress2/>
<CountryName>United States</CountryName>
<StateName>District of Columbia</StateName>
<StateCode>DC</StateCode>
<CONGRESSDISTRICT>00</CONGRESSDISTRICT>
<CONGRESS_DISTRICT_ORG>DC00</CONGRESS_DISTRICT_ORG>
<ORG_UEI_NUM>LLNMWDJVJ1Y9</ORG_UEI_NUM>
<ORG_LGL_BUS_NAME>NATIONAL COUNCIL FOR SCIENCE AND THE ENVIRONMENT, THE</ORG_LGL_BUS_NAME>
<ORG_PRNT_UEI_NUM/>
</Institution>
<Performance_Institution>
<Name><![CDATA[National Council for Science and the Environment]]></Name>
<CityName>Washington</CityName>
<StateCode>DC</StateCode>
<ZipCode>200063711</ZipCode>
<StreetAddress><![CDATA[1776 Eye St]]></StreetAddress>
<CountryCode>US</CountryCode>
<CountryName>United States</CountryName>
<StateName>District of Columbia</StateName>
<CountryFlag>1</CountryFlag>
<CONGRESSDISTRICT>00</CONGRESSDISTRICT>
<CONGRESS_DISTRICT_PERF>DC00</CONGRESS_DISTRICT_PERF>
</Performance_Institution>
<ProgramElement>
<Code>7699</Code>
<Text>Integrat &amp; Collab Ed &amp; Rsearch</Text>
</ProgramElement>
<ProgramReference>
<Code>102Z</Code>
<Text>COVID-Disproportionate Impcts Inst-Indiv</Text>
</ProgramReference>
<ProgramReference>
<Code>7556</Code>
<Text>CONFERENCE AND WORKSHOPS</Text>
</ProgramReference>
<Appropriation>
<Code>0121</Code>
<Name>NSF RESEARCH &amp; RELATED ACTIVIT</Name>
<APP_SYMB_ID>040100</APP_SYMB_ID>
</Appropriation>
<Fund>
<Code>01002122DB</Code>
<Name><![CDATA[NSF RESEARCH & RELATED ACTIVIT]]></Name>
<FUND_SYMB_ID>040100</FUND_SYMB_ID>
</Fund>
<FUND_OBLG>2021~59947</FUND_OBLG>
</Award>
</rootTag>
