<?xml version="1.0" encoding="UTF-8"?>
<rootTag>
<Award>
<AwardTitle><![CDATA[Machine Learning Tools for Biofuel Creation and Purification using Ionic Fluids]]></AwardTitle>
<AGENCY>NSF</AGENCY>
<AwardEffectiveDate>06/01/2021</AwardEffectiveDate>
<AwardExpirationDate>05/31/2024</AwardExpirationDate>
<AwardTotalIntnAmount>450000.00</AwardTotalIntnAmount>
<AwardAmount>450000</AwardAmount>
<AwardInstrument>
<Value>Continuing Grant</Value>
</AwardInstrument>
<Organization>
<Code>03090000</Code>
<Directorate>
<Abbreviation>MPS</Abbreviation>
<LongName>Direct For Mathematical &amp; Physical Scien</LongName>
</Directorate>
<Division>
<Abbreviation>CHE</Abbreviation>
<LongName>Division Of Chemistry</LongName>
</Division>
</Organization>
<ProgramOfficer>
<SignBlockName>Richard Dawes</SignBlockName>
<PO_EMAI>rdawes@nsf.gov</PO_EMAI>
<PO_PHON>7032927486</PO_PHON>
</ProgramOfficer>
<AbstractNarration><![CDATA[Orlando Acevedo of the University of Miami is supported by an award from the Chemical Theory, Models and Computational Methods program in the Division of Chemistry to develop artificial intelligence tools that will aid in the design of biomass-derived fuels. Biomass has significant potential as a renewable source of energy. For example, it has been estimated that by 2030, 20% of transportation fuel and 25% of chemicals will be produced from biomass. Despite an annual production of around 170 billion metric tons, no more than 5% of this produced biomass is used for diverse purposes. The potential market for value-added chemicals and high-quality fuel products produced from plant materials is immense.  However, at present it is more cost-effective to drill and refine mineral diesel oil than grow, extract, and purify biodiesel. Environmentally friendly solvents known as ionic liquids (ILs) and deep eutectic solvents (DESs) have the potential to serve as a significant part of the solution in the creation of economically viable biofuels. Dr. Acevedo will develop and apply artificial intelligence-based software (i.e., machine learning) to design new ILs and DESs that efficiently convert biomass-derived building blocks into liquid fuel and extract impurities from diesel and biodiesel fuels. This project will help accelerate the transition from fossil fuels to biomass-derived energy by emphasizing the use of cost-effective and recyclable ionic fluids. The computational tools developed by Dr. Acevedo will be freely available to the scientific community. In addition, multiple community outreach events will highlight the use of artificial intelligence in chemistry through demonstrations at science museums located in Ft. Lauderdale and Miami, Florida, research networking social gatherings, and an illustrated science poem contest for K-12 grades.&lt;br/&gt;&lt;br/&gt;In the first major research thrust, Dr. Acevedo will study the conversion of the highly versatile biomass-derived 5-hydroxymethylfurfural (HMF) compound into (a) 5,5’-di(hydroxymethyl)furoin (DHMF) using N-heterocyclic carbene (NHC) catalysis, and (b) 2,5-bis(hydroxymethyl)furan (BHMF) via a Cannizzaro reaction. Both methods are efficient, mild, and eco-friendly. To predict solvent-derived rate and selectivity enhancements upon these HMF transformations, a new mixed machine learning, quantum mechanics, and molecular mechanics (ML/QM/MM) methodology will be developed here that provides the accuracy of ab initio QM calculations with dramatically increased calculation speeds. In the second major research thrust, Dr. Acevedo will explore the use of ILs and DESs to extract (a) dibenzothiophene and other aromatic sulfur-compounds from diesel, and (b) glycerol from biodiesel, a waste product developed during the transesterification of plant triglyceride oil to biofuel. Both ILs and DESs have properties ideally suited for impurity extraction from transportation fuel: insoluble in oil, non-toxic, and environmentally benign. To study the origin of the favorable intermolecular interactions between these fuel-based impurities and ILs/DESs, our alternative method will train artificial neural networks (ANNs) using representative ab initio molecular dynamics data and couple the newly optimized ANN potentials to Monte Carlo simulations. Machine learning based methodology developed will be broadly applicable to other areas of chemical research and all software/products generated as part of this project will be readily available to the scientific community.&lt;br/&gt;&lt;br/&gt;This award reflects NSF's statutory mission and has been deemed worthy of support through evaluation using the Foundation's intellectual merit and broader impacts review criteria.]]></AbstractNarration>
<MinAmdLetterDate>04/22/2021</MinAmdLetterDate>
<MaxAmdLetterDate>06/27/2022</MaxAmdLetterDate>
<ARRAAmount/>
<TRAN_TYPE>Grant</TRAN_TYPE>
<CFDA_NUM>47.049</CFDA_NUM>
<NSF_PAR_USE_FLAG>1</NSF_PAR_USE_FLAG>
<FUND_AGCY_CODE>4900</FUND_AGCY_CODE>
<AWDG_AGCY_CODE>4900</AWDG_AGCY_CODE>
<AwardID>2102038</AwardID>
<Investigator>
<FirstName>Orlando</FirstName>
<LastName>Acevedo</LastName>
<PI_MID_INIT/>
<PI_SUFX_NAME/>
<PI_FULL_NAME>Orlando Acevedo</PI_FULL_NAME>
<EmailAddress><![CDATA[orlando.acevedo@miami.edu]]></EmailAddress>
<NSF_ID>000507887</NSF_ID>
<StartDate>04/22/2021</StartDate>
<EndDate/>
<RoleCode>Principal Investigator</RoleCode>
</Investigator>
<Institution>
<Name>University of Miami</Name>
<CityName>CORAL GABLES</CityName>
<ZipCode>331462919</ZipCode>
<PhoneNumber>3052843924</PhoneNumber>
<StreetAddress>1320 S DIXIE HWY STE 650</StreetAddress>
<StreetAddress2/>
<CountryName>United States</CountryName>
<StateName>Florida</StateName>
<StateCode>FL</StateCode>
<CONGRESSDISTRICT>27</CONGRESSDISTRICT>
<CONGRESS_DISTRICT_ORG>FL27</CONGRESS_DISTRICT_ORG>
<ORG_UEI_NUM>RQMFJGDTQ5V3</ORG_UEI_NUM>
<ORG_LGL_BUS_NAME>UNIVERSITY OF MIAMI</ORG_LGL_BUS_NAME>
<ORG_PRNT_UEI_NUM>GNKGFFKFWXN7</ORG_PRNT_UEI_NUM>
</Institution>
<Performance_Institution>
<Name><![CDATA[UNIVERSITY OF MIAMI]]></Name>
<CityName>Coral Gables</CityName>
<StateCode>FL</StateCode>
<ZipCode>331462926</ZipCode>
<StreetAddress><![CDATA[1320 S. Dixie Hwy. Suite 650]]></StreetAddress>
<CountryCode>US</CountryCode>
<CountryName>United States</CountryName>
<StateName>Florida</StateName>
<CountryFlag>1</CountryFlag>
<CONGRESSDISTRICT>27</CONGRESSDISTRICT>
<CONGRESS_DISTRICT_PERF>FL27</CONGRESS_DISTRICT_PERF>
</Performance_Institution>
<ProgramElement>
<Code>6881</Code>
<Text>Chem Thry, Mdls &amp; Cmptnl Mthds</Text>
</ProgramElement>
<ProgramReference>
<Code>8084</Code>
<Text>CDS&amp;E</Text>
</ProgramReference>
<ProgramReference>
<Code>8396</Code>
<Text>Clean Energy Technology</Text>
</ProgramReference>
<ProgramReference>
<Code>8398</Code>
<Text>Hydrocarbon Conversion</Text>
</ProgramReference>
<ProgramReference>
<Code>9216</Code>
<Text>ADVANCED SOFTWARE TECH &amp; ALGOR</Text>
</ProgramReference>
<ProgramReference>
<Code>9263</Code>
<Text>COMPUTATIONAL SCIENCE &amp; ENGING</Text>
</ProgramReference>
<Appropriation>
<Code>0121</Code>
<Name>NSF RESEARCH &amp; RELATED ACTIVIT</Name>
<APP_SYMB_ID>040100</APP_SYMB_ID>
</Appropriation>
<Appropriation>
<Code>0122</Code>
<Name>NSF RESEARCH &amp; RELATED ACTIVIT</Name>
<APP_SYMB_ID>040100</APP_SYMB_ID>
</Appropriation>
<Fund>
<Code>01002122DB</Code>
<Name><![CDATA[NSF RESEARCH & RELATED ACTIVIT]]></Name>
<FUND_SYMB_ID>040100</FUND_SYMB_ID>
</Fund>
<Fund>
<Code>01002223DB</Code>
<Name><![CDATA[NSF RESEARCH & RELATED ACTIVIT]]></Name>
<FUND_SYMB_ID>040100</FUND_SYMB_ID>
</Fund>
<FUND_OBLG>2021~150000</FUND_OBLG>
<FUND_OBLG>2022~300000</FUND_OBLG>
</Award>
</rootTag>
