<?xml version="1.0" encoding="UTF-8"?>
<rootTag>
<Award>
<AwardTitle><![CDATA[Understanding How Remote Residues Influence Enzyme Catalysis]]></AwardTitle>
<AGENCY>NSF</AGENCY>
<AwardEffectiveDate>06/01/2021</AwardEffectiveDate>
<AwardExpirationDate>05/31/2024</AwardExpirationDate>
<AwardTotalIntnAmount>600000.00</AwardTotalIntnAmount>
<AwardAmount>600000</AwardAmount>
<AwardInstrument>
<Value>Standard Grant</Value>
</AwardInstrument>
<Organization>
<Code>03090000</Code>
<Directorate>
<Abbreviation>MPS</Abbreviation>
<LongName>Direct For Mathematical &amp; Physical Scien</LongName>
</Directorate>
<Division>
<Abbreviation>CHE</Abbreviation>
<LongName>Division Of Chemistry</LongName>
</Division>
</Organization>
<ProgramOfficer>
<SignBlockName>Christopher Elles</SignBlockName>
<PO_EMAI>celles@nsf.gov</PO_EMAI>
<PO_PHON>7032927911</PO_PHON>
</ProgramOfficer>
<AbstractNarration><![CDATA[With support from the Chemical Structure, Dynamics, and Mechanisms-A (CSDM-A) Program in the Division of Chemistry, Professor Christopher Cheatum and his group are using advanced laser spectroscopy techniques to study how distant parts of a protein affect the chemistry that occurs within the active site. This research advances the fundamental understanding of catalysis and the ways that enzymes make use of networks of protein motions in order to achieve high efficiency and selectivity. Such understanding has the potential to support the development of new catalysts for targeted chemical reactivity, as well as the design and optimization of biocatalysts for applications in bioreactors. In addition, Prof. Cheatum and his group are working to extend the capabilities of the laser spectroscopy technique to make it more widely applicable for solving chemical and biochemical problems of broad scientific interest. The students engaged in this research develop skills in molecular biology, computational chemistry, and laser spectroscopy that are important for applications across science and technology, thus preparing them to make critical impacts in the scientific workforce. Professor Cheatum is also engaged in high-impact outreach activities involving K-12 students, and partners with faculty at a local community college in order to involve their students in his research and to encourage those students to pursue science, technology, engineering, and mathematics (STEM) careers.&lt;br/&gt;&lt;br/&gt;This project addresses fundamental questions about the role of the long-range protein superstructure in enzyme catalyzed reactions: How does the peripheral molecular structure around a catalytic center affect its selectivity and efficiency? How far away from the catalytic center can this influence extend? How can one identify the key residues that modulate the catalyzed reaction dynamics? The central hypothesis of this work is that long-range networks in enzymes dynamically regulate catalysis. Two-dimensional infrared (2D IR) spectroscopy is a powerful tool for probing protein conformational distributions and dynamics, and is the primary tool the team is using to probe the dynamic effects of remote protein residues. The team is working to determine the effects of remote residues on the dynamics of the catalytic center in dihydrofolate reductase, to understand the effects of remote residues involved in the rate-promoting vibration in purine nucleoside phosphorylase, and to identify remote residues that are involved in the active-site structure and reaction dynamics in formate dehydrogenase. Understanding how long-range interactions affect enzyme reactivity has broad impact across many disciplines. Additional broader impacts of the project include the advanced technical training of graduate, undergraduate, and community college students, as well as Prof. Cheatum’s involvement in Skype a Scientist and Data Nuggets programs to share his research with K-12 students.&lt;br/&gt;&lt;br/&gt;This award reflects NSF's statutory mission and has been deemed worthy of support through evaluation using the Foundation's intellectual merit and broader impacts review criteria.]]></AbstractNarration>
<MinAmdLetterDate>04/16/2021</MinAmdLetterDate>
<MaxAmdLetterDate>04/16/2021</MaxAmdLetterDate>
<ARRAAmount/>
<TRAN_TYPE>Grant</TRAN_TYPE>
<CFDA_NUM>47.049</CFDA_NUM>
<NSF_PAR_USE_FLAG>1</NSF_PAR_USE_FLAG>
<FUND_AGCY_CODE>4900</FUND_AGCY_CODE>
<AWDG_AGCY_CODE>4900</AWDG_AGCY_CODE>
<AwardID>2102048</AwardID>
<Investigator>
<FirstName>Christopher</FirstName>
<LastName>Cheatum</LastName>
<PI_MID_INIT/>
<PI_SUFX_NAME/>
<PI_FULL_NAME>Christopher Cheatum</PI_FULL_NAME>
<EmailAddress><![CDATA[christopher-cheatum@uiowa.edu]]></EmailAddress>
<NSF_ID>000407478</NSF_ID>
<StartDate>04/16/2021</StartDate>
<EndDate/>
<RoleCode>Principal Investigator</RoleCode>
</Investigator>
<Institution>
<Name>University of Iowa</Name>
<CityName>IOWA CITY</CityName>
<ZipCode>522421316</ZipCode>
<PhoneNumber>3193352123</PhoneNumber>
<StreetAddress>105 JESSUP HALL</StreetAddress>
<StreetAddress2/>
<CountryName>United States</CountryName>
<StateName>Iowa</StateName>
<StateCode>IA</StateCode>
<CONGRESSDISTRICT>02</CONGRESSDISTRICT>
<CONGRESS_DISTRICT_ORG>IA02</CONGRESS_DISTRICT_ORG>
<ORG_UEI_NUM>Z1H9VJS8NG16</ORG_UEI_NUM>
<ORG_LGL_BUS_NAME>UNIVERSITY OF IOWA, THE</ORG_LGL_BUS_NAME>
<ORG_PRNT_UEI_NUM>Z1H9VJS8NG16</ORG_PRNT_UEI_NUM>
</Institution>
<Performance_Institution>
<Name><![CDATA[University of Iowa]]></Name>
<CityName>Iowa City</CityName>
<StateCode>IA</StateCode>
<ZipCode>522421320</ZipCode>
<StreetAddress><![CDATA[2 Gilmore Hall]]></StreetAddress>
<CountryCode>US</CountryCode>
<CountryName>United States</CountryName>
<StateName>Iowa</StateName>
<CountryFlag>1</CountryFlag>
<CONGRESSDISTRICT>02</CONGRESSDISTRICT>
<CONGRESS_DISTRICT_PERF>IA02</CONGRESS_DISTRICT_PERF>
</Performance_Institution>
<ProgramElement>
<Code>9101</Code>
<Text>Chem Struct,Dynmcs&amp;Mechansms A</Text>
</ProgramElement>
<ProgramReference>
<Code>068Z</Code>
<Text>URoL-Understanding Rules of Life</Text>
</ProgramReference>
<ProgramReference>
<Code>9150</Code>
<Text>EXP PROG TO STIM COMP RES</Text>
</ProgramReference>
<ProgramReference>
<Code>9263</Code>
<Text>COMPUTATIONAL SCIENCE &amp; ENGING</Text>
</ProgramReference>
<Appropriation>
<Code>0121</Code>
<Name>NSF RESEARCH &amp; RELATED ACTIVIT</Name>
<APP_SYMB_ID>040100</APP_SYMB_ID>
</Appropriation>
<Fund>
<Code>01002122DB</Code>
<Name><![CDATA[NSF RESEARCH & RELATED ACTIVIT]]></Name>
<FUND_SYMB_ID>040100</FUND_SYMB_ID>
</Fund>
<FUND_OBLG>2021~600000</FUND_OBLG>
</Award>
</rootTag>
