<?xml version="1.0" encoding="UTF-8"?>
<rootTag>
<Award>
<AwardTitle>Microfeature Fabrication in Brittle Materials Using Rotary Ultrasonic Micro-Machining</AwardTitle>
<AGENCY>NSF</AGENCY>
<AwardEffectiveDate>11/01/2021</AwardEffectiveDate>
<AwardExpirationDate>10/31/2024</AwardExpirationDate>
<AwardTotalIntnAmount>342861.00</AwardTotalIntnAmount>
<AwardAmount>358738</AwardAmount>
<AwardInstrument>
<Value>Standard Grant</Value>
</AwardInstrument>
<Organization>
<Code>07030000</Code>
<Directorate>
<Abbreviation>ENG</Abbreviation>
<LongName>Directorate For Engineering</LongName>
</Directorate>
<Division>
<Abbreviation>CMMI</Abbreviation>
<LongName>Div Of Civil, Mechanical, &amp; Manufact Inn</LongName>
</Division>
</Organization>
<ProgramOfficer>
<SignBlockName>Andrew Wells</SignBlockName>
<PO_EMAI>awells@nsf.gov</PO_EMAI>
<PO_PHON>7032927225</PO_PHON>
</ProgramOfficer>
<AbstractNarration>Microfeature fabrication (including micro-drilling, micro-grooving, and micro-texturing) of brittle materials has been used in a variety of applications, such as the micro-drilling of silicon wafers/panels for use in pressure and flow sensors and solar panels, micro-drilling in dentistry and orthopedic surgeries, micro-machining of high-temperature ceramic fuel nozzles for aerospace engines, and micro-featuring of optical components like lenses and fibers. The brittleness of these materials makes them difficult to be machined using conventional mechanical processes, which can cause chipping and fracture. Thermal and chemical non-traditional machining (NTM) processes have also been applied for micro-machining. However, NTM can cause unwanted material oxidation and heat-affected zones, can have poor machining efficiency and can require chemical use. A high-efficiency, cost-effective, and high-quality micro-fabrication process for brittle materials is needed. This award supports fundamental research in microfeature fabrication in brittle materials using rotary ultrasonic micro-machining (RUµM). Many knowledge gaps on the RUµM process prevent its widespread use today. The research will fill some of the knowledge gaps and could have significant impacts on electronic, medical, aerospace, optical device, and other high-tech industries. Research results can help reducing manufacturing cost and eliminate chemical usage, which would benefit the environment, economy, and society in general.&lt;br/&gt;&lt;br/&gt;The research goal of this project is to generate fundamental understanding of tool and workpiece behavior in rotary ultrasonic micro-machining to enable an effective, efficient, and high-quality microfeature mechanical grinding process for brittle materials. The research objective is to discover the mechanisms of material removal, cutting force generation, and surface formation and quality through the interactions between abrasive and workpiece with the assistance of ultrasonic vibration. The successful completion of this project will specifically generate knowledge on (1) material fracture and removal mechanisms for different tool abrasive geometries under different machining variables, (2) cutting force generation mechanisms through single abrasive particle-workpiece interactions at the microscale with ultrasonic vibration, and (3) surface formation under different ultrasonic vibration conditions and modeling of surfaces which result from the material removal processes. Both undergraduate and graduate students, including those from the underrepresented groups, will be involved in conducting experiments and analyzing results.&lt;br/&gt;&lt;br/&gt;This award reflects NSF's statutory mission and has been deemed worthy of support through evaluation using the Foundation's intellectual merit and broader impacts review criteria.</AbstractNarration>
<MinAmdLetterDate>11/02/2021</MinAmdLetterDate>
<MaxAmdLetterDate>04/06/2022</MaxAmdLetterDate>
<ARRAAmount/>
<TRAN_TYPE>Grant</TRAN_TYPE>
<CFDA_NUM>47.041</CFDA_NUM>
<NSF_PAR_USE_FLAG>1</NSF_PAR_USE_FLAG>
<FUND_AGCY_CODE>4900</FUND_AGCY_CODE>
<AWDG_AGCY_CODE>4900</AWDG_AGCY_CODE>
<AwardID>2102181</AwardID>
<Investigator>
<FirstName>Weilong</FirstName>
<LastName>Cong</LastName>
<PI_MID_INIT/>
<PI_SUFX_NAME/>
<PI_FULL_NAME>Weilong Cong</PI_FULL_NAME>
<EmailAddress>weilong.cong@ttu.edu</EmailAddress>
<PI_PHON>8068346178</PI_PHON>
<NSF_ID>000654679</NSF_ID>
<StartDate>11/02/2021</StartDate>
<EndDate/>
<RoleCode>Principal Investigator</RoleCode>
</Investigator>
<Institution>
<Name>Texas Tech University</Name>
<CityName>LUBBOCK</CityName>
<ZipCode>794090000</ZipCode>
<PhoneNumber>8067423884</PhoneNumber>
<StreetAddress>2500 BROADWAY</StreetAddress>
<StreetAddress2/>
<CountryName>United States</CountryName>
<StateName>Texas</StateName>
<StateCode>TX</StateCode>
<CONGRESSDISTRICT>19</CONGRESSDISTRICT>
<CONGRESS_DISTRICT_ORG>TX19</CONGRESS_DISTRICT_ORG>
<ORG_UEI_NUM>EGLKRQ5JBCZ7</ORG_UEI_NUM>
<ORG_LGL_BUS_NAME>TEXAS TECH UNIVERSITY SYSTEM</ORG_LGL_BUS_NAME>
<ORG_PRNT_UEI_NUM>EGLKRQ5JBCZ7</ORG_PRNT_UEI_NUM>
</Institution>
<Performance_Institution>
<Name><![CDATA[Texas Tech University]]></Name>
<CityName>Lubbock</CityName>
<StateCode>TX</StateCode>
<ZipCode>794093061</ZipCode>
<StreetAddress><![CDATA[905 CANTON AVE IMSE Dept]]></StreetAddress>
<CountryCode>US</CountryCode>
<CountryName>United States</CountryName>
<StateName>Texas</StateName>
<CountryFlag>1</CountryFlag>
<CONGRESSDISTRICT>19</CONGRESSDISTRICT>
<CONGRESS_DISTRICT_PERF>TX19</CONGRESS_DISTRICT_PERF>
</Performance_Institution>
<ProgramElement>
<Code>088Y</Code>
<Text>AM-Advanced Manufacturing</Text>
</ProgramElement>
<ProgramReference>
<Code>035E</Code>
<Text>NOISE, ACOUSTICS, VIBRATIONS</Text>
</ProgramReference>
<ProgramReference>
<Code>080E</Code>
<Text>DEFORMATION PROCESSES</Text>
</ProgramReference>
<ProgramReference>
<Code>116E</Code>
<Text>RESEARCH EXP FOR UNDERGRADS</Text>
</ProgramReference>
<ProgramReference>
<Code>1444</Code>
<Text>SURFACE ENGINEERING</Text>
</ProgramReference>
<ProgramReference>
<Code>8025</Code>
<Text>Advanced Materials Processing</Text>
</ProgramReference>
<ProgramReference>
<Code>9178</Code>
<Text>UNDERGRADUATE EDUCATION</Text>
</ProgramReference>
<ProgramReference>
<Code>9231</Code>
<Text>SUPPL FOR UNDERGRAD RES ASSIST</Text>
</ProgramReference>
<ProgramReference>
<Code>9251</Code>
<Text>REU SUPP-Res Exp for Ugrd Supp</Text>
</ProgramReference>
<FUND_OBLG>2022~358738</FUND_OBLG>
</Award>
</rootTag>
