<?xml version="1.0" encoding="UTF-8"?>
<rootTag>
<Award>
<AwardTitle>Collaborative Research: Digitization TCN: Extending Anthophila research through image and trait digitization (Big-Bee)</AwardTitle>
<AGENCY>NSF</AGENCY>
<AwardEffectiveDate>09/15/2021</AwardEffectiveDate>
<AwardExpirationDate>08/31/2024</AwardExpirationDate>
<AwardTotalIntnAmount>1288241.00</AwardTotalIntnAmount>
<AwardAmount>534942</AwardAmount>
<AwardInstrument>
<Value>Continuing Grant</Value>
</AwardInstrument>
<Organization>
<Code>08080000</Code>
<Directorate>
<Abbreviation>BIO</Abbreviation>
<LongName>Direct For Biological Sciences</LongName>
</Directorate>
<Division>
<Abbreviation>DBI</Abbreviation>
<LongName>Div Of Biological Infrastructure</LongName>
</Division>
</Organization>
<ProgramOfficer>
<SignBlockName>Reed Beaman</SignBlockName>
<PO_EMAI>rsbeaman@nsf.gov</PO_EMAI>
<PO_PHON>7032927163</PO_PHON>
</ProgramOfficer>
<AbstractNarration>Declining populations of bees impact plant-pollinator interactions in both natural and agricultural systems. While bees and other insects pollinate most wild plants, and are critical to sustain a large proportion of global food production, they are decreasing in both numbers and diversity. Our understanding of the factors driving these declines is limited because we lack sufficient data on the distribution of bee species, and on the behavioral and anatomical traits that may make them either vulnerable or resilient to human-induced environmental changes, such as habitat loss and climate change. Fortunately, wild bees have been collected by researchers and deposited in natural history collections for over 100 years, retaining a wealth of associated attributes that can be extracted from specimen images. This project will digitally capture data and images from these historic specimens, develop tools to measure bee traits from these images, and generate a comprehensive bee trait and image dataset to measure changes through time. This will increase our understanding of specific traits that put bee species at risk of decline - a critical need for both sustaining our agricultural economy and the conservation of our natural resources. In addition, the large image datasets created by this project can be used for new artificial intelligence identification tools that will help improve our future pollinator observation and monitoring efforts.&lt;br/&gt;&lt;br/&gt;The Big-Bee Thematic Collection Network (Big-Bee TCN) will create over one million high-resolution 2D and 3D images of bee specimens, representing over 5,000 worldwide bee species, including all of the major pollinating species of the United States. The Big-Bee network includes 13 institutions and partnerships with US government agencies. Novel mechanisms for sharing image datasets will be developed and datasets of bee traits will be available through an open data portal, the Bee Library, for research and education. The Big-Bee project will engage the general public in research through community science via crowdsourcing trait measurements and data transcription from images. In addition, training and professional development for natural history collection staff, researchers, and university students in data science will be provided through the creation and implementation of workshops focusing on bee traits and species identification. All data resulting from this award will be shared with and publicly available through the national digitized biocollections resource, iDigBio.org.&lt;br/&gt;&lt;br/&gt;This award reflects NSF's statutory mission and has been deemed worthy of support through evaluation using the Foundation's intellectual merit and broader impacts review criteria.</AbstractNarration>
<MinAmdLetterDate>08/02/2021</MinAmdLetterDate>
<MaxAmdLetterDate>08/02/2021</MaxAmdLetterDate>
<ARRAAmount/>
<TRAN_TYPE>Grant</TRAN_TYPE>
<CFDA_NUM>47.074</CFDA_NUM>
<NSF_PAR_USE_FLAG>1</NSF_PAR_USE_FLAG>
<FUND_AGCY_CODE>4900</FUND_AGCY_CODE>
<AWDG_AGCY_CODE>4900</AWDG_AGCY_CODE>
<AwardID>2102006</AwardID>
<Investigator>
<FirstName>Brian</FirstName>
<LastName>Brown</LastName>
<PI_MID_INIT>V</PI_MID_INIT>
<PI_SUFX_NAME/>
<PI_FULL_NAME>Brian V Brown</PI_FULL_NAME>
<EmailAddress>bbrown@nhm.org</EmailAddress>
<PI_PHON>2137633363</PI_PHON>
<NSF_ID>000490157</NSF_ID>
<StartDate>08/02/2021</StartDate>
<EndDate/>
<RoleCode>Co-Principal Investigator</RoleCode>
</Investigator>
<Investigator>
<FirstName>Julia</FirstName>
<LastName>Allen</LastName>
<PI_MID_INIT/>
<PI_SUFX_NAME/>
<PI_FULL_NAME>Julia Allen</PI_FULL_NAME>
<EmailAddress>jallen23@unr.edu</EmailAddress>
<PI_PHON>3523597655</PI_PHON>
<NSF_ID>000637879</NSF_ID>
<StartDate>08/02/2021</StartDate>
<EndDate/>
<RoleCode>Co-Principal Investigator</RoleCode>
</Investigator>
<Investigator>
<FirstName>Katja</FirstName>
<LastName>Seltmann</LastName>
<PI_MID_INIT/>
<PI_SUFX_NAME/>
<PI_FULL_NAME>Katja Seltmann</PI_FULL_NAME>
<EmailAddress>seltmann@ccber.ucsb.edu</EmailAddress>
<PI_PHON>8058932401</PI_PHON>
<NSF_ID>000678268</NSF_ID>
<StartDate>08/02/2021</StartDate>
<EndDate/>
<RoleCode>Principal Investigator</RoleCode>
</Investigator>
<Institution>
<Name>University of California-Santa Barbara</Name>
<CityName>SANTA BARBARA</CityName>
<ZipCode>931060001</ZipCode>
<PhoneNumber>8058934188</PhoneNumber>
<StreetAddress>3227 CHEADLE HALL</StreetAddress>
<StreetAddress2/>
<CountryName>United States</CountryName>
<StateName>California</StateName>
<StateCode>CA</StateCode>
<CONGRESSDISTRICT>24</CONGRESSDISTRICT>
<CONGRESS_DISTRICT_ORG>CA24</CONGRESS_DISTRICT_ORG>
<ORG_UEI_NUM>G9QBQDH39DF4</ORG_UEI_NUM>
<ORG_LGL_BUS_NAME>UNIVERSITY OF CALIFORNIA, SANTA BARBARA</ORG_LGL_BUS_NAME>
<ORG_PRNT_UEI_NUM>NUDGYLBB4S99</ORG_PRNT_UEI_NUM>
</Institution>
<Performance_Institution>
<Name><![CDATA[Earth Research Institute]]></Name>
<CityName/>
<StateCode>CA</StateCode>
<ZipCode>931063060</ZipCode>
<StreetAddress/>
<CountryCode>US</CountryCode>
<CountryName>United States</CountryName>
<StateName>California</StateName>
<CountryFlag>1</CountryFlag>
<CONGRESSDISTRICT>24</CONGRESSDISTRICT>
<CONGRESS_DISTRICT_PERF>CA24</CONGRESS_DISTRICT_PERF>
</Performance_Institution>
<ProgramElement>
<Code>6895</Code>
<Text>Digitization</Text>
</ProgramElement>
<ProgramReference>
<Code>6895</Code>
<Text>DIGITIZATION</Text>
</ProgramReference>
<FUND_OBLG>2021~534942</FUND_OBLG>
</Award>
</rootTag>
