<?xml version="1.0" encoding="UTF-8"?>
<rootTag>
<Award>
<AwardTitle><![CDATA[Collaborative Research: Theoretical description of electron-driven chemical processes and related reactions]]></AwardTitle>
<AGENCY>NSF</AGENCY>
<AwardEffectiveDate>08/15/2021</AwardEffectiveDate>
<AwardExpirationDate>07/31/2024</AwardExpirationDate>
<AwardTotalIntnAmount>240000.00</AwardTotalIntnAmount>
<AwardAmount>240000</AwardAmount>
<AwardInstrument>
<Value>Continuing Grant</Value>
</AwardInstrument>
<Organization>
<Code>03090000</Code>
<Directorate>
<Abbreviation>MPS</Abbreviation>
<LongName>Direct For Mathematical &amp; Physical Scien</LongName>
</Directorate>
<Division>
<Abbreviation>CHE</Abbreviation>
<LongName>Division Of Chemistry</LongName>
</Division>
</Organization>
<ProgramOfficer>
<SignBlockName>Richard Dawes</SignBlockName>
<PO_EMAI>rdawes@nsf.gov</PO_EMAI>
<PO_PHON>7032927486</PO_PHON>
</ProgramOfficer>
<AbstractNarration><![CDATA[WIth support from the Chemical Theory, Models and Computational Methods (CTMC) Program in the Division of  Chemistry, Chris Greene of Purdue University and Viatcheslav Kokoouline of the University of Central Florida (UCF) will collaboratively work to solve a class of quantum mechanical problems related to electron collisions with molecules having physical or biochemical relevance.  When a low energy electron strikes a molecule, several possible outcomes can occur, including bond breakage leading to fragmentation into smaller molecules and atoms.  This class of physico-chemical processes has proven to be extremely challenging for current theoretical methods to describe.  To overcome current limitations of theory, Greene and Kokoouline will apply a mathematical and computational set of tools to determine the rate at which such bond-breaking reactions occur.  The need to understand these electron-initiated chemical processes resonates across several disparate fields, including chemical astrophysics, plasma chemistry, and radiation biochemistry.  A deeper understanding of the sequence of events that is triggered when a slow electron impacts DNA (2'-deoxyribonucleic acid) will help to understand how single or double strand breaks occur.  While the principles of quantum mechanics are understood generally, applications of those principles to treat theoretical problems of this complexity and to compute collision outcomes accurately are extremely difficult and the field will benefit from the improvements to be developed by this project. An educational broader impact derives from the training of students, both graduate and undergraduate, as well as postdoctoral scholars, engendering them with the computational and theoretical tools needed to tackle difficult problems in this subfield.&lt;br/&gt;&lt;br/&gt;This collaborative research effort by Drs. Chris Greene and Viatcheslav Kokoouline of Purdue University and UCF, respectively, will concentrate on a select set of target molecular systems, selected to serve as prototypes of these non-perturbative chemical processes in which energy is converted from electronic into dissociative degrees of freedom. The research proposed here aims to improve theoretical capabilities for treating problems in physical chemistry that go beyond the usual paradigm of the field, which is the Born-Oppenheimer approximation. The normal rubric of the field treats any reactive process initially by computing one electronic potential surface, or in some cases a few such surfaces with couplings, as a function of the nuclear coordinates, followed by solution of coupled differential or partial differential equations relating to motion on those surfaces in either time-dependent or time-independent quantum mechanics. While this rubric has yielded many successes in treating reactive chemical and photochemical processes, electron-driven chemical transformations continue to pose severe challenges to existing theory. Therefore the Greene/Kokoouline team will endeavor to advance current theoretical approaches in two largely separate directions. Firstly, the electronic calculation will be developed with explorations of three-dimensional finite-element calculations with effective electron-molecule interaction potentials modeled with correlations approximately included through the introduction of static potentials that incorporate density-functional theory potentials. Secondly, the computational methods will be significantly improved to enable calculations of the bond-breaking that occurs in large molecules, especially those having biological relevance.  In an outreach activity supported by the UCF team, Viatcheslav Kokoouline will also develop a web-based platform and a related methodology to teach quantum mechanics in studio-mode like classes that will then be made available to the community.&lt;br/&gt;&lt;br/&gt;This award reflects NSF's statutory mission and has been deemed worthy of support through evaluation using the Foundation's intellectual merit and broader impacts review criteria.]]></AbstractNarration>
<MinAmdLetterDate>08/11/2021</MinAmdLetterDate>
<MaxAmdLetterDate>06/28/2022</MaxAmdLetterDate>
<ARRAAmount/>
<TRAN_TYPE>Grant</TRAN_TYPE>
<CFDA_NUM>47.049</CFDA_NUM>
<NSF_PAR_USE_FLAG>1</NSF_PAR_USE_FLAG>
<FUND_AGCY_CODE>4900</FUND_AGCY_CODE>
<AWDG_AGCY_CODE>4900</AWDG_AGCY_CODE>
<AwardID>2102187</AwardID>
<Investigator>
<FirstName>Chris</FirstName>
<LastName>Greene</LastName>
<PI_MID_INIT>H</PI_MID_INIT>
<PI_SUFX_NAME/>
<PI_FULL_NAME>Chris H Greene</PI_FULL_NAME>
<EmailAddress><![CDATA[chgreene@purdue.edu]]></EmailAddress>
<NSF_ID>000406059</NSF_ID>
<StartDate>08/11/2021</StartDate>
<EndDate/>
<RoleCode>Principal Investigator</RoleCode>
</Investigator>
<Institution>
<Name>Purdue University</Name>
<CityName>WEST LAFAYETTE</CityName>
<ZipCode>479061332</ZipCode>
<PhoneNumber>7654941055</PhoneNumber>
<StreetAddress>2550 NORTHWESTERN AVE STE 1900</StreetAddress>
<StreetAddress2/>
<CountryName>United States</CountryName>
<StateName>Indiana</StateName>
<StateCode>IN</StateCode>
<CONGRESSDISTRICT>04</CONGRESSDISTRICT>
<CONGRESS_DISTRICT_ORG>IN04</CONGRESS_DISTRICT_ORG>
<ORG_UEI_NUM>YRXVL4JYCEF5</ORG_UEI_NUM>
<ORG_LGL_BUS_NAME>PURDUE UNIVERSITY</ORG_LGL_BUS_NAME>
<ORG_PRNT_UEI_NUM>YRXVL4JYCEF5</ORG_PRNT_UEI_NUM>
</Institution>
<Performance_Institution>
<Name><![CDATA[Purdue University]]></Name>
<CityName>West Lafayette</CityName>
<StateCode>IN</StateCode>
<ZipCode>479072114</ZipCode>
<StreetAddress><![CDATA[Young Hall]]></StreetAddress>
<CountryCode>US</CountryCode>
<CountryName>United States</CountryName>
<StateName>Indiana</StateName>
<CountryFlag>1</CountryFlag>
<CONGRESSDISTRICT>04</CONGRESSDISTRICT>
<CONGRESS_DISTRICT_PERF>IN04</CONGRESS_DISTRICT_PERF>
</Performance_Institution>
<ProgramElement>
<Code>6881</Code>
<Text>Chem Thry, Mdls &amp; Cmptnl Mthds</Text>
</ProgramElement>
<ProgramReference>
<Code>8084</Code>
<Text>CDS&amp;E</Text>
</ProgramReference>
<ProgramReference>
<Code>9216</Code>
<Text>ADVANCED SOFTWARE TECH &amp; ALGOR</Text>
</ProgramReference>
<ProgramReference>
<Code>9263</Code>
<Text>COMPUTATIONAL SCIENCE &amp; ENGING</Text>
</ProgramReference>
<Appropriation>
<Code>0121</Code>
<Name>NSF RESEARCH &amp; RELATED ACTIVIT</Name>
<APP_SYMB_ID>040100</APP_SYMB_ID>
</Appropriation>
<Appropriation>
<Code>0122</Code>
<Name>NSF RESEARCH &amp; RELATED ACTIVIT</Name>
<APP_SYMB_ID>040100</APP_SYMB_ID>
</Appropriation>
<Fund>
<Code>01002122DB</Code>
<Name><![CDATA[NSF RESEARCH & RELATED ACTIVIT]]></Name>
<FUND_SYMB_ID>040100</FUND_SYMB_ID>
</Fund>
<Fund>
<Code>01002223DB</Code>
<Name><![CDATA[NSF RESEARCH & RELATED ACTIVIT]]></Name>
<FUND_SYMB_ID>040100</FUND_SYMB_ID>
</Fund>
<FUND_OBLG>2021~65491</FUND_OBLG>
<FUND_OBLG>2022~174509</FUND_OBLG>
</Award>
</rootTag>
