<?xml version="1.0" encoding="UTF-8"?>
<rootTag>
<Award>
<AwardTitle>RUI: A variational enhanced sampling approach to enzyme kinetics and protein dynamics in condensed phases</AwardTitle>
<AGENCY>NSF</AGENCY>
<AwardEffectiveDate>06/01/2021</AwardEffectiveDate>
<AwardExpirationDate>05/31/2024</AwardExpirationDate>
<AwardTotalIntnAmount>342131.00</AwardTotalIntnAmount>
<AwardAmount>342131</AwardAmount>
<AwardInstrument>
<Value>Standard Grant</Value>
</AwardInstrument>
<Organization>
<Code>03090000</Code>
<Directorate>
<Abbreviation>MPS</Abbreviation>
<LongName>Direct For Mathematical &amp; Physical Scien</LongName>
</Directorate>
<Division>
<Abbreviation>CHE</Abbreviation>
<LongName>Division Of Chemistry</LongName>
</Division>
</Organization>
<ProgramOfficer>
<SignBlockName>Michel Dupuis</SignBlockName>
<PO_EMAI>mdupuis@nsf.gov</PO_EMAI>
<PO_PHON>7032922919</PO_PHON>
</ProgramOfficer>
<AbstractNarration>With this award,  the Chemical Theory, Models, and Computational Methods program in the Division of Chemistry is supporting Dr. James McCarty of Western Washington University to develop molecular simulation algorithms for computing dynamical properties of biomolecules in solution. Computer simulations of biological molecules can spur the design and optimization of engineered proteins and biomimetic nanomaterials. However, obtaining dynamical information at a reasonable computational cost is limited by the time required to overcome kinetic bottlenecks that characterize rare events in biological systems. Dr. McCarty and his research group will leverage a variational formalism, based on the statistical mechanics of rare events, to compute long-time dynamical observables for proteins in solution and biochemical reactions. A goal of this work is to provide a computational framework to bridge the gap between computer simulations and experiments that probe long-time dynamics. The methods developed by Dr. McCarty’s group will be made accessible to experimental and computational research groups and will provide new tools for experimentalists to interpret dynamical measurements. Dr. McCarty’s research will offer increased access and opportunities for undergraduates to engage in computational biochemistry research. An outcome of the planned activities is expected to be the integration of computational advances into the undergraduate biochemistry lab, pairing computer simulation with experimental mutational screening data.&lt;br/&gt;&lt;br/&gt;Enhanced sampling methods in molecular simulations use an external bias potential to more efficiently sample state space. Dr. McCarty will make use of a variational approach to enhanced sampling in which an external bias potential accelerates rare-event transitions along a low-dimensional reaction coordinate. The bias potential is constructed on-the-fly by optimizing a set of variational parameters in an iterative procedure. Through algorithmic advances, benchmarking, and applications of this variational formalism, Dr. McCarty’s work will extend the scope of the variational approach into two key areas important for understanding macromolecular dynamics and enzyme reaction rates. (i) Dr. McCarty will be developing methods to predict the mean-first-passage times of enzymatic reactions from ab initio molecular dynamics (MD) simulations. (ii) Dr. McCarty will be developing an approach to extract time correlation functions from time-series data obtained from biased classical (MD) trajectories that is expected to efficiently compute NMR relaxation rates. In both of these areas, dynamic observables are computed by rescaling the biased simulation time according to the statistical mechanics of rare events. The orders-of-magnitude improvement in efficiency that will likely be afforded by Dr. McCarty’s work has the potential to accelerate the capabilities of quantum mechanics/molecular mechanics (QM/MM) hybrid simulations for drug development and protein engineering, and to ultimately provide a new tool for researchers to interpret dynamical NMR measurements.&lt;br/&gt;&lt;br/&gt;This award reflects NSF's statutory mission and has been deemed worthy of support through evaluation using the Foundation's intellectual merit and broader impacts review criteria.</AbstractNarration>
<MinAmdLetterDate>04/14/2021</MinAmdLetterDate>
<MaxAmdLetterDate>05/21/2021</MaxAmdLetterDate>
<ARRAAmount/>
<TRAN_TYPE>Grant</TRAN_TYPE>
<CFDA_NUM>47.049</CFDA_NUM>
<NSF_PAR_USE_FLAG>1</NSF_PAR_USE_FLAG>
<FUND_AGCY_CODE>4900</FUND_AGCY_CODE>
<AWDG_AGCY_CODE>4900</AWDG_AGCY_CODE>
<AwardID>2102189</AwardID>
<Investigator>
<FirstName>James</FirstName>
<LastName>McCarty</LastName>
<PI_MID_INIT>J</PI_MID_INIT>
<PI_SUFX_NAME/>
<PI_FULL_NAME>James J McCarty</PI_FULL_NAME>
<EmailAddress>mccartj8@wwu.edu</EmailAddress>
<PI_PHON>3606502825</PI_PHON>
<NSF_ID>000836560</NSF_ID>
<StartDate>04/14/2021</StartDate>
<EndDate/>
<RoleCode>Principal Investigator</RoleCode>
</Investigator>
<Institution>
<Name>Western Washington University</Name>
<CityName>BELLINGHAM</CityName>
<ZipCode>982255946</ZipCode>
<PhoneNumber>3606502884</PhoneNumber>
<StreetAddress>516 HIGH ST</StreetAddress>
<StreetAddress2/>
<CountryName>United States</CountryName>
<StateName>Washington</StateName>
<StateCode>WA</StateCode>
<CONGRESSDISTRICT>02</CONGRESSDISTRICT>
<CONGRESS_DISTRICT_ORG>WA02</CONGRESS_DISTRICT_ORG>
<ORG_UEI_NUM>U3ZFA57417D4</ORG_UEI_NUM>
<ORG_LGL_BUS_NAME>WESTERN WASHINGTON UNIVERSITY</ORG_LGL_BUS_NAME>
<ORG_PRNT_UEI_NUM>U3ZFA57417D4</ORG_PRNT_UEI_NUM>
</Institution>
<Performance_Institution>
<Name><![CDATA[Western Washington University]]></Name>
<CityName>Bellingham</CityName>
<StateCode>WA</StateCode>
<ZipCode>982259038</ZipCode>
<StreetAddress><![CDATA[516 High Street]]></StreetAddress>
<CountryCode>US</CountryCode>
<CountryName>United States</CountryName>
<StateName>Washington</StateName>
<CountryFlag>1</CountryFlag>
<CONGRESSDISTRICT>02</CONGRESSDISTRICT>
<CONGRESS_DISTRICT_PERF>WA02</CONGRESS_DISTRICT_PERF>
</Performance_Institution>
<ProgramElement>
<Code>6881</Code>
<Text>Chem Thry, Mdls &amp; Cmptnl Mthds</Text>
</ProgramElement>
<ProgramReference>
<Code>8084</Code>
<Text>CDS&amp;E</Text>
</ProgramReference>
<ProgramReference>
<Code>9216</Code>
<Text>ADVANCED SOFTWARE TECH &amp; ALGOR</Text>
</ProgramReference>
<ProgramReference>
<Code>9263</Code>
<Text>COMPUTATIONAL SCIENCE &amp; ENGING</Text>
</ProgramReference>
<Appropriation>
<Code>0121</Code>
<Name>NSF RESEARCH &amp; RELATED ACTIVIT</Name>
<APP_SYMB_ID>040100</APP_SYMB_ID>
</Appropriation>
<Fund>
<Code>01002122DB</Code>
<Name><![CDATA[NSF RESEARCH & RELATED ACTIVIT]]></Name>
<FUND_SYMB_ID>040100</FUND_SYMB_ID>
</Fund>
<FUND_OBLG>2021~342131</FUND_OBLG>
</Award>
</rootTag>
