<?xml version="1.0" encoding="UTF-8"?>
<rootTag>
<Award>
<AwardTitle>PZT-hydrogel integrated active non-Hermitian complementary acoustic metamaterials with real time modulations through feedback control circuits</AwardTitle>
<AGENCY>NSF</AGENCY>
<AwardEffectiveDate>08/15/2021</AwardEffectiveDate>
<AwardExpirationDate>07/31/2024</AwardExpirationDate>
<AwardTotalIntnAmount>399997.00</AwardTotalIntnAmount>
<AwardAmount>399997</AwardAmount>
<AwardInstrument>
<Value>Standard Grant</Value>
</AwardInstrument>
<Organization>
<Code>07010000</Code>
<Directorate>
<Abbreviation>ENG</Abbreviation>
<LongName>Directorate For Engineering</LongName>
</Directorate>
<Division>
<Abbreviation>ECCS</Abbreviation>
<LongName>Div Of Electrical, Commun &amp; Cyber Sys</LongName>
</Division>
</Organization>
<ProgramOfficer>
<SignBlockName>Jenshan Lin</SignBlockName>
<PO_EMAI>jenlin@nsf.gov</PO_EMAI>
<PO_PHON>7032927360</PO_PHON>
</ProgramOfficer>
<AbstractNarration>This grant will support research that will generate new fundamental knowledge on the dynamic and acoustic properties of a PZT-hydrogel based active complementary acoustic metamaterial. Such acoustic metamaterials will enable high energy transmission at high frequency through sound barriers, including those with strong intrinsic loss like skull for brain imaging and brain-machine interface. Transcranial ultrasound (i.e. ultrasound transmission through skull) has many applications including noninvasive surgeries and drug delivery. However, current transcranial ultrasound techniques are all based on sound waves with relatively low frequency and poor spatial resolution, and the energy transmission through the lossy skull is low even for such low frequency sound waves. Brain imaging and brain-machine interfaces require better spatial resolution, which can be realzied by enabling transmission of high frequency ultrasound through skulls, which is not achievable with existing technologies. Active non-Hermitian complementary acoustic metamaterials (NHCMM) are promising compensation media to complement with the strong transmission loss through skull for high frequency acoustic waves. This project explores the acoustic and material properties of PZT-hydrogel composites integrated with feedback control circuits for the experimental realization of NHCMM that can compensate the high frequency ultrasound transmission loss through a real skull. This experimental realization will set the foundation for high resolution ultrasound brain imaging and brain-machine interface. This research will have broader impacts in science, defense, industry and general society by satisfying the critical need for high performance brain imaging and brain-machine interface. In addition, this research will promote the progress of fundamental acoustics, soft matter physics, and metamaterials. This multi-disciplinary research will broaden the participation of underrepresented groups in science and engineering and positively impact STEM education.&lt;br/&gt;&lt;br/&gt;The objective of this research is to design, fabricate, and experimentally characterize an active NHCMM by integrating PZT elements, hydrogel, and feedback control circuits that can be used to complement sound barriers, including those with strong intrinsic loss such as skull, to achieve optimal energy transmission for brain imaging and brain-machine interface. The NHCMM has effective density and bulk modulus with negative values of that of the barrier to suppress the strong impedance mismatch and material gain that balances the intrinsic loss in the barrier. The NHCMM will be realized by integrating piezoelectric elements and hydrogel with electrical circuit components. The integrated feedback control circuit will actively modulate the effective acoustic properties of the metamaterials to realize the desired parameters of NHCMM and compensate impedance mismatch and loss simultaneously. This fundamental research project will pave the road for the realization of noninvasive ultrasonic brain imaging, high intensity focused ultrasound treatments, brain stimulation, and brain-machine interface. To achieve the proposed objective, the two PIs will utilize their complemented expertise in acoustics, metamaterials, and soft matter to accomplish the following research tasks: 1) Identify the dynamic properties of different types of hydrogels in a wide ultrasonic frequency band; 2) Design and fabricate hydrogel-based active NHCMMs with feedback-circuit-controlled piezoelectric elements to realize any desired effective density and bulk modulus with acoustic gain; 3) Characterize and optimize NHCMMs to enhance acoustic energy transmission through lossy skull for brain imaging and brain-machine interface.&lt;br/&gt;&lt;br/&gt;This award reflects NSF's statutory mission and has been deemed worthy of support through evaluation using the Foundation's intellectual merit and broader impacts review criteria.</AbstractNarration>
<MinAmdLetterDate>08/05/2021</MinAmdLetterDate>
<MaxAmdLetterDate>08/05/2021</MaxAmdLetterDate>
<ARRAAmount/>
<TRAN_TYPE>Grant</TRAN_TYPE>
<CFDA_NUM>47.041</CFDA_NUM>
<NSF_PAR_USE_FLAG>1</NSF_PAR_USE_FLAG>
<FUND_AGCY_CODE>4900</FUND_AGCY_CODE>
<AWDG_AGCY_CODE>4900</AWDG_AGCY_CODE>
<AwardID>2102129</AwardID>
<Investigator>
<FirstName>Yuhang</FirstName>
<LastName>Hu</LastName>
<PI_MID_INIT/>
<PI_SUFX_NAME/>
<PI_FULL_NAME>Yuhang Hu</PI_FULL_NAME>
<EmailAddress>yuhang.hu@me.gatech.edu</EmailAddress>
<PI_PHON>4048942555</PI_PHON>
<NSF_ID>000700072</NSF_ID>
<StartDate>08/05/2021</StartDate>
<EndDate/>
<RoleCode>Co-Principal Investigator</RoleCode>
</Investigator>
<Investigator>
<FirstName>Chengzhi</FirstName>
<LastName>Shi</LastName>
<PI_MID_INIT/>
<PI_SUFX_NAME/>
<PI_FULL_NAME>Chengzhi Shi</PI_FULL_NAME>
<EmailAddress>chengzhi.shi@gatech.edu</EmailAddress>
<PI_PHON>4048942558</PI_PHON>
<NSF_ID>000788582</NSF_ID>
<StartDate>08/05/2021</StartDate>
<EndDate/>
<RoleCode>Principal Investigator</RoleCode>
</Investigator>
<Institution>
<Name>Georgia Tech Research Corporation</Name>
<CityName>ATLANTA</CityName>
<ZipCode>30332</ZipCode>
<PhoneNumber>4048944819</PhoneNumber>
<StreetAddress>926 DALNEY ST NW</StreetAddress>
<StreetAddress2/>
<CountryName>United States</CountryName>
<StateName>Georgia</StateName>
<StateCode>GA</StateCode>
<CONGRESSDISTRICT>05</CONGRESSDISTRICT>
<CONGRESS_DISTRICT_ORG>GA05</CONGRESS_DISTRICT_ORG>
<ORG_UEI_NUM>EMW9FC8J3HN4</ORG_UEI_NUM>
<ORG_LGL_BUS_NAME>GEORGIA TECH RESEARCH CORPORATION</ORG_LGL_BUS_NAME>
<ORG_PRNT_UEI_NUM>EMW9FC8J3HN4</ORG_PRNT_UEI_NUM>
</Institution>
<Performance_Institution>
<Name><![CDATA[Georgia Institute of Technology]]></Name>
<CityName>Atlanta</CityName>
<StateCode>GA</StateCode>
<ZipCode>303320420</ZipCode>
<StreetAddress><![CDATA[225 North Avenue NW]]></StreetAddress>
<CountryCode>US</CountryCode>
<CountryName>United States</CountryName>
<StateName>Georgia</StateName>
<CountryFlag>1</CountryFlag>
<CONGRESSDISTRICT>05</CONGRESSDISTRICT>
<CONGRESS_DISTRICT_PERF>GA05</CONGRESS_DISTRICT_PERF>
</Performance_Institution>
<ProgramElement>
<Code>7564</Code>
<Text>CCSS-Comms Circuits &amp; Sens Sys</Text>
</ProgramElement>
<ProgramReference>
<Code>092E</Code>
<Text>Control systems &amp; applications</Text>
</ProgramReference>
<ProgramReference>
<Code>1248</Code>
<Text>PHYSICS-OTHER</Text>
</ProgramReference>
<ProgramReference>
<Code>4720</Code>
<Text>SIGNAL PROCESSING SYS PROGRAM</Text>
</ProgramReference>
<Appropriation>
<Code>0121</Code>
<Name>NSF RESEARCH &amp; RELATED ACTIVIT</Name>
<APP_SYMB_ID>040100</APP_SYMB_ID>
</Appropriation>
<Fund>
<Code>01002122DB</Code>
<Name><![CDATA[NSF RESEARCH & RELATED ACTIVIT]]></Name>
<FUND_SYMB_ID>040100</FUND_SYMB_ID>
</Fund>
<FUND_OBLG>2021~399997</FUND_OBLG>
</Award>
</rootTag>
