<?xml version="1.0" encoding="UTF-8"?>
<rootTag>
<Award>
<AwardTitle>Achiral and Chiral Nanographene Synthesis Using an Alkyne Linchpin Strategy</AwardTitle>
<AGENCY>NSF</AGENCY>
<AwardEffectiveDate>09/01/2021</AwardEffectiveDate>
<AwardExpirationDate>08/31/2024</AwardExpirationDate>
<AwardTotalIntnAmount>483134.00</AwardTotalIntnAmount>
<AwardAmount>483134</AwardAmount>
<AwardInstrument>
<Value>Standard Grant</Value>
</AwardInstrument>
<Organization>
<Code>03090000</Code>
<Directorate>
<Abbreviation>MPS</Abbreviation>
<LongName>Direct For Mathematical &amp; Physical Scien</LongName>
</Directorate>
<Division>
<Abbreviation>CHE</Abbreviation>
<LongName>Division Of Chemistry</LongName>
</Division>
</Organization>
<ProgramOfficer>
<SignBlockName>Laura Anderson</SignBlockName>
<PO_EMAI>laanders@nsf.gov</PO_EMAI>
<PO_PHON>7032922934</PO_PHON>
</ProgramOfficer>
<AbstractNarration>With the support of the Chemical Synthesis Program in the Division of Chemistry, Wesley Chalifoux of the University of Nevada, Reno is studying ways to make nanographenes from small, precise, molecular building blocks. Nanographenes are flat sheets of carbon atoms that mimic small sections of graphene. The optoelectronic properties of nanographenes make them attractive materials in applications such as organic light-emitting diodes (OLEDs), organic field-effect transistors (OFETs), and organic solar cells. The Chalifoux research group’s efforts to develop new ways to make these molecules are supporting the design of next-generation devices. Dr. Chalifoux and his team of students are converting modifiable chemical building blocks to nanographenes under mild conditions and monitoring how specific changes in the building blocks tune the characteristics of the nanographenes, including their three-dimensional shape and optical properties. These activities are also supporting the engagement of high school students in chemical research to encourage their engagement in science and to support their progression towards successful science, technology, engineering, and mathematics (STEM) careers.&lt;br/&gt;&lt;br/&gt;Wesley Chalifoux and his research team are advancing the use of alkyne benzannulation as a mild and versatile strategy for preparing nanographenes with tunable optical properties. The use of high-energy alkyne-containing precursors allows for the use of mild benzannulation conditions that support expanded functional group tolerance and provide access to a variety of nanographene structures that cannot be achieved using other methods. The Chalifoux group will apply this strategy to the synthesis of highly contorted and chiral nanographene molecular scaffolds that exhibit circularly polarized light characteristics and can be envisioned in variety of chiroptic applications such as liquid crystal displays, chiral sensing, holographic displays, three-dimensional displays, and other information technologies. The development of new C-H functionalization strategies will also be explored in combination with benzannulation to provide new and potentially facile routes to larger nanographenes that exhibit significant red shifts in the absorption and emission spectra. These activities are synergistically providing training in organic synthesis and advanced analytical techniques for a diverse cohort of graduate, undergraduate, and high school students.&lt;br/&gt;&lt;br/&gt;This award reflects NSF's statutory mission and has been deemed worthy of support through evaluation using the Foundation's intellectual merit and broader impacts review criteria.</AbstractNarration>
<MinAmdLetterDate>04/26/2021</MinAmdLetterDate>
<MaxAmdLetterDate>04/26/2021</MaxAmdLetterDate>
<ARRAAmount/>
<TRAN_TYPE>Grant</TRAN_TYPE>
<CFDA_NUM>47.049</CFDA_NUM>
<NSF_PAR_USE_FLAG>1</NSF_PAR_USE_FLAG>
<FUND_AGCY_CODE>4900</FUND_AGCY_CODE>
<AWDG_AGCY_CODE>4900</AWDG_AGCY_CODE>
<AwardID>2102107</AwardID>
<Investigator>
<FirstName>Wesley</FirstName>
<LastName>Chalifoux</LastName>
<PI_MID_INIT>A</PI_MID_INIT>
<PI_SUFX_NAME/>
<PI_FULL_NAME>Wesley A Chalifoux</PI_FULL_NAME>
<EmailAddress>wchalifoux@unr.edu</EmailAddress>
<PI_PHON>7757846661</PI_PHON>
<NSF_ID>000668408</NSF_ID>
<StartDate>04/26/2021</StartDate>
<EndDate/>
<RoleCode>Principal Investigator</RoleCode>
</Investigator>
<Institution>
<Name>Board of Regents, NSHE, obo University of Nevada, Reno</Name>
<CityName>RENO</CityName>
<ZipCode>895570001</ZipCode>
<PhoneNumber>7757844040</PhoneNumber>
<StreetAddress>1664 N VIRGINIA ST</StreetAddress>
<StreetAddress2/>
<CountryName>United States</CountryName>
<StateName>Nevada</StateName>
<StateCode>NV</StateCode>
<CONGRESSDISTRICT>02</CONGRESSDISTRICT>
<CONGRESS_DISTRICT_ORG>NV02</CONGRESS_DISTRICT_ORG>
<ORG_UEI_NUM>WLDGTNCFFJZ3</ORG_UEI_NUM>
<ORG_LGL_BUS_NAME>NEVADA SYSTEM OF HIGHER EDUCATION</ORG_LGL_BUS_NAME>
<ORG_PRNT_UEI_NUM>E2N7LVJCNCW8</ORG_PRNT_UEI_NUM>
</Institution>
<Performance_Institution>
<Name><![CDATA[Board of Regents, NSHE, obo University of Nevada, Reno]]></Name>
<CityName/>
<StateCode>NV</StateCode>
<ZipCode>895570001</ZipCode>
<StreetAddress/>
<CountryCode>US</CountryCode>
<CountryName>United States</CountryName>
<StateName>Nevada</StateName>
<CountryFlag>1</CountryFlag>
<CONGRESSDISTRICT>02</CONGRESSDISTRICT>
<CONGRESS_DISTRICT_PERF>NV02</CONGRESS_DISTRICT_PERF>
</Performance_Institution>
<ProgramElement>
<Code>6878</Code>
<Text>Chemical Synthesis</Text>
</ProgramElement>
<ProgramReference>
<Code>7237</Code>
<Text>NANO NON-SOLIC SCI &amp; ENG AWD</Text>
</ProgramReference>
<ProgramReference>
<Code>8037</Code>
<Text>Advanced Manufacturing</Text>
</ProgramReference>
<Appropriation>
<Code>0121</Code>
<Name>NSF RESEARCH &amp; RELATED ACTIVIT</Name>
<APP_SYMB_ID>040100</APP_SYMB_ID>
</Appropriation>
<Fund>
<Code>01002122DB</Code>
<Name><![CDATA[NSF RESEARCH & RELATED ACTIVIT]]></Name>
<FUND_SYMB_ID>040100</FUND_SYMB_ID>
</Fund>
<FUND_OBLG>2021~483134</FUND_OBLG>
</Award>
</rootTag>
