<?xml version="1.0" encoding="UTF-8"?>
<rootTag>
<Award>
<AwardTitle><![CDATA[Heterobimetallic Group 9 Complexes for C-F Bond Activation]]></AwardTitle>
<AGENCY>NSF</AGENCY>
<AwardEffectiveDate>06/01/2021</AwardEffectiveDate>
<AwardExpirationDate>05/31/2024</AwardExpirationDate>
<AwardTotalIntnAmount>499999.00</AwardTotalIntnAmount>
<AwardAmount>499999</AwardAmount>
<AwardInstrument>
<Value>Standard Grant</Value>
</AwardInstrument>
<Organization>
<Code>03090000</Code>
<Directorate>
<Abbreviation>MPS</Abbreviation>
<LongName>Direct For Mathematical &amp; Physical Scien</LongName>
</Directorate>
<Division>
<Abbreviation>CHE</Abbreviation>
<LongName>Division Of Chemistry</LongName>
</Division>
</Organization>
<ProgramOfficer>
<SignBlockName>John Gilje</SignBlockName>
<PO_EMAI>jwgilje@nsf.gov</PO_EMAI>
<PO_PHON>7032928840</PO_PHON>
</ProgramOfficer>
<AbstractNarration><![CDATA[With this award, the Chemical Synthesis Program of the Division of Chemistry is supporting Professor Connie Lu of the University of Minnesota–Twin Cities, Department of Chemistry, to study organofluorine compounds; that is, chemical compounds that feature a carbon fluorine (C-F) bond.  Organofluorine compounds are used as medicinal agents, insecticides, refrigerants, fire-fighting foam and stain-protective coatings for furniture and carpet. The C−F bond is especially strong and resistant to cleavage. As a consequence, organofluorines can persist and accumulate in the environment and physiologically. This project seeks ways to chemically degrade organofluorines by breaking the relatively unreactive C-F bonds and replacing all the F atoms with H atoms. The methods are to utilize rhodium and iridium catalysts to insert into the C-F bond, with molecular hydrogen serving as the reductant and H source. The project contains a strong educational component in which undergraduate and graduate students are trained for future careers in science and technology. For outreach, Dr. Lu will partner with science teachers at Antwatin Middle School with a majority of underrepresented students (50% African American, 26% Hispanic) to develop hands-on experiments related to energy and sustainability.&lt;br/&gt;&lt;br/&gt;Heterobimetallic Group 9 (Rh or Ir) complexes where the transition-metal has a formally zero or subvalent oxidation state and is braced are being investigated as reagents and catalysts for heat- or light-activated hydrodefluorination reactions.  The metal centers in these Rh/Ir complexes are braced by sigma acceptor metalloligands and provide for electron rich character and engender enhanced nucleophilicity upon these metal centers thereby promoting C-F bond activation. The specific objectives of this project are to: (1) to synthesize and characterize heterobimetallic group 9 complexes bearing formal M(0) and M(-1) centers; (2) to  investigate stoichiometric heat- and light-driven C-F bond activation facilitated by the heterobimetallic complexes; and, ultimately, and (3) to develop catalytic reactions that feature C-F bond activation as a key step. If successful, an important long term broader scientific impact of this research will reside in the development of fundamentally new chemistry to address the societal need to degrade pervasive perfluoroalkyl compounds.&lt;br/&gt;&lt;br/&gt;This award reflects NSF's statutory mission and has been deemed worthy of support through evaluation using the Foundation's intellectual merit and broader impacts review criteria.]]></AbstractNarration>
<MinAmdLetterDate>04/19/2021</MinAmdLetterDate>
<MaxAmdLetterDate>02/08/2022</MaxAmdLetterDate>
<ARRAAmount/>
<TRAN_TYPE>Grant</TRAN_TYPE>
<CFDA_NUM>47.049</CFDA_NUM>
<NSF_PAR_USE_FLAG>1</NSF_PAR_USE_FLAG>
<FUND_AGCY_CODE>4900</FUND_AGCY_CODE>
<AWDG_AGCY_CODE>4900</AWDG_AGCY_CODE>
<AwardID>2102095</AwardID>
<Investigator>
<FirstName>David</FirstName>
<LastName>Blank</LastName>
<PI_MID_INIT/>
<PI_SUFX_NAME/>
<PI_FULL_NAME>David Blank</PI_FULL_NAME>
<EmailAddress><![CDATA[blank@umn.edu]]></EmailAddress>
<NSF_ID>000364352</NSF_ID>
<StartDate>02/08/2022</StartDate>
<EndDate/>
<RoleCode>Principal Investigator</RoleCode>
</Investigator>
<Investigator>
<FirstName>Connie</FirstName>
<LastName>Lu</LastName>
<PI_MID_INIT>C</PI_MID_INIT>
<PI_SUFX_NAME/>
<PI_FULL_NAME>Connie C Lu</PI_FULL_NAME>
<EmailAddress><![CDATA[clu@umn.edu]]></EmailAddress>
<NSF_ID>000596649</NSF_ID>
<StartDate>02/08/2022</StartDate>
<EndDate/>
<RoleCode>Co-Principal Investigator</RoleCode>
</Investigator>
<Investigator>
<FirstName>Connie</FirstName>
<LastName>Lu</LastName>
<PI_MID_INIT>C</PI_MID_INIT>
<PI_SUFX_NAME/>
<PI_FULL_NAME>Connie C Lu</PI_FULL_NAME>
<EmailAddress><![CDATA[clu@umn.edu]]></EmailAddress>
<NSF_ID>000596649</NSF_ID>
<StartDate>04/19/2021</StartDate>
<EndDate>02/08/2022</EndDate>
<RoleCode>Former Principal Investigator</RoleCode>
</Investigator>
<Institution>
<Name>University of Minnesota-Twin Cities</Name>
<CityName>MINNEAPOLIS</CityName>
<ZipCode>554552009</ZipCode>
<PhoneNumber>6126245599</PhoneNumber>
<StreetAddress>200 OAK ST SE # 224</StreetAddress>
<StreetAddress2/>
<CountryName>United States</CountryName>
<StateName>Minnesota</StateName>
<StateCode>MN</StateCode>
<CONGRESSDISTRICT>05</CONGRESSDISTRICT>
<CONGRESS_DISTRICT_ORG>MN05</CONGRESS_DISTRICT_ORG>
<ORG_UEI_NUM>KABJZBBJ4B54</ORG_UEI_NUM>
<ORG_LGL_BUS_NAME>REGENTS OF THE UNIVERSITY OF MINNESOTA</ORG_LGL_BUS_NAME>
<ORG_PRNT_UEI_NUM>CB47L9C9MDX1</ORG_PRNT_UEI_NUM>
</Institution>
<Performance_Institution>
<Name><![CDATA[University of Minnesota-Twin Cities]]></Name>
<CityName>Minneapolis</CityName>
<StateCode>MN</StateCode>
<ZipCode>554550431</ZipCode>
<StreetAddress><![CDATA[207 Pleasant St SE]]></StreetAddress>
<CountryCode>US</CountryCode>
<CountryName>United States</CountryName>
<StateName>Minnesota</StateName>
<CountryFlag>1</CountryFlag>
<CONGRESSDISTRICT>05</CONGRESSDISTRICT>
<CONGRESS_DISTRICT_PERF>MN05</CONGRESS_DISTRICT_PERF>
</Performance_Institution>
<ProgramElement>
<Code>6878</Code>
<Text>Chemical Synthesis</Text>
</ProgramElement>
<ProgramReference>
<Code>8037</Code>
<Text>Advanced Manufacturing</Text>
</ProgramReference>
<Appropriation>
<Code>0121</Code>
<Name>NSF RESEARCH &amp; RELATED ACTIVIT</Name>
<APP_SYMB_ID>040100</APP_SYMB_ID>
</Appropriation>
<Fund>
<Code>01002122DB</Code>
<Name><![CDATA[NSF RESEARCH & RELATED ACTIVIT]]></Name>
<FUND_SYMB_ID>040100</FUND_SYMB_ID>
</Fund>
<FUND_OBLG>2021~499999</FUND_OBLG>
</Award>
</rootTag>
