<?xml version="1.0" encoding="UTF-8"?>
<rootTag>
<Award>
<AwardTitle><![CDATA[The Development of Spin-Adiabatic Approaches for Studying Spin-Crossing Reactions]]></AwardTitle>
<AGENCY>NSF</AGENCY>
<AwardEffectiveDate>09/01/2021</AwardEffectiveDate>
<AwardExpirationDate>08/31/2024</AwardExpirationDate>
<AwardTotalIntnAmount>444855.00</AwardTotalIntnAmount>
<AwardAmount>444855</AwardAmount>
<AwardInstrument>
<Value>Standard Grant</Value>
</AwardInstrument>
<Organization>
<Code>03090000</Code>
<Directorate>
<Abbreviation>MPS</Abbreviation>
<LongName>Direct For Mathematical &amp; Physical Scien</LongName>
</Directorate>
<Division>
<Abbreviation>CHE</Abbreviation>
<LongName>Division Of Chemistry</LongName>
</Division>
</Organization>
<ProgramOfficer>
<SignBlockName>Michel Dupuis</SignBlockName>
<PO_EMAI>mdupuis@nsf.gov</PO_EMAI>
<PO_PHON>7032922919</PO_PHON>
</ProgramOfficer>
<AbstractNarration><![CDATA[WIth support from the Chemical Theory, Models and Computational Methods (CTMC) program in the Division of Chemistry and the Established Program to Stimulate Competitive Research (EPSCoR), Yihan Shao and Zhibo Yang of the University of Oklahoma will develop spin-adiabatic approaches for studying spin-crossing reactions.  Spin-crossing reactions are central to a wide range of chemical, biochemical, and photochemical processes such as gas-phase ion-molecule reactions, transition metal complex catalysis, oxygen activation, natural and artificial water splitting, and chemiluminescence/bioluminescence.   However, it remains extremely challenging to model spin-crossing reactions due to several reasons: complex nature of such type of reactions; difficulties of simultaneously exploring multiple spin-diabatic potential energy surfaces; lack of sufficient methodology/software support for efficiently identifying spin-crossing reaction energy pathway (and reaction free energy pathway) and for accurately predicting their reaction rates.  To overcome this challenge, the Shao and Yang groups will develop an accurate, efficient, and open-source computational protocol for studying spin-crossing reactions directly on the lowest-energy spin-adiabatic potential energy surface.  Software developed under this program will be released in a free and open-source manner. Under this award, the team also host a qm-mm.org website and hold monthly webinars to provide young researchers an opportunity to learn from the latest applications of computational chemistry tools.&lt;br/&gt; &lt;br/&gt;Dr. Shao, Dr. Yang and their research teams at the University of Oklahoma are developing methods to construct and explore spin-adiabatic surfaces, so that one can transition automatically and smoothly from a high-spin state to a lower-spin one (or vice versa) during a transition state search or molecular dynamics simulation.  This research is projected to proceed with the following objectives: (a) implementation of multiple spin-orbit coupling and spin- crossing probability schemes; (b) formulation of analytical energy gradients; (c) incorporation of environment effects through hybrid quantum mechanical molecular mechanical models; (d) combination with pathway optimization methods in free energy calculations; (e) improvement to the energy and free energy results with active-space or coupled-cluster quantum chemistry calculations on selected configurations; and (f) assessment of the contribution from higher-energy spin-diabatic excited states. The team will apply these new computational methods to several spin-crossing ion-molecule reactions studied with mass spectrometry experiments.  They will also investigate oxygenation reactions in chemiluminescence and bioluminescence to gain mechanistic insights.&lt;br/&gt;&lt;br/&gt;This award reflects NSF's statutory mission and has been deemed worthy of support through evaluation using the Foundation's intellectual merit and broader impacts review criteria.]]></AbstractNarration>
<MinAmdLetterDate>08/26/2021</MinAmdLetterDate>
<MaxAmdLetterDate>08/26/2021</MaxAmdLetterDate>
<ARRAAmount/>
<TRAN_TYPE>Grant</TRAN_TYPE>
<CFDA_NUM>47.049</CFDA_NUM>
<NSF_PAR_USE_FLAG>1</NSF_PAR_USE_FLAG>
<FUND_AGCY_CODE>4900</FUND_AGCY_CODE>
<AWDG_AGCY_CODE>4900</AWDG_AGCY_CODE>
<AwardID>2102071</AwardID>
<Investigator>
<FirstName>Yihan</FirstName>
<LastName>Shao</LastName>
<PI_MID_INIT/>
<PI_SUFX_NAME/>
<PI_FULL_NAME>Yihan Shao</PI_FULL_NAME>
<EmailAddress><![CDATA[yihan.shao@ou.edu]]></EmailAddress>
<NSF_ID>000737941</NSF_ID>
<StartDate>08/26/2021</StartDate>
<EndDate/>
<RoleCode>Principal Investigator</RoleCode>
</Investigator>
<Investigator>
<FirstName>Zhibo</FirstName>
<LastName>Yang</LastName>
<PI_MID_INIT/>
<PI_SUFX_NAME/>
<PI_FULL_NAME>Zhibo Yang</PI_FULL_NAME>
<EmailAddress><![CDATA[zhibo.yang@ou.edu]]></EmailAddress>
<NSF_ID>000659154</NSF_ID>
<StartDate>08/26/2021</StartDate>
<EndDate/>
<RoleCode>Co-Principal Investigator</RoleCode>
</Investigator>
<Institution>
<Name>University of Oklahoma Norman Campus</Name>
<CityName>NORMAN</CityName>
<ZipCode>730194039</ZipCode>
<PhoneNumber>4053254757</PhoneNumber>
<StreetAddress>1000 ASP AVE RM 105</StreetAddress>
<StreetAddress2/>
<CountryName>United States</CountryName>
<StateName>Oklahoma</StateName>
<StateCode>OK</StateCode>
<CONGRESSDISTRICT>04</CONGRESSDISTRICT>
<CONGRESS_DISTRICT_ORG>OK04</CONGRESS_DISTRICT_ORG>
<ORG_UEI_NUM>EVTSTTLCEWS5</ORG_UEI_NUM>
<ORG_LGL_BUS_NAME>UNIVERSITY OF OKLAHOMA</ORG_LGL_BUS_NAME>
<ORG_PRNT_UEI_NUM>Y74NRF365E33</ORG_PRNT_UEI_NUM>
</Institution>
<Performance_Institution>
<Name><![CDATA[University of Oklahoma]]></Name>
<CityName>Norman</CityName>
<StateCode>OK</StateCode>
<ZipCode>730191024</ZipCode>
<StreetAddress><![CDATA[101 Stephenson Pkwy]]></StreetAddress>
<CountryCode>US</CountryCode>
<CountryName>United States</CountryName>
<StateName>Oklahoma</StateName>
<CountryFlag>1</CountryFlag>
<CONGRESSDISTRICT>04</CONGRESSDISTRICT>
<CONGRESS_DISTRICT_PERF>OK04</CONGRESS_DISTRICT_PERF>
</Performance_Institution>
<ProgramElement>
<Code>6881</Code>
<Text>Chem Thry, Mdls &amp; Cmptnl Mthds</Text>
</ProgramElement>
<ProgramElement>
<Code>9150</Code>
<Text>EPSCoR Co-Funding</Text>
</ProgramElement>
<ProgramReference>
<Code>8084</Code>
<Text>CDS&amp;E</Text>
</ProgramReference>
<ProgramReference>
<Code>9150</Code>
<Text>EXP PROG TO STIM COMP RES</Text>
</ProgramReference>
<ProgramReference>
<Code>9216</Code>
<Text>ADVANCED SOFTWARE TECH &amp; ALGOR</Text>
</ProgramReference>
<ProgramReference>
<Code>9263</Code>
<Text>COMPUTATIONAL SCIENCE &amp; ENGING</Text>
</ProgramReference>
<Appropriation>
<Code>0121</Code>
<Name>NSF RESEARCH &amp; RELATED ACTIVIT</Name>
<APP_SYMB_ID>040100</APP_SYMB_ID>
</Appropriation>
<Fund>
<Code>01002122DB</Code>
<Name><![CDATA[NSF RESEARCH & RELATED ACTIVIT]]></Name>
<FUND_SYMB_ID>040100</FUND_SYMB_ID>
</Fund>
<FUND_OBLG>2021~444855</FUND_OBLG>
</Award>
</rootTag>
