<?xml version="1.0" encoding="UTF-8"?>
<rootTag>
<Award>
<AwardTitle>Collaborative Research: RUI: Zero-order to first-order: Hydrologic drivers of surface-subsurface storage dynamics in thawing permafrost landscapes</AwardTitle>
<AGENCY>NSF</AGENCY>
<AwardEffectiveDate>01/01/2022</AwardEffectiveDate>
<AwardExpirationDate>12/31/2024</AwardExpirationDate>
<AwardTotalIntnAmount>41833.00</AwardTotalIntnAmount>
<AwardAmount>41833</AwardAmount>
<AwardInstrument>
<Value>Standard Grant</Value>
</AwardInstrument>
<Organization>
<Code>06030109</Code>
<Directorate>
<Abbreviation>GEO</Abbreviation>
<LongName>Directorate For Geosciences</LongName>
</Directorate>
<Division>
<Abbreviation>EAR</Abbreviation>
<LongName>Division Of Earth Sciences</LongName>
</Division>
</Organization>
<ProgramOfficer>
<SignBlockName>Laura Lautz</SignBlockName>
<PO_EMAI>llautz@nsf.gov</PO_EMAI>
<PO_PHON>7032927775</PO_PHON>
</ProgramOfficer>
<AbstractNarration>This award is funded in whole or in part under the American Rescue Plan Act of 2021 (Public Law 117-2).&lt;br/&gt;&lt;br/&gt;Liquid water in the Arctic flows at or near the surface above frozen ground known as permafrost. As permafrost thaws, water flows along new paths, mobilizing previously frozen carbon. If permafrost soils thaw and dry, carbon is released three times more readily than if permafrost soils thaw and remain saturated, implying that water patterns partially control carbon release. Yet, the patterns or drivers of permafrost saturation and how they vary with climate remain poorly understood. This research will use field measurements, remote sensing, and modeling to investigate the dynamics, drivers, and sensitivity of hillslope saturation patterns on the North Slope of Alaska. Results will help to create an ‘H2cOld: Water in the Arctic’ traveling outreach activity for rural K-12 students and communities throughout the southern Appalachians and Idaho. The project will also train four undergraduate students and a graduate student for science careers.&lt;br/&gt;&lt;br/&gt;The hydrology of Arctic hillslopes underlain by continuous permafrost is largely controlled by water tracks, seasonally saturated zero-order features draining a third of the upland Arctic. Water tracks can rapidly degrade into thermoerosional gullies, the most common Arctic thermoerosional feature, altering seasonal saturation and fluxes of water, nutrients, and sediments. Although water tracks and thermoerosional gullies are the largest and most variable aquatic sources of permafrost carbon release, their saturation dynamics and how these dynamics change as permafrost thaws remain poorly understood. These two features are hypothesized to represent endmembers of the surface network extent of Arctic hillslope hydrology with distinct saturation patterns that are diverging as the climate warms. This research project will test this hypothesis in paired water tracks and thermoerosional gullies in northern Alaska via remote sensing and field campaigns to calibrate a water-energy transport model with variable saturation and freeze-thaw capabilities. Collectively, this work will improve predictions of saturation-controlled carbon release from the Arctic.&lt;br/&gt;&lt;br/&gt;This award reflects NSF's statutory mission and has been deemed worthy of support through evaluation using the Foundation's intellectual merit and broader impacts review criteria.</AbstractNarration>
<MinAmdLetterDate>07/19/2021</MinAmdLetterDate>
<MaxAmdLetterDate>07/19/2021</MaxAmdLetterDate>
<ARRAAmount/>
<TRAN_TYPE>Grant</TRAN_TYPE>
<CFDA_NUM>47.050</CFDA_NUM>
<NSF_PAR_USE_FLAG>1</NSF_PAR_USE_FLAG>
<FUND_AGCY_CODE>4900</FUND_AGCY_CODE>
<AWDG_AGCY_CODE>4900</AWDG_AGCY_CODE>
<AwardID>2102121</AwardID>
<Investigator>
<FirstName>Clara</FirstName>
<LastName>Chew</LastName>
<PI_MID_INIT>C</PI_MID_INIT>
<PI_SUFX_NAME/>
<PI_FULL_NAME>Clara C Chew</PI_FULL_NAME>
<EmailAddress>clarac@ucar.edu</EmailAddress>
<PI_PHON>3034971773</PI_PHON>
<NSF_ID>000828939</NSF_ID>
<StartDate>07/19/2021</StartDate>
<EndDate/>
<RoleCode>Principal Investigator</RoleCode>
</Investigator>
<Institution>
<Name>University Corporation For Atmospheric Res</Name>
<CityName>BOULDER</CityName>
<ZipCode>803012252</ZipCode>
<PhoneNumber>3034971000</PhoneNumber>
<StreetAddress>3090 CENTER GREEN DR</StreetAddress>
<StreetAddress2/>
<CountryName>United States</CountryName>
<StateName>Colorado</StateName>
<StateCode>CO</StateCode>
<CONGRESSDISTRICT>02</CONGRESSDISTRICT>
<CONGRESS_DISTRICT_ORG>CO02</CONGRESS_DISTRICT_ORG>
<ORG_UEI_NUM>YEZEE8W5JKA3</ORG_UEI_NUM>
<ORG_LGL_BUS_NAME>UNIVERSITY CORPORATION FOR ATMOSPHERIC RESEARCH</ORG_LGL_BUS_NAME>
<ORG_PRNT_UEI_NUM>YEZEE8W5JKA3</ORG_PRNT_UEI_NUM>
</Institution>
<Performance_Institution>
<Name><![CDATA[University Corporation For Atmospheric Res]]></Name>
<CityName>Boulder</CityName>
<StateCode>CO</StateCode>
<ZipCode>803010003</ZipCode>
<StreetAddress><![CDATA[3090 Center Green Drive]]></StreetAddress>
<CountryCode>US</CountryCode>
<CountryName>United States</CountryName>
<StateName>Colorado</StateName>
<CountryFlag>1</CountryFlag>
<CONGRESSDISTRICT>02</CONGRESSDISTRICT>
<CONGRESS_DISTRICT_PERF>CO02</CONGRESS_DISTRICT_PERF>
</Performance_Institution>
<ProgramElement>
<Code>7222</Code>
<Text>XC-Crosscutting Activities Pro</Text>
</ProgramElement>
<ProgramReference>
<Code>102Z</Code>
<Text>COVID-Disproportionate Impcts Inst-Indiv</Text>
</ProgramReference>
<ProgramReference>
<Code>116E</Code>
<Text>RESEARCH EXP FOR UNDERGRADS</Text>
</ProgramReference>
<Appropriation>
<Code>1V21</Code>
<Name>R&amp;RA ARP Act DEFC V</Name>
<APP_SYMB_ID>040100</APP_SYMB_ID>
</Appropriation>
<Fund>
<Code>010V2122DB</Code>
<Name><![CDATA[R&RA ARP Act DEFC V]]></Name>
<FUND_SYMB_ID>040100</FUND_SYMB_ID>
</Fund>
<FUND_OBLG>2021~41833</FUND_OBLG>
</Award>
</rootTag>
