<?xml version="1.0" encoding="UTF-8"?>
<rootTag>
<Award>
<AwardTitle><![CDATA[SBIR Phase II:  Development of a pad and sensor system for a dynamic scoliosis brace]]></AwardTitle>
<AGENCY>NSF</AGENCY>
<AwardEffectiveDate>09/01/2021</AwardEffectiveDate>
<AwardExpirationDate>02/28/2023</AwardExpirationDate>
<AwardTotalIntnAmount>965903.00</AwardTotalIntnAmount>
<AwardAmount>965903</AwardAmount>
<AwardInstrument>
<Value>Cooperative Agreement</Value>
</AwardInstrument>
<Organization>
<Code>15030000</Code>
<Directorate>
<Abbreviation>TIP</Abbreviation>
<LongName>Dir for Tech, Innovation, &amp; Partnerships</LongName>
</Directorate>
<Division>
<Abbreviation>TI</Abbreviation>
<LongName>Translational Impacts</LongName>
</Division>
</Organization>
<ProgramOfficer>
<SignBlockName>Henry Ahn</SignBlockName>
<PO_EMAI>hahn@nsf.gov</PO_EMAI>
<PO_PHON>7032927069</PO_PHON>
</ProgramOfficer>
<AbstractNarration><![CDATA[The broader impact/commercial potential of this Small Business Innovation Research (SBIR) Phase II project is to improve clinical care for scoliosis patients.  Scoliosis, a sideways curvature of the spine, affects 6-9 million individuals in the US, or 2-3% of the population, and has estimated healthcare costs of $3.5 billion by 2028. Current treatments for scoliosis include bracing and/or spinal surgery. Patients are often treated with a rigid thoracic scoliosis brace that does not typically provide curve correction. Compliance with wearing the brace can be challenging. The proposed technology is an intelligent, active brace that applies corrective forces to the spine via a dynamic, adjustable platform and reports compliance through its sensors. This personalized system may improve clinical outcomes at reduced cost. &lt;br/&gt;&lt;br/&gt;This Small Business Innovation Research Phase II project seeks to advance the development of an innovative scoliosis brace. The proposed system is designed to be comfortable to increase wear compliance by patients.  The brace has a dynamic mechanism that can be adjusted to provide continuous pressure, and will have Bluetooth-connected sensors allowing parents and physicians to ensure treatment quality.  The new technology will accommodate patient growth and curve correction while maintaining a precise fit, and may  lessen the social stigma of wearing a brace. In this Phase II proposal, functionality and durability of the smart pad and sensor system in a clinical setting will be verified, feedback from end users (orthotists, spine specialists, patients and families) on the mobile application and physician dashboard will be collected, and the system economics and fabrication will be optimized.&lt;br/&gt;&lt;br/&gt;This award reflects NSF's statutory mission and has been deemed worthy of support through evaluation using the Foundation's intellectual merit and broader impacts review criteria.]]></AbstractNarration>
<MinAmdLetterDate>08/19/2021</MinAmdLetterDate>
<MaxAmdLetterDate>08/19/2021</MaxAmdLetterDate>
<ARRAAmount/>
<TRAN_TYPE>CoopAgrmnt</TRAN_TYPE>
<CFDA_NUM>47.041</CFDA_NUM>
<NSF_PAR_USE_FLAG>1</NSF_PAR_USE_FLAG>
<FUND_AGCY_CODE>4900</FUND_AGCY_CODE>
<AWDG_AGCY_CODE>4900</AWDG_AGCY_CODE>
<AwardID>2102167</AwardID>
<Investigator>
<FirstName>Matthew</FirstName>
<LastName>Thompson</LastName>
<PI_MID_INIT/>
<PI_SUFX_NAME/>
<PI_FULL_NAME>Matthew Thompson</PI_FULL_NAME>
<EmailAddress><![CDATA[matt@greensunmedical.com]]></EmailAddress>
<NSF_ID>000803115</NSF_ID>
<StartDate>08/19/2021</StartDate>
<EndDate/>
<RoleCode>Principal Investigator</RoleCode>
</Investigator>
<Institution>
<Name>GREEN SUN MEDICAL, LLC</Name>
<CityName>FORT COLLINS</CityName>
<ZipCode>805212510</ZipCode>
<PhoneNumber>9708187090</PhoneNumber>
<StreetAddress>938 W MOUNTAIN AVE</StreetAddress>
<StreetAddress2/>
<CountryName>United States</CountryName>
<StateName>Colorado</StateName>
<StateCode>CO</StateCode>
<CONGRESSDISTRICT>02</CONGRESSDISTRICT>
<CONGRESS_DISTRICT_ORG>CO02</CONGRESS_DISTRICT_ORG>
<ORG_UEI_NUM>N3VNCGE4NZM5</ORG_UEI_NUM>
<ORG_LGL_BUS_NAME>GREEN SUN MEDICAL, LLC</ORG_LGL_BUS_NAME>
<ORG_PRNT_UEI_NUM>N3VNCGE4NZM5</ORG_PRNT_UEI_NUM>
</Institution>
<Performance_Institution>
<Name><![CDATA[Green Sun Medical LLC]]></Name>
<CityName>Fort Collins</CityName>
<StateCode>CO</StateCode>
<ZipCode>805242325</ZipCode>
<StreetAddress><![CDATA[320 East Vine Dr., Suite 216]]></StreetAddress>
<CountryCode>US</CountryCode>
<CountryName>United States</CountryName>
<StateName>Colorado</StateName>
<CountryFlag>1</CountryFlag>
<CONGRESSDISTRICT>02</CONGRESSDISTRICT>
<CONGRESS_DISTRICT_PERF>CO02</CONGRESS_DISTRICT_PERF>
</Performance_Institution>
<ProgramElement>
<Code>5373</Code>
<Text>SBIR Phase II</Text>
</ProgramElement>
<ProgramReference>
<Code>004E</Code>
<Text>BIOMEDICAL ENG AND DIAGNOSTICS</Text>
</ProgramReference>
<ProgramReference>
<Code>092E</Code>
<Text>Control systems &amp; applications</Text>
</ProgramReference>
<Appropriation>
<Code>0121</Code>
<Name>NSF RESEARCH &amp; RELATED ACTIVIT</Name>
<APP_SYMB_ID>040100</APP_SYMB_ID>
</Appropriation>
<Fund>
<Code>01002122DB</Code>
<Name><![CDATA[NSF RESEARCH & RELATED ACTIVIT]]></Name>
<FUND_SYMB_ID>040100</FUND_SYMB_ID>
</Fund>
<FUND_OBLG>2021~965903</FUND_OBLG>
</Award>
</rootTag>
